{"type":"FeatureCollection","features":[{"type":"Feature","properties":{"id":"11201011001002","commune":"Aysén","code":"11201","gse":"C3","quintil":"Q3","nse_score":702.1,"educ":11.6,"educ_score":573.3,"hacin":1.025,"hacin_class":"Hacinamiento Leve","hacin_score":845.7,"auto_score":261.9,"n_per":41,"n_hog":17,"source_year":2024},"geometry":{"type":"Polygon","coordinates":[[[-72.701767592,-45.4005634020568],[-72.7001829529999,-45.4027455270568],[-72.7037624029999,-45.4041173670568],[-72.7039612209999,-45.4036662110568],[-72.704177463,-45.4034706400568],[-72.7050566759999,-45.4030132760568],[-72.7060873209999,-45.4026730480568],[-72.7050801239999,-45.4030401450568],[-72.7040032849999,-45.4036771780568],[-72.7038545329999,-45.4040546910568],[-72.7031419769999,-45.4051321080568],[-72.7032639699999,-45.4053467150568],[-72.7027309009999,-45.4061005580568],[-72.7030619269999,-45.4062446610568],[-72.7033331179999,-45.4058701590568],[-72.7034823179999,-45.4052681550568],[-72.7043326639999,-45.4035228780568],[-72.7051528969999,-45.4030630330568],[-72.7066877399999,-45.4026727380568],[-72.7066647639999,-45.4025709640568],[-72.7059105879999,-45.4024015870568],[-72.7055053909999,-45.4025476680568],[-72.7055551399999,-45.4023489100568],[-72.7054327569999,-45.4022818230568],[-72.7044829929999,-45.4020512220568],[-72.701767592,-45.4005634020568]]]}},{"type":"Feature","properties":{"id":"11201011001003","commune":"Aysén","code":"11201","gse":"C2","quintil":"Q4","nse_score":735.8,"educ":11.8,"educ_score":586.7,"hacin":1.024,"hacin_class":"Hacinamiento Leve","hacin_score":845.9,"auto_score":210.5,"n_per":42,"n_hog":19,"source_year":2024},"geometry":{"type":"Polygon","coordinates":[[[-72.6965227449999,-45.4026156550568],[-72.6971032769999,-45.4019200260568],[-72.6956748359999,-45.4017471140568],[-72.6953235439999,-45.4021094120568],[-72.6965227449999,-45.4026156550568]]]}},{"type":"Feature","properties":{"id":"11201011001004","commune":"Aysén","code":"11201","gse":"C2","quintil":"Q4","nse_score":732.8,"educ":12.4,"educ_score":626.7,"hacin":1.16,"hacin_class":"Hacinamiento Leve","hacin_score":817.0,"auto_score":203.7,"n_per":58,"n_hog":25,"source_year":2024},"geometry":{"type":"Polygon","coordinates":[[[-72.6978515449999,-45.4031362880568],[-72.6986004119999,-45.4022396740568],[-72.6979391679999,-45.4019866600568],[-72.6971849669999,-45.4019688300568],[-72.6966766819999,-45.4026711570568],[-72.6978515449999,-45.4031362880568]]]}},{"type":"Feature","properties":{"id":"11201011001005","commune":"Aysén","code":"11201","gse":"C3","quintil":"Q2","nse_score":669.2,"educ":11.8,"educ_score":586.7,"hacin":1.21,"hacin_class":"Hacinamiento Leve","hacin_score":806.5,"auto_score":111.1,"n_per":75,"n_hog":27,"source_year":2024},"geometry":{"type":"Polygon","coordinates":[[[-72.6957791309999,-45.4035638150568],[-72.6964993159999,-45.4026823460568],[-72.6952486349999,-45.4022357520568],[-72.6945973119999,-45.4030945820568],[-72.6957791309999,-45.4035638150568]]]}},{"type":"Feature","properties":{"id":"11201011001007","commune":"Aysén","code":"11201","gse":"C3","quintil":"Q3","nse_score":691.2,"educ":11.7,"educ_score":580.0,"hacin":1.052,"hacin_class":"Hacinamiento Leve","hacin_score":840.1,"auto_score":107.1,"n_per":61,"n_hog":25,"source_year":2024},"geometry":{"type":"Polygon","coordinates":[[[-72.6971372979999,-45.4040879950568],[-72.6978384759999,-45.4032051460568],[-72.6966182879999,-45.4027465410568],[-72.6959545429999,-45.4036179900568],[-72.6971372979999,-45.4040879950568]]]}},{"type":"Feature","properties":{"id":"11201011001008","commune":"Aysén","code":"11201","gse":"C2","quintil":"Q4","nse_score":739.4,"educ":12.4,"educ_score":626.7,"hacin":1.161,"hacin_class":"Hacinamiento Leve","hacin_score":816.7,"auto_score":203.1,"n_per":72,"n_hog":30,"source_year":2024},"geometry":{"type":"Polygon","coordinates":[[[-72.7005652819999,-45.4041734300568],[-72.7012903729999,-45.4032675990568],[-72.7000710489999,-45.4028163360568],[-72.6993764779999,-45.4036981440568],[-72.7005652819999,-45.4041734300568]]]}},{"type":"Feature","properties":{"id":"11201011001009","commune":"Aysén","code":"11201","gse":"C3","quintil":"Q3","nse_score":685.9,"educ":13.0,"educ_score":666.7,"hacin":1.217,"hacin_class":"Hacinamiento Leve","hacin_score":805.0,"auto_score":41.7,"n_per":73,"n_hog":37,"source_year":2024},"geometry":{"type":"Polygon","coordinates":[[[-72.6938764909999,-45.4040213400568],[-72.6950984269999,-45.4045208010568],[-72.6953224019999,-45.4042244910568],[-72.6949098089999,-45.4040295510568],[-72.6953724059999,-45.4041938110568],[-72.695752448,-45.4036674660568],[-72.6945317159999,-45.4031950030568],[-72.6938764909999,-45.4040213400568]]]}},{"type":"Feature","properties":{"id":"11201011001011","commune":"Aysén","code":"11201","gse":"C3","quintil":"Q3","nse_score":686.5,"educ":10.5,"educ_score":500.0,"hacin":0.939,"hacin_class":"Sin Hacinamiento","hacin_score":864.1,"auto_score":90.9,"n_per":46,"n_hog":20,"source_year":2024},"geometry":{"type":"Polygon","coordinates":[[[-72.7019273589999,-45.4046962960568],[-72.7026353229999,-45.4037825970568],[-72.7014041429999,-45.4033303980568],[-72.7007177239999,-45.4042185020568],[-72.7019273589999,-45.4046962960568]]]}},{"type":"Feature","properties":{"id":"11201011001012","commune":"Aysén","code":"11201","gse":"C2","quintil":"Q4","nse_score":740.4,"educ":12.9,"educ_score":660.0,"hacin":1.273,"hacin_class":"Hacinamiento Leve","hacin_score":793.0,"auto_score":115.4,"n_per":28,"n_hog":12,"source_year":2024},"geometry":{"type":"Polygon","coordinates":[[[-72.6963880209999,-45.4050207740568],[-72.6971039729999,-45.4041667690568],[-72.695870898,-45.4037105730568],[-72.6952190849999,-45.4045703400568],[-72.6963880209999,-45.4050207740568]]]}},{"type":"Feature","properties":{"id":"11201011001013","commune":"Aysén","code":"11201","gse":"C1","quintil":"Q5","nse_score":757.3,"educ":14.5,"educ_score":766.7,"hacin":1.297,"hacin_class":"Hacinamiento Leve","hacin_score":787.8,"auto_score":53.6,"n_per":48,"n_hog":25,"source_year":2024},"geometry":{"type":"Polygon","coordinates":[[[-72.6998231839999,-45.4051141810568],[-72.7005345259999,-45.4042488350568],[-72.6993035049999,-45.4037759390568],[-72.6986528069999,-45.4046528610568],[-72.6998231839999,-45.4051141810568]]]}},{"type":"Feature","properties":{"id":"11201011001014","commune":"Aysén","code":"11201","gse":"C3","quintil":"Q3","nse_score":695.3,"educ":11.1,"educ_score":540.0,"hacin":1.062,"hacin_class":"Hacinamiento Leve","hacin_score":837.8,"auto_score":140.0,"n_per":51,"n_hog":22,"source_year":2024},"geometry":{"type":"Polygon","coordinates":[[[-72.7021071919999,-45.4047662660568],[-72.7030983779999,-45.4051471490568],[-72.7037336339999,-45.4041622790568],[-72.7027383129999,-45.4038354820568],[-72.7021071919999,-45.4047662660568]]]}},{"type":"Feature","properties":{"id":"11201011001015","commune":"Aysén","code":"11201","gse":"C2","quintil":"Q3","nse_score":708.3,"educ":12.3,"educ_score":620.0,"hacin":1.0,"hacin_class":"Hacinamiento Leve","hacin_score":851.1,"auto_score":50.0,"n_per":37,"n_hog":19,"source_year":2024},"geometry":{"type":"Polygon","coordinates":[[[-72.6932029469999,-45.4050397520568],[-72.6940787999999,-45.4053644360568],[-72.6943303779999,-45.4051654750568],[-72.694627351,-45.4051588490568],[-72.6949990199999,-45.4046266660568],[-72.6938088779999,-45.4041387460568],[-72.6932029469999,-45.4050397520568]]]}},{"type":"Feature","properties":{"id":"11201011001016","commune":"Aysén","code":"11201","gse":"ABC1","quintil":"Q5","nse_score":797.2,"educ":13.8,"educ_score":720.0,"hacin":1.0,"hacin_class":"Hacinamiento Leve","hacin_score":851.1,"auto_score":76.9,"n_per":27,"n_hog":12,"source_year":2024},"geometry":{"type":"Polygon","coordinates":[[[-72.6977775219999,-45.4055517630568],[-72.6984714229999,-45.4046915500568],[-72.6972145929999,-45.4042290170568],[-72.6965685279999,-45.4050855810568],[-72.6977775219999,-45.4055517630568]]]}},{"type":"Feature","properties":{"id":"11201011001017","commune":"Aysén","code":"11201","gse":"ABC1","quintil":"Q5","nse_score":800.0,"educ":15.0,"educ_score":800.0,"hacin":1.091,"hacin_class":"Hacinamiento Leve","hacin_score":831.7,"auto_score":43.5,"n_per":36,"n_hog":20,"source_year":2024},"geometry":{"type":"Polygon","coordinates":[[[-72.701187247,-45.4056358190568],[-72.701908451,-45.4047657190568],[-72.7006437469999,-45.4042956440568],[-72.6999958279999,-45.4051621150568],[-72.701187247,-45.4056358190568]]]}},{"type":"Feature","properties":{"id":"11201011001019","commune":"Aysén","code":"11201","gse":"ABC1","quintil":"Q5","nse_score":795.3,"educ":14.2,"educ_score":746.7,"hacin":0.98,"hacin_class":"Sin Hacinamiento","hacin_score":855.4,"auto_score":40.0,"n_per":48,"n_hog":22,"source_year":2024},"geometry":{"type":"Polygon","coordinates":[[[-72.6991092499999,-45.4060468680568],[-72.6998096559999,-45.4052055900568],[-72.6985708269999,-45.4047413990568],[-72.6979341599999,-45.4056000200568],[-72.6991092499999,-45.4060468680568]]]}},{"type":"Feature","properties":{"id":"11201011001021","commune":"Aysén","code":"11201","gse":"C2","quintil":"Q4","nse_score":731.4,"educ":10.8,"educ_score":520.0,"hacin":1.5,"hacin_class":"Hacinamiento Medio","hacin_score":744.7,"auto_score":0.0,"n_per":12,"n_hog":4,"source_year":2024},"geometry":{"type":"Polygon","coordinates":[[[-72.6925455399999,-45.4058411140568],[-72.6935350319999,-45.4060501680568],[-72.6940000909999,-45.4054696140568],[-72.6930932039999,-45.4051084740568],[-72.6925455399999,-45.4058411140568]]]}},{"type":"Feature","properties":{"id":"11201011001023","commune":"Aysén","code":"11201","gse":"C1","quintil":"Q5","nse_score":766.4,"educ":13.3,"educ_score":686.7,"hacin":1.0,"hacin_class":"Hacinamiento Leve","hacin_score":851.1,"auto_score":90.9,"n_per":26,"n_hog":11,"source_year":2024},"geometry":{"type":"Polygon","coordinates":[[[-72.7004797129999,-45.4065831230568],[-72.701155276,-45.4057272730568],[-72.699903833,-45.4052546680568],[-72.6992893279999,-45.4061000840568],[-72.7004797129999,-45.4065831230568]]]}},{"type":"Feature","properties":{"id":"11201011001025","commune":"Aysén","code":"11201","gse":"ABC1","quintil":"Q5","nse_score":793.8,"educ":14.5,"educ_score":766.7,"hacin":1.286,"hacin_class":"Hacinamiento Leve","hacin_score":790.3,"auto_score":200.0,"n_per":27,"n_hog":10,"source_year":2024},"geometry":{"type":"Polygon","coordinates":[[[-72.7018161929999,-45.4070966570568],[-72.7024867919999,-45.4062307380568],[-72.7012742639999,-45.4057873030568],[-72.7006292639999,-45.4066305510568],[-72.7018161929999,-45.4070966570568]]]}},{"type":"Feature","properties":{"id":"11201011001026","commune":"Aysén","code":"11201","gse":"ABC1","quintil":"Q5","nse_score":797.0,"educ":14.4,"educ_score":760.0,"hacin":1.192,"hacin_class":"Hacinamiento Leve","hacin_score":810.1,"auto_score":464.3,"n_per":31,"n_hog":14,"source_year":2024},"geometry":{"type":"Polygon","coordinates":[[[-72.6922339969999,-45.4066592360568],[-72.6918799669999,-45.4067279270568],[-72.6931930669999,-45.4075001090568],[-72.6949312199999,-45.4088064120568],[-72.6974993729999,-45.4111703940568],[-72.6984886199999,-45.4115077970568],[-72.6976650389999,-45.4096805600568],[-72.6967309639999,-45.4082158650568],[-72.695471961,-45.4073819680568],[-72.6947176469999,-45.4070668220568],[-72.6951583769999,-45.4070602080568],[-72.6961843599999,-45.4075608830568],[-72.6965839779999,-45.4070101270568],[-72.694469109,-45.4063411510568],[-72.6922889299999,-45.4058769820568],[-72.6921061169999,-45.4062292230568],[-72.6922339969999,-45.4066592360568]]]}},{"type":"Feature","properties":{"id":"11201011001027","commune":"Aysén","code":"11201","gse":"D","quintil":"Q2","nse_score":658.4,"educ":11.4,"educ_score":560.0,"hacin":1.087,"hacin_class":"Hacinamiento Leve","hacin_score":832.6,"auto_score":115.4,"n_per":25,"n_hog":10,"source_year":2024},"geometry":{"type":"Polygon","coordinates":[[[-72.7054015079999,-45.4141804310568],[-72.7034748379999,-45.4114943800568],[-72.7035077809999,-45.4111095610568],[-72.7030219439999,-45.4106019380568],[-72.7026566359999,-45.4097471770568],[-72.7025504349999,-45.4089309680568],[-72.7030543049999,-45.4065164620568],[-72.7029516919999,-45.4062511220568],[-72.7027053679999,-45.4061366120568],[-72.7028672539999,-45.4063239070568],[-72.7021651609999,-45.4084844790568],[-72.7022404479999,-45.4091811290568],[-72.70240931,-45.4093944080568],[-72.7028953369999,-45.4115312710568],[-72.7029088549999,-45.4120316820568],[-72.70352564,-45.4125085060568],[-72.7039367119999,-45.4135765940568],[-72.7044146189999,-45.4142751610568],[-72.7047778029999,-45.4143226430568],[-72.7052830919999,-45.4141469710568],[-72.7047987159999,-45.4143696720568],[-72.7043588559999,-45.4142997550568],[-72.7038716119999,-45.4136184520568],[-72.7034717029999,-45.4125357030568],[-72.7027030119999,-45.4142088480568],[-72.7029076549999,-45.4143834260568],[-72.7032613179999,-45.4144432240568],[-72.7033148739999,-45.4146574860568],[-72.7040161199999,-45.4147366180568],[-72.7044192839999,-45.4146619890568],[-72.7045284799999,-45.4145038850568],[-72.7049233679999,-45.4145428500568],[-72.7054015079999,-45.4141804310568]]]}},{"type":"Feature","properties":{"id":"11201011001028","commune":"Aysén","code":"11201","gse":"C3","quintil":"Q3","nse_score":694.5,"educ":12.5,"educ_score":633.3,"hacin":1.417,"hacin_class":"Hacinamiento Leve","hacin_score":762.4,"auto_score":125.0,"n_per":17,"n_hog":6,"source_year":2024},"geometry":{"type":"Polygon","coordinates":[[[-72.6997329479999,-45.4075314130568],[-72.7004085029999,-45.4066856230568],[-72.6991798829999,-45.4062118130568],[-72.6985498969999,-45.4070625050568],[-72.6997329479999,-45.4075314130568]]]}},{"type":"Feature","properties":{"id":"11201011001030","commune":"Aysén","code":"11201","gse":"C2","quintil":"Q3","nse_score":706.6,"educ":11.8,"educ_score":586.7,"hacin":1.21,"hacin_class":"Hacinamiento Leve","hacin_score":806.3,"auto_score":200.0,"n_per":23,"n_hog":9,"source_year":2024},"geometry":{"type":"Polygon","coordinates":[[[-72.7023861119999,-45.4073043500568],[-72.7026970019999,-45.4068120610568],[-72.7028017999999,-45.4063588900568],[-72.7026674949999,-45.4062759990568],[-72.7019543129999,-45.4070903370568],[-72.7023861119999,-45.4073043500568]]]}},{"type":"Feature","properties":{"id":"11201011001032","commune":"Aysén","code":"11201","gse":"C2","quintil":"Q4","nse_score":733.7,"educ":13.4,"educ_score":693.3,"hacin":1.214,"hacin_class":"Hacinamiento Leve","hacin_score":805.5,"auto_score":132.4,"n_per":68,"n_hog":29,"source_year":2024},"geometry":{"type":"Polygon","coordinates":[[[-72.6998930939999,-45.4075560280568],[-72.7011364249999,-45.4080328220568],[-72.7017621059999,-45.4071983130568],[-72.7005048509999,-45.4067681940568],[-72.6998930939999,-45.4075560280568]]]}},{"type":"Feature","properties":{"id":"11201011001034","commune":"Aysén","code":"11201","gse":"C1","quintil":"Q5","nse_score":791.0,"educ":13.7,"educ_score":713.3,"hacin":1.277,"hacin_class":"Hacinamiento Leve","hacin_score":792.1,"auto_score":370.0,"n_per":129,"n_hog":48,"source_year":2024},"geometry":{"type":"Polygon","coordinates":[[[-72.6986663359999,-45.4116544790568],[-72.7010018389999,-45.4137201940568],[-72.70142863,-45.4133782690568],[-72.7010613499999,-45.4135577130568],[-72.6999888149999,-45.4125827380568],[-72.7018035009999,-45.4123458390568],[-72.7019007779999,-45.4118625390568],[-72.7002518349999,-45.4120270050568],[-72.6997589169999,-45.4115161270568],[-72.6990175279999,-45.4115478690568],[-72.702035614,-45.4110525300568],[-72.7019653909999,-45.4108040240568],[-72.7015926099999,-45.4105122140568],[-72.6987317769999,-45.4107061390568],[-72.6985326379999,-45.4103301660568],[-72.6987591839999,-45.4106548500568],[-72.699175195,-45.4105490890568],[-72.7000931669999,-45.4093440640568],[-72.6990908649999,-45.4086178740568],[-72.6982806689999,-45.4095019830568],[-72.6989961279999,-45.4084766690568],[-72.6980044239999,-45.4076964050568],[-72.6975267309999,-45.4082954400568],[-72.6977751809999,-45.4084836030568],[-72.6978503289999,-45.4086890430568],[-72.6974750679999,-45.4082959240568],[-72.6979722929999,-45.4076723940568],[-72.6973891799999,-45.4072610580568],[-72.6967903759999,-45.4071002850568],[-72.6963274599999,-45.4076434230568],[-72.6970144439999,-45.4081732300568],[-72.6978267619999,-45.4094099660568],[-72.6984179029999,-45.4105801850568],[-72.6986663359999,-45.4116544790568]]]}},{"type":"Feature","properties":{"id":"11201011001035","commune":"Aysén","code":"11201","gse":"C1","quintil":"Q5","nse_score":754.0,"educ":14.2,"educ_score":746.7,"hacin":1.0,"hacin_class":"Hacinamiento Leve","hacin_score":851.1,"auto_score":166.7,"n_per":22,"n_hog":9,"source_year":2024},"geometry":{"type":"Polygon","coordinates":[[[-72.6994205609999,-45.4074840710568],[-72.6991600509999,-45.4077504980568],[-72.6993200139999,-45.4074447670568],[-72.6985022299999,-45.4071444590568],[-72.6981229919999,-45.4075825240568],[-72.6991335769999,-45.4083655980568],[-72.6996996809999,-45.4076607220568],[-72.6994205609999,-45.4074840710568]]]}},{"type":"Feature","properties":{"id":"11201011001036","commune":"Aysén","code":"11201","gse":"ABC1","quintil":"Q5","nse_score":835.6,"educ":14.8,"educ_score":786.7,"hacin":1.226,"hacin_class":"Hacinamiento Leve","hacin_score":803.0,"auto_score":400.0,"n_per":38,"n_hog":14,"source_year":2024},"geometry":{"type":"Polygon","coordinates":[[[-72.7020002279999,-45.4083811170568],[-72.7023641309999,-45.4074420410568],[-72.7018774859999,-45.4072386030568],[-72.7012238039999,-45.4080702130568],[-72.7020002279999,-45.4083811170568]]]}},{"type":"Feature","properties":{"id":"11201011001037","commune":"Aysén","code":"11201","gse":"ABC1","quintil":"Q5","nse_score":814.7,"educ":14.9,"educ_score":793.3,"hacin":1.263,"hacin_class":"Hacinamiento Leve","hacin_score":795.1,"auto_score":382.4,"n_per":48,"n_hog":17,"source_year":2024},"geometry":{"type":"Polygon","coordinates":[[[-72.7005594399999,-45.4087902970568],[-72.7000637669999,-45.4085979380568],[-72.7006027569999,-45.4087338640568],[-72.7010459499999,-45.4081181600568],[-72.6998904879999,-45.4076684500568],[-72.6992118809999,-45.4084208360568],[-72.7001719789999,-45.4092100360568],[-72.7005594399999,-45.4087902970568]]]}},{"type":"Feature","properties":{"id":"11201011001039","commune":"Aysén","code":"11201","gse":"ABC1","quintil":"Q5","nse_score":828.4,"educ":14.6,"educ_score":773.3,"hacin":1.207,"hacin_class":"Hacinamiento Leve","hacin_score":807.0,"auto_score":307.7,"n_per":35,"n_hog":13,"source_year":2024},"geometry":{"type":"Polygon","coordinates":[[[-72.700715897,-45.4096280930568],[-72.7021315129999,-45.4092510760568],[-72.7020510409999,-45.4084953370568],[-72.7011214369999,-45.4081812450568],[-72.7003028779999,-45.4092346030568],[-72.700715897,-45.4096280930568]]]}},{"type":"Feature","properties":{"id":"11201011001042","commune":"Aysén","code":"11201","gse":"C2","quintil":"Q4","nse_score":735.3,"educ":13.4,"educ_score":693.3,"hacin":1.062,"hacin_class":"Hacinamiento Leve","hacin_score":837.8,"auto_score":233.3,"n_per":34,"n_hog":14,"source_year":2024},"geometry":{"type":"Polygon","coordinates":[[[-72.7021848129999,-45.4110888930568],[-72.7025972549999,-45.4110172070568],[-72.7026491029999,-45.4107163230568],[-72.7023351259999,-45.4093675260568],[-72.700816744,-45.4096978420568],[-72.7019850679999,-45.4107074900568],[-72.7021848129999,-45.4110888930568]]]}},{"type":"Feature","properties":{"id":"11201011001043","commune":"Aysén","code":"11201","gse":"C3","quintil":"Q3","nse_score":695.4,"educ":12.9,"educ_score":660.0,"hacin":1.375,"hacin_class":"Hacinamiento Leve","hacin_score":771.3,"auto_score":214.3,"n_per":22,"n_hog":7,"source_year":2024},"geometry":{"type":"Polygon","coordinates":[[[-72.6993908339999,-45.4106054680568],[-72.7014112669999,-45.4104923270568],[-72.7014814039999,-45.4104378110568],[-72.7001981689999,-45.4094479800568],[-72.6992983469999,-45.4105030560568],[-72.6993908339999,-45.4106054680568]]]}},{"type":"Feature","properties":{"id":"11201011001044","commune":"Aysén","code":"11201","gse":"C2","quintil":"Q4","nse_score":742.8,"educ":11.3,"educ_score":553.3,"hacin":1.182,"hacin_class":"Hacinamiento Leve","hacin_score":812.4,"auto_score":388.9,"n_per":26,"n_hog":9,"source_year":2024},"geometry":{"type":"Polygon","coordinates":[[[-72.7027090149999,-45.4118720350568],[-72.7028308989999,-45.4115872210568],[-72.7026824319999,-45.4111460460568],[-72.7021431909999,-45.4111843820568],[-72.7020318759999,-45.4117763420568],[-72.7027090149999,-45.4118720350568]]]}},{"type":"Feature","properties":{"id":"11201011001045","commune":"Aysén","code":"11201","gse":"C2","quintil":"Q4","nse_score":737.6,"educ":11.3,"educ_score":553.3,"hacin":1.194,"hacin_class":"Hacinamiento Leve","hacin_score":809.7,"auto_score":66.7,"n_per":43,"n_hog":15,"source_year":2024},"geometry":{"type":"Polygon","coordinates":[[[-72.7002758089999,-45.4119788660568],[-72.7018645409999,-45.4118023690568],[-72.7020137739999,-45.4112444490568],[-72.6999044549999,-45.4114923900568],[-72.7002758089999,-45.4119788660568]]]}},{"type":"Feature","properties":{"id":"11201011001046","commune":"Aysén","code":"11201","gse":"C2","quintil":"Q4","nse_score":734.4,"educ":12.8,"educ_score":653.3,"hacin":0.931,"hacin_class":"Sin Hacinamiento","hacin_score":865.7,"auto_score":300.0,"n_per":27,"n_hog":13,"source_year":2024},"geometry":{"type":"Polygon","coordinates":[[[-72.7024997149999,-45.4128662350568],[-72.7027963389999,-45.4119711420568],[-72.7020221269999,-45.4118842930568],[-72.7018159839999,-45.4127675460568],[-72.7024997149999,-45.4128662350568]]]}},{"type":"Feature","properties":{"id":"11201011001047","commune":"Aysén","code":"11201","gse":"C3","quintil":"Q3","nse_score":679.0,"educ":10.5,"educ_score":500.0,"hacin":0.966,"hacin_class":"Sin Hacinamiento","hacin_score":858.4,"auto_score":250.0,"n_per":28,"n_hog":13,"source_year":2024},"geometry":{"type":"Polygon","coordinates":[[[-72.7026632059999,-45.4128526590568],[-72.7032854699999,-45.4128703290568],[-72.7033392439999,-45.4123741830568],[-72.7028332969999,-45.4121097390568],[-72.7026632059999,-45.4128526590568]]]}},{"type":"Feature","properties":{"id":"11201011001048","commune":"Aysén","code":"11201","gse":"C3","quintil":"Q2","nse_score":669.1,"educ":10.9,"educ_score":526.7,"hacin":1.213,"hacin_class":"Hacinamiento Leve","hacin_score":805.7,"auto_score":316.7,"n_per":74,"n_hog":28,"source_year":2024},"geometry":{"type":"Polygon","coordinates":[[[-72.700181487,-45.4126205150568],[-72.7006341039999,-45.4131173010568],[-72.7008113669999,-45.4129469770568],[-72.7010660779999,-45.4130737880568],[-72.7008223709999,-45.4129924520568],[-72.700661781,-45.4131403850568],[-72.7011295199999,-45.4134801260568],[-72.7016186259999,-45.4132039650568],[-72.7018074209999,-45.4124575560568],[-72.700181487,-45.4126205150568]]]}},{"type":"Feature","properties":{"id":"11201011001049","commune":"Aysén","code":"11201","gse":"C2","quintil":"Q4","nse_score":732.2,"educ":11.3,"educ_score":553.3,"hacin":0.816,"hacin_class":"Sin Hacinamiento","hacin_score":890.3,"auto_score":375.0,"n_per":31,"n_hog":16,"source_year":2024},"geometry":{"type":"Polygon","coordinates":[[[-72.7022510119999,-45.4138038800568],[-72.7024642189999,-45.4129598720568],[-72.7018097049999,-45.4128789580568],[-72.7016707209999,-45.4133103580568],[-72.7022510119999,-45.4138038800568]]]}},{"type":"Feature","properties":{"id":"11201011001050","commune":"Aysén","code":"11201","gse":"C3","quintil":"Q3","nse_score":680.7,"educ":11.0,"educ_score":533.3,"hacin":1.359,"hacin_class":"Hacinamiento Leve","hacin_score":774.7,"auto_score":275.0,"n_per":53,"n_hog":20,"source_year":2024},"geometry":{"type":"Polygon","coordinates":[[[-72.7026868389999,-45.4141532700568],[-72.7032195979999,-45.4130640390568],[-72.7031821109999,-45.4129930100568],[-72.7025424439999,-45.4129849890568],[-72.7023695889999,-45.4138930430568],[-72.7026868389999,-45.4141532700568]]]}},{"type":"Feature","properties":{"id":"11201011001051","commune":"Aysén","code":"11201","gse":"ABC1","quintil":"Q5","nse_score":899.4,"educ":16.2,"educ_score":880.0,"hacin":1.125,"hacin_class":"Hacinamiento Leve","hacin_score":824.5,"auto_score":666.7,"n_per":18,"n_hog":6,"source_year":2024},"geometry":{"type":"Polygon","coordinates":[[[-72.7021796049999,-45.4143997510568],[-72.7032585609999,-45.4146482960568],[-72.7032194999999,-45.4144710010568],[-72.7028747979999,-45.4144173090568],[-72.7016407649999,-45.4133874970568],[-72.7010519729999,-45.4137695460568],[-72.7021796049999,-45.4143997510568]]]}},{"type":"Feature","properties":{"id":"11201011001018","commune":"Aysén","code":"11201","gse":"C1","quintil":"Q5","nse_score":773.5,"educ":13.4,"educ_score":693.3,"hacin":1.3,"hacin_class":"Hacinamiento Leve","hacin_score":787.2,"auto_score":300.0,"n_per":13,"n_hog":5,"source_year":2024},"geometry":{"type":"MultiPolygon","coordinates":[[[[-72.6966863159999,-45.4068811650568],[-72.6969406119999,-45.4066742730568],[-72.696907946,-45.4065176840568],[-72.6945209649999,-45.4052506360568],[-72.694307266,-45.4052863800568],[-72.6937137049999,-45.4060069290568],[-72.6938031559999,-45.4061236730568],[-72.6966863159999,-45.4068811650568]]],[[[-72.6970544239999,-45.4064671930568],[-72.6977015339999,-45.4057165360568],[-72.6976746629999,-45.4056069730568],[-72.6952153429999,-45.4046606900568],[-72.6947228609999,-45.4051778840568],[-72.6970544239999,-45.4064671930568]]]]}},{"type":"Feature","properties":{"id":"11201011001001","commune":"Aysén","code":"11201","gse":"D","quintil":"Q2","nse_score":647.8,"educ":10.2,"educ_score":480.0,"hacin":1.167,"hacin_class":"Hacinamiento Leve","hacin_score":815.6,"auto_score":166.7,"n_per":42,"n_hog":16,"source_year":2024},"geometry":{"type":"MultiPolygon","coordinates":[[[[-72.698043562,-45.4032032680568],[-72.699269463,-45.4036484550568],[-72.6999499379999,-45.4027347640568],[-72.6986772839999,-45.4022965010568],[-72.698043562,-45.4032032680568]]],[[[-72.6980085819999,-45.4001641640568],[-72.6963783399999,-45.4006153570568],[-72.6955912259999,-45.4016818540568],[-72.6979813669999,-45.4019613690568],[-72.7000163999999,-45.4026644900568],[-72.7017097869999,-45.4005257250568],[-72.7012627079999,-45.4003296140568],[-72.6999344409999,-45.4001794810568],[-72.6980085819999,-45.4001641640568]]]]}},{"type":"Feature","properties":{"id":"11201011002001","commune":"Aysén","code":"11201","gse":"C3","quintil":"Q3","nse_score":687.5,"educ":11.6,"educ_score":573.3,"hacin":1.17,"hacin_class":"Hacinamiento Leve","hacin_score":814.9,"auto_score":260.3,"n_per":172,"n_hog":69,"source_year":2024},"geometry":{"type":"Polygon","coordinates":[[[-72.6880398529999,-45.3928654400568],[-72.6838314369999,-45.3976885180568],[-72.6838302959999,-45.3977981480568],[-72.6848355429999,-45.3981510390568],[-72.6853084909999,-45.3975714690568],[-72.6850639379999,-45.3973936450568],[-72.6850698629999,-45.3972611010568],[-72.6876495059999,-45.3941232380568],[-72.6873223119999,-45.3939754940568],[-72.6877352489999,-45.3940200740568],[-72.6885490849999,-45.3930726960568],[-72.6880398529999,-45.3928654400568]]]}},{"type":"Feature","properties":{"id":"11201011002002","commune":"Aysén","code":"11201","gse":"D","quintil":"Q2","nse_score":658.7,"educ":10.7,"educ_score":513.3,"hacin":1.208,"hacin_class":"Hacinamiento Leve","hacin_score":806.8,"auto_score":226.4,"n_per":122,"n_hog":47,"source_year":2024},"geometry":{"type":"Polygon","coordinates":[[[-72.6886152349999,-45.3930933610568],[-72.6871421139999,-45.3948775260568],[-72.687488878,-45.3950358390568],[-72.688750835,-45.3947803040568],[-72.6889679779999,-45.3930893120568],[-72.6886152349999,-45.3930933610568]]]}},{"type":"Feature","properties":{"id":"11201011002004","commune":"Aysén","code":"11201","gse":"D","quintil":"Q1","nse_score":630.2,"educ":9.1,"educ_score":406.7,"hacin":1.098,"hacin_class":"Hacinamiento Leve","hacin_score":830.1,"auto_score":148.1,"n_per":67,"n_hog":25,"source_year":2024},"geometry":{"type":"Polygon","coordinates":[[[-72.6895271079999,-45.3949141710568],[-72.6903909849999,-45.3935407830568],[-72.6892266539999,-45.3931635500568],[-72.6890386029999,-45.3947494780568],[-72.6895271079999,-45.3949141710568]]]}},{"type":"Feature","properties":{"id":"11201011002005","commune":"Aysén","code":"11201","gse":"E","quintil":"Q1","nse_score":580.1,"educ":9.6,"educ_score":440.0,"hacin":1.588,"hacin_class":"Hacinamiento Medio","hacin_score":725.9,"auto_score":204.5,"n_per":54,"n_hog":18,"source_year":2024},"geometry":{"type":"Polygon","coordinates":[[[-72.6896511649999,-45.3948976290568],[-72.6900454489999,-45.3950103990568],[-72.6911584099999,-45.3937456460568],[-72.6904497029999,-45.3935514980568],[-72.6896511649999,-45.3948976290568]]]}},{"type":"Feature","properties":{"id":"11201011002006","commune":"Aysén","code":"11201","gse":"D","quintil":"Q1","nse_score":638.3,"educ":9.6,"educ_score":440.0,"hacin":1.095,"hacin_class":"Hacinamiento Leve","hacin_score":830.9,"auto_score":173.9,"n_per":81,"n_hog":44,"source_year":2024},"geometry":{"type":"Polygon","coordinates":[[[-72.6895060489999,-45.3960422380568],[-72.6908430869999,-45.3949991080568],[-72.6916577949999,-45.3939175670568],[-72.6912367739999,-45.3938038470568],[-72.690083538,-45.3950635540568],[-72.689017255,-45.3949053270568],[-72.6889100529999,-45.3959346640568],[-72.6895060489999,-45.3960422380568]]]}},{"type":"Feature","properties":{"id":"11201011002008","commune":"Aysén","code":"11201","gse":"D","quintil":"Q2","nse_score":653.6,"educ":11.2,"educ_score":546.7,"hacin":1.2,"hacin_class":"Hacinamiento Leve","hacin_score":808.5,"auto_score":115.4,"n_per":30,"n_hog":13,"source_year":2024},"geometry":{"type":"Polygon","coordinates":[[[-72.6878455499999,-45.3964611270568],[-72.6886976889999,-45.3954948490568],[-72.6887455429999,-45.3948568810568],[-72.6875283609999,-45.3950886030568],[-72.6870516859999,-45.3949448510568],[-72.6864103219999,-45.3957961560568],[-72.6878455499999,-45.3964611270568]]]}},{"type":"Feature","properties":{"id":"11201011002011","commune":"Aysén","code":"11201","gse":"D","quintil":"Q2","nse_score":658.4,"educ":10.7,"educ_score":513.3,"hacin":1.191,"hacin_class":"Hacinamiento Leve","hacin_score":810.4,"auto_score":187.5,"n_per":81,"n_hog":38,"source_year":2024},"geometry":{"type":"Polygon","coordinates":[[[-72.6877932809999,-45.3965290960568],[-72.6863523009999,-45.3958817860568],[-72.6857858299999,-45.3965389130568],[-72.6872480829999,-45.3971635190568],[-72.6877932809999,-45.3965290960568]]]}},{"type":"Feature","properties":{"id":"11201011002012","commune":"Aysén","code":"11201","gse":"E","quintil":"Q1","nse_score":603.2,"educ":12.0,"educ_score":600.0,"hacin":1.19,"hacin_class":"Hacinamiento Leve","hacin_score":810.5,"auto_score":250.0,"n_per":50,"n_hog":20,"source_year":2024},"geometry":{"type":"Polygon","coordinates":[[[-72.6884692719999,-45.3973037610568],[-72.6886597309999,-45.3960158250568],[-72.6884501899999,-45.3959523760568],[-72.6873334579999,-45.3972035930568],[-72.6884692719999,-45.3973037610568]]]}},{"type":"Feature","properties":{"id":"11201011002014","commune":"Aysén","code":"11201","gse":"D","quintil":"Q2","nse_score":645.5,"educ":9.7,"educ_score":446.7,"hacin":1.105,"hacin_class":"Hacinamiento Leve","hacin_score":828.7,"auto_score":136.4,"n_per":63,"n_hog":29,"source_year":2024},"geometry":{"type":"Polygon","coordinates":[[[-72.6888973879999,-45.3960347770568],[-72.6885884979999,-45.3991049060568],[-72.6886100549999,-45.3991234810568],[-72.6890013789999,-45.3985352340568],[-72.6894108499999,-45.3960705650568],[-72.6888973879999,-45.3960347770568]]]}},{"type":"Feature","properties":{"id":"11201011002015","commune":"Aysén","code":"11201","gse":"D","quintil":"Q1","nse_score":626.0,"educ":11.5,"educ_score":566.7,"hacin":1.143,"hacin_class":"Hacinamiento Leve","hacin_score":820.7,"auto_score":163.3,"n_per":80,"n_hog":42,"source_year":2024},"geometry":{"type":"Polygon","coordinates":[[[-72.6589651189999,-45.3978090980568],[-72.660901883,-45.3984679450568],[-72.6778246239999,-45.4015682130568],[-72.6838531879999,-45.4032209530568],[-72.6848278259999,-45.4019887540568],[-72.6843086009999,-45.4017526400568],[-72.6849216639999,-45.4018508720568],[-72.6854890319999,-45.4010551460568],[-72.6816643079999,-45.3997675480568],[-72.6814462749999,-45.3998722710568],[-72.6811315479999,-45.3997686290568],[-72.6811093919999,-45.3995822800568],[-72.6806977689999,-45.3996271050568],[-72.6802846569999,-45.3994858820568],[-72.6802407439999,-45.3992946300568],[-72.6775238999999,-45.3984710670568],[-72.6634715899999,-45.3960702790568],[-72.6631700249999,-45.3968660300568],[-72.6601308299999,-45.3963778920568],[-72.6589651189999,-45.3978090980568]]]}},{"type":"Feature","properties":{"id":"11201011002017","commune":"Aysén","code":"11201","gse":"C2","quintil":"Q3","nse_score":704.4,"educ":11.4,"educ_score":560.0,"hacin":1.042,"hacin_class":"Hacinamiento Leve","hacin_score":842.1,"auto_score":125.0,"n_per":74,"n_hog":34,"source_year":2024},"geometry":{"type":"Polygon","coordinates":[[[-72.6865592209999,-45.3979793750568],[-72.6871897019999,-45.3972316540568],[-72.6857173249999,-45.3966025600568],[-72.6853680879999,-45.3970306520568],[-72.6854798799999,-45.3974797120568],[-72.6865592209999,-45.3979793750568]]]}},{"type":"Feature","properties":{"id":"11201011002021","commune":"Aysén","code":"11201","gse":"C3","quintil":"Q3","nse_score":691.6,"educ":11.9,"educ_score":593.3,"hacin":1.289,"hacin_class":"Hacinamiento Leve","hacin_score":789.6,"auto_score":304.3,"n_per":58,"n_hog":20,"source_year":2024},"geometry":{"type":"Polygon","coordinates":[[[-72.6875043089999,-45.3973116220568],[-72.6873711029999,-45.3982996090568],[-72.6876876139999,-45.3984535220568],[-72.6883771039999,-45.3984700710568],[-72.6884877439999,-45.3973637380568],[-72.6875043089999,-45.3973116220568]]]}},{"type":"Feature","properties":{"id":"11201011002023","commune":"Aysén","code":"11201","gse":"C1","quintil":"Q5","nse_score":754.6,"educ":12.8,"educ_score":653.3,"hacin":1.189,"hacin_class":"Hacinamiento Leve","hacin_score":810.8,"auto_score":392.9,"n_per":44,"n_hog":14,"source_year":2024},"geometry":{"type":"Polygon","coordinates":[[[-72.6860077299999,-45.3986580110568],[-72.6865197319999,-45.3980408300568],[-72.685361096,-45.3976053230568],[-72.6849167869999,-45.3982202990568],[-72.6860077299999,-45.3986580110568]]]}},{"type":"Feature","properties":{"id":"11201011002024","commune":"Aysén","code":"11201","gse":"D","quintil":"Q2","nse_score":659.5,"educ":10.9,"educ_score":526.7,"hacin":1.405,"hacin_class":"Hacinamiento Leve","hacin_score":764.8,"auto_score":233.9,"n_per":156,"n_hog":62,"source_year":2024},"geometry":{"type":"Polygon","coordinates":[[[-72.6580085279999,-45.3982493230568],[-72.6597327149999,-45.3991065910568],[-72.6631069999999,-45.3990658050568],[-72.664045557,-45.3991780920568],[-72.6657568679999,-45.3995078430568],[-72.6710434669999,-45.4008930510568],[-72.6718069039999,-45.4009810170568],[-72.6729875029999,-45.4013670570568],[-72.6787643959999,-45.4022603140568],[-72.6849665969999,-45.4038564290568],[-72.685936437,-45.4024093190568],[-72.6849001229999,-45.4020220200568],[-72.6840359909999,-45.4032349280568],[-72.6848625949999,-45.4035939560568],[-72.6777660259999,-45.4016059930568],[-72.6611162959999,-45.3985502800568],[-72.6586077539999,-45.3977218370568],[-72.6580085279999,-45.3982493230568]]]}},{"type":"Feature","properties":{"id":"11201011002025","commune":"Aysén","code":"11201","gse":"C3","quintil":"Q2","nse_score":665.1,"educ":10.6,"educ_score":506.7,"hacin":1.0,"hacin_class":"Hacinamiento Leve","hacin_score":851.1,"auto_score":214.3,"n_per":28,"n_hog":12,"source_year":2024},"geometry":{"type":"Polygon","coordinates":[[[-72.6841939999999,-45.3986488620568],[-72.6846304119999,-45.3981612650568],[-72.6837138919999,-45.3978400880568],[-72.6833049829999,-45.3982915630568],[-72.6841939999999,-45.3986488620568]]]}},{"type":"Feature","properties":{"id":"11201011002026","commune":"Aysén","code":"11201","gse":"C2","quintil":"Q4","nse_score":713.3,"educ":11.0,"educ_score":533.3,"hacin":1.083,"hacin_class":"Hacinamiento Leve","hacin_score":833.3,"auto_score":225.0,"n_per":39,"n_hog":20,"source_year":2024},"geometry":{"type":"Polygon","coordinates":[[[-72.6870505319999,-45.3992304530568],[-72.6876045479999,-45.3984883150568],[-72.6866187319999,-45.3980848370568],[-72.6859985229999,-45.3988023400568],[-72.6870505319999,-45.3992304530568]]]}},{"type":"Feature","properties":{"id":"11201011002028","commune":"Aysén","code":"11201","gse":"C2","quintil":"Q4","nse_score":746.3,"educ":12.7,"educ_score":646.7,"hacin":1.364,"hacin_class":"Hacinamiento Leve","hacin_score":773.7,"auto_score":333.3,"n_per":45,"n_hog":18,"source_year":2024},"geometry":{"type":"Polygon","coordinates":[[[-72.6855392929999,-45.3991341400568],[-72.6859256069999,-45.3986800460568],[-72.6847250359999,-45.3982116500568],[-72.6843348699999,-45.3986595790568],[-72.6855392929999,-45.3991341400568]]]}},{"type":"Feature","properties":{"id":"11201011002029","commune":"Aysén","code":"11201","gse":"C3","quintil":"Q3","nse_score":694.6,"educ":11.5,"educ_score":566.7,"hacin":1.138,"hacin_class":"Hacinamiento Leve","hacin_score":821.7,"auto_score":250.0,"n_per":33,"n_hog":13,"source_year":2024},"geometry":{"type":"Polygon","coordinates":[[[-72.6829017849999,-45.3987850680568],[-72.6838372519999,-45.3991433140568],[-72.6841764099999,-45.3987153100568],[-72.6832630719999,-45.3983904880568],[-72.6829017849999,-45.3987850680568]]]}},{"type":"Feature","properties":{"id":"11201011002032","commune":"Aysén","code":"11201","gse":"C3","quintil":"Q3","nse_score":691.1,"educ":10.6,"educ_score":506.7,"hacin":1.127,"hacin_class":"Hacinamiento Leve","hacin_score":824.0,"auto_score":191.2,"n_per":71,"n_hog":33,"source_year":2024},"geometry":{"type":"Polygon","coordinates":[[[-72.6894715709999,-45.4001705060568],[-72.6891120369999,-45.3987523270568],[-72.6890072409999,-45.3987067030568],[-72.6877526389999,-45.4004714780568],[-72.6889321539999,-45.4009145650568],[-72.6894715709999,-45.4001705060568]]]}},{"type":"Feature","properties":{"id":"11201011002033","commune":"Aysén","code":"11201","gse":"D","quintil":"Q2","nse_score":651.1,"educ":10.4,"educ_score":493.3,"hacin":1.208,"hacin_class":"Hacinamiento Leve","hacin_score":806.7,"auto_score":117.6,"n_per":29,"n_hog":14,"source_year":2024},"geometry":{"type":"Polygon","coordinates":[[[-72.6851848229999,-45.3996180680568],[-72.6855094599999,-45.3991795290568],[-72.6842940239999,-45.3987491330568],[-72.6839245149999,-45.3991463940568],[-72.6851848229999,-45.3996180680568]]]}},{"type":"Feature","properties":{"id":"11201011002034","commune":"Aysén","code":"11201","gse":"C3","quintil":"Q3","nse_score":679.1,"educ":10.7,"educ_score":513.3,"hacin":0.711,"hacin_class":"Sin Hacinamiento","hacin_score":912.7,"auto_score":200.0,"n_per":27,"n_hog":15,"source_year":2024},"geometry":{"type":"Polygon","coordinates":[[[-72.6865047449999,-45.4000021640568],[-72.6870484579999,-45.3992962580568],[-72.6859202619999,-45.3988767060568],[-72.6853929289999,-45.3995581940568],[-72.6865047449999,-45.4000021640568]]]}},{"type":"Feature","properties":{"id":"11201011002035","commune":"Aysén","code":"11201","gse":"D","quintil":"Q2","nse_score":651.1,"educ":12.4,"educ_score":626.7,"hacin":1.163,"hacin_class":"Hacinamiento Leve","hacin_score":816.3,"auto_score":111.1,"n_per":57,"n_hog":24,"source_year":2024},"geometry":{"type":"Polygon","coordinates":[[[-72.6828106339999,-45.3989033490568],[-72.6821991099999,-45.3996810100568],[-72.6844998129999,-45.4004096180568],[-72.6851072359999,-45.3997445850568],[-72.6840917549999,-45.3993252380568],[-72.6837051369999,-45.3996018080568],[-72.6833917639999,-45.3994195550568],[-72.6835240769999,-45.3991179180568],[-72.6828106339999,-45.3989033490568]]]}},{"type":"Feature","properties":{"id":"11201011002040","commune":"Aysén","code":"11201","gse":"C1","quintil":"Q5","nse_score":769.7,"educ":14.2,"educ_score":746.7,"hacin":1.45,"hacin_class":"Hacinamiento Leve","hacin_score":755.3,"auto_score":0.0,"n_per":29,"n_hog":8,"source_year":2024},"geometry":{"type":"Polygon","coordinates":[[[-72.6852377299999,-45.4007495430568],[-72.6858782499999,-45.3998971140568],[-72.6853712339999,-45.3996359240568],[-72.6845535479999,-45.4005262040568],[-72.6852377299999,-45.4007495430568]]]}},{"type":"Feature","properties":{"id":"11201011002043","commune":"Aysén","code":"11201","gse":"C1","quintil":"Q5","nse_score":772.0,"educ":12.6,"educ_score":640.0,"hacin":0.904,"hacin_class":"Sin Hacinamiento","hacin_score":871.5,"auto_score":318.2,"n_per":47,"n_hog":20,"source_year":2024},"geometry":{"type":"Polygon","coordinates":[[[-72.6853497459999,-45.4007283470568],[-72.6859108029999,-45.4009540770568],[-72.6865072989999,-45.4000777380568],[-72.6859299469999,-45.3999231330568],[-72.6853497459999,-45.4007283470568]]]}},{"type":"Feature","properties":{"id":"11201011002047","commune":"Aysén","code":"11201","gse":"C2","quintil":"Q4","nse_score":712.8,"educ":12.5,"educ_score":633.3,"hacin":1.13,"hacin_class":"Hacinamiento Leve","hacin_score":823.3,"auto_score":208.3,"n_per":52,"n_hog":21,"source_year":2024},"geometry":{"type":"Polygon","coordinates":[[[-72.6902987429999,-45.4014406780568],[-72.690811547,-45.4007659790568],[-72.6894936329999,-45.4003004990568],[-72.6890406429999,-45.4009672340568],[-72.6902987429999,-45.4014406780568]]]}},{"type":"Feature","properties":{"id":"11201011002050","commune":"Aysén","code":"11201","gse":"D","quintil":"Q2","nse_score":651.2,"educ":10.6,"educ_score":506.7,"hacin":1.185,"hacin_class":"Hacinamiento Leve","hacin_score":811.7,"auto_score":150.0,"n_per":32,"n_hog":19,"source_year":2024},"geometry":{"type":"Polygon","coordinates":[[[-72.6881945999999,-45.4018669130568],[-72.6888659729999,-45.4010028180568],[-72.6876723029999,-45.4005609330568],[-72.6870636449999,-45.4014281480568],[-72.6881945999999,-45.4018669130568]]]}},{"type":"Feature","properties":{"id":"11201011002055","commune":"Aysén","code":"11201","gse":"C2","quintil":"Q4","nse_score":725.7,"educ":12.8,"educ_score":653.3,"hacin":1.25,"hacin_class":"Hacinamiento Leve","hacin_score":797.9,"auto_score":125.0,"n_per":45,"n_hog":18,"source_year":2024},"geometry":{"type":"Polygon","coordinates":[[[-72.6895470229999,-45.4023910930568],[-72.6902267579999,-45.4015312980568],[-72.6889626729999,-45.4010701930568],[-72.6883494879999,-45.4019155800568],[-72.6895470229999,-45.4023910930568]]]}},{"type":"Feature","properties":{"id":"11201011002058","commune":"Aysén","code":"11201","gse":"C2","quintil":"Q3","nse_score":706.9,"educ":13.0,"educ_score":666.7,"hacin":1.125,"hacin_class":"Hacinamiento Leve","hacin_score":824.5,"auto_score":107.1,"n_per":54,"n_hog":25,"source_year":2024},"geometry":{"type":"Polygon","coordinates":[[[-72.6922287879999,-45.4013041850568],[-72.6917579799999,-45.4019980780568],[-72.6921795909999,-45.4021836130568],[-72.6925345809999,-45.4017706670568],[-72.6922185999999,-45.4021988500568],[-72.6928864449999,-45.4024597030568],[-72.6931645639999,-45.4022338470568],[-72.6926445189999,-45.4020060660568],[-72.6931850159999,-45.4022059420568],[-72.6936141859999,-45.4016203590568],[-72.6922287879999,-45.4013041850568]]]}},{"type":"Feature","properties":{"id":"11201011002060","commune":"Aysén","code":"11201","gse":"C2","quintil":"Q3","nse_score":703.2,"educ":12.4,"educ_score":626.7,"hacin":1.044,"hacin_class":"Hacinamiento Leve","hacin_score":841.8,"auto_score":105.3,"n_per":48,"n_hog":16,"source_year":2024},"geometry":{"type":"Polygon","coordinates":[[[-72.6874896429999,-45.4028368730568],[-72.6881590159999,-45.4019672190568],[-72.6870039729999,-45.4015307970568],[-72.6863921369999,-45.4024011880568],[-72.6874896429999,-45.4028368730568]]]}},{"type":"Feature","properties":{"id":"11201011002061","commune":"Aysén","code":"11201","gse":"C1","quintil":"Q5","nse_score":759.5,"educ":12.1,"educ_score":606.7,"hacin":1.212,"hacin_class":"Hacinamiento Leve","hacin_score":806.1,"auto_score":416.7,"n_per":63,"n_hog":24,"source_year":2024},"geometry":{"type":"Polygon","coordinates":[[[-72.690892802,-45.4029172510568],[-72.6915635229999,-45.4020426680568],[-72.6903267899999,-45.4015816990568],[-72.6896934399999,-45.4024406480568],[-72.690892802,-45.4029172510568]]]}},{"type":"Feature","properties":{"id":"11201011002062","commune":"Aysén","code":"11201","gse":"D","quintil":"Q1","nse_score":621.6,"educ":11.1,"educ_score":540.0,"hacin":1.351,"hacin_class":"Hacinamiento Leve","hacin_score":776.4,"auto_score":121.2,"n_per":77,"n_hog":30,"source_year":2024},"geometry":{"type":"Polygon","coordinates":[[[-72.6935850659999,-45.4017813270568],[-72.6941719709999,-45.4019539730568],[-72.69356475,-45.4018093660568],[-72.6930831099999,-45.4025160730568],[-72.6942602759999,-45.4029694990568],[-72.6951908799999,-45.4017596130568],[-72.6937698289999,-45.4015881360568],[-72.6935850659999,-45.4017813270568]]]}},{"type":"Feature","properties":{"id":"11201011002065","commune":"Aysén","code":"11201","gse":"C2","quintil":"Q4","nse_score":722.9,"educ":12.5,"educ_score":633.3,"hacin":1.246,"hacin_class":"Hacinamiento Leve","hacin_score":798.7,"auto_score":300.0,"n_per":76,"n_hog":29,"source_year":2024},"geometry":{"type":"Polygon","coordinates":[[[-72.6888314999999,-45.4033441590568],[-72.6895068289999,-45.4024853740568],[-72.6882591739999,-45.4020211720568],[-72.6876573459999,-45.4028824450568],[-72.6888314999999,-45.4033441590568]]]}},{"type":"Feature","properties":{"id":"11201011002066","commune":"Aysén","code":"11201","gse":"C3","quintil":"Q3","nse_score":684.6,"educ":13.1,"educ_score":673.3,"hacin":1.0,"hacin_class":"Hacinamiento Leve","hacin_score":851.1,"auto_score":100.0,"n_per":9,"n_hog":7,"source_year":2024},"geometry":{"type":"Polygon","coordinates":[[[-72.6922446339999,-45.4034279220568],[-72.6929059899999,-45.4025560460568],[-72.6916757379999,-45.4020968950568],[-72.6910399529999,-45.4029622590568],[-72.6922446339999,-45.4034279220568]]]}},{"type":"Feature","properties":{"id":"11201011002070","commune":"Aysén","code":"11201","gse":"C2","quintil":"Q4","nse_score":719.6,"educ":12.2,"educ_score":613.3,"hacin":1.017,"hacin_class":"Hacinamiento Leve","hacin_score":847.5,"auto_score":116.7,"n_per":60,"n_hog":28,"source_year":2024},"geometry":{"type":"Polygon","coordinates":[[[-72.6866220089999,-45.4040273590568],[-72.6874534009999,-45.4029374350568],[-72.6863258429999,-45.4025123090568],[-72.6855062579999,-45.4036443030568],[-72.6866220089999,-45.4040273590568]]]}},{"type":"Feature","properties":{"id":"11201011002071","commune":"Aysén","code":"11201","gse":"C2","quintil":"Q4","nse_score":722.6,"educ":13.1,"educ_score":673.3,"hacin":1.283,"hacin_class":"Hacinamiento Leve","hacin_score":790.9,"auto_score":200.0,"n_per":59,"n_hog":21,"source_year":2024},"geometry":{"type":"Polygon","coordinates":[[[-72.6901935179999,-45.4038691040568],[-72.6908648829999,-45.4030105250568],[-72.6896113479999,-45.4025382830568],[-72.6889864239999,-45.4033962520568],[-72.6901935179999,-45.4038691040568]]]}},{"type":"Feature","properties":{"id":"11201011002072","commune":"Aysén","code":"11201","gse":"C2","quintil":"Q4","nse_score":726.8,"educ":12.2,"educ_score":613.3,"hacin":1.159,"hacin_class":"Hacinamiento Leve","hacin_score":817.2,"auto_score":204.5,"n_per":51,"n_hog":21,"source_year":2024},"geometry":{"type":"Polygon","coordinates":[[[-72.6935095249999,-45.4039215260568],[-72.6941950289999,-45.4030606880568],[-72.6930111029999,-45.4026123780568],[-72.6923880089999,-45.4034755750568],[-72.6935095249999,-45.4039215260568]]]}},{"type":"Feature","properties":{"id":"11201011002073","commune":"Aysén","code":"11201","gse":"C1","quintil":"Q5","nse_score":764.7,"educ":13.0,"educ_score":666.7,"hacin":1.137,"hacin_class":"Hacinamiento Leve","hacin_score":821.8,"auto_score":227.3,"n_per":91,"n_hog":32,"source_year":2024},"geometry":{"type":"Polygon","coordinates":[[[-72.6885583859999,-45.4040250420568],[-72.689799891,-45.4044805460568],[-72.6901597109999,-45.4039825400568],[-72.6876038389999,-45.4029785250568],[-72.6867717809999,-45.4040417920568],[-72.6892931509999,-45.4051656680568],[-72.6897628919999,-45.4045299640568],[-72.6885583859999,-45.4040250420568]]]}},{"type":"Feature","properties":{"id":"11201011002074","commune":"Aysén","code":"11201","gse":"C1","quintil":"Q5","nse_score":782.0,"educ":14.6,"educ_score":773.3,"hacin":1.21,"hacin_class":"Hacinamiento Leve","hacin_score":806.3,"auto_score":153.8,"n_per":23,"n_hog":12,"source_year":2024},"geometry":{"type":"Polygon","coordinates":[[[-72.6915204889999,-45.4043794500568],[-72.6922017119999,-45.4035203110568],[-72.6909637819999,-45.4030632790568],[-72.6903353589999,-45.4039155680568],[-72.6915204889999,-45.4043794500568]]]}},{"type":"Feature","properties":{"id":"11201011002076","commune":"Aysén","code":"11201","gse":"C1","quintil":"Q5","nse_score":775.1,"educ":14.3,"educ_score":753.3,"hacin":1.177,"hacin_class":"Hacinamiento Leve","hacin_score":813.5,"auto_score":94.6,"n_per":80,"n_hog":34,"source_year":2024},"geometry":{"type":"Polygon","coordinates":[[[-72.6927829499999,-45.4048719200568],[-72.6929410889999,-45.4048238140568],[-72.6935043389999,-45.4040188750568],[-72.6923109029999,-45.4035726390568],[-72.6916867769999,-45.4044355680568],[-72.6927829499999,-45.4048719200568]]]}},{"type":"Feature","properties":{"id":"11201011002078","commune":"Aysén","code":"11201","gse":"ABC1","quintil":"Q5","nse_score":818.1,"educ":14.0,"educ_score":733.3,"hacin":0.925,"hacin_class":"Sin Hacinamiento","hacin_score":867.0,"auto_score":294.1,"n_per":37,"n_hog":17,"source_year":2024},"geometry":{"type":"Polygon","coordinates":[[[-72.6906983649999,-45.4055134520568],[-72.691449943,-45.4044349840568],[-72.6902961979999,-45.4040038850568],[-72.6893751739999,-45.4052108150568],[-72.6906983649999,-45.4055134520568]]]}},{"type":"Feature","properties":{"id":"11201011002080","commune":"Aysén","code":"11201","gse":"ABC1","quintil":"Q5","nse_score":860.9,"educ":14.1,"educ_score":740.0,"hacin":0.85,"hacin_class":"Sin Hacinamiento","hacin_score":883.0,"auto_score":250.0,"n_per":17,"n_hog":6,"source_year":2024},"geometry":{"type":"Polygon","coordinates":[[[-72.6927789519999,-45.4049765190568],[-72.6916271429999,-45.4045258920568],[-72.6908714509999,-45.4055165660568],[-72.6921843499999,-45.4057828580568],[-72.6927789519999,-45.4049765190568]]]}},{"type":"Feature","properties":{"id":"11201011002082","commune":"Aysén","code":"11201","gse":"C3","quintil":"Q3","nse_score":688.6,"educ":12.8,"educ_score":653.3,"hacin":1.091,"hacin_class":"Hacinamiento Leve","hacin_score":831.7,"auto_score":222.2,"n_per":12,"n_hog":6,"source_year":2024},"geometry":{"type":"MultiPolygon","coordinates":[[[[-72.6921514309999,-45.4066089400568],[-72.6920847229999,-45.4058315450568],[-72.6907540029999,-45.4055858830568],[-72.6904260909999,-45.4060181430568],[-72.6911456919999,-45.4061669880568],[-72.6921514309999,-45.4066089400568]]],[[[-72.6894105999999,-45.4055575880568],[-72.6903875209999,-45.4059998540568],[-72.6906280309999,-45.4055741660568],[-72.6893142319999,-45.4053006060568],[-72.6892892469999,-45.4054647890568],[-72.6894105999999,-45.4055575880568]]]]}},{"type":"Feature","properties":{"id":"11201011002027","commune":"Aysén","code":"11201","gse":"ABC1","quintil":"Q5","nse_score":798.8,"educ":14.2,"educ_score":746.7,"hacin":1.058,"hacin_class":"Hacinamiento Leve","hacin_score":838.7,"auto_score":212.1,"n_per":127,"n_hog":66,"source_year":2024},"geometry":{"type":"MultiPolygon","coordinates":[[[[-72.7058106679999,-45.4009291110568],[-72.7058980769999,-45.4008391220568],[-72.7051206859999,-45.4005253130568],[-72.7041614079999,-45.4003169840568],[-72.7058106679999,-45.4009291110568]]],[[[-72.7036024449999,-45.3981836510568],[-72.7031119219999,-45.3988288050568],[-72.7041392059999,-45.3990613610568],[-72.7043482909999,-45.3986331930568],[-72.7043282299999,-45.3987278640568],[-72.7048842659999,-45.3988803160568],[-72.7043212679999,-45.3987600300568],[-72.7041829049999,-45.3990713650568],[-72.7050265599999,-45.3992285940568],[-72.7061233459999,-45.3995572430568],[-72.7030935419999,-45.3988529790568],[-72.7023557309999,-45.3998787580568],[-72.7049224339999,-45.4004218280568],[-72.7052850619999,-45.3998268360568],[-72.7053814299999,-45.3998446820568],[-72.7050089219999,-45.4004477260568],[-72.7055730719999,-45.4006511680568],[-72.7059870939999,-45.4000815320568],[-72.7056295119999,-45.4006726230568],[-72.7059395169999,-45.4007374570568],[-72.7063393419999,-45.4001078010568],[-72.7059240049999,-45.3999645380568],[-72.7064228179999,-45.3991632690568],[-72.7036024449999,-45.3981836510568]]]]}},{"type":"Feature","properties":{"id":"11201011002045","commune":"Aysén","code":"11201","gse":"C2","quintil":"Q4","nse_score":737.3,"educ":12.9,"educ_score":660.0,"hacin":0.979,"hacin_class":"Sin Hacinamiento","hacin_score":855.5,"auto_score":166.7,"n_per":47,"n_hog":20,"source_year":2024},"geometry":{"type":"MultiPolygon","coordinates":[[[[-72.6860092439999,-45.4022694030568],[-72.68639271,-45.4018475350568],[-72.686381519,-45.4015575710568],[-72.6861081759999,-45.4012414320568],[-72.6855966069999,-45.4010739120568],[-72.6850135259999,-45.4019018580568],[-72.6860092439999,-45.4022694030568]]],[[[-72.6860915659999,-45.4010856980568],[-72.6865994429999,-45.4012611620568],[-72.687223232,-45.4003739060568],[-72.686656964,-45.4001711880568],[-72.6860915659999,-45.4010856980568]]]]}},{"type":"Feature","properties":{"id":"11201011002030","commune":"Aysén","code":"11201","gse":"E","quintil":"Q1","nse_score":584.0,"educ":9.5,"educ_score":433.3,"hacin":0.818,"hacin_class":"Sin Hacinamiento","hacin_score":889.7,"auto_score":93.8,"n_per":18,"n_hog":10,"source_year":2024},"geometry":{"type":"MultiPolygon","coordinates":[[[[-72.6866719149999,-45.4000659280568],[-72.6872927709999,-45.4002821970568],[-72.6878536059999,-45.3996072680568],[-72.687107464,-45.3993480480568],[-72.6866719149999,-45.4000659280568]]],[[[-72.6878649969999,-45.3995233240568],[-72.6882849009999,-45.3992372170568],[-72.6883316889999,-45.3985550220568],[-72.687696146,-45.3985144340568],[-72.6872044849999,-45.3992153340568],[-72.6878649969999,-45.3995233240568]]]]}},{"type":"Feature","properties":{"id":"11201011002016","commune":"Aysén","code":"11201","gse":"C2","quintil":"Q4","nse_score":737.6,"educ":13.3,"educ_score":686.7,"hacin":1.214,"hacin_class":"Hacinamiento Leve","hacin_score":805.5,"auto_score":148.9,"n_per":119,"n_hog":47,"source_year":2024},"geometry":{"type":"MultiPolygon","coordinates":[[[[-72.7025509359999,-45.3968900850568],[-72.7020684539999,-45.3975487300568],[-72.7013635599999,-45.3974316830568],[-72.7005389269999,-45.3986979620568],[-72.6971989139999,-45.3980126920568],[-72.6956977059999,-45.4005911390568],[-72.6964957309999,-45.4004149540568],[-72.6974004859999,-45.4000195910568],[-72.6980715439999,-45.3999240800568],[-72.7002996159999,-45.3999313830568],[-72.70188264,-45.4003062850568],[-72.7023288569999,-45.3997323320568],[-72.7017806999999,-45.3995032540568],[-72.7005891449999,-45.3996883590568],[-72.6999198569999,-45.3997266030568],[-72.6972450749999,-45.3996460060568],[-72.6965255259999,-45.3994746850568],[-72.6972465019999,-45.3996203080568],[-72.6991659359999,-45.3996612520568],[-72.6994952519999,-45.3991548440568],[-72.6990739529999,-45.3986745160568],[-72.6994257719999,-45.3989156170568],[-72.6995338449999,-45.3991550650568],[-72.6992074429999,-45.3996632770568],[-72.6995702679999,-45.3996783480568],[-72.6998994599999,-45.3991959220568],[-72.6996117869999,-45.3996798050568],[-72.7001452129999,-45.3996872410568],[-72.7006444419999,-45.3989556140568],[-72.7001881639999,-45.3996866000568],[-72.7010102259999,-45.3995617790568],[-72.7012775419999,-45.3991700170568],[-72.7010599229999,-45.3995512500568],[-72.7017899649999,-45.3994673170568],[-72.7023528059999,-45.3997003980568],[-72.7038320319999,-45.3977476090568],[-72.7025876109999,-45.3973630950568],[-72.7038535859999,-45.3977197650568],[-72.7041618949999,-45.3973214890568],[-72.7025509359999,-45.3968900850568]]],[[[-72.7041781189999,-45.3972969750568],[-72.7047675689999,-45.3965698960568],[-72.7036972449999,-45.3961373680568],[-72.7034192939999,-45.3962348700568],[-72.7028909869999,-45.3969505480568],[-72.7041781189999,-45.3972969750568]]]]}},{"type":"Feature","properties":{"id":"11201011002007","commune":"Aysén","code":"11201","gse":"C2","quintil":"Q4","nse_score":750.3,"educ":12.7,"educ_score":646.7,"hacin":1.178,"hacin_class":"Hacinamiento Leve","hacin_score":813.2,"auto_score":214.3,"n_per":53,"n_hog":21,"source_year":2024},"geometry":{"type":"MultiPolygon","coordinates":[[[[-72.6915885999999,-45.4019566670568],[-72.6921424879999,-45.4012317060568],[-72.6908719939999,-45.4008340060568],[-72.6904108459999,-45.4014730740568],[-72.6915885999999,-45.4019566670568]]],[[[-72.6917231609999,-45.3939797540568],[-72.6909600809999,-45.3949564540568],[-72.6895057989999,-45.3961404000568],[-72.6891598049999,-45.3976548480568],[-72.6890909449999,-45.3985184530568],[-72.6895520159999,-45.4001632350568],[-72.6930561099999,-45.4014306330568],[-72.6955912259999,-45.4016818540568],[-72.6963783399999,-45.4006153570568],[-72.6944984859999,-45.4012683750568],[-72.6938909949999,-45.4013383580568],[-72.6924282369999,-45.4010091640568],[-72.6915921429999,-45.4006514980568],[-72.6913051469999,-45.4006603820568],[-72.6910919679999,-45.4004416260568],[-72.69068533,-45.4003922740568],[-72.6898432189999,-45.3998758430568],[-72.6895532349999,-45.3988065610568],[-72.6898681179999,-45.3963483110568],[-72.6920875979999,-45.3942534100568],[-72.6917231609999,-45.3939797540568]]]]}},{"type":"Feature","properties":{"id":"11201011003001","commune":"Aysén","code":"11201","gse":"C3","quintil":"Q3","nse_score":689.0,"educ":11.6,"educ_score":573.3,"hacin":1.388,"hacin_class":"Hacinamiento Leve","hacin_score":768.5,"auto_score":424.1,"n_per":433,"n_hog":158,"source_year":2024},"geometry":{"type":"Polygon","coordinates":[[[-72.6877846279999,-45.3857101170568],[-72.6834526749999,-45.3866441130568],[-72.6817431729999,-45.3868296820568],[-72.6812368849999,-45.3871069770568],[-72.6812018529999,-45.3873265380568],[-72.6809338159999,-45.3875107720568],[-72.6801213479999,-45.3875756500568],[-72.6798797009999,-45.3877637140568],[-72.6803187699999,-45.3897844250568],[-72.6815610509999,-45.3901228100568],[-72.6854189349999,-45.3917191040568],[-72.6854827159999,-45.3914019900568],[-72.6854719059999,-45.3917409870568],[-72.6870571939999,-45.3923730870568],[-72.6873033369999,-45.3920448980568],[-72.6874773229999,-45.3914917820568],[-72.6891108519999,-45.3915684860568],[-72.6891654089999,-45.3909904630568],[-72.687652194,-45.3908486490568],[-72.6891719289999,-45.3909269210568],[-72.6892310099999,-45.3901261050568],[-72.6842097289999,-45.3897005290568],[-72.6843356199999,-45.3896844750568],[-72.6842057349999,-45.3878953990568],[-72.6826113569999,-45.3881167400568],[-72.6810696049999,-45.3888352640568],[-72.6809308929999,-45.3888175300568],[-72.680804813,-45.3886865220568],[-72.6806958669999,-45.3880113940568],[-72.6808611379999,-45.3886739610568],[-72.6810568089999,-45.3887941380568],[-72.6814964019999,-45.3886080210568],[-72.6812695809999,-45.3879101100568],[-72.6815528089999,-45.3885772760568],[-72.6824917849999,-45.3881102600568],[-72.6821942469999,-45.3871673610568],[-72.6825271539999,-45.3880986910568],[-72.6833918199999,-45.3878859320568],[-72.6843412009999,-45.3878522550568],[-72.6842309369999,-45.3869464860568],[-72.6843797769999,-45.3878533010568],[-72.6857416489999,-45.3878808980568],[-72.6857192419999,-45.3873244130568],[-72.6851170019999,-45.3869671740568],[-72.6854738129999,-45.3871398310568],[-72.6853736599999,-45.3867847860568],[-72.6855275069999,-45.3871541520568],[-72.685763629,-45.3873154010568],[-72.6857875949999,-45.3878817550568],[-72.6869695709999,-45.3878958950568],[-72.6867267949999,-45.3867271880568],[-72.6860454709999,-45.3865821780568],[-72.6867560429999,-45.3867084420568],[-72.6868188429999,-45.3869739220568],[-72.6880143909999,-45.3869174470568],[-72.6879329519999,-45.3863830090568],[-72.6871172209999,-45.3862758430568],[-72.6879745659999,-45.3863566950568],[-72.6880654119999,-45.3869342840568],[-72.6868277399999,-45.3870095480568],[-72.6870080689999,-45.3878958920568],[-72.6883222619999,-45.3878848170568],[-72.689725328,-45.3875765770568],[-72.6897520809999,-45.3873751260568],[-72.6880352089999,-45.3872969180568],[-72.6875335919999,-45.3871975260568],[-72.6897563629999,-45.3873428950568],[-72.6896199319999,-45.3865833690568],[-72.6891091699999,-45.3864403680568],[-72.6880976349999,-45.3864615000568],[-72.6890024799999,-45.3863747030568],[-72.6895634359999,-45.3865210390568],[-72.6896836509999,-45.3865884310568],[-72.6897764629999,-45.3869688310568],[-72.6897678759999,-45.3864875970568],[-72.6889160469999,-45.3863033660568],[-72.688360025,-45.3860626270568],[-72.6892271369999,-45.3862024190568],[-72.6889529869999,-45.3859112170568],[-72.6877846279999,-45.3857101170568]]]}},{"type":"Feature","properties":{"id":"11201011003002","commune":"Aysén","code":"11201","gse":"C2","quintil":"Q4","nse_score":725.0,"educ":11.7,"educ_score":580.0,"hacin":1.35,"hacin_class":"Hacinamiento Leve","hacin_score":776.6,"auto_score":50.0,"n_per":27,"n_hog":11,"source_year":2024},"geometry":{"type":"Polygon","coordinates":[[[-72.6898188549999,-45.3872766190568],[-72.691645907,-45.3875159640568],[-72.6918686039999,-45.3869303150568],[-72.689809953,-45.3864981980568],[-72.6898188549999,-45.3872766190568]]]}},{"type":"Feature","properties":{"id":"11201011003003","commune":"Aysén","code":"11201","gse":"C3","quintil":"Q3","nse_score":682.5,"educ":10.4,"educ_score":493.3,"hacin":1.277,"hacin_class":"Hacinamiento Leve","hacin_score":792.1,"auto_score":24.6,"n_per":152,"n_hog":66,"source_year":2024},"geometry":{"type":"Polygon","coordinates":[[[-72.690257185,-45.3897224670568],[-72.6895640999999,-45.3896870080568],[-72.6895364989999,-45.3900884070568],[-72.6953443619999,-45.3904481330568],[-72.706634715,-45.3925544700568],[-72.7072844819999,-45.3908547110568],[-72.7071278139999,-45.3896005960568],[-72.6971335189999,-45.3902417770568],[-72.6971795919999,-45.3897055280568],[-72.6953422859999,-45.3897745930568],[-72.6954983539999,-45.3891826940568],[-72.6946529969999,-45.3891567300568],[-72.6949009249999,-45.3879166050568],[-72.6942888459999,-45.3878054640568],[-72.693869661,-45.3877844020568],[-72.6936200489999,-45.3891091390568],[-72.692544015,-45.3890402060568],[-72.6923767229999,-45.3899753080568],[-72.690501234,-45.3898788150568],[-72.6909965309999,-45.3892985680568],[-72.6905446619999,-45.3892630680568],[-72.6907401949999,-45.3874260400568],[-72.6898154509999,-45.3873079970568],[-72.6895677279999,-45.3896556350568],[-72.690257185,-45.3897224670568]]]}},{"type":"Feature","properties":{"id":"11201011003004","commune":"Aysén","code":"11201","gse":"C2","quintil":"Q4","nse_score":724.0,"educ":11.4,"educ_score":560.0,"hacin":1.175,"hacin_class":"Hacinamiento Leve","hacin_score":813.8,"auto_score":323.5,"n_per":94,"n_hog":33,"source_year":2024},"geometry":{"type":"Polygon","coordinates":[[[-72.6883922579999,-45.3879285010568],[-72.6877886519999,-45.3899855540568],[-72.6892992239999,-45.3900488920568],[-72.6893124709999,-45.3899063820568],[-72.6894866579999,-45.3898745400568],[-72.6897299739999,-45.3876906320568],[-72.6883922579999,-45.3879285010568]]]}},{"type":"Feature","properties":{"id":"11201011003005","commune":"Aysén","code":"11201","gse":"C2","quintil":"Q4","nse_score":748.2,"educ":12.2,"educ_score":613.3,"hacin":1.091,"hacin_class":"Hacinamiento Leve","hacin_score":831.7,"auto_score":300.0,"n_per":36,"n_hog":16,"source_year":2024},"geometry":{"type":"Polygon","coordinates":[[[-72.6843905119999,-45.3896893370568],[-72.6850295669999,-45.3897459410568],[-72.685134924,-45.3889611560568],[-72.6850791569999,-45.3879045370568],[-72.6842770209999,-45.3878895710568],[-72.6843905119999,-45.3896893370568]]]}},{"type":"Feature","properties":{"id":"11201011003006","commune":"Aysén","code":"11201","gse":"C2","quintil":"Q4","nse_score":734.8,"educ":12.3,"educ_score":620.0,"hacin":1.088,"hacin_class":"Hacinamiento Leve","hacin_score":832.4,"auto_score":407.4,"n_per":62,"n_hog":27,"source_year":2024},"geometry":{"type":"Polygon","coordinates":[[[-72.6866989609999,-45.3885146500568],[-72.6867504609999,-45.3879357210568],[-72.6851303189999,-45.3879054920568],[-72.6851855919999,-45.3889527230568],[-72.6866447329999,-45.3891240830568],[-72.6866938319999,-45.3885722830568],[-72.6854481519999,-45.3885006920568],[-72.6866989609999,-45.3885146500568]]]}},{"type":"Feature","properties":{"id":"11201011003007","commune":"Aysén","code":"11201","gse":"ABC1","quintil":"Q5","nse_score":793.6,"educ":13.5,"educ_score":700.0,"hacin":1.226,"hacin_class":"Hacinamiento Leve","hacin_score":803.0,"auto_score":409.1,"n_per":38,"n_hog":11,"source_year":2024},"geometry":{"type":"Polygon","coordinates":[[[-72.686801553,-45.3879366740568],[-72.6867640039999,-45.3883586600568],[-72.6882006569999,-45.3883599660568],[-72.6883293669999,-45.3879273450568],[-72.686801553,-45.3879366740568]]]}},{"type":"Feature","properties":{"id":"11201011003008","commune":"Aysén","code":"11201","gse":"C3","quintil":"Q3","nse_score":685.8,"educ":10.3,"educ_score":486.7,"hacin":1.222,"hacin_class":"Hacinamiento Leve","hacin_score":803.8,"auto_score":250.0,"n_per":22,"n_hog":8,"source_year":2024},"geometry":{"type":"Polygon","coordinates":[[[-72.6867608089999,-45.3883946480568],[-72.6867289239999,-45.3887529580568],[-72.6880827529999,-45.3887562640568],[-72.6881899519999,-45.3883959470568],[-72.6867608089999,-45.3883946480568]]]}},{"type":"Feature","properties":{"id":"11201011003009","commune":"Aysén","code":"11201","gse":"C2","quintil":"Q4","nse_score":729.1,"educ":11.6,"educ_score":573.3,"hacin":1.4,"hacin_class":"Hacinamiento Leve","hacin_score":766.0,"auto_score":500.0,"n_per":35,"n_hog":10,"source_year":2024},"geometry":{"type":"Polygon","coordinates":[[[-72.6866981149999,-45.3890992380568],[-72.6879555129999,-45.3891839400568],[-72.6880720519999,-45.3887922290568],[-72.6867257289999,-45.3887889410568],[-72.6866981149999,-45.3890992380568]]]}},{"type":"Feature","properties":{"id":"11201011003010","commune":"Aysén","code":"11201","gse":"ABC1","quintil":"Q5","nse_score":794.1,"educ":13.5,"educ_score":700.0,"hacin":0.909,"hacin_class":"Sin Hacinamiento","hacin_score":870.4,"auto_score":294.1,"n_per":30,"n_hog":17,"source_year":2024},"geometry":{"type":"Polygon","coordinates":[[[-72.6850802519999,-45.3897504310568],[-72.6865772089999,-45.3898830240568],[-72.6866415279999,-45.3891601030568],[-72.6851842999999,-45.3889887840568],[-72.6850802519999,-45.3897504310568]]]}},{"type":"Feature","properties":{"id":"11201011003011","commune":"Aysén","code":"11201","gse":"C2","quintil":"Q4","nse_score":733.5,"educ":11.0,"educ_score":533.3,"hacin":1.069,"hacin_class":"Hacinamiento Leve","hacin_score":836.4,"auto_score":384.6,"n_per":31,"n_hog":13,"source_year":2024},"geometry":{"type":"Polygon","coordinates":[[[-72.686627987,-45.3898875220568],[-72.6877174769999,-45.3899840240568],[-72.6879449679999,-45.3892193840568],[-72.6866949169999,-45.3891351780568],[-72.686627987,-45.3898875220568]]]}},{"type":"Feature","properties":{"id":"11201011003012","commune":"Aysén","code":"11201","gse":"C3","quintil":"Q3","nse_score":698.5,"educ":11.0,"educ_score":533.3,"hacin":1.27,"hacin_class":"Hacinamiento Leve","hacin_score":793.7,"auto_score":279.4,"n_per":80,"n_hog":34,"source_year":2024},"geometry":{"type":"Polygon","coordinates":[[[-72.6787757999999,-45.3894276250568],[-72.6768193939999,-45.3918529570568],[-72.6748959009999,-45.3942372500568],[-72.6752058149999,-45.3942976360568],[-72.6752558319999,-45.3942194080568],[-72.6750405349999,-45.3941223940568],[-72.675280272,-45.3941894800568],[-72.6763386469999,-45.3928935310568],[-72.67613961,-45.3928090950568],[-72.6763641119999,-45.3928623490568],[-72.6776280859999,-45.3913145550568],[-72.6774291809999,-45.3912259590568],[-72.6776535819999,-45.3912833330568],[-72.6791009289999,-45.3895108900568],[-72.6787757999999,-45.3894276250568]]]}},{"type":"Feature","properties":{"id":"11201011003013","commune":"Aysén","code":"11201","gse":"C2","quintil":"Q4","nse_score":750.5,"educ":11.6,"educ_score":573.3,"hacin":1.222,"hacin_class":"Hacinamiento Leve","hacin_score":803.8,"auto_score":250.0,"n_per":22,"n_hog":10,"source_year":2024},"geometry":{"type":"Polygon","coordinates":[[[-72.6791496379999,-45.3895233640568],[-72.6788459489999,-45.3898952990568],[-72.6795799789999,-45.3901801470568],[-72.6799447399999,-45.3897269840568],[-72.6791496379999,-45.3895233640568]]]}},{"type":"Feature","properties":{"id":"11201011003015","commune":"Aysén","code":"11201","gse":"D","quintil":"Q2","nse_score":647.6,"educ":12.0,"educ_score":600.0,"hacin":2.148,"hacin_class":"Hacinamiento Medio","hacin_score":606.8,"auto_score":212.8,"n_per":363,"n_hog":85,"source_year":2024},"geometry":{"type":"Polygon","coordinates":[[[-72.6802495389999,-45.3898039750568],[-72.6806011019999,-45.3917337870568],[-72.6811365459999,-45.3911777900568],[-72.6780488639999,-45.3950470000568],[-72.6779401939999,-45.3953571700568],[-72.6793384549999,-45.3956973950568],[-72.6794033379999,-45.3955511780568],[-72.6793939759999,-45.3957109800568],[-72.6803600659999,-45.3959523180568],[-72.6793749559999,-45.3957606930568],[-72.6792539769999,-45.3960668660568],[-72.6800811329999,-45.3962745610568],[-72.6798831179999,-45.3962684930568],[-72.6794889439999,-45.3968066920568],[-72.6798273139999,-45.3962544260568],[-72.6792718709999,-45.3961357170568],[-72.6791582899999,-45.3969989810568],[-72.6793960969999,-45.3970670460568],[-72.6786456569999,-45.3971039200568],[-72.6785668439999,-45.3976568070568],[-72.6788342099999,-45.3977533020568],[-72.6776013879999,-45.3976940870568],[-72.6774162219999,-45.3980358600568],[-72.6759056849999,-45.3978905240568],[-72.6778690389999,-45.3983255360568],[-72.6821008279999,-45.3996462940568],[-72.6836851679999,-45.3977526330568],[-72.6838978229999,-45.3977178290568],[-72.6879606679999,-45.3928319990568],[-72.6814821699999,-45.3901344010568],[-72.6802495389999,-45.3898039750568]]]}},{"type":"Feature","properties":{"id":"11201011003016","commune":"Aysén","code":"11201","gse":"C2","quintil":"Q4","nse_score":723.7,"educ":11.5,"educ_score":566.7,"hacin":1.19,"hacin_class":"Hacinamiento Leve","hacin_score":810.5,"auto_score":153.8,"n_per":25,"n_hog":13,"source_year":2024},"geometry":{"type":"Polygon","coordinates":[[[-72.6804556099999,-45.3910139160568],[-72.6802822509999,-45.3901420110568],[-72.6802042639999,-45.3898301960568],[-72.6795482329999,-45.3906511210568],[-72.6804556099999,-45.3910139160568]]]}},{"type":"Feature","properties":{"id":"11201011003017","commune":"Aysén","code":"11201","gse":"C3","quintil":"Q3","nse_score":687.4,"educ":11.7,"educ_score":580.0,"hacin":1.625,"hacin_class":"Hacinamiento Medio","hacin_score":718.1,"auto_score":300.0,"n_per":26,"n_hog":10,"source_year":2024},"geometry":{"type":"Polygon","coordinates":[[[-72.6793101439999,-45.3905153540568],[-72.6795547779999,-45.3902114560568],[-72.6788204469999,-45.3899264780568],[-72.678553485,-45.3902533890568],[-72.6793101439999,-45.3905153540568]]]}},{"type":"Feature","properties":{"id":"11201011003018","commune":"Aysén","code":"11201","gse":"D","quintil":"Q1","nse_score":642.0,"educ":8.8,"educ_score":386.7,"hacin":1.087,"hacin_class":"Hacinamiento Leve","hacin_score":832.6,"auto_score":175.0,"n_per":100,"n_hog":40,"source_year":2024},"geometry":{"type":"Polygon","coordinates":[[[-72.6894469459999,-45.3909022170568],[-72.691867021,-45.3911887130568],[-72.6922498779999,-45.3903371530568],[-72.6895393299999,-45.3901628930568],[-72.6894469459999,-45.3909022170568]]]}},{"type":"Feature","properties":{"id":"11201011003022","commune":"Aysén","code":"11201","gse":"D","quintil":"Q1","nse_score":625.4,"educ":9.7,"educ_score":446.7,"hacin":1.583,"hacin_class":"Hacinamiento Medio","hacin_score":727.0,"auto_score":142.9,"n_per":19,"n_hog":7,"source_year":2024},"geometry":{"type":"Polygon","coordinates":[[[-72.6789875109999,-45.3909161200568],[-72.6792602509999,-45.3905773330568],[-72.6785280749999,-45.3902845840568],[-72.6782516339999,-45.3906230260568],[-72.6789875109999,-45.3909161200568]]]}},{"type":"Feature","properties":{"id":"11201011003023","commune":"Aysén","code":"11201","gse":"D","quintil":"Q1","nse_score":643.5,"educ":10.3,"educ_score":486.7,"hacin":1.443,"hacin_class":"Hacinamiento Leve","hacin_score":756.8,"auto_score":108.7,"n_per":127,"n_hog":45,"source_year":2024},"geometry":{"type":"Polygon","coordinates":[[[-72.6941372659999,-45.3904073510568],[-72.6934056829999,-45.3903620460568],[-72.6931889979999,-45.3907716350568],[-72.6933576919999,-45.3903590740568],[-72.6923748759999,-45.3902982110568],[-72.6919885109999,-45.3912145840568],[-72.6924505759999,-45.3913216800568],[-72.6927043629999,-45.3907991180568],[-72.6925298529999,-45.3913431120568],[-72.6932473199999,-45.3914961110568],[-72.6941372659999,-45.3904073510568]]]}},{"type":"Feature","properties":{"id":"11201011003024","commune":"Aysén","code":"11201","gse":"C3","quintil":"Q2","nse_score":670.8,"educ":10.4,"educ_score":493.3,"hacin":1.238,"hacin_class":"Hacinamiento Leve","hacin_score":800.5,"auto_score":138.9,"n_per":99,"n_hog":36,"source_year":2024},"geometry":{"type":"Polygon","coordinates":[[[-72.6946568829999,-45.3921868300568],[-72.6950515589999,-45.3905229750568],[-72.6943065629999,-45.3904300160568],[-72.6933209279999,-45.3915532230568],[-72.6946568829999,-45.3921868300568]]]}},{"type":"Feature","properties":{"id":"11201011003025","commune":"Aysén","code":"11201","gse":"E","quintil":"Q1","nse_score":607.1,"educ":9.0,"educ_score":400.0,"hacin":1.128,"hacin_class":"Hacinamiento Leve","hacin_score":823.8,"auto_score":159.1,"n_per":44,"n_hog":21,"source_year":2024},"geometry":{"type":"Polygon","coordinates":[[[-72.6950923659999,-45.3905806620568],[-72.6947630769999,-45.3921957840568],[-72.6952659899999,-45.3920945030568],[-72.6955657579999,-45.3918879110568],[-72.6955396549999,-45.3920156960568],[-72.6949701879999,-45.3922373980568],[-72.6947550669999,-45.3922268870568],[-72.6945412319999,-45.3926281600568],[-72.6932369949999,-45.3933933480568],[-72.6918075849999,-45.3939027130568],[-72.6920875979999,-45.3942534100568],[-72.6931333929999,-45.3939520020568],[-72.6938121989999,-45.3934450170568],[-72.6943359159999,-45.3934555950568],[-72.6948923169999,-45.3931646790568],[-72.696007661,-45.3922687470568],[-72.6974509449999,-45.3919578430568],[-72.6978317709999,-45.3920167710568],[-72.6987130389999,-45.3918712200568],[-72.6997319219999,-45.3919994220568],[-72.7011743499999,-45.3927672240568],[-72.70352399,-45.3930052200568],[-72.7036466119999,-45.3933203580568],[-72.7039729049999,-45.3934979330568],[-72.7052352099999,-45.3935697640568],[-72.7064636869999,-45.3939412100568],[-72.7070567559999,-45.3938834090568],[-72.7083080279999,-45.3944624580568],[-72.7085324349999,-45.3943383540568],[-72.7079502389999,-45.3938828520568],[-72.7079240049999,-45.3937932410568],[-72.7080780729999,-45.3936914130568],[-72.7079891259999,-45.3938671430568],[-72.7085676139999,-45.3943189000568],[-72.7102384969999,-45.3933853590568],[-72.6952482399999,-45.3905083570568],[-72.6950923659999,-45.3905806620568]]]}},{"type":"Feature","properties":{"id":"11201011003027","commune":"Aysén","code":"11201","gse":"D","quintil":"Q2","nse_score":659.1,"educ":9.9,"educ_score":460.0,"hacin":1.474,"hacin_class":"Hacinamiento Leve","hacin_score":750.3,"auto_score":250.0,"n_per":28,"n_hog":10,"source_year":2024},"geometry":{"type":"Polygon","coordinates":[[[-72.6787128899999,-45.3912572670568],[-72.6789623269999,-45.3909474060568],[-72.6782261739999,-45.3906542030568],[-72.6779580989999,-45.3909824790568],[-72.6787128899999,-45.3912572670568]]]}},{"type":"Feature","properties":{"id":"11201011003028","commune":"Aysén","code":"11201","gse":"C2","quintil":"Q3","nse_score":702.9,"educ":12.0,"educ_score":600.0,"hacin":1.821,"hacin_class":"Hacinamiento Medio","hacin_score":676.3,"auto_score":300.0,"n_per":51,"n_hog":15,"source_year":2024},"geometry":{"type":"Polygon","coordinates":[[[-72.6805217239999,-45.3915271840568],[-72.6804636829999,-45.3910584990568],[-72.6795231369999,-45.3906824420568],[-72.6792521369999,-45.3910215180568],[-72.6805217239999,-45.3915271840568]]]}},{"type":"Feature","properties":{"id":"11201011003030","commune":"Aysén","code":"11201","gse":"C3","quintil":"Q3","nse_score":701.8,"educ":11.7,"educ_score":580.0,"hacin":1.146,"hacin_class":"Hacinamiento Leve","hacin_score":819.9,"auto_score":309.5,"n_per":47,"n_hog":20,"source_year":2024},"geometry":{"type":"Polygon","coordinates":[[[-72.6908029709999,-45.3911008030568],[-72.6894727399999,-45.3910141850568],[-72.6893803099999,-45.3916088520568],[-72.6906205749999,-45.3917567250568],[-72.6908029709999,-45.3911008030568]]]}},{"type":"Feature","properties":{"id":"11201011003032","commune":"Aysén","code":"11201","gse":"C3","quintil":"Q2","nse_score":662.7,"educ":10.9,"educ_score":526.7,"hacin":1.4,"hacin_class":"Hacinamiento Leve","hacin_score":766.0,"auto_score":333.3,"n_per":21,"n_hog":9,"source_year":2024},"geometry":{"type":"Polygon","coordinates":[[[-72.6786684959999,-45.3913124150568],[-72.6779326409999,-45.3910136550568],[-72.6776969329999,-45.3913022910568],[-72.6784255099999,-45.3916142660568],[-72.6786684959999,-45.3913124150568]]]}},{"type":"Feature","properties":{"id":"11201011003033","commune":"Aysén","code":"11201","gse":"C3","quintil":"Q3","nse_score":682.8,"educ":11.1,"educ_score":540.0,"hacin":1.417,"hacin_class":"Hacinamiento Leve","hacin_score":762.4,"auto_score":309.5,"n_per":51,"n_hog":21,"source_year":2024},"geometry":{"type":"Polygon","coordinates":[[[-72.680527664,-45.3915708670568],[-72.6792270879999,-45.3910528590568],[-72.6789586629999,-45.3913887130568],[-72.6803939469999,-45.3919714460568],[-72.6805542539999,-45.3917663940568],[-72.680527664,-45.3915708670568]]]}},{"type":"Feature","properties":{"id":"11201011003034","commune":"Aysén","code":"11201","gse":"C3","quintil":"Q2","nse_score":665.3,"educ":10.5,"educ_score":500.0,"hacin":1.212,"hacin_class":"Hacinamiento Leve","hacin_score":805.9,"auto_score":264.7,"n_per":40,"n_hog":15,"source_year":2024},"geometry":{"type":"Polygon","coordinates":[[[-72.6907139999999,-45.3917780580568],[-72.6913147539999,-45.3920123170568],[-72.6918091559999,-45.3912669670568],[-72.6908642359999,-45.3911224120568],[-72.6907139999999,-45.3917780580568]]]}},{"type":"Feature","properties":{"id":"11201011003035","commune":"Aysén","code":"11201","gse":"D","quintil":"Q2","nse_score":656.1,"educ":10.6,"educ_score":506.7,"hacin":1.435,"hacin_class":"Hacinamiento Leve","hacin_score":758.6,"auto_score":193.5,"n_per":66,"n_hog":29,"source_year":2024},"geometry":{"type":"Polygon","coordinates":[[[-72.6925562719999,-45.3914445270568],[-72.6923437609999,-45.3918460590568],[-72.6924746979999,-45.3914222050568],[-72.691880034,-45.3912988290568],[-72.6913933079999,-45.3920868320568],[-72.6923681579999,-45.3924685480568],[-72.6931346279999,-45.3916171280568],[-72.6925562719999,-45.3914445270568]]]}},{"type":"Feature","properties":{"id":"11201011003038","commune":"Aysén","code":"11201","gse":"C3","quintil":"Q2","nse_score":666.7,"educ":10.3,"educ_score":486.7,"hacin":1.6,"hacin_class":"Hacinamiento Medio","hacin_score":723.4,"auto_score":275.0,"n_per":56,"n_hog":20,"source_year":2024},"geometry":{"type":"Polygon","coordinates":[[[-72.6803693119999,-45.3920029550568],[-72.6789336139999,-45.3914200550568],[-72.6786886479999,-45.3917265550568],[-72.6801074669999,-45.3923378430568],[-72.6803693119999,-45.3920029550568]]]}},{"type":"Feature","properties":{"id":"11201011003039","commune":"Aysén","code":"11201","gse":"D","quintil":"Q1","nse_score":613.2,"educ":9.2,"educ_score":413.3,"hacin":1.281,"hacin_class":"Hacinamiento Leve","hacin_score":791.2,"auto_score":210.5,"n_per":41,"n_hog":17,"source_year":2024},"geometry":{"type":"Polygon","coordinates":[[[-72.6877431149999,-45.3926575490568],[-72.6880193929999,-45.3920461150568],[-72.6880794079999,-45.3915637930568],[-72.6875281559999,-45.3915469300568],[-72.6872035689999,-45.3923774960568],[-72.6877431149999,-45.3926575490568]]]}},{"type":"Feature","properties":{"id":"11201011003040","commune":"Aysén","code":"11201","gse":"D","quintil":"Q1","nse_score":643.6,"educ":10.5,"educ_score":500.0,"hacin":1.275,"hacin_class":"Hacinamiento Leve","hacin_score":792.5,"auto_score":220.6,"n_per":88,"n_hog":34,"source_year":2024},"geometry":{"type":"Polygon","coordinates":[[[-72.6889205409999,-45.3930036870568],[-72.6891177719999,-45.3916770120568],[-72.6881622209999,-45.3915823460568],[-72.6878434519999,-45.3926841740568],[-72.6885713089999,-45.3929851000568],[-72.6889205409999,-45.3930036870568]]]}},{"type":"Feature","properties":{"id":"11201011003041","commune":"Aysén","code":"11201","gse":"D","quintil":"Q1","nse_score":637.9,"educ":9.8,"educ_score":453.3,"hacin":1.355,"hacin_class":"Hacinamiento Leve","hacin_score":775.5,"auto_score":206.5,"n_per":103,"n_hog":43,"source_year":2024},"geometry":{"type":"Polygon","coordinates":[[[-72.6939003809999,-45.3919235910568],[-72.6932194919999,-45.3916350210568],[-72.6924233809999,-45.3925220800568],[-72.6936921419999,-45.3930778730568],[-72.6946147429999,-45.3925112680568],[-72.6946895689999,-45.3922809070568],[-72.6940169169999,-45.3919533800568],[-72.6936700859999,-45.3921784880568],[-72.6939003809999,-45.3919235910568]]]}},{"type":"Feature","properties":{"id":"11201011003043","commune":"Aysén","code":"11201","gse":"D","quintil":"Q2","nse_score":654.3,"educ":10.3,"educ_score":486.7,"hacin":1.373,"hacin_class":"Hacinamiento Leve","hacin_score":771.7,"auto_score":250.0,"n_per":92,"n_hog":31,"source_year":2024},"geometry":{"type":"Polygon","coordinates":[[[-72.6910827089999,-45.3920154030568],[-72.6904925269999,-45.3917848300568],[-72.6893806169999,-45.3916942680568],[-72.6892190719999,-45.3930548940568],[-72.6904386099999,-45.3934332250568],[-72.6910827089999,-45.3920154030568]]]}},{"type":"Feature","properties":{"id":"11201011003046","commune":"Aysén","code":"11201","gse":"D","quintil":"Q1","nse_score":612.9,"educ":10.2,"educ_score":480.0,"hacin":1.203,"hacin_class":"Hacinamiento Leve","hacin_score":807.8,"auto_score":196.4,"n_per":71,"n_hog":23,"source_year":2024},"geometry":{"type":"Polygon","coordinates":[[[-72.6922700279999,-45.3925428640568],[-72.6911564609999,-45.3920510810568],[-72.6905124449999,-45.3934634560568],[-72.6912645739999,-45.3936703900568],[-72.6922700279999,-45.3925428640568]]]}},{"type":"Feature","properties":{"id":"11201011003047","commune":"Aysén","code":"11201","gse":"C3","quintil":"Q3","nse_score":684.9,"educ":11.4,"educ_score":560.0,"hacin":1.5,"hacin_class":"Hacinamiento Medio","hacin_score":744.7,"auto_score":125.0,"n_per":21,"n_hog":8,"source_year":2024},"geometry":{"type":"Polygon","coordinates":[[[-72.6797193319999,-45.3928343170568],[-72.6800828139999,-45.3923693960568],[-72.6794016559999,-45.3920759270568],[-72.6791488379999,-45.3926441530568],[-72.6797193319999,-45.3928343170568]]]}},{"type":"Feature","properties":{"id":"11201011003049","commune":"Aysén","code":"11201","gse":"C3","quintil":"Q2","nse_score":668.8,"educ":10.3,"educ_score":486.7,"hacin":1.195,"hacin_class":"Hacinamiento Leve","hacin_score":809.6,"auto_score":187.5,"n_per":92,"n_hog":30,"source_year":2024},"geometry":{"type":"Polygon","coordinates":[[[-72.6935842049999,-45.3931220830568],[-72.6923516339999,-45.3926001880568],[-72.6913348369999,-45.3937139250568],[-72.6918926439999,-45.3938211900568],[-72.6935842049999,-45.3931220830568]]]}},{"type":"Feature","properties":{"id":"11201011003050","commune":"Aysén","code":"11201","gse":"C3","quintil":"Q2","nse_score":668.4,"educ":9.8,"educ_score":453.3,"hacin":1.286,"hacin_class":"Hacinamiento Leve","hacin_score":790.3,"auto_score":291.7,"n_per":27,"n_hog":12,"source_year":2024},"geometry":{"type":"Polygon","coordinates":[[[-72.6796946389999,-45.3928659020568],[-72.6791359659999,-45.3926796780568],[-72.6785341649999,-45.3932441130568],[-72.6792129949999,-45.3934819490568],[-72.6796946389999,-45.3928659020568]]]}},{"type":"Feature","properties":{"id":"11201011003051","commune":"Aysén","code":"11201","gse":"C2","quintil":"Q4","nse_score":722.8,"educ":11.3,"educ_score":553.3,"hacin":1.417,"hacin_class":"Hacinamiento Leve","hacin_score":762.4,"auto_score":409.1,"n_per":34,"n_hog":11,"source_year":2024},"geometry":{"type":"Polygon","coordinates":[[[-72.6771266249999,-45.3932278060568],[-72.6763823499999,-45.3929120710568],[-72.676125425,-45.3932266960568],[-72.6768807949999,-45.3935331890568],[-72.6771266249999,-45.3932278060568]]]}},{"type":"Feature","properties":{"id":"11201011003054","commune":"Aysén","code":"11201","gse":"C3","quintil":"Q3","nse_score":690.4,"educ":11.2,"educ_score":546.7,"hacin":1.056,"hacin_class":"Hacinamiento Leve","hacin_score":839.2,"auto_score":350.0,"n_per":19,"n_hog":10,"source_year":2024},"geometry":{"type":"Polygon","coordinates":[[[-72.6791883259999,-45.3935135000568],[-72.6782950509999,-45.3932339200568],[-72.6781391889999,-45.3935949100568],[-72.6788855999999,-45.3939006950568],[-72.6791883259999,-45.3935135000568]]]}},{"type":"Feature","properties":{"id":"11201011003056","commune":"Aysén","code":"11201","gse":"C3","quintil":"Q3","nse_score":680.3,"educ":11.0,"educ_score":533.3,"hacin":1.6,"hacin_class":"Hacinamiento Medio","hacin_score":723.4,"auto_score":125.0,"n_per":24,"n_hog":8,"source_year":2024},"geometry":{"type":"Polygon","coordinates":[[[-72.6765950749999,-45.3938881230568],[-72.6768556319999,-45.3935644860568],[-72.6761000199999,-45.3932578950568],[-72.6758356309999,-45.3935815670568],[-72.6765950749999,-45.3938881230568]]]}},{"type":"Feature","properties":{"id":"11201011003057","commune":"Aysén","code":"11201","gse":"C3","quintil":"Q3","nse_score":680.9,"educ":10.7,"educ_score":513.3,"hacin":1.577,"hacin_class":"Hacinamiento Medio","hacin_score":728.3,"auto_score":321.4,"n_per":41,"n_hog":14,"source_year":2024},"geometry":{"type":"Polygon","coordinates":[[[-72.6788609459999,-45.3939322270568],[-72.6774032089999,-45.3933350240568],[-72.6771560079999,-45.3936443090568],[-72.6786209159999,-45.3942392250568],[-72.6788609459999,-45.3939322270568]]]}},{"type":"Feature","properties":{"id":"11201011003060","commune":"Aysén","code":"11201","gse":"C3","quintil":"Q3","nse_score":693.1,"educ":11.8,"educ_score":586.7,"hacin":1.474,"hacin_class":"Hacinamiento Leve","hacin_score":750.3,"auto_score":291.7,"n_per":28,"n_hog":10,"source_year":2024},"geometry":{"type":"Polygon","coordinates":[[[-72.6765699009999,-45.3939194150568],[-72.6758102109999,-45.3936127600568],[-72.6755593759999,-45.3939198980568],[-72.6763336539999,-45.3942128750568],[-72.6765699009999,-45.3939194150568]]]}},{"type":"Feature","properties":{"id":"11201011003061","commune":"Aysén","code":"11201","gse":"C3","quintil":"Q3","nse_score":679.3,"educ":11.0,"educ_score":533.3,"hacin":1.773,"hacin_class":"Hacinamiento Medio","hacin_score":686.7,"auto_score":350.0,"n_per":39,"n_hog":10,"source_year":2024},"geometry":{"type":"Polygon","coordinates":[[[-72.6785962639999,-45.3942707560568],[-72.6771309419999,-45.3936756700568],[-72.6768734529999,-45.3939978210568],[-72.6783399199999,-45.3945986140568],[-72.6785962639999,-45.3942707560568]]]}},{"type":"Feature","properties":{"id":"11201011003063","commune":"Aysén","code":"11201","gse":"E","quintil":"Q1","nse_score":610.2,"educ":10.3,"educ_score":486.7,"hacin":1.467,"hacin_class":"Hacinamiento Leve","hacin_score":751.8,"auto_score":100.0,"n_per":22,"n_hog":7,"source_year":2024},"geometry":{"type":"Polygon","coordinates":[[[-72.6762914719999,-45.3942652720568],[-72.6755338879999,-45.3939511080568],[-72.675326632,-45.3942048800568],[-72.6762085049999,-45.3944481890568],[-72.6762914719999,-45.3942652720568]]]}},{"type":"Feature","properties":{"id":"11201011003064","commune":"Aysén","code":"11201","gse":"C2","quintil":"Q4","nse_score":747.2,"educ":12.2,"educ_score":613.3,"hacin":1.524,"hacin_class":"Hacinamiento Medio","hacin_score":739.6,"auto_score":500.0,"n_per":32,"n_hog":10,"source_year":2024},"geometry":{"type":"Polygon","coordinates":[[[-72.6772674899999,-45.3942010040569],[-72.6768445479999,-45.3940302790568],[-72.6764542679999,-45.3945161510568],[-72.6769512249999,-45.3946389290568],[-72.6772674899999,-45.3942010040569]]]}},{"type":"Feature","properties":{"id":"11201011003065","commune":"Aysén","code":"11201","gse":"C2","quintil":"Q4","nse_score":744.7,"educ":12.5,"educ_score":633.3,"hacin":1.4,"hacin_class":"Hacinamiento Leve","hacin_score":766.0,"auto_score":307.7,"n_per":35,"n_hog":13,"source_year":2024},"geometry":{"type":"Polygon","coordinates":[[[-72.6783152659999,-45.3946301470568],[-72.6773117839999,-45.3942190360568],[-72.6769998619999,-45.3946509460568],[-72.6780886649999,-45.3949199610568],[-72.6783152659999,-45.3946301470568]]]}},{"type":"Feature","properties":{"id":"11201011003069","commune":"Aysén","code":"11201","gse":"C2","quintil":"Q4","nse_score":728.4,"educ":11.5,"educ_score":566.7,"hacin":1.113,"hacin_class":"Hacinamiento Leve","hacin_score":827.1,"auto_score":340.6,"n_per":168,"n_hog":70,"source_year":2024},"geometry":{"type":"Polygon","coordinates":[[[-72.6748123359999,-45.3954781170568],[-72.6747660419999,-45.3958106940568],[-72.6744755119999,-45.3957882760568],[-72.6744569259999,-45.3959212840568],[-72.6742630259999,-45.3958921400568],[-72.6742489249999,-45.3960006900568],[-72.672456769,-45.3958583530568],[-72.6725082199999,-45.3960624620568],[-72.6735967279999,-45.3961420970568],[-72.6725199719999,-45.3961363950568],[-72.6724369149999,-45.3964353160568],[-72.6740131919999,-45.3965978640568],[-72.6740949199999,-45.3962914230568],[-72.6741879339999,-45.3962975060568],[-72.6740358589999,-45.3975336920568],[-72.6744708969999,-45.3976342300568],[-72.6747450169999,-45.3958735290568],[-72.6753469449999,-45.3958410470568],[-72.6755022419999,-45.3956789390568],[-72.6760757289999,-45.3957150980568],[-72.6761713129999,-45.3945795970568],[-72.6759219649999,-45.3945164080568],[-72.6757713709999,-45.3955594220568],[-72.6748123359999,-45.3954781170568]]]}},{"type":"Feature","properties":{"id":"11201011003072","commune":"Aysén","code":"11201","gse":"C3","quintil":"Q3","nse_score":687.9,"educ":11.6,"educ_score":573.3,"hacin":1.357,"hacin_class":"Hacinamiento Leve","hacin_score":775.1,"auto_score":260.9,"n_per":57,"n_hog":20,"source_year":2024},"geometry":{"type":"Polygon","coordinates":[[[-72.677881554,-45.3953455440568],[-72.6780488639999,-45.3950470000568],[-72.6764153599999,-45.3946414440568],[-72.6763212109999,-45.3949600190568],[-72.677881554,-45.3953455440568]]]}},{"type":"Feature","properties":{"id":"11201011003076","commune":"Aysén","code":"11201","gse":"C1","quintil":"Q5","nse_score":754.9,"educ":12.9,"educ_score":660.0,"hacin":1.312,"hacin_class":"Hacinamiento Leve","hacin_score":784.6,"auto_score":277.8,"n_per":63,"n_hog":26,"source_year":2024},"geometry":{"type":"Polygon","coordinates":[[[-72.6760555859999,-45.3967838200568],[-72.6765826779999,-45.3968054030568],[-72.6767377199999,-45.3954974450568],[-72.6762323559999,-45.3953528970568],[-72.6760555859999,-45.3967838200568]]]}},{"type":"Feature","properties":{"id":"11201011003077","commune":"Aysén","code":"11201","gse":"D","quintil":"Q1","nse_score":630.3,"educ":11.1,"educ_score":540.0,"hacin":1.308,"hacin_class":"Hacinamiento Leve","hacin_score":785.6,"auto_score":250.0,"n_per":34,"n_hog":12,"source_year":2024},"geometry":{"type":"Polygon","coordinates":[[[-72.6791918259999,-45.3960339240568],[-72.6793210659999,-45.3957369500568],[-72.6779239029999,-45.3953969970568],[-72.6777991499999,-45.3957009800568],[-72.6791918259999,-45.3960339240568]]]}},{"type":"Feature","properties":{"id":"11201011003078","commune":"Aysén","code":"11201","gse":"C3","quintil":"Q3","nse_score":689.1,"educ":11.3,"educ_score":553.3,"hacin":1.348,"hacin_class":"Hacinamiento Leve","hacin_score":777.1,"auto_score":173.1,"n_per":62,"n_hog":23,"source_year":2024},"geometry":{"type":"Polygon","coordinates":[[[-72.6771802999999,-45.3955878640568],[-72.6768412699999,-45.3955230400568],[-72.6767133819999,-45.3968708130568],[-72.6770840959999,-45.3968557800568],[-72.6771802999999,-45.3955878640568]]]}},{"type":"Feature","properties":{"id":"11201011003079","commune":"Aysén","code":"11201","gse":"D","quintil":"Q1","nse_score":640.2,"educ":10.3,"educ_score":486.7,"hacin":1.467,"hacin_class":"Hacinamiento Leve","hacin_score":751.8,"auto_score":320.0,"n_per":66,"n_hog":24,"source_year":2024},"geometry":{"type":"Polygon","coordinates":[[[-72.6774918829999,-45.3969323880568],[-72.6777220819999,-45.3957660770568],[-72.677385479,-45.3956407770568],[-72.6771621659999,-45.3968372550568],[-72.6774918829999,-45.3969323880568]]]}},{"type":"Feature","properties":{"id":"11201011003080","commune":"Aysén","code":"11201","gse":"C1","quintil":"Q5","nse_score":754.6,"educ":13.3,"educ_score":686.7,"hacin":1.26,"hacin_class":"Hacinamiento Leve","hacin_score":795.7,"auto_score":313.7,"n_per":121,"n_hog":45,"source_year":2024},"geometry":{"type":"Polygon","coordinates":[[[-72.6756529399999,-45.3978399490568],[-72.675823696,-45.3977607920568],[-72.6760883449999,-45.3958336800568],[-72.6755837599999,-45.3957337300568],[-72.6752126469999,-45.3977115960568],[-72.6756529399999,-45.3978399490568]]]}},{"type":"Feature","properties":{"id":"11201011003081","commune":"Aysén","code":"11201","gse":"C2","quintil":"Q3","nse_score":707.0,"educ":11.7,"educ_score":580.0,"hacin":1.119,"hacin_class":"Hacinamiento Leve","hacin_score":825.7,"auto_score":340.9,"n_per":47,"n_hog":21,"source_year":2024},"geometry":{"type":"Polygon","coordinates":[[[-72.6778749069999,-45.3957791170568],[-72.6776660069999,-45.3968967210568],[-72.6779855429999,-45.3969650880568],[-72.6781967239999,-45.3958860960568],[-72.6778749069999,-45.3957791170568]]]}},{"type":"Feature","properties":{"id":"11201011003082","commune":"Aysén","code":"11201","gse":"C2","quintil":"Q4","nse_score":722.3,"educ":12.3,"educ_score":620.0,"hacin":1.111,"hacin_class":"Hacinamiento Leve","hacin_score":827.4,"auto_score":304.3,"n_per":50,"n_hog":18,"source_year":2024},"geometry":{"type":"Polygon","coordinates":[[[-72.6748332749999,-45.3959150700568],[-72.6747153689999,-45.3967207720568],[-72.6752419559999,-45.3967661540568],[-72.6753707419999,-45.3959564050568],[-72.6748332749999,-45.3959150700568]]]}},{"type":"Feature","properties":{"id":"11201011003083","commune":"Aysén","code":"11201","gse":"D","quintil":"Q2","nse_score":652.8,"educ":10.3,"educ_score":486.7,"hacin":1.348,"hacin_class":"Hacinamiento Leve","hacin_score":777.1,"auto_score":208.3,"n_per":62,"n_hog":23,"source_year":2024},"geometry":{"type":"Polygon","coordinates":[[[-72.6782922259999,-45.3958927550568],[-72.6781579249999,-45.3969249000568],[-72.6785019549999,-45.3969975710568],[-72.6786838509999,-45.3959928480568],[-72.6782922259999,-45.3958927550568]]]}},{"type":"Feature","properties":{"id":"11201011003084","commune":"Aysén","code":"11201","gse":"C2","quintil":"Q4","nse_score":732.6,"educ":11.8,"educ_score":586.7,"hacin":1.218,"hacin_class":"Hacinamiento Leve","hacin_score":804.6,"auto_score":347.8,"n_per":67,"n_hog":23,"source_year":2024},"geometry":{"type":"Polygon","coordinates":[[[-72.6787746179999,-45.3960076810568],[-72.6786570209999,-45.3969648090568],[-72.679005748,-45.3970327940568],[-72.6791898229999,-45.3961085920568],[-72.6787746179999,-45.3960076810568]]]}},{"type":"Feature","properties":{"id":"11201011003085","commune":"Aysén","code":"11201","gse":"C2","quintil":"Q4","nse_score":741.7,"educ":12.5,"educ_score":633.3,"hacin":1.294,"hacin_class":"Hacinamiento Leve","hacin_score":788.5,"auto_score":425.9,"n_per":66,"n_hog":26,"source_year":2024},"geometry":{"type":"Polygon","coordinates":[[[-72.6724687979999,-45.3968672660568],[-72.6740191769999,-45.3969445610568],[-72.67399839,-45.3966615780568],[-72.6724247239999,-45.3965969910568],[-72.6724687979999,-45.3968672660568]]]}},{"type":"Feature","properties":{"id":"11201011003086","commune":"Aysén","code":"11201","gse":"C2","quintil":"Q4","nse_score":731.3,"educ":11.5,"educ_score":566.7,"hacin":1.25,"hacin_class":"Hacinamiento Leve","hacin_score":797.9,"auto_score":217.4,"n_per":65,"n_hog":23,"source_year":2024},"geometry":{"type":"Polygon","coordinates":[[[-72.6752263659999,-45.3968330330568],[-72.6747041659999,-45.3968155980568],[-72.6746179619999,-45.3976628550568],[-72.6751290819999,-45.3977092650568],[-72.6752263659999,-45.3968330330568]]]}},{"type":"Feature","properties":{"id":"11201011003087","commune":"Aysén","code":"11201","gse":"C1","quintil":"Q5","nse_score":785.5,"educ":13.6,"educ_score":706.7,"hacin":1.375,"hacin_class":"Hacinamiento Leve","hacin_score":771.3,"auto_score":333.3,"n_per":55,"n_hog":21,"source_year":2024},"geometry":{"type":"Polygon","coordinates":[[[-72.6763765079999,-45.3978297520568],[-72.6765580049999,-45.3969779550568],[-72.676075894,-45.3969007420568],[-72.6759300859999,-45.3977178060568],[-72.6763765079999,-45.3978297520568]]]}},{"type":"Feature","properties":{"id":"11201011003088","commune":"Aysén","code":"11201","gse":"E","quintil":"Q1","nse_score":580.0,"educ":10.2,"educ_score":480.0,"hacin":1.306,"hacin_class":"Hacinamiento Leve","hacin_score":786.1,"auto_score":239.1,"n_per":47,"n_hog":18,"source_year":2024},"geometry":{"type":"Polygon","coordinates":[[[-72.676671741,-45.3969525350568],[-72.6765357849999,-45.3978226600568],[-72.6768836219999,-45.3979000030568],[-72.67706046,-45.3970092250568],[-72.676671741,-45.3969525350568]]]}},{"type":"Feature","properties":{"id":"11201011003089","commune":"Aysén","code":"11201","gse":"C2","quintil":"Q3","nse_score":707.4,"educ":12.9,"educ_score":660.0,"hacin":1.657,"hacin_class":"Hacinamiento Medio","hacin_score":711.2,"auto_score":225.0,"n_per":58,"n_hog":19,"source_year":2024},"geometry":{"type":"Polygon","coordinates":[[[-72.6724436609999,-45.3969597020568],[-72.6724621899999,-45.3973314550568],[-72.6739479819999,-45.3975076610568],[-72.6739510659999,-45.3970625550568],[-72.6724436609999,-45.3969597020568]]]}},{"type":"Feature","properties":{"id":"11201011003090","commune":"Aysén","code":"11201","gse":"C3","quintil":"Q3","nse_score":692.9,"educ":11.5,"educ_score":566.7,"hacin":1.128,"hacin_class":"Hacinamiento Leve","hacin_score":823.8,"auto_score":142.9,"n_per":44,"n_hog":21,"source_year":2024},"geometry":{"type":"Polygon","coordinates":[[[-72.6771690639999,-45.3969818400568],[-72.6770234259999,-45.3978895920568],[-72.6773946109999,-45.3979833560568],[-72.6775582729999,-45.3970420700568],[-72.6771690639999,-45.3969818400568]]]}},{"type":"Feature","properties":{"id":"11201011003091","commune":"Aysén","code":"11201","gse":"E","quintil":"Q1","nse_score":575.4,"educ":8.9,"educ_score":393.3,"hacin":1.192,"hacin_class":"Hacinamiento Leve","hacin_score":810.1,"auto_score":218.8,"n_per":31,"n_hog":12,"source_year":2024},"geometry":{"type":"Polygon","coordinates":[[[-72.6776745559999,-45.3970222990568],[-72.6775729309999,-45.3976052160568],[-72.6779319869999,-45.3976539170568],[-72.6780387589999,-45.3970746700568],[-72.6776745559999,-45.3970222990568]]]}},{"type":"Feature","properties":{"id":"11201011003092","commune":"Aysén","code":"11201","gse":"C3","quintil":"Q2","nse_score":665.7,"educ":9.6,"educ_score":440.0,"hacin":0.853,"hacin_class":"Sin Hacinamiento","hacin_score":882.4,"auto_score":218.8,"n_per":29,"n_hog":15,"source_year":2024},"geometry":{"type":"Polygon","coordinates":[[[-72.6781750049999,-45.3970538230568],[-72.6780638239999,-45.3976386090568],[-72.6784349719999,-45.3976799600568],[-72.6785376789999,-45.3971100730568],[-72.6781750049999,-45.3970538230568]]]}},{"type":"Feature","properties":{"id":"11201011003021","commune":"Aysén","code":"11201","gse":"D","quintil":"Q1","nse_score":642.5,"educ":10.2,"educ_score":480.0,"hacin":1.25,"hacin_class":"Hacinamiento Leve","hacin_score":797.9,"auto_score":0.0,"n_per":15,"n_hog":8,"source_year":2024},"geometry":{"type":"MultiPolygon","coordinates":[[[[-72.7104031399999,-45.3934105970568],[-72.7086256669999,-45.3943750080568],[-72.7095923019999,-45.3949326240568],[-72.7085925259999,-45.3943929880568],[-72.7083828999999,-45.3945067210568],[-72.7102656569999,-45.3956000400568],[-72.7103784279999,-45.3954352820568],[-72.7121229559999,-45.3948766620568],[-72.7112714489999,-45.3938090500568],[-72.7110431359999,-45.3939124080568],[-72.7109244959999,-45.3941451860568],[-72.7109469379999,-45.3939541140568],[-72.7112498989999,-45.3937814900568],[-72.71082666,-45.3934384400568],[-72.7104031399999,-45.3934105970568]]],[[[-72.7121301999999,-45.3948213300568],[-72.7127526049999,-45.3946391150568],[-72.7128306349999,-45.3943586670568],[-72.7117363899999,-45.3931240940568],[-72.7114324979999,-45.3924415360568],[-72.7076642979999,-45.3916235620568],[-72.7079523709999,-45.3908920840568],[-72.707888453,-45.3902645590568],[-72.7072711269999,-45.3903054090568],[-72.7073233879999,-45.3908568890568],[-72.7066716609999,-45.3925615490568],[-72.7108617259999,-45.3933958450568],[-72.7112702399999,-45.3936843520568],[-72.7121301999999,-45.3948213300568]]]]}},{"type":"Feature","properties":{"id":"11201021001003","commune":"Aysén","code":"11201","gse":"D","quintil":"Q1","nse_score":628.8,"educ":9.7,"educ_score":446.7,"hacin":1.174,"hacin_class":"Hacinamiento Leve","hacin_score":814.0,"auto_score":194.0,"n_per":128,"n_hog":60,"source_year":2024},"geometry":{"type":"Polygon","coordinates":[[[-72.1422368839999,-45.1656110850567],[-72.1426876689999,-45.1675466410567],[-72.1429669869999,-45.1680845020567],[-72.1440540059999,-45.1675665090567],[-72.1443443039999,-45.1675345070567],[-72.1430625049999,-45.1681434720567],[-72.1432357579999,-45.1684144810567],[-72.1449505229999,-45.1676903920567],[-72.1445827429999,-45.1671588190567],[-72.1446259489999,-45.1670291660567],[-72.1441498409999,-45.1667414840567],[-72.1447152659999,-45.1669910210567],[-72.1453047919999,-45.1666654180567],[-72.1449950329999,-45.1663436470567],[-72.1453516949999,-45.1666212170567],[-72.1455356149999,-45.1665826300567],[-72.1446820529999,-45.1670858960567],[-72.1450465849999,-45.1676469500567],[-72.1455105169999,-45.1674952040567],[-72.145391807,-45.1671885700567],[-72.1456299439999,-45.1674614290567],[-72.1465786969999,-45.1672101850567],[-72.1472226849999,-45.1676766570567],[-72.1473730589999,-45.1682590950567],[-72.1478008559999,-45.1679856310567],[-72.1481554639999,-45.1679388180567],[-72.1482058119999,-45.1677152200567],[-72.1479795719999,-45.1675623010567],[-72.1472064509999,-45.1674406700568],[-72.1466992159999,-45.1668298920567],[-72.1449654149999,-45.1660515890567],[-72.1444951759999,-45.1655686020567],[-72.1443034639999,-45.1651455250567],[-72.1422368839999,-45.1656110850567]]]}},{"type":"Feature","properties":{"id":"11201021001004","commune":"Aysén","code":"11201","gse":"E","quintil":"Q1","nse_score":537.8,"educ":7.8,"educ_score":320.0,"hacin":1.111,"hacin_class":"Hacinamiento Leve","hacin_score":827.4,"auto_score":115.4,"n_per":20,"n_hog":10,"source_year":2024},"geometry":{"type":"Polygon","coordinates":[[[-72.1413539599999,-45.1670877520567],[-72.1416934659999,-45.1674572210567],[-72.1424422849999,-45.1672422910567],[-72.1421033639999,-45.1657356760567],[-72.1414020789999,-45.1658662140567],[-72.1414269089999,-45.1660687430567],[-72.1411530299999,-45.1661381690567],[-72.1412285369999,-45.1662941100567],[-72.1411061319999,-45.1661477560567],[-72.1405330719999,-45.1662778730567],[-72.1405514949999,-45.1668295090568],[-72.1401299279999,-45.1670083550567],[-72.1402411479999,-45.1672097560567],[-72.140632379,-45.1669099280567],[-72.1413651979999,-45.1671763850567],[-72.1413539599999,-45.1670877520567]]]}},{"type":"Feature","properties":{"id":"11201021001008","commune":"Aysén","code":"11201","gse":"D","quintil":"Q1","nse_score":631.6,"educ":9.7,"educ_score":446.7,"hacin":1.18,"hacin_class":"Hacinamiento Leve","hacin_score":812.7,"auto_score":197.0,"n_per":144,"n_hog":57,"source_year":2024},"geometry":{"type":"Polygon","coordinates":[[[-72.1461196579999,-45.1678991560567],[-72.1457563739999,-45.1675030350567],[-72.1455046909999,-45.1675925900567],[-72.1458466199999,-45.1681118210567],[-72.1454514189999,-45.1676027950567],[-72.1449315099999,-45.1677791400567],[-72.1453294099999,-45.1684681430567],[-72.1448717549999,-45.1678040760567],[-72.1444282849999,-45.1679769270567],[-72.1447733969999,-45.1686701180567],[-72.1443605709999,-45.1680160080567],[-72.1432854099999,-45.1684804250567],[-72.1450572519999,-45.1700422990567],[-72.1460188269999,-45.1693232670567],[-72.1462618299999,-45.1686617830567],[-72.1466195359999,-45.1684167320567],[-72.1464192099999,-45.1681620020567],[-72.1467261459999,-45.1684093120567],[-72.1462929209999,-45.1686735800567],[-72.1460891829999,-45.1692578580567],[-72.1473092139999,-45.1682909760567],[-72.147175064,-45.1676951530567],[-72.1466551769999,-45.1672524500567],[-72.1458895459999,-45.1674484790567],[-72.1461196579999,-45.1678991560567]]]}},{"type":"Feature","properties":{"id":"11201021001009","commune":"Aysén","code":"11201","gse":"D","quintil":"Q1","nse_score":635.0,"educ":10.5,"educ_score":500.0,"hacin":0.692,"hacin_class":"Sin Hacinamiento","hacin_score":916.5,"auto_score":200.0,"n_per":9,"n_hog":5,"source_year":2024},"geometry":{"type":"Polygon","coordinates":[[[-72.145270164,-45.1702996810567],[-72.1464317289999,-45.1695902790567],[-72.1477620969999,-45.1692785100567],[-72.1483217379999,-45.1689643040567],[-72.1485961839999,-45.1686260770567],[-72.1478262709999,-45.1680263360567],[-72.1477005959999,-45.1680797580567],[-72.1450995009999,-45.1700703980567],[-72.145270164,-45.1702996810567]]]}},{"type":"Feature","properties":{"id":"11201021001010","commune":"Aysén","code":"11201","gse":"C3","quintil":"Q2","nse_score":675.2,"educ":9.8,"educ_score":453.3,"hacin":1.067,"hacin_class":"Hacinamiento Leve","hacin_score":836.9,"auto_score":142.9,"n_per":16,"n_hog":7,"source_year":2024},"geometry":{"type":"Polygon","coordinates":[[[-72.143243578,-45.1685626380567],[-72.1422040889999,-45.1689664710567],[-72.1436648329999,-45.1707405310567],[-72.144000091,-45.1708349730568],[-72.1444957939999,-45.1707568950567],[-72.1452035039999,-45.1703494740567],[-72.143243578,-45.1685626380567]]]}},{"type":"Feature","properties":{"id":"11201021001011","commune":"Aysén","code":"11201","gse":"D","quintil":"Q1","nse_score":638.0,"educ":10.6,"educ_score":506.7,"hacin":1.043,"hacin_class":"Hacinamiento Leve","hacin_score":841.9,"auto_score":102.2,"n_per":194,"n_hog":85,"source_year":2024},"geometry":{"type":"Polygon","coordinates":[[[-72.1465419959999,-45.1698419300567],[-72.1456453429999,-45.1706606740567],[-72.1458742459999,-45.1708649630567],[-72.1459535209999,-45.1706982860567],[-72.1465894529999,-45.1705441950567],[-72.1467843899999,-45.1708699300567],[-72.1465031699999,-45.1705783850567],[-72.1460236419999,-45.1707648460567],[-72.1466497579999,-45.1719641150567],[-72.1480469539999,-45.1713206490567],[-72.1476368829999,-45.1708091640567],[-72.1473540479999,-45.1702680360567],[-72.1470294629999,-45.1698907570567],[-72.1472723609999,-45.1701171370567],[-72.1480998229999,-45.1712913500567],[-72.1488159029999,-45.1709645840567],[-72.1481035179999,-45.1701799480567],[-72.1488431369999,-45.1709521010567],[-72.1495605479999,-45.1706801510567],[-72.146705429,-45.1721085980567],[-72.1470480219999,-45.1726369250567],[-72.1483921729999,-45.1722721710567],[-72.1483327409999,-45.1720952010567],[-72.1484254929999,-45.1722630340567],[-72.1488864659999,-45.1721379070567],[-72.1484392059999,-45.1722848720567],[-72.1485658379999,-45.1725179370567],[-72.14875294,-45.1725090670567],[-72.1485529469999,-45.1725597860567],[-72.1484029879999,-45.1722944900567],[-72.1470211289999,-45.1726879140567],[-72.1473983989999,-45.1734206070567],[-72.14823279,-45.1732137440567],[-72.1474277639999,-45.1734825700567],[-72.148367016,-45.1752501400567],[-72.1490024209999,-45.1751267220567],[-72.1493530939999,-45.1753763440567],[-72.1490032579999,-45.1751537200567],[-72.1483765469999,-45.1752700660567],[-72.1493521689999,-45.1771173270567],[-72.1509989909999,-45.1767166980567],[-72.1508473899999,-45.1758094990567],[-72.1501671529999,-45.1742073850567],[-72.1498613309999,-45.1739354720567],[-72.1497220659999,-45.1733728380567],[-72.1494906749999,-45.1714002540567],[-72.1495026539999,-45.1710534990567],[-72.1496720359999,-45.1708653410567],[-72.149800507,-45.1703215620567],[-72.1496422749999,-45.1696091810567],[-72.1494122739999,-45.1693888460567],[-72.1488792909999,-45.1691976280567],[-72.1471509679999,-45.1697650790567],[-72.1465419959999,-45.1698419300567]]]}},{"type":"Feature","properties":{"id":"11201021001014","commune":"Aysén","code":"11201","gse":"E","quintil":"Q1","nse_score":608.6,"educ":11.1,"educ_score":540.0,"hacin":1.286,"hacin_class":"Hacinamiento Leve","hacin_score":790.3,"auto_score":166.7,"n_per":45,"n_hog":16,"source_year":2024},"geometry":{"type":"Polygon","coordinates":[[[-72.1441523059999,-45.1733403050567],[-72.1452336099999,-45.1730146740567],[-72.1446901049999,-45.1720786210567],[-72.1439218379999,-45.1720747720567],[-72.1435004449999,-45.1722086140567],[-72.1441523059999,-45.1733403050567]]]}},{"type":"Feature","properties":{"id":"11201021001017","commune":"Aysén","code":"11201","gse":"C3","quintil":"Q3","nse_score":681.3,"educ":11.4,"educ_score":560.0,"hacin":0.812,"hacin_class":"Sin Hacinamiento","hacin_score":891.0,"auto_score":50.0,"n_per":13,"n_hog":8,"source_year":2024},"geometry":{"type":"Polygon","coordinates":[[[-72.1458261109999,-45.1731062550567],[-72.1469289479999,-45.1728153160567],[-72.1466554699999,-45.1722660600567],[-72.1453197369999,-45.1721530380567],[-72.1458261109999,-45.1731062550567]]]}},{"type":"Feature","properties":{"id":"11201021001018","commune":"Aysén","code":"11201","gse":"D","quintil":"Q1","nse_score":613.0,"educ":8.2,"educ_score":346.7,"hacin":1.129,"hacin_class":"Hacinamiento Leve","hacin_score":823.6,"auto_score":45.5,"n_per":35,"n_hog":11,"source_year":2024},"geometry":{"type":"Polygon","coordinates":[[[-72.1427795349999,-45.1734083030567],[-72.143925942,-45.1731289600567],[-72.1434244039999,-45.1722267760567],[-72.1427277249999,-45.1727315090567],[-72.1426555609999,-45.1731779830567],[-72.1427795349999,-45.1734083030567]]]}},{"type":"Feature","properties":{"id":"11201021001019","commune":"Aysén","code":"11201","gse":"D","quintil":"Q2","nse_score":646.1,"educ":10.8,"educ_score":520.0,"hacin":1.269,"hacin_class":"Hacinamiento Leve","hacin_score":793.8,"auto_score":100.0,"n_per":33,"n_hog":12,"source_year":2024},"geometry":{"type":"Polygon","coordinates":[[[-72.1463570279999,-45.1740832780567],[-72.1474584869999,-45.1737861950567],[-72.1469891009999,-45.1729023590567],[-72.1458796859999,-45.1731900780567],[-72.1463570279999,-45.1740832780567]]]}},{"type":"Feature","properties":{"id":"11201021001021","commune":"Aysén","code":"11201","gse":"E","quintil":"Q1","nse_score":509.3,"educ":6.9,"educ_score":260.0,"hacin":1.0,"hacin_class":"Hacinamiento Leve","hacin_score":851.1,"auto_score":62.5,"n_per":15,"n_hog":7,"source_year":2024},"geometry":{"type":"Polygon","coordinates":[[[-72.1447123239999,-45.1743373900567],[-72.1458117449999,-45.1740481630567],[-72.1452724999999,-45.1731074110567],[-72.1441885059999,-45.1734179500567],[-72.1447123239999,-45.1743373900567]]]}},{"type":"Feature","properties":{"id":"11201021001022","commune":"Aysén","code":"11201","gse":"E","quintil":"Q1","nse_score":492.8,"educ":7.3,"educ_score":286.7,"hacin":1.348,"hacin_class":"Hacinamiento Leve","hacin_score":777.1,"auto_score":150.0,"n_per":31,"n_hog":15,"source_year":2024},"geometry":{"type":"Polygon","coordinates":[[[-72.1432032339999,-45.1745937030567],[-72.1445467049999,-45.1743184190567],[-72.1439616899999,-45.1732012090567],[-72.1427566649999,-45.1734840120567],[-72.1432032339999,-45.1745937030567]]]}},{"type":"Feature","properties":{"id":"11201021001023","commune":"Aysén","code":"11201","gse":"E","quintil":"Q1","nse_score":577.5,"educ":8.2,"educ_score":346.7,"hacin":0.964,"hacin_class":"Sin Hacinamiento","hacin_score":858.7,"auto_score":62.5,"n_per":27,"n_hog":14,"source_year":2024},"geometry":{"type":"Polygon","coordinates":[[[-72.1404167829999,-45.1758666230567],[-72.1404649789999,-45.1761071880567],[-72.140784961,-45.1760606170567],[-72.1412161409999,-45.1756574040567],[-72.1432298119999,-45.1750011720567],[-72.1432615439999,-45.1748480250568],[-72.1426676419999,-45.1734067120567],[-72.1419769259999,-45.1732796720567],[-72.1414566899999,-45.1743614940567],[-72.1412807959999,-45.1750659640567],[-72.1404167829999,-45.1758666230567]]]}},{"type":"Feature","properties":{"id":"11201021001029","commune":"Aysén","code":"11201","gse":"E","quintil":"Q1","nse_score":552.6,"educ":8.3,"educ_score":353.3,"hacin":1.263,"hacin_class":"Hacinamiento Leve","hacin_score":795.1,"auto_score":181.8,"n_per":24,"n_hog":9,"source_year":2024},"geometry":{"type":"Polygon","coordinates":[[[-72.1485069919999,-45.1759296190567],[-72.1474725689999,-45.1761339320567],[-72.1477403729999,-45.1765157470567],[-72.1487094979999,-45.1762131860567],[-72.1485069919999,-45.1759296190567]]]}},{"type":"Feature","properties":{"id":"11201021001031","commune":"Aysén","code":"11201","gse":"D","quintil":"Q2","nse_score":644.5,"educ":10.0,"educ_score":466.7,"hacin":0.985,"hacin_class":"Sin Hacinamiento","hacin_score":854.2,"auto_score":166.7,"n_per":134,"n_hog":60,"source_year":2024},"geometry":{"type":"Polygon","coordinates":[[[-72.1476377129999,-45.1779316570567],[-72.1467248109999,-45.1782734930567],[-72.1474977239999,-45.1787789250567],[-72.1481865759999,-45.1783114920567],[-72.1475156639999,-45.1788412260567],[-72.1492588689999,-45.1799863900567],[-72.1494422869999,-45.1800074890567],[-72.1501712259999,-45.1796167060567],[-72.1506399119999,-45.1796447090567],[-72.1502231719999,-45.1789212580567],[-72.1497037569999,-45.1785845280567],[-72.1493079999999,-45.1786263080567],[-72.1489919169999,-45.1784899080567],[-72.1488574319999,-45.1785705040567],[-72.1489874469999,-45.1784536320567],[-72.1493188589999,-45.1785909820567],[-72.1496739659999,-45.1785536930567],[-72.1482813149999,-45.1773954740567],[-72.1476417809999,-45.1764512140567],[-72.1471171409999,-45.1765773930567],[-72.1473112079999,-45.1768994080567],[-72.1470442179999,-45.1765872650568],[-72.1469070159999,-45.1766242100567],[-72.1469739569999,-45.1767870950567],[-72.1465188909999,-45.1768769340567],[-72.146869336,-45.1767504740567],[-72.146828792,-45.1765890910567],[-72.1475873119999,-45.1763840320567],[-72.1472948099999,-45.1759583050567],[-72.1457765459999,-45.1762995320567],[-72.1462410849999,-45.1773310310567],[-72.1472378819999,-45.1771433500567],[-72.1462451039999,-45.1773451060567],[-72.1467009609999,-45.1782518970567],[-72.1476377129999,-45.1779316570567]]]}},{"type":"Feature","properties":{"id":"11201021001032","commune":"Aysén","code":"11201","gse":"E","quintil":"Q1","nse_score":596.7,"educ":9.4,"educ_score":426.7,"hacin":1.129,"hacin_class":"Hacinamiento Leve","hacin_score":823.6,"auto_score":0.0,"n_per":35,"n_hog":15,"source_year":2024},"geometry":{"type":"Polygon","coordinates":[[[-72.1487738519999,-45.1763242630567],[-72.1477527789999,-45.1765335160567],[-72.1483195339999,-45.1773603740567],[-72.1501074849999,-45.1787885150567],[-72.1487738519999,-45.1763242630567]]]}},{"type":"Feature","properties":{"id":"11201021001034","commune":"Aysén","code":"11201","gse":"D","quintil":"Q1","nse_score":644.0,"educ":9.6,"educ_score":440.0,"hacin":1.014,"hacin_class":"Hacinamiento Leve","hacin_score":848.2,"auto_score":229.7,"n_per":75,"n_hog":36,"source_year":2024},"geometry":{"type":"Polygon","coordinates":[[[-72.1458922349999,-45.1793338460567],[-72.1453011429999,-45.1797013270567],[-72.1466378119999,-45.1805686090567],[-72.1481357839999,-45.1794086990567],[-72.1465767849999,-45.1782384550567],[-72.1456839979999,-45.1785283150567],[-72.1465553269999,-45.1782158810567],[-72.1462288979999,-45.1775806680567],[-72.1452401409999,-45.1777802300567],[-72.1462185169999,-45.1775547010567],[-72.1456674009999,-45.1763374110568],[-72.1432861979999,-45.1768413370567],[-72.1439674489999,-45.1788315380567],[-72.1447839399999,-45.1793648340567],[-72.1455904239999,-45.1790257480568],[-72.1448319309999,-45.1793935230567],[-72.1452729419999,-45.1796828270567],[-72.1458922349999,-45.1793338460567]]]}},{"type":"Feature","properties":{"id":"11201021001035","commune":"Aysén","code":"11201","gse":"E","quintil":"Q1","nse_score":586.7,"educ":11.0,"educ_score":533.3,"hacin":1.5,"hacin_class":"Hacinamiento Medio","hacin_score":744.7,"auto_score":125.0,"n_per":27,"n_hog":10,"source_year":2024},"geometry":{"type":"Polygon","coordinates":[[[-72.1598076369999,-45.1832795360567],[-72.1605824219999,-45.1825513020567],[-72.1562971909999,-45.1812871430567],[-72.1536227869999,-45.1806559710568],[-72.1523825339999,-45.1800423620567],[-72.1517094529999,-45.1788195190567],[-72.1513568159999,-45.1775320140567],[-72.1510849349999,-45.1772992380567],[-72.1509989909999,-45.1767166980567],[-72.1493972,-45.1771536440567],[-72.1506550079999,-45.1795295800567],[-72.1510157159999,-45.1798462080568],[-72.1533124019999,-45.1810192460567],[-72.1590118419999,-45.1829087550567],[-72.1598076369999,-45.1832795360567]]]}},{"type":"Feature","properties":{"id":"11201021001036","commune":"Aysén","code":"11201","gse":"C3","quintil":"Q3","nse_score":678.9,"educ":10.2,"educ_score":480.0,"hacin":1.4,"hacin_class":"Hacinamiento Leve","hacin_score":766.0,"auto_score":333.3,"n_per":56,"n_hog":21,"source_year":2024},"geometry":{"type":"Polygon","coordinates":[[[-72.1438351809999,-45.1804188160567],[-72.1442229159999,-45.1809595830567],[-72.1449837299999,-45.1804581420568],[-72.14587796,-45.1811375330567],[-72.1465325789999,-45.1806118560567],[-72.1439003319999,-45.1788428500568],[-72.1432041469999,-45.1768483070567],[-72.14182962,-45.1770926630567],[-72.142791729,-45.1783230980567],[-72.1438351809999,-45.1804188160567]]]}},{"type":"Feature","properties":{"id":"11201021001039","commune":"Aysén","code":"11201","gse":"D","quintil":"Q2","nse_score":646.7,"educ":9.1,"educ_score":406.7,"hacin":1.056,"hacin_class":"Hacinamiento Leve","hacin_score":839.2,"auto_score":129.0,"n_per":76,"n_hog":32,"source_year":2024},"geometry":{"type":"Polygon","coordinates":[[[-72.1473548579999,-45.1811108070567],[-72.1498557209999,-45.1820852340567],[-72.1500605999999,-45.1820091870567],[-72.1507848139999,-45.1811957750567],[-72.1501773459999,-45.1807443590567],[-72.1495610869999,-45.1812038620567],[-72.1497220549999,-45.1812970540567],[-72.1494614889999,-45.1812540870567],[-72.1501585649999,-45.1807321820567],[-72.1482144839999,-45.1794692460567],[-72.1467160939999,-45.1806075520567],[-72.1473548579999,-45.1811108070567]]]}},{"type":"Feature","properties":{"id":"11201021001040","commune":"Aysén","code":"11201","gse":"C3","quintil":"Q3","nse_score":685.1,"educ":11.8,"educ_score":586.7,"hacin":1.439,"hacin_class":"Hacinamiento Leve","hacin_score":757.7,"auto_score":250.0,"n_per":59,"n_hog":23,"source_year":2024},"geometry":{"type":"Polygon","coordinates":[[[-72.1494359129999,-45.1800971150568],[-72.1524600459999,-45.1821885450567],[-72.1535238699999,-45.1827942480567],[-72.1546400789999,-45.1815983250567],[-72.1519023099999,-45.1804220480567],[-72.1515496839999,-45.1808498080567],[-72.1515723339999,-45.1812474610567],[-72.1514690619999,-45.1809099550567],[-72.1518171999999,-45.1803744190567],[-72.1507811109999,-45.1797939520567],[-72.1507452679999,-45.1802302590567],[-72.1506738239999,-45.1803182240567],[-72.1507574779999,-45.1797793130567],[-72.1504193159999,-45.1796447630567],[-72.1501431799999,-45.1796610920567],[-72.1494359129999,-45.1800971150568]]]}},{"type":"Feature","properties":{"id":"11201021001041","commune":"Aysén","code":"11201","gse":"C3","quintil":"Q3","nse_score":698.9,"educ":11.0,"educ_score":533.3,"hacin":1.405,"hacin_class":"Hacinamiento Leve","hacin_score":764.9,"auto_score":280.5,"n_per":118,"n_hog":38,"source_year":2024},"geometry":{"type":"Polygon","coordinates":[[[-72.1478898919999,-45.1831443790567],[-72.1486038149999,-45.1819197680567],[-72.1496874389999,-45.1823017700567],[-72.1498673959999,-45.1821503050567],[-72.1473113929999,-45.1811553240567],[-72.1466268659999,-45.1806822190567],[-72.1461030589999,-45.1810415540567],[-72.14668703,-45.1814442920567],[-72.1460519169999,-45.1810816760567],[-72.1452893329999,-45.1816799350567],[-72.1455893709999,-45.1818930640567],[-72.1458331249999,-45.1816908750567],[-72.1459681039999,-45.1817034370567],[-72.1462785509999,-45.1819074990567],[-72.1458871789999,-45.1817325220567],[-72.1456375719999,-45.1819363680567],[-72.1478898919999,-45.1831443790567]]]}},{"type":"Feature","properties":{"id":"11201021001042","commune":"Aysén","code":"11201","gse":"E","quintil":"Q1","nse_score":565.3,"educ":9.0,"educ_score":400.0,"hacin":1.0,"hacin_class":"Hacinamiento Leve","hacin_score":851.1,"auto_score":125.0,"n_per":10,"n_hog":6,"source_year":2024},"geometry":{"type":"Polygon","coordinates":[[[-72.1500729969999,-45.1821018900567],[-72.1536998819999,-45.1829721960567],[-72.1509328749999,-45.1812574690567],[-72.1500729969999,-45.1821018900567]]]}},{"type":"Feature","properties":{"id":"11201021001043","commune":"Aysén","code":"11201","gse":"C3","quintil":"Q2","nse_score":678.6,"educ":11.1,"educ_score":540.0,"hacin":1.222,"hacin_class":"Hacinamiento Leve","hacin_score":803.8,"auto_score":285.7,"n_per":33,"n_hog":14,"source_year":2024},"geometry":{"type":"Polygon","coordinates":[[[-72.1539398359999,-45.1830002970567],[-72.1569500269999,-45.1837034700567],[-72.1572586059999,-45.1830919610567],[-72.1569813859999,-45.1837032360567],[-72.1586709569999,-45.1840383610567],[-72.158904849,-45.1839763260567],[-72.1596135489999,-45.1832888180567],[-72.1547527219999,-45.1816277100567],[-72.1536259039999,-45.1828325170567],[-72.1539398359999,-45.1830002970567]]]}},{"type":"Feature","properties":{"id":"11201021001045","commune":"Aysén","code":"11201","gse":"D","quintil":"Q2","nse_score":649.2,"educ":9.5,"educ_score":433.3,"hacin":1.35,"hacin_class":"Hacinamiento Leve","hacin_score":776.6,"auto_score":35.7,"n_per":27,"n_hog":13,"source_year":2024},"geometry":{"type":"Polygon","coordinates":[[[-72.148385345,-45.1828436230567],[-72.1489738999999,-45.1830673190567],[-72.1496578289999,-45.1823415780567],[-72.1490115409999,-45.1821323210567],[-72.148385345,-45.1828436230567]]]}},{"type":"Feature","properties":{"id":"11201021001046","commune":"Aysén","code":"11201","gse":"D","quintil":"Q1","nse_score":643.4,"educ":10.4,"educ_score":493.3,"hacin":1.145,"hacin_class":"Hacinamiento Leve","hacin_score":820.2,"auto_score":216.2,"n_per":79,"n_hog":37,"source_year":2024},"geometry":{"type":"Polygon","coordinates":[[[-72.1500334099999,-45.1821991320567],[-72.1486272849999,-45.1835558380567],[-72.149393013,-45.1839267270567],[-72.1497078369999,-45.1835323850567],[-72.1496759259999,-45.1836455380567],[-72.1500693969999,-45.1835475880567],[-72.1504685979999,-45.1835410730567],[-72.1496372619999,-45.1836939670567],[-72.149434245,-45.1839482660567],[-72.149768278,-45.1841006930567],[-72.1518764849999,-45.1841159910567],[-72.1521888229999,-45.1840199360567],[-72.1519491969999,-45.1841328630567],[-72.153305772,-45.1841119330567],[-72.1577138319999,-45.1851076850567],[-72.1587535429999,-45.1841274290567],[-72.1589951379999,-45.1840446310567],[-72.1597401829999,-45.1833453270567],[-72.1587506319999,-45.1841029830567],[-72.1548375579999,-45.1832689370567],[-72.1544656769999,-45.1841557320568],[-72.1547734789999,-45.1832538080567],[-72.1532114909999,-45.1829332490567],[-72.1527105019999,-45.1838476810567],[-72.1531099859999,-45.1830101190567],[-72.1527957839999,-45.1829942130567],[-72.1520422849999,-45.1827574380567],[-72.1528087659999,-45.1829685830567],[-72.153173696,-45.1829257810567],[-72.1500334099999,-45.1821991320567]]]}},{"type":"Feature","properties":{"id":"11201021001001","commune":"Aysén","code":"11201","gse":"E","quintil":"Q1","nse_score":590.9,"educ":9.8,"educ_score":453.3,"hacin":0.846,"hacin_class":"Sin Hacinamiento","hacin_score":883.8,"auto_score":222.2,"n_per":11,"n_hog":6,"source_year":2024},"geometry":{"type":"MultiPolygon","coordinates":[[[[-72.1403198429999,-45.1673019570567],[-72.1407049099999,-45.1678915490567],[-72.1415843439999,-45.1682114830567],[-72.1423079879999,-45.1688094920567],[-72.1431623509999,-45.1685205770567],[-72.1424544159999,-45.1672838870567],[-72.1416154629999,-45.1674840800567],[-72.1414122319999,-45.1672364730567],[-72.1406324359999,-45.1669463340567],[-72.1403198429999,-45.1673019570567]]],[[[-72.1393725529999,-45.1655790500567],[-72.1401929029999,-45.1669712500567],[-72.1405044649999,-45.1668150140567],[-72.1404979629999,-45.1662508120567],[-72.1413780739999,-45.1660549660567],[-72.1413693699999,-45.1658385620567],[-72.1420813219999,-45.1656309850567],[-72.1419601859999,-45.1650433460567],[-72.1393725529999,-45.1655790500567]]]]}},{"type":"Feature","properties":{"id":"11201021001012","commune":"Aysén","code":"11201","gse":"E","quintil":"Q1","nse_score":590.1,"educ":13.0,"educ_score":666.7,"hacin":1.5,"hacin_class":"Hacinamiento Medio","hacin_score":744.7,"auto_score":0.0,"n_per":12,"n_hog":4,"source_year":2024},"geometry":{"type":"MultiPolygon","coordinates":[[[[-72.1417179269999,-45.1727329950567],[-72.1420621839999,-45.1732935810567],[-72.1426355249999,-45.1733524810567],[-72.1426117969999,-45.1732387450567],[-72.1422867809999,-45.1732279300567],[-72.1423648099999,-45.1731949410567],[-72.1418047879999,-45.1727447970567],[-72.1426019629999,-45.1732025130567],[-72.1427693649999,-45.1725797350567],[-72.1433729009999,-45.1721021530567],[-72.1428068229999,-45.1715992240567],[-72.1415005439999,-45.1697162470567],[-72.1411435799999,-45.1698436270567],[-72.1416554309999,-45.1706204670567],[-72.1415258389999,-45.1707021450567],[-72.1422952689999,-45.1718253000567],[-72.1421348049999,-45.1719075220567],[-72.1421529049999,-45.1720794610567],[-72.1417179269999,-45.1727329950567]]],[[[-72.1413153759999,-45.1693605730567],[-72.1417001699999,-45.1699107040567],[-72.1417653439999,-45.1695879560567],[-72.1416569249999,-45.1694671200567],[-72.1418127549999,-45.1695737080567],[-72.1417383419999,-45.1699642420567],[-72.1428535409999,-45.1715835910567],[-72.1434363999999,-45.1720830170567],[-72.1444197419999,-45.1720156030567],[-72.146202146,-45.1721280320567],[-72.1464993249999,-45.1720022940567],[-72.1460555669999,-45.1712168420567],[-72.1455589709999,-45.1706863990567],[-72.1451012469999,-45.1709842000568],[-72.1437966359999,-45.1712241630567],[-72.1433758069999,-45.1710402110567],[-72.1428702169999,-45.1702496320567],[-72.1417742049999,-45.1693277100567],[-72.1416087869999,-45.1692304600567],[-72.1413153759999,-45.1693605730567]]]]}},{"type":"Feature","properties":{"id":"11201021001047","commune":"Aysén","code":"11201","gse":"E","quintil":"Q1","nse_score":610.3,"educ":9.9,"educ_score":460.0,"hacin":1.454,"hacin_class":"Hacinamiento Leve","hacin_score":754.4,"auto_score":285.7,"n_per":16,"n_hog":5,"source_year":2024},"geometry":{"type":"MultiPolygon","coordinates":[[[[-72.1479176299999,-45.1832297700567],[-72.1485731699999,-45.1834996970567],[-72.1489040159999,-45.1831276380567],[-72.1481436819999,-45.1828452750567],[-72.1479176299999,-45.1832297700567]]],[[[-72.1490580349999,-45.1843329640568],[-72.1493880889999,-45.1839694870567],[-72.1470826109999,-45.1828288480567],[-72.1467270549999,-45.1831806810567],[-72.1490580349999,-45.1843329640568]]]]}},{"type":"Feature","properties":{"id":"11201021001024","commune":"Aysén","code":"11201","gse":"D","quintil":"Q1","nse_score":632.2,"educ":10.1,"educ_score":473.3,"hacin":1.0,"hacin_class":"Hacinamiento Leve","hacin_score":851.1,"auto_score":62.5,"n_per":15,"n_hog":6,"source_year":2024},"geometry":{"type":"MultiPolygon","coordinates":[[[[-72.1457453099999,-45.1762373030567],[-72.1472367179999,-45.1758700940567],[-72.1461119289999,-45.1741572680567],[-72.1459115759999,-45.1741076960567],[-72.1447476279999,-45.1744685140567],[-72.1457453099999,-45.1762373030567]]],[[[-72.1475080199999,-45.1738685090567],[-72.1461781269999,-45.1741504130567],[-72.1474587129999,-45.1761149390567],[-72.1484557209999,-45.1758665800567],[-72.1475080199999,-45.1738685090567]]]]}},{"type":"Feature","properties":{"id":"11201021001026","commune":"Aysén","code":"11201","gse":"E","quintil":"Q1","nse_score":604.6,"educ":10.2,"educ_score":480.0,"hacin":1.222,"hacin_class":"Hacinamiento Leve","hacin_score":803.8,"auto_score":71.4,"n_per":11,"n_hog":6,"source_year":2024},"geometry":{"type":"MultiPolygon","coordinates":[[[[-72.1404722379999,-45.1761434240567],[-72.1406959839999,-45.1772602010567],[-72.1431986409999,-45.1768122270567],[-72.1431590039999,-45.1755538480567],[-72.1432628299999,-45.1751118190567],[-72.1412469469999,-45.1756869640568],[-72.1408299139999,-45.1760809740567],[-72.1404722379999,-45.1761434240567]]],[[[-72.1432711079999,-45.1767795120567],[-72.1456200439999,-45.1762709670567],[-72.1446099649999,-45.1743826540567],[-72.1432416179999,-45.1746563470567],[-72.1433608389999,-45.1750614580567],[-72.1432116599999,-45.1758093350567],[-72.1432711079999,-45.1767795120567]]]]}},{"type":"Feature","properties":{"id":"11201041001002","commune":"Aysén","code":"11201","gse":"C1","quintil":"Q5","nse_score":760.2,"educ":14.0,"educ_score":733.3,"hacin":1.036,"hacin_class":"Hacinamiento Leve","hacin_score":843.5,"auto_score":275.9,"n_per":116,"n_hog":47,"source_year":2024},"geometry":{"type":"Polygon","coordinates":[[[-72.6838540619999,-45.4062048350568],[-72.683425413,-45.4068305150568],[-72.6839603519999,-45.4070082690568],[-72.6844219879999,-45.4064877600568],[-72.6840409179999,-45.4070191490568],[-72.6843992929999,-45.4071760260568],[-72.6848922309999,-45.4066724650568],[-72.6845181709999,-45.4072147290568],[-72.6849156309999,-45.4073527200568],[-72.6853036679999,-45.4069287990568],[-72.6850002579999,-45.4073784150568],[-72.6855259879999,-45.4077167830568],[-72.6857381339999,-45.4076840050568],[-72.6857805209999,-45.4073275610568],[-72.6858301019999,-45.4076945770568],[-72.6862995999999,-45.4076721670568],[-72.6862959699999,-45.4072863100568],[-72.6864602129999,-45.4076718730568],[-72.6883411359999,-45.4075604440568],[-72.6843212519999,-45.4058291480568],[-72.6838540619999,-45.4062048350568]]]}},{"type":"Feature","properties":{"id":"11201041001004","commune":"Aysén","code":"11201","gse":"C2","quintil":"Q4","nse_score":724.7,"educ":13.1,"educ_score":673.3,"hacin":1.12,"hacin_class":"Hacinamiento Leve","hacin_score":825.5,"auto_score":153.8,"n_per":28,"n_hog":11,"source_year":2024},"geometry":{"type":"Polygon","coordinates":[[[-72.6832990289999,-45.4069565600568],[-72.6834379129999,-45.4078379920568],[-72.6854043749999,-45.4077079740568],[-72.6853267969999,-45.4075738480568],[-72.6840512209999,-45.4071201990568],[-72.6838996109999,-45.4074542490568],[-72.6840107809999,-45.4071054800568],[-72.6834108289999,-45.4068954670568],[-72.6832990289999,-45.4069565600568]]]}},{"type":"Feature","properties":{"id":"11201041001007","commune":"Aysén","code":"11201","gse":"C1","quintil":"Q5","nse_score":765.4,"educ":14.2,"educ_score":746.7,"hacin":1.115,"hacin_class":"Hacinamiento Leve","hacin_score":826.5,"auto_score":281.2,"n_per":29,"n_hog":13,"source_year":2024},"geometry":{"type":"Polygon","coordinates":[[[-72.6864635629999,-45.4077562630568],[-72.6865115009999,-45.4083283500568],[-72.6870653099999,-45.4082831950568],[-72.6870144479999,-45.4077439360568],[-72.6864635629999,-45.4077562630568]]]}},{"type":"Feature","properties":{"id":"11201041001008","commune":"Aysén","code":"11201","gse":"ABC1","quintil":"Q5","nse_score":800.8,"educ":14.2,"educ_score":746.7,"hacin":1.148,"hacin_class":"Hacinamiento Leve","hacin_score":819.5,"auto_score":343.8,"n_per":31,"n_hog":15,"source_year":2024},"geometry":{"type":"Polygon","coordinates":[[[-72.6858400109999,-45.4077835760568],[-72.6859054029999,-45.4083729260568],[-72.6864325449999,-45.4083335960568],[-72.686367549,-45.4077817660568],[-72.6858400109999,-45.4077835760568]]]}},{"type":"Feature","properties":{"id":"11201041001009","commune":"Aysén","code":"11201","gse":"ABC1","quintil":"Q5","nse_score":805.0,"educ":16.0,"educ_score":866.7,"hacin":1.214,"hacin_class":"Hacinamiento Leve","hacin_score":805.5,"auto_score":333.3,"n_per":17,"n_hog":6,"source_year":2024},"geometry":{"type":"Polygon","coordinates":[[[-72.6853871019999,-45.4084219520568],[-72.6858330159999,-45.4083633960568],[-72.6857392059999,-45.4078009030568],[-72.6852768939999,-45.4078460830568],[-72.6853871019999,-45.4084219520568]]]}},{"type":"Feature","properties":{"id":"11201041001010","commune":"Aysén","code":"11201","gse":"E","quintil":"Q1","nse_score":478.2,"educ":7.0,"educ_score":266.7,"hacin":2.0,"hacin_class":"Hacinamiento Medio","hacin_score":638.3,"auto_score":0.0,"n_per":13,"n_hog":0,"source_year":2024},"geometry":{"type":"Polygon","coordinates":[[[-72.6836654219999,-45.4093944860568],[-72.6853177799999,-45.4092812360568],[-72.6851390269999,-45.4078511740568],[-72.6834342159999,-45.4079646060568],[-72.6836654219999,-45.4093944860568]]]}},{"type":"Feature","properties":{"id":"11201041001013","commune":"Aysén","code":"11201","gse":"C3","quintil":"Q2","nse_score":675.5,"educ":10.7,"educ_score":513.3,"hacin":1.25,"hacin_class":"Hacinamiento Leve","hacin_score":797.9,"auto_score":115.4,"n_per":55,"n_hog":22,"source_year":2024},"geometry":{"type":"Polygon","coordinates":[[[-72.6854379189999,-45.4088651190568],[-72.6872128009999,-45.4087672190568],[-72.6872725899999,-45.4087229130568],[-72.6870253609999,-45.4083687100568],[-72.6854535149999,-45.4084750760568],[-72.6853571169999,-45.4085479460568],[-72.6854379189999,-45.4088651190568]]]}},{"type":"Feature","properties":{"id":"11201041001015","commune":"Aysén","code":"11201","gse":"C2","quintil":"Q3","nse_score":709.7,"educ":11.9,"educ_score":593.3,"hacin":1.321,"hacin_class":"Hacinamiento Leve","hacin_score":782.8,"auto_score":166.7,"n_per":70,"n_hog":23,"source_year":2024},"geometry":{"type":"Polygon","coordinates":[[[-72.6854645069999,-45.4089243120568],[-72.6854996849999,-45.4092842860568],[-72.6873875479999,-45.4091012980568],[-72.6872868129999,-45.4088089120568],[-72.6854645069999,-45.4089243120568]]]}},{"type":"Feature","properties":{"id":"11201041001016","commune":"Aysén","code":"11201","gse":"E","quintil":"Q1","nse_score":546.5,"educ":10.1,"educ_score":473.3,"hacin":1.667,"hacin_class":"Hacinamiento Medio","hacin_score":709.2,"auto_score":83.3,"n_per":40,"n_hog":12,"source_year":2024},"geometry":{"type":"Polygon","coordinates":[[[-72.6885620229999,-45.4102237170568],[-72.6884763429999,-45.4092024080568],[-72.6881195599999,-45.4092005610568],[-72.6881832529999,-45.4102246610568],[-72.6885620229999,-45.4102237170568]]]}},{"type":"Feature","properties":{"id":"11201041001017","commune":"Aysén","code":"11201","gse":"D","quintil":"Q1","nse_score":631.6,"educ":8.9,"educ_score":393.3,"hacin":0.95,"hacin_class":"Sin Hacinamiento","hacin_score":861.7,"auto_score":157.9,"n_per":38,"n_hog":19,"source_year":2024},"geometry":{"type":"Polygon","coordinates":[[[-72.6880677869999,-45.4102332120568],[-72.6879879639999,-45.4092316960568],[-72.6875188559999,-45.4092419810568],[-72.6875801459999,-45.4102411230568],[-72.6880677869999,-45.4102332120568]]]}},{"type":"Feature","properties":{"id":"11201041001018","commune":"Aysén","code":"11201","gse":"D","quintil":"Q2","nse_score":648.5,"educ":9.8,"educ_score":453.3,"hacin":1.206,"hacin_class":"Hacinamiento Leve","hacin_score":807.3,"auto_score":218.8,"n_per":41,"n_hog":15,"source_year":2024},"geometry":{"type":"Polygon","coordinates":[[[-72.6867956209999,-45.4099906870568],[-72.6874784019999,-45.4099824400569],[-72.6873826549999,-45.4092669580568],[-72.6867275229999,-45.4092987180568],[-72.6867956209999,-45.4099906870568]]]}},{"type":"Feature","properties":{"id":"11201041001021","commune":"Aysén","code":"11201","gse":"E","quintil":"Q1","nse_score":610.9,"educ":8.9,"educ_score":393.3,"hacin":1.509,"hacin_class":"Hacinamiento Medio","hacin_score":742.7,"auto_score":57.7,"n_per":80,"n_hog":27,"source_year":2024},"geometry":{"type":"Polygon","coordinates":[[[-72.6903641959999,-45.4100524820568],[-72.6902776039999,-45.4097176910568],[-72.6886252009999,-45.4099066940568],[-72.6886855759999,-45.4102403320568],[-72.6903641959999,-45.4100524820568]]]}},{"type":"Feature","properties":{"id":"11201041001022","commune":"Aysén","code":"11201","gse":"D","quintil":"Q1","nse_score":629.7,"educ":10.2,"educ_score":480.0,"hacin":1.472,"hacin_class":"Hacinamiento Leve","hacin_score":750.6,"auto_score":62.5,"n_per":53,"n_hog":16,"source_year":2024},"geometry":{"type":"Polygon","coordinates":[[[-72.6905935389999,-45.4104834910568],[-72.6917540729999,-45.4104199870568],[-72.6918022569999,-45.4103563360568],[-72.6914423539999,-45.4100789310568],[-72.6905313939999,-45.4101290790568],[-72.6905935389999,-45.4104834910568]]]}},{"type":"Feature","properties":{"id":"11201041001023","commune":"Aysén","code":"11201","gse":"D","quintil":"Q2","nse_score":655.1,"educ":10.8,"educ_score":520.0,"hacin":1.259,"hacin_class":"Hacinamiento Leve","hacin_score":796.0,"auto_score":62.5,"n_per":73,"n_hog":23,"source_year":2024},"geometry":{"type":"Polygon","coordinates":[[[-72.6903425099999,-45.4105055830568],[-72.6903171409999,-45.4101400120568],[-72.6886689949999,-45.4103457640568],[-72.6887128879999,-45.4106596780568],[-72.6903425099999,-45.4105055830568]]]}},{"type":"Feature","properties":{"id":"11201041001024","commune":"Aysén","code":"11201","gse":"ABC1","quintil":"Q5","nse_score":816.6,"educ":14.2,"educ_score":746.7,"hacin":1.115,"hacin_class":"Hacinamiento Leve","hacin_score":826.5,"auto_score":350.0,"n_per":58,"n_hog":21,"source_year":2024},"geometry":{"type":"Polygon","coordinates":[[[-72.685372174,-45.4101678180568],[-72.6846234509999,-45.4102288770568],[-72.6846892299999,-45.4108875490568],[-72.685496397,-45.4108229800568],[-72.685372174,-45.4101678180568]]]}},{"type":"Feature","properties":{"id":"11201041001025","commune":"Aysén","code":"11201","gse":"C1","quintil":"Q5","nse_score":774.8,"educ":13.2,"educ_score":680.0,"hacin":1.04,"hacin_class":"Hacinamiento Leve","hacin_score":842.6,"auto_score":225.0,"n_per":52,"n_hog":20,"source_year":2024},"geometry":{"type":"Polygon","coordinates":[[[-72.6838380259999,-45.4109570090568],[-72.6846051759999,-45.4108906830568],[-72.6845308009999,-45.4102336480568],[-72.6837275259999,-45.4102866250568],[-72.6838380259999,-45.4109570090568]]]}},{"type":"Feature","properties":{"id":"11201041001026","commune":"Aysén","code":"11201","gse":"D","quintil":"Q1","nse_score":638.3,"educ":8.3,"educ_score":353.3,"hacin":1.242,"hacin_class":"Hacinamiento Leve","hacin_score":799.5,"auto_score":178.6,"n_per":41,"n_hog":13,"source_year":2024},"geometry":{"type":"Polygon","coordinates":[[[-72.6877108459999,-45.4107306460568],[-72.6885315399999,-45.4106770570568],[-72.6885367449999,-45.4103571120568],[-72.6876493259999,-45.4103746710568],[-72.6877108459999,-45.4107306460568]]]}},{"type":"Feature","properties":{"id":"11201041001027","commune":"Aysén","code":"11201","gse":"D","quintil":"Q2","nse_score":662.2,"educ":10.4,"educ_score":493.3,"hacin":1.226,"hacin_class":"Hacinamiento Leve","hacin_score":803.0,"auto_score":40.0,"n_per":76,"n_hog":24,"source_year":2024},"geometry":{"type":"Polygon","coordinates":[[[-72.6911373439999,-45.4105363580568],[-72.6912445559999,-45.4116152730568],[-72.6917237879999,-45.4115799670568],[-72.691662919,-45.4105427460568],[-72.6911373439999,-45.4105363580568]]]}},{"type":"Feature","properties":{"id":"11201041001028","commune":"Aysén","code":"11201","gse":"C3","quintil":"Q3","nse_score":687.3,"educ":11.0,"educ_score":533.3,"hacin":1.379,"hacin_class":"Hacinamiento Leve","hacin_score":770.4,"auto_score":0.0,"n_per":80,"n_hog":27,"source_year":2024},"geometry":{"type":"Polygon","coordinates":[[[-72.6907323829999,-45.4116909650568],[-72.6911999089999,-45.4116257920568],[-72.6910643229999,-45.4105146160568],[-72.6905442499999,-45.4105920100568],[-72.6907323829999,-45.4116909650568]]]}},{"type":"Feature","properties":{"id":"11201041001031","commune":"Aysén","code":"11201","gse":"E","quintil":"Q1","nse_score":599.2,"educ":9.4,"educ_score":426.7,"hacin":1.179,"hacin_class":"Hacinamiento Leve","hacin_score":813.1,"auto_score":269.2,"n_per":33,"n_hog":13,"source_year":2024},"geometry":{"type":"Polygon","coordinates":[[[-72.6917229439999,-45.4105680290568],[-72.6918061069999,-45.4115153280568],[-72.6922196769999,-45.4114920080568],[-72.6920744749999,-45.4108068260568],[-72.6917229439999,-45.4105680290568]]]}},{"type":"Feature","properties":{"id":"11201041001032","commune":"Aysén","code":"11201","gse":"C2","quintil":"Q4","nse_score":745.7,"educ":12.0,"educ_score":600.0,"hacin":1.125,"hacin_class":"Hacinamiento Leve","hacin_score":824.5,"auto_score":166.7,"n_per":36,"n_hog":11,"source_year":2024},"geometry":{"type":"Polygon","coordinates":[[[-72.6897743469999,-45.4109254930568],[-72.6904325189999,-45.4108843080568],[-72.6904483619999,-45.4106341990568],[-72.6897639609999,-45.4106310590568],[-72.6897743469999,-45.4109254930568]]]}},{"type":"Feature","properties":{"id":"11201041001033","commune":"Aysén","code":"11201","gse":"C3","quintil":"Q3","nse_score":691.5,"educ":10.3,"educ_score":486.7,"hacin":1.151,"hacin_class":"Hacinamiento Leve","hacin_score":818.8,"auto_score":139.5,"n_per":114,"n_hog":44,"source_year":2024},"geometry":{"type":"Polygon","coordinates":[[[-72.6887305939999,-45.4107810480568],[-72.6888888129999,-45.4117950410568],[-72.6897508999999,-45.4117398330568],[-72.6896773909999,-45.4110206220568],[-72.6890317559999,-45.4110320840568],[-72.6896513439999,-45.4109324010568],[-72.6896509279999,-45.4106567300568],[-72.6887305939999,-45.4107810480568]]]}},{"type":"Feature","properties":{"id":"11201041001034","commune":"Aysén","code":"11201","gse":"C3","quintil":"Q3","nse_score":680.3,"educ":11.2,"educ_score":546.7,"hacin":1.378,"hacin_class":"Hacinamiento Leve","hacin_score":770.6,"auto_score":152.2,"n_per":51,"n_hog":21,"source_year":2024},"geometry":{"type":"Polygon","coordinates":[[[-72.6877840399999,-45.4118299930568],[-72.6887919889999,-45.4117956410568],[-72.6886324439999,-45.4107541100568],[-72.6876682349999,-45.4108260300568],[-72.6877840399999,-45.4118299930568]]]}},{"type":"Feature","properties":{"id":"11201041001035","commune":"Aysén","code":"11201","gse":"C3","quintil":"Q3","nse_score":693.5,"educ":10.7,"educ_score":513.3,"hacin":1.138,"hacin_class":"Hacinamiento Leve","hacin_score":821.7,"auto_score":250.0,"n_per":33,"n_hog":11,"source_year":2024},"geometry":{"type":"Polygon","coordinates":[[[-72.6875355509999,-45.4108129170568],[-72.6867274429999,-45.4108788730568],[-72.6868667259999,-45.4119327830568],[-72.6876977639999,-45.4118615750568],[-72.6875355509999,-45.4108129170568]]]}},{"type":"Feature","properties":{"id":"11201041001036","commune":"Aysén","code":"11201","gse":"ABC1","quintil":"Q5","nse_score":835.5,"educ":15.1,"educ_score":806.7,"hacin":1.107,"hacin_class":"Hacinamiento Leve","hacin_score":828.3,"auto_score":357.1,"n_per":31,"n_hog":14,"source_year":2024},"geometry":{"type":"Polygon","coordinates":[[[-72.6858283349999,-45.4119904260568],[-72.6867453769999,-45.4119222240568],[-72.686609158,-45.4108742770568],[-72.6856567599999,-45.4109519560568],[-72.6858283349999,-45.4119904260568]]]}},{"type":"Feature","properties":{"id":"11201041001037","commune":"Aysén","code":"11201","gse":"C2","quintil":"Q4","nse_score":752.0,"educ":12.6,"educ_score":640.0,"hacin":1.034,"hacin_class":"Hacinamiento Leve","hacin_score":843.7,"auto_score":285.7,"n_per":60,"n_hog":28,"source_year":2024},"geometry":{"type":"Polygon","coordinates":[[[-72.6854693459999,-45.4109311890568],[-72.6847004459999,-45.4109996570568],[-72.6848335709999,-45.4120432140568],[-72.6856435189999,-45.4119615530568],[-72.6854693459999,-45.4109311890568]]]}},{"type":"Feature","properties":{"id":"11201041001038","commune":"Aysén","code":"11201","gse":"D","quintil":"Q1","nse_score":637.0,"educ":10.1,"educ_score":473.3,"hacin":1.316,"hacin_class":"Hacinamiento Leve","hacin_score":783.9,"auto_score":104.2,"n_per":50,"n_hog":22,"source_year":2024},"geometry":{"type":"Polygon","coordinates":[[[-72.6897694529999,-45.4110116340568],[-72.689833759,-45.4117381660568],[-72.6905472459999,-45.4116792900568],[-72.6904701029999,-45.4109660780568],[-72.6897694529999,-45.4110116340568]]]}},{"type":"Feature","properties":{"id":"11201041001039","commune":"Aysén","code":"11201","gse":"C2","quintil":"Q4","nse_score":713.2,"educ":11.4,"educ_score":560.0,"hacin":1.097,"hacin_class":"Hacinamiento Leve","hacin_score":830.5,"auto_score":183.3,"n_per":68,"n_hog":27,"source_year":2024},"geometry":{"type":"Polygon","coordinates":[[[-72.6840008269999,-45.4121183070568],[-72.6847334549999,-45.4120231510568],[-72.6846031039999,-45.4109960170568],[-72.6838033409999,-45.4110529540568],[-72.6840008269999,-45.4121183070568]]]}},{"type":"Feature","properties":{"id":"11201041001040","commune":"Aysén","code":"11201","gse":"C2","quintil":"Q4","nse_score":717.7,"educ":11.7,"educ_score":580.0,"hacin":1.278,"hacin_class":"Hacinamiento Leve","hacin_score":792.0,"auto_score":314.8,"n_per":69,"n_hog":26,"source_year":2024},"geometry":{"type":"Polygon","coordinates":[[[-72.6933327399999,-45.4127071690568],[-72.6937790639999,-45.4126287710568],[-72.6936771659999,-45.4116490270568],[-72.6933419419999,-45.4113846740568],[-72.6931498559999,-45.4114543600568],[-72.6933327399999,-45.4127071690568]]]}},{"type":"Feature","properties":{"id":"11201041001041","commune":"Aysén","code":"11201","gse":"C3","quintil":"Q3","nse_score":702.2,"educ":11.5,"educ_score":566.7,"hacin":1.439,"hacin_class":"Hacinamiento Leve","hacin_score":757.6,"auto_score":275.9,"n_per":95,"n_hog":27,"source_year":2024},"geometry":{"type":"Polygon","coordinates":[[[-72.6926942989999,-45.4127425270568],[-72.6931903009999,-45.4126667190568],[-72.6930375679999,-45.4114380200568],[-72.6924927909999,-45.4115443650568],[-72.6926942989999,-45.4127425270568]]]}},{"type":"Feature","properties":{"id":"11201041001042","commune":"Aysén","code":"11201","gse":"C3","quintil":"Q3","nse_score":697.4,"educ":11.8,"educ_score":586.7,"hacin":1.302,"hacin_class":"Hacinamiento Leve","hacin_score":786.8,"auto_score":250.0,"n_per":69,"n_hog":29,"source_year":2024},"geometry":{"type":"Polygon","coordinates":[[[-72.6923930589999,-45.4115618710568],[-72.6918239409999,-45.4116587100568],[-72.6919970229999,-45.4127815800568],[-72.692532593,-45.4127003900568],[-72.6923930589999,-45.4115618710568]]]}},{"type":"Feature","properties":{"id":"11201041001043","commune":"Aysén","code":"11201","gse":"D","quintil":"Q1","nse_score":638.2,"educ":10.1,"educ_score":473.3,"hacin":1.362,"hacin_class":"Hacinamiento Leve","hacin_score":774.1,"auto_score":183.3,"n_per":64,"n_hog":29,"source_year":2024},"geometry":{"type":"Polygon","coordinates":[[[-72.6917650119999,-45.4116638560568],[-72.6912583629999,-45.4117535330568],[-72.6914170699999,-45.4128218720568],[-72.6918965849999,-45.4127506140568],[-72.6917650119999,-45.4116638560568]]]}},{"type":"Feature","properties":{"id":"11201041001044","commune":"Aysén","code":"11201","gse":"D","quintil":"Q2","nse_score":653.9,"educ":9.2,"educ_score":413.3,"hacin":1.294,"hacin_class":"Hacinamiento Leve","hacin_score":788.5,"auto_score":260.0,"n_per":66,"n_hog":25,"source_year":2024},"geometry":{"type":"Polygon","coordinates":[[[-72.6913005069999,-45.4128180810568],[-72.6912129269999,-45.4117638730568],[-72.6907071079999,-45.4117636700568],[-72.6907710289999,-45.4128106290568],[-72.6913005069999,-45.4128180810568]]]}},{"type":"Feature","properties":{"id":"11201041001045","commune":"Aysén","code":"11201","gse":"E","quintil":"Q1","nse_score":609.7,"educ":9.0,"educ_score":400.0,"hacin":1.312,"hacin_class":"Hacinamiento Leve","hacin_score":784.6,"auto_score":0.0,"n_per":21,"n_hog":6,"source_year":2024},"geometry":{"type":"Polygon","coordinates":[[[-72.6938640139999,-45.4126595190568],[-72.6945096179999,-45.4126623460568],[-72.6947047399999,-45.4124321460568],[-72.6938001589999,-45.4117286760568],[-72.6938640139999,-45.4126595190568]]]}},{"type":"Feature","properties":{"id":"11201041001046","commune":"Aysén","code":"11201","gse":"E","quintil":"Q1","nse_score":609.0,"educ":9.9,"educ_score":460.0,"hacin":1.475,"hacin_class":"Hacinamiento Leve","hacin_score":750.0,"auto_score":153.8,"n_per":59,"n_hog":22,"source_year":2024},"geometry":{"type":"Polygon","coordinates":[[[-72.6900128599999,-45.4129154900568],[-72.6906772559999,-45.4128414220568],[-72.6905236629999,-45.4117771460568],[-72.6897993259999,-45.4118435410568],[-72.6900128599999,-45.4129154900568]]]}},{"type":"Feature","properties":{"id":"11201041001047","commune":"Aysén","code":"11201","gse":"C3","quintil":"Q2","nse_score":670.9,"educ":9.6,"educ_score":440.0,"hacin":1.066,"hacin_class":"Hacinamiento Leve","hacin_score":837.1,"auto_score":156.2,"n_per":65,"n_hog":33,"source_year":2024},"geometry":{"type":"Polygon","coordinates":[[[-72.6890196189999,-45.4129039590568],[-72.6898414069999,-45.4128737520568],[-72.6896763539999,-45.4118315840568],[-72.6888966479999,-45.4119025660568],[-72.6890196189999,-45.4129039590568]]]}},{"type":"Feature","properties":{"id":"11201041001049","commune":"Aysén","code":"11201","gse":"D","quintil":"Q1","nse_score":613.8,"educ":9.2,"educ_score":413.3,"hacin":1.25,"hacin_class":"Hacinamiento Leve","hacin_score":797.9,"auto_score":68.2,"n_per":60,"n_hog":20,"source_year":2024},"geometry":{"type":"Polygon","coordinates":[[[-72.687862101,-45.4119450930568],[-72.6879416649999,-45.4130139720568],[-72.6889380369999,-45.4129564850568],[-72.6888382159999,-45.4121755060568],[-72.6883654959999,-45.4121530530568],[-72.6882282439999,-45.4119222590568],[-72.687862101,-45.4119450930568]]]}},{"type":"Feature","properties":{"id":"11201041001050","commune":"Aysén","code":"11201","gse":"C3","quintil":"Q2","nse_score":673.5,"educ":10.7,"educ_score":513.3,"hacin":1.255,"hacin_class":"Hacinamiento Leve","hacin_score":796.7,"auto_score":312.5,"n_per":59,"n_hog":24,"source_year":2024},"geometry":{"type":"Polygon","coordinates":[[[-72.6878190579999,-45.4130354810568],[-72.6877184019999,-45.4119936630568],[-72.6868851219999,-45.4120156360568],[-72.6869946879999,-45.4130475710568],[-72.6878190579999,-45.4130354810568]]]}},{"type":"Feature","properties":{"id":"11201041001051","commune":"Aysén","code":"11201","gse":"C2","quintil":"Q4","nse_score":741.4,"educ":11.9,"educ_score":593.3,"hacin":1.308,"hacin_class":"Hacinamiento Leve","hacin_score":785.6,"auto_score":263.2,"n_per":51,"n_hog":19,"source_year":2024},"geometry":{"type":"Polygon","coordinates":[[[-72.6858585179999,-45.4120623500568],[-72.6859294839999,-45.4131336770568],[-72.6868527769999,-45.4130671250568],[-72.6867474409999,-45.4120410680568],[-72.6858585179999,-45.4120623500568]]]}},{"type":"Feature","properties":{"id":"11201041001052","commune":"Aysén","code":"11201","gse":"C2","quintil":"Q4","nse_score":717.6,"educ":12.1,"educ_score":606.7,"hacin":1.444,"hacin_class":"Hacinamiento Leve","hacin_score":756.5,"auto_score":400.0,"n_per":78,"n_hog":25,"source_year":2024},"geometry":{"type":"Polygon","coordinates":[[[-72.6857570039999,-45.4131673550568],[-72.6856670079999,-45.4120962510568],[-72.6848676839999,-45.4121350370568],[-72.6849593919999,-45.4131920420568],[-72.6857570039999,-45.4131673550568]]]}},{"type":"Feature","properties":{"id":"11201041001053","commune":"Aysén","code":"11201","gse":"C1","quintil":"Q5","nse_score":788.6,"educ":13.9,"educ_score":726.7,"hacin":1.116,"hacin_class":"Hacinamiento Leve","hacin_score":826.3,"auto_score":450.0,"n_per":48,"n_hog":20,"source_year":2024},"geometry":{"type":"Polygon","coordinates":[[[-72.6841230769999,-45.4132742450568],[-72.6848677379999,-45.4131833420568],[-72.6847256489999,-45.4121529080568],[-72.6839376929999,-45.4122182950568],[-72.6841230769999,-45.4132742450568]]]}},{"type":"Feature","properties":{"id":"11201041001019","commune":"Aysén","code":"11201","gse":"C1","quintil":"Q5","nse_score":763.0,"educ":13.1,"educ_score":673.3,"hacin":1.182,"hacin_class":"Hacinamiento Leve","hacin_score":812.4,"auto_score":250.0,"n_per":13,"n_hog":4,"source_year":2024},"geometry":{"type":"MultiPolygon","coordinates":[[[[-72.6837546399999,-45.4101930570568],[-72.6853826439999,-45.4100934770568],[-72.6853481209999,-45.4094269310568],[-72.6836494979999,-45.4094685040568],[-72.6837546399999,-45.4101930570568]]],[[[-72.6854645089999,-45.4094250210568],[-72.6856536939999,-45.4108284350568],[-72.6875583199999,-45.4106966900568],[-72.6874830219999,-45.4100183870568],[-72.6866969479999,-45.4100856670568],[-72.6865713359999,-45.4093090810568],[-72.6854645089999,-45.4094250210568]]]]}},{"type":"Feature","properties":{"id":"11201041002001","commune":"Aysén","code":"11201","gse":"C3","quintil":"Q3","nse_score":698.7,"educ":12.9,"educ_score":660.0,"hacin":1.1,"hacin_class":"Hacinamiento Leve","hacin_score":829.8,"auto_score":71.4,"n_per":11,"n_hog":6,"source_year":2024},"geometry":{"type":"Polygon","coordinates":[[[-72.6793527239999,-45.4042329900568],[-72.6787797169999,-45.4051923620568],[-72.6791590249999,-45.4053158610568],[-72.6793442909999,-45.4050850380568],[-72.6792105759999,-45.4053454090568],[-72.6803293699999,-45.4057307300568],[-72.6806481869999,-45.4052702170568],[-72.6811356429999,-45.4049586150568],[-72.6809492329999,-45.4051993920568],[-72.6806844509999,-45.4052892510568],[-72.6803695109999,-45.4057445550568],[-72.6829084899999,-45.4066359320568],[-72.6830544389999,-45.4066010470568],[-72.6839355799999,-45.4053295310568],[-72.6837492829999,-45.4052190130568],[-72.6838077389999,-45.4050480010568],[-72.6833076289999,-45.4051647360568],[-72.6828089229999,-45.4049325710568],[-72.6793527239999,-45.4042329900568]]]}},{"type":"Feature","properties":{"id":"11201041002002","commune":"Aysén","code":"11201","gse":"C3","quintil":"Q3","nse_score":701.3,"educ":11.1,"educ_score":540.0,"hacin":1.192,"hacin_class":"Hacinamiento Leve","hacin_score":810.2,"auto_score":199.2,"n_per":304,"n_hog":115,"source_year":2024},"geometry":{"type":"Polygon","coordinates":[[[-72.6787527819999,-45.4052374580568],[-72.6780772649999,-45.4063684140568],[-72.6801103919999,-45.4070647400568],[-72.6793692839999,-45.4083724790568],[-72.6789322179999,-45.4087649480568],[-72.6810854959999,-45.4091026170568],[-72.6810312249999,-45.4087580200568],[-72.679899626,-45.4085356050568],[-72.6810613689999,-45.4086165650568],[-72.6809631599999,-45.4083108090568],[-72.6797493829999,-45.4080754320568],[-72.680995547,-45.4082035570568],[-72.6809103719999,-45.4079945720568],[-72.6801904739999,-45.4078134160568],[-72.6802734439999,-45.4074492620568],[-72.6800227509999,-45.4073943130568],[-72.6800588389999,-45.4073164630568],[-72.6802877069999,-45.4073684220568],[-72.6804811559999,-45.4070478460568],[-72.680330238,-45.4073780660568],[-72.6807775839999,-45.4074763270568],[-72.6809164109999,-45.4071837980568],[-72.6808203309999,-45.4074855200568],[-72.6812729319999,-45.4075845260568],[-72.6814282829999,-45.4073084540568],[-72.6813158809999,-45.4075932040568],[-72.6820594019999,-45.4077795780568],[-72.6823732159999,-45.4073417660568],[-72.6805929129999,-45.4068245620568],[-72.6810572649999,-45.4060744190568],[-72.6806142849999,-45.4058757440568],[-72.6800893779999,-45.4066504440568],[-72.6805743059999,-45.4058615470568],[-72.6798526269999,-45.4056114580568],[-72.6796636789999,-45.4059423960568],[-72.6799020319999,-45.4061670410568],[-72.6796701729999,-45.4059751950568],[-72.6792559749999,-45.4059757750568],[-72.6790512039999,-45.4058454370568],[-72.6796201959999,-45.4059346230568],[-72.6798108799999,-45.4055970810568],[-72.6787527819999,-45.4052374580568]]]}},{"type":"Feature","properties":{"id":"11201041002003","commune":"Aysén","code":"11201","gse":"D","quintil":"Q2","nse_score":650.0,"educ":7.7,"educ_score":313.3,"hacin":1.167,"hacin_class":"Hacinamiento Leve","hacin_score":815.6,"auto_score":0.0,"n_per":14,"n_hog":5,"source_year":2024},"geometry":{"type":"Polygon","coordinates":[[[-72.6807197699999,-45.4068068090568],[-72.6810356169999,-45.4068683560568],[-72.6814575199999,-45.4061898110568],[-72.6811358709999,-45.4061034190568],[-72.6807197699999,-45.4068068090568]]]}},{"type":"Feature","properties":{"id":"11201041002004","commune":"Aysén","code":"11201","gse":"C2","quintil":"Q4","nse_score":735.5,"educ":10.8,"educ_score":520.0,"hacin":0.809,"hacin_class":"Sin Hacinamiento","hacin_score":891.6,"auto_score":150.0,"n_per":17,"n_hog":10,"source_year":2024},"geometry":{"type":"Polygon","coordinates":[[[-72.6811208539999,-45.4069241180568],[-72.6815024819999,-45.4070071100568],[-72.6819119149999,-45.4063467700568],[-72.6815214259999,-45.4062516770568],[-72.6811208539999,-45.4069241180568]]]}},{"type":"Feature","properties":{"id":"11201041002005","commune":"Aysén","code":"11201","gse":"D","quintil":"Q2","nse_score":658.5,"educ":9.1,"educ_score":406.7,"hacin":1.062,"hacin_class":"Hacinamiento Leve","hacin_score":837.8,"auto_score":222.2,"n_per":17,"n_hog":9,"source_year":2024},"geometry":{"type":"Polygon","coordinates":[[[-72.6815698499999,-45.4070186820568],[-72.6819849349999,-45.4071313920568],[-72.6823504839999,-45.4064972930568],[-72.6819630879999,-45.4064164320568],[-72.6815698499999,-45.4070186820568]]]}},{"type":"Feature","properties":{"id":"11201041002006","commune":"Aysén","code":"11201","gse":"E","quintil":"Q1","nse_score":612.6,"educ":8.9,"educ_score":393.3,"hacin":1.0,"hacin_class":"Hacinamiento Leve","hacin_score":851.1,"auto_score":100.0,"n_per":11,"n_hog":4,"source_year":2024},"geometry":{"type":"Polygon","coordinates":[[[-72.6820441499999,-45.4071639830568],[-72.6827466749999,-45.4073370410568],[-72.6829558949999,-45.4067800340568],[-72.6824656359999,-45.4065445390568],[-72.6820441499999,-45.4071639830568]]]}},{"type":"Feature","properties":{"id":"11201041002007","commune":"Aysén","code":"11201","gse":"C1","quintil":"Q5","nse_score":769.2,"educ":12.5,"educ_score":633.3,"hacin":1.205,"hacin_class":"Hacinamiento Leve","hacin_score":807.4,"auto_score":263.2,"n_per":94,"n_hog":38,"source_year":2024},"geometry":{"type":"Polygon","coordinates":[[[-72.6820787679999,-45.4078512490568],[-72.6803224449999,-45.4074595060568],[-72.6802149509999,-45.4077475690568],[-72.6809577589999,-45.4079717940568],[-72.6811584949999,-45.4082807520568],[-72.6822828229999,-45.4084953720568],[-72.6824648879999,-45.4083482350568],[-72.6824875049999,-45.4085311220568],[-72.6828047659999,-45.4085303480568],[-72.6827084559999,-45.4074377760568],[-72.6824686149999,-45.4073676120568],[-72.6820787679999,-45.4078512490568]]]}},{"type":"Feature","properties":{"id":"11201041002008","commune":"Aysén","code":"11201","gse":"C2","quintil":"Q4","nse_score":729.0,"educ":12.5,"educ_score":633.3,"hacin":1.333,"hacin_class":"Hacinamiento Leve","hacin_score":780.1,"auto_score":270.8,"n_per":56,"n_hog":23,"source_year":2024},"geometry":{"type":"Polygon","coordinates":[[[-72.6823892899999,-45.4089699680568],[-72.6823547829999,-45.4085777320568],[-72.6811169839999,-45.4083730890568],[-72.6812128759999,-45.4087375010568],[-72.6823892899999,-45.4089699680568]]]}},{"type":"Feature","properties":{"id":"11201041002010","commune":"Aysén","code":"11201","gse":"C2","quintil":"Q4","nse_score":740.9,"educ":12.9,"educ_score":660.0,"hacin":1.309,"hacin_class":"Hacinamiento Leve","hacin_score":785.4,"auto_score":326.7,"n_per":178,"n_hog":70,"source_year":2024},"geometry":{"type":"Polygon","coordinates":[[[-72.6810007709999,-45.4092119540568],[-72.6803854589999,-45.4103966760568],[-72.6821214129999,-45.4106554510568],[-72.6820273049999,-45.4107519110568],[-72.681359471,-45.4106514690568],[-72.6814251769999,-45.4111036060568],[-72.6826904049999,-45.4110170330568],[-72.6825997079999,-45.4100896950568],[-72.6823570089999,-45.4103378170568],[-72.6806743469999,-45.4100147830568],[-72.6823840319999,-45.4103001810568],[-72.6825923329999,-45.4100315260568],[-72.6824991359999,-45.4094946450568],[-72.6814247419999,-45.4092784610568],[-72.6824513009999,-45.4093923790568],[-72.6824464769999,-45.4090443580568],[-72.6812405459999,-45.4087979750568],[-72.6812140169999,-45.4090926260568],[-72.6810007709999,-45.4092119540568]]]}},{"type":"Feature","properties":{"id":"11201041002011","commune":"Aysén","code":"11201","gse":"E","quintil":"Q1","nse_score":570.2,"educ":9.2,"educ_score":413.3,"hacin":1.188,"hacin_class":"Hacinamiento Leve","hacin_score":811.2,"auto_score":76.9,"n_per":19,"n_hog":9,"source_year":2024},"geometry":{"type":"Polygon","coordinates":[[[-72.6787123399999,-45.4095760140568],[-72.6792853359999,-45.4096519140568],[-72.6795999149999,-45.4089607560568],[-72.6790978009999,-45.4088352860568],[-72.6787123399999,-45.4095760140568]]]}},{"type":"Feature","properties":{"id":"11201041002012","commune":"Aysén","code":"11201","gse":"C2","quintil":"Q4","nse_score":726.5,"educ":10.4,"educ_score":493.3,"hacin":1.235,"hacin_class":"Hacinamiento Leve","hacin_score":801.0,"auto_score":111.1,"n_per":42,"n_hog":18,"source_year":2024},"geometry":{"type":"Polygon","coordinates":[[[-72.6793727979999,-45.4096752460568],[-72.6799312279999,-45.4097320040568],[-72.6802293519999,-45.4090644640568],[-72.6797031759999,-45.4090096380568],[-72.6793727979999,-45.4096752460568]]]}},{"type":"Feature","properties":{"id":"11201041002013","commune":"Aysén","code":"11201","gse":"C3","quintil":"Q2","nse_score":664.3,"educ":9.3,"educ_score":420.0,"hacin":1.229,"hacin_class":"Hacinamiento Leve","hacin_score":802.4,"auto_score":83.3,"n_per":43,"n_hog":17,"source_year":2024},"geometry":{"type":"Polygon","coordinates":[[[-72.6799862529999,-45.4097858740568],[-72.6805647959999,-45.4098876120568],[-72.6808789309999,-45.4091919060568],[-72.6803514669999,-45.4091160500568],[-72.6799862529999,-45.4097858740568]]]}},{"type":"Feature","properties":{"id":"11201041002016","commune":"Aysén","code":"11201","gse":"C2","quintil":"Q4","nse_score":713.1,"educ":9.7,"educ_score":446.7,"hacin":1.154,"hacin_class":"Hacinamiento Leve","hacin_score":818.3,"auto_score":166.7,"n_per":30,"n_hog":9,"source_year":2024},"geometry":{"type":"Polygon","coordinates":[[[-72.6795727559999,-45.4102609610568],[-72.6798122709999,-45.4098864600568],[-72.6792815729999,-45.4097950120568],[-72.6791028169999,-45.4101617100568],[-72.6795727559999,-45.4102609610568]]]}},{"type":"Feature","properties":{"id":"11201041002017","commune":"Aysén","code":"11201","gse":"D","quintil":"Q1","nse_score":628.3,"educ":8.3,"educ_score":353.3,"hacin":1.2,"hacin_class":"Hacinamiento Leve","hacin_score":808.5,"auto_score":55.6,"n_per":24,"n_hog":8,"source_year":2024},"geometry":{"type":"Polygon","coordinates":[[[-72.6802035809999,-45.4103732150568],[-72.6804373989999,-45.4100181030568],[-72.6799293049999,-45.4099179290568],[-72.6797435149999,-45.4102682220568],[-72.6802035809999,-45.4103732150568]]]}},{"type":"Feature","properties":{"id":"11201041002019","commune":"Aysén","code":"11201","gse":"D","quintil":"Q2","nse_score":647.6,"educ":9.9,"educ_score":460.0,"hacin":1.348,"hacin_class":"Hacinamiento Leve","hacin_score":777.1,"auto_score":0.0,"n_per":62,"n_hog":23,"source_year":2024},"geometry":{"type":"Polygon","coordinates":[[[-72.6808072169999,-45.4109027090568],[-72.6801201789999,-45.4107981000568],[-72.6799570039999,-45.4111177040568],[-72.6800936919999,-45.4111937410568],[-72.6812739869999,-45.4110685070568],[-72.6812163789999,-45.4106184660568],[-72.6803015649999,-45.4104700310568],[-72.6801429619999,-45.4107467810568],[-72.6808072169999,-45.4109027090568]]]}},{"type":"Feature","properties":{"id":"11201041002022","commune":"Aysén","code":"11201","gse":"C3","quintil":"Q3","nse_score":680.6,"educ":10.7,"educ_score":513.3,"hacin":1.186,"hacin_class":"Hacinamiento Leve","hacin_score":811.5,"auto_score":181.8,"n_per":51,"n_hog":20,"source_year":2024},"geometry":{"type":"Polygon","coordinates":[[[-72.6814924399999,-45.4115152140568],[-72.682724172,-45.4114449920568],[-72.6827452389999,-45.4111840130568],[-72.6814545319999,-45.4111889450568],[-72.6814924399999,-45.4115152140568]]]}},{"type":"Feature","properties":{"id":"11201041002023","commune":"Aysén","code":"11201","gse":"C2","quintil":"Q4","nse_score":744.0,"educ":12.9,"educ_score":660.0,"hacin":1.172,"hacin_class":"Hacinamiento Leve","hacin_score":814.4,"auto_score":285.7,"n_per":34,"n_hog":14,"source_year":2024},"geometry":{"type":"Polygon","coordinates":[[[-72.6779150589999,-45.4118769910568],[-72.6783011779999,-45.4113283080568],[-72.677788485,-45.4111723790568],[-72.6774429729999,-45.4117098100568],[-72.6779150589999,-45.4118769910568]]]}},{"type":"Feature","properties":{"id":"11201041002024","commune":"Aysén","code":"11201","gse":"C2","quintil":"Q3","nse_score":709.2,"educ":11.1,"educ_score":540.0,"hacin":1.314,"hacin_class":"Hacinamiento Leve","hacin_score":784.2,"auto_score":105.3,"n_per":46,"n_hog":19,"source_year":2024},"geometry":{"type":"Polygon","coordinates":[[[-72.6798105479999,-45.4115784120568],[-72.6812738849999,-45.4115292230568],[-72.6813032109999,-45.4112632910568],[-72.679954457,-45.4112675130568],[-72.6798105479999,-45.4115784120568]]]}},{"type":"Feature","properties":{"id":"11201041002025","commune":"Aysén","code":"11201","gse":"C3","quintil":"Q2","nse_score":674.3,"educ":11.7,"educ_score":580.0,"hacin":1.4,"hacin_class":"Hacinamiento Leve","hacin_score":766.0,"auto_score":156.2,"n_per":42,"n_hog":14,"source_year":2024},"geometry":{"type":"Polygon","coordinates":[[[-72.6783842829999,-45.4113539440568],[-72.6780735939999,-45.4118883570568],[-72.6785787009999,-45.4120492190568],[-72.6789123499999,-45.4115163370568],[-72.6783842829999,-45.4113539440568]]]}},{"type":"Feature","properties":{"id":"11201041002026","commune":"Aysén","code":"11201","gse":"C3","quintil":"Q3","nse_score":687.1,"educ":11.6,"educ_score":573.3,"hacin":1.098,"hacin_class":"Hacinamiento Leve","hacin_score":830.2,"auto_score":282.6,"n_per":56,"n_hog":22,"source_year":2024},"geometry":{"type":"Polygon","coordinates":[[[-72.6827432279999,-45.4115004220568],[-72.6814880509999,-45.4115679150568],[-72.6814619259999,-45.4118798040568],[-72.6827340919999,-45.4118619800568],[-72.6828217299999,-45.4117790180568],[-72.6827432279999,-45.4115004220568]]]}},{"type":"Feature","properties":{"id":"11201041002027","commune":"Aysén","code":"11201","gse":"C3","quintil":"Q3","nse_score":680.9,"educ":11.5,"educ_score":566.7,"hacin":1.148,"hacin_class":"Hacinamiento Leve","hacin_score":819.5,"auto_score":83.3,"n_per":31,"n_hog":11,"source_year":2024},"geometry":{"type":"Polygon","coordinates":[[[-72.6790180059999,-45.4115341340568],[-72.6786923619999,-45.4120766110568],[-72.6792658269999,-45.4122286750568],[-72.6795735889999,-45.4116988950568],[-72.6790180059999,-45.4115341340568]]]}},{"type":"Feature","properties":{"id":"11201041002028","commune":"Aysén","code":"11201","gse":"D","quintil":"Q2","nse_score":647.6,"educ":10.0,"educ_score":466.7,"hacin":1.049,"hacin_class":"Hacinamiento Leve","hacin_score":840.7,"auto_score":239.1,"n_per":43,"n_hog":20,"source_year":2024},"geometry":{"type":"Polygon","coordinates":[[[-72.6795011729999,-45.4120471830568],[-72.6813150719999,-45.4119478040569],[-72.6813482289999,-45.4116431210568],[-72.6798654609999,-45.4116672870568],[-72.6795011729999,-45.4120471830568]]]}},{"type":"Feature","properties":{"id":"11201041002029","commune":"Aysén","code":"11201","gse":"C2","quintil":"Q4","nse_score":726.1,"educ":12.1,"educ_score":606.7,"hacin":1.454,"hacin_class":"Hacinamiento Leve","hacin_score":754.4,"auto_score":321.4,"n_per":48,"n_hog":14,"source_year":2024},"geometry":{"type":"Polygon","coordinates":[[[-72.6774330869999,-45.4118041260568],[-72.6770604279999,-45.4123925000568],[-72.6775743029999,-45.4125546270568],[-72.6779486969999,-45.4119712240568],[-72.6774330869999,-45.4118041260568]]]}},{"type":"Feature","properties":{"id":"11201041002030","commune":"Aysén","code":"11201","gse":"E","quintil":"Q1","nse_score":612.6,"educ":10.4,"educ_score":493.3,"hacin":1.326,"hacin_class":"Hacinamiento Leve","hacin_score":781.7,"auto_score":153.8,"n_per":61,"n_hog":21,"source_year":2024},"geometry":{"type":"Polygon","coordinates":[[[-72.6815924809999,-45.4123545760568],[-72.6828179839999,-45.4122787230568],[-72.6828449699999,-45.4119621420568],[-72.6815083679999,-45.4119801950568],[-72.6815924809999,-45.4123545760568]]]}},{"type":"Feature","properties":{"id":"11201041002031","commune":"Aysén","code":"11201","gse":"D","quintil":"Q2","nse_score":648.7,"educ":11.7,"educ_score":580.0,"hacin":1.5,"hacin_class":"Hacinamiento Medio","hacin_score":744.7,"auto_score":333.3,"n_per":30,"n_hog":11,"source_year":2024},"geometry":{"type":"Polygon","coordinates":[[[-72.6781528289999,-45.4127381000568],[-72.6785567609999,-45.4121401350568],[-72.6780561439999,-45.4119837430568],[-72.6776779189999,-45.4125717330568],[-72.6781528289999,-45.4127381000568]]]}},{"type":"Feature","properties":{"id":"11201041002032","commune":"Aysén","code":"11201","gse":"D","quintil":"Q1","nse_score":639.7,"educ":9.7,"educ_score":446.7,"hacin":1.233,"hacin_class":"Hacinamiento Leve","hacin_score":801.5,"auto_score":220.6,"n_per":90,"n_hog":32,"source_year":2024},"geometry":{"type":"Polygon","coordinates":[[[-72.6813525889999,-45.4123694440568],[-72.6813286049999,-45.4119893190568],[-72.6794821599999,-45.4121016470568],[-72.6793836769999,-45.4122545310568],[-72.6798613819999,-45.4124505860568],[-72.6813525889999,-45.4123694440568]]]}},{"type":"Feature","properties":{"id":"11201041002033","commune":"Aysén","code":"11201","gse":"C2","quintil":"Q4","nse_score":715.1,"educ":12.2,"educ_score":613.3,"hacin":1.333,"hacin_class":"Hacinamiento Leve","hacin_score":780.1,"auto_score":285.7,"n_per":32,"n_hog":12,"source_year":2024},"geometry":{"type":"Polygon","coordinates":[[[-72.6788075239999,-45.4129323630568],[-72.6792180269999,-45.4123428150568],[-72.6786607399999,-45.4121579890568],[-72.6782954989999,-45.4127523990568],[-72.6788075239999,-45.4129323630568]]]}},{"type":"Feature","properties":{"id":"11201041002035","commune":"Aysén","code":"11201","gse":"C1","quintil":"Q5","nse_score":762.7,"educ":12.4,"educ_score":626.7,"hacin":1.016,"hacin_class":"Hacinamiento Leve","hacin_score":847.6,"auto_score":230.8,"n_per":63,"n_hog":25,"source_year":2024},"geometry":{"type":"Polygon","coordinates":[[[-72.6816543419999,-45.4127981820568],[-72.6828590729999,-45.4127184180568],[-72.682901151,-45.4124186850568],[-72.6815721379999,-45.4124242550568],[-72.6816543419999,-45.4127981820568]]]}},{"type":"Feature","properties":{"id":"11201041002036","commune":"Aysén","code":"11201","gse":"E","quintil":"Q1","nse_score":605.6,"educ":8.7,"educ_score":380.0,"hacin":1.375,"hacin_class":"Hacinamiento Leve","hacin_score":771.3,"auto_score":222.2,"n_per":22,"n_hog":8,"source_year":2024},"geometry":{"type":"Polygon","coordinates":[[[-72.6790480509999,-45.4129552000568],[-72.6799487419999,-45.4128925040568],[-72.6799349919999,-45.4125433410568],[-72.6793159369999,-45.4123795740568],[-72.6790480509999,-45.4129552000568]]]}},{"type":"Feature","properties":{"id":"11201041002037","commune":"Aysén","code":"11201","gse":"E","quintil":"Q1","nse_score":523.8,"educ":8.9,"educ_score":393.3,"hacin":1.452,"hacin_class":"Hacinamiento Leve","hacin_score":755.0,"auto_score":100.0,"n_per":45,"n_hog":18,"source_year":2024},"geometry":{"type":"Polygon","coordinates":[[[-72.6801339749999,-45.4128897280568],[-72.6814265699999,-45.4128106790568],[-72.6814523299999,-45.4125008720568],[-72.6800816919999,-45.4125086160568],[-72.6801339749999,-45.4128897280568]]]}},{"type":"Feature","properties":{"id":"11201041002038","commune":"Aysén","code":"11201","gse":"D","quintil":"Q2","nse_score":657.0,"educ":10.4,"educ_score":493.3,"hacin":1.03,"hacin_class":"Hacinamiento Leve","hacin_score":844.6,"auto_score":62.5,"n_per":34,"n_hog":14,"source_year":2024},"geometry":{"type":"Polygon","coordinates":[[[-72.6770289959999,-45.4124839810568],[-72.6766874799999,-45.4130143820568],[-72.6771903369999,-45.4131774260568],[-72.6775244669999,-45.4126578020568],[-72.6770289959999,-45.4124839810568]]]}},{"type":"Feature","properties":{"id":"11201041002039","commune":"Aysén","code":"11201","gse":"C2","quintil":"Q4","nse_score":728.3,"educ":11.3,"educ_score":553.3,"hacin":1.235,"hacin_class":"Hacinamiento Leve","hacin_score":801.0,"auto_score":166.7,"n_per":21,"n_hog":9,"source_year":2024},"geometry":{"type":"Polygon","coordinates":[[[-72.677778557,-45.4133645070568],[-72.6781385669999,-45.4128326910568],[-72.6776347369999,-45.4126668720568],[-72.6773118079999,-45.4131966600568],[-72.677778557,-45.4133645070568]]]}},{"type":"Feature","properties":{"id":"11201041002040","commune":"Aysén","code":"11201","gse":"C2","quintil":"Q4","nse_score":712.4,"educ":12.3,"educ_score":620.0,"hacin":1.362,"hacin_class":"Hacinamiento Leve","hacin_score":774.0,"auto_score":112.9,"n_per":79,"n_hog":30,"source_year":2024},"geometry":{"type":"Polygon","coordinates":[[[-72.682512475,-45.4133283330568],[-72.6829926569999,-45.4132955600568],[-72.6829309619999,-45.4127969100568],[-72.6815926919999,-45.4128712870568],[-72.6816872159999,-45.4133813300568],[-72.6820750089999,-45.4133716800568],[-72.6821662979999,-45.4132426640568],[-72.6821884209999,-45.4133625510568],[-72.6824069579999,-45.4133474530568],[-72.6824685199999,-45.4129997040568],[-72.682512475,-45.4133283330568]]]}},{"type":"Feature","properties":{"id":"11201041002041","commune":"Aysén","code":"11201","gse":"C3","quintil":"Q2","nse_score":662.7,"educ":10.2,"educ_score":480.0,"hacin":1.207,"hacin_class":"Hacinamiento Leve","hacin_score":807.0,"auto_score":214.3,"n_per":35,"n_hog":13,"source_year":2024},"geometry":{"type":"Polygon","coordinates":[[[-72.6784591819999,-45.4135618340568],[-72.6788064249999,-45.4130316760568],[-72.6782536339999,-45.4128543050568],[-72.6779175219999,-45.4133753570568],[-72.6784591819999,-45.4135618340568]]]}},{"type":"Feature","properties":{"id":"11201041002042","commune":"Aysén","code":"11201","gse":"E","quintil":"Q1","nse_score":606.9,"educ":11.0,"educ_score":533.3,"hacin":2.224,"hacin_class":"Hacinamiento Medio","hacin_score":590.6,"auto_score":218.2,"n_per":238,"n_hog":46,"source_year":2024},"geometry":{"type":"Polygon","coordinates":[[[-72.6790053559999,-45.4151933500568],[-72.6793795469999,-45.4153035040568],[-72.6791446949999,-45.4152830990568],[-72.6783534339999,-45.4166442530568],[-72.6787071169999,-45.4166352790568],[-72.6788910109999,-45.4163378780568],[-72.6820915669999,-45.4163005490568],[-72.6836732979999,-45.4155534170568],[-72.6835724849999,-45.4146832510568],[-72.6831821669999,-45.4147088070568],[-72.6830188169999,-45.4134338270568],[-72.6816082989999,-45.4134460300568],[-72.6814176919999,-45.4128557700568],[-72.6800896509999,-45.4129679990568],[-72.6801056369999,-45.4135617480568],[-72.6794997689999,-45.4136633710568],[-72.6795654899999,-45.4144687640568],[-72.6794741399999,-45.4144695250568],[-72.6794206439999,-45.4141712820568],[-72.6788556529999,-45.4141980920568],[-72.6790053559999,-45.4151933500568]]]}},{"type":"Feature","properties":{"id":"11201041002043","commune":"Aysén","code":"11201","gse":"C3","quintil":"Q3","nse_score":700.5,"educ":11.8,"educ_score":586.7,"hacin":1.357,"hacin_class":"Hacinamiento Leve","hacin_score":775.1,"auto_score":277.8,"n_per":38,"n_hog":17,"source_year":2024},"geometry":{"type":"Polygon","coordinates":[[[-72.678696279,-45.4136313970568],[-72.6800285739999,-45.4135486800568],[-72.6799932199999,-45.4129865760568],[-72.6789381599999,-45.4130199630568],[-72.6786151029999,-45.4135445130568],[-72.678696279,-45.4136313970568]]]}},{"type":"Feature","properties":{"id":"11201041002044","commune":"Aysén","code":"11201","gse":"C3","quintil":"Q2","nse_score":662.9,"educ":11.4,"educ_score":560.0,"hacin":1.432,"hacin_class":"Hacinamiento Leve","hacin_score":759.2,"auto_score":277.8,"n_per":126,"n_hog":43,"source_year":2024},"geometry":{"type":"Polygon","coordinates":[[[-72.6765902839999,-45.4131623340568],[-72.6750560859999,-45.4155479560568],[-72.6750167169999,-45.4157938270568],[-72.6780121599999,-45.4176355620568],[-72.6786744699999,-45.4166822700568],[-72.6783282369999,-45.4166897820568],[-72.6779656989999,-45.4171707990568],[-72.6771798419999,-45.4167182550568],[-72.6774700559999,-45.4161840730568],[-72.6773802049999,-45.4153866820568],[-72.6768298999999,-45.4162032790568],[-72.6759315319999,-45.4156548320568],[-72.6765929949999,-45.4145319030568],[-72.6763619149999,-45.4144638750568],[-72.6771426189999,-45.4133079730568],[-72.6765902839999,-45.4131623340568]]]}},{"type":"Feature","properties":{"id":"11201041002045","commune":"Aysén","code":"11201","gse":"E","quintil":"Q1","nse_score":573.5,"educ":8.4,"educ_score":360.0,"hacin":1.143,"hacin_class":"Hacinamiento Leve","hacin_score":820.7,"auto_score":27.8,"n_per":32,"n_hog":17,"source_year":2024},"geometry":{"type":"Polygon","coordinates":[[[-72.6781750129999,-45.4140285370568],[-72.6783767349999,-45.4136129890568],[-72.6772815299999,-45.4132950450568],[-72.6770063899999,-45.4136670920568],[-72.6781750129999,-45.4140285370568]]]}},{"type":"Feature","properties":{"id":"11201041002046","commune":"Aysén","code":"11201","gse":"D","quintil":"Q2","nse_score":649.4,"educ":10.5,"educ_score":500.0,"hacin":1.454,"hacin_class":"Hacinamiento Leve","hacin_score":754.4,"auto_score":38.5,"n_per":32,"n_hog":13,"source_year":2024},"geometry":{"type":"Polygon","coordinates":[[[-72.6785404409999,-45.4141572950568],[-72.6794008329999,-45.4140951320568],[-72.6793971299999,-45.4136997870568],[-72.6785302159999,-45.4137134030568],[-72.6783164499999,-45.4140568960568],[-72.6785404409999,-45.4141572950568]]]}},{"type":"Feature","properties":{"id":"11201041002047","commune":"Aysén","code":"11201","gse":"C3","quintil":"Q3","nse_score":688.8,"educ":12.0,"educ_score":600.0,"hacin":1.364,"hacin_class":"Hacinamiento Leve","hacin_score":773.7,"auto_score":208.3,"n_per":30,"n_hog":12,"source_year":2024},"geometry":{"type":"Polygon","coordinates":[[[-72.6765153699999,-45.4144603210568],[-72.6770380559999,-45.4146141950568],[-72.6774220559999,-45.4139109660568],[-72.6769308469999,-45.4137946210569],[-72.6765153699999,-45.4144603210568]]]}},{"type":"Feature","properties":{"id":"11201041002048","commune":"Aysén","code":"11201","gse":"C3","quintil":"Q2","nse_score":676.8,"educ":9.6,"educ_score":440.0,"hacin":1.294,"hacin_class":"Hacinamiento Leve","hacin_score":788.5,"auto_score":250.0,"n_per":44,"n_hog":14,"source_year":2024},"geometry":{"type":"Polygon","coordinates":[[[-72.6771667669999,-45.4146520860568],[-72.677350181,-45.4147060810568],[-72.6789247039999,-45.4151696070568],[-72.6787792869999,-45.4142028340568],[-72.6784087339999,-45.4142208220568],[-72.6775574629999,-45.4139430500568],[-72.6771667669999,-45.4146520860568]]]}},{"type":"Feature","properties":{"id":"11201041002050","commune":"Aysén","code":"11201","gse":"E","quintil":"Q1","nse_score":606.9,"educ":11.2,"educ_score":546.7,"hacin":1.973,"hacin_class":"Hacinamiento Medio","hacin_score":644.0,"auto_score":225.0,"n_per":73,"n_hog":21,"source_year":2024},"geometry":{"type":"Polygon","coordinates":[[[-72.6763648559999,-45.4159184640568],[-72.6771124779999,-45.4146848330568],[-72.6766518949999,-45.4145492430568],[-72.6759953629999,-45.4156458530568],[-72.6763648559999,-45.4159184640568]]]}},{"type":"Feature","properties":{"id":"11201041002051","commune":"Aysén","code":"11201","gse":"C3","quintil":"Q2","nse_score":663.6,"educ":11.3,"educ_score":553.3,"hacin":1.34,"hacin_class":"Hacinamiento Leve","hacin_score":778.6,"auto_score":239.1,"n_per":63,"n_hog":23,"source_year":2024},"geometry":{"type":"Polygon","coordinates":[[[-72.6764137859999,-45.4159522570568],[-72.6768496519999,-45.4161434890568],[-72.6773693619999,-45.4152904580568],[-72.6773075929999,-45.4147422730568],[-72.6771713779999,-45.4147021730569],[-72.6764137859999,-45.4159522570568]]]}},{"type":"Feature","properties":{"id":"11201041002052","commune":"Aysén","code":"11201","gse":"D","quintil":"Q2","nse_score":652.0,"educ":9.9,"educ_score":460.0,"hacin":1.35,"hacin_class":"Hacinamiento Leve","hacin_score":776.6,"auto_score":200.0,"n_per":54,"n_hog":18,"source_year":2024},"geometry":{"type":"Polygon","coordinates":[[[-72.6790857899999,-45.4152657580568],[-72.6782207679999,-45.4150111080568],[-72.6773738289999,-45.4147617730568],[-72.6774264399999,-45.4152286870568],[-72.6788787859999,-45.4156268590568],[-72.6790857899999,-45.4152657580568]]]}},{"type":"Feature","properties":{"id":"11201041002053","commune":"Aysén","code":"11201","gse":"C3","quintil":"Q2","nse_score":667.0,"educ":10.8,"educ_score":520.0,"hacin":1.438,"hacin_class":"Hacinamiento Leve","hacin_score":758.0,"auto_score":315.8,"n_per":46,"n_hog":17,"source_year":2024},"geometry":{"type":"Polygon","coordinates":[[[-72.6782711679999,-45.4158349450568],[-72.6787636939999,-45.4158174920568],[-72.6788542609999,-45.4156683820568],[-72.6774320499999,-45.4152784720568],[-72.6774737219999,-45.4156482950568],[-72.6782711679999,-45.4158349450568]]]}},{"type":"Feature","properties":{"id":"11201041002056","commune":"Aysén","code":"11201","gse":"D","quintil":"Q1","nse_score":623.3,"educ":8.7,"educ_score":380.0,"hacin":1.303,"hacin_class":"Hacinamiento Leve","hacin_score":786.6,"auto_score":294.1,"n_per":43,"n_hog":16,"source_year":2024},"geometry":{"type":"Polygon","coordinates":[[[-72.678534769,-45.4161943940568],[-72.6787357489999,-45.4158635000568],[-72.6775028939999,-45.4159071850568],[-72.6775439769999,-45.4162717830568],[-72.678534769,-45.4161943940568]]]}},{"type":"Feature","properties":{"id":"11201041002057","commune":"Aysén","code":"11201","gse":"D","quintil":"Q2","nse_score":654.8,"educ":13.1,"educ_score":673.3,"hacin":1.611,"hacin_class":"Hacinamiento Medio","hacin_score":721.0,"auto_score":230.8,"n_per":29,"n_hog":8,"source_year":2024},"geometry":{"type":"Polygon","coordinates":[[[-72.6782840059999,-45.4166461790568],[-72.6784861309999,-45.4162752170568],[-72.6775490279999,-45.4163166090568],[-72.6775895449999,-45.4166761720568],[-72.6782840059999,-45.4166461790568]]]}},{"type":"Feature","properties":{"id":"11201041002059","commune":"Aysén","code":"11201","gse":"C3","quintil":"Q3","nse_score":687.4,"educ":11.2,"educ_score":546.7,"hacin":1.289,"hacin_class":"Hacinamiento Leve","hacin_score":789.6,"auto_score":0.0,"n_per":58,"n_hog":20,"source_year":2024},"geometry":{"type":"Polygon","coordinates":[[[-72.6836206339999,-45.4168921320568],[-72.6831292529999,-45.4166768300568],[-72.6825520029999,-45.4174406880568],[-72.6830271549999,-45.4176175470568],[-72.6836206339999,-45.4168921320568]]]}},{"type":"Feature","properties":{"id":"11201041002060","commune":"Aysén","code":"11201","gse":"C3","quintil":"Q3","nse_score":679.4,"educ":12.8,"educ_score":653.3,"hacin":1.583,"hacin_class":"Hacinamiento Medio","hacin_score":727.0,"auto_score":357.1,"n_per":19,"n_hog":6,"source_year":2024},"geometry":{"type":"Polygon","coordinates":[[[-72.6776148969999,-45.4169011660568],[-72.6779924209999,-45.4171197930568],[-72.6782580259999,-45.4166921530568],[-72.6775945959999,-45.4167209990568],[-72.6776148969999,-45.4169011660568]]]}},{"type":"Feature","properties":{"id":"11201041002063","commune":"Aysén","code":"11201","gse":"C2","quintil":"Q4","nse_score":729.7,"educ":12.1,"educ_score":606.7,"hacin":1.423,"hacin_class":"Hacinamiento Leve","hacin_score":761.2,"auto_score":362.1,"n_per":101,"n_hog":28,"source_year":2024},"geometry":{"type":"Polygon","coordinates":[[[-72.6829479009999,-45.4177167770568],[-72.682490545,-45.4175122170568],[-72.6822197849999,-45.4180585800568],[-72.6822004129999,-45.4183584350568],[-72.6827033289999,-45.4190147230568],[-72.6830521339999,-45.4186194190568],[-72.682787044,-45.4181191510568],[-72.6829479009999,-45.4177167770568]]]}},{"type":"Feature","properties":{"id":"11201041002064","commune":"Aysén","code":"11201","gse":"C2","quintil":"Q4","nse_score":721.4,"educ":12.0,"educ_score":600.0,"hacin":1.288,"hacin_class":"Hacinamiento Leve","hacin_score":789.8,"auto_score":0.0,"n_per":85,"n_hog":34,"source_year":2024},"geometry":{"type":"Polygon","coordinates":[[[-72.6847946249999,-45.4192210440568],[-72.6841992939999,-45.4200471780568],[-72.6848778019999,-45.4204058990568],[-72.686029904,-45.4199763330569],[-72.6863582909999,-45.4202904840568],[-72.6865541049999,-45.4202752740568],[-72.6847232799999,-45.4209853930569],[-72.6828975899999,-45.4199998340568],[-72.6823694309999,-45.4204546510568],[-72.6840660839999,-45.4215578930568],[-72.6846709899999,-45.4217165560568],[-72.6860421169999,-45.4216263390568],[-72.6866259589999,-45.4214663830568],[-72.6864503929999,-45.4212516150568],[-72.6866741389999,-45.4214531830568],[-72.6874809269999,-45.4210184660569],[-72.6872651449999,-45.4205483290568],[-72.6846758769999,-45.4177179180568],[-72.6845971879999,-45.4178353830568],[-72.6849017679999,-45.4182477170568],[-72.6843877379999,-45.4189265280568],[-72.6847726649999,-45.4190895640568],[-72.6847946249999,-45.4192210440568]]]}},{"type":"Feature","properties":{"id":"11201041002066","commune":"Aysén","code":"11201","gse":"C1","quintil":"Q5","nse_score":753.8,"educ":12.3,"educ_score":620.0,"hacin":1.267,"hacin_class":"Hacinamiento Leve","hacin_score":794.2,"auto_score":275.0,"n_per":109,"n_hog":39,"source_year":2024},"geometry":{"type":"Polygon","coordinates":[[[-72.6836105209999,-45.4197192340568],[-72.6848251899999,-45.4182361680569],[-72.6845568329999,-45.4179021740568],[-72.6832491649999,-45.4194806700568],[-72.6836105209999,-45.4197192340568]]]}},{"type":"Feature","properties":{"id":"11201041002067","commune":"Aysén","code":"11201","gse":"C1","quintil":"Q5","nse_score":763.5,"educ":12.2,"educ_score":613.3,"hacin":1.283,"hacin_class":"Hacinamiento Leve","hacin_score":790.8,"auto_score":142.9,"n_per":68,"n_hog":21,"source_year":2024},"geometry":{"type":"Polygon","coordinates":[[[-72.6841483939999,-45.4181719280568],[-72.6836281679999,-45.4179791210568],[-72.6831592489999,-45.4186055820568],[-72.6835653009999,-45.4189696240568],[-72.6841483939999,-45.4181719280568]]]}},{"type":"Feature","properties":{"id":"11201041002068","commune":"Aysén","code":"11201","gse":"C2","quintil":"Q4","nse_score":726.0,"educ":12.0,"educ_score":600.0,"hacin":1.404,"hacin_class":"Hacinamiento Leve","hacin_score":765.1,"auto_score":43.5,"n_per":73,"n_hog":21,"source_year":2024},"geometry":{"type":"Polygon","coordinates":[[[-72.6829686759999,-45.4198104320568],[-72.6831678799999,-45.4195561110568],[-72.6817651559999,-45.4181008120568],[-72.6815677929999,-45.4184077160568],[-72.6829686759999,-45.4198104320568]]]}},{"type":"Feature","properties":{"id":"11201041002069","commune":"Aysén","code":"11201","gse":"C2","quintil":"Q4","nse_score":714.0,"educ":11.3,"educ_score":553.3,"hacin":1.269,"hacin_class":"Hacinamiento Leve","hacin_score":793.8,"auto_score":181.8,"n_per":33,"n_hog":10,"source_year":2024},"geometry":{"type":"Polygon","coordinates":[[[-72.6834729969999,-45.4190301330568],[-72.6830891689999,-45.4186688330568],[-72.6827613479999,-45.4190747730568],[-72.6831627159999,-45.4194588510568],[-72.6834729969999,-45.4190301330568]]]}},{"type":"Feature","properties":{"id":"11201041002070","commune":"Aysén","code":"11201","gse":"C2","quintil":"Q4","nse_score":720.0,"educ":11.0,"educ_score":533.3,"hacin":1.286,"hacin_class":"Hacinamiento Leve","hacin_score":790.3,"auto_score":239.1,"n_per":72,"n_hog":22,"source_year":2024},"geometry":{"type":"Polygon","coordinates":[[[-72.6847263109999,-45.4191964830568],[-72.6843032969999,-45.4190082010568],[-72.683715919,-45.4197831260568],[-72.684108696,-45.4199698910568],[-72.6847263109999,-45.4191964830568]]]}},{"type":"Feature","properties":{"id":"11201041002071","commune":"Aysén","code":"11201","gse":"C2","quintil":"Q4","nse_score":731.3,"educ":12.1,"educ_score":606.7,"hacin":1.479,"hacin_class":"Hacinamiento Leve","hacin_score":749.2,"auto_score":41.7,"n_per":105,"n_hog":36,"source_year":2024},"geometry":{"type":"Polygon","coordinates":[[[-72.6847029539999,-45.4209313830568],[-72.685082727,-45.4207793910568],[-72.6848802089999,-45.4204873290568],[-72.683299314,-45.4196232980568],[-72.6829740499999,-45.4199121840568],[-72.6847029539999,-45.4209313830568]]]}},{"type":"Feature","properties":{"id":"11201041002072","commune":"Aysén","code":"11201","gse":"C1","quintil":"Q5","nse_score":759.2,"educ":12.4,"educ_score":626.7,"hacin":1.36,"hacin_class":"Hacinamiento Leve","hacin_score":774.5,"auto_score":23.8,"n_per":68,"n_hog":21,"source_year":2024},"geometry":{"type":"Polygon","coordinates":[[[-72.6860767459999,-45.4200450100569],[-72.6849789219999,-45.4204421450568],[-72.6849742949999,-45.4204846420568],[-72.6852083709999,-45.4207353200568],[-72.6862786459999,-45.4203054840568],[-72.6860767459999,-45.4200450100569]]]}},{"type":"Feature","properties":{"id":"11201041002055","commune":"Aysén","code":"11201","gse":"D","quintil":"Q2","nse_score":652.4,"educ":9.7,"educ_score":446.7,"hacin":1.233,"hacin_class":"Hacinamiento Leve","hacin_score":801.4,"auto_score":125.0,"n_per":37,"n_hog":11,"source_year":2024},"geometry":{"type":"MultiPolygon","coordinates":[[[[-72.6841880439999,-45.4181257240568],[-72.6844780769999,-45.4178067120568],[-72.6840887639999,-45.4173953520568],[-72.683696413,-45.4178929290568],[-72.6841880439999,-45.4181257240568]]],[[[-72.6822794369999,-45.4162776000568],[-72.6827280079999,-45.4165667150568],[-72.6829542389999,-45.4163479970568],[-72.6833063269999,-45.4163408210568],[-72.6830897119999,-45.4165960280568],[-72.6837487459999,-45.4168421700568],[-72.6845166829999,-45.4177388690568],[-72.6846169679999,-45.4176647480568],[-72.6839382969999,-45.4166679870568],[-72.6836574699999,-45.4157395920569],[-72.6822794369999,-45.4162776000568]]]]}},{"type":"Feature","properties":{"id":"11201041002061","commune":"Aysén","code":"11201","gse":"C2","quintil":"Q4","nse_score":728.9,"educ":11.2,"educ_score":546.7,"hacin":1.333,"hacin_class":"Hacinamiento Leve","hacin_score":780.1,"auto_score":95.2,"n_per":64,"n_hog":23,"source_year":2024},"geometry":{"type":"MultiPolygon","coordinates":[[[[-72.6830994449999,-45.4185279840568],[-72.6835860269999,-45.4179499940568],[-72.6830454219999,-45.4177288080568],[-72.6828634909999,-45.4181145170568],[-72.6830994449999,-45.4185279840568]]],[[[-72.6835893349999,-45.4178773940568],[-72.6840756619999,-45.4173395680568],[-72.6837764839999,-45.4169724520568],[-72.6836303269999,-45.4169889680568],[-72.6831032879999,-45.4176493850568],[-72.6835893349999,-45.4178773940568]]]]}},{"type":"Feature","properties":{"id":"11201041003002","commune":"Aysén","code":"11201","gse":"C2","quintil":"Q4","nse_score":740.5,"educ":13.7,"educ_score":713.3,"hacin":1.201,"hacin_class":"Hacinamiento Leve","hacin_score":808.3,"auto_score":390.9,"n_per":233,"n_hog":90,"source_year":2024},"geometry":{"type":"Polygon","coordinates":[[[-72.6951274129999,-45.4132678920568],[-72.6944477789999,-45.4128900600568],[-72.6940176669999,-45.4134746170568],[-72.6946608009999,-45.4138871470568],[-72.6940097809999,-45.4135216620568],[-72.6938898559999,-45.4136549120568],[-72.6945389729999,-45.4141003470568],[-72.6938784339999,-45.4137005970568],[-72.6937132139999,-45.4138747850568],[-72.6945503839999,-45.4143315310568],[-72.6936921539999,-45.4139030170568],[-72.693411754,-45.4143087010568],[-72.6939819429999,-45.4146018460568],[-72.6933456399999,-45.4143794090568],[-72.6931511729999,-45.4145876810568],[-72.6928141179999,-45.4146437450568],[-72.6927844389999,-45.4150455250568],[-72.6919877449999,-45.4151199390568],[-72.6920058739999,-45.4153936690568],[-72.6924739329999,-45.4153883900568],[-72.6920967119999,-45.4154545130568],[-72.6925258339999,-45.4155951790568],[-72.6931230959999,-45.4155409140568],[-72.6932441819999,-45.4154030930568],[-72.6931487999999,-45.4155702810568],[-72.6925898389999,-45.4156238440568],[-72.6938910089999,-45.4165820420568],[-72.6945985609999,-45.4157012690568],[-72.6948411459999,-45.4158866530568],[-72.6949879599999,-45.4156837150568],[-72.6954089139999,-45.4160173080568],[-72.6955925899999,-45.4157603800568],[-72.6944446749999,-45.4148849590568],[-72.6956191959999,-45.4156841270568],[-72.6959759999999,-45.4152341760568],[-72.6948554879999,-45.4143876370568],[-72.6959968199999,-45.4151795820568],[-72.6963430999999,-45.4148078210568],[-72.6949352699999,-45.4137526420568],[-72.6954630339999,-45.4140829100568],[-72.6957021069999,-45.4137379950568],[-72.6951984009999,-45.4133649880568],[-72.6952370579999,-45.4133290910568],[-72.6958686019999,-45.4138055400568],[-72.6961305499999,-45.4134925240568],[-72.6947852939999,-45.4125025990568],[-72.6944997109999,-45.4128478820568],[-72.6951274129999,-45.4132678920568]]]}},{"type":"Feature","properties":{"id":"11201041003003","commune":"Aysén","code":"11201","gse":"C3","quintil":"Q2","nse_score":673.0,"educ":10.6,"educ_score":506.7,"hacin":1.059,"hacin_class":"Hacinamiento Leve","hacin_score":838.5,"auto_score":281.2,"n_per":36,"n_hog":14,"source_year":2024},"geometry":{"type":"Polygon","coordinates":[[[-72.6933742269999,-45.4127652340568],[-72.6933165299999,-45.4131627990568],[-72.6942171619999,-45.4131215150568],[-72.6944563659999,-45.4127735610568],[-72.6933742269999,-45.4127652340568]]]}},{"type":"Feature","properties":{"id":"11201041003004","commune":"Aysén","code":"11201","gse":"C2","quintil":"Q4","nse_score":742.2,"educ":11.8,"educ_score":586.7,"hacin":1.227,"hacin_class":"Hacinamiento Leve","hacin_score":802.7,"auto_score":166.7,"n_per":27,"n_hog":12,"source_year":2024},"geometry":{"type":"Polygon","coordinates":[[[-72.6926973569999,-45.4133855510568],[-72.6932563319999,-45.4133549160568],[-72.6931933609999,-45.4128072440568],[-72.692657746,-45.4128371610568],[-72.6926973569999,-45.4133855510568]]]}},{"type":"Feature","properties":{"id":"11201041003005","commune":"Aysén","code":"11201","gse":"C3","quintil":"Q2","nse_score":662.9,"educ":9.8,"educ_score":453.3,"hacin":1.111,"hacin_class":"Hacinamiento Leve","hacin_score":827.4,"auto_score":125.0,"n_per":30,"n_hog":11,"source_year":2024},"geometry":{"type":"Polygon","coordinates":[[[-72.6919650529999,-45.4128860920568],[-72.6920172789999,-45.4134315790568],[-72.6925957789999,-45.4133946600568],[-72.6925300599999,-45.4128458790568],[-72.6919650529999,-45.4128860920568]]]}},{"type":"Feature","properties":{"id":"11201041003006","commune":"Aysén","code":"11201","gse":"C3","quintil":"Q3","nse_score":694.2,"educ":10.8,"educ_score":520.0,"hacin":1.24,"hacin_class":"Hacinamiento Leve","hacin_score":800.0,"auto_score":115.4,"n_per":31,"n_hog":13,"source_year":2024},"geometry":{"type":"Polygon","coordinates":[[[-72.691533364,-45.4134704560568],[-72.6919587919999,-45.4134209030568],[-72.6918723779999,-45.4128833020568],[-72.6914033599999,-45.4129219190568],[-72.691533364,-45.4134704560568]]]}},{"type":"Feature","properties":{"id":"11201041003007","commune":"Aysén","code":"11201","gse":"C2","quintil":"Q3","nse_score":707.6,"educ":10.3,"educ_score":486.7,"hacin":1.175,"hacin_class":"Hacinamiento Leve","hacin_score":813.8,"auto_score":187.5,"n_per":47,"n_hog":16,"source_year":2024},"geometry":{"type":"Polygon","coordinates":[[[-72.6913846239999,-45.4134572390568],[-72.6913156769999,-45.4129263300568],[-72.6907999389999,-45.4129519150568],[-72.6908514199999,-45.4134884630568],[-72.6913846239999,-45.4134572390568]]]}},{"type":"Feature","properties":{"id":"11201041003008","commune":"Aysén","code":"11201","gse":"C3","quintil":"Q3","nse_score":685.1,"educ":9.8,"educ_score":453.3,"hacin":1.154,"hacin_class":"Hacinamiento Leve","hacin_score":818.3,"auto_score":166.7,"n_per":30,"n_hog":12,"source_year":2024},"geometry":{"type":"Polygon","coordinates":[[[-72.6900734099999,-45.4135571720568],[-72.6907351939999,-45.4134902380568],[-72.690684642,-45.4129610840568],[-72.6899828949999,-45.4130174810568],[-72.6900734099999,-45.4135571720568]]]}},{"type":"Feature","properties":{"id":"11201041003009","commune":"Aysén","code":"11201","gse":"C3","quintil":"Q3","nse_score":686.4,"educ":11.0,"educ_score":533.3,"hacin":1.091,"hacin_class":"Hacinamiento Leve","hacin_score":831.7,"auto_score":235.3,"n_per":36,"n_hog":17,"source_year":2024},"geometry":{"type":"Polygon","coordinates":[[[-72.6891778639999,-45.4136139430568],[-72.6899178669999,-45.4135515700568],[-72.6898695219999,-45.4130304660568],[-72.689069705,-45.4130479540568],[-72.6891778639999,-45.4136139430568]]]}},{"type":"Feature","properties":{"id":"11201041003010","commune":"Aysén","code":"11201","gse":"D","quintil":"Q1","nse_score":640.9,"educ":10.2,"educ_score":480.0,"hacin":1.1,"hacin_class":"Hacinamiento Leve","hacin_score":829.8,"auto_score":181.8,"n_per":22,"n_hog":9,"source_year":2024},"geometry":{"type":"Polygon","coordinates":[[[-72.6880744219999,-45.4136819670568],[-72.6890108569999,-45.4136092690568],[-72.6889611539999,-45.4130716320568],[-72.6879608339999,-45.4131093190568],[-72.6880744219999,-45.4136819670568]]]}},{"type":"Feature","properties":{"id":"11201041003012","commune":"Aysén","code":"11201","gse":"C2","quintil":"Q4","nse_score":741.1,"educ":12.6,"educ_score":640.0,"hacin":1.029,"hacin_class":"Hacinamiento Leve","hacin_score":845.0,"auto_score":289.5,"n_per":36,"n_hog":17,"source_year":2024},"geometry":{"type":"Polygon","coordinates":[[[-72.6941789249999,-45.4131725550568],[-72.6933219009999,-45.4132118390568],[-72.6933988069999,-45.4139140330568],[-72.6935843619999,-45.4139603060568],[-72.6941789249999,-45.4131725550568]]]}},{"type":"Feature","properties":{"id":"11201041003013","commune":"Aysén","code":"11201","gse":"C2","quintil":"Q4","nse_score":746.2,"educ":13.1,"educ_score":673.3,"hacin":1.4,"hacin_class":"Hacinamiento Leve","hacin_score":766.0,"auto_score":441.2,"n_per":49,"n_hog":15,"source_year":2024},"geometry":{"type":"Polygon","coordinates":[[[-72.6857552609999,-45.4132441640568],[-72.6850072679999,-45.4133100140568],[-72.6850238579999,-45.4138510710568],[-72.6858603469999,-45.4138091590568],[-72.6857552609999,-45.4132441640568]]]}},{"type":"Feature","properties":{"id":"11201041003014","commune":"Aysén","code":"11201","gse":"C3","quintil":"Q3","nse_score":680.1,"educ":10.5,"educ_score":500.0,"hacin":1.029,"hacin_class":"Hacinamiento Leve","hacin_score":844.8,"auto_score":166.7,"n_per":35,"n_hog":15,"source_year":2024},"geometry":{"type":"Polygon","coordinates":[[[-72.6841759929999,-45.4139296350568],[-72.6849363949999,-45.4138650990568],[-72.6848912949999,-45.4133281810568],[-72.6840823339999,-45.4133513900568],[-72.6841759929999,-45.4139296350568]]]}},{"type":"Feature","properties":{"id":"11201041003016","commune":"Aysén","code":"11201","gse":"C2","quintil":"Q4","nse_score":714.0,"educ":11.7,"educ_score":580.0,"hacin":1.245,"hacin_class":"Hacinamiento Leve","hacin_score":798.9,"auto_score":403.8,"n_per":66,"n_hog":24,"source_year":2024},"geometry":{"type":"Polygon","coordinates":[[[-72.6928677239999,-45.4145971110568],[-72.6931114939999,-45.4145563210568],[-72.6933430349999,-45.4142572890568],[-72.6932340319999,-45.4134191930568],[-72.6927031709999,-45.4134759790568],[-72.6928677239999,-45.4145971110568]]]}},{"type":"Feature","properties":{"id":"11201041003017","commune":"Aysén","code":"11201","gse":"C3","quintil":"Q3","nse_score":697.5,"educ":11.0,"educ_score":533.3,"hacin":1.22,"hacin_class":"Hacinamiento Leve","hacin_score":804.4,"auto_score":285.7,"n_per":50,"n_hog":19,"source_year":2024},"geometry":{"type":"Polygon","coordinates":[[[-72.691483333,-45.4135479930568],[-72.6915577839999,-45.4138512850568],[-72.6926402639999,-45.4137496760568],[-72.6925670229999,-45.4134533160568],[-72.691483333,-45.4135479930568]]]}},{"type":"Feature","properties":{"id":"11201041003018","commune":"Aysén","code":"11201","gse":"C1","quintil":"Q5","nse_score":764.8,"educ":14.3,"educ_score":753.3,"hacin":0.95,"hacin_class":"Sin Hacinamiento","hacin_score":861.7,"auto_score":275.0,"n_per":38,"n_hog":15,"source_year":2024},"geometry":{"type":"Polygon","coordinates":[[[-72.6961589079999,-45.4135221080568],[-72.6959359209999,-45.4138422660568],[-72.6966052759999,-45.4143496020568],[-72.6960627949999,-45.4140151120568],[-72.6958184679999,-45.4143520620568],[-72.6963570979999,-45.4147885500568],[-72.6968742839999,-45.4140458950568],[-72.6961589079999,-45.4135221080568]]]}},{"type":"Feature","properties":{"id":"11201041003019","commune":"Aysén","code":"11201","gse":"D","quintil":"Q1","nse_score":639.8,"educ":9.9,"educ_score":460.0,"hacin":1.167,"hacin_class":"Hacinamiento Leve","hacin_score":815.6,"auto_score":92.6,"n_per":56,"n_hog":24,"source_year":2024},"geometry":{"type":"Polygon","coordinates":[[[-72.6913769489999,-45.4135462510568],[-72.6908542479999,-45.4135900970568],[-72.6910358879999,-45.4146918790568],[-72.6914978179999,-45.4146286640568],[-72.6913769489999,-45.4135462510568]]]}},{"type":"Feature","properties":{"id":"11201041003020","commune":"Aysén","code":"11201","gse":"D","quintil":"Q1","nse_score":632.0,"educ":10.3,"educ_score":486.7,"hacin":1.125,"hacin_class":"Hacinamiento Leve","hacin_score":824.5,"auto_score":300.0,"n_per":36,"n_hog":14,"source_year":2024},"geometry":{"type":"Polygon","coordinates":[[[-72.6902259949999,-45.4147410510569],[-72.690907191,-45.4146629110568],[-72.6907152059999,-45.4135740590568],[-72.6900377219999,-45.4136397890568],[-72.6902259949999,-45.4147410510569]]]}},{"type":"Feature","properties":{"id":"11201041003021","commune":"Aysén","code":"11201","gse":"D","quintil":"Q1","nse_score":616.6,"educ":10.2,"educ_score":480.0,"hacin":0.979,"hacin_class":"Sin Hacinamiento","hacin_score":855.5,"auto_score":80.0,"n_per":47,"n_hog":22,"source_year":2024},"geometry":{"type":"Polygon","coordinates":[[[-72.6892598359999,-45.4147326740568],[-72.6900856829999,-45.4147151250568],[-72.6899273899999,-45.4136150450568],[-72.6891319479999,-45.4136750830568],[-72.6892598359999,-45.4147326740568]]]}},{"type":"Feature","properties":{"id":"11201041003022","commune":"Aysén","code":"11201","gse":"D","quintil":"Q2","nse_score":651.0,"educ":11.6,"educ_score":573.3,"hacin":1.05,"hacin_class":"Hacinamiento Leve","hacin_score":840.4,"auto_score":217.4,"n_per":42,"n_hog":20,"source_year":2024},"geometry":{"type":"Polygon","coordinates":[[[-72.6880517459999,-45.4137380830568],[-72.688184067,-45.4148349120568],[-72.6891580079999,-45.4147707210568],[-72.6890317869999,-45.4136877870568],[-72.6880517459999,-45.4137380830568]]]}},{"type":"Feature","properties":{"id":"11201041003023","commune":"Aysén","code":"11201","gse":"C3","quintil":"Q2","nse_score":664.3,"educ":9.9,"educ_score":460.0,"hacin":1.0,"hacin_class":"Hacinamiento Leve","hacin_score":851.1,"auto_score":208.3,"n_per":52,"n_hog":25,"source_year":2024},"geometry":{"type":"Polygon","coordinates":[[[-72.6876916499999,-45.4148927860568],[-72.6880743439999,-45.4147924850568],[-72.6878786049999,-45.4137352970568],[-72.6874981709999,-45.4137967040568],[-72.6876916499999,-45.4148927860568]]]}},{"type":"Feature","properties":{"id":"11201041003024","commune":"Aysén","code":"11201","gse":"E","quintil":"Q1","nse_score":560.9,"educ":9.6,"educ_score":440.0,"hacin":1.476,"hacin_class":"Hacinamiento Leve","hacin_score":749.7,"auto_score":100.0,"n_per":62,"n_hog":19,"source_year":2024},"geometry":{"type":"Polygon","coordinates":[[[-72.6872635429999,-45.4149164450568],[-72.6875770079999,-45.4148632700568],[-72.6873870649999,-45.4137657080568],[-72.6870637719999,-45.4138264950568],[-72.6872635429999,-45.4149164450568]]]}},{"type":"Feature","properties":{"id":"11201041003026","commune":"Aysén","code":"11201","gse":"C2","quintil":"Q3","nse_score":707.4,"educ":11.7,"educ_score":580.0,"hacin":1.312,"hacin_class":"Hacinamiento Leve","hacin_score":784.6,"auto_score":280.0,"n_per":63,"n_hog":22,"source_year":2024},"geometry":{"type":"Polygon","coordinates":[[[-72.6865569869999,-45.4138621520568],[-72.6866901469999,-45.4149140290568],[-72.6870928869999,-45.4149204450568],[-72.6869894079999,-45.4138383870568],[-72.6865569869999,-45.4138621520568]]]}},{"type":"Feature","properties":{"id":"11201041003027","commune":"Aysén","code":"11201","gse":"C2","quintil":"Q4","nse_score":730.5,"educ":11.6,"educ_score":573.3,"hacin":1.153,"hacin_class":"Hacinamiento Leve","hacin_score":818.6,"auto_score":351.9,"n_per":68,"n_hog":26,"source_year":2024},"geometry":{"type":"Polygon","coordinates":[[[-72.686039219,-45.4138578680568],[-72.6861384269999,-45.4149391280568],[-72.6865851889999,-45.4149487530568],[-72.6864813749999,-45.4138684760568],[-72.686039219,-45.4138578680568]]]}},{"type":"Feature","properties":{"id":"11201041003028","commune":"Aysén","code":"11201","gse":"D","quintil":"Q1","nse_score":617.4,"educ":10.8,"educ_score":520.0,"hacin":1.25,"hacin_class":"Hacinamiento Leve","hacin_score":797.9,"auto_score":375.0,"n_per":50,"n_hog":14,"source_year":2024},"geometry":{"type":"Polygon","coordinates":[[[-72.6926244009999,-45.4138736860568],[-72.6915919259999,-45.4139096460568],[-72.6915423229999,-45.4141910850568],[-72.6926279249999,-45.4141748740568],[-72.6926244009999,-45.4138736860568]]]}},{"type":"Feature","properties":{"id":"11201041003029","commune":"Aysén","code":"11201","gse":"E","quintil":"Q1","nse_score":590.3,"educ":9.1,"educ_score":406.7,"hacin":1.435,"hacin_class":"Hacinamiento Leve","hacin_score":758.6,"auto_score":194.4,"n_per":33,"n_hog":14,"source_year":2024},"geometry":{"type":"Polygon","coordinates":[[[-72.6855050659999,-45.4138862020568],[-72.6855892099999,-45.4149798900568],[-72.6859805499999,-45.4149893880568],[-72.6858913479999,-45.4138994060568],[-72.6855050659999,-45.4138862020568]]]}},{"type":"Feature","properties":{"id":"11201041003030","commune":"Aysén","code":"11201","gse":"D","quintil":"Q2","nse_score":652.9,"educ":10.5,"educ_score":500.0,"hacin":1.149,"hacin_class":"Hacinamiento Leve","hacin_score":819.3,"auto_score":160.7,"n_per":77,"n_hog":26,"source_year":2024},"geometry":{"type":"Polygon","coordinates":[[[-72.6853927579999,-45.4139003330568],[-72.6850301429999,-45.4139596490568],[-72.685235497,-45.4150362280568],[-72.6855403569999,-45.4149745410568],[-72.6853927579999,-45.4139003330568]]]}},{"type":"Feature","properties":{"id":"11201041003031","commune":"Aysén","code":"11201","gse":"E","quintil":"Q1","nse_score":609.4,"educ":10.1,"educ_score":473.3,"hacin":1.18,"hacin_class":"Hacinamiento Leve","hacin_score":812.7,"auto_score":171.1,"n_per":72,"n_hog":30,"source_year":2024},"geometry":{"type":"Polygon","coordinates":[[[-72.6843308819999,-45.4150921550568],[-72.6850850909999,-45.4150143730568],[-72.6849543089999,-45.4139308720568],[-72.6841469599999,-45.4140005520568],[-72.6843308819999,-45.4150921550568]]]}},{"type":"Feature","properties":{"id":"11201041003034","commune":"Aysén","code":"11201","gse":"E","quintil":"Q1","nse_score":575.7,"educ":8.9,"educ_score":393.3,"hacin":1.217,"hacin_class":"Hacinamiento Leve","hacin_score":804.8,"auto_score":384.6,"n_per":28,"n_hog":11,"source_year":2024},"geometry":{"type":"Polygon","coordinates":[[[-72.6920000969999,-45.4150660770568],[-72.6927103709999,-45.4150191820568],[-72.6927423989999,-45.4147526850568],[-72.6919402959999,-45.4147498070568],[-72.6920000969999,-45.4150660770568]]]}},{"type":"Feature","properties":{"id":"11201041003035","commune":"Aysén","code":"11201","gse":"E","quintil":"Q1","nse_score":592.0,"educ":7.2,"educ_score":280.0,"hacin":1.136,"hacin_class":"Hacinamiento Leve","hacin_score":822.1,"auto_score":83.3,"n_per":25,"n_hog":10,"source_year":2024},"geometry":{"type":"Polygon","coordinates":[[[-72.691800929,-45.4147654700568],[-72.6910784969999,-45.4147970960568],[-72.6910786619999,-45.4150956150568],[-72.6918298529999,-45.4150743670568],[-72.691800929,-45.4147654700568]]]}},{"type":"Feature","properties":{"id":"11201041003036","commune":"Aysén","code":"11201","gse":"C2","quintil":"Q4","nse_score":726.8,"educ":11.8,"educ_score":586.7,"hacin":1.294,"hacin_class":"Hacinamiento Leve","hacin_score":788.5,"auto_score":222.2,"n_per":22,"n_hog":9,"source_year":2024},"geometry":{"type":"Polygon","coordinates":[[[-72.6909000439999,-45.4148000170568],[-72.6901789149999,-45.4148152710568],[-72.6900619289999,-45.4151558900568],[-72.6909128699999,-45.4151238230568],[-72.6909000439999,-45.4148000170568]]]}},{"type":"Feature","properties":{"id":"11201041003037","commune":"Aysén","code":"11201","gse":"C3","quintil":"Q3","nse_score":702.6,"educ":12.4,"educ_score":626.7,"hacin":0.966,"hacin_class":"Sin Hacinamiento","hacin_score":858.4,"auto_score":111.1,"n_per":28,"n_hog":14,"source_year":2024},"geometry":{"type":"Polygon","coordinates":[[[-72.6901041989999,-45.4148486640568],[-72.6882704349999,-45.4149298280568],[-72.6882352779999,-45.4153151000568],[-72.689956058,-45.4152678350568],[-72.6901041989999,-45.4148486640568]]]}},{"type":"Feature","properties":{"id":"11201041003038","commune":"Aysén","code":"11201","gse":"C3","quintil":"Q3","nse_score":700.0,"educ":11.6,"educ_score":573.3,"hacin":1.348,"hacin_class":"Hacinamiento Leve","hacin_score":777.1,"auto_score":312.5,"n_per":62,"n_hog":22,"source_year":2024},"geometry":{"type":"Polygon","coordinates":[[[-72.6861924209999,-45.4150756080568],[-72.6862806419999,-45.4155755920568],[-72.6881202539999,-45.4154235520568],[-72.6879847819999,-45.4149638140568],[-72.6861924209999,-45.4150756080568]]]}},{"type":"Feature","properties":{"id":"11201041003039","commune":"Aysén","code":"11201","gse":"D","quintil":"Q1","nse_score":643.6,"educ":10.0,"educ_score":466.7,"hacin":1.215,"hacin_class":"Hacinamiento Leve","hacin_score":805.3,"auto_score":229.6,"n_per":254,"n_hog":90,"source_year":2024},"geometry":{"type":"Polygon","coordinates":[[[-72.6840076319999,-45.4166388700568],[-72.6844031069999,-45.4166529780568],[-72.6847231509999,-45.4169937300568],[-72.6854847689999,-45.4169831190568],[-72.68596722,-45.4172300700568],[-72.6866069529999,-45.4170183510569],[-72.6879781799999,-45.4173026930568],[-72.6880815099999,-45.4171562780568],[-72.6894974269999,-45.4173804460568],[-72.6902501309999,-45.4172548760568],[-72.6902366389999,-45.4168292750568],[-72.6915972539999,-45.4169596910568],[-72.6923896999999,-45.4159433820568],[-72.6936510039999,-45.4168808050568],[-72.6938712819999,-45.4166065990568],[-72.6926030449999,-45.4156617460568],[-72.6920190699999,-45.4154736380568],[-72.6920045379999,-45.4158314850568],[-72.6917370219999,-45.4162139640568],[-72.6912244939999,-45.4162945640568],[-72.691283085,-45.4166303140568],[-72.690169324,-45.4167245880568],[-72.6899835139999,-45.4153252680568],[-72.6887992919999,-45.4154049390568],[-72.6888133659999,-45.4157042570568],[-72.6895978299999,-45.4157401880568],[-72.6888138259999,-45.4157605070568],[-72.6887350579999,-45.4160176200568],[-72.6888773169999,-45.4162135430568],[-72.6883138699999,-45.4159298320568],[-72.6883297869999,-45.4160393910568],[-72.6877699369999,-45.4160584640568],[-72.6877619249999,-45.4164856760568],[-72.6875511799999,-45.4165466300568],[-72.6875795559999,-45.4168537190568],[-72.6874740539999,-45.4165285610568],[-72.6864589429999,-45.4165943550568],[-72.686402256,-45.4168075980568],[-72.6863557439999,-45.4166258910568],[-72.6853714809999,-45.4166608870568],[-72.6862337239999,-45.4165435730568],[-72.6861702559999,-45.4161584310568],[-72.685093993,-45.4162190290568],[-72.6861776119999,-45.4160682030568],[-72.6861084449999,-45.4156306420568],[-72.6850308799999,-45.4156863000568],[-72.6860584769999,-45.4155739250568],[-72.685970515,-45.4150770320568],[-72.6837828299999,-45.4152067700568],[-72.6837723479999,-45.4157443040568],[-72.6840076319999,-45.4166388700568]]]}},{"type":"Feature","properties":{"id":"11201041003040","commune":"Aysén","code":"11201","gse":"E","quintil":"Q1","nse_score":601.6,"educ":8.3,"educ_score":353.3,"hacin":1.35,"hacin_class":"Hacinamiento Leve","hacin_score":776.6,"auto_score":136.4,"n_per":27,"n_hog":11,"source_year":2024},"geometry":{"type":"Polygon","coordinates":[[[-72.6918437709999,-45.4151233170568],[-72.6911177029999,-45.4151678150568],[-72.6911249569999,-45.4154625470568],[-72.691884549,-45.4154233030568],[-72.6918437709999,-45.4151233170568]]]}},{"type":"Feature","properties":{"id":"11201041003041","commune":"Aysén","code":"11201","gse":"C3","quintil":"Q2","nse_score":664.6,"educ":8.6,"educ_score":373.3,"hacin":1.0,"hacin_class":"Hacinamiento Leve","hacin_score":851.1,"auto_score":300.0,"n_per":25,"n_hog":10,"source_year":2024},"geometry":{"type":"Polygon","coordinates":[[[-72.6900951519999,-45.4155193860568],[-72.6909577449999,-45.4154728500568],[-72.6909537559999,-45.4151826590568],[-72.690086516,-45.4152091290568],[-72.6900951519999,-45.4155193860568]]]}},{"type":"Feature","properties":{"id":"11201041003042","commune":"Aysén","code":"11201","gse":"D","quintil":"Q1","nse_score":621.6,"educ":8.9,"educ_score":393.3,"hacin":1.083,"hacin_class":"Hacinamiento Leve","hacin_score":833.3,"auto_score":214.3,"n_per":13,"n_hog":6,"source_year":2024},"geometry":{"type":"Polygon","coordinates":[[[-72.6883062369999,-45.4158816780568],[-72.6887127449999,-45.4159852360568],[-72.6887092289999,-45.4154129950568],[-72.6882713179999,-45.4154456130568],[-72.6883062369999,-45.4158816780568]]]}},{"type":"Feature","properties":{"id":"11201041003043","commune":"Aysén","code":"11201","gse":"C3","quintil":"Q2","nse_score":662.5,"educ":9.7,"educ_score":446.7,"hacin":1.25,"hacin_class":"Hacinamiento Leve","hacin_score":797.9,"auto_score":444.4,"n_per":25,"n_hog":9,"source_year":2024},"geometry":{"type":"Polygon","coordinates":[[[-72.6911375519999,-45.4155226610568],[-72.6912254309999,-45.4158286300568],[-72.6919334089999,-45.4157855860568],[-72.6919269839999,-45.4154722110568],[-72.6911375519999,-45.4155226610568]]]}},{"type":"Feature","properties":{"id":"11201041003044","commune":"Aysén","code":"11201","gse":"C3","quintil":"Q2","nse_score":666.8,"educ":10.2,"educ_score":480.0,"hacin":1.509,"hacin_class":"Hacinamiento Medio","hacin_score":742.7,"auto_score":220.0,"n_per":83,"n_hog":26,"source_year":2024},"geometry":{"type":"Polygon","coordinates":[[[-72.6863545459999,-45.4161035840568],[-72.6881718619999,-45.4159973400568],[-72.688135267,-45.4155168780568],[-72.6862844679999,-45.4156139280568],[-72.6863545459999,-45.4161035840568]]]}},{"type":"Feature","properties":{"id":"11201041003045","commune":"Aysén","code":"11201","gse":"C2","quintil":"Q3","nse_score":708.0,"educ":11.1,"educ_score":540.0,"hacin":1.6,"hacin_class":"Hacinamiento Medio","hacin_score":723.4,"auto_score":250.0,"n_per":48,"n_hog":12,"source_year":2024},"geometry":{"type":"Polygon","coordinates":[[[-72.6910366989999,-45.4157918210568],[-72.6909866639999,-45.4155167270568],[-72.690088736,-45.4155758750568],[-72.6901420089999,-45.4158805150568],[-72.6910366989999,-45.4157918210568]]]}},{"type":"Feature","properties":{"id":"11201041003046","commune":"Aysén","code":"11201","gse":"E","quintil":"Q1","nse_score":574.4,"educ":9.7,"educ_score":446.7,"hacin":1.412,"hacin_class":"Hacinamiento Leve","hacin_score":763.5,"auto_score":277.8,"n_per":24,"n_hog":7,"source_year":2024},"geometry":{"type":"Polygon","coordinates":[[[-72.6916811329999,-45.4162019710568],[-72.6919715309999,-45.4158108440568],[-72.6911806229999,-45.4159047470568],[-72.6912278919999,-45.4161973420568],[-72.6916811329999,-45.4162019710568]]]}},{"type":"Feature","properties":{"id":"11201041003047","commune":"Aysén","code":"11201","gse":"D","quintil":"Q1","nse_score":621.0,"educ":9.3,"educ_score":420.0,"hacin":1.167,"hacin_class":"Hacinamiento Leve","hacin_score":815.6,"auto_score":208.3,"n_per":28,"n_hog":10,"source_year":2024},"geometry":{"type":"Polygon","coordinates":[[[-72.6910923699999,-45.4161988250568],[-72.6910195729999,-45.4158707400568],[-72.6901441009999,-45.4159587990568],[-72.6902092169999,-45.4162787850568],[-72.6910923699999,-45.4161988250568]]]}},{"type":"Feature","properties":{"id":"11201041003048","commune":"Aysén","code":"11201","gse":"C3","quintil":"Q3","nse_score":682.6,"educ":10.1,"educ_score":473.3,"hacin":1.226,"hacin_class":"Hacinamiento Leve","hacin_score":802.9,"auto_score":119.0,"n_per":65,"n_hog":21,"source_year":2024},"geometry":{"type":"Polygon","coordinates":[[[-72.6863542939999,-45.4161431210568],[-72.6863747759999,-45.4165538810568],[-72.6876811229999,-45.4164372560568],[-72.6876085379999,-45.4160744530568],[-72.6863542939999,-45.4161431210568]]]}},{"type":"Feature","properties":{"id":"11201041003049","commune":"Aysén","code":"11201","gse":"C3","quintil":"Q2","nse_score":663.0,"educ":9.8,"educ_score":453.3,"hacin":1.37,"hacin_class":"Hacinamiento Leve","hacin_score":772.3,"auto_score":125.0,"n_per":37,"n_hog":12,"source_year":2024},"geometry":{"type":"Polygon","coordinates":[[[-72.6911459949999,-45.4165850620568],[-72.6910947549999,-45.4162748550568],[-72.6902050389999,-45.4163341690568],[-72.6902620269999,-45.4166458600568],[-72.6911459949999,-45.4165850620568]]]}},{"type":"Feature","properties":{"id":"11201071001005","commune":"Aysén","code":"11201","gse":"C3","quintil":"Q3","nse_score":679.0,"educ":9.9,"educ_score":460.0,"hacin":1.319,"hacin_class":"Hacinamiento Leve","hacin_score":783.2,"auto_score":275.0,"n_per":62,"n_hog":20,"source_year":2024},"geometry":{"type":"Polygon","coordinates":[[[-72.8130348639999,-45.4597880640569],[-72.8144528019999,-45.4598417290568],[-72.8145365589999,-45.4595205730569],[-72.8130503059999,-45.4594508110568],[-72.8130348639999,-45.4597880640569]]]}},{"type":"Feature","properties":{"id":"11201071001006","commune":"Aysén","code":"11201","gse":"E","quintil":"Q1","nse_score":601.2,"educ":9.9,"educ_score":460.0,"hacin":1.5,"hacin_class":"Hacinamiento Medio","hacin_score":744.7,"auto_score":218.8,"n_per":48,"n_hog":14,"source_year":2024},"geometry":{"type":"Polygon","coordinates":[[[-72.8146358639999,-45.4594991400568],[-72.8146228929999,-45.4599483840568],[-72.8159682849999,-45.4600185340568],[-72.8160308199999,-45.4596175710569],[-72.8146358639999,-45.4594991400568]]]}},{"type":"Feature","properties":{"id":"11201071001007","commune":"Aysén","code":"11201","gse":"D","quintil":"Q2","nse_score":655.7,"educ":10.9,"educ_score":526.7,"hacin":1.3,"hacin_class":"Hacinamiento Leve","hacin_score":787.2,"auto_score":311.1,"n_per":104,"n_hog":43,"source_year":2024},"geometry":{"type":"Polygon","coordinates":[[[-72.8071590449999,-45.4596541580568],[-72.8056266019999,-45.4620408980568],[-72.8121111929999,-45.4645792410569],[-72.8135351049999,-45.4656758810568],[-72.8125540809999,-45.4662511590569],[-72.8134012269999,-45.4669427260569],[-72.8145408089999,-45.4661237760569],[-72.815438319,-45.4656732530568],[-72.8151966559999,-45.4656733280568],[-72.815012523,-45.4655962570569],[-72.8153185419999,-45.4656671160569],[-72.8156255459999,-45.4655702830568],[-72.8160155899999,-45.4650382240569],[-72.8154770749999,-45.4645559750568],[-72.8148308879999,-45.4649468080568],[-72.8154107679999,-45.4644952490568],[-72.8143958349999,-45.4637010150568],[-72.8141731119999,-45.4638229420568],[-72.8142181819999,-45.4639208290569],[-72.8148334439999,-45.4643984210569],[-72.8141774199999,-45.4639427870569],[-72.8141281629999,-45.4638051750568],[-72.8143418629999,-45.4636628210569],[-72.8137779759999,-45.4632228120568],[-72.8107366269999,-45.4619159200569],[-72.8109718759999,-45.4619092830569],[-72.811160131,-45.4616843510568],[-72.8112871569999,-45.4611312260569],[-72.8104768789999,-45.4608536790569],[-72.8103234509999,-45.4610625800568],[-72.8102598359999,-45.4617507000568],[-72.8100705949999,-45.4618648580569],[-72.80948982,-45.4618363130568],[-72.8095425889999,-45.4620540850568],[-72.8094220209999,-45.4620819080569],[-72.8092919439999,-45.4620358940568],[-72.809491481,-45.4620280290568],[-72.8094443119999,-45.4618032210568],[-72.8100478289999,-45.4618015410569],[-72.8093078539999,-45.4615401530568],[-72.8086673609999,-45.4615862340568],[-72.8083202029999,-45.4613778310568],[-72.8074183459999,-45.4618332570569],[-72.8082789349999,-45.4613532700569],[-72.8076791639999,-45.4610798540568],[-72.8073901449999,-45.4606871350568],[-72.8077052279999,-45.4610595940568],[-72.8083137829999,-45.4613386580568],[-72.8085203629999,-45.4612180880569],[-72.8091248089999,-45.4603136600568],[-72.8071590449999,-45.4596541580568]]]}},{"type":"Feature","properties":{"id":"11201071001008","commune":"Aysén","code":"11201","gse":"D","quintil":"Q1","nse_score":629.2,"educ":8.8,"educ_score":386.7,"hacin":1.222,"hacin_class":"Hacinamiento Leve","hacin_score":803.8,"auto_score":166.7,"n_per":22,"n_hog":9,"source_year":2024},"geometry":{"type":"Polygon","coordinates":[[[-72.8162040279999,-45.4596261680568],[-72.8159743189999,-45.4605034700568],[-72.816474835,-45.4605398020568],[-72.8163735069999,-45.4601605680568],[-72.8164578739999,-45.4596497540568],[-72.8162040279999,-45.4596261680568]]]}},{"type":"Feature","properties":{"id":"11201071001009","commune":"Aysén","code":"11201","gse":"C3","quintil":"Q2","nse_score":674.4,"educ":10.2,"educ_score":480.0,"hacin":1.36,"hacin_class":"Hacinamiento Leve","hacin_score":774.5,"auto_score":166.7,"n_per":34,"n_hog":11,"source_year":2024},"geometry":{"type":"Polygon","coordinates":[[[-72.8165601769999,-45.4596638880569],[-72.8164777619999,-45.4601928380569],[-72.8165982809999,-45.4604249710569],[-72.8170671759999,-45.4603482390568],[-72.8171964019999,-45.4597070140568],[-72.8165601769999,-45.4596638880569]]]}},{"type":"Feature","properties":{"id":"11201071001011","commune":"Aysén","code":"11201","gse":"E","quintil":"Q1","nse_score":608.6,"educ":9.5,"educ_score":433.3,"hacin":1.538,"hacin_class":"Hacinamiento Medio","hacin_score":736.5,"auto_score":500.0,"n_per":20,"n_hog":7,"source_year":2024},"geometry":{"type":"Polygon","coordinates":[[[-72.8121992349999,-45.4601050120568],[-72.81291375,-45.4601504640568],[-72.8129200699999,-45.4598623760568],[-72.8122233879999,-45.4598310250568],[-72.8121992349999,-45.4601050120568]]]}},{"type":"Feature","properties":{"id":"11201071001012","commune":"Aysén","code":"11201","gse":"D","quintil":"Q1","nse_score":620.6,"educ":9.0,"educ_score":400.0,"hacin":1.439,"hacin_class":"Hacinamiento Leve","hacin_score":757.7,"auto_score":238.1,"n_per":59,"n_hog":20,"source_year":2024},"geometry":{"type":"Polygon","coordinates":[[[-72.8129917739999,-45.4601529870569],[-72.8143769679999,-45.4601977770569],[-72.8144725799999,-45.4599236100568],[-72.813036597,-45.4598466050568],[-72.8129917739999,-45.4601529870569]]]}},{"type":"Feature","properties":{"id":"11201071001013","commune":"Aysén","code":"11201","gse":"C3","quintil":"Q3","nse_score":684.0,"educ":10.3,"educ_score":486.7,"hacin":1.25,"hacin_class":"Hacinamiento Leve","hacin_score":797.9,"auto_score":100.0,"n_per":55,"n_hog":20,"source_year":2024},"geometry":{"type":"Polygon","coordinates":[[[-72.814618359,-45.4599976460568],[-72.8145681379999,-45.4604140140568],[-72.8158775289999,-45.4604964820568],[-72.8159348619999,-45.4600816910568],[-72.814618359,-45.4599976460568]]]}},{"type":"Feature","properties":{"id":"11201071001016","commune":"Aysén","code":"11201","gse":"D","quintil":"Q1","nse_score":629.2,"educ":8.1,"educ_score":340.0,"hacin":1.25,"hacin_class":"Hacinamiento Leve","hacin_score":797.9,"auto_score":38.5,"n_per":35,"n_hog":13,"source_year":2024},"geometry":{"type":"Polygon","coordinates":[[[-72.8125982639999,-45.4614496870568],[-72.8128966959999,-45.4603840030569],[-72.8122154159999,-45.4602981160568],[-72.8116792039999,-45.4611857340568],[-72.8125982639999,-45.4614496870568]]]}},{"type":"Feature","properties":{"id":"11201071001018","commune":"Aysén","code":"11201","gse":"C3","quintil":"Q2","nse_score":673.8,"educ":10.7,"educ_score":513.3,"hacin":1.293,"hacin_class":"Hacinamiento Leve","hacin_score":788.8,"auto_score":113.6,"n_per":53,"n_hog":22,"source_year":2024},"geometry":{"type":"Polygon","coordinates":[[[-72.8133132739999,-45.4607612680568],[-72.8129091299999,-45.4607338800569],[-72.8127892759999,-45.4614339810568],[-72.8141293769999,-45.4616187300568],[-72.8143657059999,-45.4604575090568],[-72.8129700699999,-45.4603741370568],[-72.812910471,-45.4607085680568],[-72.8133132739999,-45.4607612680568]]]}},{"type":"Feature","properties":{"id":"11201071001019","commune":"Aysén","code":"11201","gse":"C3","quintil":"Q2","nse_score":669.0,"educ":9.3,"educ_score":420.0,"hacin":1.18,"hacin_class":"Hacinamiento Leve","hacin_score":812.8,"auto_score":125.0,"n_per":59,"n_hog":28,"source_year":2024},"geometry":{"type":"Polygon","coordinates":[[[-72.8145106939999,-45.4604696680568],[-72.8142167139999,-45.4616663480568],[-72.8155979889999,-45.4617927540568],[-72.815861503,-45.4605537500568],[-72.8152986829999,-45.4605182770569],[-72.81523956,-45.4608153630569],[-72.8152662439999,-45.4605141270569],[-72.8145106939999,-45.4604696680568]]]}},{"type":"Feature","properties":{"id":"11201071001021","commune":"Aysén","code":"11201","gse":"C3","quintil":"Q3","nse_score":696.1,"educ":10.1,"educ_score":473.3,"hacin":1.037,"hacin_class":"Hacinamiento Leve","hacin_score":843.2,"auto_score":115.4,"n_per":28,"n_hog":13,"source_year":2024},"geometry":{"type":"Polygon","coordinates":[[[-72.8127993949999,-45.4627689990568],[-72.8137093479999,-45.4620053110568],[-72.8136077549999,-45.4617807350568],[-72.8134140079999,-45.4616485350568],[-72.8114128349999,-45.4612730640569],[-72.8110593739999,-45.4619977900568],[-72.8127993949999,-45.4627689990568]]]}},{"type":"Feature","properties":{"id":"11201071001023","commune":"Aysén","code":"11201","gse":"D","quintil":"Q1","nse_score":618.6,"educ":10.2,"educ_score":480.0,"hacin":1.45,"hacin_class":"Hacinamiento Leve","hacin_score":755.3,"auto_score":178.6,"n_per":29,"n_hog":13,"source_year":2024},"geometry":{"type":"Polygon","coordinates":[[[-72.8156411879999,-45.4634276880569],[-72.8162933399999,-45.4630190730568],[-72.815745864,-45.4625900540568],[-72.8158378989999,-45.4619391880568],[-72.8137549149999,-45.4617619250569],[-72.8138050049999,-45.4619626160568],[-72.8156411879999,-45.4634276880569]]]}},{"type":"Feature","properties":{"id":"11201071001027","commune":"Aysén","code":"11201","gse":"D","quintil":"Q1","nse_score":638.8,"educ":10.2,"educ_score":480.0,"hacin":0.938,"hacin_class":"Sin Hacinamiento","hacin_score":864.4,"auto_score":83.3,"n_per":45,"n_hog":20,"source_year":2024},"geometry":{"type":"Polygon","coordinates":[[[-72.8148168279999,-45.4639330560568],[-72.8155315699999,-45.4634625630569],[-72.8138260899999,-45.4620752410568],[-72.813343932,-45.4623275590569],[-72.8129196459999,-45.4627706590568],[-72.8136741359999,-45.4631065590568],[-72.8148168279999,-45.4639330560568]]]}},{"type":"Feature","properties":{"id":"11201071001031","commune":"Aysén","code":"11201","gse":"D","quintil":"Q1","nse_score":627.1,"educ":8.8,"educ_score":386.7,"hacin":1.444,"hacin_class":"Hacinamiento Leve","hacin_score":756.5,"auto_score":181.8,"n_per":26,"n_hog":11,"source_year":2024},"geometry":{"type":"Polygon","coordinates":[[[-72.816296727,-45.4639457700569],[-72.8173649819999,-45.4632998740568],[-72.8169227229999,-45.4627745140568],[-72.8157433329999,-45.4634748160568],[-72.816296727,-45.4639457700569]]]}},{"type":"Feature","properties":{"id":"11201071001032","commune":"Aysén","code":"11201","gse":"C3","quintil":"Q2","nse_score":663.2,"educ":11.9,"educ_score":593.3,"hacin":1.462,"hacin_class":"Hacinamiento Leve","hacin_score":752.9,"auto_score":285.7,"n_per":19,"n_hog":5,"source_year":2024},"geometry":{"type":"Polygon","coordinates":[[[-72.8201973339999,-45.4629417780569],[-72.8186737789999,-45.4635189760568],[-72.8200006629999,-45.4637464100569],[-72.8202372479999,-45.4636512420568],[-72.8200897759999,-45.4634616300568],[-72.8203079879999,-45.4636148240568],[-72.8208496089999,-45.4633791940568],[-72.8208470189999,-45.4632330100569],[-72.8201973339999,-45.4629417780569]]]}},{"type":"Feature","properties":{"id":"11201071001036","commune":"Aysén","code":"11201","gse":"C2","quintil":"Q3","nse_score":703.4,"educ":11.2,"educ_score":546.7,"hacin":1.038,"hacin_class":"Hacinamiento Leve","hacin_score":843.0,"auto_score":181.8,"n_per":55,"n_hog":21,"source_year":2024},"geometry":{"type":"Polygon","coordinates":[[[-72.8181067579999,-45.4634962070568],[-72.8178943939999,-45.4639458340569],[-72.817088527,-45.4645115400568],[-72.8194333629999,-45.4641838770568],[-72.8196310319999,-45.4638053800568],[-72.8181067579999,-45.4634962070568]]]}},{"type":"Feature","properties":{"id":"11201071001037","commune":"Aysén","code":"11201","gse":"D","quintil":"Q2","nse_score":657.2,"educ":11.2,"educ_score":546.7,"hacin":1.438,"hacin_class":"Hacinamiento Leve","hacin_score":758.0,"auto_score":138.9,"n_per":46,"n_hog":16,"source_year":2024},"geometry":{"type":"Polygon","coordinates":[[[-72.815483835,-45.4644409710568],[-72.8161933539999,-45.4640322690568],[-72.8156524259999,-45.4635657030568],[-72.8149009889999,-45.4639945640569],[-72.815483835,-45.4644409710568]]]}},{"type":"Feature","properties":{"id":"11201071001038","commune":"Aysén","code":"11201","gse":"C1","quintil":"Q5","nse_score":779.1,"educ":13.2,"educ_score":680.0,"hacin":1.185,"hacin_class":"Hacinamiento Leve","hacin_score":811.7,"auto_score":318.2,"n_per":64,"n_hog":21,"source_year":2024},"geometry":{"type":"Polygon","coordinates":[[[-72.8201624079999,-45.4643196220569],[-72.8190916629999,-45.4642207590568],[-72.8170879219999,-45.4645787410568],[-72.8185660019999,-45.4657762130568],[-72.8193448419999,-45.4648795190569],[-72.8186382949999,-45.4648310150569],[-72.8186182109999,-45.4650420720569],[-72.8185229069999,-45.4651396690569],[-72.8185827249999,-45.4648271530568],[-72.8179151479999,-45.4647485830569],[-72.8197932219999,-45.4648628770568],[-72.820436964,-45.4647855510568],[-72.8210004359999,-45.4649321320569],[-72.8213494579999,-45.4639824110569],[-72.8211637839999,-45.4639466620569],[-72.8201624079999,-45.4643196220569]]]}},{"type":"Feature","properties":{"id":"11201071001040","commune":"Aysén","code":"11201","gse":"D","quintil":"Q1","nse_score":641.7,"educ":10.5,"educ_score":500.0,"hacin":1.632,"hacin_class":"Hacinamiento Medio","hacin_score":716.7,"auto_score":200.0,"n_per":31,"n_hog":15,"source_year":2024},"geometry":{"type":"Polygon","coordinates":[[[-72.8173182029999,-45.4700420290569],[-72.8176345809999,-45.4691551930568],[-72.8180396489999,-45.4686387890569],[-72.8183213949999,-45.4685273990568],[-72.8190926609999,-45.4685341120568],[-72.8195900849999,-45.4680533400568],[-72.819506853,-45.4679777630569],[-72.8196707929999,-45.4674389200569],[-72.8202813439999,-45.4668427120569],[-72.8197588029999,-45.4665180020568],[-72.8209570199999,-45.4651926670568],[-72.8201753669999,-45.4650165870568],[-72.8209747129999,-45.4650326430568],[-72.8204650669999,-45.4648278200568],[-72.8194981929999,-45.4649078350569],[-72.8186634569999,-45.4658060540568],[-72.8187792449999,-45.4659531940569],[-72.8187031419999,-45.4660093410569],[-72.8176563279999,-45.4651661670569],[-72.8172262009999,-45.4653981030568],[-72.8176228339999,-45.4651389530569],[-72.8169768689999,-45.4646088170568],[-72.8162273219999,-45.4650255520568],[-72.8167561269999,-45.4656228110569],[-72.8174935029999,-45.4657100720568],[-72.8179329009999,-45.4659903080569],[-72.8174444039999,-45.4657544760568],[-72.8167429909999,-45.4656894500569],[-72.8169342479999,-45.4660702930568],[-72.8168747779999,-45.4663794510569],[-72.8166043019999,-45.4666139680568],[-72.8170379019999,-45.4669418450569],[-72.8168860039999,-45.4679348590568],[-72.8159858529999,-45.4689880060569],[-72.8173182029999,-45.4700420290569]]]}},{"type":"Feature","properties":{"id":"11201071001002","commune":"Aysén","code":"11201","gse":"D","quintil":"Q1","nse_score":643.8,"educ":11.4,"educ_score":560.0,"hacin":1.316,"hacin_class":"Hacinamiento Leve","hacin_score":783.9,"auto_score":153.8,"n_per":25,"n_hog":9,"source_year":2024},"geometry":{"type":"MultiPolygon","coordinates":[[[[-72.8205035249999,-45.4571832280569],[-72.8192510899999,-45.4621463110568],[-72.8195557839999,-45.4623761780569],[-72.820637857,-45.4614215680568],[-72.8213380019999,-45.4611704070568],[-72.8221945839999,-45.4611572340568],[-72.823753887,-45.4616004250568],[-72.8240205949999,-45.4616261330568],[-72.8240484679999,-45.4615078300569],[-72.8227633469999,-45.4594289610569],[-72.8221991179999,-45.4587903850568],[-72.8213551039999,-45.4574729210568],[-72.8205035249999,-45.4571832280569]]],[[[-72.8179853959999,-45.4548201480569],[-72.8172907609999,-45.4596454920568],[-72.8175049899999,-45.4596903960568],[-72.8176234069999,-45.4597827240568],[-72.8178132389999,-45.4600452820568],[-72.8178080729999,-45.4602309380568],[-72.8177304499999,-45.4603251450569],[-72.8177666839999,-45.4600598720568],[-72.8175675109999,-45.4597802470568],[-72.8172963659999,-45.4597075170568],[-72.8171838099999,-45.4602921810568],[-72.8167839339999,-45.4605156860568],[-72.817184187,-45.4611111950568],[-72.8168661979999,-45.4613710810568],[-72.8168103459999,-45.4615965260568],[-72.8169312729999,-45.4619127020568],[-72.8186300279999,-45.4621464050568],[-72.8191778059999,-45.4619429710568],[-72.8193644249999,-45.4614596340568],[-72.8186428769999,-45.4612432090568],[-72.8185161379999,-45.4614701660568],[-72.8185468179999,-45.4611414600569],[-72.8194189899999,-45.4613410620568],[-72.8201331899999,-45.4584389000568],[-72.8199356869999,-45.4583061950568],[-72.8189619779999,-45.4581754360568],[-72.8199475689999,-45.4582711490568],[-72.8201343619999,-45.4583343270568],[-72.8204786089999,-45.4571443930569],[-72.8212222219999,-45.4572884170568],[-72.8214196999999,-45.4574429340568],[-72.8222683209999,-45.4587669650568],[-72.8226029399999,-45.4590821590568],[-72.8230068649999,-45.4589424610568],[-72.8231152839999,-45.4586995220569],[-72.8230399619999,-45.4589650030569],[-72.8226358879999,-45.4591240390569],[-72.8231052319999,-45.4599331040569],[-72.8237406609999,-45.4601281020568],[-72.8238760529999,-45.4603833780569],[-72.8234556529999,-45.4600557790569],[-72.8231629029999,-45.4600434120569],[-72.824129921,-45.4615073390568],[-72.824071037,-45.4616802140569],[-72.8237415739999,-45.4616537300569],[-72.8221764169999,-45.4612097590568],[-72.8213575249999,-45.4612226260568],[-72.8206154659999,-45.4615124110568],[-72.8196927739999,-45.4624011980569],[-72.8206349709999,-45.4629127710568],[-72.8213547239999,-45.4624075420568],[-72.8219334709999,-45.4626837340569],[-72.8229281639999,-45.4641031490568],[-72.8228451489999,-45.4641710910568],[-72.8231982609999,-45.4645061190569],[-72.8227845189999,-45.4641827350569],[-72.8213058239999,-45.4644573910568],[-72.8209684679999,-45.4653316720568],[-72.820338305,-45.4660610070569],[-72.8201620269999,-45.4664552670569],[-72.8204777249999,-45.4665541960569],[-72.8209206949999,-45.4660328390568],[-72.8211368419999,-45.4659546140568],[-72.8214491179999,-45.4659839680568],[-72.820960753,-45.4660804470569],[-72.8205160839999,-45.4666016690568],[-72.8202040819999,-45.4665972820569],[-72.8199803999999,-45.4663719020568],[-72.8198708449999,-45.4664738610569],[-72.8203889509999,-45.4667905470569],[-72.8209953329999,-45.4663695620569],[-72.8217418689999,-45.4660879390568],[-72.8217357409999,-45.4658471730568],[-72.8222925569999,-45.4653895030568],[-72.8227597629999,-45.4647783610569],[-72.8237433339999,-45.4643591740568],[-72.8242963969999,-45.4635979010569],[-72.8243697679999,-45.4627320920569],[-72.8247490989999,-45.4616011110568],[-72.8252428639999,-45.4610988650568],[-72.8259090039999,-45.4609207660569],[-72.8263369839999,-45.4606352470568],[-72.8248225879999,-45.4582364380568],[-72.8226944359999,-45.4554519840568],[-72.8179853959999,-45.4548201480569]]]]}},{"type":"Feature","properties":{"id":"11201071001020","commune":"Aysén","code":"11201","gse":"E","quintil":"Q1","nse_score":568.3,"educ":9.3,"educ_score":420.0,"hacin":1.471,"hacin_class":"Hacinamiento Leve","hacin_score":750.9,"auto_score":62.5,"n_per":25,"n_hog":8,"source_year":2024},"geometry":{"type":"MultiPolygon","coordinates":[[[[-72.8163611389999,-45.4629638430568],[-72.8169113179999,-45.4626524720569],[-72.8170458479999,-45.4622092150568],[-72.8168574089999,-45.4620214270568],[-72.8160387119999,-45.4619386370568],[-72.8158117129999,-45.4625591440568],[-72.8163611389999,-45.4629638430568]]],[[[-72.8167696019999,-45.4605220530568],[-72.8159569549999,-45.4605783080568],[-72.8157005749999,-45.4618314670568],[-72.8168410249999,-45.4619194200569],[-72.8168149929999,-45.4614024680569],[-72.8170703419999,-45.4611076110568],[-72.8167696019999,-45.4605220530568]]]]}},{"type":"Feature","properties":{"id":"11201071001042","commune":"Aysén","code":"11201","gse":"C3","quintil":"Q3","nse_score":698.0,"educ":10.0,"educ_score":466.7,"hacin":1.167,"hacin_class":"Hacinamiento Leve","hacin_score":815.6,"auto_score":83.3,"n_per":14,"n_hog":6,"source_year":2024},"geometry":{"type":"MultiPolygon","coordinates":[[[[-72.8158929749999,-45.4652136190568],[-72.8156020849999,-45.4656116080569],[-72.8146843239999,-45.4660921310568],[-72.8148908089999,-45.4662699190569],[-72.8151418019999,-45.4661434190568],[-72.8158393929999,-45.4656752250568],[-72.8158467639999,-45.4654564880568],[-72.8158752889999,-45.4656879850569],[-72.8151810959999,-45.4661543240568],[-72.8156483069999,-45.4665020110568],[-72.8161414729999,-45.4666496780568],[-72.8164595389999,-45.4663555950568],[-72.8162593929999,-45.4666717390568],[-72.8159409329999,-45.4666224970569],[-72.8155456969999,-45.4664649130568],[-72.8152816469999,-45.4671884940568],[-72.8155138259999,-45.4664411950569],[-72.8151516209999,-45.4661716500568],[-72.8148834009999,-45.4663014550569],[-72.8146515859999,-45.4661065700569],[-72.8134268219999,-45.4669629800568],[-72.8159497159999,-45.4689594100568],[-72.8167801549999,-45.4680090160568],[-72.8168323419999,-45.4677517430569],[-72.8165676379999,-45.4679733640568],[-72.8157861259999,-45.4682029490568],[-72.8162270099999,-45.4679885300569],[-72.8159169659999,-45.4678905420569],[-72.8154304309999,-45.4674940920568],[-72.8151366719999,-45.4675746860568],[-72.8154418169999,-45.4674676930569],[-72.8159426909999,-45.4678704180569],[-72.8165071629999,-45.4679666330569],[-72.8168377919999,-45.4676106350568],[-72.8169847689999,-45.4669501190568],[-72.8165411889999,-45.4666071870569],[-72.8168391989999,-45.4663434670568],[-72.8168108489999,-45.4658468250568],[-72.8160709699999,-45.4654772170569],[-72.8158929749999,-45.4652136190568]]],[[[-72.8165834189999,-45.4656687750568],[-72.8166738369999,-45.4655177410568],[-72.8161622969999,-45.4651089460568],[-72.815968574,-45.4651869830569],[-72.8161078769999,-45.4654293760568],[-72.8165834189999,-45.4656687750568]]]]}},{"type":"Feature","properties":{"id":"11201071001034","commune":"Aysén","code":"11201","gse":"E","quintil":"Q1","nse_score":568.4,"educ":8.1,"educ_score":340.0,"hacin":1.238,"hacin_class":"Hacinamiento Leve","hacin_score":800.4,"auto_score":38.5,"n_per":26,"n_hog":11,"source_year":2024},"geometry":{"type":"MultiPolygon","coordinates":[[[[-72.8161032229999,-45.4649699350568],[-72.8168281919999,-45.4645285790568],[-72.8163242199999,-45.4640966660568],[-72.8155570709999,-45.4645282260568],[-72.8161032229999,-45.4649699350568]]],[[[-72.8169184249999,-45.4644554940568],[-72.8177900989999,-45.4639348500568],[-72.8180177649999,-45.4634346780569],[-72.8174419539999,-45.4633316930568],[-72.8164116489999,-45.4639722440568],[-72.8169184249999,-45.4644554940568]]]]}},{"type":"Feature","properties":{"id":"11201071001001","commune":"Aysén","code":"11201","gse":"D","quintil":"Q1","nse_score":627.7,"educ":9.9,"educ_score":460.0,"hacin":1.513,"hacin_class":"Hacinamiento Medio","hacin_score":742.0,"auto_score":210.5,"n_per":59,"n_hog":19,"source_year":2024},"geometry":{"type":"MultiPolygon","coordinates":[[[[-72.8083776149999,-45.4613766470568],[-72.8086806119999,-45.4615606100568],[-72.8093204609999,-45.4615141100569],[-72.8101855289999,-45.4617604230568],[-72.8102666289999,-45.4610299040568],[-72.8104256439999,-45.4608099860569],[-72.8091698089999,-45.4603308330568],[-72.8083776149999,-45.4613766470568]]],[[[-72.8142024969999,-45.4587188660568],[-72.811904421,-45.4585491190568],[-72.8098529639999,-45.4587635260568],[-72.8095130369999,-45.4589856010568],[-72.809231296,-45.4588796130569],[-72.8091549299999,-45.4590061610568],[-72.8089466639999,-45.4590158800568],[-72.8088924869999,-45.4589051150568],[-72.8084903539999,-45.4588882520568],[-72.8075938829999,-45.4590206790568],[-72.8072280959999,-45.4595466110568],[-72.8096910889999,-45.4604627210568],[-72.8101197769999,-45.4599925260569],[-72.8099740489999,-45.4597044130568],[-72.8100618779999,-45.4594544990568],[-72.8096469189999,-45.4591326800568],[-72.8100935519999,-45.4594255430569],[-72.8103391999999,-45.4592695890568],[-72.8099780839999,-45.4589803810568],[-72.8103779349999,-45.4592458610568],[-72.8105047419999,-45.4591748190568],[-72.8101998799999,-45.4588757280568],[-72.8105479629999,-45.4591537390568],[-72.8111537449999,-45.4587489970568],[-72.8113545929999,-45.4589652030568],[-72.8118890569999,-45.4589774940569],[-72.812035422,-45.4591213220568],[-72.8121366519999,-45.4594429860568],[-72.8120286359999,-45.4596381040569],[-72.8122378739999,-45.4594564540569],[-72.8120003789999,-45.4597706160569],[-72.8129168109999,-45.4597813020568],[-72.8130152399999,-45.4594077530568],[-72.8164562709999,-45.4595950230568],[-72.8165235009999,-45.4592506780568],[-72.8166199379999,-45.4592555270568],[-72.8165924309999,-45.4596054020569],[-72.8171943069999,-45.4596577210568],[-72.8179853959999,-45.4548201480569],[-72.8177563659999,-45.4547894120568],[-72.8177620379999,-45.4553645920569],[-72.8171122179999,-45.4566760230568],[-72.8159120519999,-45.4581892350569],[-72.8154294729999,-45.4585731880568],[-72.8142024969999,-45.4587188660568]]]]}},{"type":"Feature","properties":{"id":"11201063082001","commune":"Aysén","code":"11201","gse":"E","quintil":"Q1","nse_score":531.7,"educ":8.0,"educ_score":333.3,"hacin":1.301,"hacin_class":"Hacinamiento Leve","hacin_score":787.0,"auto_score":9.4,"n_per":108,"n_hog":49,"source_year":2024},"geometry":{"type":"Polygon","coordinates":[[[-73.5267794389999,-45.1621632410567],[-73.5241125879999,-45.1627746220567],[-73.5230976239999,-45.1625329360567],[-73.5231122899999,-45.1628056580567],[-73.5244063309999,-45.1631778580567],[-73.5241450139999,-45.1636603120567],[-73.5257617429999,-45.1633598760567],[-73.5256306859999,-45.1629978430567],[-73.5257350589999,-45.1626408550567],[-73.5256816539999,-45.1629950910567],[-73.5258128549999,-45.1633498940567],[-73.5271750699999,-45.1630219200567],[-73.5269180539999,-45.1626553570567],[-73.5272163059999,-45.1630024190567],[-73.5275581379999,-45.1628447520567],[-73.5281244409999,-45.1624306610567],[-73.5282211129999,-45.1621346930567],[-73.5284315229999,-45.1621271760567],[-73.5288185679999,-45.1607809720567],[-73.5297511719999,-45.1598305520567],[-73.5307339219999,-45.1594746480567],[-73.5303772639999,-45.1588788040567],[-73.5292548729999,-45.1592868540567],[-73.52886301,-45.1595809350567],[-73.5279941769999,-45.1605004640567],[-73.5276542479999,-45.1613490940567],[-73.5272279899999,-45.1616034880567],[-73.5267794389999,-45.1621632410567]]]}},{"type":"Feature","properties":{"id":"11201063082003","commune":"Aysén","code":"11201","gse":"E","quintil":"Q1","nse_score":582.1,"educ":9.8,"educ_score":453.3,"hacin":1.153,"hacin_class":"Hacinamiento Leve","hacin_score":818.6,"auto_score":0.0,"n_per":68,"n_hog":27,"source_year":2024},"geometry":{"type":"Polygon","coordinates":[[[-73.521477881,-45.1616069690567],[-73.52126598,-45.1596851400567],[-73.5206684909999,-45.1596905550567],[-73.5208970769999,-45.1617680980567],[-73.5217661699999,-45.1630315630567],[-73.5221197789999,-45.1629118130567],[-73.5217962789999,-45.1630606550567],[-73.5227273039999,-45.1633661320568],[-73.5230980489999,-45.1626013420567],[-73.5226442179999,-45.1623477960567],[-73.5222440979999,-45.1615077040567],[-73.521477881,-45.1616069690567]]]}},{"type":"Feature","properties":{"id":"11201063082004","commune":"Aysén","code":"11201","gse":"C3","quintil":"Q2","nse_score":673.2,"educ":12.0,"educ_score":600.0,"hacin":1.245,"hacin_class":"Hacinamiento Leve","hacin_score":799.0,"auto_score":129.0,"n_per":61,"n_hog":30,"source_year":2024},"geometry":{"type":"Polygon","coordinates":[[[-73.5208218999999,-45.1617794870567],[-73.5205895599999,-45.1596912700567],[-73.5198508639999,-45.1596979590567],[-73.519528196,-45.1615612320567],[-73.5197502749999,-45.1621672240567],[-73.5205915469999,-45.1629387680567],[-73.5209719689999,-45.1640091590567],[-73.5213997159999,-45.1642376590567],[-73.5211928379999,-45.1646863090567],[-73.5215906439999,-45.1647376580567],[-73.521814521,-45.1641795150567],[-73.5213302039999,-45.1637887560567],[-73.5209725139999,-45.1632684620567],[-73.5218623919999,-45.1641647160567],[-73.5218535469999,-45.1643839670567],[-73.5221548579999,-45.1644512000567],[-73.5226982459999,-45.1634160830567],[-73.5218606189999,-45.1631867000567],[-73.5215661349999,-45.1628718390567],[-73.5213574929999,-45.1631139590567],[-73.5215459289999,-45.1628422540567],[-73.5214857909999,-45.1627542030567],[-73.5212899379999,-45.1628235670567],[-73.5214685469999,-45.1627289540567],[-73.5208218999999,-45.1617794870567]]]}},{"type":"Feature","properties":{"id":"11201063082006","commune":"Aysén","code":"11201","gse":"E","quintil":"Q1","nse_score":569.2,"educ":7.1,"educ_score":273.3,"hacin":1.071,"hacin_class":"Hacinamiento Leve","hacin_score":835.9,"auto_score":0.0,"n_per":30,"n_hog":11,"source_year":2024},"geometry":{"type":"Polygon","coordinates":[[[-73.5272529129999,-45.1630499920567],[-73.5277616659999,-45.1635539210567],[-73.5282216459999,-45.1631163290567],[-73.5284593089999,-45.1627243550567],[-73.5284225879999,-45.1625067540567],[-73.5281706389999,-45.1624753350567],[-73.5272529129999,-45.1630499920567]]]}},{"type":"Feature","properties":{"id":"11201063082007","commune":"Aysén","code":"11201","gse":"E","quintil":"Q1","nse_score":559.1,"educ":8.7,"educ_score":380.0,"hacin":1.083,"hacin_class":"Hacinamiento Leve","hacin_score":833.3,"auto_score":0.0,"n_per":13,"n_hog":6,"source_year":2024},"geometry":{"type":"Polygon","coordinates":[[[-73.5227748469999,-45.1633790280567],[-73.5240900319999,-45.1636604910567],[-73.5243534239999,-45.1631991230567],[-73.5230968889999,-45.1628400820567],[-73.5227748469999,-45.1633790280567]]]}},{"type":"Feature","properties":{"id":"11201063082008","commune":"Aysén","code":"11201","gse":"E","quintil":"Q1","nse_score":537.1,"educ":6.6,"educ_score":240.0,"hacin":1.314,"hacin_class":"Hacinamiento Leve","hacin_score":784.2,"auto_score":29.4,"n_per":46,"n_hog":17,"source_year":2024},"geometry":{"type":"Polygon","coordinates":[[[-73.5258227329999,-45.1634039830568],[-73.5259468389999,-45.1636818890567],[-73.5264670809999,-45.1636878130567],[-73.5274967479999,-45.1634099810567],[-73.5272106739999,-45.1630701740567],[-73.5258227329999,-45.1634039830568]]]}},{"type":"Feature","properties":{"id":"11201063082009","commune":"Aysén","code":"11201","gse":"E","quintil":"Q1","nse_score":571.3,"educ":7.9,"educ_score":326.7,"hacin":1.231,"hacin_class":"Hacinamiento Leve","hacin_score":802.0,"auto_score":0.0,"n_per":16,"n_hog":7,"source_year":2024},"geometry":{"type":"Polygon","coordinates":[[[-73.5253069029999,-45.1638744800567],[-73.5258954469999,-45.1636863120567],[-73.5257736469999,-45.1634135700567],[-73.5251078499999,-45.1635420560567],[-73.5253069029999,-45.1638744800567]]]}},{"type":"Feature","properties":{"id":"11201063082010","commune":"Aysén","code":"11201","gse":"C3","quintil":"Q3","nse_score":681.7,"educ":11.2,"educ_score":546.7,"hacin":1.0,"hacin_class":"Hacinamiento Leve","hacin_score":851.1,"auto_score":0.0,"n_per":32,"n_hog":13,"source_year":2024},"geometry":{"type":"Polygon","coordinates":[[[-73.5222918929999,-45.1643058240567],[-73.5235414999999,-45.1645979470567],[-73.5240579879999,-45.1637110470567],[-73.5227457649999,-45.1634289720567],[-73.5222918929999,-45.1643058240567]]]}},{"type":"Feature","properties":{"id":"11201063082011","commune":"Aysén","code":"11201","gse":"E","quintil":"Q1","nse_score":522.7,"educ":5.9,"educ_score":193.3,"hacin":0.808,"hacin_class":"Sin Hacinamiento","hacin_score":892.0,"auto_score":0.0,"n_per":21,"n_hog":9,"source_year":2024},"geometry":{"type":"Polygon","coordinates":[[[-73.5264892789999,-45.1637207110567],[-73.5263897849999,-45.1638861130567],[-73.527371307,-45.1637766030567],[-73.5277278689999,-45.1635819970567],[-73.5275336489999,-45.1634378520568],[-73.5264892789999,-45.1637207110567]]]}},{"type":"Feature","properties":{"id":"11201063082012","commune":"Aysén","code":"11201","gse":"D","quintil":"Q2","nse_score":647.9,"educ":10.7,"educ_score":513.3,"hacin":1.2,"hacin_class":"Hacinamiento Leve","hacin_score":808.5,"auto_score":0.0,"n_per":24,"n_hog":9,"source_year":2024},"geometry":{"type":"Polygon","coordinates":[[[-73.5239471449999,-45.1639566530567],[-73.5244167819999,-45.1643006490567],[-73.5252851459999,-45.1639095850567],[-73.5250584529999,-45.1635518560567],[-73.5241110299999,-45.1637161090567],[-73.5239471449999,-45.1639566530567]]]}},{"type":"Feature","properties":{"id":"11201063082014","commune":"Aysén","code":"11201","gse":"D","quintil":"Q1","nse_score":636.6,"educ":9.8,"educ_score":453.3,"hacin":1.0,"hacin_class":"Hacinamiento Leve","hacin_score":851.1,"auto_score":0.0,"n_per":13,"n_hog":7,"source_year":2024},"geometry":{"type":"Polygon","coordinates":[[[-73.5244716839999,-45.1643386750567],[-73.5245883919999,-45.1645045200567],[-73.5255924859999,-45.1640428400567],[-73.5253267619999,-45.1639335150567],[-73.5244716839999,-45.1643386750567]]]}},{"type":"Feature","properties":{"id":"11201063082016","commune":"Aysén","code":"11201","gse":"D","quintil":"Q2","nse_score":649.0,"educ":10.3,"educ_score":486.7,"hacin":1.3,"hacin_class":"Hacinamiento Leve","hacin_score":787.2,"auto_score":0.0,"n_per":26,"n_hog":11,"source_year":2024},"geometry":{"type":"Polygon","coordinates":[[[-73.5222745049999,-45.1643396570567],[-73.5220089949999,-45.1649126630567],[-73.5222661689999,-45.1649392300567],[-73.5235233619999,-45.1646316830567],[-73.5222745049999,-45.1643396570567]]]}},{"type":"Feature","properties":{"id":"11201063082017","commune":"Aysén","code":"11201","gse":"C2","quintil":"Q4","nse_score":728.7,"educ":13.1,"educ_score":673.3,"hacin":1.25,"hacin_class":"Hacinamiento Leve","hacin_score":797.9,"auto_score":200.0,"n_per":15,"n_hog":5,"source_year":2024},"geometry":{"type":"Polygon","coordinates":[[[-73.5216224669999,-45.1648507410567],[-73.5219591309999,-45.1649050340567],[-73.5221374999999,-45.1644850760567],[-73.5218270369999,-45.1644158020567],[-73.5216224669999,-45.1648507410567]]]}},{"type":"Feature","properties":{"id":"11201063082018","commune":"Aysén","code":"11201","gse":"C3","quintil":"Q2","nse_score":667.9,"educ":11.0,"educ_score":533.3,"hacin":1.273,"hacin_class":"Hacinamiento Leve","hacin_score":793.0,"auto_score":0.0,"n_per":14,"n_hog":6,"source_year":2024},"geometry":{"type":"Polygon","coordinates":[[[-73.5215030319999,-45.1655496970567],[-73.5218564929999,-45.1655332590567],[-73.5219464019999,-45.1649399060567],[-73.5212122399999,-45.1647217400567],[-73.5212703309999,-45.1651686140567],[-73.5215030319999,-45.1655496970567]]]}},{"type":"Feature","properties":{"id":"11201063082002","commune":"Aysén","code":"11201","gse":"C1","quintil":"Q5","nse_score":788.6,"educ":15.5,"educ_score":833.3,"hacin":1.0,"hacin_class":"Hacinamiento Leve","hacin_score":851.1,"auto_score":0.0,"n_per":10,"n_hog":7,"source_year":2024},"geometry":{"type":"MultiPolygon","coordinates":[[[[-73.5238143949999,-45.1647717610567],[-73.5245449439999,-45.1645235590567],[-73.5239259189999,-45.1639929270567],[-73.5235263709999,-45.1647283670567],[-73.5238143949999,-45.1647717610567]]],[[[-73.5276541499999,-45.1637299780567],[-73.5257412849999,-45.1640111360567],[-73.5239656889999,-45.1648464620567],[-73.5230804279999,-45.1647238480567],[-73.5222790299999,-45.1649746730567],[-73.5219961319999,-45.1649475450567],[-73.5219021769999,-45.1655547540567],[-73.5216118479999,-45.1655977810567],[-73.5223752879999,-45.1661100910567],[-73.5225147859999,-45.1658823530567],[-73.5225203689999,-45.1652973160568],[-73.5228572549999,-45.1651587730567],[-73.5231386309999,-45.1650723960567],[-73.5239416989999,-45.1651958070567],[-73.5247295559999,-45.1646208800567],[-73.526273752,-45.1640191980567],[-73.5277290029999,-45.1639299510567],[-73.5279600659999,-45.1638204090567],[-73.5287564569999,-45.1630970360567],[-73.5291965469999,-45.1619414880567],[-73.5292159129999,-45.1615906720567],[-73.5298888579999,-45.1605326390567],[-73.5302878729999,-45.1601687060567],[-73.5310077429999,-45.1599320910567],[-73.5307636879999,-45.1595243740567],[-73.5298009289999,-45.1598720290567],[-73.5288854729999,-45.1608085330568],[-73.5285385549999,-45.1617465180567],[-73.5285344329999,-45.1627358990567],[-73.5282904709999,-45.1631398030567],[-73.5276541499999,-45.1637299780567]]]]}}]}