{"type":"FeatureCollection","features":[{"type":"Feature","properties":{"id":"6302011001001","commune":"Chépica","code":"06302","gse":"C3","quintil":"Q2","nse_score":666.9,"educ":10.6,"educ_score":506.7,"hacin":1.364,"hacin_class":"Hacinamiento Leve","hacin_score":773.7,"auto_score":136.9,"n_per":225,"n_hog":83,"source_year":2024},"geometry":{"type":"Polygon","coordinates":[[[-71.2718872359999,-34.7213758451162],[-71.2691300849999,-34.7233440481162],[-71.2711006819999,-34.7256674381162],[-71.2716918259999,-34.7261975391162],[-71.2730140169999,-34.7251166241162],[-71.2711513059999,-34.7233719071162],[-71.2721898009999,-34.7242448721162],[-71.2725545179999,-34.7239857121162],[-71.2707687409999,-34.7223143141162],[-71.2710324239999,-34.7224817841163],[-71.2717301569999,-34.7219797091162],[-71.2716351699999,-34.7218003901162],[-71.2742666819999,-34.7242212281162],[-71.274572454,-34.7238649021162],[-71.2718872359999,-34.7213758451162]]]}},{"type":"Feature","properties":{"id":"6302011001002","commune":"Chépica","code":"06302","gse":"C2","quintil":"Q3","nse_score":722.0,"educ":11.4,"educ_score":560.0,"hacin":1.226,"hacin_class":"Hacinamiento Leve","hacin_score":803.0,"auto_score":285.7,"n_per":38,"n_hog":14,"source_year":2024},"geometry":{"type":"Polygon","coordinates":[[[-71.2720523829999,-34.7223326781162],[-71.2717665389999,-34.7220210701162],[-71.2710806599999,-34.7225173071162],[-71.2713851589999,-34.7228212141163],[-71.2720523829999,-34.7223326781162]]]}},{"type":"Feature","properties":{"id":"6302011001003","commune":"Chépica","code":"06302","gse":"C3","quintil":"Q3","nse_score":696.2,"educ":10.9,"educ_score":526.7,"hacin":1.25,"hacin_class":"Hacinamiento Leve","hacin_score":797.9,"auto_score":230.8,"n_per":40,"n_hog":13,"source_year":2024},"geometry":{"type":"Polygon","coordinates":[[[-71.2724862199999,-34.7226419731162],[-71.2721396169999,-34.7223439541162],[-71.2714364029999,-34.7228514771162],[-71.2717917209999,-34.7231700451162],[-71.2724862199999,-34.7226419731162]]]}},{"type":"Feature","properties":{"id":"6302011001004","commune":"Chépica","code":"06302","gse":"C2","quintil":"Q4","nse_score":751.0,"educ":12.3,"educ_score":620.0,"hacin":1.25,"hacin_class":"Hacinamiento Leve","hacin_score":797.9,"auto_score":136.4,"n_per":30,"n_hog":11,"source_year":2024},"geometry":{"type":"Polygon","coordinates":[[[-71.2721305229999,-34.7234923941162],[-71.2728108629999,-34.7229711671162],[-71.2725192749999,-34.7226940931162],[-71.2718526149999,-34.7232150631162],[-71.2721305229999,-34.7234923941162]]]}},{"type":"Feature","properties":{"id":"6302011001005","commune":"Chépica","code":"06302","gse":"C3","quintil":"Q3","nse_score":682.5,"educ":10.6,"educ_score":506.7,"hacin":1.4,"hacin_class":"Hacinamiento Leve","hacin_score":766.0,"auto_score":0.0,"n_per":14,"n_hog":4,"source_year":2024},"geometry":{"type":"Polygon","coordinates":[[[-71.273009811,-34.7236650851162],[-71.2733199049999,-34.7234419421162],[-71.2728528309999,-34.7230042861162],[-71.2725631819999,-34.7232331441162],[-71.273009811,-34.7236650851162]]]}},{"type":"Feature","properties":{"id":"6302011001006","commune":"Chépica","code":"06302","gse":"C2","quintil":"Q4","nse_score":759.8,"educ":12.7,"educ_score":646.7,"hacin":1.28,"hacin_class":"Hacinamiento Leve","hacin_score":791.5,"auto_score":409.1,"n_per":32,"n_hog":11,"source_year":2024},"geometry":{"type":"Polygon","coordinates":[[[-71.2725045569999,-34.7232794651162],[-71.2721863239999,-34.7235309051162],[-71.2726185799999,-34.7239466121162],[-71.2729451249999,-34.7237116331162],[-71.2725045569999,-34.7232794651162]]]}},{"type":"Feature","properties":{"id":"6302011001007","commune":"Chépica","code":"06302","gse":"C3","quintil":"Q3","nse_score":684.3,"educ":10.9,"educ_score":526.7,"hacin":1.3,"hacin_class":"Hacinamiento Leve","hacin_score":787.2,"auto_score":187.5,"n_per":52,"n_hog":16,"source_year":2024},"geometry":{"type":"Polygon","coordinates":[[[-71.2730707519999,-34.7237149851162],[-71.2738537549999,-34.7244433831162],[-71.2741167429999,-34.7241757311162],[-71.2733796679999,-34.7235001551162],[-71.2730707519999,-34.7237149851162]]]}},{"type":"Feature","properties":{"id":"6302011001008","commune":"Chépica","code":"06302","gse":"D","quintil":"Q2","nse_score":645.6,"educ":9.7,"educ_score":446.7,"hacin":1.279,"hacin_class":"Hacinamiento Leve","hacin_score":791.7,"auto_score":88.2,"n_per":55,"n_hog":17,"source_year":2024},"geometry":{"type":"Polygon","coordinates":[[[-71.2729976779999,-34.7237631851162],[-71.2726642,-34.7239881381162],[-71.2735003599999,-34.7247833511162],[-71.2738003489999,-34.7244924081162],[-71.2729976779999,-34.7237631851162]]]}},{"type":"Feature","properties":{"id":"6302011001009","commune":"Chépica","code":"06302","gse":"C3","quintil":"Q2","nse_score":673.1,"educ":10.1,"educ_score":473.3,"hacin":1.181,"hacin_class":"Hacinamiento Leve","hacin_score":812.6,"auto_score":216.7,"n_per":85,"n_hog":31,"source_year":2024},"geometry":{"type":"Polygon","coordinates":[[[-71.2742666819999,-34.7242212281162],[-71.2756934449999,-34.7255010371162],[-71.2759734679999,-34.7253709281162],[-71.2757324499999,-34.7255445351162],[-71.2759784339999,-34.7257818831162],[-71.2756829859999,-34.7255792801162],[-71.2746245499999,-34.7263951381162],[-71.2751733529999,-34.7268739801162],[-71.2788457429999,-34.7247448591162],[-71.2780817769999,-34.7240758191162],[-71.2781591649999,-34.7242692891162],[-71.2776261659999,-34.7248974671162],[-71.2770931669999,-34.7253448051162],[-71.2764554709999,-34.7256017871162],[-71.274572454,-34.7238649021162],[-71.2742666819999,-34.7242212281162]]]}},{"type":"Feature","properties":{"id":"6302011001010","commune":"Chépica","code":"06302","gse":"C3","quintil":"Q2","nse_score":666.4,"educ":10.7,"educ_score":513.3,"hacin":1.283,"hacin_class":"Hacinamiento Leve","hacin_score":790.9,"auto_score":214.3,"n_per":59,"n_hog":20,"source_year":2024},"geometry":{"type":"Polygon","coordinates":[[[-71.2730769359999,-34.7250652981162],[-71.2734607109999,-34.7248349441162],[-71.27260007,-34.7240204121162],[-71.2722237539999,-34.7242732251162],[-71.2730769359999,-34.7250652981162]]]}},{"type":"Feature","properties":{"id":"6302011001011","commune":"Chépica","code":"06302","gse":"D","quintil":"Q2","nse_score":653.4,"educ":9.5,"educ_score":433.3,"hacin":1.239,"hacin_class":"Hacinamiento Leve","hacin_score":800.3,"auto_score":116.7,"n_per":83,"n_hog":39,"source_year":2024},"geometry":{"type":"Polygon","coordinates":[[[-71.2756247389999,-34.7255121111162],[-71.2741687389999,-34.7242001871162],[-71.2734566549999,-34.7249367271162],[-71.2728294189999,-34.7252733301162],[-71.2717300309999,-34.7262374521162],[-71.2732008899999,-34.7274671981162],[-71.2756247389999,-34.7255121111162]]]}},{"type":"Feature","properties":{"id":"6302011001012","commune":"Chépica","code":"06302","gse":"C2","quintil":"Q3","nse_score":719.9,"educ":11.5,"educ_score":566.7,"hacin":1.051,"hacin_class":"Hacinamiento Leve","hacin_score":840.2,"auto_score":29.4,"n_per":41,"n_hog":17,"source_year":2024},"geometry":{"type":"Polygon","coordinates":[[[-71.2801283789999,-34.7257496251162],[-71.279190292,-34.7245989141162],[-71.2786729529999,-34.7249129461162],[-71.2794984989999,-34.7260846001162],[-71.2801283789999,-34.7257496251162]]]}},{"type":"Feature","properties":{"id":"6302011001013","commune":"Chépica","code":"06302","gse":"C2","quintil":"Q3","nse_score":726.2,"educ":11.9,"educ_score":593.3,"hacin":1.149,"hacin_class":"Hacinamiento Leve","hacin_score":819.3,"auto_score":221.5,"n_per":208,"n_hog":79,"source_year":2024},"geometry":{"type":"Polygon","coordinates":[[[-71.2694151219999,-34.7258297401162],[-71.2706380119999,-34.7268385951162],[-71.2704184249999,-34.7267594401162],[-71.2699030919999,-34.7273882231162],[-71.2720244399999,-34.7294845461161],[-71.2725554259999,-34.7289673301161],[-71.272341933,-34.7287657901162],[-71.2719949869999,-34.7287540541162],[-71.2708844949999,-34.7275575871162],[-71.2720794549999,-34.7287316651162],[-71.2723628409999,-34.7287237751161],[-71.2725953029999,-34.7289275621162],[-71.2735789449999,-34.7279101951162],[-71.2711510429999,-34.7257805921162],[-71.2703683049999,-34.7264247721162],[-71.2710997989999,-34.7257503291162],[-71.2701242959999,-34.7246297021162],[-71.2701765489999,-34.7249969281162],[-71.2694151219999,-34.7258297401162]]]}},{"type":"Feature","properties":{"id":"6302011001014","commune":"Chépica","code":"06302","gse":"D","quintil":"Q2","nse_score":644.8,"educ":10.5,"educ_score":500.0,"hacin":1.339,"hacin_class":"Hacinamiento Leve","hacin_score":779.0,"auto_score":230.8,"n_per":320,"n_hog":114,"source_year":2024},"geometry":{"type":"Polygon","coordinates":[[[-71.2799767539999,-34.7268816511162],[-71.2797221359999,-34.7265153721162],[-71.2793283819999,-34.7267645421162],[-71.2796943699999,-34.7264754301162],[-71.2786247509999,-34.7249583871162],[-71.2763240529999,-34.7263041831162],[-71.2770933859999,-34.7276370981162],[-71.2787073839999,-34.7289504891162],[-71.2797165809999,-34.7282115541162],[-71.2795405089999,-34.7285117751162],[-71.2787486379999,-34.7289794101162],[-71.2790399689999,-34.7292745951162],[-71.2801029839999,-34.7285309361161],[-71.2809174029999,-34.7282298901162],[-71.2808000759999,-34.7280502221161],[-71.2804890639999,-34.7281428391162],[-71.2807357439999,-34.7279994651161],[-71.2807421329999,-34.7278640411161],[-71.2809969119999,-34.7281871221162],[-71.2813959449999,-34.7279759611161],[-71.2803006799999,-34.7267271231162],[-71.2809751369999,-34.7273862831162],[-71.2812458589999,-34.7272587301162],[-71.2801564139999,-34.7257874021162],[-71.2795235899999,-34.7261204821162],[-71.2799767539999,-34.7268816511162]]]}},{"type":"Feature","properties":{"id":"6302011001015","commune":"Chépica","code":"06302","gse":"E","quintil":"Q1","nse_score":435.5,"educ":6.0,"educ_score":200.0,"hacin":3.167,"hacin_class":"Hacinamiento Crítico","hacin_score":390.1,"auto_score":211.5,"n_per":171,"n_hog":30,"source_year":2024},"geometry":{"type":"Polygon","coordinates":[[[-71.2769794259999,-34.7275798441162],[-71.2762664559999,-34.7263349531162],[-71.2737283279999,-34.7278781411162],[-71.2752085159999,-34.7290678861162],[-71.2769794259999,-34.7275798441162]]]}},{"type":"Feature","properties":{"id":"6302011001016","commune":"Chépica","code":"06302","gse":"C3","quintil":"Q3","nse_score":688.1,"educ":10.6,"educ_score":506.7,"hacin":1.088,"hacin_class":"Hacinamiento Leve","hacin_score":832.3,"auto_score":71.4,"n_per":37,"n_hog":14,"source_year":2024},"geometry":{"type":"Polygon","coordinates":[[[-71.2750918249999,-34.7269177001162],[-71.2745448979999,-34.7264391651162],[-71.2732432469999,-34.7275144351162],[-71.273641886,-34.7278262351162],[-71.2750918249999,-34.7269177001162]]]}},{"type":"Feature","properties":{"id":"6302011001017","commune":"Chépica","code":"06302","gse":"C3","quintil":"Q2","nse_score":670.4,"educ":10.3,"educ_score":486.7,"hacin":1.134,"hacin_class":"Hacinamiento Leve","hacin_score":822.5,"auto_score":131.6,"n_per":93,"n_hog":37,"source_year":2024},"geometry":{"type":"Polygon","coordinates":[[[-71.2702640239999,-34.7266470831162],[-71.2687585479999,-34.7284629301161],[-71.2697426469999,-34.7291386731162],[-71.2703599579999,-34.7287689441162],[-71.2700588009999,-34.7284727771161],[-71.2694171629999,-34.7288619671162],[-71.2700099229999,-34.7284138521162],[-71.2694919929999,-34.7279109981161],[-71.2690675789999,-34.7284080041162],[-71.2703507209999,-34.7267034671162],[-71.2702640239999,-34.7266470831162]]]}},{"type":"Feature","properties":{"id":"6302011001018","commune":"Chépica","code":"06302","gse":"C3","quintil":"Q3","nse_score":694.2,"educ":10.8,"educ_score":520.0,"hacin":1.3,"hacin_class":"Hacinamiento Leve","hacin_score":787.2,"auto_score":625.0,"n_per":13,"n_hog":4,"source_year":2024},"geometry":{"type":"Polygon","coordinates":[[[-71.2813143679999,-34.7273279081162],[-71.281058948,-34.7274292331162],[-71.2814534389999,-34.7279414801161],[-71.2816946169999,-34.7278406361162],[-71.2813143679999,-34.7273279081162]]]}},{"type":"Feature","properties":{"id":"6302011001019","commune":"Chépica","code":"06302","gse":"C3","quintil":"Q3","nse_score":705.4,"educ":11.2,"educ_score":546.7,"hacin":1.16,"hacin_class":"Hacinamiento Leve","hacin_score":817.0,"auto_score":83.3,"n_per":29,"n_hog":12,"source_year":2024},"geometry":{"type":"Polygon","coordinates":[[[-71.2698360929999,-34.7281433351161],[-71.2701542529999,-34.7277590751162],[-71.2698487799999,-34.7274516711161],[-71.2695402379999,-34.7278409691162],[-71.2698360929999,-34.7281433351161]]]}},{"type":"Feature","properties":{"id":"6302011001020","commune":"Chépica","code":"06302","gse":"D","quintil":"Q1","nse_score":636.9,"educ":9.9,"educ_score":460.0,"hacin":1.358,"hacin_class":"Hacinamiento Leve","hacin_score":774.9,"auto_score":367.3,"n_per":148,"n_hog":55,"source_year":2024},"geometry":{"type":"Polygon","coordinates":[[[-71.2782815309999,-34.7298439631162],[-71.2781079149999,-34.7295330781161],[-71.2776762119999,-34.7297520951161],[-71.2780894299999,-34.7294999771161],[-71.2778324109999,-34.7290114011161],[-71.2781973219999,-34.7285480511162],[-71.2770172039999,-34.7276459461162],[-71.2752544669999,-34.7291041421161],[-71.2767486729999,-34.7304754731162],[-71.2770895749999,-34.7302835191161],[-71.2772350789999,-34.7305072031161],[-71.2782815309999,-34.7298439631162]]]}},{"type":"Feature","properties":{"id":"6302011001021","commune":"Chépica","code":"06302","gse":"C2","quintil":"Q3","nse_score":716.1,"educ":11.8,"educ_score":586.7,"hacin":1.636,"hacin_class":"Hacinamiento Medio","hacin_score":715.7,"auto_score":83.3,"n_per":18,"n_hog":6,"source_year":2024},"geometry":{"type":"Polygon","coordinates":[[[-71.2698974639999,-34.7281917651162],[-71.2703495779999,-34.7286608111162],[-71.2707624069999,-34.7283869791161],[-71.270212323,-34.7278023481162],[-71.2698974639999,-34.7281917651162]]]}},{"type":"Feature","properties":{"id":"6302011001023","commune":"Chépica","code":"06302","gse":"D","quintil":"Q2","nse_score":642.2,"educ":10.3,"educ_score":486.7,"hacin":1.457,"hacin_class":"Hacinamiento Leve","hacin_score":753.8,"auto_score":0.0,"n_per":51,"n_hog":16,"source_year":2024},"geometry":{"type":"Polygon","coordinates":[[[-71.2814207309999,-34.7280464741162],[-71.2810277279999,-34.7282434581162],[-71.2817055079999,-34.7291982151162],[-71.2820936159999,-34.7289935801162],[-71.2814207309999,-34.7280464741162]]]}},{"type":"Feature","properties":{"id":"6302011001024","commune":"Chépica","code":"06302","gse":"D","quintil":"Q1","nse_score":616.6,"educ":9.6,"educ_score":440.0,"hacin":1.343,"hacin_class":"Hacinamiento Leve","hacin_score":778.1,"auto_score":214.3,"n_per":47,"n_hog":14,"source_year":2024},"geometry":{"type":"Polygon","coordinates":[[[-71.2812621369999,-34.7294387141162],[-71.2816409829999,-34.7292381231162],[-71.2809585189999,-34.7282834531162],[-71.2805703049999,-34.7284842171162],[-71.2812621369999,-34.7294387141162]]]}},{"type":"Feature","properties":{"id":"6302011001025","commune":"Chépica","code":"06302","gse":"C3","quintil":"Q2","nse_score":663.7,"educ":10.6,"educ_score":506.7,"hacin":1.351,"hacin_class":"Hacinamiento Leve","hacin_score":776.4,"auto_score":183.6,"n_per":385,"n_hog":124,"source_year":2024},"geometry":{"type":"Polygon","coordinates":[[[-71.269797707,-34.7291791581162],[-71.2708047269999,-34.7301032521161],[-71.2699290849999,-34.7312263571162],[-71.2692219509999,-34.7308260921161],[-71.2680194249999,-34.7320625781161],[-71.2664560979999,-34.7330023011161],[-71.2660346939999,-34.7326344811161],[-71.2649236829999,-34.7333632431161],[-71.2651861819999,-34.7335725791161],[-71.266187526,-34.7328823851161],[-71.2652176789999,-34.7335976971161],[-71.2656742639999,-34.7339915031161],[-71.2652386249999,-34.7341947261161],[-71.2657594319999,-34.7348508531161],[-71.2677175219999,-34.7341231721161],[-71.2688744189999,-34.7334517731161],[-71.2680690509999,-34.7327634381161],[-71.2656147009999,-34.7338656961161],[-71.2664606509999,-34.7334856961161],[-71.2663328199999,-34.7332527031161],[-71.2653240629999,-34.7335733761161],[-71.2664131999999,-34.7331800681161],[-71.2681179709999,-34.7321280281161],[-71.2685802329999,-34.7326305141161],[-71.2680558989999,-34.7322504701161],[-71.267809902,-34.7324342181161],[-71.2689301539999,-34.7334085621161],[-71.2693199249999,-34.7330266701161],[-71.2711150059999,-34.7304176391161],[-71.2719850619999,-34.7295425151161],[-71.2715008849999,-34.7291222901162],[-71.2710662129999,-34.7293593371161],[-71.2714431969999,-34.7290869441162],[-71.2711484769999,-34.7287958631162],[-71.2707098729999,-34.7290043651161],[-71.2710998819999,-34.7287473401161],[-71.2708046669999,-34.7284380561162],[-71.2704056359999,-34.7287108581162],[-71.2704614539999,-34.7287930671161],[-71.269797707,-34.7291791581162]]]}},{"type":"Feature","properties":{"id":"6302011001026","commune":"Chépica","code":"06302","gse":"D","quintil":"Q1","nse_score":613.2,"educ":9.0,"educ_score":400.0,"hacin":1.442,"hacin_class":"Hacinamiento Leve","hacin_score":757.0,"auto_score":152.2,"n_per":212,"n_hog":69,"source_year":2024},"geometry":{"type":"Polygon","coordinates":[[[-71.2802384959999,-34.7285485171161],[-71.2791073999999,-34.7293204041162],[-71.2798886019999,-34.7304932191161],[-71.280625815,-34.7299823241161],[-71.2799069899999,-34.7305214771162],[-71.2805433349999,-34.7314257921161],[-71.2818348779999,-34.7325393211161],[-71.2828329239999,-34.7316731201161],[-71.2808979869999,-34.7290823461161],[-71.2803619329999,-34.7293844451161],[-71.2808627009999,-34.7290405211162],[-71.2806663139999,-34.7287595261161],[-71.2801868049999,-34.7291217521161],[-71.2806422419999,-34.7287261071162],[-71.2805053579999,-34.7285596051161],[-71.2802384959999,-34.7285485171161]]]}},{"type":"Feature","properties":{"id":"6302011001027","commune":"Chépica","code":"06302","gse":"D","quintil":"Q2","nse_score":649.7,"educ":10.4,"educ_score":493.3,"hacin":1.429,"hacin_class":"Hacinamiento Leve","hacin_score":759.9,"auto_score":244.2,"n_per":270,"n_hog":87,"source_year":2024},"geometry":{"type":"Polygon","coordinates":[[[-71.2782662499999,-34.7286024351161],[-71.2778855159999,-34.7289807151161],[-71.2781782569999,-34.7294911461161],[-71.2785810389999,-34.7292609151162],[-71.2782109319999,-34.7295350741162],[-71.2788600349999,-34.7307440311161],[-71.2790496329999,-34.7314271231161],[-71.2785142669999,-34.7319048011161],[-71.2781559759999,-34.7324459721161],[-71.2789029849999,-34.7329627461161],[-71.2795525249999,-34.7325497361161],[-71.2799185289999,-34.7327804221161],[-71.2795588529999,-34.7326164251161],[-71.2788955259999,-34.7330185581161],[-71.279136934,-34.7332961191161],[-71.2780068749999,-34.7324190691161],[-71.2765307639999,-34.7335119001161],[-71.2781312549999,-34.7353117641161],[-71.2782385459999,-34.735944434116],[-71.2817921219999,-34.7325745901161],[-71.2804116539999,-34.7314201771161],[-71.2789545949999,-34.7292761931161],[-71.2782662499999,-34.7286024351161]]]}},{"type":"Feature","properties":{"id":"6302011001028","commune":"Chépica","code":"06302","gse":"D","quintil":"Q2","nse_score":653.5,"educ":9.2,"educ_score":413.3,"hacin":1.231,"hacin_class":"Hacinamiento Leve","hacin_score":802.0,"auto_score":142.9,"n_per":64,"n_hog":22,"source_year":2024},"geometry":{"type":"Polygon","coordinates":[[[-71.2764913529999,-34.7334549351161],[-71.2781667829999,-34.7322519081161],[-71.2775218019999,-34.7314880851162],[-71.2775753249999,-34.7312200781161],[-71.2770719409999,-34.7303468011161],[-71.2765617039999,-34.7307489991162],[-71.2766713619999,-34.7310013901162],[-71.2764890179999,-34.7307346521162],[-71.2767041619999,-34.7305327301161],[-71.2758514409999,-34.7296848271161],[-71.2745058579999,-34.7286230971162],[-71.2737605149999,-34.7291543541162],[-71.2750803179999,-34.7304248691161],[-71.2755195949999,-34.7300711221161],[-71.2757423029999,-34.7302837061162],[-71.2755296119999,-34.7301588901161],[-71.2746272699999,-34.7309704891161],[-71.2764913529999,-34.7334549351161]]]}},{"type":"Feature","properties":{"id":"6302011001029","commune":"Chépica","code":"06302","gse":"C3","quintil":"Q3","nse_score":701.4,"educ":11.7,"educ_score":580.0,"hacin":1.244,"hacin_class":"Hacinamiento Leve","hacin_score":799.1,"auto_score":356.5,"n_per":321,"n_hog":110,"source_year":2024},"geometry":{"type":"Polygon","coordinates":[[[-71.2704584219999,-34.7340831001161],[-71.269677983,-34.7347947591161],[-71.2683846009999,-34.7338724941161],[-71.2663678469999,-34.7346558511161],[-71.2668516139999,-34.7350687961161],[-71.2671101879999,-34.7348871571161],[-71.266900904,-34.7350993421161],[-71.2672656159999,-34.7353628581161],[-71.2674866869999,-34.7352251601161],[-71.2673125239999,-34.7353986301161],[-71.267584429,-34.7355919681161],[-71.2687098279999,-34.7351510101161],[-71.2691883919999,-34.735408427116],[-71.2682789639999,-34.7363921631161],[-71.2672879879999,-34.7370411101161],[-71.2674931189999,-34.7372255611161],[-71.2685388789999,-34.7365404331161],[-71.2707628269999,-34.7342942091161],[-71.2708022579999,-34.7338507261161],[-71.2710094159999,-34.7335062881161],[-71.2721704009999,-34.7325906171161],[-71.2733536739999,-34.7321130091161],[-71.2737543389999,-34.7316798081161],[-71.2739172159999,-34.7312255051161],[-71.2745192029999,-34.7307586711161],[-71.2745670179999,-34.7308858641161],[-71.2749918519999,-34.7304712321161],[-71.2729613659999,-34.7286687071161],[-71.271229623,-34.7303741591161],[-71.2693317039999,-34.7331138831161],[-71.2704584219999,-34.7340831001161]]]}},{"type":"Feature","properties":{"id":"6302011001030","commune":"Chépica","code":"06302","gse":"D","quintil":"Q1","nse_score":612.5,"educ":9.8,"educ_score":453.3,"hacin":1.651,"hacin_class":"Hacinamiento Medio","hacin_score":712.5,"auto_score":413.0,"n_per":71,"n_hog":23,"source_year":2024},"geometry":{"type":"Polygon","coordinates":[[[-71.27830352,-34.7298871261161],[-71.2772520459999,-34.7305319071161],[-71.2776408379999,-34.7312502641161],[-71.2775826499999,-34.7314869471161],[-71.2782042959999,-34.7322323581161],[-71.2789896699999,-34.7314574761161],[-71.2786752949999,-34.7305398321161],[-71.2778725829999,-34.7309600751161],[-71.2786591359999,-34.7305055811161],[-71.27830352,-34.7298871261161]]]}},{"type":"Feature","properties":{"id":"6302011001031","commune":"Chépica","code":"06302","gse":"D","quintil":"Q2","nse_score":646.6,"educ":9.6,"educ_score":440.0,"hacin":1.397,"hacin_class":"Hacinamiento Leve","hacin_score":766.5,"auto_score":234.4,"n_per":109,"n_hog":33,"source_year":2024},"geometry":{"type":"Polygon","coordinates":[[[-71.2800878439999,-34.738592146116],[-71.2791068319999,-34.7384224941161],[-71.2784211239999,-34.7381107571161],[-71.2791992059999,-34.737449906116],[-71.2787714959999,-34.737147898116],[-71.2807765679999,-34.7351862431161],[-71.2820534209999,-34.7361198271161],[-71.2825827119999,-34.7356137611161],[-71.281313027,-34.7346561641161],[-71.2845528369999,-34.7318753011161],[-71.2836066969999,-34.7312113951161],[-71.2808330769999,-34.7335272361161],[-71.2816256779999,-34.7341643251161],[-71.2808087419999,-34.7335447651161],[-71.2798229739999,-34.7344764161161],[-71.2803766469999,-34.7348308111161],[-71.2806526609999,-34.7347201501161],[-71.2814883189999,-34.7353459131161],[-71.2806346199999,-34.7347544541161],[-71.2803674629999,-34.7348683701161],[-71.2797948529999,-34.7345040091161],[-71.276635515,-34.737617904116],[-71.2766937559999,-34.737780714116],[-71.2775856079999,-34.738402674116],[-71.2787843429999,-34.7387884131161],[-71.2798252999999,-34.738986098116],[-71.2800878439999,-34.738592146116]]]}},{"type":"Feature","properties":{"id":"6302011001032","commune":"Chépica","code":"06302","gse":"C2","quintil":"Q4","nse_score":752.3,"educ":12.4,"educ_score":626.7,"hacin":1.394,"hacin_class":"Hacinamiento Leve","hacin_score":767.2,"auto_score":214.3,"n_per":46,"n_hog":14,"source_year":2024},"geometry":{"type":"Polygon","coordinates":[[[-71.2665032629999,-34.7334420571161],[-71.2672813819999,-34.7331390741161],[-71.2680167179999,-34.7326983901161],[-71.2677247119999,-34.7324790741161],[-71.2664010049999,-34.7332556991161],[-71.2665032629999,-34.7334420571161]]]}},{"type":"Feature","properties":{"id":"6302011001033","commune":"Chépica","code":"06302","gse":"C2","quintil":"Q4","nse_score":739.3,"educ":11.8,"educ_score":586.7,"hacin":1.135,"hacin_class":"Hacinamiento Leve","hacin_score":822.4,"auto_score":184.2,"n_per":59,"n_hog":19,"source_year":2024},"geometry":{"type":"Polygon","coordinates":[[[-71.2684582979999,-34.7338389291161],[-71.2696596289999,-34.7347197691161],[-71.2704068479999,-34.7340743991161],[-71.2692911879999,-34.7331645161161],[-71.2684582979999,-34.7338389291161]]]}},{"type":"Feature","properties":{"id":"6302011001035","commune":"Chépica","code":"06302","gse":"D","quintil":"Q1","nse_score":618.1,"educ":9.6,"educ_score":440.0,"hacin":1.35,"hacin_class":"Hacinamiento Leve","hacin_score":776.6,"auto_score":363.6,"n_per":27,"n_hog":11,"source_year":2024},"geometry":{"type":"Polygon","coordinates":[[[-71.261583061,-34.7366479631161],[-71.2633265649999,-34.7359980201161],[-71.2631328989999,-34.7356632101161],[-71.2614463629999,-34.7362735531161],[-71.2631028129999,-34.7356150841161],[-71.2622967559999,-34.7343262901161],[-71.2607997629999,-34.7354287301161],[-71.261583061,-34.7366479631161]]]}},{"type":"Feature","properties":{"id":"6302011001036","commune":"Chépica","code":"06302","gse":"C3","quintil":"Q3","nse_score":698.6,"educ":10.9,"educ_score":526.7,"hacin":1.397,"hacin_class":"Hacinamiento Leve","hacin_score":766.6,"auto_score":147.4,"n_per":292,"n_hog":96,"source_year":2024},"geometry":{"type":"Polygon","coordinates":[[[-71.2669345999999,-34.7366189901161],[-71.2676661719999,-34.7361559921161],[-71.2670037729999,-34.736668799116],[-71.2672851219999,-34.736953214116],[-71.2683830349999,-34.7362087841161],[-71.2662567389999,-34.7346845151161],[-71.2654624779999,-34.7350918041161],[-71.2657536079999,-34.7354138111161],[-71.2662061609999,-34.7350923221161],[-71.2662549269999,-34.7351409991161],[-71.2657773329999,-34.7354438551161],[-71.2660469749999,-34.7357255231161],[-71.2665515989999,-34.7353698751161],[-71.2666000239999,-34.7354185581161],[-71.2661021039999,-34.7357602961161],[-71.266354626,-34.7360337611161],[-71.2669186239999,-34.7356380091161],[-71.2669660259999,-34.7356867111161],[-71.2663823429999,-34.736057848116],[-71.2666578079999,-34.7363398431161],[-71.2672408999999,-34.7359295141161],[-71.2673355359999,-34.7359457821161],[-71.2666955209999,-34.7363572901161],[-71.2669345999999,-34.7366189901161]]]}},{"type":"Feature","properties":{"id":"6302011001039","commune":"Chépica","code":"06302","gse":"C2","quintil":"Q4","nse_score":774.5,"educ":13.4,"educ_score":693.3,"hacin":0.971,"hacin_class":"Sin Hacinamiento","hacin_score":857.3,"auto_score":66.7,"n_per":33,"n_hog":15,"source_year":2024},"geometry":{"type":"Polygon","coordinates":[[[-71.268708064,-34.735552544116],[-71.2683496009999,-34.7353510971161],[-71.2681472109999,-34.7354407201161],[-71.2687569049999,-34.7358404071161],[-71.2691204229999,-34.7354199831161],[-71.2687739189999,-34.7351949001161],[-71.2683932719999,-34.7353346741161],[-71.268708064,-34.735552544116]]]}},{"type":"Feature","properties":{"id":"6302011001040","commune":"Chépica","code":"06302","gse":"C1","quintil":"Q5","nse_score":780.9,"educ":12.9,"educ_score":660.0,"hacin":1.08,"hacin_class":"Hacinamiento Leve","hacin_score":834.0,"auto_score":222.2,"n_per":27,"n_hog":10,"source_year":2024},"geometry":{"type":"Polygon","coordinates":[[[-71.2676671909999,-34.7356343741161],[-71.2684225349999,-34.7361744371161],[-71.2687045669999,-34.735885609116],[-71.268066099,-34.7354708481161],[-71.2676671909999,-34.7356343741161]]]}},{"type":"Feature","properties":{"id":"6302011001042","commune":"Chépica","code":"06302","gse":"E","quintil":"Q1","nse_score":589.0,"educ":9.3,"educ_score":420.0,"hacin":1.381,"hacin_class":"Hacinamiento Leve","hacin_score":770.0,"auto_score":250.0,"n_per":29,"n_hog":10,"source_year":2024},"geometry":{"type":"Polygon","coordinates":[[[-71.2798200369999,-34.739032904116],[-71.2775380409999,-34.7384398621161],[-71.2765705959999,-34.737740166116],[-71.2733635359999,-34.739286926116],[-71.274416889,-34.739369401116],[-71.276551245,-34.738556045116],[-71.2769342699999,-34.738548882116],[-71.2772735559999,-34.738840218116],[-71.2797911369999,-34.739470394116],[-71.2798200369999,-34.739032904116]]]}},{"type":"Feature","properties":{"id":"6302011001034","commune":"Chépica","code":"06302","gse":"C3","quintil":"Q3","nse_score":689.6,"educ":11.5,"educ_score":566.7,"hacin":1.339,"hacin_class":"Hacinamiento Leve","hacin_score":779.0,"auto_score":264.0,"n_per":241,"n_hog":84,"source_year":2024},"geometry":{"type":"MultiPolygon","coordinates":[[[[-71.2653726459999,-34.7351520751161],[-71.2647157849999,-34.7355274491161],[-71.2665706099999,-34.7378278401161],[-71.2674638989999,-34.737244639116],[-71.2672548149999,-34.7370814771161],[-71.2664598809999,-34.7376045881161],[-71.2672361479999,-34.737006099116],[-71.2669400319999,-34.7367434461161],[-71.2661473199999,-34.7372251551161],[-71.2669174019999,-34.7366894921161],[-71.266642283,-34.7364257051161],[-71.2658880879999,-34.7369226501161],[-71.2666075589999,-34.7363872121161],[-71.2663229049999,-34.7361165601161],[-71.2656010219999,-34.7365993541161],[-71.266311061,-34.7360857291161],[-71.2660189999999,-34.7358138431161],[-71.2653120339999,-34.7362289841161],[-71.2659873449999,-34.7357695891161],[-71.2656982629999,-34.735494273116],[-71.2650340359999,-34.7358950501161],[-71.2656800209999,-34.7354642531161],[-71.2653726459999,-34.7351520751161]]],[[[-71.2646880789999,-34.7341677581161],[-71.2652942369999,-34.7351160421161],[-71.2657118079999,-34.7348780021161],[-71.2651886549999,-34.7342112661161],[-71.2656140639999,-34.7339796151161],[-71.2653338309999,-34.7337552691161],[-71.2646880789999,-34.7341677581161]]]]}},{"type":"Feature","properties":{"id":"6302011001037","commune":"Chépica","code":"06302","gse":"C2","quintil":"Q4","nse_score":755.8,"educ":12.8,"educ_score":653.3,"hacin":1.083,"hacin_class":"Hacinamiento Leve","hacin_score":833.3,"auto_score":55.6,"n_per":26,"n_hog":9,"source_year":2024},"geometry":{"type":"MultiPolygon","coordinates":[[[[-71.2646854179999,-34.7355385641161],[-71.2613245359999,-34.7368169011161],[-71.2617424689999,-34.7374080001161],[-71.2645236449999,-34.7363752271161],[-71.2652397879999,-34.7362341491161],[-71.2646854179999,-34.7355385641161]]],[[[-71.2627651719999,-34.7349404141161],[-71.2633914349999,-34.7359502461161],[-71.2638438089999,-34.7357882541161],[-71.2631369939999,-34.7347034441161],[-71.2627651719999,-34.7349404141161]]]]}},{"type":"Feature","properties":{"id":"6302011002001","commune":"Chépica","code":"06302","gse":"D","quintil":"Q1","nse_score":636.5,"educ":9.6,"educ_score":440.0,"hacin":1.221,"hacin_class":"Hacinamiento Leve","hacin_score":804.1,"auto_score":243.6,"n_per":210,"n_hog":83,"source_year":2024},"geometry":{"type":"Polygon","coordinates":[[[-71.2979480679999,-34.7074732731164],[-71.2969869249999,-34.7075905801164],[-71.2965571869999,-34.7066580251164],[-71.296437867,-34.7065543381164],[-71.2954187679999,-34.7065495071164],[-71.2947305749999,-34.7055111391164],[-71.2935842109999,-34.7064267791164],[-71.2945081109999,-34.7079671391164],[-71.2931265229999,-34.7086738631164],[-71.2928703379999,-34.7094127321164],[-71.2917900069999,-34.7102234621164],[-71.2905277539999,-34.7084665531164],[-71.2890668199999,-34.7094948961164],[-71.2896133679999,-34.7102118111164],[-71.2897327609999,-34.7105822251164],[-71.2888719299999,-34.7107757201164],[-71.2890938859999,-34.7114342181164],[-71.2883521699999,-34.7118073301163],[-71.2890077499999,-34.7126473451163],[-71.2900271439999,-34.7120751671164],[-71.2902455989999,-34.7121231141164],[-71.2892761799999,-34.7107900111163],[-71.2902755539999,-34.7119678451164],[-71.2903004009999,-34.7121353611163],[-71.2904676219999,-34.7121727331163],[-71.2909350479999,-34.7112795721164],[-71.2916747489999,-34.7107169231164],[-71.2905290599999,-34.7091531111164],[-71.2917447759999,-34.7106675571164],[-71.2936504019999,-34.7092855791164],[-71.2945665909999,-34.7087732111164],[-71.2959653449999,-34.7082175931164],[-71.2954227299999,-34.7072854051164],[-71.295415579,-34.7071762731164],[-71.2955613339999,-34.7070642601164],[-71.2954015429999,-34.7068180101164],[-71.2943057299999,-34.7075625441164],[-71.2953999389999,-34.7067599931164],[-71.2956066359999,-34.7070919831164],[-71.2954501489999,-34.7072302551164],[-71.296023036,-34.7082027901164],[-71.2962415639999,-34.7081469871164],[-71.2958647489999,-34.7072378731164],[-71.2962851849999,-34.7081398121164],[-71.2982534449999,-34.7079559031163],[-71.3002075639999,-34.7074045561164],[-71.2991676419999,-34.7058147221164],[-71.2983779049999,-34.7060814491164],[-71.2991464409999,-34.7057829331164],[-71.2987058279999,-34.7051207551164],[-71.2974611809999,-34.7055275101164],[-71.2980338559999,-34.7064964341164],[-71.2975374999999,-34.7068393881164],[-71.2979480679999,-34.7074732731164]]]}},{"type":"Feature","properties":{"id":"6302011002002","commune":"Chépica","code":"06302","gse":"C3","quintil":"Q2","nse_score":669.7,"educ":10.6,"educ_score":506.7,"hacin":1.438,"hacin_class":"Hacinamiento Leve","hacin_score":758.0,"auto_score":468.8,"n_per":161,"n_hog":48,"source_year":2024},"geometry":{"type":"Polygon","coordinates":[[[-71.2989129549999,-34.7078577601164],[-71.2995277459999,-34.7088931071164],[-71.2999371729999,-34.7088232101164],[-71.2997081579999,-34.7089423621164],[-71.3003157519999,-34.7096701851164],[-71.3000320619999,-34.7093837141164],[-71.299797898,-34.7095354751164],[-71.300028214,-34.7099045691164],[-71.2993370789999,-34.7091091811163],[-71.299165979,-34.7091525341164],[-71.2994899089999,-34.7089110921164],[-71.2989280499999,-34.7080931851164],[-71.2988685369999,-34.7078584911164],[-71.2984249449999,-34.7079730831164],[-71.2985774399999,-34.7083433421164],[-71.2984266149999,-34.7084934491164],[-71.2985198449999,-34.7087143981164],[-71.2983878989999,-34.7084894691164],[-71.2985406839999,-34.7083380681164],[-71.2983932079999,-34.7079799951164],[-71.2964286789999,-34.7081602871164],[-71.2976496839999,-34.7099831521164],[-71.2980146069999,-34.7102924821164],[-71.2993622309999,-34.7094899041164],[-71.2999328849999,-34.7101868761164],[-71.3002862109999,-34.7103660821164],[-71.3005772489999,-34.7096366251163],[-71.3012478069999,-34.7089969341163],[-71.3017720599999,-34.7086991311164],[-71.3014232649999,-34.7083694001164],[-71.3007419909999,-34.7081117101164],[-71.3002405779999,-34.7074512941164],[-71.2989129549999,-34.7078577601164]]]}},{"type":"Feature","properties":{"id":"6302011002003","commune":"Chépica","code":"06302","gse":"E","quintil":"Q1","nse_score":603.7,"educ":9.6,"educ_score":440.0,"hacin":1.208,"hacin_class":"Hacinamiento Leve","hacin_score":806.7,"auto_score":214.3,"n_per":58,"n_hog":25,"source_year":2024},"geometry":{"type":"Polygon","coordinates":[[[-71.2954006579999,-34.7100748141164],[-71.2964617039999,-34.7099171031164],[-71.2969528959999,-34.7105819821164],[-71.2972800809999,-34.7104922101163],[-71.2978621359999,-34.7112070081163],[-71.2984166389999,-34.7108421201164],[-71.2976255859999,-34.7100213441164],[-71.2963880469999,-34.7081739241164],[-71.2947351099999,-34.7087512191164],[-71.2952524549999,-34.7095739701164],[-71.2946883119999,-34.7087677101164],[-71.2934230949999,-34.7094965671163],[-71.2941500869999,-34.7105733841164],[-71.2952480629999,-34.7098530721164],[-71.2954006579999,-34.7100748141164]]]}},{"type":"Feature","properties":{"id":"6302011002004","commune":"Chépica","code":"06302","gse":"D","quintil":"Q2","nse_score":659.8,"educ":10.6,"educ_score":506.7,"hacin":1.643,"hacin_class":"Hacinamiento Medio","hacin_score":714.3,"auto_score":642.9,"n_per":23,"n_hog":6,"source_year":2024},"geometry":{"type":"Polygon","coordinates":[[[-71.2997492709999,-34.7089927331164],[-71.2995291229999,-34.7089312931164],[-71.2993744799999,-34.7090904931164],[-71.2997728429999,-34.7095056651164],[-71.2999996769999,-34.7093506631164],[-71.2997492709999,-34.7089927331164]]]}},{"type":"Feature","properties":{"id":"6302011002005","commune":"Chépica","code":"06302","gse":"D","quintil":"Q1","nse_score":629.4,"educ":9.6,"educ_score":440.0,"hacin":1.468,"hacin_class":"Hacinamiento Leve","hacin_score":751.5,"auto_score":20.0,"n_per":69,"n_hog":25,"source_year":2024},"geometry":{"type":"Polygon","coordinates":[[[-71.2902748879999,-34.7127739501163],[-71.2904880209999,-34.7129624581163],[-71.2907776389999,-34.7128399401163],[-71.2917041769999,-34.7135353361163],[-71.2922296249999,-34.7144804021163],[-71.292856303,-34.7134036201163],[-71.2917357489999,-34.7119499031164],[-71.2940974549999,-34.7106011301164],[-71.2933828789999,-34.7095233401164],[-71.2910121989999,-34.7112927991163],[-71.2902748879999,-34.7127739501163]]]}},{"type":"Feature","properties":{"id":"6302011002007","commune":"Chépica","code":"06302","gse":"D","quintil":"Q1","nse_score":635.1,"educ":10.2,"educ_score":480.0,"hacin":1.528,"hacin_class":"Hacinamiento Medio","hacin_score":738.8,"auto_score":482.1,"n_per":110,"n_hog":29,"source_year":2024},"geometry":{"type":"Polygon","coordinates":[[[-71.2890524509999,-34.7164675361163],[-71.2920145519999,-34.7185897101163],[-71.2929339279999,-34.7177959311163],[-71.2912025249999,-34.7155165901163],[-71.2922019259999,-34.7145191571163],[-71.2919704019999,-34.7140156341164],[-71.2916809659999,-34.7135669461164],[-71.2907695169999,-34.7129045991164],[-71.2904871709999,-34.7130123461163],[-71.2902374929999,-34.7128053401163],[-71.2898130119999,-34.7134819811163],[-71.2901310239999,-34.7138170381163],[-71.2897867099999,-34.7135186681163],[-71.2887501789999,-34.7143527791164],[-71.2886776669999,-34.7144224331163],[-71.2889683059999,-34.7147652561163],[-71.2886492999999,-34.7144434541163],[-71.2883379499999,-34.7149343551163],[-71.2890546309999,-34.7153456031163],[-71.2883215289999,-34.7149688361163],[-71.2880085379999,-34.7156505891163],[-71.2879042899999,-34.7162193641163],[-71.2887854069999,-34.7166808441163],[-71.2890524509999,-34.7164675361163]]]}},{"type":"Feature","properties":{"id":"6302011002008","commune":"Chépica","code":"06302","gse":"E","quintil":"Q1","nse_score":521.8,"educ":10.7,"educ_score":513.3,"hacin":2.0,"hacin_class":"Hacinamiento Medio","hacin_score":638.3,"auto_score":125.0,"n_per":18,"n_hog":5,"source_year":2024},"geometry":{"type":"Polygon","coordinates":[[[-71.2879066419999,-34.7158331111163],[-71.288423485,-34.7146428601163],[-71.2895176589999,-34.7136930021163],[-71.2892901969999,-34.7133972561163],[-71.2872773729999,-34.7153812591163],[-71.2879066419999,-34.7158331111163]]]}},{"type":"Feature","properties":{"id":"6302011002009","commune":"Chépica","code":"06302","gse":"E","quintil":"Q1","nse_score":602.0,"educ":9.0,"educ_score":400.0,"hacin":1.32,"hacin_class":"Hacinamiento Leve","hacin_score":783.0,"auto_score":107.1,"n_per":33,"n_hog":14,"source_year":2024},"geometry":{"type":"Polygon","coordinates":[[[-71.2884780879999,-34.7175334291163],[-71.2909758589999,-34.7194566881163],[-71.2920145519999,-34.7185897101163],[-71.2896291309999,-34.7168357101163],[-71.2890160069999,-34.7164955381163],[-71.2887782699999,-34.7167219521163],[-71.2878886039999,-34.7162503901163],[-71.2878500059999,-34.7165003781163],[-71.2890728089999,-34.7170205821163],[-71.2878507579999,-34.7165276801163],[-71.2877273479999,-34.7171514471163],[-71.2884780879999,-34.7175334291163]]]}},{"type":"Feature","properties":{"id":"6302011002010","commune":"Chépica","code":"06302","gse":"D","quintil":"Q1","nse_score":637.4,"educ":9.8,"educ_score":453.3,"hacin":1.25,"hacin_class":"Hacinamiento Leve","hacin_score":797.9,"auto_score":145.8,"n_per":65,"n_hog":24,"source_year":2024},"geometry":{"type":"Polygon","coordinates":[[[-71.2909758589999,-34.7194566881163],[-71.2884285849999,-34.7175377731163],[-71.2877365539999,-34.7171854191163],[-71.2875832699999,-34.7177756031163],[-71.2864304269999,-34.7194601441162],[-71.2879542289999,-34.7207324661163],[-71.288515361,-34.7203298871162],[-71.2879674759999,-34.7207629481163],[-71.2895002029999,-34.7220025601163],[-71.2905017339999,-34.7211295061162],[-71.2898186019999,-34.7205562351163],[-71.2898320209999,-34.7203932751163],[-71.2909758589999,-34.7194566881163]]]}},{"type":"Feature","properties":{"id":"6302011002011","commune":"Chépica","code":"06302","gse":"D","quintil":"Q2","nse_score":655.6,"educ":10.6,"educ_score":506.7,"hacin":1.429,"hacin_class":"Hacinamiento Leve","hacin_score":759.9,"auto_score":208.3,"n_per":70,"n_hog":29,"source_year":2024},"geometry":{"type":"Polygon","coordinates":[[[-71.2863136799999,-34.7194875831163],[-71.2855543859999,-34.7188622861163],[-71.284468494,-34.7203223561163],[-71.2832586939999,-34.7211950471162],[-71.2811213269999,-34.7222933031162],[-71.2820053179999,-34.7228801961162],[-71.2840422639999,-34.7217883701163],[-71.2853460399999,-34.7208481561162],[-71.2863136799999,-34.7194875831163]]]}},{"type":"Feature","properties":{"id":"6302011002012","commune":"Chépica","code":"06302","gse":"D","quintil":"Q1","nse_score":629.2,"educ":8.5,"educ_score":366.7,"hacin":1.2,"hacin_class":"Hacinamiento Leve","hacin_score":808.5,"auto_score":200.0,"n_per":12,"n_hog":5,"source_year":2024},"geometry":{"type":"Polygon","coordinates":[[[-71.2860978049999,-34.7199710981162],[-71.2867938729999,-34.7205024101162],[-71.2871733039999,-34.7201408871163],[-71.2863995399999,-34.7195196961163],[-71.2860978049999,-34.7199710981162]]]}},{"type":"Feature","properties":{"id":"6302011002013","commune":"Chépica","code":"06302","gse":"C2","quintil":"Q3","nse_score":717.3,"educ":10.9,"educ_score":526.7,"hacin":1.274,"hacin_class":"Hacinamiento Leve","hacin_score":792.8,"auto_score":296.9,"n_per":93,"n_hog":32,"source_year":2024},"geometry":{"type":"Polygon","coordinates":[[[-71.2849734569999,-34.7212152571162],[-71.2872562469999,-34.7230405401162],[-71.2890474889999,-34.7216898821163],[-71.2886585159999,-34.7213782391162],[-71.2882643629999,-34.7217817351162],[-71.2883966359999,-34.7219294891162],[-71.2860446329999,-34.7200171301162],[-71.2854552699999,-34.7208408581162],[-71.2849734569999,-34.7212152571162]]]}},{"type":"Feature","properties":{"id":"6302011002014","commune":"Chépica","code":"06302","gse":"D","quintil":"Q1","nse_score":633.9,"educ":10.0,"educ_score":466.7,"hacin":1.269,"hacin_class":"Hacinamiento Leve","hacin_score":793.8,"auto_score":227.3,"n_per":33,"n_hog":11,"source_year":2024},"geometry":{"type":"Polygon","coordinates":[[[-71.2872233619999,-34.7201910961163],[-71.2868478489999,-34.7205342781163],[-71.2875455369999,-34.7211240121163],[-71.287884963,-34.7207559321162],[-71.2872233619999,-34.7201910961163]]]}},{"type":"Feature","properties":{"id":"6302011002015","commune":"Chépica","code":"06302","gse":"D","quintil":"Q1","nse_score":608.7,"educ":9.5,"educ_score":433.3,"hacin":1.312,"hacin_class":"Hacinamiento Leve","hacin_score":784.6,"auto_score":166.7,"n_per":21,"n_hog":9,"source_year":2024},"geometry":{"type":"Polygon","coordinates":[[[-71.2879260759999,-34.7208026561162],[-71.2875908709999,-34.7211633501162],[-71.2882481609999,-34.7217319181162],[-71.2886137189999,-34.7213487291163],[-71.2879260759999,-34.7208026561162]]]}},{"type":"Feature","properties":{"id":"6302011002016","commune":"Chépica","code":"06302","gse":"D","quintil":"Q2","nse_score":649.1,"educ":10.0,"educ_score":466.7,"hacin":1.346,"hacin_class":"Hacinamiento Leve","hacin_score":777.4,"auto_score":270.8,"n_per":70,"n_hog":24,"source_year":2024},"geometry":{"type":"Polygon","coordinates":[[[-71.284403203,-34.7243584231162],[-71.286068913,-34.7233876271163],[-71.287652035,-34.7246405681162],[-71.2880391469999,-34.7243567781162],[-71.2882239139999,-34.7244906481162],[-71.2885973119999,-34.7241674751162],[-71.2849369149999,-34.7212398451163],[-71.2839876489999,-34.7219098341162],[-71.2820638109999,-34.7229327121162],[-71.2834698659999,-34.7243929541162],[-71.2836783549999,-34.7244627961162],[-71.2841170239999,-34.7241733891162],[-71.284403203,-34.7243584231162]]]}},{"type":"Feature","properties":{"id":"6302011002017","commune":"Chépica","code":"06302","gse":"C3","quintil":"Q2","nse_score":680.6,"educ":11.1,"educ_score":540.0,"hacin":1.4,"hacin_class":"Hacinamiento Leve","hacin_score":766.0,"auto_score":369.6,"n_per":77,"n_hog":23,"source_year":2024},"geometry":{"type":"Polygon","coordinates":[[[-71.2802370439999,-34.7217635541162],[-71.2788051939999,-34.7230980381162],[-71.2783089889999,-34.7227797471162],[-71.27752147,-34.7235554511162],[-71.2788921259999,-34.7247127721162],[-71.2799514909999,-34.7240477511162],[-71.2789469839999,-34.7231336191162],[-71.279979335,-34.7240290191162],[-71.2805643409999,-34.7236460391162],[-71.2794223109999,-34.7226198621162],[-71.2805983409999,-34.7236219881162],[-71.2819461239999,-34.7229047201162],[-71.2802370439999,-34.7217635541162]]]}},{"type":"Feature","properties":{"id":"6302011002018","commune":"Chépica","code":"06302","gse":"D","quintil":"Q1","nse_score":615.4,"educ":8.7,"educ_score":380.0,"hacin":1.5,"hacin_class":"Hacinamiento Medio","hacin_score":744.7,"auto_score":300.0,"n_per":12,"n_hog":5,"source_year":2024},"geometry":{"type":"Polygon","coordinates":[[[-71.2872728469999,-34.7230540881162],[-71.2886147059999,-34.7241524201162],[-71.2891929789999,-34.7237685801162],[-71.2878747259999,-34.7226080911162],[-71.2872728469999,-34.7230540881162]]]}},{"type":"Feature","properties":{"id":"6302011002019","commune":"Chépica","code":"06302","gse":"C3","quintil":"Q2","nse_score":670.0,"educ":10.7,"educ_score":513.3,"hacin":1.427,"hacin_class":"Hacinamiento Leve","hacin_score":760.2,"auto_score":150.4,"n_per":371,"n_hog":123,"source_year":2024},"geometry":{"type":"Polygon","coordinates":[[[-71.2836832539999,-34.7311800121161],[-71.2854840349999,-34.7298311471161],[-71.2824434649999,-34.7253478721162],[-71.2843417169999,-34.7243935631162],[-71.2841129649999,-34.7242287791162],[-71.28372959,-34.7244987111162],[-71.2835172939999,-34.7244934741162],[-71.2820145849999,-34.7229472931162],[-71.2803540039999,-34.7238895641162],[-71.281180263,-34.7248487461162],[-71.2820488599999,-34.7261197651162],[-71.2803167199999,-34.7239007521162],[-71.2792511849999,-34.7245731631162],[-71.2814568349999,-34.7274465711161],[-71.2823243489999,-34.7268144121162],[-71.2822910879999,-34.7266486991162],[-71.2827583629999,-34.7273330431162],[-71.282903416,-34.7273255171162],[-71.2827978299999,-34.7274053731162],[-71.2842065239999,-34.7293184361161],[-71.2840510499999,-34.7292115491162],[-71.2832182639999,-34.7297900581161],[-71.2835060749999,-34.7300754491161],[-71.2842071409999,-34.7295850481161],[-71.2846160069999,-34.7300144391162],[-71.2838335049999,-34.7305735261162],[-71.2839944129999,-34.7307657891161],[-71.2837313739999,-34.7306319971161],[-71.2827197959999,-34.7314465581161],[-71.2828817659999,-34.7316210771161],[-71.2835636679999,-34.7311507401161],[-71.2836832539999,-34.7311800121161]]]}},{"type":"Feature","properties":{"id":"6302011002020","commune":"Chépica","code":"06302","gse":"C3","quintil":"Q2","nse_score":668.2,"educ":11.7,"educ_score":580.0,"hacin":1.594,"hacin_class":"Hacinamiento Medio","hacin_score":724.7,"auto_score":62.5,"n_per":51,"n_hog":16,"source_year":2024},"geometry":{"type":"Polygon","coordinates":[[[-71.2824095199999,-34.7274960811161],[-71.2826852549999,-34.7273539651162],[-71.2823521879999,-34.7268575151162],[-71.2820597509999,-34.7270679241161],[-71.2824095199999,-34.7274960811161]]]}},{"type":"Feature","properties":{"id":"6302011002022","commune":"Chépica","code":"06302","gse":"D","quintil":"Q1","nse_score":635.1,"educ":10.2,"educ_score":480.0,"hacin":1.583,"hacin_class":"Hacinamiento Medio","hacin_score":727.0,"auto_score":125.0,"n_per":38,"n_hog":12,"source_year":2024},"geometry":{"type":"Polygon","coordinates":[[[-71.2818761659999,-34.7273142631161],[-71.2815249729999,-34.7274840131162],[-71.2817509499999,-34.7278197181161],[-71.2821016609999,-34.7276679241162],[-71.2818761659999,-34.7273142631161]]]}},{"type":"Feature","properties":{"id":"6302011002023","commune":"Chépica","code":"06302","gse":"C3","quintil":"Q2","nse_score":665.5,"educ":11.6,"educ_score":573.3,"hacin":1.535,"hacin_class":"Hacinamiento Medio","hacin_score":737.2,"auto_score":137.5,"n_per":109,"n_hog":35,"source_year":2024},"geometry":{"type":"Polygon","coordinates":[[[-71.2827543539999,-34.7274551991162],[-71.2824096949999,-34.7275684971162],[-71.2830600389999,-34.7285419761161],[-71.2834357289999,-34.7284543301161],[-71.2827543539999,-34.7274551991162]]]}},{"type":"Feature","properties":{"id":"6302011002026","commune":"Chépica","code":"06302","gse":"D","quintil":"Q2","nse_score":647.6,"educ":10.6,"educ_score":506.7,"hacin":1.517,"hacin_class":"Hacinamiento Medio","hacin_score":741.1,"auto_score":48.4,"n_per":91,"n_hog":28,"source_year":2024},"geometry":{"type":"Polygon","coordinates":[[[-71.2828387659999,-34.7287179981161],[-71.2821774949999,-34.7277508071162],[-71.2818029349999,-34.7278685141162],[-71.2825371709999,-34.7288928351162],[-71.2828387659999,-34.7287179981161]]]}},{"type":"Feature","properties":{"id":"6302011002027","commune":"Chépica","code":"06302","gse":"D","quintil":"Q2","nse_score":654.8,"educ":10.4,"educ_score":493.3,"hacin":1.473,"hacin_class":"Hacinamiento Leve","hacin_score":750.4,"auto_score":161.8,"n_per":109,"n_hog":34,"source_year":2024},"geometry":{"type":"Polygon","coordinates":[[[-71.2817761429999,-34.7279555861162],[-71.2815053189999,-34.7280411101162],[-71.2821718909999,-34.7290033721162],[-71.2813013959999,-34.7294995321161],[-71.28147322,-34.7297319171161],[-71.2820627399999,-34.7292646051161],[-71.2814943579999,-34.7297485931162],[-71.2818994159999,-34.7303470071161],[-71.2822101049999,-34.7302020011162],[-71.2819269349999,-34.7303864851161],[-71.2823411869999,-34.7309141571161],[-71.2834035879999,-34.7301430351161],[-71.2817761429999,-34.7279555861162]]]}},{"type":"Feature","properties":{"id":"6302011002028","commune":"Chépica","code":"06302","gse":"C3","quintil":"Q2","nse_score":681.2,"educ":11.3,"educ_score":553.3,"hacin":1.476,"hacin_class":"Hacinamiento Leve","hacin_score":749.7,"auto_score":300.0,"n_per":62,"n_hog":19,"source_year":2024},"geometry":{"type":"Polygon","coordinates":[[[-71.2839994579999,-34.7291706331162],[-71.2834938329999,-34.7284992631162],[-71.2831728269999,-34.7286387361162],[-71.2837018829999,-34.7293535571162],[-71.2839994579999,-34.7291706331162]]]}},{"type":"Feature","properties":{"id":"6302011002031","commune":"Chépica","code":"06302","gse":"C3","quintil":"Q2","nse_score":672.8,"educ":10.2,"educ_score":480.0,"hacin":1.348,"hacin_class":"Hacinamiento Leve","hacin_score":777.1,"auto_score":71.4,"n_per":62,"n_hog":20,"source_year":2024},"geometry":{"type":"Polygon","coordinates":[[[-71.2834631629999,-34.7295154611161],[-71.2829441009999,-34.7288112661161],[-71.2825770329999,-34.7289276981162],[-71.283142617,-34.7297082201162],[-71.2834631629999,-34.7295154611161]]]}},{"type":"Feature","properties":{"id":"6302011002032","commune":"Chépica","code":"06302","gse":"D","quintil":"Q2","nse_score":650.5,"educ":10.4,"educ_score":493.3,"hacin":1.556,"hacin_class":"Hacinamiento Medio","hacin_score":732.9,"auto_score":277.8,"n_per":28,"n_hog":9,"source_year":2024},"geometry":{"type":"Polygon","coordinates":[[[-71.2841976509999,-34.7296910771161],[-71.2835425739999,-34.7301327801162],[-71.2837775989999,-34.7305082061162],[-71.284495423,-34.7300202661161],[-71.2841976509999,-34.7296910771161]]]}},{"type":"Feature","properties":{"id":"6302011002033","commune":"Chépica","code":"06302","gse":"D","quintil":"Q1","nse_score":634.7,"educ":8.8,"educ_score":386.7,"hacin":1.25,"hacin_class":"Hacinamiento Leve","hacin_score":797.9,"auto_score":109.4,"n_per":80,"n_hog":31,"source_year":2024},"geometry":{"type":"Polygon","coordinates":[[[-71.2834527759999,-34.7301852171161],[-71.2823816649999,-34.7309516321161],[-71.2826676179999,-34.7313447711161],[-71.2837279849999,-34.7305734591161],[-71.2834527759999,-34.7301852171161]]]}},{"type":"Feature","properties":{"id":"6302021001002","commune":"Chépica","code":"06302","gse":"E","quintil":"Q1","nse_score":600.5,"educ":9.0,"educ_score":400.0,"hacin":1.264,"hacin_class":"Hacinamiento Leve","hacin_score":794.9,"auto_score":163.3,"n_per":273,"n_hog":100,"source_year":2024},"geometry":{"type":"Polygon","coordinates":[[[-71.1819439429999,-34.737920237116],[-71.1839861409999,-34.739212194116],[-71.1831812899999,-34.740612150116],[-71.183723976,-34.740821395116],[-71.1802184149999,-34.7467228331159],[-71.1866190679999,-34.7492873001159],[-71.1867404399999,-34.7504397271159],[-71.1863116979999,-34.7510012641159],[-71.1856756109999,-34.7514632661159],[-71.1865875589999,-34.7532679741159],[-71.1862938649999,-34.7538377571159],[-71.1866449059999,-34.7544809511159],[-71.1871545359999,-34.7545506731158],[-71.188511849,-34.7554351341158],[-71.1891117339999,-34.7556099911158],[-71.189659349,-34.7559854021159],[-71.1902681889999,-34.7549093671158],[-71.189658661,-34.7544870441158],[-71.1895597619999,-34.7542202771159],[-71.1896894539999,-34.7537384281159],[-71.1889593249999,-34.7530954351158],[-71.1884973679999,-34.7536159791159],[-71.1889208179999,-34.7530613441159],[-71.1884864979999,-34.7524891581159],[-71.1886120119999,-34.7520459141159],[-71.1880234479999,-34.7516764581159],[-71.1884925749999,-34.7506449311159],[-71.1877380559999,-34.7497318821159],[-71.1895838139999,-34.747717930116],[-71.1884628489999,-34.7470790531159],[-71.1884861969999,-34.7467975931159],[-71.1877679609999,-34.7464534131159],[-71.1873868289999,-34.7472307011159],[-71.1869873789999,-34.7478064761159],[-71.1867728099999,-34.7479030601159],[-71.1866351539999,-34.747855983116],[-71.1865703869999,-34.7477582691159],[-71.1867659589999,-34.747856499116],[-71.1869410699999,-34.7477817081159],[-71.1877825119999,-34.746274312116],[-71.1876600119999,-34.7461247661159],[-71.18672398,-34.745815918116],[-71.1861603469999,-34.745369516116],[-71.1852613759999,-34.7464701301159],[-71.1847358329999,-34.7463465581159],[-71.1842529999999,-34.747324605116],[-71.1841531459999,-34.747372073116],[-71.1839487309999,-34.747294887116],[-71.1837254669999,-34.747659322116],[-71.1837719229999,-34.7475573601159],[-71.1828782739999,-34.747227200116],[-71.1831757239999,-34.747283664116],[-71.1834921369999,-34.7470138801159],[-71.184181152,-34.747319742116],[-71.1846884599999,-34.746322974116],[-71.1836941609999,-34.7458512781159],[-71.1825123989999,-34.747132656116],[-71.1836558239999,-34.7458333581159],[-71.1825898269999,-34.745351095116],[-71.1819290329999,-34.744894486116],[-71.1825766059999,-34.745283293116],[-71.1836189889999,-34.743375729116],[-71.1831016209999,-34.743101065116],[-71.1836419399999,-34.743345046116],[-71.1845259999999,-34.742339992116],[-71.1846333099999,-34.742064369116],[-71.1841125909999,-34.741867583116],[-71.1838801789999,-34.741812140116],[-71.1837194689999,-34.742048412116],[-71.1839174679999,-34.7411220321161],[-71.1840311199999,-34.740993061116],[-71.1838894679999,-34.741767568116],[-71.1846501319999,-34.742021161116],[-71.1849444079999,-34.741077369116],[-71.1847163929999,-34.7408581271161],[-71.1847588069999,-34.740638119116],[-71.1853813499999,-34.739382409116],[-71.1844679749999,-34.7387745241161],[-71.1866421629999,-34.740109541116],[-71.1858408669999,-34.7382387581161],[-71.1859060179999,-34.7378738141161],[-71.1823930489999,-34.736689133116],[-71.1819439429999,-34.737920237116]]]}},{"type":"Feature","properties":{"id":"6302021001003","commune":"Chépica","code":"06302","gse":"D","quintil":"Q1","nse_score":622.0,"educ":10.2,"educ_score":480.0,"hacin":1.202,"hacin_class":"Hacinamiento Leve","hacin_score":808.2,"auto_score":187.5,"n_per":143,"n_hog":60,"source_year":2024},"geometry":{"type":"Polygon","coordinates":[[[-71.1852866739999,-34.742548333116],[-71.1845413319999,-34.742472578116],[-71.1841129809999,-34.742915494116],[-71.1834229949999,-34.743744715116],[-71.1826498439999,-34.745306132116],[-71.1851888409999,-34.7464369691159],[-71.1868550229999,-34.7445219131159],[-71.1861378259999,-34.744063885116],[-71.1868918919999,-34.744445746116],[-71.1869444129999,-34.7443689711159],[-71.1867354249999,-34.744133119116],[-71.1869900979999,-34.744374876116],[-71.1861964279999,-34.7453135031159],[-71.1867701489999,-34.7457646691159],[-71.1877605019999,-34.746105913116],[-71.1878406659999,-34.7464311111159],[-71.1885521749999,-34.7467626361159],[-71.1885209839999,-34.7470362561159],[-71.1896402379999,-34.7476740241159],[-71.1909926669999,-34.7460404801159],[-71.1899699099999,-34.7450549251159],[-71.1910163859999,-34.746008421116],[-71.1920143609999,-34.745069096116],[-71.1927959879999,-34.744117672116],[-71.1901603829999,-34.742437280116],[-71.1890894249999,-34.743802219116],[-71.1898105629999,-34.744331155116],[-71.1890544749999,-34.743825243116],[-71.1887984239999,-34.743869787116],[-71.1890471999999,-34.743789689116],[-71.1901256969999,-34.742415159116],[-71.1875969699999,-34.740798039116],[-71.1872334519999,-34.741309460116],[-71.1869175409999,-34.741505385116],[-71.1875621369999,-34.740775799116],[-71.1854388339999,-34.739430612116],[-71.1848333389999,-34.740652459116],[-71.1847933129999,-34.740835421116],[-71.1850215849999,-34.741077650116],[-71.1845608099999,-34.742439175116],[-71.1852866739999,-34.742548333116]]]}},{"type":"Feature","properties":{"id":"6302021001004","commune":"Chépica","code":"06302","gse":"C3","quintil":"Q2","nse_score":676.3,"educ":10.9,"educ_score":526.7,"hacin":1.217,"hacin_class":"Hacinamiento Leve","hacin_score":805.0,"auto_score":69.0,"n_per":73,"n_hog":29,"source_year":2024},"geometry":{"type":"Polygon","coordinates":[[[-71.1952904109999,-34.741919791116],[-71.1940878439999,-34.744407400116],[-71.1893189619999,-34.741291257116],[-71.1891008789999,-34.741681815116],[-71.193205212,-34.744294538116],[-71.1942739739999,-34.7451491881159],[-71.1954601419999,-34.742940442116],[-71.1957985329999,-34.742011693116],[-71.1959991149999,-34.740418014116],[-71.1954850959999,-34.740347507116],[-71.1952904109999,-34.741919791116]]]}},{"type":"Feature","properties":{"id":"6302021001005","commune":"Chépica","code":"06302","gse":"E","quintil":"Q1","nse_score":602.2,"educ":10.1,"educ_score":473.3,"hacin":1.391,"hacin_class":"Hacinamiento Leve","hacin_score":767.9,"auto_score":162.5,"n_per":121,"n_hog":40,"source_year":2024},"geometry":{"type":"Polygon","coordinates":[[[-71.1982932289999,-34.7500828941159],[-71.198691816,-34.7504876311159],[-71.1996716359999,-34.7497900571159],[-71.1982250379999,-34.7485148641159],[-71.1963096979999,-34.747409294116],[-71.1969065009999,-34.746291465116],[-71.1965787599999,-34.746001314116],[-71.196581148,-34.746154036116],[-71.1962453449999,-34.7464166111159],[-71.1965399689999,-34.7461382951159],[-71.1965229879999,-34.745951939116],[-71.1959407279999,-34.745433267116],[-71.1958285699999,-34.745166014116],[-71.1958528249999,-34.744200588116],[-71.1956019809999,-34.742999655116],[-71.1964735959999,-34.741263621116],[-71.1959652039999,-34.741026392116],[-71.1958522829999,-34.742019807116],[-71.1955116819999,-34.742955411116],[-71.1943197089999,-34.745175855116],[-71.1948690109999,-34.7455816641159],[-71.1946224259999,-34.7465496651159],[-71.1947876059999,-34.747007638116],[-71.1956042809999,-34.7478389891159],[-71.1950341079999,-34.7490377931159],[-71.1969220259999,-34.7500247421159],[-71.197223403,-34.7504839941159],[-71.1976977119999,-34.7496445691159],[-71.1979097039999,-34.7497071251159],[-71.1982965709999,-34.7491052711159],[-71.1979414299999,-34.7497347151159],[-71.1982688489999,-34.7500581391159],[-71.1990121539999,-34.7493571741159],[-71.1982932289999,-34.7500828941159]]]}},{"type":"Feature","properties":{"id":"6302021001006","commune":"Chépica","code":"06302","gse":"D","quintil":"Q1","nse_score":635.9,"educ":10.2,"educ_score":480.0,"hacin":1.375,"hacin_class":"Hacinamiento Leve","hacin_score":771.3,"auto_score":125.0,"n_per":22,"n_hog":8,"source_year":2024},"geometry":{"type":"Polygon","coordinates":[[[-71.1921038719999,-34.7450701211159],[-71.1928921049999,-34.745450431116],[-71.1934207979999,-34.744533816116],[-71.1928566789999,-34.744156168116],[-71.1921038719999,-34.7450701211159]]]}},{"type":"Feature","properties":{"id":"6302021001007","commune":"Chépica","code":"06302","gse":"D","quintil":"Q1","nse_score":633.7,"educ":10.2,"educ_score":480.0,"hacin":1.649,"hacin_class":"Hacinamiento Medio","hacin_score":713.1,"auto_score":222.2,"n_per":122,"n_hog":37,"source_year":2024},"geometry":{"type":"Polygon","coordinates":[[[-71.1937145509999,-34.745287436116],[-71.1934140669999,-34.745133325116],[-71.1935833129999,-34.7451354871159],[-71.1947356669999,-34.7458790191159],[-71.1947817829999,-34.745546122116],[-71.1934789129999,-34.744581341116],[-71.1931797779999,-34.7451203881159],[-71.1935787179999,-34.745443188116],[-71.1937145509999,-34.745287436116]]]}},{"type":"Feature","properties":{"id":"6302021001008","commune":"Chépica","code":"06302","gse":"E","quintil":"Q1","nse_score":600.2,"educ":9.8,"educ_score":453.3,"hacin":1.409,"hacin_class":"Hacinamiento Leve","hacin_score":764.1,"auto_score":181.0,"n_per":317,"n_hog":116,"source_year":2024},"geometry":{"type":"Polygon","coordinates":[[[-71.1885674739999,-34.7506311381159],[-71.188100044,-34.7516669011159],[-71.1886783679999,-34.7520140181159],[-71.1885612449999,-34.7524728961159],[-71.1891139109999,-34.7531395991159],[-71.1898373299999,-34.7521309641159],[-71.1891537849999,-34.7531735551159],[-71.1897607419999,-34.7537140441159],[-71.1896363659999,-34.7542203121158],[-71.1897250499999,-34.7544555551159],[-71.1903224969999,-34.7548634471159],[-71.1909522739999,-34.7540224281158],[-71.1897129359999,-34.7560337621159],[-71.190522487,-34.7578500981158],[-71.192699322,-34.7552635961159],[-71.1929994209999,-34.7547233381159],[-71.1929729099999,-34.7541167991158],[-71.1935723619999,-34.7521876231159],[-71.1941081189999,-34.7511507991159],[-71.1941591029999,-34.7503817911159],[-71.1950873339999,-34.7487971941159],[-71.1947228359999,-34.748668714116],[-71.1946652089999,-34.7485005631159],[-71.1946579929999,-34.7476818461159],[-71.194804083,-34.7471196231159],[-71.1946276699999,-34.746669364116],[-71.1944027039999,-34.7471485041159],[-71.1945466299999,-34.7465820171159],[-71.1937504899999,-34.746106401116],[-71.193544787,-34.746479727116],[-71.1937148909999,-34.746083897116],[-71.1920592219999,-34.745121653116],[-71.1910958399999,-34.746022084116],[-71.189759508,-34.7475956481159],[-71.1903643269999,-34.7482667501159],[-71.1903325839999,-34.7485740201159],[-71.1911717049999,-34.7490553291159],[-71.1914292999999,-34.7487535531159],[-71.1921379729999,-34.7490360061159],[-71.1914400759999,-34.7487878751159],[-71.1907436489999,-34.7496937101159],[-71.1913307069999,-34.7499357821159],[-71.1912949239999,-34.7501833351159],[-71.1918348659999,-34.7504474271159],[-71.1924592439999,-34.7495628921159],[-71.1919014609999,-34.7504213301159],[-71.1931648309999,-34.7510130981159],[-71.1912583279999,-34.7502073431159],[-71.1912993749999,-34.7499732401159],[-71.1906838479999,-34.7497175611159],[-71.1911507209999,-34.7491033861159],[-71.1902468959999,-34.7485771691159],[-71.1903096039999,-34.7482840721159],[-71.1897366969999,-34.7476502411159],[-71.1888661379999,-34.7485311591159],[-71.1893573839999,-34.7487621021159],[-71.1893713959999,-34.748851955116],[-71.1891984249999,-34.7490427181159],[-71.1895845559999,-34.7493201881159],[-71.1891656499999,-34.7490787951159],[-71.1889316739999,-34.7492612151159],[-71.1893250479999,-34.7488081241159],[-71.1888360459999,-34.7485688841159],[-71.1878501739999,-34.7496400371159],[-71.1881570219999,-34.7502402271159],[-71.1885076169999,-34.7505231001159],[-71.18935067,-34.7498097481159],[-71.1898860479999,-34.7500476941159],[-71.1893744639999,-34.7498751831159],[-71.1885674739999,-34.7506311381159]]]}},{"type":"Feature","properties":{"id":"6302021001009","commune":"Chépica","code":"06302","gse":"D","quintil":"Q2","nse_score":642.0,"educ":10.3,"educ_score":486.7,"hacin":1.648,"hacin_class":"Hacinamiento Medio","hacin_score":713.2,"auto_score":197.0,"n_per":117,"n_hog":34,"source_year":2024},"geometry":{"type":"Polygon","coordinates":[[[-71.1929798499999,-34.745498151116],[-71.1945553409999,-34.746509611116],[-71.1946302039999,-34.7462478181159],[-71.1931214559999,-34.7452305871159],[-71.1929798499999,-34.745498151116]]]}},{"type":"Feature","properties":{"id":"6302021001011","commune":"Chépica","code":"06302","gse":"D","quintil":"Q2","nse_score":656.7,"educ":10.0,"educ_score":466.7,"hacin":1.467,"hacin_class":"Hacinamiento Leve","hacin_score":751.8,"auto_score":111.1,"n_per":22,"n_hog":9,"source_year":2024},"geometry":{"type":"Polygon","coordinates":[[[-71.1940282139999,-34.7457456361159],[-71.1946534969999,-34.746166364116],[-71.1947126619999,-34.745959466116],[-71.1941829589999,-34.745605798116],[-71.1940282139999,-34.7457456361159]]]}},{"type":"Feature","properties":{"id":"6302021001013","commune":"Chépica","code":"06302","gse":"E","quintil":"Q1","nse_score":601.3,"educ":8.9,"educ_score":393.3,"hacin":1.342,"hacin_class":"Hacinamiento Leve","hacin_score":778.3,"auto_score":26.3,"n_per":51,"n_hog":19,"source_year":2024},"geometry":{"type":"Polygon","coordinates":[[[-71.1951095859999,-34.7487560311159],[-71.1955286829999,-34.7478494941159],[-71.1948494209999,-34.747160032116],[-71.1947206039999,-34.747655617116],[-71.1950379629999,-34.747905720116],[-71.194719259,-34.7484932551159],[-71.1947630289999,-34.7486347511159],[-71.1951095859999,-34.7487560311159]]]}},{"type":"Feature","properties":{"id":"6302021001015","commune":"Chépica","code":"06302","gse":"E","quintil":"Q1","nse_score":537.0,"educ":8.6,"educ_score":373.3,"hacin":1.182,"hacin_class":"Hacinamiento Leve","hacin_score":812.4,"auto_score":120.0,"n_per":65,"n_hog":24,"source_year":2024},"geometry":{"type":"Polygon","coordinates":[[[-71.1936283879999,-34.7557209201158],[-71.1935587669999,-34.7541658931159],[-71.1941220049999,-34.7523609081159],[-71.1946787379999,-34.7512640701159],[-71.1947178359999,-34.7505359191159],[-71.1948619439999,-34.7503575531159],[-71.1958303389999,-34.7508672321159],[-71.1961255889999,-34.7513235321159],[-71.1980185719999,-34.7530655781159],[-71.1982377759999,-34.7527874151159],[-71.1988114169999,-34.7525375911159],[-71.1989890309999,-34.7521386671159],[-71.1996175699999,-34.7521008621159],[-71.1982743979999,-34.7508728981159],[-71.1986552459999,-34.7505213831159],[-71.1978001589999,-34.7496815851159],[-71.1972519419999,-34.7505296201159],[-71.197948773,-34.7514679941159],[-71.1973272249999,-34.7507424171159],[-71.1967961919999,-34.7512775161159],[-71.1973049199999,-34.7507065961159],[-71.1968842739999,-34.7500581801159],[-71.1950106069999,-34.7490788341159],[-71.1942323929999,-34.7503998471159],[-71.1941816179999,-34.7511684071159],[-71.1936444959999,-34.7522091831159],[-71.1930485599999,-34.7541268221159],[-71.1930756479999,-34.7547334001159],[-71.1927728799999,-34.7552828231159],[-71.1936283879999,-34.7557209201158]]]}},{"type":"Feature","properties":{"id":"6302021001016","commune":"Chépica","code":"06302","gse":"E","quintil":"Q1","nse_score":604.4,"educ":8.7,"educ_score":380.0,"hacin":1.296,"hacin_class":"Hacinamiento Leve","hacin_score":788.0,"auto_score":260.0,"n_per":70,"n_hog":25,"source_year":2024},"geometry":{"type":"Polygon","coordinates":[[[-71.1927427429999,-34.7553225651158],[-71.1905517289999,-34.7579294551158],[-71.1914020559999,-34.7597988751158],[-71.1927486739999,-34.7583800081158],[-71.1940041089999,-34.7577708781158],[-71.1940252229999,-34.7575755951158],[-71.1937016159999,-34.7575851121158],[-71.1932542779999,-34.7573852381158],[-71.1941633209999,-34.7563554901158],[-71.1939314889999,-34.7561189521159],[-71.1936560229999,-34.7563406861158],[-71.1938975729999,-34.7560962301159],[-71.1937556969999,-34.7559375581158],[-71.1934798379999,-34.7562053721158],[-71.1932968639999,-34.7562013521159],[-71.1924985969999,-34.7569705231158],[-71.193262564,-34.7561641201158],[-71.1934535629999,-34.7561630181158],[-71.1937235379999,-34.7558991361158],[-71.1936542219999,-34.7558083431159],[-71.1927427429999,-34.7553225651158]]]}},{"type":"Feature","properties":{"id":"6302021001018","commune":"Chépica","code":"06302","gse":"E","quintil":"Q1","nse_score":601.0,"educ":9.8,"educ_score":453.3,"hacin":1.318,"hacin_class":"Hacinamiento Leve","hacin_score":783.4,"auto_score":0.0,"n_per":29,"n_hog":13,"source_year":2024},"geometry":{"type":"Polygon","coordinates":[[[-71.1894289359999,-34.7589948881158],[-71.1893182949999,-34.7597988091158],[-71.1900470819999,-34.7603041221158],[-71.1900656309999,-34.7608034841158],[-71.1909521249999,-34.7606982941158],[-71.191127493,-34.7602377181158],[-71.1914262489999,-34.7600633161158],[-71.1904964409999,-34.7579913921158],[-71.1898285049999,-34.7596908961158],[-71.1896429069999,-34.7599443081158],[-71.1895533799999,-34.7599415111158],[-71.1899082919999,-34.7593301491158],[-71.1895644849999,-34.7592223011158],[-71.1899324769999,-34.7592610211158],[-71.1904729739999,-34.7579333701158],[-71.1896607259999,-34.7561327991158],[-71.1893328709999,-34.7565794511158],[-71.1900517949999,-34.7581941701158],[-71.1894289359999,-34.7589948881158]]]}},{"type":"Feature","properties":{"id":"6302021001019","commune":"Chépica","code":"06302","gse":"E","quintil":"Q1","nse_score":568.9,"educ":9.4,"educ_score":426.7,"hacin":1.41,"hacin_class":"Hacinamiento Leve","hacin_score":763.9,"auto_score":178.6,"n_per":117,"n_hog":42,"source_year":2024},"geometry":{"type":"Polygon","coordinates":[[[-71.1940035669999,-34.7578568231158],[-71.1928000009999,-34.7584068051158],[-71.1931169419999,-34.7588592491158],[-71.1927652099999,-34.7584291691158],[-71.1914212719999,-34.7598498061158],[-71.1922010899999,-34.7617209051158],[-71.1945598609999,-34.7617823591158],[-71.1964165629999,-34.7620457691158],[-71.2010344759999,-34.7605635421158],[-71.2025070829999,-34.7594913811158],[-71.2030107249999,-34.7592814261158],[-71.2047043189999,-34.7588303221158],[-71.2064765449999,-34.7587097011158],[-71.2064260739999,-34.7581033131158],[-71.2051253539999,-34.7577594521158],[-71.2044839329999,-34.7577674931158],[-71.201821332,-34.7587291881158],[-71.2021921399999,-34.7595052301158],[-71.2010165569999,-34.7604647401158],[-71.2003542139999,-34.7607137171158],[-71.1996361329999,-34.7605175781158],[-71.1969387029999,-34.7617736231158],[-71.1967395929999,-34.7612382991158],[-71.1954946069999,-34.7616347791158],[-71.1953856799999,-34.7610669781158],[-71.1946438829999,-34.7611181361158],[-71.1934303579999,-34.7593620941158],[-71.1937587239999,-34.7593049871158],[-71.1932682339999,-34.7584309871158],[-71.1936499819999,-34.7582546931158],[-71.1937927499999,-34.7585259511158],[-71.1943852359999,-34.7582689691158],[-71.1940569799999,-34.7576367581158],[-71.1940035669999,-34.7578568231158]],[[-71.2034399769999,-34.7582300551158],[-71.2035127109999,-34.7582228931158],[-71.2034172709999,-34.7582572051158],[-71.2034399769999,-34.7582300551158]],[[-71.2037480029999,-34.7581383051158],[-71.2038055779999,-34.7580962701158],[-71.2038365069999,-34.7581064861158],[-71.2037480029999,-34.7581383051158]]]}},{"type":"Feature","properties":{"id":"6302021001020","commune":"Chépica","code":"06302","gse":"D","quintil":"Q1","nse_score":621.5,"educ":10.9,"educ_score":526.7,"hacin":1.25,"hacin_class":"Hacinamiento Leve","hacin_score":797.9,"auto_score":71.4,"n_per":25,"n_hog":7,"source_year":2024},"geometry":{"type":"Polygon","coordinates":[[[-71.2057149819999,-34.7588611171158],[-71.2066071799999,-34.7614562291158],[-71.2070780209999,-34.7612566281158],[-71.2062368279999,-34.7588219431158],[-71.2057149819999,-34.7588611171158]]]}},{"type":"Feature","properties":{"id":"6302021001021","commune":"Chépica","code":"06302","gse":"E","quintil":"Q1","nse_score":559.6,"educ":9.9,"educ_score":460.0,"hacin":0.976,"hacin_class":"Sin Hacinamiento","hacin_score":856.3,"auto_score":31.2,"n_per":40,"n_hog":17,"source_year":2024},"geometry":{"type":"Polygon","coordinates":[[[-71.2048793379999,-34.7588771491158],[-71.2027669229999,-34.7594444521158],[-71.202012367,-34.7599331791158],[-71.2030117349999,-34.7614194181158],[-71.2052153519999,-34.7606765081158],[-71.2059767799999,-34.7617234711158],[-71.2065576179999,-34.7614772401158],[-71.2056588639999,-34.7588625041158],[-71.2048793379999,-34.7588771491158]]]}},{"type":"Feature","properties":{"id":"6302021001022","commune":"Chépica","code":"06302","gse":"D","quintil":"Q1","nse_score":619.5,"educ":9.8,"educ_score":453.3,"hacin":1.312,"hacin_class":"Hacinamiento Leve","hacin_score":784.6,"auto_score":123.2,"n_per":399,"n_hog":142,"source_year":2024},"geometry":{"type":"Polygon","coordinates":[[[-71.1964933209999,-34.7622932191158],[-71.1974241959999,-34.7633382871158],[-71.1979524369999,-34.7631337271158],[-71.1982185819999,-34.7632968861157],[-71.1983620379999,-34.7635744431157],[-71.1987077869999,-34.7633642051158],[-71.1992698709999,-34.7639155911158],[-71.1995340929999,-34.7638002151158],[-71.1989228559999,-34.7641907541157],[-71.1995128499999,-34.7651866761157],[-71.2003736319999,-34.7649004321157],[-71.1999015249999,-34.7642317241158],[-71.2001290659999,-34.7643436481158],[-71.2008663549999,-34.7658186861157],[-71.2003947839999,-34.7649419841158],[-71.1995345579999,-34.7652280431157],[-71.1999761979999,-34.7660180421157],[-71.2000305899999,-34.7670457141157],[-71.1999679739999,-34.7667429301157],[-71.1984619129999,-34.7672387161157],[-71.1985543219999,-34.7674139741157],[-71.1982678679999,-34.7674542901157],[-71.1983496399999,-34.7679565841157],[-71.1982138159999,-34.7674607421157],[-71.1978953359999,-34.7674987561157],[-71.1979518959999,-34.7680045771157],[-71.1978412139999,-34.7675052161157],[-71.1974662389999,-34.7675499731157],[-71.1974976229999,-34.7680642551157],[-71.1974121889999,-34.7675564241157],[-71.1970567549999,-34.7675988481157],[-71.1970885989999,-34.7681214181157],[-71.1970118489999,-34.7675604861157],[-71.1984909989999,-34.7673821201157],[-71.1983160279999,-34.7670757801157],[-71.1966262509999,-34.7672529361157],[-71.1981776759999,-34.7668034051157],[-71.1972953239999,-34.7653326171157],[-71.1962691229999,-34.7640865911158],[-71.195751061,-34.7642099631157],[-71.1944189389999,-34.7655024591157],[-71.1932079089999,-34.7660421761157],[-71.1933045219999,-34.7666012391157],[-71.1930803029999,-34.7668718141157],[-71.193260962,-34.7665939871157],[-71.1931680409999,-34.7660596011157],[-71.1908152929999,-34.7673140511157],[-71.1904905229999,-34.7680419431157],[-71.1908607039999,-34.7686076871157],[-71.1908020369999,-34.7689158081157],[-71.1889262289999,-34.7707661081156],[-71.1861762849999,-34.7728526791156],[-71.1864196079999,-34.7731618681156],[-71.1863073149999,-34.7734503241157],[-71.1869436949999,-34.7729324521157],[-71.1867602769999,-34.7726997651156],[-71.1886691159999,-34.7715052771157],[-71.1885073129999,-34.7712673301157],[-71.1897065609999,-34.7702679571157],[-71.1902585959999,-34.7698872431157],[-71.1903918459999,-34.7700490461157],[-71.1909248449999,-34.7696492971157],[-71.1906393099999,-34.7691924401157],[-71.1929902169999,-34.7670414081157],[-71.1938277869999,-34.7684214951157],[-71.1945115699999,-34.7680929241157],[-71.1941489509999,-34.7674598931157],[-71.1955314809999,-34.7669557471157],[-71.1956179259999,-34.7671718581157],[-71.1965308549999,-34.7670128541157],[-71.1966260339999,-34.7675173001157],[-71.1968639799999,-34.7674982641157],[-71.1970448189999,-34.7681930671157],[-71.1989674229999,-34.7679646391157],[-71.1985802539999,-34.7673216871157],[-71.200255448,-34.7670940661157],[-71.2009308289999,-34.7667788781157],[-71.2008686799999,-34.7666015541157],[-71.2016824709999,-34.7662647921157],[-71.2010215549999,-34.7649788201157],[-71.2007172429999,-34.7648744281157],[-71.2003957539999,-34.7642076281158],[-71.1990370819999,-34.7627740031158],[-71.2029662019999,-34.7614327251158],[-71.2019748359999,-34.7599627691158],[-71.2010758149999,-34.7606272201158],[-71.1965596069999,-34.7620308331158],[-71.1964378889999,-34.7621561271158],[-71.1964933209999,-34.7622932191158]]]}},{"type":"Feature","properties":{"id":"6302021001023","commune":"Chépica","code":"06302","gse":"E","quintil":"Q1","nse_score":576.3,"educ":9.9,"educ_score":460.0,"hacin":1.4,"hacin_class":"Hacinamiento Leve","hacin_score":766.0,"auto_score":125.0,"n_per":21,"n_hog":8,"source_year":2024},"geometry":{"type":"Polygon","coordinates":[[[-71.1911660459999,-34.7602556501158],[-71.1907955619999,-34.7612574061158],[-71.190955357,-34.7618353621158],[-71.1898841249999,-34.7633547151157],[-71.1909212709999,-34.7637806441158],[-71.1917421059999,-34.7629860141157],[-71.1916361079999,-34.7624175331158],[-71.1921568099999,-34.7622892931157],[-71.1919613649999,-34.7617798481158],[-71.1921211879999,-34.7617223671158],[-71.1914399919999,-34.7600976381158],[-71.1911660459999,-34.7602556501158]]]}},{"type":"Feature","properties":{"id":"6302021001024","commune":"Chépica","code":"06302","gse":"D","quintil":"Q1","nse_score":618.8,"educ":10.4,"educ_score":493.3,"hacin":1.381,"hacin_class":"Hacinamiento Leve","hacin_score":770.0,"auto_score":254.0,"n_per":174,"n_hog":64,"source_year":2024},"geometry":{"type":"Polygon","coordinates":[[[-71.1961012419999,-34.7638057671157],[-71.1962821189999,-34.7640084471157],[-71.1973515989999,-34.7634624271157],[-71.1962244819999,-34.7620144331158],[-71.1929717269999,-34.7618146371158],[-71.1929127499999,-34.7619248271157],[-71.193116932,-34.7622735051158],[-71.1931294899999,-34.7624110001157],[-71.1929294019999,-34.7621290321158],[-71.1928685689999,-34.7619257801158],[-71.1929218849999,-34.7618116371158],[-71.1920405639999,-34.7617903381157],[-71.1922330439999,-34.7623023301158],[-71.1916907989999,-34.7624654261158],[-71.1918381789999,-34.7629507581158],[-71.1917307789999,-34.7631112561158],[-71.1909509279999,-34.7638477901157],[-71.1890693949999,-34.7652673511157],[-71.1884263509999,-34.7660902471157],[-71.1880835569999,-34.7669745861157],[-71.1872743249999,-34.7674382211157],[-71.1865038999999,-34.7676790981157],[-71.1874099159999,-34.7700657631157],[-71.1866215039999,-34.7705825811157],[-71.1875802279999,-34.7716054871157],[-71.1886804839999,-34.7708616621157],[-71.1907256539999,-34.7688796841157],[-71.1907769669999,-34.7686315341157],[-71.1904027209999,-34.7680486261157],[-71.1907450249999,-34.7672702861157],[-71.1943621059999,-34.7654474111158],[-71.1947292539999,-34.7651290771157],[-71.1944382139999,-34.7646257821158],[-71.194758669,-34.7650959981157],[-71.1955778859999,-34.7642348271158],[-71.1962216069999,-34.7640228571157],[-71.1961012419999,-34.7638057671157]]]}},{"type":"Feature","properties":{"id":"6302021001025","commune":"Chépica","code":"06302","gse":"C3","quintil":"Q2","nse_score":669.0,"educ":11.1,"educ_score":540.0,"hacin":1.117,"hacin_class":"Hacinamiento Leve","hacin_score":826.3,"auto_score":115.4,"n_per":115,"n_hog":42,"source_year":2024},"geometry":{"type":"Polygon","coordinates":[[[-71.1980991579999,-34.7641413141157],[-71.1985035569999,-34.7638174971157],[-71.1981772519999,-34.7633266561158],[-71.1978669099999,-34.7631652311158],[-71.1974431319999,-34.7633831661157],[-71.1971462539999,-34.7637359891158],[-71.1963237599999,-34.7640723901158],[-71.1976876799999,-34.7658382541157],[-71.1985774179999,-34.7655217891157],[-71.1981939289999,-34.7647670121157],[-71.1986276169999,-34.7655040251157],[-71.1994624819999,-34.7652040891158],[-71.1988797659999,-34.7642184401157],[-71.1984338139999,-34.7644544811157],[-71.1988463319999,-34.7641828081157],[-71.1985369949999,-34.7638531331157],[-71.1980991579999,-34.7641413141157]]]}},{"type":"Feature","properties":{"id":"6302021001026","commune":"Chépica","code":"06302","gse":"D","quintil":"Q1","nse_score":611.2,"educ":10.4,"educ_score":493.3,"hacin":1.257,"hacin_class":"Hacinamiento Leve","hacin_score":796.4,"auto_score":312.5,"n_per":44,"n_hog":16,"source_year":2024},"geometry":{"type":"Polygon","coordinates":[[[-71.1869068939999,-34.7661466681157],[-71.1861169259999,-34.7660050471157],[-71.1861789509999,-34.7672452481157],[-71.1856173979999,-34.7675498191157],[-71.1853604159999,-34.7675022301157],[-71.1841019469999,-34.7678408321157],[-71.1847271499999,-34.7688987751157],[-71.1855894829999,-34.7688570241157],[-71.1866914929999,-34.7683553691157],[-71.1864269549999,-34.7676675241157],[-71.186894633,-34.7674185911157],[-71.1866293689999,-34.7670765881157],[-71.1861995129999,-34.7672538621157],[-71.1866399709999,-34.7670400701157],[-71.1869240619999,-34.7674063351157],[-71.1872417859999,-34.7673802911157],[-71.1880199539999,-34.7669361151157],[-71.188358633,-34.7660607351157],[-71.1890104039999,-34.7652269911158],[-71.1908822359999,-34.7638134251158],[-71.1898603249999,-34.7633956891157],[-71.1893973589999,-34.7641305531157],[-71.1881627609999,-34.7649075771157],[-71.1877619059999,-34.7653745791158],[-71.187361172,-34.7656090971157],[-71.1872586239999,-34.7659932421157],[-71.1869068939999,-34.7661466681157]]]}},{"type":"Feature","properties":{"id":"6302021001027","commune":"Chépica","code":"06302","gse":"C2","quintil":"Q4","nse_score":768.0,"educ":12.4,"educ_score":626.7,"hacin":0.812,"hacin_class":"Sin Hacinamiento","hacin_score":891.0,"auto_score":250.0,"n_per":13,"n_hog":6,"source_year":2024},"geometry":{"type":"Polygon","coordinates":[[[-71.1983845149999,-34.7636170171158],[-71.1988894209999,-34.7641551211157],[-71.1992267219999,-34.7639432141157],[-71.1987073179999,-34.7634125491158],[-71.1983845149999,-34.7636170171158]]]}},{"type":"Feature","properties":{"id":"6302021001028","commune":"Chépica","code":"06302","gse":"D","quintil":"Q1","nse_score":610.2,"educ":8.4,"educ_score":360.0,"hacin":1.062,"hacin_class":"Hacinamiento Leve","hacin_score":838.0,"auto_score":37.0,"n_per":69,"n_hog":30,"source_year":2024},"geometry":{"type":"Polygon","coordinates":[[[-71.1989762499999,-34.7663332921157],[-71.1985979459999,-34.7655635571157],[-71.1977136769999,-34.7658780491157],[-71.1982356299999,-34.7668015341157],[-71.1999399249999,-34.7662262631157],[-71.1994841609999,-34.7652454531157],[-71.1986481469999,-34.7655458011157],[-71.1989762499999,-34.7663332921157]]]}},{"type":"Feature","properties":{"id":"6302021001029","commune":"Chépica","code":"06302","gse":"E","quintil":"Q1","nse_score":568.0,"educ":7.3,"educ_score":286.7,"hacin":1.109,"hacin_class":"Hacinamiento Leve","hacin_score":827.9,"auto_score":25.0,"n_per":51,"n_hog":20,"source_year":2024},"geometry":{"type":"Polygon","coordinates":[[[-71.1982560389999,-34.7668433351157],[-71.1984383819999,-34.7671979321157],[-71.1999662509999,-34.7666946871157],[-71.199943071,-34.7662738901157],[-71.1982560389999,-34.7668433351157]]]}},{"type":"Feature","properties":{"id":"6302021001031","commune":"Chépica","code":"06302","gse":"E","quintil":"Q1","nse_score":516.4,"educ":7.9,"educ_score":326.7,"hacin":1.333,"hacin_class":"Hacinamiento Leve","hacin_score":780.1,"auto_score":51.7,"n_per":68,"n_hog":29,"source_year":2024},"geometry":{"type":"Polygon","coordinates":[[[-71.1804852799999,-34.7698017851157],[-71.1799900679999,-34.7698185011157],[-71.1794468999999,-34.7701366331157],[-71.1795646069999,-34.7707617471157],[-71.181460049,-34.7708006471157],[-71.1816487509999,-34.7709846761157],[-71.1822149029999,-34.7708119531157],[-71.1830129269999,-34.7703290031156],[-71.184094377,-34.7700926681157],[-71.1843885359999,-34.7698809191157],[-71.1843761469999,-34.7709820941157],[-71.1849035459999,-34.7719363401157],[-71.1827008399999,-34.7737882691157],[-71.1821836489999,-34.7743835201157],[-71.1803837009999,-34.7751259941156],[-71.1811707529999,-34.7762492871156],[-71.1832621919999,-34.7753777331156],[-71.1839381899999,-34.7746238111156],[-71.1851622129999,-34.7735864311156],[-71.1848944549999,-34.7731842951157],[-71.1847545339999,-34.7728259981156],[-71.1851942789999,-34.7735595491156],[-71.1875239059999,-34.7716484401156],[-71.1865232919999,-34.7705264561156],[-71.1860107609999,-34.7708037881157],[-71.1873317669999,-34.7700616981157],[-71.1870633629999,-34.7693427601157],[-71.1866301589999,-34.7695211861157],[-71.1870537499999,-34.7693160641157],[-71.1867053999999,-34.7684006781157],[-71.1856070349999,-34.7688997371157],[-71.1847024739999,-34.7689404081157],[-71.1849787049999,-34.7696280371157],[-71.1846785309999,-34.7689218261157],[-71.1839217859999,-34.7677239171157],[-71.1833561719999,-34.7678735231157],[-71.1829211189999,-34.7682270721157],[-71.1826861359999,-34.7686032401157],[-71.1831379299999,-34.7689603371157],[-71.182670416,-34.7686288991157],[-71.1819897909999,-34.7691915831157],[-71.1828431099999,-34.7700680171157],[-71.1826178719999,-34.7699629861157],[-71.1819615139999,-34.7692053351157],[-71.1804852799999,-34.7698017851157]]]}},{"type":"Feature","properties":{"id":"6302021001032","commune":"Chépica","code":"06302","gse":"E","quintil":"Q1","nse_score":578.7,"educ":10.1,"educ_score":473.3,"hacin":1.25,"hacin_class":"Hacinamiento Leve","hacin_score":797.9,"auto_score":125.0,"n_per":15,"n_hog":8,"source_year":2024},"geometry":{"type":"Polygon","coordinates":[[[-71.1861364919999,-34.7728836251157],[-71.184003791,-34.7746715141156],[-71.1833205479999,-34.7754320801156],[-71.1816441379999,-34.7761563121156],[-71.1821313559999,-34.7769613131156],[-71.183900676,-34.7761975741156],[-71.1840350539999,-34.7764051091156],[-71.184920529,-34.7754464551156],[-71.1857387689999,-34.7748258551157],[-71.185207278,-34.7740425391156],[-71.1855350119999,-34.7738420091157],[-71.1859254839999,-34.7744190241156],[-71.1866574389999,-34.7739101921156],[-71.1862468149999,-34.7734655751156],[-71.1863641329999,-34.7731659101156],[-71.1861364919999,-34.7728836251157]]]}},{"type":"Feature","properties":{"id":"6302013034001","commune":"Chépica","code":"06302","gse":"E","quintil":"Q1","nse_score":599.2,"educ":9.3,"educ_score":420.0,"hacin":1.451,"hacin_class":"Hacinamiento Leve","hacin_score":755.2,"auto_score":145.3,"n_per":280,"n_hog":89,"source_year":2024},"geometry":{"type":"Polygon","coordinates":[[[-71.2767872589999,-34.6952325431165],[-71.2789013349999,-34.6998641881165],[-71.2807087459999,-34.7003634961165],[-71.2809289779999,-34.7000573591165],[-71.281903026,-34.6997399881165],[-71.2815960759999,-34.6992519081165],[-71.281576862,-34.6990638441165],[-71.2819336859999,-34.6997300771165],[-71.2846540129999,-34.6988296821165],[-71.2840986409999,-34.6982495791165],[-71.2835040329999,-34.6984407911165],[-71.2840807159999,-34.6982265411165],[-71.2837903539999,-34.6977787021165],[-71.2843762009999,-34.6973051221165],[-71.2839384319999,-34.6967855051165],[-71.2827096579999,-34.6975424601165],[-71.2814154889999,-34.6974820481165],[-71.280049603,-34.6977963291165],[-71.2814086679999,-34.6974371751165],[-71.2819951819999,-34.6974912231165],[-71.2816417169999,-34.6967832681165],[-71.2820325929999,-34.6974938641166],[-71.2824504539999,-34.6975233671165],[-71.2821193199999,-34.6968562901165],[-71.2824872049999,-34.6975248091165],[-71.2831390129999,-34.6972150271165],[-71.282529398,-34.6961181981166],[-71.2824060389999,-34.6960088961166],[-71.2822596679999,-34.6960634351165],[-71.2824027049999,-34.6959606841165],[-71.282576607,-34.6960953591165],[-71.2831835099999,-34.6971868601165],[-71.2839370959999,-34.6967392911165],[-71.2842788539999,-34.6963303091166],[-71.2841656159999,-34.6953605831166],[-71.2833481549999,-34.6956664821165],[-71.2841608759999,-34.6953338181165],[-71.2840498579999,-34.6947115871165],[-71.2830153329999,-34.6953195481165],[-71.2840445029999,-34.6946816221166],[-71.2840054659999,-34.6940442631166],[-71.2812852489999,-34.6957777071165],[-71.2810708199999,-34.6957225131166],[-71.2807667719999,-34.6959774091166],[-71.2802773989999,-34.6956138221165],[-71.2807775319999,-34.6959296641165],[-71.2810544559999,-34.6956724031165],[-71.2812610469999,-34.6957362531165],[-71.2839844979999,-34.6940026331166],[-71.2835685879999,-34.6935239351165],[-71.2839806239999,-34.6931524141166],[-71.2839791179999,-34.6930180031166],[-71.2824862119999,-34.6916266541166],[-71.2799862169999,-34.6935292331165],[-71.2803581649999,-34.6942777341166],[-71.2799564919999,-34.6935406251166],[-71.2798121069999,-34.6935654001166],[-71.2779913809999,-34.6951027391165],[-71.2771163899999,-34.6951040521165],[-71.2767872589999,-34.6952325431165]]]}},{"type":"Feature","properties":{"id":"6302013034002","commune":"Chépica","code":"06302","gse":"E","quintil":"Q1","nse_score":604.7,"educ":9.9,"educ_score":460.0,"hacin":1.542,"hacin_class":"Hacinamiento Medio","hacin_score":735.8,"auto_score":41.7,"n_per":37,"n_hog":12,"source_year":2024},"geometry":{"type":"Polygon","coordinates":[[[-71.2809206789999,-34.6917922151166],[-71.2789358829999,-34.6933495261166],[-71.2783391989999,-34.6930744491166],[-71.2779737619999,-34.6934390821166],[-71.2784075519999,-34.6936884101166],[-71.2775938769999,-34.6943758861165],[-71.2767843519999,-34.6944042011166],[-71.277182191,-34.6950527481166],[-71.2779614029999,-34.6950646061166],[-71.2797804089999,-34.6935278081165],[-71.2815671919999,-34.6922467251166],[-71.2809206789999,-34.6917922151166]]]}},{"type":"Feature","properties":{"id":"6302013034003","commune":"Chépica","code":"06302","gse":"E","quintil":"Q1","nse_score":586.6,"educ":8.4,"educ_score":360.0,"hacin":1.2,"hacin_class":"Hacinamiento Leve","hacin_score":808.5,"auto_score":250.0,"n_per":12,"n_hog":5,"source_year":2024},"geometry":{"type":"Polygon","coordinates":[[[-71.2847195359999,-34.6988703751165],[-71.2809571829999,-34.7000962621165],[-71.2807602249999,-34.7003785291165],[-71.282489488,-34.7008831091165],[-71.2826054339999,-34.7006956191165],[-71.2828740869999,-34.7006053691165],[-71.2830533699999,-34.7002978811165],[-71.2838778889999,-34.7000856341165],[-71.2849905019999,-34.6995847221165],[-71.2862448929999,-34.6996184301165],[-71.2886669739999,-34.6990676611165],[-71.2884521069999,-34.6990076101165],[-71.2877136379999,-34.6992471891165],[-71.287158185,-34.6990170791165],[-71.2858822999999,-34.6989018281165],[-71.2855492209999,-34.6987477821165],[-71.2847195359999,-34.6988703751165]]]}},{"type":"Feature","properties":{"id":"6302013055001","commune":"Chépica","code":"06302","gse":"D","quintil":"Q1","nse_score":619.5,"educ":10.5,"educ_score":500.0,"hacin":1.32,"hacin_class":"Hacinamiento Leve","hacin_score":783.0,"auto_score":230.8,"n_per":33,"n_hog":13,"source_year":2024},"geometry":{"type":"Polygon","coordinates":[[[-71.2527289999999,-34.7136197911163],[-71.2498486099999,-34.7151536151163],[-71.2495432609999,-34.7152881761163],[-71.2501987039999,-34.7156157091163],[-71.2505406489999,-34.7155928661163],[-71.2529596589999,-34.7142526851163],[-71.2531817819999,-34.7142626341163],[-71.2537448939999,-34.7147723641163],[-71.2538103519999,-34.7147057771163],[-71.2527289999999,-34.7136197911163]]]}},{"type":"Feature","properties":{"id":"6302013055002","commune":"Chépica","code":"06302","gse":"D","quintil":"Q1","nse_score":620.6,"educ":8.3,"educ_score":353.3,"hacin":1.407,"hacin_class":"Hacinamiento Leve","hacin_score":764.4,"auto_score":142.9,"n_per":38,"n_hog":15,"source_year":2024},"geometry":{"type":"Polygon","coordinates":[[[-71.2518503289999,-34.7148867581163],[-71.2521711809999,-34.7152104931163],[-71.2534271639999,-34.7145753661163],[-71.2529772169999,-34.7143153671163],[-71.2518503289999,-34.7148867581163]]]}},{"type":"Feature","properties":{"id":"6302013055003","commune":"Chépica","code":"06302","gse":"E","quintil":"Q1","nse_score":539.4,"educ":10.7,"educ_score":513.3,"hacin":1.333,"hacin_class":"Hacinamiento Leve","hacin_score":780.1,"auto_score":0.0,"n_per":8,"n_hog":4,"source_year":2024},"geometry":{"type":"Polygon","coordinates":[[[-71.2542504079999,-34.7154964681163],[-71.2550487839999,-34.7156992601163],[-71.2556407659999,-34.7150498721163],[-71.2542010509999,-34.7143810461163],[-71.2537650419999,-34.7147947681163],[-71.2542504079999,-34.7154964681163]]]}},{"type":"Feature","properties":{"id":"6302013055004","commune":"Chépica","code":"06302","gse":"D","quintil":"Q2","nse_score":647.0,"educ":8.5,"educ_score":366.7,"hacin":1.31,"hacin_class":"Hacinamiento Leve","hacin_score":785.2,"auto_score":147.1,"n_per":55,"n_hog":17,"source_year":2024},"geometry":{"type":"Polygon","coordinates":[[[-71.2521987279999,-34.7152387071163],[-71.2524935209999,-34.7155443541163],[-71.2537590349999,-34.7148939141163],[-71.2534576229999,-34.7146026881163],[-71.2521987279999,-34.7152387071163]]]}},{"type":"Feature","properties":{"id":"6302013055005","commune":"Chépica","code":"06302","gse":"D","quintil":"Q2","nse_score":652.6,"educ":10.9,"educ_score":526.7,"hacin":1.21,"hacin_class":"Hacinamiento Leve","hacin_score":806.3,"auto_score":100.0,"n_per":23,"n_hog":9,"source_year":2024},"geometry":{"type":"Polygon","coordinates":[[[-71.2509936509999,-34.7154221851163],[-71.251321936,-34.7157545311163],[-71.252135613,-34.7152315311163],[-71.2518155149999,-34.7149085561163],[-71.2509936509999,-34.7154221851163]]]}},{"type":"Feature","properties":{"id":"6302013055006","commune":"Chépica","code":"06302","gse":"D","quintil":"Q1","nse_score":616.1,"educ":8.8,"educ_score":386.7,"hacin":1.387,"hacin_class":"Hacinamiento Leve","hacin_score":768.8,"auto_score":102.6,"n_per":104,"n_hog":39,"source_year":2024},"geometry":{"type":"Polygon","coordinates":[[[-71.253210136,-34.7156008481163],[-71.2529217139999,-34.7153708821163],[-71.2525209299999,-34.7155727731163],[-71.2527665829999,-34.7158852751163],[-71.2524836899999,-34.7155920341163],[-71.2521150309999,-34.7158238171163],[-71.2523805509999,-34.7162043201163],[-71.2520802559999,-34.7158456811163],[-71.2516782109999,-34.7161151441163],[-71.2519683219999,-34.7164652911163],[-71.250956991,-34.7154421111163],[-71.2503204599999,-34.7156975501163],[-71.2494578639999,-34.7153163531163],[-71.2456576529999,-34.7164918651163],[-71.2446314239999,-34.7165689021163],[-71.2441803879999,-34.7167404361163],[-71.2442241999999,-34.7168920971163],[-71.2451803839999,-34.7167982131163],[-71.2454201749999,-34.7170208031163],[-71.2475135079999,-34.7163781881163],[-71.2486597259999,-34.7173726221163],[-71.2499830849999,-34.7165925211163],[-71.2507612649999,-34.7159284421163],[-71.2516425159999,-34.7168223361163],[-71.2525007769999,-34.7163103661163],[-71.2532208529999,-34.7163762981163],[-71.2535197749999,-34.7159102321163],[-71.2540835069999,-34.7154168781163],[-71.2537851419999,-34.7149229451163],[-71.2529594449999,-34.7153519501163],[-71.253210136,-34.7156008481163]]]}},{"type":"Feature","properties":{"id":"6302013055007","commune":"Chépica","code":"06302","gse":"D","quintil":"Q1","nse_score":638.0,"educ":8.4,"educ_score":360.0,"hacin":1.125,"hacin_class":"Hacinamiento Leve","hacin_score":824.5,"auto_score":0.0,"n_per":36,"n_hog":15,"source_year":2024},"geometry":{"type":"Polygon","coordinates":[[[-71.2513495419999,-34.7157824751163],[-71.251650605,-34.7160872111163],[-71.2524564839999,-34.7155638251163],[-71.2521630479999,-34.7152595841163],[-71.2513495419999,-34.7157824751163]]]}},{"type":"Feature","properties":{"id":"6302013055008","commune":"Chépica","code":"06302","gse":"E","quintil":"Q1","nse_score":561.0,"educ":9.6,"educ_score":440.0,"hacin":1.431,"hacin_class":"Hacinamiento Leve","hacin_score":759.4,"auto_score":357.1,"n_per":83,"n_hog":28,"source_year":2024},"geometry":{"type":"Polygon","coordinates":[[[-71.2532607859999,-34.7163985351163],[-71.2539479129999,-34.7167217971163],[-71.2560023059999,-34.7171531971163],[-71.2564524819999,-34.7166907531163],[-71.2618175129999,-34.7177537571163],[-71.2621994009999,-34.7172067231163],[-71.2586114729999,-34.7165514971163],[-71.2544259089999,-34.7156419661163],[-71.254105766,-34.7154497241163],[-71.2535542519999,-34.7159324701163],[-71.2532607859999,-34.7163985351163]]]}},{"type":"Feature","properties":{"id":"6302023099001","commune":"Chépica","code":"06302","gse":"E","quintil":"Q1","nse_score":598.0,"educ":8.8,"educ_score":386.7,"hacin":1.188,"hacin_class":"Hacinamiento Leve","hacin_score":811.2,"auto_score":142.9,"n_per":19,"n_hog":7,"source_year":2024},"geometry":{"type":"Polygon","coordinates":[[[-71.1515475139999,-34.7714007591157],[-71.1508622289999,-34.7714978411157],[-71.1506860579999,-34.7717191421156],[-71.1490604859999,-34.7716100961157],[-71.1484469419999,-34.7717155931157],[-71.1490508389999,-34.7737468331157],[-71.1505309779999,-34.7742798771156],[-71.1499611919999,-34.7723953361156],[-71.1507385869999,-34.7722860261157],[-71.151960002,-34.7718522661157],[-71.1515475139999,-34.7714007591157]]]}},{"type":"Feature","properties":{"id":"6302023099002","commune":"Chépica","code":"06302","gse":"D","quintil":"Q2","nse_score":642.4,"educ":10.1,"educ_score":473.3,"hacin":1.22,"hacin_class":"Hacinamiento Leve","hacin_score":804.4,"auto_score":29.4,"n_per":50,"n_hog":19,"source_year":2024},"geometry":{"type":"Polygon","coordinates":[[[-71.1520433089999,-34.7729348801156],[-71.1514894509999,-34.7721259711156],[-71.1500219439999,-34.7724172601156],[-71.1505941929999,-34.7743026421156],[-71.1515598159999,-34.7746600321156],[-71.1520853359999,-34.7735079711157],[-71.153157813,-34.7736835561156],[-71.1524459439999,-34.7734671181156],[-71.1522179769999,-34.7731989891156],[-71.1522975199999,-34.7728988671156],[-71.1520881269999,-34.7724420111157],[-71.1525309179999,-34.7721796641157],[-71.1522669539999,-34.7717573141157],[-71.1515269929999,-34.7720893241156],[-71.1520433089999,-34.7729348801156]]]}},{"type":"Feature","properties":{"id":"6302023099003","commune":"Chépica","code":"06302","gse":"E","quintil":"Q1","nse_score":560.9,"educ":8.7,"educ_score":380.0,"hacin":1.324,"hacin_class":"Hacinamiento Leve","hacin_score":782.1,"auto_score":100.0,"n_per":94,"n_hog":33,"source_year":2024},"geometry":{"type":"Polygon","coordinates":[[[-71.1529512459999,-34.7744253321157],[-71.1537787329999,-34.7753754691156],[-71.1543830539999,-34.7754984241156],[-71.1543987019999,-34.7753622741156],[-71.1547395879999,-34.7747080231156],[-71.154415233,-34.7755049721156],[-71.1553630079999,-34.7756986301156],[-71.1555662769999,-34.7750952191156],[-71.1554160069999,-34.7757097521156],[-71.1557980969999,-34.7757921701156],[-71.1560878419999,-34.7748599051156],[-71.1567026859999,-34.7749584051156],[-71.1567389069999,-34.7747950691156],[-71.1557831349999,-34.7745204091156],[-71.1546234499999,-34.7743831761156],[-71.1540910649999,-34.7739598561156],[-71.153451861,-34.7740767931156],[-71.1532275289999,-34.7737321991156],[-71.1521182809999,-34.7735562751156],[-71.1516094649999,-34.7746791481156],[-71.1535979259999,-34.7753246331157],[-71.1529512459999,-34.7744253321157]]]}},{"type":"Feature","properties":{"id":"6302023099004","commune":"Chépica","code":"06302","gse":"D","quintil":"Q1","nse_score":612.0,"educ":10.6,"educ_score":506.7,"hacin":1.178,"hacin_class":"Hacinamiento Leve","hacin_score":813.2,"auto_score":211.5,"n_per":53,"n_hog":26,"source_year":2024},"geometry":{"type":"Polygon","coordinates":[[[-71.1582107699999,-34.7750183091157],[-71.1567912549999,-34.7748095121156],[-71.1565208789999,-34.7759508391156],[-71.1575963909999,-34.7762169431156],[-71.1598697219999,-34.7765206691156],[-71.1626423749999,-34.7765432901156],[-71.1625813909999,-34.7760317801156],[-71.1625819799999,-34.7752830371156],[-71.1626752539999,-34.7765471151156],[-71.164219193,-34.7766737271156],[-71.1641396809999,-34.7762930051156],[-71.1642539189999,-34.7766770251156],[-71.1655777409999,-34.7768390971156],[-71.1658285769999,-34.7751078711156],[-71.165610065,-34.7768440501156],[-71.1692218679999,-34.7771461831156],[-71.1692354299999,-34.7766370521156],[-71.169253453,-34.7771481221156],[-71.1729136459999,-34.7776072261156],[-71.1726150569999,-34.7770375541156],[-71.1712802609999,-34.7773438651156],[-71.1699120069999,-34.7764014521156],[-71.1672554889999,-34.7748981281156],[-71.1656671019999,-34.7748587911156],[-71.1640726779999,-34.7742876251156],[-71.1629590429999,-34.7745283051156],[-71.1623365159999,-34.7754409201156],[-71.1617440719999,-34.7757534661156],[-71.1602893899999,-34.7760497651156],[-71.1592436899999,-34.7759376001156],[-71.1582107699999,-34.7750183091157]]]}},{"type":"Feature","properties":{"id":"6302023099005","commune":"Chépica","code":"06302","gse":"E","quintil":"Q1","nse_score":592.1,"educ":8.3,"educ_score":353.3,"hacin":1.267,"hacin_class":"Hacinamiento Leve","hacin_score":794.3,"auto_score":125.0,"n_per":19,"n_hog":8,"source_year":2024},"geometry":{"type":"Polygon","coordinates":[[[-71.172946523,-34.7776109371156],[-71.1752860439999,-34.7778490411156],[-71.1770765529999,-34.7773821851156],[-71.1768841109999,-34.7765251621156],[-71.1766261569999,-34.7762170661156],[-71.1766406559999,-34.7758988561156],[-71.1767934829999,-34.7756800431156],[-71.1767879559999,-34.7751095061156],[-71.1765690569999,-34.7746181541156],[-71.1757248659999,-34.7750067291156],[-71.1755863409999,-34.7753427771156],[-71.1740922319999,-34.7758463821156],[-71.172963148,-34.7768862881156],[-71.1726449479999,-34.7770256931156],[-71.172946523,-34.7776109371156]]]}},{"type":"Feature","properties":{"id":"6302023099006","commune":"Chépica","code":"06302","gse":"D","quintil":"Q1","nse_score":619.6,"educ":9.4,"educ_score":426.7,"hacin":1.385,"hacin_class":"Hacinamiento Leve","hacin_score":769.2,"auto_score":181.8,"n_per":36,"n_hog":12,"source_year":2024},"geometry":{"type":"Polygon","coordinates":[[[-71.1558506539999,-34.7758045011156],[-71.1564680469999,-34.7759389651156],[-71.1566921029999,-34.7750026281156],[-71.1561290909999,-34.7749006981156],[-71.1558506539999,-34.7758045011156]]]}},{"type":"Feature","properties":{"id":"6302023099007","commune":"Chépica","code":"06302","gse":"D","quintil":"Q1","nse_score":623.5,"educ":11.9,"educ_score":593.3,"hacin":1.143,"hacin_class":"Hacinamiento Leve","hacin_score":820.7,"auto_score":500.0,"n_per":16,"n_hog":5,"source_year":2024},"geometry":{"type":"Polygon","coordinates":[[[-71.1773718149999,-34.7773014311156],[-71.1773021149999,-34.7769930831156],[-71.1774032099999,-34.7772928451156],[-71.1784515379999,-34.7770061321156],[-71.178236534,-34.7760677191156],[-71.178083839,-34.7760051101156],[-71.1779810799999,-34.7755991691156],[-71.1777381719999,-34.7754667461156],[-71.1776073279999,-34.7751600871156],[-71.1768422779999,-34.7751046821156],[-71.1767052839999,-34.7763268081156],[-71.176935866,-34.7765104491156],[-71.1771288899999,-34.7773678711156],[-71.1773718149999,-34.7773014311156]]]}},{"type":"Feature","properties":{"id":"6302023099008","commune":"Chépica","code":"06302","gse":"D","quintil":"Q1","nse_score":623.8,"educ":10.1,"educ_score":473.3,"hacin":1.13,"hacin_class":"Hacinamiento Leve","hacin_score":823.3,"auto_score":625.0,"n_per":26,"n_hog":8,"source_year":2024},"geometry":{"type":"Polygon","coordinates":[[[-71.1560002669999,-34.7779709101156],[-71.1565394879999,-34.7782428721156],[-71.1575533149999,-34.7784412721156],[-71.1598993559999,-34.7786049371156],[-71.1598373979999,-34.7765804401156],[-71.1575805519999,-34.7762786931156],[-71.1564950389999,-34.7760103161156],[-71.1560002669999,-34.7779709101156]]]}},{"type":"Feature","properties":{"id":"6302023099009","commune":"Chépica","code":"06302","gse":"E","quintil":"Q1","nse_score":600.9,"educ":9.9,"educ_score":460.0,"hacin":1.429,"hacin_class":"Hacinamiento Leve","hacin_score":759.9,"auto_score":277.8,"n_per":40,"n_hog":18,"source_year":2024},"geometry":{"type":"Polygon","coordinates":[[[-71.1612084269999,-34.7772400811156],[-71.1611966569999,-34.7765648991156],[-71.1607297219999,-34.7765760061156],[-71.1606934119999,-34.7773040281156],[-71.1606023009999,-34.7776348251156],[-71.1606867249999,-34.7765770281156],[-71.1598918759999,-34.7765848711156],[-71.15994674,-34.7782850051156],[-71.1612130519999,-34.7785042411156],[-71.1599520529999,-34.7783429921156],[-71.1622657519999,-34.7787443921156],[-71.1617724539999,-34.7780723671156],[-71.1636391159999,-34.7780608141156],[-71.1638039339999,-34.7788392731156],[-71.1648354869999,-34.7787446261156],[-71.1642602849999,-34.7767411401156],[-71.1612294629999,-34.7765641191156],[-71.1612084269999,-34.7772400811156]]]}},{"type":"Feature","properties":{"id":"6302023099010","commune":"Chépica","code":"06302","gse":"E","quintil":"Q1","nse_score":584.2,"educ":9.5,"educ_score":433.3,"hacin":1.094,"hacin_class":"Hacinamiento Leve","hacin_score":831.1,"auto_score":153.8,"n_per":35,"n_hog":13,"source_year":2024},"geometry":{"type":"Polygon","coordinates":[[[-71.1647109309999,-34.7780477641156],[-71.1658911039999,-34.7779155681155],[-71.1673113669999,-34.7774421351156],[-71.1676726569999,-34.7783391081156],[-71.1698378509999,-34.7781341601156],[-71.1694460809999,-34.7772232161156],[-71.1681416589999,-34.7771538201156],[-71.1683144379999,-34.7781017381156],[-71.1681037629999,-34.7771523911156],[-71.167508918,-34.7771302131156],[-71.1676438239999,-34.7777643441156],[-71.1674750339999,-34.7771289501156],[-71.1643182339999,-34.7767466431156],[-71.1647109309999,-34.7780477641156]]]}},{"type":"Feature","properties":{"id":"6302023099011","commune":"Chépica","code":"06302","gse":"E","quintil":"Q1","nse_score":601.4,"educ":9.6,"educ_score":440.0,"hacin":1.326,"hacin_class":"Hacinamiento Leve","hacin_score":781.7,"auto_score":170.5,"n_per":122,"n_hog":46,"source_year":2024},"geometry":{"type":"Polygon","coordinates":[[[-71.1712988699999,-34.7818832321155],[-71.1724825179999,-34.7820037901155],[-71.1729233279999,-34.7815992381156],[-71.1743813679999,-34.7810908631155],[-71.174664419,-34.7811939901156],[-71.1753721179999,-34.7805637791155],[-71.1756334719999,-34.7801398871156],[-71.1763997829999,-34.7800947811156],[-71.1760812869999,-34.7797112901156],[-71.1752792679999,-34.7779119021156],[-71.1728498849999,-34.7776637071156],[-71.1735806169999,-34.7792891451156],[-71.1727876409999,-34.7776566811156],[-71.1711258109999,-34.7774640871156],[-71.1718640739999,-34.7793904541156],[-71.1720097149999,-34.7801039571156],[-71.1710637779999,-34.7774547401156],[-71.1695056089999,-34.7772268701156],[-71.1705764169999,-34.7797167141156],[-71.1712988699999,-34.7818832321155]]]}},{"type":"Feature","properties":{"id":"6302053087001","commune":"Chépica","code":"06302","gse":"E","quintil":"Q1","nse_score":560.5,"educ":7.8,"educ_score":320.0,"hacin":1.097,"hacin_class":"Hacinamiento Leve","hacin_score":830.5,"auto_score":291.7,"n_per":34,"n_hog":12,"source_year":2024},"geometry":{"type":"Polygon","coordinates":[[[-71.2303786989999,-34.7856276551155],[-71.231248176,-34.7821027231155],[-71.2302147939999,-34.7819549721155],[-71.2293459189999,-34.7854790121155],[-71.2303786989999,-34.7856276551155]]]}},{"type":"Feature","properties":{"id":"6302053087002","commune":"Chépica","code":"06302","gse":"E","quintil":"Q1","nse_score":602.4,"educ":9.0,"educ_score":400.0,"hacin":1.296,"hacin_class":"Hacinamiento Leve","hacin_score":788.2,"auto_score":58.8,"n_per":57,"n_hog":17,"source_year":2024},"geometry":{"type":"Polygon","coordinates":[[[-71.2297101699999,-34.7836879201155],[-71.2285738239999,-34.7834964201155],[-71.2279678959999,-34.7858236791155],[-71.2272022299999,-34.7864687731155],[-71.2275519449999,-34.7870032921155],[-71.2274894699999,-34.7873253791155],[-71.2289298299999,-34.7875979551155],[-71.2289499749999,-34.7868071251155],[-71.228496086,-34.7867290481155],[-71.2283459499999,-34.7863531521155],[-71.2285195969999,-34.7867069381155],[-71.2289558879999,-34.7867805241155],[-71.2291700019999,-34.7858193531155],[-71.2283819269999,-34.7855959691155],[-71.2291794179999,-34.7857814611155],[-71.2292602649999,-34.7854646731155],[-71.2285034249999,-34.7853166931155],[-71.22926702,-34.7854382061155],[-71.2293324539999,-34.7851818131155],[-71.2285719139999,-34.7850503471155],[-71.2293392059999,-34.7851553531155],[-71.2295391929999,-34.7843710351155],[-71.2286794179999,-34.7842271261155],[-71.2295459389999,-34.7843445751155],[-71.2296898649999,-34.7837694671155],[-71.2291483049999,-34.7836817681155],[-71.2297101699999,-34.7836879201155]]]}},{"type":"Feature","properties":{"id":"6302053087003","commune":"Chépica","code":"06302","gse":"D","quintil":"Q2","nse_score":640.3,"educ":11.0,"educ_score":533.3,"hacin":1.444,"hacin_class":"Hacinamiento Leve","hacin_score":756.5,"auto_score":291.7,"n_per":39,"n_hog":12,"source_year":2024},"geometry":{"type":"Polygon","coordinates":[[[-71.2293369099999,-34.7855143111155],[-71.2289760389999,-34.7870882941155],[-71.2292795629999,-34.7892119641155],[-71.2290990939999,-34.7898162461154],[-71.229324705,-34.7899717721155],[-71.2297796659999,-34.7909399601155],[-71.2303498659999,-34.7892517951154],[-71.2300312589999,-34.7871385541155],[-71.2301778139999,-34.7864780351155],[-71.233280583,-34.7868706771155],[-71.233261878,-34.7860195971155],[-71.2293369099999,-34.7855143111155]]]}},{"type":"Feature","properties":{"id":"6302053087004","commune":"Chépica","code":"06302","gse":"D","quintil":"Q2","nse_score":651.5,"educ":10.7,"educ_score":513.3,"hacin":1.3,"hacin_class":"Hacinamiento Leve","hacin_score":787.2,"auto_score":350.0,"n_per":39,"n_hog":10,"source_year":2024},"geometry":{"type":"Polygon","coordinates":[[[-71.2281910799999,-34.7916727211154],[-71.2260603929999,-34.7920611631154],[-71.2257774009999,-34.7927515081154],[-71.2256249199999,-34.7941998321154],[-71.2265769179999,-34.7946656791154],[-71.2275745899999,-34.7929168651154],[-71.2266941549999,-34.7927901251154],[-71.2275898309999,-34.7928912971154],[-71.2279363639999,-34.7923168051154],[-71.2265862749999,-34.7924289601154],[-71.2264379519999,-34.7924115811155],[-71.2262630409999,-34.7922264191154],[-71.2265884109999,-34.7924019301154],[-71.227951748,-34.7922918821154],[-71.2284124439999,-34.7914000671154],[-71.2291913129999,-34.7892112041155],[-71.2289538399999,-34.7878915381155],[-71.2282672679999,-34.7878112001155],[-71.2289512239999,-34.7878639231154],[-71.2289320099999,-34.7876249401155],[-71.2274841529999,-34.7873526911155],[-71.2271184049999,-34.7904093331155],[-71.2277280879999,-34.7906693181154],[-71.2280561299999,-34.7910194171154],[-71.2281910799999,-34.7916727211154]]]}},{"type":"Feature","properties":{"id":"6302053087005","commune":"Chépica","code":"06302","gse":"D","quintil":"Q2","nse_score":646.0,"educ":11.2,"educ_score":546.7,"hacin":0.812,"hacin_class":"Sin Hacinamiento","hacin_score":891.0,"auto_score":500.0,"n_per":13,"n_hog":5,"source_year":2024},"geometry":{"type":"Polygon","coordinates":[[[-71.2277678279999,-34.7935243031154],[-71.2275869379999,-34.7935807141154],[-71.2273122949999,-34.7935202931154],[-71.2269986579999,-34.7940501151154],[-71.2279964399999,-34.7943333971154],[-71.2292163099999,-34.7923089401154],[-71.2297527269999,-34.7910073611154],[-71.2292773619999,-34.7899947421154],[-71.2290852259999,-34.7898619631155],[-71.2282547739999,-34.7919593271154],[-71.2273270359999,-34.7934955641154],[-71.2277678279999,-34.7935243031154]]]}},{"type":"Feature","properties":{"id":"6302053087006","commune":"Chépica","code":"06302","gse":"D","quintil":"Q1","nse_score":631.1,"educ":9.3,"educ_score":420.0,"hacin":0.936,"hacin_class":"Sin Hacinamiento","hacin_score":864.6,"auto_score":166.7,"n_per":59,"n_hog":28,"source_year":2024},"geometry":{"type":"Polygon","coordinates":[[[-71.2261146709999,-34.7967786571154],[-71.2256979409999,-34.7965746491154],[-71.2253214649999,-34.7972868671154],[-71.2238672199999,-34.8015237781153],[-71.2235620089999,-34.8019147141153],[-71.2244072239999,-34.8024299751153],[-71.2248410969999,-34.8018771101153],[-71.2262002079999,-34.7978184251154],[-71.2279721429999,-34.7943741581154],[-71.2269766969999,-34.7940915391154],[-71.2262116629999,-34.7955448501154],[-71.2268208089999,-34.7959777351154],[-71.2261983069999,-34.7955707371154],[-71.2258850299999,-34.7961779221154],[-71.2263749199999,-34.7963787591154],[-71.2258722169999,-34.7962028631154],[-71.2257099289999,-34.7965490741154],[-71.2261146709999,-34.7967786571154]]]}},{"type":"Feature","properties":{"id":"6302053087007","commune":"Chépica","code":"06302","gse":"E","quintil":"Q1","nse_score":603.3,"educ":9.1,"educ_score":406.7,"hacin":1.231,"hacin_class":"Hacinamiento Leve","hacin_score":802.0,"auto_score":62.5,"n_per":16,"n_hog":8,"source_year":2024},"geometry":{"type":"Polygon","coordinates":[[[-71.2253966869999,-34.7956396831154],[-71.2249411039999,-34.7956138691154],[-71.2243748089999,-34.7967350971154],[-71.2253190389999,-34.7971131471154],[-71.2265636839999,-34.7946906421154],[-71.2256151919999,-34.7942265101154],[-71.2254171469999,-34.7947730311154],[-71.2253966869999,-34.7956396831154]]]}},{"type":"Feature","properties":{"id":"6302053087008","commune":"Chépica","code":"06302","gse":"E","quintil":"Q1","nse_score":600.1,"educ":9.9,"educ_score":460.0,"hacin":1.38,"hacin_class":"Hacinamiento Leve","hacin_score":770.2,"auto_score":200.0,"n_per":69,"n_hog":19,"source_year":2024},"geometry":{"type":"Polygon","coordinates":[[[-71.2201930359999,-34.8022569871153],[-71.2197013939999,-34.8028934911153],[-71.220460596,-34.8032776141153],[-71.2207235789999,-34.8029489751153],[-71.2201701549999,-34.8025946431153],[-71.2211466979999,-34.8031246871153],[-71.2207692199999,-34.8029737481153],[-71.2205061679999,-34.8033024721153],[-71.2215555729999,-34.8038209351153],[-71.2225630179999,-34.8027556871153],[-71.2218959859999,-34.8023565801153],[-71.2225845809999,-34.8027351821153],[-71.22348883,-34.8018752731153],[-71.2237852169999,-34.8014976041153],[-71.224873784,-34.7981774861153],[-71.2243096619999,-34.7979866081153],[-71.2248835929999,-34.7981515801154],[-71.2253057739999,-34.7971378851154],[-71.2243615279999,-34.7967598651154],[-71.2226482239999,-34.8013541461153],[-71.221161359,-34.8028279461153],[-71.2201930359999,-34.8022569871153]]]}},{"type":"Feature","properties":{"id":"6302053087011","commune":"Chépica","code":"06302","gse":"E","quintil":"Q1","nse_score":599.3,"educ":9.5,"educ_score":433.3,"hacin":1.286,"hacin_class":"Hacinamiento Leve","hacin_score":790.3,"auto_score":333.3,"n_per":27,"n_hog":10,"source_year":2024},"geometry":{"type":"Polygon","coordinates":[[[-71.218725806,-34.8055037071153],[-71.2194777449999,-34.8061167091152],[-71.2215218439999,-34.8038568361153],[-71.2206134499999,-34.8034111531153],[-71.218725806,-34.8055037071153]]]}},{"type":"Feature","properties":{"id":"6302053087012","commune":"Chépica","code":"06302","gse":"D","quintil":"Q1","nse_score":607.4,"educ":9.9,"educ_score":460.0,"hacin":1.5,"hacin_class":"Hacinamiento Medio","hacin_score":744.7,"auto_score":200.0,"n_per":12,"n_hog":5,"source_year":2024},"geometry":{"type":"Polygon","coordinates":[[[-71.2205659099999,-34.8050435631152],[-71.2215480639999,-34.8054022921153],[-71.2222395349999,-34.8046258671153],[-71.2213419639999,-34.8041721711153],[-71.2205659099999,-34.8050435631152]]]}},{"type":"Feature","properties":{"id":"6302053087013","commune":"Chépica","code":"06302","gse":"D","quintil":"Q2","nse_score":639.7,"educ":11.4,"educ_score":560.0,"hacin":1.308,"hacin_class":"Hacinamiento Leve","hacin_score":785.6,"auto_score":700.0,"n_per":17,"n_hog":4,"source_year":2024},"geometry":{"type":"Polygon","coordinates":[[[-71.22150683,-34.8054485931153],[-71.2205314709999,-34.8050822321153],[-71.2189945129999,-34.8067541341153],[-71.2183655759999,-34.8072021581153],[-71.2193427029999,-34.8076973921153],[-71.22150683,-34.8054485931153]]]}},{"type":"Feature","properties":{"id":"6302053087014","commune":"Chépica","code":"06302","gse":"E","quintil":"Q1","nse_score":590.4,"educ":8.7,"educ_score":380.0,"hacin":1.55,"hacin_class":"Hacinamiento Medio","hacin_score":734.0,"auto_score":227.3,"n_per":31,"n_hog":11,"source_year":2024},"geometry":{"type":"Polygon","coordinates":[[[-71.2154175589999,-34.8077231381152],[-71.2167403969999,-34.8080370101153],[-71.2185843009999,-34.8069964901153],[-71.2194576229999,-34.8061383231153],[-71.2187056839999,-34.8055253201153],[-71.21791314,-34.8063251981153],[-71.2154175589999,-34.8077231381152]]]}},{"type":"Feature","properties":{"id":"6302053087015","commune":"Chépica","code":"06302","gse":"E","quintil":"Q1","nse_score":550.6,"educ":8.3,"educ_score":353.3,"hacin":1.133,"hacin_class":"Hacinamiento Leve","hacin_score":822.7,"auto_score":125.0,"n_per":17,"n_hog":7,"source_year":2024},"geometry":{"type":"Polygon","coordinates":[[[-71.2152654379999,-34.8090892021152],[-71.2152237329999,-34.8097286771152],[-71.2165227779999,-34.8096958551152],[-71.2164673929999,-34.8100710681152],[-71.2175553569999,-34.8100308211152],[-71.2176304929999,-34.8094971681152],[-71.2166364689999,-34.8095001041152],[-71.2165644849999,-34.8096723661152],[-71.2157309849999,-34.8096932071152],[-71.215763406,-34.8091797291152],[-71.2187752329999,-34.8074758141152],[-71.2183362619999,-34.8072181391152],[-71.2154677849999,-34.8087750391153],[-71.2152654379999,-34.8090892021152]]]}},{"type":"Feature","properties":{"id":"6302053087016","commune":"Chépica","code":"06302","gse":"E","quintil":"Q1","nse_score":570.2,"educ":7.5,"educ_score":300.0,"hacin":1.394,"hacin_class":"Hacinamiento Leve","hacin_score":767.2,"auto_score":66.7,"n_per":46,"n_hog":17,"source_year":2024},"geometry":{"type":"Polygon","coordinates":[[[-71.2129705809999,-34.8135538721152],[-71.2136550369999,-34.8122404511152],[-71.2145899509999,-34.8111387751152],[-71.2137845929999,-34.8106932191152],[-71.2146082379999,-34.8111163321152],[-71.2149606859999,-34.8105460341152],[-71.2151789319999,-34.8090758551152],[-71.2154857539999,-34.8086831351153],[-71.2150836019999,-34.8087090381153],[-71.2154159389999,-34.8086088691152],[-71.215288428,-34.8084520711152],[-71.2152310209999,-34.8082810801152],[-71.2155143819999,-34.8086694601152],[-71.2158315849999,-34.8085483861152],[-71.2155083709999,-34.8082692751152],[-71.2157296699999,-34.8081366891152],[-71.2155498369999,-34.8082688561152],[-71.2158651249999,-34.8085381061153],[-71.2167087429999,-34.8080575491153],[-71.2153842349999,-34.8077419641153],[-71.2144714899999,-34.8083097701152],[-71.2141418959999,-34.8088452791153],[-71.2139829819999,-34.8102234331152],[-71.2127569819999,-34.8117867531152],[-71.2118626219999,-34.8135461061152],[-71.2129705809999,-34.8135538721152]]]}},{"type":"Feature","properties":{"id":"6302053087017","commune":"Chépica","code":"06302","gse":"E","quintil":"Q1","nse_score":595.7,"educ":8.7,"educ_score":380.0,"hacin":1.182,"hacin_class":"Hacinamiento Leve","hacin_score":812.4,"auto_score":227.3,"n_per":26,"n_hog":11,"source_year":2024},"geometry":{"type":"Polygon","coordinates":[[[-71.2157115369999,-34.8107096721152],[-71.214985355,-34.8106657941152],[-71.2137308229999,-34.8122766251152],[-71.2130610429999,-34.8135604861152],[-71.2141550339999,-34.8137270881152],[-71.2142058159999,-34.8132472481152],[-71.2143422249999,-34.8131365801152],[-71.2146506369999,-34.8131985801152],[-71.2149571929999,-34.8129360601152],[-71.2148979549999,-34.8117696501152],[-71.2156967609999,-34.8116739621152],[-71.2159275539999,-34.8109169761152],[-71.2164810779999,-34.8105147221152],[-71.2168821839999,-34.8105505901152],[-71.2168953479999,-34.8104018311152],[-71.2175064279999,-34.8103783361152],[-71.2175502429999,-34.8100671381152],[-71.2164645219999,-34.8101071971152],[-71.2163891359999,-34.8104539191152],[-71.2164981209999,-34.8097300261152],[-71.215220471,-34.8097649701152],[-71.2150061939999,-34.8106317241152],[-71.2157115369999,-34.8107096721152]]]}},{"type":"Feature","properties":{"id":"6302053087009","commune":"Chépica","code":"06302","gse":"E","quintil":"Q1","nse_score":575.1,"educ":10.2,"educ_score":480.0,"hacin":1.087,"hacin_class":"Hacinamiento Leve","hacin_score":832.6,"auto_score":333.3,"n_per":25,"n_hog":9,"source_year":2024},"geometry":{"type":"MultiPolygon","coordinates":[[[[-71.2235203539999,-34.8033410881153],[-71.2248144369999,-34.8041475151153],[-71.2255989989999,-34.8034271091153],[-71.2243321579999,-34.8025581741153],[-71.2235203539999,-34.8033410881153]]],[[[-71.2235406789999,-34.8019360101153],[-71.221375442,-34.8041345801153],[-71.2222778099999,-34.8045828901153],[-71.2243866309999,-34.8024520571153],[-71.2235406789999,-34.8019360101153]]]]}}]}