{"type":"FeatureCollection","features":[{"type":"Feature","properties":{"id":"5605011001001","commune":"El Tabo","code":"05605","gse":"D","quintil":"Q2","nse_score":666.9,"educ":11.0,"educ_score":533.3,"hacin":1.389,"hacin_class":"Hacinamiento Leve","hacin_score":768.3,"auto_score":153.8,"n_per":25,"n_hog":14,"source_year":2024},"geometry":{"type":"Polygon","coordinates":[[[-71.6477318439999,-33.4411586331319],[-71.6466437669999,-33.4419817421318],[-71.6458927859999,-33.4420190331319],[-71.6456425969999,-33.4424069511319],[-71.6441891759999,-33.4432456321319],[-71.6436642739999,-33.4432143231318],[-71.6434190779999,-33.4434887741318],[-71.6434196579999,-33.4437863201318],[-71.6425258109999,-33.4444075881318],[-71.6414094349999,-33.4454941021318],[-71.6406746709999,-33.4464324771318],[-71.641194401,-33.4462728781318],[-71.6421682019999,-33.4451894201318],[-71.6438565149999,-33.4441776751318],[-71.6445326479999,-33.4440729801318],[-71.6472190399999,-33.4443781541318],[-71.6476166729999,-33.4439781551319],[-71.6483007679999,-33.4438115921318],[-71.6481382769999,-33.4435535931318],[-71.6478029499999,-33.4437751751318],[-71.6474173979999,-33.4439569931318],[-71.6470302149999,-33.4430247281319],[-71.6475081449999,-33.4439088581318],[-71.6481135899999,-33.4435145511319],[-71.6472846599999,-33.4427692371318],[-71.6481591449999,-33.4434576071318],[-71.6484617779999,-33.4430681431318],[-71.6478460229999,-33.4424896421318],[-71.6485280359999,-33.4430342161318],[-71.6488494189999,-33.4426945601319],[-71.6484202049999,-33.4422850701319],[-71.6489001819999,-33.4426461181318],[-71.6495855459999,-33.4418841561319],[-71.6498380269999,-33.4417049861319],[-71.648186688,-33.4435148821318],[-71.6483598449999,-33.4436777751318],[-71.6490031269999,-33.4433149541319],[-71.6505432139999,-33.4417064831319],[-71.6513642479999,-33.4397448171319],[-71.6507716899999,-33.4397093961319],[-71.6490485689999,-33.4408402941319],[-71.6477318439999,-33.4411586331319]]]}},{"type":"Feature","properties":{"id":"5605011001002","commune":"El Tabo","code":"05605","gse":"C3","quintil":"Q2","nse_score":679.4,"educ":11.1,"educ_score":540.0,"hacin":0.731,"hacin_class":"Sin Hacinamiento","hacin_score":908.3,"auto_score":0.0,"n_per":19,"n_hog":10,"source_year":2024},"geometry":{"type":"Polygon","coordinates":[[[-71.6513642479999,-33.4397448171319],[-71.6505432139999,-33.4417064831319],[-71.6490031269999,-33.4433149541319],[-71.6483598449999,-33.4436777751318],[-71.649281287,-33.4438178671319],[-71.649361241,-33.4433841451318],[-71.6493388059999,-33.4438193241318],[-71.6498711209999,-33.4438467771318],[-71.6499423179999,-33.4432274351318],[-71.6495549699999,-33.4431791971319],[-71.6499467119999,-33.4431944491318],[-71.6500911699999,-33.4427741731318],[-71.6506541539999,-33.4427411631318],[-71.650907017,-33.4418396771319],[-71.6513950659999,-33.4417708221319],[-71.6514184649999,-33.4421088631318],[-71.6518328329999,-33.4421779711318],[-71.6520973989999,-33.4421771371318],[-71.6522581579999,-33.4418318401319],[-71.6526504999999,-33.4418850221319],[-71.6525233199999,-33.4432238121318],[-71.6509568109999,-33.4437232321319],[-71.6505358119999,-33.4438992081318],[-71.6505172209999,-33.4440208011319],[-71.6529801479999,-33.4434604421319],[-71.6536888309999,-33.4431506551318],[-71.6544198549999,-33.4425713921318],[-71.6553201679999,-33.4411279571319],[-71.6540142389999,-33.4406383111319],[-71.6528476919999,-33.4405718461319],[-71.6522607899999,-33.4404021491319],[-71.6513642479999,-33.4397448171319]]]}},{"type":"Feature","properties":{"id":"5605011001003","commune":"El Tabo","code":"05605","gse":"D","quintil":"Q1","nse_score":640.4,"educ":10.4,"educ_score":493.3,"hacin":1.216,"hacin_class":"Hacinamiento Leve","hacin_score":805.1,"auto_score":169.2,"n_per":135,"n_hog":58,"source_year":2024},"geometry":{"type":"Polygon","coordinates":[[[-71.6566966629999,-33.4470599941318],[-71.6574287379999,-33.4472645851318],[-71.6577476659999,-33.4460250411318],[-71.6569836429999,-33.4457709811318],[-71.6577615239999,-33.4459840991318],[-71.6581705019999,-33.4452574481318],[-71.6571403149999,-33.4447756361318],[-71.6581963809999,-33.4452283711318],[-71.6583987269999,-33.4450034151318],[-71.6584514849999,-33.4449235491318],[-71.6573900589999,-33.4444187241318],[-71.65846676,-33.4448892841318],[-71.6585890189999,-33.4444711771319],[-71.6576322669999,-33.4440532001318],[-71.6585934409999,-33.4444337731318],[-71.6586255399999,-33.4441531181318],[-71.6579686789999,-33.4438161961318],[-71.6579883379999,-33.4436477931319],[-71.6580000139999,-33.4437900651318],[-71.6586339129999,-33.4441175871318],[-71.6587808429999,-33.4438762731318],[-71.6586147059999,-33.4431950611318],[-71.6586313619999,-33.4429761501318],[-71.6587541839999,-33.4432899841318],[-71.6590945889999,-33.4433562131319],[-71.6596868229999,-33.4413231351319],[-71.6581157299999,-33.4413590991319],[-71.6553201679999,-33.4411279571319],[-71.6544198549999,-33.4425713921318],[-71.6536888309999,-33.4431506551318],[-71.6529801479999,-33.4434604421319],[-71.6505172209999,-33.4440208011319],[-71.650494008,-33.4443263261318],[-71.6520978849999,-33.4439136001318],[-71.6526749069999,-33.4440809051318],[-71.6524416099999,-33.4443814051318],[-71.6516916949999,-33.4446590411318],[-71.6529329969999,-33.4448812361318],[-71.6536271249999,-33.4452178401318],[-71.6539423699999,-33.4446803121318],[-71.652776608,-33.4441308171318],[-71.6530447439999,-33.4438390851318],[-71.653212746,-33.4438185481319],[-71.6543246959999,-33.4441389481318],[-71.6544540009999,-33.4438599161318],[-71.6538374229999,-33.4436409701318],[-71.654493408,-33.4438241591318],[-71.654654622,-33.4434894071319],[-71.6541693799999,-33.4432621641318],[-71.654694462,-33.4434658111319],[-71.6552242259999,-33.4424122961318],[-71.6549771189999,-33.4429889701318],[-71.6563462809999,-33.4435535331318],[-71.6565600569999,-33.4431804591319],[-71.6558732519999,-33.4428710301318],[-71.6565796619999,-33.4431483891318],[-71.6567659139999,-33.4427576401319],[-71.6560977809999,-33.4424415991318],[-71.6567829989999,-33.4427244551319],[-71.6570600179999,-33.4424733961319],[-71.6579025859999,-33.4426663171318],[-71.658002,-33.4425922971318],[-71.6558574189999,-33.4465687441318],[-71.6565926039999,-33.4470055921318],[-71.6569800739999,-33.4462421151318],[-71.6566966629999,-33.4470599941318]]]}},{"type":"Feature","properties":{"id":"5605011001004","commune":"El Tabo","code":"05605","gse":"C3","quintil":"Q3","nse_score":708.8,"educ":12.7,"educ_score":646.7,"hacin":1.157,"hacin_class":"Hacinamiento Leve","hacin_score":817.7,"auto_score":181.0,"n_per":199,"n_hog":86,"source_year":2024},"geometry":{"type":"Polygon","coordinates":[[[-71.6596890959999,-33.4413231961319],[-71.6591517219999,-33.4433844791318],[-71.6593420229999,-33.4434679491319],[-71.659460996,-33.4433406481318],[-71.6593503509999,-33.4435084001318],[-71.6587289999999,-33.4433424001318],[-71.6588448559999,-33.4438603251318],[-71.6600159159999,-33.4441371641318],[-71.6604400339999,-33.4438474321318],[-71.6597786409999,-33.4436811231318],[-71.6600744749999,-33.4437467071318],[-71.660214144,-33.4434735271318],[-71.6606348389999,-33.4436703671318],[-71.6607989979999,-33.4435176051319],[-71.6611092289999,-33.4434829381318],[-71.661022483,-33.4431600901318],[-71.6612212049999,-33.4434902881318],[-71.6620736439999,-33.4437511051318],[-71.6612311719999,-33.4435516401319],[-71.6612738659999,-33.4440364911319],[-71.6611109399999,-33.4447955031318],[-71.6613806689999,-33.4450329801318],[-71.6619202619999,-33.4447546471318],[-71.6625768259999,-33.4446529191318],[-71.6625867529999,-33.4446806181318],[-71.6623821589999,-33.4447024451319],[-71.6626531709999,-33.4450744121318],[-71.6623465859999,-33.4447069811318],[-71.6614823329999,-33.4450187031318],[-71.662751495,-33.4455504351318],[-71.6614554959999,-33.4450376381318],[-71.661177145,-33.4454544971318],[-71.6610249109999,-33.4457477631318],[-71.6621886219999,-33.4460379461318],[-71.6610130119999,-33.4457730061318],[-71.6608654259999,-33.4461109861318],[-71.6620772999999,-33.4464086941318],[-71.6608553169999,-33.4461366701318],[-71.6608747469999,-33.4464924661318],[-71.661795218,-33.4467242621318],[-71.6608864749999,-33.4465236451318],[-71.6610694549999,-33.4471368171318],[-71.6609408899999,-33.4477368991318],[-71.6613118209999,-33.4478255131318],[-71.6617593999999,-33.4470108131318],[-71.6613548559999,-33.4478323321318],[-71.6626051419999,-33.4481582801317],[-71.6632606079999,-33.4469846031318],[-71.6635963359999,-33.4468397451318],[-71.6639379689999,-33.4469347261318],[-71.6641125319999,-33.4465040471318],[-71.6641729659999,-33.4465946441318],[-71.663967065,-33.4469677811318],[-71.6638619469999,-33.4470000541318],[-71.6653572779999,-33.4476053831318],[-71.6662079339999,-33.4474538121318],[-71.6669884789999,-33.4452011431318],[-71.663508696,-33.4440948371319],[-71.6641416449999,-33.4423862661318],[-71.6633944449999,-33.4424787541318],[-71.6625023949999,-33.4424134881319],[-71.6596890959999,-33.4413231961319]]]}},{"type":"Feature","properties":{"id":"5605011001006","commune":"El Tabo","code":"05605","gse":"D","quintil":"Q1","nse_score":622.5,"educ":8.4,"educ_score":360.0,"hacin":0.636,"hacin_class":"Sin Hacinamiento","hacin_score":928.4,"auto_score":100.0,"n_per":7,"n_hog":4,"source_year":2024},"geometry":{"type":"Polygon","coordinates":[[[-71.6522532109999,-33.4418800801318],[-71.6518634119999,-33.4434166101318],[-71.651871405,-33.4434367941318],[-71.6524576739999,-33.4432554301319],[-71.6526053779999,-33.4419145211319],[-71.6522532109999,-33.4418800801318]]]}},{"type":"Feature","properties":{"id":"5605011001007","commune":"El Tabo","code":"05605","gse":"C2","quintil":"Q4","nse_score":778.8,"educ":14.6,"educ_score":773.3,"hacin":0.778,"hacin_class":"Sin Hacinamiento","hacin_score":898.3,"auto_score":142.9,"n_per":7,"n_hog":6,"source_year":2024},"geometry":{"type":"Polygon","coordinates":[[[-71.6512353169999,-33.4435883871318],[-71.6518186359999,-33.4433964411319],[-71.6520443609999,-33.4423287011319],[-71.6518860169999,-33.4422170441319],[-71.6514139269999,-33.4422050201319],[-71.6512353169999,-33.4435883871318]]]}},{"type":"Feature","properties":{"id":"5605011001011","commune":"El Tabo","code":"05605","gse":"C3","quintil":"Q2","nse_score":696.6,"educ":10.5,"educ_score":500.0,"hacin":0.875,"hacin_class":"Sin Hacinamiento","hacin_score":877.7,"auto_score":111.1,"n_per":21,"n_hog":9,"source_year":2024},"geometry":{"type":"Polygon","coordinates":[[[-71.6549743429999,-33.4439242511318],[-71.6553602349999,-33.4433250441318],[-71.6550312069999,-33.4430575771318],[-71.6546119499999,-33.4437518811319],[-71.6549743429999,-33.4439242511318]]]}},{"type":"Feature","properties":{"id":"5605011001016","commune":"El Tabo","code":"05605","gse":"E","quintil":"Q1","nse_score":607.5,"educ":10.4,"educ_score":493.3,"hacin":0.923,"hacin_class":"Sin Hacinamiento","hacin_score":867.4,"auto_score":50.0,"n_per":12,"n_hog":9,"source_year":2024},"geometry":{"type":"Polygon","coordinates":[[[-71.6610850289999,-33.4455020541318],[-71.6613068899999,-33.4450247731318],[-71.6610073499999,-33.4446710371318],[-71.6612077339999,-33.4440616301318],[-71.6611515979999,-33.4435397321318],[-71.6608287889999,-33.4435653651318],[-71.6602112439999,-33.4440959731318],[-71.6601148959999,-33.4446090651318],[-71.6601866119999,-33.4441122091319],[-71.6599454609999,-33.4441844381318],[-71.6598561019999,-33.4446693051318],[-71.6599244859999,-33.4441800391318],[-71.6588288009999,-33.4439131851318],[-71.6585619499999,-33.4448462721318],[-71.6597533359999,-33.4451249581318],[-71.6585393049999,-33.4448849751318],[-71.657971588,-33.4455791991318],[-71.657531478,-33.4472652641318],[-71.6593512199999,-33.4476558031318],[-71.660840505,-33.4477505521318],[-71.6610160099999,-33.4472707021318],[-71.660770038,-33.4462193661318],[-71.6610536599999,-33.4455586281318],[-71.659981764,-33.4452998481318],[-71.6610850289999,-33.4455020541318]]]}},{"type":"Feature","properties":{"id":"5605011001017","commune":"El Tabo","code":"05605","gse":"D","quintil":"Q2","nse_score":654.3,"educ":11.0,"educ_score":533.3,"hacin":1.397,"hacin_class":"Hacinamiento Leve","hacin_score":766.5,"auto_score":154.4,"n_per":531,"n_hog":191,"source_year":2024},"geometry":{"type":"Polygon","coordinates":[[[-71.670030187,-33.4436271151318],[-71.6701597169999,-33.4454990591318],[-71.6686466659999,-33.4490840491318],[-71.666739403,-33.4494917821318],[-71.6672885179999,-33.4509574451317],[-71.6677142289999,-33.4508418541317],[-71.6675512239999,-33.4502451181317],[-71.6677889139999,-33.4508440171318],[-71.6682196199999,-33.4507626131317],[-71.6680391759999,-33.4499116731317],[-71.6683303319999,-33.4507401191317],[-71.6687514199999,-33.4506269631317],[-71.6685282359999,-33.4499655991318],[-71.6686540759999,-33.4499240081317],[-71.6688365869999,-33.4506720901318],[-71.6692435959999,-33.4505624161318],[-71.6690613979999,-33.4498377001318],[-71.6692084179999,-33.4497900231318],[-71.6691374289999,-33.4498796741317],[-71.6693538639999,-33.4505310051318],[-71.6698201979999,-33.4504618321317],[-71.6694848719999,-33.4493528241318],[-71.6689570199999,-33.4494498101317],[-71.6688787019999,-33.4492309501318],[-71.6685587099999,-33.4492992051317],[-71.6686496639999,-33.4496934911318],[-71.6674155949999,-33.4499771341317],[-71.667277753,-33.4495575161317],[-71.6674627499999,-33.4499202591318],[-71.6677888769999,-33.4498402861317],[-71.6677389109999,-33.4494523441318],[-71.6681148649999,-33.4493743471318],[-71.6682963139999,-33.4497288341317],[-71.6685942789999,-33.4496604071318],[-71.6685156279999,-33.4492620781318],[-71.6689071889999,-33.4491820811318],[-71.6689821499999,-33.4494043261317],[-71.6694669229999,-33.4493073061317],[-71.6693702689999,-33.4488960271318],[-71.6688916789999,-33.4489696321318],[-71.6693643819999,-33.4488542641318],[-71.669451223,-33.4486193491318],[-71.66915058,-33.4486364751318],[-71.6691782739999,-33.4485392501318],[-71.6689712939999,-33.4484753721318],[-71.6694739449999,-33.4485633831318],[-71.6697978159999,-33.4478541541318],[-71.6693460039999,-33.4476631591318],[-71.6698132849999,-33.4478037541318],[-71.6699810849999,-33.4474082931318],[-71.6695253659999,-33.4472510401318],[-71.6700074619999,-33.4473537221318],[-71.6701755549999,-33.4469611601318],[-71.6697204209999,-33.4468126091318],[-71.6701894419999,-33.4469152701318],[-71.6703454699999,-33.4465818841318],[-71.6699079439999,-33.4464098681318],[-71.6703646859999,-33.4465383971318],[-71.6705012049999,-33.4462074661318],[-71.6700734599999,-33.4460380881318],[-71.6705214109999,-33.4461559371318],[-71.6706671239999,-33.4458163311318],[-71.6702445869999,-33.4456674731318],[-71.6706954779999,-33.4457751851318],[-71.6708090249999,-33.4455273431318],[-71.6708976769999,-33.4448881891318],[-71.6704897519999,-33.4448209391318],[-71.6715930069999,-33.4448800171318],[-71.6716174589999,-33.4446503861318],[-71.6716144289999,-33.4448818421318],[-71.67232551,-33.4449376781318],[-71.6724055699999,-33.4445505251318],[-71.6723918319999,-33.4449433341318],[-71.6736745439999,-33.4450527001318],[-71.6737104369999,-33.4446296601318],[-71.6736959849999,-33.4450541931318],[-71.6741505809999,-33.4451003021318],[-71.6742097899999,-33.4444630161318],[-71.6741817339999,-33.4450960521318],[-71.6760045909999,-33.4458591171318],[-71.6757100039999,-33.4447772821318],[-71.6753215549999,-33.4446945541319],[-71.6756654539999,-33.4446626681318],[-71.6757501949999,-33.4447325961318],[-71.676260608,-33.4464417481318],[-71.6769120229999,-33.4462903511318],[-71.6765706299999,-33.4454924081318],[-71.6769786149999,-33.4462315111318],[-71.6767651139999,-33.4451396831318],[-71.6769887879999,-33.4445888151318],[-71.6764224599999,-33.4439283301318],[-71.6764848909999,-33.4438764631318],[-71.6770110179999,-33.4445409601318],[-71.6772355049999,-33.4444402301318],[-71.6763664059999,-33.4435946511318],[-71.675140784,-33.4436541811318],[-71.6740438009999,-33.4439921501318],[-71.6726779439999,-33.4441407171318],[-71.670030187,-33.4436271151318]]]}},{"type":"Feature","properties":{"id":"5605011001019","commune":"El Tabo","code":"05605","gse":"D","quintil":"Q1","nse_score":642.0,"educ":10.0,"educ_score":466.7,"hacin":1.0,"hacin_class":"Hacinamiento Leve","hacin_score":851.1,"auto_score":0.0,"n_per":8,"n_hog":4,"source_year":2024},"geometry":{"type":"Polygon","coordinates":[[[-71.6472190399999,-33.4443781541318],[-71.6485552049999,-33.4444494151318],[-71.6486195369999,-33.4438201401319],[-71.6483236739999,-33.4436981771318],[-71.6481877439999,-33.4438710791319],[-71.6477296969999,-33.4439305651319],[-71.6472190399999,-33.4443781541318]]]}},{"type":"Feature","properties":{"id":"5605011001020","commune":"El Tabo","code":"05605","gse":"D","quintil":"Q2","nse_score":677.7,"educ":12.0,"educ_score":600.0,"hacin":1.5,"hacin_class":"Hacinamiento Medio","hacin_score":744.7,"auto_score":285.7,"n_per":18,"n_hog":6,"source_year":2024},"geometry":{"type":"Polygon","coordinates":[[[-71.6544758509999,-33.4448531751318],[-71.6549992259999,-33.4439976991318],[-71.6546176369999,-33.4438117781318],[-71.6541117779999,-33.4446574121318],[-71.6544758509999,-33.4448531751318]]]}},{"type":"Feature","properties":{"id":"5605011001022","commune":"El Tabo","code":"05605","gse":"C3","quintil":"Q2","nse_score":691.6,"educ":11.9,"educ_score":593.3,"hacin":1.8,"hacin_class":"Hacinamiento Medio","hacin_score":680.9,"auto_score":500.0,"n_per":9,"n_hog":4,"source_year":2024},"geometry":{"type":"Polygon","coordinates":[[[-71.6567906639999,-33.4446789411318],[-71.6572210309999,-33.4439852031318],[-71.6568627149999,-33.4438176811318],[-71.6564466559999,-33.4444997651318],[-71.6567906639999,-33.4446789411318]]]}},{"type":"Feature","properties":{"id":"5605011001025","commune":"El Tabo","code":"05605","gse":"C3","quintil":"Q3","nse_score":725.6,"educ":12.3,"educ_score":620.0,"hacin":1.0,"hacin_class":"Hacinamiento Leve","hacin_score":851.1,"auto_score":111.1,"n_per":14,"n_hog":8,"source_year":2024},"geometry":{"type":"Polygon","coordinates":[[[-71.6549129889999,-33.4450326301318],[-71.6554350099999,-33.4441914961318],[-71.6550760409999,-33.4440071521318],[-71.6545686159999,-33.4448550571318],[-71.6549129889999,-33.4450326301318]]]}},{"type":"Feature","properties":{"id":"5605011001027","commune":"El Tabo","code":"05605","gse":"E","quintil":"Q1","nse_score":579.5,"educ":10.3,"educ_score":486.7,"hacin":1.125,"hacin_class":"Hacinamiento Leve","hacin_score":824.5,"auto_score":0.0,"n_per":9,"n_hog":6,"source_year":2024},"geometry":{"type":"Polygon","coordinates":[[[-71.6558608239999,-33.4454396031318],[-71.6563483029999,-33.4445563281318],[-71.6559755219999,-33.4443825211319],[-71.6554705169999,-33.4452492321318],[-71.6558608239999,-33.4454396031318]]]}},{"type":"Feature","properties":{"id":"5605011001028","commune":"El Tabo","code":"05605","gse":"E","quintil":"Q1","nse_score":507.4,"educ":7.6,"educ_score":306.7,"hacin":0.8,"hacin_class":"Sin Hacinamiento","hacin_score":893.6,"auto_score":83.3,"n_per":8,"n_hog":5,"source_year":2024},"geometry":{"type":"Polygon","coordinates":[[[-71.6563038289999,-33.4456236901318],[-71.6568079209999,-33.4447319751319],[-71.6564332429999,-33.4445725031318],[-71.6559235819999,-33.4454444651318],[-71.6563038289999,-33.4456236901318]]]}},{"type":"Feature","properties":{"id":"5605011001033","commune":"El Tabo","code":"05605","gse":"D","quintil":"Q1","nse_score":648.5,"educ":10.1,"educ_score":473.3,"hacin":1.2,"hacin_class":"Hacinamiento Leve","hacin_score":808.5,"auto_score":83.3,"n_per":12,"n_hog":6,"source_year":2024},"geometry":{"type":"Polygon","coordinates":[[[-71.6557819539999,-33.4465199071318],[-71.6562900089999,-33.4456738251318],[-71.6559019919999,-33.4454865591318],[-71.6554598729999,-33.4462995031318],[-71.6557819539999,-33.4465199071318]]]}},{"type":"Feature","properties":{"id":"5605011001035","commune":"El Tabo","code":"05605","gse":"D","quintil":"Q2","nse_score":665.6,"educ":11.8,"educ_score":586.7,"hacin":1.18,"hacin_class":"Hacinamiento Leve","hacin_score":812.8,"auto_score":225.8,"n_per":59,"n_hog":27,"source_year":2024},"geometry":{"type":"Polygon","coordinates":[[[-71.6634155089999,-33.4470335031318],[-71.6628404089999,-33.4481237141318],[-71.6628602599999,-33.4483166881318],[-71.6633233669999,-33.4485721171317],[-71.6636446629999,-33.4489696901318],[-71.6652145899999,-33.4516294691317],[-71.6656191739999,-33.4519507011317],[-71.6666608349999,-33.4522662531317],[-71.6670173829999,-33.4529633041317],[-71.6674760499999,-33.4528720101317],[-71.6670755549999,-33.4525061141317],[-71.6674352579999,-33.4526858331317],[-71.667537094,-33.4528687731317],[-71.6679973179999,-33.4527552031317],[-71.6678644129999,-33.4522733201317],[-71.6672738209999,-33.4512709421317],[-71.6664054609999,-33.4511302651318],[-71.6657828229999,-33.4514081061317],[-71.6659013049999,-33.4512926781318],[-71.6656831689999,-33.4506889011317],[-71.6655358099999,-33.4506494181318],[-71.6669264429999,-33.4503464581318],[-71.6661299849999,-33.4480405791318],[-71.6638425059999,-33.4470331031318],[-71.6634155089999,-33.4470335031318]]]}},{"type":"Feature","properties":{"id":"5605011001036","commune":"El Tabo","code":"05605","gse":"D","quintil":"Q1","nse_score":648.3,"educ":10.3,"educ_score":486.7,"hacin":1.25,"hacin_class":"Hacinamiento Leve","hacin_score":797.9,"auto_score":357.1,"n_per":15,"n_hog":6,"source_year":2024},"geometry":{"type":"Polygon","coordinates":[[[-71.6681788389999,-33.4497552291318],[-71.66810512,-33.4494249211318],[-71.6677655099999,-33.4494923101318],[-71.6678464959999,-33.4498167511318],[-71.6681788389999,-33.4497552291318]]]}},{"type":"Feature","properties":{"id":"5605011001037","commune":"El Tabo","code":"05605","gse":"D","quintil":"Q1","nse_score":633.0,"educ":9.6,"educ_score":440.0,"hacin":1.235,"hacin_class":"Hacinamiento Leve","hacin_score":801.0,"auto_score":111.1,"n_per":42,"n_hog":17,"source_year":2024},"geometry":{"type":"Polygon","coordinates":[[[-71.6661963569999,-33.4505559301318],[-71.6663720749999,-33.4510973131317],[-71.6672461939999,-33.4512196941317],[-71.6671469319999,-33.4509584571317],[-71.6667922369999,-33.4510216301318],[-71.6666470159999,-33.4508115111317],[-71.6668117769999,-33.4509818851317],[-71.6671189929999,-33.4509065331318],[-71.6669509539999,-33.4504164941318],[-71.6661963569999,-33.4505559301318]]]}},{"type":"Feature","properties":{"id":"5605011001039","commune":"El Tabo","code":"05605","gse":"C2","quintil":"Q4","nse_score":783.6,"educ":12.5,"educ_score":633.3,"hacin":1.0,"hacin_class":"Hacinamiento Leve","hacin_score":851.1,"auto_score":125.0,"n_per":8,"n_hog":4,"source_year":2024},"geometry":{"type":"Polygon","coordinates":[[[-71.6662905029999,-33.4510601711317],[-71.6661084339999,-33.4505858261318],[-71.6657507859999,-33.4506524351317],[-71.6659630749999,-33.4512754851317],[-71.6662905029999,-33.4510601711317]]]}},{"type":"Feature","properties":{"id":"5605011001023","commune":"El Tabo","code":"05605","gse":"C3","quintil":"Q3","nse_score":707.2,"educ":11.8,"educ_score":586.7,"hacin":1.625,"hacin_class":"Hacinamiento Medio","hacin_score":718.1,"auto_score":142.9,"n_per":26,"n_hog":7,"source_year":2024},"geometry":{"type":"MultiPolygon","coordinates":[[[[-71.6544914139999,-33.4457341741318],[-71.6549145859999,-33.4451022211318],[-71.6545260589999,-33.4449264121318],[-71.6541697559999,-33.4455145421318],[-71.6544914139999,-33.4457341741318]]],[[[-71.6540893159999,-33.4454986901318],[-71.6544601649999,-33.4449147301318],[-71.6540572189999,-33.4447267881318],[-71.6536962759999,-33.4452366921318],[-71.6540893159999,-33.4454986901318]]],[[[-71.6539880509999,-33.4446437901318],[-71.6542940239999,-33.4441754561318],[-71.6532304399999,-33.4438549231318],[-71.6530659649999,-33.4438785631318],[-71.6528743889999,-33.4441412291319],[-71.6539880509999,-33.4446437901318]]]]}},{"type":"Feature","properties":{"id":"5605011001008","commune":"El Tabo","code":"05605","gse":"E","quintil":"Q1","nse_score":606.0,"educ":9.3,"educ_score":420.0,"hacin":0.6,"hacin_class":"Sin Hacinamiento","hacin_score":936.2,"auto_score":71.4,"n_per":6,"n_hog":5,"source_year":2024},"geometry":{"type":"MultiPolygon","coordinates":[[[[-71.6574385939999,-33.4434875141319],[-71.6576145449999,-33.4431290921318],[-71.6568015159999,-33.4427796201319],[-71.6566178469999,-33.4431649971319],[-71.6574385939999,-33.4434875141319]]],[[[-71.6576741379999,-33.4430965221319],[-71.6578520889999,-33.4426895691318],[-71.6571945899999,-33.4425080901318],[-71.6569155059999,-33.4425616201318],[-71.6568367379999,-33.4427453691319],[-71.6576741379999,-33.4430965221319]]]]}},{"type":"Feature","properties":{"id":"5605011001031","commune":"El Tabo","code":"05605","gse":"E","quintil":"Q1","nse_score":610.3,"educ":10.0,"educ_score":466.7,"hacin":1.3,"hacin_class":"Hacinamiento Leve","hacin_score":787.2,"auto_score":125.0,"n_per":13,"n_hog":6,"source_year":2024},"geometry":{"type":"MultiPolygon","coordinates":[[[[-71.6550256939999,-33.4460378401318],[-71.655448712,-33.4462090301318],[-71.655841715,-33.4454684351318],[-71.6554088429999,-33.4453304071318],[-71.6550256939999,-33.4460378401318]]],[[[-71.6549245299999,-33.4459883791318],[-71.6553548219999,-33.4452973741318],[-71.6549953859999,-33.4451164381318],[-71.6546145269999,-33.4457823941318],[-71.6549245299999,-33.4459883791318]]]]}},{"type":"Feature","properties":{"id":"5605011001005","commune":"El Tabo","code":"05605","gse":"D","quintil":"Q1","nse_score":620.6,"educ":9.0,"educ_score":400.0,"hacin":0.917,"hacin_class":"Sin Hacinamiento","hacin_score":868.8,"auto_score":62.5,"n_per":11,"n_hog":7,"source_year":2024},"geometry":{"type":"MultiPolygon","coordinates":[[[[-71.6501423009999,-33.4427878411318],[-71.6499310609999,-33.4438251381318],[-71.650457651,-33.4438877411318],[-71.6506512279999,-33.4428070841318],[-71.6501423009999,-33.4427878411318]]],[[[-71.6505705349999,-33.4438636781318],[-71.6511508919999,-33.4436015831318],[-71.6513507599999,-33.4418399991319],[-71.6509612849999,-33.4418601381318],[-71.6507721569999,-33.4422728131318],[-71.6505705349999,-33.4438636781318]]]]}},{"type":"Feature","properties":{"id":"5605011001012","commune":"El Tabo","code":"05605","gse":"C2","quintil":"Q3","nse_score":733.7,"educ":11.1,"educ_score":540.0,"hacin":1.067,"hacin_class":"Hacinamiento Leve","hacin_score":836.9,"auto_score":0.0,"n_per":16,"n_hog":7,"source_year":2024},"geometry":{"type":"MultiPolygon","coordinates":[[[[-71.656375007,-33.4445048491318],[-71.6567813409999,-33.4438100901318],[-71.6563998149999,-33.4436262141318],[-71.6559819969999,-33.4443129991318],[-71.656375007,-33.4445048491318]]],[[[-71.6572379469999,-33.4439115271319],[-71.6573968659999,-33.4435279581318],[-71.6565819499999,-33.4432366131319],[-71.6564164579999,-33.4435598081318],[-71.6572379469999,-33.4439115271319]]]]}},{"type":"Feature","properties":{"id":"5605011001014","commune":"El Tabo","code":"05605","gse":"C2","quintil":"Q3","nse_score":740.1,"educ":12.2,"educ_score":613.3,"hacin":1.053,"hacin_class":"Hacinamiento Leve","hacin_score":839.9,"auto_score":357.1,"n_per":20,"n_hog":7,"source_year":2024},"geometry":{"type":"MultiPolygon","coordinates":[[[[-71.6553820079999,-33.4452360911318],[-71.6558743129999,-33.4443848501318],[-71.6555187809999,-33.4442089671318],[-71.6550016979999,-33.4450413451318],[-71.6553820079999,-33.4452360911318]]],[[[-71.6558593349999,-33.4443009911318],[-71.6562996339999,-33.4436064411318],[-71.6559444119999,-33.4434348571318],[-71.6555157319999,-33.4441425461319],[-71.6558593349999,-33.4443009911318]]]]}},{"type":"Feature","properties":{"id":"5605011001021","commune":"El Tabo","code":"05605","gse":"C3","quintil":"Q2","nse_score":699.0,"educ":12.0,"educ_score":600.0,"hacin":1.333,"hacin_class":"Hacinamiento Leve","hacin_score":780.1,"auto_score":250.0,"n_per":32,"n_hog":12,"source_year":2024},"geometry":{"type":"MultiPolygon","coordinates":[[[[-71.6514009529999,-33.4446303211318],[-71.6524298959999,-33.4443397351318],[-71.6526276459999,-33.4441072831318],[-71.6520978739999,-33.4439500001318],[-71.6504665769999,-33.4443700621319],[-71.6504867829999,-33.4445063441318],[-71.6514009529999,-33.4446303211318]]],[[[-71.6486572019999,-33.4444553731318],[-71.6503872909999,-33.4444993471318],[-71.6504774339999,-33.4439811661318],[-71.6486826279999,-33.4438191531318],[-71.6486572019999,-33.4444553731318]]]]}},{"type":"Feature","properties":{"id":"5605011002001","commune":"El Tabo","code":"05605","gse":"C1","quintil":"Q5","nse_score":790.4,"educ":13.6,"educ_score":706.7,"hacin":1.409,"hacin_class":"Hacinamiento Leve","hacin_score":764.0,"auto_score":71.4,"n_per":31,"n_hog":14,"source_year":2024},"geometry":{"type":"Polygon","coordinates":[[[-71.6561343719999,-33.4628257581316],[-71.6565022449999,-33.4622330571316],[-71.6565843829999,-33.4608685221316],[-71.6569627179999,-33.4599369631316],[-71.6566188689999,-33.4595556191316],[-71.6564246819999,-33.4596704901316],[-71.6565029579999,-33.4600597621316],[-71.6555705169999,-33.4606800641316],[-71.6557969279999,-33.4610139161316],[-71.6565029499999,-33.4606819491316],[-71.6552468859999,-33.4613576201316],[-71.6554604789999,-33.4616588151316],[-71.6563999259999,-33.4612224401316],[-71.6554715229999,-33.4616742871316],[-71.6557149649999,-33.4619929711316],[-71.656357264,-33.4618063411316],[-71.6557259759999,-33.4620088001316],[-71.6558197289999,-33.4622324551316],[-71.6555944349999,-33.4625821081316],[-71.6561343719999,-33.4628257581316]]]}},{"type":"Feature","properties":{"id":"5605011002002","commune":"El Tabo","code":"05605","gse":"C2","quintil":"Q4","nse_score":752.7,"educ":12.2,"educ_score":613.3,"hacin":0.811,"hacin_class":"Sin Hacinamiento","hacin_score":891.2,"auto_score":60.0,"n_per":43,"n_hog":25,"source_year":2024},"geometry":{"type":"Polygon","coordinates":[[[-71.6517714789999,-33.4608552541316],[-71.6511383599999,-33.4611627931316],[-71.6534416759999,-33.4629475351316],[-71.6546653439999,-33.4614515151316],[-71.6537523769999,-33.4615814661316],[-71.6552184639999,-33.4613278421316],[-71.6557526469999,-33.4610390681316],[-71.6555103279999,-33.4607144131316],[-71.6551022239999,-33.4608052151316],[-71.656073337,-33.4603338041316],[-71.6564867219999,-33.4599234851316],[-71.6563602929999,-33.4596990101316],[-71.6548266819999,-33.4604548501316],[-71.6517714789999,-33.4608552541316]]]}},{"type":"Feature","properties":{"id":"5605011002023","commune":"El Tabo","code":"05605","gse":"C1","quintil":"Q5","nse_score":803.9,"educ":14.4,"educ_score":760.0,"hacin":1.556,"hacin_class":"Hacinamiento Medio","hacin_score":732.9,"auto_score":300.0,"n_per":14,"n_hog":5,"source_year":2024},"geometry":{"type":"Polygon","coordinates":[[[-71.6438151999999,-33.4694241631315],[-71.642715989,-33.4682695241315],[-71.6422844639999,-33.4687905341315],[-71.6423382599999,-33.4688472201315],[-71.6438151999999,-33.4694241631315]]]}},{"type":"Feature","properties":{"id":"5605011002033","commune":"El Tabo","code":"05605","gse":"ABC1","quintil":"Q5","nse_score":869.5,"educ":15.0,"educ_score":800.0,"hacin":1.091,"hacin_class":"Hacinamiento Leve","hacin_score":831.7,"auto_score":0.0,"n_per":12,"n_hog":5,"source_year":2024},"geometry":{"type":"Polygon","coordinates":[[[-71.6436851849999,-33.4720572841315],[-71.6437996729999,-33.4719162201315],[-71.6436429489999,-33.4709125841315],[-71.6429282829999,-33.4706486201315],[-71.6429414359999,-33.4717322941315],[-71.6436851849999,-33.4720572841315]]]}},{"type":"Feature","properties":{"id":"5605011002042","commune":"El Tabo","code":"05605","gse":"ABC1","quintil":"Q5","nse_score":889.3,"educ":17.0,"educ_score":933.3,"hacin":0.833,"hacin_class":"Sin Hacinamiento","hacin_score":886.5,"auto_score":250.0,"n_per":10,"n_hog":4,"source_year":2024},"geometry":{"type":"Polygon","coordinates":[[[-71.6462474179999,-33.4726035841315],[-71.6456488549999,-33.4718336771315],[-71.6453675589999,-33.4728978921315],[-71.6449928559999,-33.4735184061314],[-71.6455840539999,-33.4738252331315],[-71.6459879849999,-33.4732491571315],[-71.6462474179999,-33.4726035841315]]]}},{"type":"Feature","properties":{"id":"5605011002046","commune":"El Tabo","code":"05605","gse":"D","quintil":"Q2","nse_score":674.6,"educ":10.0,"educ_score":466.7,"hacin":0.75,"hacin_class":"Sin Hacinamiento","hacin_score":904.3,"auto_score":83.3,"n_per":6,"n_hog":6,"source_year":2024},"geometry":{"type":"Polygon","coordinates":[[[-71.6448137659999,-33.4745057681314],[-71.6449409419999,-33.4747715581314],[-71.6453929929999,-33.4751009651315],[-71.6456925259999,-33.4747381271315],[-71.6456694369999,-33.4745506241315],[-71.6458657509999,-33.4745393251315],[-71.6458753389999,-33.4746964041314],[-71.6454608749999,-33.4751468921314],[-71.6460446289999,-33.4755393441314],[-71.6467800949999,-33.4746799911315],[-71.645588959,-33.4739037661314],[-71.6448137659999,-33.4745057681314]]]}},{"type":"Feature","properties":{"id":"5605011002024","commune":"El Tabo","code":"05605","gse":"D","quintil":"Q1","nse_score":622.4,"educ":12.9,"educ_score":660.0,"hacin":1.125,"hacin_class":"Hacinamiento Leve","hacin_score":824.5,"auto_score":0.0,"n_per":9,"n_hog":4,"source_year":2024},"geometry":{"type":"MultiPolygon","coordinates":[[[[-71.6443722739999,-33.4739353751315],[-71.6448192299999,-33.4736366481315],[-71.6447950659999,-33.4733803941314],[-71.6438428169999,-33.4722563901315],[-71.6433610459999,-33.4719048441315],[-71.6429594409999,-33.4718237471314],[-71.6430559179999,-33.4722835821315],[-71.6435076169999,-33.4726467851315],[-71.6443722739999,-33.4739353751315]]],[[[-71.6449442469999,-33.4734435251314],[-71.6453126339999,-33.4728680291315],[-71.6456004559999,-33.4717522711315],[-71.6451957979999,-33.4711045101314],[-71.6450576109999,-33.4711137891315],[-71.6448373709999,-33.4715515051315],[-71.6447776339999,-33.4722671751315],[-71.6445307459999,-33.4729262871315],[-71.6449442469999,-33.4734435251314]]],[[[-71.6446494039999,-33.4710833511315],[-71.6449024859999,-33.4710439711315],[-71.6450356989999,-33.4708610051315],[-71.6447031289999,-33.4702399031315],[-71.6442967589999,-33.4698403821315],[-71.6417279859999,-33.4692917161315],[-71.6399319629999,-33.4682841361315],[-71.6392749769999,-33.4686481371315],[-71.6395444729999,-33.4689699801315],[-71.6412266099999,-33.4698329341315],[-71.6433829979999,-33.4707495361315],[-71.6446494039999,-33.4710833511315]]]]}},{"type":"Feature","properties":{"id":"5605011002026","commune":"El Tabo","code":"05605","gse":"C2","quintil":"Q4","nse_score":750.8,"educ":15.9,"educ_score":860.0,"hacin":1.5,"hacin_class":"Hacinamiento Medio","hacin_score":744.7,"auto_score":166.7,"n_per":12,"n_hog":4,"source_year":2024},"geometry":{"type":"MultiPolygon","coordinates":[[[[-71.6442650899999,-33.4698136461315],[-71.6439239649999,-33.4694994731315],[-71.6422786889999,-33.4688806481315],[-71.6420029369999,-33.4692472611315],[-71.6421222199999,-33.4693636491315],[-71.6442650899999,-33.4698136461315]]],[[[-71.6416806299999,-33.4691987721315],[-71.6420604569999,-33.4689733631315],[-71.6419504699999,-33.4684846381315],[-71.6413373919999,-33.4690556631315],[-71.6416806299999,-33.4691987721315]]]]}},{"type":"Feature","properties":{"id":"5605011002018","commune":"El Tabo","code":"05605","gse":"C3","quintil":"Q2","nse_score":694.0,"educ":12.7,"educ_score":646.7,"hacin":1.0,"hacin_class":"Hacinamiento Leve","hacin_score":851.1,"auto_score":0.0,"n_per":7,"n_hog":4,"source_year":2024},"geometry":{"type":"MultiPolygon","coordinates":[[[[-71.6415582329999,-33.4687233221315],[-71.6419206689999,-33.4684274451315],[-71.6415826709999,-33.4679525601315],[-71.6411127509999,-33.4683497911315],[-71.6415582329999,-33.4687233221315]]],[[[-71.6410698949999,-33.4683179061315],[-71.6415413399999,-33.4679165091316],[-71.6413062089999,-33.4675757401315],[-71.64057743,-33.4678751871315],[-71.6410698949999,-33.4683179061315]]],[[[-71.6421927739999,-33.4687203521315],[-71.64262464,-33.4681643281315],[-71.6416014389999,-33.4675049691315],[-71.6413818329999,-33.4675309831316],[-71.6421927739999,-33.4687203521315]]]]}},{"type":"Feature","properties":{"id":"5605011002021","commune":"El Tabo","code":"05605","gse":"C2","quintil":"Q3","nse_score":742.2,"educ":14.1,"educ_score":740.0,"hacin":1.143,"hacin_class":"Hacinamiento Leve","hacin_score":820.7,"auto_score":0.0,"n_per":8,"n_hog":5,"source_year":2024},"geometry":{"type":"MultiPolygon","coordinates":[[[[-71.6412782389999,-33.4690316961315],[-71.6415221969999,-33.4687543661315],[-71.6410844579999,-33.4683959971315],[-71.6407429189999,-33.4687435781315],[-71.6412782389999,-33.4690316961315]]],[[[-71.640686135,-33.4687122801315],[-71.6410377289999,-33.4683506981315],[-71.6405561479999,-33.4679159321315],[-71.6399976279999,-33.4681920631315],[-71.640686135,-33.4687122801315]]]]}},{"type":"Feature","properties":{"id":"5605011002010","commune":"El Tabo","code":"05605","gse":"C2","quintil":"Q4","nse_score":760.4,"educ":14.9,"educ_score":793.3,"hacin":0.844,"hacin_class":"Sin Hacinamiento","hacin_score":884.3,"auto_score":27.8,"n_per":27,"n_hog":15,"source_year":2024},"geometry":{"type":"MultiPolygon","coordinates":[[[[-71.6475449109999,-33.4722470821315],[-71.64780314,-33.4721107631315],[-71.6472835519999,-33.4713744601315],[-71.6470591919999,-33.4715214981315],[-71.6475449109999,-33.4722470821315]]],[[[-71.6463117589999,-33.4710902251315],[-71.6467499479999,-33.4708515401315],[-71.646806851,-33.4706357131315],[-71.6460735589999,-33.4700126321315],[-71.6458481889999,-33.4702948261315],[-71.6463117589999,-33.4710902251315]]],[[[-71.6441048639999,-33.4684876941315],[-71.644368014,-33.4684277161315],[-71.6443646689999,-33.4676939731315],[-71.644061356,-33.4674473471315],[-71.643481344,-33.4672947241315],[-71.6434449189999,-33.4676289441315],[-71.6436417419999,-33.4680628421315],[-71.6441048639999,-33.4684876941315]]],[[[-71.6429933809999,-33.4665275171315],[-71.6432293669999,-33.4667053631316],[-71.6431171489999,-33.4667582061316],[-71.6434128519999,-33.4672118351315],[-71.6436045599999,-33.4668569861315],[-71.6435176389999,-33.4672150341315],[-71.6440717039999,-33.4673882461315],[-71.6444093409999,-33.4676412031315],[-71.6444180329999,-33.4670442371315],[-71.6440206089999,-33.4668806021315],[-71.6444378539999,-33.4670015881315],[-71.644449543,-33.4677184191315],[-71.6448998749999,-33.4679838241315],[-71.6444471319999,-33.4677853481315],[-71.6445340559999,-33.4686075981315],[-71.6468185449999,-33.4705441761315],[-71.6471291029999,-33.4706534051315],[-71.6471988569999,-33.4709758191315],[-71.6478967569999,-33.4720752481315],[-71.6481477129999,-33.4719781101315],[-71.6479249689999,-33.4721690091314],[-71.6485339449999,-33.4731180861315],[-71.6478586699999,-33.4721797861314],[-71.6476068709999,-33.4723047621315],[-71.6478538379999,-33.4732237111315],[-71.6482933739999,-33.4737361751314],[-71.6487013699999,-33.4734636521315],[-71.6483132449999,-33.4738098071315],[-71.6477848049999,-33.4732488741314],[-71.6475303269999,-33.4723141721314],[-71.6468738429999,-33.4722486461315],[-71.6465556879999,-33.4720096251315],[-71.6461406609999,-33.4708296361315],[-71.6455982009999,-33.4700084861315],[-71.6445384809999,-33.4693230911315],[-71.6442634559999,-33.4686470851315],[-71.6435858719999,-33.4680899721315],[-71.6432591289999,-33.4670519601315],[-71.6424973979999,-33.4673733651315],[-71.6432252929999,-33.4670059961315],[-71.643068593,-33.4667813481315],[-71.6423693699999,-33.4670911581316],[-71.6430451999999,-33.4667432501315],[-71.6429484769999,-33.4665611861315],[-71.6415931079999,-33.4671522651315],[-71.6432329679999,-33.4678851951315],[-71.6449415839999,-33.4698489501315],[-71.6457398449999,-33.4704137861315],[-71.6459351319999,-33.4706520651315],[-71.6464537969999,-33.4720108351315],[-71.6473866119999,-33.4727182551315],[-71.6485744539999,-33.4745025761315],[-71.6493773329999,-33.4737745001314],[-71.6501795549999,-33.4734067551314],[-71.6507703929999,-33.4727757211315],[-71.6511953959999,-33.4719013281315],[-71.6497319619999,-33.4708944981315],[-71.6458548329999,-33.4675363811315],[-71.6436007359999,-33.4666557401316],[-71.6436462019999,-33.4662318021315],[-71.6429933809999,-33.4665275171315]]]]}},{"type":"Feature","properties":{"id":"5605011002007","commune":"El Tabo","code":"05605","gse":"D","quintil":"Q1","nse_score":634.4,"educ":12.1,"educ_score":606.7,"hacin":1.101,"hacin_class":"Hacinamiento Leve","hacin_score":829.5,"auto_score":125.0,"n_per":98,"n_hog":41,"source_year":2024},"geometry":{"type":"MultiPolygon","coordinates":[[[[-71.6515635559999,-33.4683220191315],[-71.6518557439999,-33.4680084531315],[-71.6513751749999,-33.4675126761315],[-71.6510456609999,-33.4677553711315],[-71.6515635559999,-33.4683220191315]]],[[[-71.6509014439999,-33.4671039381315],[-71.6513876759999,-33.4667420641316],[-71.6513998009999,-33.4667092941315],[-71.6510812759999,-33.4665486701315],[-71.6506578029999,-33.4668986331315],[-71.6509014439999,-33.4671039381315]]],[[[-71.6506095779999,-33.4668693501316],[-71.6510420089999,-33.4665271741316],[-71.6510471809999,-33.4665016351315],[-71.6507811779999,-33.4663573481315],[-71.6504057049999,-33.4666538171315],[-71.6506095779999,-33.4668693501316]]],[[[-71.6520934309999,-33.4659783401315],[-71.6517452159999,-33.4663506441315],[-71.6518912339999,-33.4664358511315],[-71.6520534639999,-33.4662704631315],[-71.6519292169999,-33.4664656651315],[-71.6522508589999,-33.4666678881316],[-71.6524805029999,-33.4664851521316],[-71.6522991799999,-33.4666953821316],[-71.6525824209999,-33.4668774851315],[-71.6528363039999,-33.4666764621316],[-71.6526355139999,-33.4669012701315],[-71.6527671299999,-33.4669929331315],[-71.6530925939999,-33.4666692461315],[-71.6520934309999,-33.4659783401315]]],[[[-71.6479270499999,-33.4647525491316],[-71.6486447309999,-33.4652016801316],[-71.6487901819999,-33.4649631421315],[-71.6486935749999,-33.4652277871316],[-71.6492391149999,-33.4653190751316],[-71.6489478689999,-33.4653747551315],[-71.6478816969999,-33.4648145501315],[-71.6481479009999,-33.4639509111315],[-71.6481704209999,-33.4634620271316],[-71.6461837979999,-33.4650279661315],[-71.6449939479999,-33.4656348811315],[-71.6462654959999,-33.4658687121315],[-71.6462929619999,-33.4659969691316],[-71.6461792599999,-33.4662136121315],[-71.6462396399999,-33.4658978801316],[-71.6449406999999,-33.4656640341315],[-71.6437073639999,-33.4662083501315],[-71.6436607449999,-33.4666237721315],[-71.6458972839999,-33.4674989421315],[-71.6497540399999,-33.4708789931315],[-71.6511953959999,-33.4719013281315],[-71.6513443409999,-33.4714000561315],[-71.6518638739999,-33.4705270841315],[-71.6530352039999,-33.4693090451315],[-71.6531728459999,-33.4684880681315],[-71.6541881919999,-33.4674120441315],[-71.6531633899999,-33.4666329121316],[-71.6528079539999,-33.4670652501315],[-71.6525609319999,-33.4669548081316],[-71.6524512569999,-33.4670727691315],[-71.6525132769999,-33.4669187031315],[-71.6521984079999,-33.4667209971315],[-71.6520458889999,-33.4668280291315],[-71.6521464019999,-33.4666871421316],[-71.6518492079999,-33.4665020141316],[-71.651697484,-33.4666032431316],[-71.6517972629999,-33.4664710461315],[-71.6516236489999,-33.4663580481316],[-71.651492388,-33.4664796661315],[-71.6515646469999,-33.4663224591316],[-71.651251365,-33.4661230061315],[-71.6510659259999,-33.4662514211315],[-71.6511922819999,-33.4660862471316],[-71.6510091709999,-33.4659694481316],[-71.650859636,-33.4660754801315],[-71.6509620429999,-33.4659394771315],[-71.6507568639999,-33.4658030471316],[-71.6505688119999,-33.4659330361316],[-71.6507006209999,-33.4657678651315],[-71.6504966459999,-33.4656391351316],[-71.6503655829999,-33.4657633141316],[-71.6504516699999,-33.4656095061316],[-71.6502979769999,-33.4655244831316],[-71.6500077019999,-33.4658066701316],[-71.6515665759999,-33.4667456801315],[-71.6525488259999,-33.4674422931315],[-71.651456531,-33.4685082971315],[-71.6515149049999,-33.4683629421315],[-71.6509907249999,-33.4677879751316],[-71.6507539289999,-33.4679334521315],[-71.6505930679999,-33.4677435371315],[-71.6507573169999,-33.4678735511315],[-71.6509751689999,-33.4677087371315],[-71.6508550089999,-33.4675842011316],[-71.6507032009999,-33.4676375801315],[-71.6509913659999,-33.4674545961315],[-71.6508891029999,-33.4675622301315],[-71.6510300759999,-33.4676836241316],[-71.6519328079999,-33.4670464611315],[-71.6518136649999,-33.4669674721315],[-71.6505265519999,-33.4674924331315],[-71.6509827559999,-33.4672407261315],[-71.6506598849999,-33.4669888381316],[-71.6503125769999,-33.4672259901315],[-71.6506133239999,-33.4669504841315],[-71.6504396899999,-33.4668026321315],[-71.6501290829999,-33.4670306621315],[-71.6504001449999,-33.4667685521315],[-71.6495558139999,-33.4661564631315],[-71.6497461619999,-33.4662312571316],[-71.6500655979999,-33.4659422601316],[-71.6499301429999,-33.4658312221316],[-71.6496162309999,-33.4659996621316],[-71.6506657889999,-33.4650802931315],[-71.6482120239999,-33.4634352031316],[-71.6481956059999,-33.4639391371316],[-71.6479270499999,-33.4647525491316]]]]}},{"type":"Feature","properties":{"id":"5605011002043","commune":"El Tabo","code":"05605","gse":"D","quintil":"Q1","nse_score":632.5,"educ":10.4,"educ_score":493.3,"hacin":1.091,"hacin_class":"Hacinamiento Leve","hacin_score":831.7,"auto_score":0.0,"n_per":12,"n_hog":6,"source_year":2024},"geometry":{"type":"MultiPolygon","coordinates":[[[[-71.6468211579999,-33.4746017811314],[-71.6472055989999,-33.4741240021314],[-71.6467985019999,-33.4735043081314],[-71.6462429169999,-33.4742211821315],[-71.6468211579999,-33.4746017811314]]],[[[-71.6461482519999,-33.4741885011315],[-71.646751665,-33.4734361031314],[-71.6463338909999,-33.4727484971315],[-71.6456512779999,-33.4738670391314],[-71.6461482519999,-33.4741885011315]]]]}},{"type":"Feature","properties":{"id":"5605011002015","commune":"El Tabo","code":"05605","gse":"C2","quintil":"Q4","nse_score":777.3,"educ":14.5,"educ_score":766.7,"hacin":1.0,"hacin_class":"Hacinamiento Leve","hacin_score":851.1,"auto_score":161.0,"n_per":115,"n_hog":50,"source_year":2024},"geometry":{"type":"MultiPolygon","coordinates":[[[[-71.6449797649999,-33.4695734761315],[-71.6452891969999,-33.4693377331315],[-71.6444947519999,-33.4686811601315],[-71.6445213049999,-33.4691958661315],[-71.6449797649999,-33.4695734761315]]],[[[-71.6415931079999,-33.4671522651315],[-71.6396660059999,-33.4680321401315],[-71.6398851379999,-33.4681670391315],[-71.6415353339999,-33.4674309021315],[-71.6426026669999,-33.4680633851315],[-71.6445908789999,-33.4699793061315],[-71.6452101579999,-33.4709486251315],[-71.6455909229999,-33.4708194011315],[-71.6452314899999,-33.4709801501315],[-71.6456490879999,-33.4715998011315],[-71.6459826679999,-33.4712839831315],[-71.6456896019999,-33.4716593291314],[-71.6463913099999,-33.4727068661315],[-71.6466941569999,-33.4724244061315],[-71.646464481,-33.4727930591315],[-71.6468201639999,-33.4733588631314],[-71.6471945889999,-33.4729734071315],[-71.6468551269999,-33.4734138561314],[-71.6472728949999,-33.4740490991315],[-71.6476910179999,-33.4735863821315],[-71.6456843939999,-33.4762265511314],[-71.6460127149999,-33.4756338151314],[-71.6454215079999,-33.4752372391315],[-71.6450886579999,-33.4756501571315],[-71.6453649689999,-33.4751599841315],[-71.6448360609999,-33.4747451091315],[-71.6434797219999,-33.4726914581315],[-71.6429984759999,-33.4722883621314],[-71.642756904,-33.4705816501315],[-71.6424529879999,-33.4704690971315],[-71.6422313509999,-33.4714673791315],[-71.6421184959999,-33.4715788971314],[-71.6423982379999,-33.4704249791315],[-71.6420340429999,-33.4702782381315],[-71.6415104659999,-33.4714008301315],[-71.6419647809999,-33.4702302551315],[-71.6414710599999,-33.4700210151315],[-71.64097806,-33.4708787911315],[-71.6413998029999,-33.4699776551315],[-71.6407424009999,-33.4696378161315],[-71.6401232089999,-33.4701562081315],[-71.6406596339999,-33.4696015281315],[-71.640129279,-33.4693829651315],[-71.6395424019999,-33.4698242101315],[-71.6400572919999,-33.4693481851315],[-71.6395040859999,-33.4690360091315],[-71.6390030169999,-33.4693517751315],[-71.6394514099999,-33.4689977811315],[-71.6391906129999,-33.4687907741315],[-71.6392329859999,-33.4685628341315],[-71.6398511539999,-33.4682438411315],[-71.6395847509999,-33.4680622381315],[-71.638468009,-33.4685610931315],[-71.6395187099999,-33.4701873681315],[-71.6398634039999,-33.4714741871315],[-71.640106306,-33.4716112191315],[-71.6409802019999,-33.4715308811315],[-71.6424615799999,-33.4725909121314],[-71.6466659459999,-33.4780221801314],[-71.6474602219999,-33.4772190761314],[-71.6479829959999,-33.4760685031314],[-71.6482953909999,-33.4748786041315],[-71.6485744539999,-33.4745025761315],[-71.6473866119999,-33.4727182551315],[-71.6464537969999,-33.4720108351315],[-71.6459351319999,-33.4706520651315],[-71.6449415839999,-33.4698489501315],[-71.6432329679999,-33.4678851951315],[-71.6415931079999,-33.4671522651315]]]]}},{"type":"Feature","properties":{"id":"5605011002004","commune":"El Tabo","code":"05605","gse":"C2","quintil":"Q3","nse_score":732.7,"educ":12.2,"educ_score":613.3,"hacin":1.1,"hacin_class":"Hacinamiento Leve","hacin_score":829.8,"auto_score":76.9,"n_per":33,"n_hog":13,"source_year":2024},"geometry":{"type":"MultiPolygon","coordinates":[[[[-71.6550072829999,-33.4635450221316],[-71.6554578019999,-33.4637578631316],[-71.6561191569999,-33.4628509941316],[-71.6555867749999,-33.4625940121316],[-71.6550072829999,-33.4635450221316]]],[[[-71.6547308169999,-33.4614606981316],[-71.6540557069999,-33.4622850201316],[-71.65450741,-33.4624727951316],[-71.6540290099999,-33.4623177021316],[-71.6535627379999,-33.4629666211316],[-71.6538547579999,-33.4630472031316],[-71.6541001809999,-33.4626557521316],[-71.6538961119999,-33.4630586501316],[-71.6549071349999,-33.4634834131316],[-71.6551040609999,-33.4631570051315],[-71.654602543,-33.4629076921316],[-71.6551377249999,-33.4631269641316],[-71.6552086089999,-33.4630083521316],[-71.6546268419999,-33.4627188071316],[-71.6552489139999,-33.4629683821316],[-71.6557454929999,-33.4621788181316],[-71.6554785009999,-33.4617840541316],[-71.6551273249999,-33.4622047841316],[-71.6554576589999,-33.4617594661316],[-71.6551621879999,-33.4613735211316],[-71.6547308169999,-33.4614606981316]]]]}},{"type":"Feature","properties":{"id":"5605011002003","commune":"El Tabo","code":"05605","gse":"C3","quintil":"Q2","nse_score":681.5,"educ":11.8,"educ_score":586.7,"hacin":1.357,"hacin_class":"Hacinamiento Leve","hacin_score":775.1,"auto_score":166.7,"n_per":95,"n_hog":39,"source_year":2024},"geometry":{"type":"MultiPolygon","coordinates":[[[[-71.6535866829999,-33.4630434301316],[-71.6529136599999,-33.4642229611316],[-71.6540194029999,-33.4648117701315],[-71.6544594219999,-33.4641469441316],[-71.6540996259999,-33.4639757651316],[-71.6544684579999,-33.4641305551316],[-71.654650107,-33.4638336071315],[-71.6541352559999,-33.4636060171316],[-71.6546690879999,-33.4638012541316],[-71.6548346989999,-33.4635375831316],[-71.6535866829999,-33.4630434301316]]],[[[-71.6503707819999,-33.4617686871316],[-71.6506890129999,-33.4621515981316],[-71.6509856929999,-33.4626768721316],[-71.6503259109999,-33.4618055621316],[-71.6482596049999,-33.4633949511316],[-71.6496979869999,-33.4644059721316],[-71.6511236469999,-33.4651778301316],[-71.6532508859999,-33.4665222261316],[-71.6509552289999,-33.4651391581316],[-71.6508693929999,-33.4651166151316],[-71.6507770099999,-33.4651546641316],[-71.6503908139999,-33.4654826131316],[-71.6506538549999,-33.4656446691315],[-71.6509012419999,-33.4654247281316],[-71.6506992779999,-33.4656768691315],[-71.6510555739999,-33.4659103531315],[-71.6513062759999,-33.4656793691315],[-71.6510896699999,-33.4659323131315],[-71.6513062949999,-33.4660718321316],[-71.651548439,-33.4658416371315],[-71.6513404159999,-33.4660938071315],[-71.6517062749999,-33.4663220391315],[-71.652014446,-33.4659302731315],[-71.6508799369999,-33.4651411191316],[-71.6531145629999,-33.4665563681315],[-71.6541881919999,-33.4674120441315],[-71.6547864539999,-33.4669148251315],[-71.6548881559999,-33.4666302311316],[-71.6564000429999,-33.4647718651316],[-71.65734133,-33.4632849301316],[-71.6567414279999,-33.4627245021316],[-71.65654387,-33.4623093691316],[-71.6555011019999,-33.4638251331316],[-71.6548935169999,-33.4635597541316],[-71.6545223539999,-33.4641616561316],[-71.6548441579999,-33.4643139241316],[-71.6545042799999,-33.4641944381316],[-71.6543674929999,-33.4644211351316],[-71.6547826359999,-33.4646146761316],[-71.6543478989999,-33.4644532261316],[-71.6540790289999,-33.4648347701316],[-71.6547253989999,-33.4651336061315],[-71.6535696479999,-33.4666278021316],[-71.6534973119999,-33.4665859241316],[-71.6546395109999,-33.4651565971315],[-71.6528461679999,-33.4642199321316],[-71.6527155459999,-33.4644406201316],[-71.6525803779999,-33.4644654751316],[-71.6531808749999,-33.4635771381316],[-71.6525947219999,-33.4632566011316],[-71.6531919529999,-33.4635616821316],[-71.6534621609999,-33.4630656361316],[-71.6520807109999,-33.4619031671316],[-71.6521132549999,-33.4633791371316],[-71.6519274519999,-33.4636679491316],[-71.6520703859999,-33.4633763531316],[-71.6520351269999,-33.4618579941316],[-71.6516582129999,-33.4615880801316],[-71.6515345459999,-33.4616978901316],[-71.6516981519999,-33.4618522411316],[-71.6515692739999,-33.4618087041316],[-71.6514884669999,-33.4616909841316],[-71.6516260729999,-33.4615640991316],[-71.6510943959999,-33.4612165971316],[-71.6503707819999,-33.4617686871316]]]]}},{"type":"Feature","properties":{"id":"5605011003001","commune":"El Tabo","code":"05605","gse":"C2","quintil":"Q4","nse_score":763.4,"educ":13.6,"educ_score":706.7,"hacin":1.204,"hacin_class":"Hacinamiento Leve","hacin_score":807.5,"auto_score":173.1,"n_per":53,"n_hog":26,"source_year":2024},"geometry":{"type":"Polygon","coordinates":[[[-71.6789331769999,-33.4486288191318],[-71.6774508909999,-33.4477678641318],[-71.6765925409999,-33.4489381781318],[-71.6756290579999,-33.4498270301318],[-71.6732924949999,-33.4525459031317],[-71.675243942,-33.4537546611317],[-71.6756074449999,-33.4536560351317],[-71.6758882679999,-33.4533432111317],[-71.6758889609999,-33.4529877451317],[-71.6755840339999,-33.4523272511317],[-71.6755949919999,-33.4519277411317],[-71.6761015149999,-33.4510208711318],[-71.6766241549999,-33.4504496241317],[-71.6778624709999,-33.4502962691317],[-71.6783608939999,-33.4500712531317],[-71.6786715849999,-33.4495970931318],[-71.6796112319999,-33.4489876051318],[-71.6801151509999,-33.4479980001318],[-71.6800310069999,-33.4477174071318],[-71.679781826,-33.4475475061318],[-71.6799122279999,-33.4468776061318],[-71.6796837219999,-33.4466244811318],[-71.6792735189999,-33.4465067521318],[-71.6791216709999,-33.4462909221318],[-71.6791650789999,-33.4460027011318],[-71.6788392779999,-33.4456310831318],[-71.6785694599999,-33.4455990811318],[-71.6778014089999,-33.4468427341318],[-71.678139772,-33.4465379851318],[-71.6783249119999,-33.4465397501318],[-71.6777584619999,-33.4469120901318],[-71.6764156139999,-33.4489716051318],[-71.6776685539999,-33.4473216501318],[-71.6778641039999,-33.4474409501318],[-71.6789617259999,-33.4470967351318],[-71.6783693209999,-33.4473499501318],[-71.6785536699999,-33.4477322361318],[-71.6791956239999,-33.4475383851318],[-71.6792789809999,-33.4471557691318],[-71.6792802359999,-33.4475657551318],[-71.6791642909999,-33.4476202521318],[-71.679326193,-33.4480027611318],[-71.6785221409999,-33.4482918991318],[-71.6789331769999,-33.4486288191318]]]}},{"type":"Feature","properties":{"id":"5605011003008","commune":"El Tabo","code":"05605","gse":"C2","quintil":"Q4","nse_score":755.6,"educ":14.0,"educ_score":733.3,"hacin":0.667,"hacin_class":"Sin Hacinamiento","hacin_score":922.0,"auto_score":0.0,"n_per":8,"n_hog":6,"source_year":2024},"geometry":{"type":"Polygon","coordinates":[[[-71.6698152159999,-33.4549394461317],[-71.6700748439999,-33.4557059971317],[-71.6711688309999,-33.4554458821317],[-71.6709690429999,-33.4547228141317],[-71.6698152159999,-33.4549394461317]]]}},{"type":"Feature","properties":{"id":"5605011003009","commune":"El Tabo","code":"05605","gse":"C3","quintil":"Q2","nse_score":698.4,"educ":11.3,"educ_score":553.3,"hacin":1.286,"hacin_class":"Hacinamiento Leve","hacin_score":790.3,"auto_score":0.0,"n_per":9,"n_hog":4,"source_year":2024},"geometry":{"type":"Polygon","coordinates":[[[-71.6687169689999,-33.4551464871317],[-71.6689383769999,-33.4559336241317],[-71.6699704869999,-33.4557135081316],[-71.6697382139999,-33.4549411561317],[-71.6687169689999,-33.4551464871317]]]}},{"type":"Feature","properties":{"id":"5605011003012","commune":"El Tabo","code":"05605","gse":"C3","quintil":"Q3","nse_score":709.1,"educ":11.9,"educ_score":593.3,"hacin":1.046,"hacin_class":"Hacinamiento Leve","hacin_score":841.4,"auto_score":193.5,"n_per":69,"n_hog":32,"source_year":2024},"geometry":{"type":"Polygon","coordinates":[[[-71.6675829689999,-33.4553756191317],[-71.6668692499999,-33.4555268791317],[-71.6670781129999,-33.4563237701317],[-71.6678081739999,-33.4561582921317],[-71.6675829689999,-33.4553756191317]]]}},{"type":"Feature","properties":{"id":"5605011003014","commune":"El Tabo","code":"05605","gse":"C2","quintil":"Q4","nse_score":750.5,"educ":13.8,"educ_score":720.0,"hacin":1.083,"hacin_class":"Hacinamiento Leve","hacin_score":833.3,"auto_score":62.5,"n_per":13,"n_hog":7,"source_year":2024},"geometry":{"type":"Polygon","coordinates":[[[-71.6693165629999,-33.4570546041317],[-71.6702833679999,-33.4563764281317],[-71.6699900629999,-33.4557738991317],[-71.6689704049999,-33.4559989151317],[-71.6691470689999,-33.4566003251317],[-71.6700024189999,-33.4563716551317],[-71.6691576129999,-33.4566305891316],[-71.6693165629999,-33.4570546041317]]]}},{"type":"Feature","properties":{"id":"5605011003016","commune":"El Tabo","code":"05605","gse":"C1","quintil":"Q5","nse_score":812.0,"educ":14.1,"educ_score":740.0,"hacin":0.944,"hacin_class":"Sin Hacinamiento","hacin_score":862.9,"auto_score":0.0,"n_per":17,"n_hog":7,"source_year":2024},"geometry":{"type":"Polygon","coordinates":[[[-71.6646433829999,-33.4561394541317],[-71.6650449899999,-33.4572637551316],[-71.6659470749999,-33.4570015721317],[-71.6657406219999,-33.4564837471317],[-71.6655419939999,-33.4565275461317],[-71.6657237679999,-33.4564326561317],[-71.6655101619999,-33.4559015311317],[-71.6646433829999,-33.4561394541317]]]}},{"type":"Feature","properties":{"id":"5605011003018","commune":"El Tabo","code":"05605","gse":"E","quintil":"Q1","nse_score":609.3,"educ":10.4,"educ_score":493.3,"hacin":1.231,"hacin_class":"Hacinamiento Leve","hacin_score":802.0,"auto_score":71.4,"n_per":16,"n_hog":5,"source_year":2024},"geometry":{"type":"Polygon","coordinates":[[[-71.6635412339999,-33.4564438321317],[-71.6639662879999,-33.4575432571317],[-71.6649104569999,-33.4573012551317],[-71.6644876429999,-33.4562073491317],[-71.6635412339999,-33.4564438321317]]]}},{"type":"Feature","properties":{"id":"5605011003025","commune":"El Tabo","code":"05605","gse":"C2","quintil":"Q4","nse_score":771.7,"educ":12.8,"educ_score":653.3,"hacin":1.312,"hacin_class":"Hacinamiento Leve","hacin_score":784.6,"auto_score":62.5,"n_per":21,"n_hog":8,"source_year":2024},"geometry":{"type":"Polygon","coordinates":[[[-71.662034532,-33.4572261971317],[-71.6618238399999,-33.4569097541317],[-71.6608977519999,-33.4572281771316],[-71.661138278,-33.4575696571317],[-71.662034532,-33.4572261971317]]]}},{"type":"Feature","properties":{"id":"5605011003040","commune":"El Tabo","code":"05605","gse":"C2","quintil":"Q4","nse_score":774.6,"educ":11.7,"educ_score":580.0,"hacin":1.2,"hacin_class":"Hacinamiento Leve","hacin_score":808.5,"auto_score":250.0,"n_per":18,"n_hog":6,"source_year":2024},"geometry":{"type":"Polygon","coordinates":[[[-71.6590285389999,-33.4583095641316],[-71.6580312749999,-33.4588120151316],[-71.6581826799999,-33.4591040411316],[-71.6593244119999,-33.4586650411317],[-71.6590285389999,-33.4583095641316]]]}},{"type":"Feature","properties":{"id":"5605011003044","commune":"El Tabo","code":"05605","gse":"D","quintil":"Q1","nse_score":635.4,"educ":11.9,"educ_score":593.3,"hacin":1.2,"hacin_class":"Hacinamiento Leve","hacin_score":808.5,"auto_score":111.1,"n_per":12,"n_hog":6,"source_year":2024},"geometry":{"type":"Polygon","coordinates":[[[-71.6564880149999,-33.4622069691316],[-71.6566590879999,-33.4620627871316],[-71.6567996829999,-33.4604821311316],[-71.6570109179999,-33.4603769271316],[-71.6571888999999,-33.4598016091316],[-71.6581790499999,-33.4592694971316],[-71.6579508479999,-33.4588509301316],[-71.6566188689999,-33.4595556191316],[-71.6569627179999,-33.4599369631316],[-71.6565843829999,-33.4608685221316],[-71.6564880149999,-33.4622069691316]]]}},{"type":"Feature","properties":{"id":"5605011003046","commune":"El Tabo","code":"05605","gse":"D","quintil":"Q1","nse_score":643.1,"educ":12.5,"educ_score":633.3,"hacin":1.4,"hacin_class":"Hacinamiento Leve","hacin_score":766.0,"auto_score":0.0,"n_per":14,"n_hog":4,"source_year":2024},"geometry":{"type":"Polygon","coordinates":[[[-71.6571542929999,-33.4603041751316],[-71.6583999669999,-33.4596477721316],[-71.6582143679999,-33.4593076861316],[-71.657226051,-33.4598222191316],[-71.6571542929999,-33.4603041751316]]]}},{"type":"Feature","properties":{"id":"5605011003049","commune":"El Tabo","code":"05605","gse":"C2","quintil":"Q4","nse_score":775.6,"educ":14.5,"educ_score":766.7,"hacin":1.1,"hacin_class":"Hacinamiento Leve","hacin_score":829.8,"auto_score":200.0,"n_per":11,"n_hog":4,"source_year":2024},"geometry":{"type":"Polygon","coordinates":[[[-71.6568212839999,-33.4613472771316],[-71.6575147789999,-33.4606340281316],[-71.6572032699999,-33.4603840241316],[-71.6568485139999,-33.4605415661316],[-71.6568212839999,-33.4613472771316]]]}},{"type":"Feature","properties":{"id":"5605011003050","commune":"El Tabo","code":"05605","gse":"C2","quintil":"Q4","nse_score":754.0,"educ":12.1,"educ_score":606.7,"hacin":1.167,"hacin_class":"Hacinamiento Leve","hacin_score":815.6,"auto_score":250.0,"n_per":14,"n_hog":6,"source_year":2024},"geometry":{"type":"Polygon","coordinates":[[[-71.6568032699999,-33.4619667721316],[-71.6570676429999,-33.4617984821316],[-71.6579158549999,-33.4608770351316],[-71.657544061,-33.4606698751316],[-71.6567874849999,-33.4614345051316],[-71.6568032699999,-33.4619667721316]]]}},{"type":"Feature","properties":{"id":"5605011003002","commune":"El Tabo","code":"05605","gse":"C1","quintil":"Q5","nse_score":813.0,"educ":13.0,"educ_score":666.7,"hacin":0.75,"hacin_class":"Sin Hacinamiento","hacin_score":904.3,"auto_score":125.0,"n_per":6,"n_hog":4,"source_year":2024},"geometry":{"type":"MultiPolygon","coordinates":[[[[-71.6785067139999,-33.4482457921318],[-71.6792767499999,-33.4479880201318],[-71.6791189749999,-33.4476340361318],[-71.6780460839999,-33.4479600801318],[-71.6785067139999,-33.4482457921318]]],[[[-71.6778886139999,-33.4474881351318],[-71.6776834949999,-33.4474170731318],[-71.6775089719999,-33.4477107041318],[-71.677957751,-33.4479206031318],[-71.6784891419999,-33.4477439341318],[-71.6783170599999,-33.4473723881318],[-71.6778886139999,-33.4474881351318]]]]}},{"type":"Feature","properties":{"id":"5605011003042","commune":"El Tabo","code":"05605","gse":"C2","quintil":"Q4","nse_score":746.4,"educ":11.7,"educ_score":580.0,"hacin":0.857,"hacin_class":"Sin Hacinamiento","hacin_score":881.5,"auto_score":125.0,"n_per":6,"n_hog":4,"source_year":2024},"geometry":{"type":"MultiPolygon","coordinates":[[[[-71.6588691719999,-33.4602328191316],[-71.6598831549999,-33.4597032291316],[-71.6595813289999,-33.4591550981316],[-71.658512045,-33.4596928951316],[-71.6588691719999,-33.4602328191316]]],[[[-71.6584839189999,-33.4596033981316],[-71.6595225039999,-33.4590969201316],[-71.6593519969999,-33.4587250591317],[-71.6582078089999,-33.4591520781316],[-71.6584839189999,-33.4596033981316]]]]}},{"type":"Feature","properties":{"id":"5605011003034","commune":"El Tabo","code":"05605","gse":"ABC1","quintil":"Q5","nse_score":824.6,"educ":12.5,"educ_score":633.3,"hacin":0.75,"hacin_class":"Sin Hacinamiento","hacin_score":904.3,"auto_score":0.0,"n_per":6,"n_hog":4,"source_year":2024},"geometry":{"type":"MultiPolygon","coordinates":[[[[-71.6599239319999,-33.4594970661316],[-71.6607415439999,-33.4592017631316],[-71.6605091389999,-33.4587979351317],[-71.6596975849999,-33.4591042521316],[-71.6599239319999,-33.4594970661316]]],[[[-71.6605727159999,-33.4586938601316],[-71.661417491,-33.4583843921316],[-71.6610544529999,-33.4576840261316],[-71.6601768299999,-33.4580086821317],[-71.6605727159999,-33.4586938601316]]]]}},{"type":"Feature","properties":{"id":"5605011003004","commune":"El Tabo","code":"05605","gse":"C2","quintil":"Q4","nse_score":754.6,"educ":13.6,"educ_score":706.7,"hacin":2.083,"hacin_class":"Hacinamiento Medio","hacin_score":620.6,"auto_score":214.3,"n_per":25,"n_hog":9,"source_year":2024},"geometry":{"type":"MultiPolygon","coordinates":[[[[-71.6721476279999,-33.4544203831317],[-71.672477694,-33.4543621471317],[-71.6723526719999,-33.4536603271317],[-71.6718341329999,-33.4543026321317],[-71.6721476279999,-33.4544203831317]]],[[[-71.6727706279999,-33.4543342431317],[-71.6733102929999,-33.4541591851317],[-71.6742311169999,-33.4531708041317],[-71.6732412289999,-33.4525929221317],[-71.6723845299999,-33.4536200291317],[-71.6724792709999,-33.4541232721317],[-71.6727706279999,-33.4543342431317]]]]}},{"type":"Feature","properties":{"id":"5605011003010","commune":"El Tabo","code":"05605","gse":"C2","quintil":"Q4","nse_score":786.1,"educ":14.0,"educ_score":733.3,"hacin":1.308,"hacin_class":"Hacinamiento Leve","hacin_score":785.6,"auto_score":142.9,"n_per":17,"n_hog":7,"source_year":2024},"geometry":{"type":"MultiPolygon","coordinates":[[[[-71.6679131889999,-33.4561354741317],[-71.6683981649999,-33.4560278211317],[-71.6682084839999,-33.4552516541317],[-71.6676628319999,-33.4553558961317],[-71.6679131889999,-33.4561354741317]]],[[[-71.6684453079999,-33.4560238941317],[-71.6688648119999,-33.4559250721317],[-71.6686457939999,-33.4551558591317],[-71.6682503939999,-33.4552378091317],[-71.6684453079999,-33.4560238941317]]]]}},{"type":"Feature","properties":{"id":"5605011003047","commune":"El Tabo","code":"05605","gse":"C2","quintil":"Q4","nse_score":777.4,"educ":14.1,"educ_score":740.0,"hacin":1.375,"hacin_class":"Hacinamiento Leve","hacin_score":771.3,"auto_score":83.3,"n_per":11,"n_hog":6,"source_year":2024},"geometry":{"type":"MultiPolygon","coordinates":[[[[-71.6579989339999,-33.4608346481316],[-71.6582860779999,-33.4606852981316],[-71.6578577239999,-33.4600198031316],[-71.6572538339999,-33.4603358961316],[-71.6579989339999,-33.4608346481316]]],[[[-71.658346676,-33.4606574701316],[-71.6588755309999,-33.4603801791316],[-71.6584053209999,-33.4597414811316],[-71.6579082559999,-33.4600065211316],[-71.658346676,-33.4606574701316]]]]}},{"type":"Feature","properties":{"id":"5605011003013","commune":"El Tabo","code":"05605","gse":"D","quintil":"Q2","nse_score":661.4,"educ":12.6,"educ_score":640.0,"hacin":1.333,"hacin_class":"Hacinamiento Leve","hacin_score":780.1,"auto_score":0.0,"n_per":12,"n_hog":6,"source_year":2024},"geometry":{"type":"MultiPolygon","coordinates":[[[[-71.6664553199999,-33.4572991711316],[-71.6673459219999,-33.4572878181317],[-71.6670488429999,-33.4567495141317],[-71.6664867539999,-33.4569137861316],[-71.6664553199999,-33.4572991711316]]],[[[-71.6660958619999,-33.4569777961317],[-71.6668487909999,-33.4567475731316],[-71.6669908529999,-33.4565930931317],[-71.6667334929999,-33.4555564101317],[-71.6656668469999,-33.4558647961317],[-71.6660958619999,-33.4569777961317]]]]}},{"type":"Feature","properties":{"id":"5605011003005","commune":"El Tabo","code":"05605","gse":"C3","quintil":"Q3","nse_score":730.3,"educ":12.3,"educ_score":620.0,"hacin":1.1,"hacin_class":"Hacinamiento Leve","hacin_score":829.8,"auto_score":50.0,"n_per":55,"n_hog":26,"source_year":2024},"geometry":{"type":"MultiPolygon","coordinates":[[[[-71.6661373059999,-33.4572002241317],[-71.6662563279999,-33.4576473181317],[-71.6667196219999,-33.4578121631316],[-71.6671755039999,-33.4578666241317],[-71.6674859769999,-33.4574629011317],[-71.6673885049999,-33.4573360361317],[-71.6663714909999,-33.4573484181316],[-71.6661373059999,-33.4572002241317]]],[[[-71.6742655009999,-33.4531912341317],[-71.6732125339999,-33.4542738711317],[-71.6727813189999,-33.4543695461317],[-71.6724940099999,-33.4542301431317],[-71.672524215,-33.4543768871317],[-71.6723838199999,-33.4544363241317],[-71.671100609,-33.4547316791317],[-71.6712593749999,-33.4554286821317],[-71.6700448309999,-33.4557624511317],[-71.6703181079999,-33.4564043321317],[-71.669532365,-33.4570594021316],[-71.6696003769999,-33.4571552211317],[-71.6703734139999,-33.4571470061317],[-71.6706859099999,-33.4567388481317],[-71.6704721519999,-33.4571578881316],[-71.6698229019999,-33.4571903971316],[-71.6692684789999,-33.4571120691317],[-71.6688853889999,-33.4559885271317],[-71.6678905519999,-33.4561917491317],[-71.6681596489999,-33.4567977371317],[-71.6685487089999,-33.4567648351317],[-71.6681867899999,-33.4568370631317],[-71.6680719759999,-33.4567931901317],[-71.6678127169999,-33.4562030051317],[-71.6670962989999,-33.4563772251317],[-71.6675490579999,-33.4574476331317],[-71.6673610719999,-33.4577874641316],[-71.6671154809999,-33.4579273441316],[-71.6662539549999,-33.4577712281317],[-71.6658224669999,-33.4580491761316],[-71.6643407309999,-33.4584429621316],[-71.6646693399999,-33.4591796941316],[-71.6652546589999,-33.4591086951316],[-71.6659722709999,-33.4586404191316],[-71.6671758979999,-33.4584879141316],[-71.6681023229999,-33.4578203601316],[-71.6694501829999,-33.4578254131317],[-71.6702209689999,-33.4581447781317],[-71.6707032529999,-33.4581489891317],[-71.6707926679999,-33.4576552741317],[-71.6711088199999,-33.4575462051316],[-71.6719909319999,-33.4577073431316],[-71.6718135809999,-33.4570392191317],[-71.6719131449999,-33.4568763881317],[-71.6716329649999,-33.4564539421317],[-71.6716908479999,-33.4562579251317],[-71.6720138239999,-33.4559928931317],[-71.6725779439999,-33.4558249121317],[-71.6732012179999,-33.4549350101317],[-71.6737702129999,-33.4545478041317],[-71.6743364109999,-33.4544479401317],[-71.675243942,-33.4537546611317],[-71.6742655009999,-33.4531912341317]]]]}},{"type":"Feature","properties":{"id":"5605011003031","commune":"El Tabo","code":"05605","gse":"C2","quintil":"Q4","nse_score":756.0,"educ":12.3,"educ_score":620.0,"hacin":0.846,"hacin_class":"Sin Hacinamiento","hacin_score":883.8,"auto_score":214.3,"n_per":11,"n_hog":7,"source_year":2024},"geometry":{"type":"MultiPolygon","coordinates":[[[[-71.6596416319999,-33.4590413921317],[-71.6604648599999,-33.4587136411316],[-71.6601051159999,-33.4580171971317],[-71.6592546649999,-33.4583294361316],[-71.6596416319999,-33.4590413921317]]],[[[-71.6601352499999,-33.4579235911317],[-71.6609881569999,-33.4576181161317],[-71.6608257879999,-33.4572594311317],[-71.6600242869999,-33.4577229061317],[-71.6601352499999,-33.4579235911317]]]]}},{"type":"Feature","properties":{"id":"5605011003020","commune":"El Tabo","code":"05605","gse":"C3","quintil":"Q2","nse_score":679.3,"educ":11.4,"educ_score":560.0,"hacin":1.0,"hacin_class":"Hacinamiento Leve","hacin_score":851.1,"auto_score":250.0,"n_per":16,"n_hog":6,"source_year":2024},"geometry":{"type":"MultiPolygon","coordinates":[[[[-71.6615404169999,-33.4583470871316],[-71.6624327739999,-33.4579854071317],[-71.6620917039999,-33.4573144061317],[-71.6611467559999,-33.4576375791317],[-71.6615404169999,-33.4583470871316]]],[[[-71.6625346809999,-33.4579819791317],[-71.6638588549999,-33.4576000081317],[-71.6634290569999,-33.4564806171317],[-71.6619663739999,-33.4568799031317],[-71.6625346809999,-33.4579819791317]]]]}},{"type":"Feature","properties":{"id":"5605011003035","commune":"El Tabo","code":"05605","gse":"C2","quintil":"Q4","nse_score":759.4,"educ":14.4,"educ_score":760.0,"hacin":1.355,"hacin_class":"Hacinamiento Leve","hacin_score":775.6,"auto_score":159.1,"n_per":42,"n_hog":21,"source_year":2024},"geometry":{"type":"MultiPolygon","coordinates":[[[[-71.6626774219999,-33.4583834301316],[-71.6624582329999,-33.4580632561317],[-71.6615632999999,-33.4584074981316],[-71.6617266149999,-33.4588270181317],[-71.6615813999999,-33.4591054191317],[-71.658035707,-33.4608975621316],[-71.65654387,-33.4623093691316],[-71.6567414279999,-33.4627245021316],[-71.65734133,-33.4632849301316],[-71.6588007779999,-33.4615845901316],[-71.6594830199999,-33.4610976331316],[-71.661913147,-33.4602079381316],[-71.6624307249999,-33.4596563341316],[-71.6632626789999,-33.4591271861316],[-71.6642488439999,-33.4590816371316],[-71.6646693399999,-33.4591796941316],[-71.6642428919999,-33.4584827321316],[-71.6636299759999,-33.4586388951316],[-71.6633201239999,-33.4578349721317],[-71.6625536069999,-33.4580341111317],[-71.6626774219999,-33.4583834301316]]],[[[-71.6637533419999,-33.4585566751317],[-71.6641776609999,-33.4584069501316],[-71.6638927639999,-33.4576902891316],[-71.6634599909999,-33.4578312821316],[-71.6637533419999,-33.4585566751317]]]]}},{"type":"Feature","properties":{"id":"5605011004002","commune":"El Tabo","code":"05605","gse":"D","quintil":"Q2","nse_score":673.8,"educ":11.2,"educ_score":546.7,"hacin":1.04,"hacin_class":"Hacinamiento Leve","hacin_score":842.7,"auto_score":81.4,"n_per":79,"n_hog":38,"source_year":2024},"geometry":{"type":"Polygon","coordinates":[[[-71.6708297079999,-33.4457316981318],[-71.6753564389999,-33.4461480151318],[-71.675691104,-33.4474759111318],[-71.6754226279999,-33.4483902941317],[-71.675945038,-33.4483661041318],[-71.6761379609999,-33.4479954131318],[-71.6757989649999,-33.4477887091318],[-71.6761583439999,-33.4479628431318],[-71.6763702089999,-33.4475742491318],[-71.6764020029999,-33.4472708931318],[-71.676061494,-33.4460429111318],[-71.675187536,-33.4455214711318],[-71.6750391279999,-33.4456591251318],[-71.6745916849999,-33.4456272461318],[-71.6750271869999,-33.4456059461318],[-71.675112914,-33.4454962551318],[-71.6744982769999,-33.4452161561318],[-71.6741470559999,-33.4451498451318],[-71.6740263569999,-33.4456360691318],[-71.6741038479999,-33.4451460301318],[-71.6738542549999,-33.4451225761318],[-71.6737441349999,-33.4456991151318],[-71.673811424,-33.4451194861318],[-71.6736157779999,-33.4451052791318],[-71.673493161,-33.4456998381318],[-71.6735729679999,-33.4451019481318],[-71.6729800589999,-33.4450507861319],[-71.6728930649999,-33.4455272201318],[-71.6729373759999,-33.4450462091318],[-71.6724453939999,-33.4450046101318],[-71.6723997089999,-33.4455304551318],[-71.6724025549999,-33.4450013561318],[-71.6718606359999,-33.4449589001318],[-71.671818088,-33.4454419061318],[-71.6718070739999,-33.4449550641318],[-71.671327646,-33.4449170711318],[-71.6712404389999,-33.4454142261318],[-71.6712616399999,-33.4449122041318],[-71.6709357029999,-33.4449344151318],[-71.6708297079999,-33.4457316981318]]]}},{"type":"Feature","properties":{"id":"5605011004003","commune":"El Tabo","code":"05605","gse":"E","quintil":"Q1","nse_score":563.0,"educ":10.8,"educ_score":520.0,"hacin":2.571,"hacin_class":"Hacinamiento Crítico","hacin_score":516.7,"auto_score":250.0,"n_per":18,"n_hog":4,"source_year":2024},"geometry":{"type":"Polygon","coordinates":[[[-71.6703525689999,-33.4468131161318],[-71.6709940449999,-33.4468198201318],[-71.6712330779999,-33.4458216261318],[-71.6707957039999,-33.4458098341318],[-71.6703525689999,-33.4468131161318]]]}},{"type":"Feature","properties":{"id":"5605011004004","commune":"El Tabo","code":"05605","gse":"C3","quintil":"Q2","nse_score":697.6,"educ":12.2,"educ_score":613.3,"hacin":1.048,"hacin_class":"Hacinamiento Leve","hacin_score":840.9,"auto_score":107.1,"n_per":22,"n_hog":11,"source_year":2024},"geometry":{"type":"Polygon","coordinates":[[[-71.6710346539999,-33.4468951041318],[-71.6723868129999,-33.4469931881318],[-71.6721873139999,-33.4459538611318],[-71.6713379379999,-33.4458541441318],[-71.6711690839999,-33.4463656201318],[-71.6720365719999,-33.4464514171318],[-71.6711639129999,-33.4464171421318],[-71.6710346539999,-33.4468951041318]]]}},{"type":"Feature","properties":{"id":"5605011004005","commune":"El Tabo","code":"05605","gse":"D","quintil":"Q1","nse_score":624.4,"educ":11.9,"educ_score":593.3,"hacin":1.286,"hacin_class":"Hacinamiento Leve","hacin_score":790.3,"auto_score":0.0,"n_per":9,"n_hog":4,"source_year":2024},"geometry":{"type":"Polygon","coordinates":[[[-71.6729253949999,-33.4470089251318],[-71.6729098229999,-33.4459902761318],[-71.6722628249999,-33.4459250161318],[-71.6724498399999,-33.4469599231318],[-71.6729253949999,-33.4470089251318]]]}},{"type":"Feature","properties":{"id":"5605011004007","commune":"El Tabo","code":"05605","gse":"C3","quintil":"Q3","nse_score":715.0,"educ":12.6,"educ_score":640.0,"hacin":1.333,"hacin_class":"Hacinamiento Leve","hacin_score":780.1,"auto_score":0.0,"n_per":8,"n_hog":4,"source_year":2024},"geometry":{"type":"Polygon","coordinates":[[[-71.6738855369999,-33.4460603391318],[-71.6734194239999,-33.4460388181318],[-71.6735969369999,-33.4470463641318],[-71.6740357029999,-33.4471040131318],[-71.6738855369999,-33.4460603391318]]]}},{"type":"Feature","properties":{"id":"5605011004008","commune":"El Tabo","code":"05605","gse":"C3","quintil":"Q2","nse_score":696.1,"educ":11.8,"educ_score":586.7,"hacin":0.905,"hacin_class":"Sin Hacinamiento","hacin_score":871.3,"auto_score":150.0,"n_per":19,"n_hog":10,"source_year":2024},"geometry":{"type":"Polygon","coordinates":[[[-71.6754194729999,-33.4465761391318],[-71.6752954319999,-33.4461831411318],[-71.6740336139999,-33.4460921341318],[-71.6740996759999,-33.4464855891318],[-71.6754194729999,-33.4465761391318]]]}},{"type":"Feature","properties":{"id":"5605011004009","commune":"El Tabo","code":"05605","gse":"C3","quintil":"Q2","nse_score":696.6,"educ":12.6,"educ_score":640.0,"hacin":1.231,"hacin_class":"Hacinamiento Leve","hacin_score":802.0,"auto_score":250.0,"n_per":16,"n_hog":6,"source_year":2024},"geometry":{"type":"Polygon","coordinates":[[[-71.6770051159999,-33.4470795081318],[-71.6768647139999,-33.4463715981318],[-71.6763095789999,-33.4465306471318],[-71.6764425179999,-33.4475351611318],[-71.6766594799999,-33.4475367811318],[-71.6764336959999,-33.4475535471318],[-71.6760149169999,-33.4483660221318],[-71.6761985459999,-33.4488790601318],[-71.6774459179999,-33.4472139691318],[-71.6772201729999,-33.4465593351318],[-71.6769619979999,-33.4463157091318],[-71.6768842379999,-33.4463594761318],[-71.6770051159999,-33.4470795081318]]]}},{"type":"Feature","properties":{"id":"5605011004011","commune":"El Tabo","code":"05605","gse":"C3","quintil":"Q2","nse_score":687.5,"educ":12.1,"educ_score":606.7,"hacin":1.254,"hacin_class":"Hacinamiento Leve","hacin_score":797.0,"auto_score":183.5,"n_per":306,"n_hog":123,"source_year":2024},"geometry":{"type":"Polygon","coordinates":[[[-71.6703264949999,-33.4469182421318],[-71.6701545219999,-33.4472511831318],[-71.6705970459999,-33.4473927141318],[-71.6701263619999,-33.4472954741318],[-71.6699471779999,-33.4476883161318],[-71.6704026609999,-33.4478668981317],[-71.6699324189999,-33.4477221631318],[-71.6697551339999,-33.4481331201318],[-71.670225721,-33.4483012181318],[-71.6697406049999,-33.4481670451318],[-71.6695126069999,-33.4487088621318],[-71.6699494819999,-33.4488297471318],[-71.6694596799999,-33.4488138851318],[-71.6695556079999,-33.4492899661318],[-71.6701945049999,-33.4491819701317],[-71.6695657789999,-33.4493251101318],[-71.6698479329999,-33.4502187351318],[-71.6707062589999,-33.4501819581317],[-71.6703992809999,-33.4498453061317],[-71.6702078449999,-33.4494536191318],[-71.6702476039999,-33.4493248461318],[-71.6704307229999,-33.4497614401317],[-71.6708142859999,-33.4496534151318],[-71.6710954209999,-33.4499228971318],[-71.6727612809999,-33.4498917261317],[-71.6728926279999,-33.4491112631318],[-71.6723986329999,-33.4470467131318],[-71.6703264949999,-33.4469182421318]]]}},{"type":"Feature","properties":{"id":"5605011004022","commune":"El Tabo","code":"05605","gse":"D","quintil":"Q2","nse_score":670.4,"educ":12.2,"educ_score":613.3,"hacin":1.038,"hacin_class":"Hacinamiento Leve","hacin_score":842.9,"auto_score":13.9,"n_per":54,"n_hog":33,"source_year":2024},"geometry":{"type":"Polygon","coordinates":[[[-71.6754226279999,-33.4483902941317],[-71.6735414639999,-33.4488521241317],[-71.6728432539999,-33.4488465241317],[-71.6727403419999,-33.4498993401318],[-71.6711917889999,-33.4499383631318],[-71.6708142859999,-33.4496534151318],[-71.6704307229999,-33.4497614401317],[-71.6708183239999,-33.4502112901317],[-71.6729547609999,-33.4505441401317],[-71.6727677259999,-33.4511174421317],[-71.6723406579999,-33.4513236671317],[-71.6725176739999,-33.4518030831317],[-71.6735271559999,-33.4516262031317],[-71.6734836699999,-33.4512163721317],[-71.6737385659999,-33.4508678691317],[-71.6735442849999,-33.4512381401317],[-71.6736023659999,-33.4515671851317],[-71.6739798009999,-33.4515430091317],[-71.6761337299999,-33.4490860591318],[-71.6759458869999,-33.4484021811318],[-71.6754226279999,-33.4483902941317]]]}},{"type":"Feature","properties":{"id":"5605011004025","commune":"El Tabo","code":"05605","gse":"D","quintil":"Q2","nse_score":677.7,"educ":10.6,"educ_score":506.7,"hacin":1.083,"hacin_class":"Hacinamiento Leve","hacin_score":833.3,"auto_score":62.5,"n_per":13,"n_hog":7,"source_year":2024},"geometry":{"type":"Polygon","coordinates":[[[-71.6711189999999,-33.4513513791318],[-71.6715948519999,-33.4513717301317],[-71.6718283829999,-33.4504215731317],[-71.6713521659999,-33.4503773081317],[-71.6711189999999,-33.4513513791318]]]}},{"type":"Feature","properties":{"id":"5605011004028","commune":"El Tabo","code":"05605","gse":"C3","quintil":"Q2","nse_score":678.3,"educ":10.0,"educ_score":466.7,"hacin":0.692,"hacin_class":"Sin Hacinamiento","hacin_score":916.5,"auto_score":83.3,"n_per":9,"n_hog":5,"source_year":2024},"geometry":{"type":"Polygon","coordinates":[[[-71.672267685,-33.4513318791317],[-71.6711153609999,-33.4514530911318],[-71.6710914849999,-33.4520236111318],[-71.6724151639999,-33.4518107841317],[-71.672267685,-33.4513318791317]]]}},{"type":"Feature","properties":{"id":"5605011004029","commune":"El Tabo","code":"05605","gse":"C3","quintil":"Q3","nse_score":707.1,"educ":13.3,"educ_score":686.7,"hacin":1.75,"hacin_class":"Hacinamiento Medio","hacin_score":691.5,"auto_score":375.0,"n_per":14,"n_hog":4,"source_year":2024},"geometry":{"type":"Polygon","coordinates":[[[-71.6704221359999,-33.4520942411317],[-71.6710059519999,-33.4520273061317],[-71.671031577,-33.4514267041317],[-71.6702136189999,-33.4514131941317],[-71.6704221359999,-33.4520942411317]]]}},{"type":"Feature","properties":{"id":"5605011004030","commune":"El Tabo","code":"05605","gse":"C3","quintil":"Q3","nse_score":708.8,"educ":12.2,"educ_score":613.3,"hacin":1.394,"hacin_class":"Hacinamiento Leve","hacin_score":767.2,"auto_score":300.0,"n_per":46,"n_hog":15,"source_year":2024},"geometry":{"type":"Polygon","coordinates":[[[-71.6725003249999,-33.4519445821317],[-71.6725900729999,-33.4526136651317],[-71.6714800979999,-33.4529268441317],[-71.6716693049999,-33.4535701171317],[-71.6724215759999,-33.4534286201317],[-71.6738929059999,-33.4516677731317],[-71.6725003249999,-33.4519445821317]]]}},{"type":"Feature","properties":{"id":"5605011004031","commune":"El Tabo","code":"05605","gse":"C3","quintil":"Q3","nse_score":703.1,"educ":9.0,"educ_score":400.0,"hacin":0.8,"hacin_class":"Sin Hacinamiento","hacin_score":893.6,"auto_score":0.0,"n_per":4,"n_hog":4,"source_year":2024},"geometry":{"type":"Polygon","coordinates":[[[-71.6714707199999,-33.4528503721317],[-71.6725581869999,-33.4525854791317],[-71.6723925749999,-33.4519773441317],[-71.6712506179999,-33.4521103041317],[-71.6714707199999,-33.4528503721317]]]}},{"type":"Feature","properties":{"id":"5605011004032","commune":"El Tabo","code":"05605","gse":"D","quintil":"Q1","nse_score":650.8,"educ":10.6,"educ_score":506.7,"hacin":0.917,"hacin_class":"Sin Hacinamiento","hacin_score":868.8,"auto_score":62.5,"n_per":11,"n_hog":6,"source_year":2024},"geometry":{"type":"Polygon","coordinates":[[[-71.6711025689999,-33.4521226781318],[-71.6704116329999,-33.4521659711317],[-71.6706303249999,-33.4529955781317],[-71.6713573349999,-33.4528463481317],[-71.6711025689999,-33.4521226781318]]]}},{"type":"Feature","properties":{"id":"5605011004033","commune":"El Tabo","code":"05605","gse":"D","quintil":"Q1","nse_score":647.8,"educ":11.8,"educ_score":586.7,"hacin":1.385,"hacin_class":"Hacinamiento Leve","hacin_score":769.2,"auto_score":29.4,"n_per":36,"n_hog":13,"source_year":2024},"geometry":{"type":"Polygon","coordinates":[[[-71.6681027859999,-33.4525144911317],[-71.668304696,-33.4534614631317],[-71.6692413319999,-33.4532879191317],[-71.6692178489999,-33.4527741381317],[-71.6693923779999,-33.4532564511317],[-71.6705186499999,-33.4530104551317],[-71.6703122599999,-33.4521362001317],[-71.6681027859999,-33.4525144911317]]]}},{"type":"Feature","properties":{"id":"5605011004036","commune":"El Tabo","code":"05605","gse":"C3","quintil":"Q3","nse_score":726.4,"educ":13.7,"educ_score":713.3,"hacin":1.0,"hacin_class":"Hacinamiento Leve","hacin_score":851.1,"auto_score":142.9,"n_per":12,"n_hog":5,"source_year":2024},"geometry":{"type":"Polygon","coordinates":[[[-71.6705523279999,-33.4531090321317],[-71.6694612939999,-33.4533299011317],[-71.6695674529999,-33.4539746881317],[-71.6707040699999,-33.4537854001317],[-71.6705523279999,-33.4531090321317]]]}},{"type":"Feature","properties":{"id":"5605011004037","commune":"El Tabo","code":"05605","gse":"E","quintil":"Q1","nse_score":543.4,"educ":9.6,"educ_score":440.0,"hacin":1.75,"hacin_class":"Hacinamiento Medio","hacin_score":691.5,"auto_score":0.0,"n_per":7,"n_hog":4,"source_year":2024},"geometry":{"type":"Polygon","coordinates":[[[-71.6684510549999,-33.4541846071317],[-71.6694420539999,-33.4540029771317],[-71.6692897579999,-33.4533595961317],[-71.6682911799999,-33.4535696221317],[-71.6684510549999,-33.4541846071317]]]}},{"type":"Feature","properties":{"id":"5605011004043","commune":"El Tabo","code":"05605","gse":"C3","quintil":"Q3","nse_score":709.0,"educ":12.9,"educ_score":660.0,"hacin":1.318,"hacin_class":"Hacinamiento Leve","hacin_score":783.4,"auto_score":150.0,"n_per":29,"n_hog":9,"source_year":2024},"geometry":{"type":"Polygon","coordinates":[[[-71.6676878619999,-33.4552455721317],[-71.6685802029999,-33.4550565271317],[-71.6684108929999,-33.4543669411317],[-71.6674661799999,-33.4545765441317],[-71.6676878619999,-33.4552455721317]]]}},{"type":"Feature","properties":{"id":"5605011004006","commune":"El Tabo","code":"05605","gse":"D","quintil":"Q2","nse_score":654.0,"educ":11.9,"educ_score":593.3,"hacin":1.214,"hacin_class":"Hacinamiento Leve","hacin_score":805.5,"auto_score":125.0,"n_per":17,"n_hog":7,"source_year":2024},"geometry":{"type":"MultiPolygon","coordinates":[[[[-71.673197678,-33.4478339121318],[-71.6736390279999,-33.4477534191318],[-71.6735394859999,-33.4471224551318],[-71.6730535099999,-33.4470924461318],[-71.673197678,-33.4478339121318]]],[[[-71.6726910699999,-33.4479328661318],[-71.6730976459999,-33.4478498671318],[-71.6730009029999,-33.4471184461318],[-71.6725128519999,-33.4470397481318],[-71.6726910699999,-33.4479328661318]]],[[[-71.673491237,-33.4470656131318],[-71.6733642679999,-33.4460232911318],[-71.6729827719999,-33.4459837351318],[-71.6728964769999,-33.4463472151318],[-71.6730335549999,-33.4469914041318],[-71.673491237,-33.4470656131318]]]]}},{"type":"Feature","properties":{"id":"5605011004023","commune":"El Tabo","code":"05605","gse":"C3","quintil":"Q2","nse_score":683.8,"educ":12.7,"educ_score":646.7,"hacin":1.25,"hacin_class":"Hacinamiento Leve","hacin_score":797.9,"auto_score":0.0,"n_per":15,"n_hog":6,"source_year":2024},"geometry":{"type":"MultiPolygon","coordinates":[[[[-71.671013893,-33.4513694501318],[-71.6712966249999,-33.4503622341318],[-71.6708398909999,-33.4502667171317],[-71.6705716779999,-33.4513319841317],[-71.671013893,-33.4513694501318]]],[[[-71.6702237829999,-33.4513483231317],[-71.6705058339999,-33.4513141361317],[-71.6707718099999,-33.4502572201317],[-71.6698775689999,-33.4502775381318],[-71.6702237829999,-33.4513483231317]]]]}},{"type":"Feature","properties":{"id":"5605011004034","commune":"El Tabo","code":"05605","gse":"C2","quintil":"Q4","nse_score":760.6,"educ":12.8,"educ_score":653.3,"hacin":0.833,"hacin_class":"Sin Hacinamiento","hacin_score":886.5,"auto_score":83.3,"n_per":10,"n_hog":5,"source_year":2024},"geometry":{"type":"MultiPolygon","coordinates":[[[[-71.6674610249999,-33.4544396671317],[-71.6683512729999,-33.4542279831317],[-71.6681754789999,-33.4535818921317],[-71.6672453939999,-33.4537620561317],[-71.6674610249999,-33.4544396671317]]],[[[-71.6672332239999,-33.4536803951317],[-71.6681322179999,-33.4534919901317],[-71.6679770209999,-33.4528894351317],[-71.6670764199999,-33.4530396081317],[-71.6672332239999,-33.4536803951317]]]]}},{"type":"Feature","properties":{"id":"5605011004026","commune":"El Tabo","code":"05605","gse":"D","quintil":"Q2","nse_score":655.0,"educ":13.0,"educ_score":666.7,"hacin":0.875,"hacin_class":"Sin Hacinamiento","hacin_score":877.7,"auto_score":0.0,"n_per":7,"n_hog":4,"source_year":2024},"geometry":{"type":"MultiPolygon","coordinates":[[[[-71.6723579219999,-33.4512385291317],[-71.672717298,-33.4510700951317],[-71.6728675459999,-33.4505873411318],[-71.6724236709999,-33.4505381921318],[-71.6723579219999,-33.4512385291317]]],[[[-71.6717053879999,-33.4513793251318],[-71.6722624649999,-33.4512683491317],[-71.6723354379999,-33.4505033121318],[-71.6718872839999,-33.4504447051317],[-71.6717053879999,-33.4513793251318]]]]}},{"type":"Feature","properties":{"id":"5605011004016","commune":"El Tabo","code":"05605","gse":"C3","quintil":"Q2","nse_score":693.1,"educ":11.6,"educ_score":573.3,"hacin":1.091,"hacin_class":"Hacinamiento Leve","hacin_score":831.7,"auto_score":0.0,"n_per":12,"n_hog":6,"source_year":2024},"geometry":{"type":"MultiPolygon","coordinates":[[[[-71.6751011869999,-33.4484760711318],[-71.6753616439999,-33.4483835651317],[-71.6754593439999,-33.4478487751318],[-71.6741468359999,-33.4477822701318],[-71.6741170309999,-33.4481539781318],[-71.6749596609999,-33.4482662431318],[-71.6751011869999,-33.4484760711318]]],[[[-71.6749723919999,-33.4477651951318],[-71.6750576149999,-33.4472569451318],[-71.6745647029999,-33.4472234761318],[-71.6745150659999,-33.4477222191318],[-71.6749723919999,-33.4477651951318]]]]}},{"type":"Feature","properties":{"id":"5605011004010","commune":"El Tabo","code":"05605","gse":"D","quintil":"Q1","nse_score":632.5,"educ":10.2,"educ_score":480.0,"hacin":1.375,"hacin_class":"Hacinamiento Leve","hacin_score":771.3,"auto_score":90.9,"n_per":22,"n_hog":10,"source_year":2024},"geometry":{"type":"MultiPolygon","coordinates":[[[[-71.6754817179999,-33.4478047881318],[-71.6755916359999,-33.4472893821318],[-71.675135941,-33.4472582021318],[-71.6750844349999,-33.4477681651318],[-71.6754817179999,-33.4478047881318]]],[[[-71.6741751829999,-33.4471125701318],[-71.6755610269999,-33.4472041591318],[-71.6754137579999,-33.4466679551318],[-71.6740860669999,-33.4465630421318],[-71.6741751829999,-33.4471125701318]]]]}},{"type":"Feature","properties":{"id":"5605011004040","commune":"El Tabo","code":"05605","gse":"D","quintil":"Q1","nse_score":616.8,"educ":12.1,"educ_score":606.7,"hacin":1.429,"hacin_class":"Hacinamiento Leve","hacin_score":759.9,"auto_score":76.9,"n_per":20,"n_hog":9,"source_year":2024},"geometry":{"type":"MultiPolygon","coordinates":[[[[-71.6698227289999,-33.4548249631317],[-71.6709388009999,-33.4545970001317],[-71.6707512089999,-33.4538894981317],[-71.6695799439999,-33.4541307111317],[-71.6698227289999,-33.4548249631317]]],[[[-71.6710909009999,-33.4545866061317],[-71.6717238289999,-33.4542871991317],[-71.6715712459999,-33.4537043921317],[-71.670864461,-33.4538581111317],[-71.6710909009999,-33.4545866061317]]]]}},{"type":"Feature","properties":{"id":"5605011004020","commune":"El Tabo","code":"05605","gse":"E","quintil":"Q1","nse_score":549.0,"educ":10.8,"educ_score":520.0,"hacin":1.0,"hacin_class":"Hacinamiento Leve","hacin_score":851.1,"auto_score":0.0,"n_per":13,"n_hog":5,"source_year":2024},"geometry":{"type":"MultiPolygon","coordinates":[[[[-71.6741723979999,-33.4486617891317],[-71.6750253369999,-33.4484912391318],[-71.6750243449999,-33.4484588611318],[-71.6749392769999,-33.4483100881317],[-71.6740992679999,-33.4482143181318],[-71.6741723979999,-33.4486617891317]]],[[[-71.6726860469999,-33.4479900751318],[-71.6728662149999,-33.4487850391317],[-71.6733634139999,-33.4487092081318],[-71.673280357,-33.4482796331318],[-71.6734990669999,-33.4487799781318],[-71.6741007089999,-33.4486706871318],[-71.6738222059999,-33.4478066521318],[-71.6726860469999,-33.4479900751318]]]]}},{"type":"Feature","properties":{"id":"5605011004035","commune":"El Tabo","code":"05605","gse":"ABC1","quintil":"Q5","nse_score":866.2,"educ":15.3,"educ_score":820.0,"hacin":1.111,"hacin_class":"Hacinamiento Leve","hacin_score":827.4,"auto_score":150.0,"n_per":20,"n_hog":10,"source_year":2024},"geometry":{"type":"MultiPolygon","coordinates":[[[[-71.6717996459999,-33.4541782931317],[-71.6722949059999,-33.4535737421317],[-71.6722974379999,-33.4535499891317],[-71.6716747129999,-33.4536688281317],[-71.6717996459999,-33.4541782931317]]],[[[-71.6708654009999,-33.4537615851317],[-71.6715514659999,-33.4535803571317],[-71.6713748429999,-33.4529350961317],[-71.6706407049999,-33.4530923361317],[-71.6708654009999,-33.4537615851317]]]]}},{"type":"Feature","properties":{"id":"5605011005001","commune":"El Tabo","code":"05605","gse":"C2","quintil":"Q4","nse_score":747.2,"educ":12.2,"educ_score":613.3,"hacin":1.054,"hacin_class":"Hacinamiento Leve","hacin_score":839.5,"auto_score":230.8,"n_per":58,"n_hog":26,"source_year":2024},"geometry":{"type":"Polygon","coordinates":[[[-71.6442227609999,-33.4451755571318],[-71.6438130649999,-33.4442929061318],[-71.6434245789999,-33.4445069631318],[-71.6439396069999,-33.4453748511318],[-71.6434069349999,-33.4445176491318],[-71.6424340539999,-33.4451234181318],[-71.6411613929999,-33.4463775741318],[-71.6413789119999,-33.4465620201318],[-71.6416880169999,-33.4464602571318],[-71.6414361539999,-33.4465989091318],[-71.6413649189999,-33.4465925491318],[-71.6411293439999,-33.4463923701318],[-71.6409790349999,-33.4464567721318],[-71.6407677219999,-33.4471901571318],[-71.6408146529999,-33.4474425971318],[-71.6419534599999,-33.4470187291318],[-71.64338835,-33.4467326941318],[-71.6431429699999,-33.4459844101318],[-71.6434431179999,-33.4467214821318],[-71.6438180059999,-33.4466253331318],[-71.6435706999999,-33.4456752341318],[-71.6438724959999,-33.4465835671318],[-71.6441092889999,-33.4464800671318],[-71.6442111649999,-33.4463995941318],[-71.6439273339999,-33.4455032761318],[-71.6442503009999,-33.4463706271318],[-71.6450714629999,-33.4458686371318],[-71.6452393389999,-33.4454816881318],[-71.6450887209999,-33.4457852361318],[-71.6449291139999,-33.4458701641318],[-71.6447259679999,-33.4458319631318],[-71.644244522,-33.4454651021318],[-71.6447529319999,-33.4458080701318],[-71.6450563409999,-33.4457854901318],[-71.6453254489999,-33.4451529301318],[-71.6454067559999,-33.4442671241319],[-71.6444908819999,-33.4441609741318],[-71.6438587029999,-33.4442689821318],[-71.6442227609999,-33.4451755571318]]]}},{"type":"Feature","properties":{"id":"5605011005002","commune":"El Tabo","code":"05605","gse":"C3","quintil":"Q2","nse_score":686.6,"educ":10.5,"educ_score":500.0,"hacin":1.087,"hacin_class":"Hacinamiento Leve","hacin_score":832.6,"auto_score":210.5,"n_per":50,"n_hog":20,"source_year":2024},"geometry":{"type":"Polygon","coordinates":[[[-71.6454729279999,-33.4442592691318],[-71.6452638979999,-33.4458635881318],[-71.6459298709999,-33.4458223661318],[-71.6460138889999,-33.4452031001318],[-71.6459516819999,-33.4458205931318],[-71.6474465299999,-33.4456802611318],[-71.6484352559999,-33.4459726841318],[-71.649453864,-33.4465667941318],[-71.6498817469999,-33.4465591611318],[-71.6498664519999,-33.4455705211318],[-71.6491240289999,-33.4455245431318],[-71.6498599339999,-33.4455240751318],[-71.6497824549999,-33.4445653511318],[-71.6488248309999,-33.4445517841318],[-71.6487419129999,-33.4451512141318],[-71.6487702479999,-33.4445411291318],[-71.6475847909999,-33.4444920741318],[-71.6475224129999,-33.4449668641318],[-71.6475293749999,-33.4444895401318],[-71.6471143959999,-33.4444444741318],[-71.6470727269999,-33.4450093541318],[-71.6470929839999,-33.4444424681318],[-71.6454729279999,-33.4442592691318]]]}},{"type":"Feature","properties":{"id":"5605011005003","commune":"El Tabo","code":"05605","gse":"C3","quintil":"Q2","nse_score":686.2,"educ":11.3,"educ_score":553.3,"hacin":1.303,"hacin_class":"Hacinamiento Leve","hacin_score":786.7,"auto_score":144.2,"n_per":254,"n_hog":103,"source_year":2024},"geometry":{"type":"Polygon","coordinates":[[[-71.6505576579999,-33.4485284801318],[-71.6523233169999,-33.4482378801318],[-71.6522618219999,-33.4476161251318],[-71.6521058639999,-33.4474316191318],[-71.6522938219999,-33.4476111571318],[-71.6523549469999,-33.4482330181318],[-71.6538139979999,-33.4479130201318],[-71.6539002679999,-33.4477175651318],[-71.6539844819999,-33.4476788921318],[-71.6544661369999,-33.4479690871318],[-71.6539391839999,-33.4477368191318],[-71.6542358429999,-33.4486484171318],[-71.654739865,-33.4488640101318],[-71.6548950639999,-33.4485272991318],[-71.6546224799999,-33.4482761841318],[-71.6549369989999,-33.4485186691318],[-71.6547815869999,-33.4488763631318],[-71.656428521,-33.4495383811318],[-71.656934954,-33.4502132171318],[-71.6563952029999,-33.4504240201318],[-71.6564481179999,-33.4505230041317],[-71.6561911869999,-33.4504999641318],[-71.6568797419999,-33.4502235971317],[-71.6564524609999,-33.4496222801317],[-71.6542583359999,-33.4487107781318],[-71.6543774189999,-33.4492780701318],[-71.6553773159999,-33.4498244711317],[-71.6556357059999,-33.4501945011318],[-71.6560099609999,-33.4499945941317],[-71.6559475849999,-33.4499026871318],[-71.6555952099999,-33.4495901221318],[-71.6548801469999,-33.4493022691317],[-71.6556241559999,-33.4495520421317],[-71.6560547659999,-33.4499694811318],[-71.6563350829999,-33.4498661321318],[-71.6565990719999,-33.4502032661318],[-71.6562843959999,-33.4498949821318],[-71.6556602779999,-33.4502345931318],[-71.655225803,-33.4507690171317],[-71.6561328059999,-33.4513143861317],[-71.6567602569999,-33.4506739561318],[-71.6561891339999,-33.4513480061317],[-71.657142845,-33.4519479681318],[-71.6582059379999,-33.4524009591317],[-71.6589389659999,-33.4522013971317],[-71.6599314539999,-33.4522376381317],[-71.6604368509999,-33.4526971711317],[-71.660330487,-33.4523709011317],[-71.6593424299999,-33.4509921531318],[-71.6592701669999,-33.4509356791318],[-71.6586826569999,-33.4514074321317],[-71.6592407969999,-33.4509145331317],[-71.657435302,-33.4497789011318],[-71.6573955469999,-33.4495793661318],[-71.6575077719999,-33.4498059101318],[-71.6578527889999,-33.4499818221317],[-71.6581205489999,-33.4497063041318],[-71.6578883339999,-33.4500020991318],[-71.6593941909999,-33.4509341321317],[-71.6594124089999,-33.4505345761317],[-71.6592418119999,-33.4501048731317],[-71.6587894919999,-33.4494177321317],[-71.6585689649999,-33.4496016431317],[-71.6587618479999,-33.4493836681318],[-71.6584159569999,-33.4489061021318],[-71.657856277,-33.4487381141317],[-71.6576090359999,-33.4488818961318],[-71.6569952589999,-33.4487846921318],[-71.6571008559999,-33.4492029991318],[-71.6568818359999,-33.4485896181317],[-71.6569746709999,-33.4487263441318],[-71.6575987329999,-33.4488267031318],[-71.6578478829999,-33.4486841061318],[-71.6581187569999,-33.4487346731318],[-71.6584628609999,-33.4488681961317],[-71.6586173759999,-33.4490865791318],[-71.6593025459999,-33.4477212721318],[-71.6589269789999,-33.4476573211318],[-71.6587893349999,-33.4478713771318],[-71.6588293429999,-33.4476248791318],[-71.6578746629999,-33.4474343611318],[-71.6574519209999,-33.4486116371318],[-71.6578161989999,-33.4474246201318],[-71.6575177049999,-33.4473709281318],[-71.6572588419999,-33.4478371541318],[-71.6574637059999,-33.4473552111318],[-71.65675282,-33.4471717511318],[-71.6560092839999,-33.4467830921318],[-71.6558988899999,-33.4471114241318],[-71.6565363689999,-33.4474967951318],[-71.6570918899999,-33.4476392661318],[-71.6569273469999,-33.4476649691318],[-71.6566015869999,-33.4483398361318],[-71.6568553739999,-33.4476384161318],[-71.6564313389999,-33.4475194071318],[-71.6562599749999,-33.4477775281318],[-71.6563762089999,-33.4474684181318],[-71.656049805,-33.4472729661318],[-71.6558847779999,-33.4475146511318],[-71.6559891909999,-33.4472288481318],[-71.6547044559999,-33.4464241311318],[-71.655793823,-33.4470547241318],[-71.6559450929999,-33.4467325951318],[-71.6548187089999,-33.4460440931318],[-71.6546315459999,-33.4464062971318],[-71.6543424419999,-33.4464027281318],[-71.6545994229999,-33.4463741751318],[-71.6547825809999,-33.4460195911318],[-71.6533868249999,-33.4451661541318],[-71.6527807709999,-33.4449170571318],[-71.6508943769999,-33.4446406671318],[-71.6509211509999,-33.4455507441318],[-71.6507122439999,-33.4455917851318],[-71.6508705809999,-33.4455437461318],[-71.6508337129999,-33.4446366631318],[-71.6505098489999,-33.4446086541318],[-71.6504969569999,-33.4453578131318],[-71.6504591809999,-33.4446057521318],[-71.650130423,-33.4445874591318],[-71.6500490559999,-33.4452849221318],[-71.6500838569999,-33.4445913681318],[-71.6498523299999,-33.4445697521318],[-71.6499807339999,-33.4465933831318],[-71.650643338,-33.4466484311318],[-71.6514825459999,-33.4464989331318],[-71.6514192339999,-33.4457099641318],[-71.6515619289999,-33.4464538621318],[-71.6521725699999,-33.4463786891318],[-71.6522904999999,-33.4462548361318],[-71.6522984969999,-33.4458282711318],[-71.6524344819999,-33.4456487561319],[-71.6523494279999,-33.4460539651318],[-71.6531050869999,-33.4461437881318],[-71.652353806,-33.4460904701318],[-71.6523484759999,-33.4462061451318],[-71.6530604729999,-33.4465389771318],[-71.6523433529999,-33.4462450661318],[-71.6521631999999,-33.4464205331318],[-71.6507664729999,-33.4466714691318],[-71.6499388979999,-33.4466346021318],[-71.6500241959999,-33.4472848741318],[-71.6498957049999,-33.4466288491318],[-71.6494703079999,-33.4466078201318],[-71.6484134159999,-33.4474147881318],[-71.6482655179999,-33.4482249851318],[-71.6491183819999,-33.4487614451318],[-71.6505095709999,-33.4485359491318],[-71.6503420919999,-33.4477368921318],[-71.6505576579999,-33.4485284801318]]]}},{"type":"Feature","properties":{"id":"5605011005004","commune":"El Tabo","code":"05605","gse":"D","quintil":"Q1","nse_score":643.0,"educ":10.2,"educ_score":480.0,"hacin":1.196,"hacin_class":"Hacinamiento Leve","hacin_score":809.4,"auto_score":157.5,"n_per":171,"n_hog":66,"source_year":2024},"geometry":{"type":"Polygon","coordinates":[[[-71.6472959159999,-33.4469768671318],[-71.6472722619999,-33.4472460321318],[-71.6472527139999,-33.4469518211318],[-71.6468031929999,-33.4467576961318],[-71.6468012189999,-33.4471068301318],[-71.6467591649999,-33.4467514521318],[-71.6459649919999,-33.4467668481318],[-71.6451109219999,-33.4466943351318],[-71.6447132369999,-33.4467984981318],[-71.6442770169999,-33.4468176471318],[-71.6438274339999,-33.4466669141318],[-71.6431103769999,-33.4468479301318],[-71.643312954,-33.4474324661318],[-71.6430898129999,-33.4468531971318],[-71.6425453439999,-33.4469539141318],[-71.6427041709999,-33.4475625551318],[-71.6425239129999,-33.4469562511318],[-71.6419905919999,-33.4470525161318],[-71.6419496169999,-33.4472661731318],[-71.6421529489999,-33.4475241851318],[-71.6421981389999,-33.4477353431318],[-71.6419284379999,-33.4472697241318],[-71.6419655539999,-33.4470589981318],[-71.6412641839999,-33.4472869211318],[-71.6414507399999,-33.4475506131318],[-71.6412454269999,-33.4472957911318],[-71.6408510209999,-33.4475044491318],[-71.6416145059999,-33.4484013691318],[-71.6422325179999,-33.4479683431318],[-71.6416367429999,-33.4484245551318],[-71.6420129649999,-33.4487859581317],[-71.6427346069999,-33.4487174361318],[-71.6426560079999,-33.4480685841318],[-71.6427666599999,-33.4487145231317],[-71.6432297579999,-33.4486599281317],[-71.6430609639999,-33.4478655471318],[-71.6433030619999,-33.4486445481318],[-71.6436117289999,-33.4486240171318],[-71.6434723769999,-33.4478896001318],[-71.6432999189999,-33.4478117201318],[-71.6432858419999,-33.4477316421318],[-71.6435114439999,-33.4478686751318],[-71.6436543129999,-33.4486189391317],[-71.643972947,-33.4485773561318],[-71.6437619899999,-33.4477399551318],[-71.6440269979999,-33.4485738271318],[-71.6443960319999,-33.4484701261318],[-71.6440855749999,-33.4476552701318],[-71.6444463089999,-33.4484542291318],[-71.6447905819999,-33.4483529191318],[-71.644491076,-33.4477129521318],[-71.6448387029999,-33.4483328451318],[-71.6451515769999,-33.4482023211318],[-71.6447807189999,-33.4476011711318],[-71.645200095,-33.4481821041318],[-71.6455779229999,-33.4480703121317],[-71.6452081029999,-33.4476319941318],[-71.6455999469999,-33.4480649711318],[-71.6472418679999,-33.4478729201318],[-71.6473959279999,-33.4474195561318],[-71.6473434189999,-33.4479040571318],[-71.6482142319999,-33.4481829541318],[-71.6482852489999,-33.4476828351318],[-71.6478706779999,-33.4475391001317],[-71.6482939819999,-33.4476496901318],[-71.6483853409999,-33.4473855651318],[-71.6493863319999,-33.4465811501318],[-71.6490178869999,-33.4463279611318],[-71.6484819339999,-33.4467383571318],[-71.6489654099999,-33.4462971191318],[-71.6484874829999,-33.4460503071318],[-71.6481192289999,-33.4465057551318],[-71.6479713279999,-33.4464657971318],[-71.6481017249999,-33.4464631491318],[-71.6484499819999,-33.4460324331318],[-71.6480474529999,-33.4459030131318],[-71.6476603169999,-33.4465359791318],[-71.6480068769999,-33.4458905591318],[-71.6475704429999,-33.4457601261318],[-71.6473785139999,-33.4463339581318],[-71.6475500159999,-33.4457543701318],[-71.6473245569999,-33.4457144701318],[-71.6470577999999,-33.4457426101318],[-71.6468966159999,-33.4462864171318],[-71.6470059929999,-33.4457455391318],[-71.6465147989999,-33.4457868331318],[-71.6464276099999,-33.4461787151318],[-71.6464686719999,-33.4457843951318],[-71.6450779389999,-33.4459162631318],[-71.6439232589999,-33.4466518051318],[-71.644281513,-33.4467817101318],[-71.6451097009999,-33.4466583131318],[-71.6467841909999,-33.4467166271318],[-71.6474904599999,-33.4470511541318],[-71.6472959159999,-33.4469768671318]]]}},{"type":"Feature","properties":{"id":"5605011005005","commune":"El Tabo","code":"05605","gse":"C2","quintil":"Q4","nse_score":758.1,"educ":12.8,"educ_score":653.3,"hacin":1.133,"hacin_class":"Hacinamiento Leve","hacin_score":822.7,"auto_score":166.7,"n_per":17,"n_hog":6,"source_year":2024},"geometry":{"type":"Polygon","coordinates":[[[-71.6589213949999,-33.4485669151318],[-71.6605689789999,-33.4488676761318],[-71.6608312189999,-33.4478446541318],[-71.6593685449999,-33.4477400101318],[-71.6589213949999,-33.4485669151318]]]}},{"type":"Feature","properties":{"id":"5605011005006","commune":"El Tabo","code":"05605","gse":"D","quintil":"Q1","nse_score":638.6,"educ":10.4,"educ_score":493.3,"hacin":1.156,"hacin_class":"Hacinamiento Leve","hacin_score":818.0,"auto_score":104.2,"n_per":52,"n_hog":22,"source_year":2024},"geometry":{"type":"Polygon","coordinates":[[[-71.6608981809999,-33.4478502401318],[-71.6606167849999,-33.4489060531317],[-71.6611093469999,-33.4490546781318],[-71.6589033729999,-33.4486014721318],[-71.6586839329999,-33.4491775631317],[-71.6588937489999,-33.4494390671318],[-71.6607923849999,-33.4495540701317],[-71.6613526849999,-33.4501456471317],[-71.6626348859999,-33.4496969581318],[-71.6636439889999,-33.4491867111317],[-71.6632855199999,-33.4486974051318],[-71.6628320139999,-33.4484724621318],[-71.6619532639999,-33.4491412861318],[-71.6623393849999,-33.4487924951318],[-71.6617556519999,-33.4485101601318],[-71.6623970739999,-33.4487503091318],[-71.6627536969999,-33.4484402551318],[-71.6608981809999,-33.4478502401318]]]}},{"type":"Feature","properties":{"id":"5605011005007","commune":"El Tabo","code":"05605","gse":"D","quintil":"Q1","nse_score":622.2,"educ":10.7,"educ_score":513.3,"hacin":1.22,"hacin_class":"Hacinamiento Leve","hacin_score":804.2,"auto_score":98.2,"n_per":288,"n_hog":127,"source_year":2024},"geometry":{"type":"Polygon","coordinates":[[[-71.6425277809999,-33.4493306591318],[-71.6428792489999,-33.4492499571318],[-71.6440566339999,-33.4494842591317],[-71.6442554029999,-33.4497034051317],[-71.6452757879999,-33.4499270111317],[-71.6464149889999,-33.4497237751318],[-71.6472054139999,-33.4497486371317],[-71.6477574609999,-33.4494207671317],[-71.6490008569999,-33.4496029201318],[-71.6494760679999,-33.4497895611317],[-71.6501971149999,-33.4507012671318],[-71.650053823,-33.4509363851317],[-71.651012309,-33.4515719161317],[-71.6514189669999,-33.4524402341317],[-71.6517946749999,-33.4523762511317],[-71.6514247669999,-33.4524576171317],[-71.6515739649999,-33.4529454811317],[-71.6518937839999,-33.4528050271317],[-71.6516106609999,-33.4530393701317],[-71.652004083,-33.4531325311317],[-71.6525976689999,-33.4536793271317],[-71.6530915379999,-33.4533253391317],[-71.6526751479999,-33.4529061401317],[-71.653119881,-33.4532980151317],[-71.6535599239999,-33.4530364761317],[-71.6541012179999,-33.4534622121317],[-71.654241323,-33.4528602761317],[-71.6541427679999,-33.4534719571317],[-71.6557625249999,-33.4537673331317],[-71.6560117619999,-33.4531560081317],[-71.6561489879999,-33.4531363281317],[-71.6558587999999,-33.4537619521317],[-71.656291785,-33.4538816171317],[-71.6566203119999,-33.4530921191317],[-71.6563667529999,-33.4538874191317],[-71.6568652369999,-33.4539967721317],[-71.6571916009999,-33.4533592131317],[-71.6568521589999,-33.4529231731317],[-71.6568458799999,-33.4527413241317],[-71.6573215189999,-33.4525969871317],[-71.6574849629999,-33.4521675591317],[-71.6563721859999,-33.4515465711318],[-71.6556648889999,-33.4522333061317],[-71.655911365,-33.4524598511317],[-71.6556213199999,-33.4522733271317],[-71.6553528569999,-33.4524875031317],[-71.6547228929999,-33.4524632861317],[-71.6553346619999,-33.4524353601317],[-71.6556053739999,-33.4522077881317],[-71.6549007679999,-33.4517465191317],[-71.6556491249999,-33.4521670951317],[-71.6563201039999,-33.4515144841317],[-71.6555935389999,-33.4510624721317],[-71.6537261069999,-33.4526083841317],[-71.6533579549999,-33.4526127551317],[-71.6528376349999,-33.4522729581317],[-71.6536370269999,-33.4525774421317],[-71.6538599499999,-33.4524221951317],[-71.6530311069999,-33.4518406461317],[-71.6538907819999,-33.4523966341317],[-71.6544763289999,-33.4519154131317],[-71.6535486529999,-33.4512683271317],[-71.6545068329999,-33.4518898051317],[-71.6547358449999,-33.4517055261317],[-71.6538393719999,-33.4510772311317],[-71.6547656299999,-33.4516792631318],[-71.6550914009999,-33.4514048821318],[-71.6543478689999,-33.4509309881317],[-71.6551220289999,-33.4513790311317],[-71.6552081259999,-33.4513061651317],[-71.6549241859999,-33.4510954611318],[-71.6552235099999,-33.4512934451317],[-71.6555334699999,-33.4510333461317],[-71.6547736339999,-33.4505121261317],[-71.6544588249999,-33.4507806701317],[-71.6547487489999,-33.4504807241317],[-71.6546262989999,-33.4503188851318],[-71.6543617199999,-33.4505449051318],[-71.654602183,-33.4502864381317],[-71.6544851109999,-33.4501194151318],[-71.6541529019999,-33.4504351651317],[-71.6544607109999,-33.4500866591318],[-71.6542344299999,-33.4488746571317],[-71.6538977779999,-33.4479560371318],[-71.6537125809999,-33.4480026401317],[-71.6538511829999,-33.4484629221317],[-71.6536718509999,-33.4480144911318],[-71.6532754979999,-33.4481032991318],[-71.6533975609999,-33.4485575441318],[-71.6532339209999,-33.4481125101318],[-71.6529695609999,-33.4481771851318],[-71.65322993,-33.4493703021317],[-71.6540484029999,-33.4494258981318],[-71.6532345549999,-33.4494064821317],[-71.6531732639999,-33.4498634491318],[-71.6538242659999,-33.4500037551318],[-71.6531595359999,-33.4498976231317],[-71.6527406959999,-33.4505765131317],[-71.6535757169999,-33.4509686411317],[-71.6527176739999,-33.4506138211317],[-71.6525896209999,-33.4507760881317],[-71.6532248699999,-33.4510818741317],[-71.6525669159999,-33.4508069361317],[-71.6523477309999,-33.4511073651317],[-71.6530722409999,-33.4514494201318],[-71.6523249279999,-33.4511386201317],[-71.6522472869999,-33.4512449951318],[-71.6521910889999,-33.4515404691317],[-71.6527541139999,-33.4518227651317],[-71.6521048249999,-33.4515100741317],[-71.6521888009999,-33.4512216931317],[-71.6525039409999,-33.4507842431317],[-71.6508662079999,-33.4498049701318],[-71.6505159439999,-33.4503460731317],[-71.6508286329999,-33.4497873961317],[-71.6503610549999,-33.4496682811318],[-71.6501453859999,-33.4500573121318],[-71.6503413369999,-33.4496610901318],[-71.6497719139999,-33.4494285671317],[-71.6491317559999,-33.4488122681318],[-71.6482734329999,-33.4483104991318],[-71.6479234539999,-33.4485803641318],[-71.6484185099999,-33.4490484391318],[-71.6478936709999,-33.4486063561317],[-71.6473807969999,-33.4490023251318],[-71.6474508449999,-33.4492231141318],[-71.647393458,-33.4494124211317],[-71.6473463739999,-33.4490243561318],[-71.6463079979999,-33.4496698951318],[-71.6468867749999,-33.4492083611318],[-71.646564167,-33.4489353721318],[-71.6469059329999,-33.4491987841317],[-71.6472617399999,-33.4490100781318],[-71.6468137239999,-33.4486298851318],[-71.6472905609999,-33.4489916341318],[-71.6477534699999,-33.4486591451318],[-71.6470243889999,-33.4483048991318],[-71.6466213479999,-33.4483666421318],[-71.6470319249999,-33.4482566031318],[-71.6477929509999,-33.4486189331318],[-71.6482196029999,-33.4482717651318],[-71.6476723709999,-33.4480429651318],[-71.6466273329999,-33.4479189611318],[-71.6466013179999,-33.4481975251318],[-71.6465502199999,-33.4479326711318],[-71.6462653859999,-33.4480029991318],[-71.6461655879999,-33.4480499851318],[-71.6462486809999,-33.4485818191317],[-71.6461247049999,-33.4480652531318],[-71.6446511899999,-33.4484552701318],[-71.6450093589999,-33.4492249831318],[-71.6446095009999,-33.4484653331318],[-71.6444588619999,-33.4485016941318],[-71.6448127529999,-33.4497358291318],[-71.6444175319999,-33.4485116931318],[-71.6440761069999,-33.4486123781318],[-71.6440936049999,-33.4493987691317],[-71.6440429089999,-33.4486170341318],[-71.6420360989999,-33.4488346201318],[-71.6423612789999,-33.4491591891318],[-71.6436375999999,-33.4490364841317],[-71.6437682899999,-33.4491039611318],[-71.6437827339999,-33.4492480301317],[-71.6436911899999,-33.4490714671318],[-71.642390669,-33.4491913551317],[-71.6425277809999,-33.4493306591318]]]}},{"type":"Feature","properties":{"id":"5605011005008","commune":"El Tabo","code":"05605","gse":"C3","quintil":"Q2","nse_score":679.2,"educ":10.3,"educ_score":486.7,"hacin":1.357,"hacin_class":"Hacinamiento Leve","hacin_score":775.1,"auto_score":140.0,"n_per":57,"n_hog":25,"source_year":2024},"geometry":{"type":"Polygon","coordinates":[[[-71.6529063669999,-33.4481883571318],[-71.6491756619999,-33.4488202431318],[-71.6491783859999,-33.4488482311318],[-71.6501293059999,-33.4495579411318],[-71.6502006599999,-33.4491142491318],[-71.6501605209999,-33.4495681711318],[-71.6510623279999,-33.4498524991317],[-71.6512554909999,-33.4493130531318],[-71.6510811949999,-33.4498611491318],[-71.6525295419999,-33.4507542461317],[-71.6530819559999,-33.4499121411317],[-71.6523221759999,-33.4497122591318],[-71.6530989779999,-33.4498790051318],[-71.6531468189999,-33.4492313501318],[-71.6531184599999,-33.4491020371318],[-71.6522326549999,-33.4491849391318],[-71.653110625,-33.4490665781318],[-71.6529063669999,-33.4481883571318]]]}},{"type":"Feature","properties":{"id":"5605011005009","commune":"El Tabo","code":"05605","gse":"C2","quintil":"Q4","nse_score":747.9,"educ":12.0,"educ_score":600.0,"hacin":1.282,"hacin_class":"Hacinamiento Leve","hacin_score":791.1,"auto_score":205.9,"n_per":91,"n_hog":34,"source_year":2024},"geometry":{"type":"Polygon","coordinates":[[[-71.6636896889999,-33.4492495901318],[-71.6613635089999,-33.4502093221317],[-71.6618129919999,-33.4507797201318],[-71.6618429919999,-33.4509799891318],[-71.6616844069999,-33.4513409531317],[-71.6612604079999,-33.4516857691317],[-71.6612327699999,-33.4519431741317],[-71.6617533509999,-33.4521591371318],[-71.6623583479999,-33.4519781531317],[-71.6627242819999,-33.4519732711317],[-71.6628253719999,-33.4521024961317],[-71.6629220429999,-33.4523735061317],[-71.6621777089999,-33.4528740111317],[-71.6622824399999,-33.4531654321317],[-71.6627843709999,-33.4530429801317],[-71.6628579369999,-33.4528462141317],[-71.662831347,-33.4530323441317],[-71.6629312289999,-33.4530326171317],[-71.6629834389999,-33.4531158621317],[-71.662972867,-33.4532250911317],[-71.662892128,-33.4530582311317],[-71.6622921299999,-33.4532014051317],[-71.6625363659999,-33.4540684351317],[-71.6642988349999,-33.4536687511317],[-71.6643341699999,-33.4537556401317],[-71.6637592379999,-33.4539453861317],[-71.6642357069999,-33.4551702891317],[-71.6651884119999,-33.4549625101317],[-71.6648375519999,-33.4534737131317],[-71.6669007589999,-33.4530073491317],[-71.666731351,-33.4524625231318],[-71.6664157609999,-33.4522220531317],[-71.6656940319999,-33.4520730041317],[-71.6652264079999,-33.4517979621317],[-71.6639290779999,-33.4496452141317],[-71.6627021219999,-33.4501387591317],[-71.6639116129999,-33.4496160971318],[-71.6636896889999,-33.4492495901318]]]}},{"type":"Feature","properties":{"id":"5605011005010","commune":"El Tabo","code":"05605","gse":"C3","quintil":"Q3","nse_score":728.1,"educ":11.3,"educ_score":553.3,"hacin":1.133,"hacin_class":"Hacinamiento Leve","hacin_score":822.7,"auto_score":150.0,"n_per":17,"n_hog":10,"source_year":2024},"geometry":{"type":"Polygon","coordinates":[[[-71.6544924679999,-33.4500148001318],[-71.6551552259999,-33.4507319721317],[-71.6556148109999,-33.4502493421318],[-71.655537911,-33.4501618671318],[-71.6551684599999,-33.4503354491318],[-71.6555324399999,-33.4501201201318],[-71.6554179799999,-33.4499418291318],[-71.6543843729999,-33.4493234141318],[-71.6544924679999,-33.4500148001318]]]}},{"type":"Feature","properties":{"id":"5605011005011","commune":"El Tabo","code":"05605","gse":"D","quintil":"Q2","nse_score":664.3,"educ":11.4,"educ_score":560.0,"hacin":1.0,"hacin_class":"Hacinamiento Leve","hacin_score":851.1,"auto_score":175.0,"n_per":32,"n_hog":15,"source_year":2024},"geometry":{"type":"Polygon","coordinates":[[[-71.6589551079999,-33.4494802381317],[-71.6595070549999,-33.4507992301317],[-71.6607159799999,-33.4503793751318],[-71.6605967079999,-33.4500687941318],[-71.660738739,-33.4503714711317],[-71.6610642679999,-33.4502533211317],[-71.6609358939999,-33.4499910771318],[-71.6610902889999,-33.4502436801317],[-71.6612289639999,-33.4501704621318],[-71.6607526729999,-33.4495813851318],[-71.6589551079999,-33.4494802381317]]]}},{"type":"Feature","properties":{"id":"5605011005012","commune":"El Tabo","code":"05605","gse":"C2","quintil":"Q3","nse_score":738.5,"educ":11.5,"educ_score":566.7,"hacin":1.2,"hacin_class":"Hacinamiento Leve","hacin_score":808.5,"auto_score":192.3,"n_per":36,"n_hog":14,"source_year":2024},"geometry":{"type":"Polygon","coordinates":[[[-71.6610009429999,-33.4506828321317],[-71.6608236969999,-33.4503823571318],[-71.6594743199999,-33.4509020301318],[-71.6596087599999,-33.4513578471317],[-71.6603643469999,-33.4522921101317],[-71.6609436829999,-33.4521155351317],[-71.6603954189999,-33.4514012471317],[-71.6609766589999,-33.4520935301317],[-71.6611680389999,-33.4519865681317],[-71.6611832679999,-33.4512809641317],[-71.6614053839999,-33.4511639931318],[-71.6611918839999,-33.4513228071317],[-71.6612501999999,-33.4516177561318],[-71.6617003449999,-33.4512410361317],[-71.6617782779999,-33.4508407071317],[-71.6613302439999,-33.4502528441317],[-71.6608435809999,-33.4503754381317],[-71.6610009429999,-33.4506828321317]]]}},{"type":"Feature","properties":{"id":"5605011005018","commune":"El Tabo","code":"05605","gse":"E","quintil":"Q1","nse_score":548.4,"educ":12.7,"educ_score":646.7,"hacin":1.714,"hacin_class":"Hacinamiento Medio","hacin_score":699.1,"auto_score":100.0,"n_per":12,"n_hog":5,"source_year":2024},"geometry":{"type":"Polygon","coordinates":[[[-71.6663987889999,-33.4538357191317],[-71.6670919669999,-33.4536878701317],[-71.6669199399999,-33.4530864291317],[-71.6662218179999,-33.4532480941317],[-71.6663987889999,-33.4538357191317]]]}},{"type":"Feature","properties":{"id":"5605011005020","commune":"El Tabo","code":"05605","gse":"C3","quintil":"Q3","nse_score":716.7,"educ":10.9,"educ_score":526.7,"hacin":1.25,"hacin_class":"Hacinamiento Leve","hacin_score":797.9,"auto_score":222.2,"n_per":25,"n_hog":10,"source_year":2024},"geometry":{"type":"Polygon","coordinates":[[[-71.6649522439999,-33.4534807171317],[-71.6650139469999,-33.4540901571317],[-71.6662581579999,-33.4538451291317],[-71.6660740809999,-33.4532496141317],[-71.6649522439999,-33.4534807171317]]]}},{"type":"Feature","properties":{"id":"5605011005021","commune":"El Tabo","code":"05605","gse":"C1","quintil":"Q5","nse_score":815.7,"educ":14.0,"educ_score":733.3,"hacin":1.125,"hacin_class":"Hacinamiento Leve","hacin_score":824.5,"auto_score":375.0,"n_per":9,"n_hog":4,"source_year":2024},"geometry":{"type":"Polygon","coordinates":[[[-71.6542715249999,-33.4543541111317],[-71.6550099949999,-33.4537169671317],[-71.6550247349999,-33.4536720711317],[-71.6541660159999,-33.4535334621317],[-71.6537753379999,-33.4538945681317],[-71.6542715249999,-33.4543541111317]]]}},{"type":"Feature","properties":{"id":"5605011005022","commune":"El Tabo","code":"05605","gse":"D","quintil":"Q2","nse_score":658.4,"educ":11.0,"educ_score":533.3,"hacin":0.9,"hacin_class":"Sin Hacinamiento","hacin_score":872.3,"auto_score":0.0,"n_per":9,"n_hog":5,"source_year":2024},"geometry":{"type":"Polygon","coordinates":[[[-71.6548260789999,-33.4548382241317],[-71.6550605629999,-33.4546750751317],[-71.6558270339999,-33.4538519011317],[-71.6550969149999,-33.4536892201317],[-71.6543397769999,-33.4543868971317],[-71.6548260789999,-33.4548382241317]]]}},{"type":"Feature","properties":{"id":"5605011005023","commune":"El Tabo","code":"05605","gse":"D","quintil":"Q2","nse_score":664.8,"educ":10.4,"educ_score":493.3,"hacin":1.75,"hacin_class":"Hacinamiento Medio","hacin_score":691.5,"auto_score":0.0,"n_per":14,"n_hog":6,"source_year":2024},"geometry":{"type":"Polygon","coordinates":[[[-71.6671359589999,-33.4537724211317],[-71.6664057989999,-33.4539125181317],[-71.6665955849999,-33.4546124021317],[-71.6673257349999,-33.4544705891317],[-71.6671359589999,-33.4537724211317]]]}},{"type":"Feature","properties":{"id":"5605011005024","commune":"El Tabo","code":"05605","gse":"D","quintil":"Q2","nse_score":671.4,"educ":11.1,"educ_score":540.0,"hacin":1.222,"hacin_class":"Hacinamiento Leve","hacin_score":803.8,"auto_score":0.0,"n_per":11,"n_hog":7,"source_year":2024},"geometry":{"type":"Polygon","coordinates":[[[-71.658019453,-33.4542395631317],[-71.6581817049999,-33.4539302241317],[-71.6575587339999,-33.4538100611317],[-71.6574371539999,-33.4541181611317],[-71.658019453,-33.4542395631317]]]}},{"type":"Feature","properties":{"id":"5605011005025","commune":"El Tabo","code":"05605","gse":"C3","quintil":"Q2","nse_score":683.1,"educ":10.5,"educ_score":500.0,"hacin":0.565,"hacin_class":"Sin Hacinamiento","hacin_score":943.6,"auto_score":0.0,"n_per":13,"n_hog":7,"source_year":2024},"geometry":{"type":"Polygon","coordinates":[[[-71.655951452,-33.4538713411317],[-71.6549048449999,-33.4549199831317],[-71.6554502369999,-33.4553719801317],[-71.6566954159999,-33.4540550451317],[-71.656348895,-33.4539644791317],[-71.6558322659999,-33.4544750931317],[-71.6562771839999,-33.4539754081317],[-71.655951452,-33.4538713411317]]]}},{"type":"Feature","properties":{"id":"5605011005027","commune":"El Tabo","code":"05605","gse":"C2","quintil":"Q4","nse_score":766.8,"educ":14.1,"educ_score":740.0,"hacin":1.429,"hacin_class":"Hacinamiento Leve","hacin_score":759.9,"auto_score":142.9,"n_per":10,"n_hog":7,"source_year":2024},"geometry":{"type":"Polygon","coordinates":[[[-71.6652178049999,-33.4548650701317],[-71.6664598579999,-33.4546060241317],[-71.6663001559999,-33.4539727691317],[-71.6650791939999,-33.4541715861317],[-71.6652178049999,-33.4548650701317]]]}},{"type":"Feature","properties":{"id":"5605011005033","commune":"El Tabo","code":"05605","gse":"C1","quintil":"Q5","nse_score":813.4,"educ":14.5,"educ_score":766.7,"hacin":1.5,"hacin_class":"Hacinamiento Medio","hacin_score":744.7,"auto_score":0.0,"n_per":15,"n_hog":6,"source_year":2024},"geometry":{"type":"Polygon","coordinates":[[[-71.6632070029999,-33.4554778591317],[-71.6641406809999,-33.4552234041317],[-71.6639367059999,-33.4546480031317],[-71.6629289229999,-33.4549013611317],[-71.6632070029999,-33.4554778591317]]]}},{"type":"Feature","properties":{"id":"5605011005036","commune":"El Tabo","code":"05605","gse":"C3","quintil":"Q2","nse_score":678.0,"educ":10.1,"educ_score":473.3,"hacin":1.0,"hacin_class":"Hacinamiento Leve","hacin_score":851.1,"auto_score":83.3,"n_per":11,"n_hog":6,"source_year":2024},"geometry":{"type":"Polygon","coordinates":[[[-71.6642959759999,-33.4552931831317],[-71.6645525749999,-33.4559385101317],[-71.6654839319999,-33.4556994251317],[-71.6652025499999,-33.4550507251317],[-71.6642959759999,-33.4552931831317]]]}},{"type":"Feature","properties":{"id":"5605011005037","commune":"El Tabo","code":"05605","gse":"C2","quintil":"Q3","nse_score":741.1,"educ":12.4,"educ_score":626.7,"hacin":1.414,"hacin_class":"Hacinamiento Leve","hacin_score":763.0,"auto_score":269.2,"n_per":41,"n_hog":14,"source_year":2024},"geometry":{"type":"Polygon","coordinates":[[[-71.6560072979999,-33.4560530961317],[-71.6572991789999,-33.4569795871317],[-71.6576221209999,-33.4576076411316],[-71.6578503389999,-33.4577182341316],[-71.658247189,-33.4576971781316],[-71.6596265229999,-33.4565792261317],[-71.6591487659999,-33.4563191691317],[-71.6587498419999,-33.4568072401317],[-71.6586837819999,-33.4568612741317],[-71.6585338289999,-33.4568985091317],[-71.6590394379999,-33.4563750871316],[-71.6585083949999,-33.4564033621317],[-71.6582158189999,-33.4566595151317],[-71.6584697229999,-33.4563860891317],[-71.6575999289999,-33.4558283251317],[-71.6573762469999,-33.4560580821316],[-71.6575580699999,-33.4558044431317],[-71.6567169539999,-33.4551959391317],[-71.6560072979999,-33.4560530961317]]]}},{"type":"Feature","properties":{"id":"5605011005038","commune":"El Tabo","code":"05605","gse":"C3","quintil":"Q2","nse_score":697.3,"educ":11.0,"educ_score":533.3,"hacin":1.222,"hacin_class":"Hacinamiento Leve","hacin_score":803.8,"auto_score":71.4,"n_per":11,"n_hog":7,"source_year":2024},"geometry":{"type":"Polygon","coordinates":[[[-71.663225844,-33.4555703061317],[-71.6634685109999,-33.4562407311317],[-71.6644293459999,-33.4559525841317],[-71.6641649399999,-33.4553144881317],[-71.663225844,-33.4555703061317]]]}},{"type":"Feature","properties":{"id":"5605011005039","commune":"El Tabo","code":"05605","gse":"C1","quintil":"Q5","nse_score":811.6,"educ":14.3,"educ_score":753.3,"hacin":1.118,"hacin_class":"Hacinamiento Leve","hacin_score":826.0,"auto_score":125.0,"n_per":19,"n_hog":8,"source_year":2024},"geometry":{"type":"Polygon","coordinates":[[[-71.6611708429999,-33.4556985001317],[-71.6604425169999,-33.4560334521317],[-71.6598232919999,-33.4565799681316],[-71.6604747639999,-33.4568240751317],[-71.6615979249999,-33.4564166441317],[-71.6613018189999,-33.4557455891317],[-71.6611708429999,-33.4556985001317]]]}},{"type":"Feature","properties":{"id":"5605011005042","commune":"El Tabo","code":"05605","gse":"C2","quintil":"Q4","nse_score":762.5,"educ":13.6,"educ_score":706.7,"hacin":1.4,"hacin_class":"Hacinamiento Leve","hacin_score":766.0,"auto_score":0.0,"n_per":14,"n_hog":4,"source_year":2024},"geometry":{"type":"Polygon","coordinates":[[[-71.6590975419999,-33.4580516431316],[-71.659848785,-33.4575731931316],[-71.6590712319999,-33.4571507241316],[-71.6585044419999,-33.4576170541317],[-71.6590975419999,-33.4580516431316]]]}},{"type":"Feature","properties":{"id":"5605011005028","commune":"El Tabo","code":"05605","gse":"C3","quintil":"Q3","nse_score":727.2,"educ":13.1,"educ_score":673.3,"hacin":1.133,"hacin_class":"Hacinamiento Leve","hacin_score":822.7,"auto_score":111.1,"n_per":17,"n_hog":7,"source_year":2024},"geometry":{"type":"MultiPolygon","coordinates":[[[[-71.6586914279999,-33.4564042351317],[-71.6590949239999,-33.4562816291316],[-71.6577161099999,-33.4551571361317],[-71.6571178799999,-33.4548039601317],[-71.6567655629999,-33.4551318961317],[-71.6582305899999,-33.4562235071317],[-71.6586914279999,-33.4564042351317]]],[[[-71.6559687909999,-33.4558365311317],[-71.6561143209999,-33.4557837491317],[-71.6575629899999,-33.4542094061317],[-71.6567772409999,-33.4540643141317],[-71.6554992939999,-33.4554145431317],[-71.6559687909999,-33.4558365311317]]]]}},{"type":"Feature","properties":{"id":"5605011005015","commune":"El Tabo","code":"05605","gse":"C3","quintil":"Q2","nse_score":690.4,"educ":11.8,"educ_score":586.7,"hacin":1.067,"hacin_class":"Hacinamiento Leve","hacin_score":836.9,"auto_score":100.0,"n_per":112,"n_hog":51,"source_year":2024},"geometry":{"type":"MultiPolygon","coordinates":[[[[-71.6592010179999,-33.4529969631317],[-71.6594075889999,-33.4529791541317],[-71.659386707,-33.4525633091317],[-71.6591448459999,-33.4523708771317],[-71.6592010179999,-33.4529969631317]]],[[[-71.6575670359999,-33.4521858281317],[-71.6573428019999,-33.4526544661317],[-71.6569070399999,-33.4527588301317],[-71.6572560149999,-33.4533559611317],[-71.6569598279999,-33.4540117071317],[-71.6573798399999,-33.4540874631317],[-71.6577117319999,-33.4534182221317],[-71.6576346889999,-33.4537869401317],[-71.6581953009999,-33.4538997521317],[-71.6583077329999,-33.4536277731317],[-71.658145326,-33.4535776161317],[-71.6583617159999,-33.4536245161317],[-71.6581183389999,-33.4542653561317],[-71.6588110419999,-33.4544055791317],[-71.6590568439999,-33.4538391611317],[-71.6585759339999,-33.4536494651317],[-71.6590672209999,-33.4537738151317],[-71.6591609829999,-33.4536441241317],[-71.6588770919999,-33.4544134271317],[-71.65922882,-33.4545400391317],[-71.6597811669999,-33.4538716111317],[-71.6592698269999,-33.4546008121317],[-71.6596401219999,-33.4549331891317],[-71.6603423969999,-33.4546039081317],[-71.6602185589999,-33.4543426621317],[-71.6603814939999,-33.4546180081317],[-71.6596514899999,-33.4549874181317],[-71.6599273049999,-33.4552107611317],[-71.6606209619999,-33.4548503631317],[-71.6599714559999,-33.4552467091317],[-71.6607549649999,-33.4558039601317],[-71.6611946869999,-33.4556094631316],[-71.6609855119999,-33.4550903541317],[-71.6617141519999,-33.4563872311317],[-71.6622000579999,-33.4562357551317],[-71.6617429549999,-33.4564451001317],[-71.6618658359999,-33.4566695691317],[-71.6633501649999,-33.4562767331317],[-71.6631166099999,-33.4556310581317],[-71.6626785089999,-33.4557099121317],[-71.6630471459999,-33.4555303491317],[-71.6628218029999,-33.4549426891317],[-71.6620425229999,-33.4550181041317],[-71.6617819329999,-33.4544378741317],[-71.6613594119999,-33.4543429341317],[-71.6607579509999,-33.4532886071317],[-71.6600365509999,-33.4523433901317],[-71.6590113889999,-33.4522533671317],[-71.6594209769999,-33.4525162321317],[-71.6594472619999,-33.4530034331317],[-71.6592076619999,-33.4530330841317],[-71.6591098599999,-33.4529705251317],[-71.6590948759999,-33.4523511611318],[-71.6589332989999,-33.4522620341317],[-71.6587514139999,-33.4523226291317],[-71.658762598,-33.4529803291317],[-71.6587078759999,-33.4523381901317],[-71.6583540339999,-33.4524506041317],[-71.6583621369999,-33.4530187041317],[-71.6583066029999,-33.4524577741317],[-71.6575670359999,-33.4521858281317]]]]}},{"type":"Feature","properties":{"id":"5605011005040","commune":"El Tabo","code":"05605","gse":"C2","quintil":"Q4","nse_score":769.1,"educ":12.4,"educ_score":626.7,"hacin":1.421,"hacin_class":"Hacinamiento Leve","hacin_score":761.5,"auto_score":150.0,"n_per":27,"n_hog":13,"source_year":2024},"geometry":{"type":"MultiPolygon","coordinates":[[[[-71.659930717,-33.4575442281317],[-71.6607027049999,-33.4570876781316],[-71.6605294669999,-33.4568945211316],[-71.6597570419999,-33.4566050821317],[-71.6591433039999,-33.4570997471316],[-71.659930717,-33.4575442281317]]],[[[-71.6608083289999,-33.4570491251316],[-71.6617374699999,-33.4567411661316],[-71.6616592179999,-33.4564969251317],[-71.6606808039999,-33.4568357541317],[-71.6608083289999,-33.4570491251316]]]]}},{"type":"Feature","properties":{"id":"5605011005026","commune":"El Tabo","code":"05605","gse":"D","quintil":"Q2","nse_score":662.6,"educ":12.9,"educ_score":660.0,"hacin":1.177,"hacin_class":"Hacinamiento Leve","hacin_score":813.5,"auto_score":136.4,"n_per":20,"n_hog":7,"source_year":2024},"geometry":{"type":"MultiPolygon","coordinates":[[[[-71.6621322079999,-33.4550170061317],[-71.6627705349999,-33.4548393181317],[-71.6625011469999,-33.4542090641317],[-71.6618481829999,-33.4544077821317],[-71.6621322079999,-33.4550170061317]]],[[[-71.6636741809999,-33.4539440691317],[-71.6626648149999,-33.4541750601317],[-71.6629149319999,-33.4548101481317],[-71.6638831419999,-33.4545585901317],[-71.6636741809999,-33.4539440691317]]]]}},{"type":"Feature","properties":{"id":"5605011005030","commune":"El Tabo","code":"05605","gse":"C2","quintil":"Q4","nse_score":752.8,"educ":12.9,"educ_score":660.0,"hacin":1.258,"hacin_class":"Hacinamiento Leve","hacin_score":796.2,"auto_score":333.3,"n_per":39,"n_hog":19,"source_year":2024},"geometry":{"type":"MultiPolygon","coordinates":[[[[-71.6591479669999,-33.4550824421317],[-71.6595059619999,-33.4549205661317],[-71.6591219019999,-33.4545521791317],[-71.6588185099999,-33.4544677101317],[-71.6586920919999,-33.4546651531317],[-71.6591479669999,-33.4550824421317]]],[[[-71.6571937089999,-33.4547580771317],[-71.657788035,-33.4551395751317],[-71.658190697,-33.4547822381317],[-71.6578421759999,-33.4551870581317],[-71.6587331499999,-33.4560130211317],[-71.6596295079999,-33.4565124191316],[-71.6606660609999,-33.4558471811317],[-71.6595356279999,-33.4549576401317],[-71.6588615069999,-33.4552688651317],[-71.6591160369999,-33.4551075421317],[-71.6586647549999,-33.4546796011317],[-71.6587746409999,-33.4544558511317],[-71.6576715999999,-33.4542251331317],[-71.6571937089999,-33.4547580771317]]]]}},{"type":"Feature","properties":{"id":"5605011005013","commune":"El Tabo","code":"05605","gse":"D","quintil":"Q2","nse_score":675.5,"educ":12.0,"educ_score":600.0,"hacin":1.31,"hacin_class":"Hacinamiento Leve","hacin_score":785.0,"auto_score":230.8,"n_per":38,"n_hog":11,"source_year":2024},"geometry":{"type":"MultiPolygon","coordinates":[[[[-71.6604150999999,-33.4523751191317],[-71.6607937319999,-33.4532541061317],[-71.6613126959999,-33.4529526411317],[-71.6608176929999,-33.4532941921317],[-71.6614631659999,-33.4543538671317],[-71.6624909349999,-33.4540961401317],[-71.6618762909999,-33.4524013661317],[-71.6616133399999,-33.4520947341317],[-71.6612370599999,-33.4520429401317],[-71.6604150999999,-33.4523751191317]]],[[[-71.6621380019999,-33.4528358481317],[-71.6628757749999,-33.4523575961317],[-71.6627095839999,-33.4520075101317],[-71.6617797879999,-33.4521917651317],[-71.6621380019999,-33.4528358481317]]]]}},{"type":"Feature","properties":{"id":"5605011005032","commune":"El Tabo","code":"05605","gse":"C2","quintil":"Q4","nse_score":753.6,"educ":12.9,"educ_score":660.0,"hacin":1.05,"hacin_class":"Hacinamiento Leve","hacin_score":840.4,"auto_score":62.5,"n_per":21,"n_hog":8,"source_year":2024},"geometry":{"type":"MultiPolygon","coordinates":[[[[-71.6655797249999,-33.4556969321317],[-71.6667052059999,-33.4554323451317],[-71.6665218109999,-33.4547663061317],[-71.6653296439999,-33.4550223181317],[-71.6655797249999,-33.4556969321317]]],[[[-71.6668483629999,-33.4554105931317],[-71.6675320969999,-33.4552668401317],[-71.6673808579999,-33.4546071971317],[-71.6666503749999,-33.4547430101317],[-71.6668483629999,-33.4554105931317]]]]}},{"type":"Feature","properties":{"id":"5605011006003","commune":"El Tabo","code":"05605","gse":"D","quintil":"Q1","nse_score":641.3,"educ":11.1,"educ_score":540.0,"hacin":1.22,"hacin_class":"Hacinamiento Leve","hacin_score":804.4,"auto_score":130.0,"n_per":100,"n_hog":41,"source_year":2024},"geometry":{"type":"Polygon","coordinates":[[[-71.6497544219999,-33.4520221501317],[-71.6495928089999,-33.4519228171318],[-71.649865126,-33.4520204041317],[-71.6499590409999,-33.4521447891317],[-71.6500500399999,-33.4523737701317],[-71.6500101589999,-33.4525336021317],[-71.6505003999999,-33.4527234221317],[-71.6507652239999,-33.4525759921317],[-71.6504433499999,-33.4519324351317],[-71.6508085629999,-33.4525590771317],[-71.65134982,-33.4524286941317],[-71.6510763209999,-33.4517400041317],[-71.6503152879999,-33.4510882771317],[-71.6495250279999,-33.4508825311317],[-71.6491357769999,-33.4515054121318],[-71.6494432679999,-33.4508535381317],[-71.6488906979999,-33.4507389031317],[-71.6486160249999,-33.4511738061317],[-71.6488436989999,-33.4507297881317],[-71.6476811459999,-33.4505043101317],[-71.6477370989999,-33.4507243281317],[-71.6484960309999,-33.4508787231318],[-71.6477637739999,-33.4507664961317],[-71.6482633949999,-33.4516765981317],[-71.6493232509999,-33.4518744251317],[-71.6486009089999,-33.4517882611317],[-71.6486550179999,-33.4519494271317],[-71.6485534209999,-33.4521537481317],[-71.6491032509999,-33.4523033341317],[-71.6485062719999,-33.4521783791317],[-71.6485772959999,-33.4518223141317],[-71.648196358,-33.4516658791318],[-71.6475478959999,-33.4504894471317],[-71.6468892979999,-33.4507690541317],[-71.6470736779999,-33.4514110671317],[-71.6468528339999,-33.4507925861317],[-71.6465252549999,-33.4509752921318],[-71.6467003569999,-33.4516171511317],[-71.6464860439999,-33.4509936961318],[-71.6451919199999,-33.4513889391317],[-71.6454551239999,-33.4516233301317],[-71.6459160439999,-33.4513726331317],[-71.6454724189999,-33.4516659141317],[-71.6455344899999,-33.4519193011317],[-71.6466514109999,-33.4526164591317],[-71.6472572009999,-33.4521745401317],[-71.6466911099999,-33.4526345041317],[-71.6471132199999,-33.4528128521317],[-71.6471884509999,-33.4526905281317],[-71.647732001,-33.4525945451317],[-71.6471937149999,-33.4527626401317],[-71.6472992919999,-33.4533672101317],[-71.647568728,-33.4537319991317],[-71.6480943569999,-33.4538925291317],[-71.6482967109999,-33.4538904591317],[-71.6482245629999,-33.4531377361317],[-71.6483397609999,-33.4538894331317],[-71.6485590269999,-33.4538856221317],[-71.6485599999999,-33.4533055141317],[-71.6486020369999,-33.4538849961317],[-71.649023698,-33.4538422331317],[-71.6494091429999,-33.4534765101317],[-71.6490701279999,-33.4533618771317],[-71.6489533809999,-33.4532731511317],[-71.6494419459999,-33.4534396151317],[-71.6504601419999,-33.4527484521317],[-71.6499705099999,-33.4525516581317],[-71.6499748479999,-33.4522697241318],[-71.6498150619999,-33.4520369261317],[-71.6495291059999,-33.4522865391317],[-71.6497544219999,-33.4520221501317]]]}},{"type":"Feature","properties":{"id":"5605011006004","commune":"El Tabo","code":"05605","gse":"D","quintil":"Q1","nse_score":647.5,"educ":10.5,"educ_score":500.0,"hacin":1.096,"hacin_class":"Hacinamiento Leve","hacin_score":830.6,"auto_score":150.0,"n_per":114,"n_hog":49,"source_year":2024},"geometry":{"type":"Polygon","coordinates":[[[-71.6432205799999,-33.4512569861317],[-71.6453748479999,-33.4530962871317],[-71.6465034979999,-33.4542557941317],[-71.6468546989999,-33.4543001191317],[-71.6474215759999,-33.4548429221317],[-71.647749115,-33.4546682641317],[-71.6479979209999,-33.4546896641317],[-71.6479782879999,-33.4548675621317],[-71.6476115269999,-33.4551560261317],[-71.6479861989999,-33.4556877001317],[-71.6491617879999,-33.4549847091317],[-71.6490222879999,-33.4551397351317],[-71.6493404549999,-33.4555971981317],[-71.6496719589999,-33.4554280781317],[-71.6498895199999,-33.4550296571317],[-71.6497336669999,-33.4554232861317],[-71.6500807029999,-33.4554941481317],[-71.6504510319999,-33.4550424781317],[-71.6501224529999,-33.4555046241317],[-71.6503150189999,-33.4555559411317],[-71.6506303139999,-33.4551660561317],[-71.6503497809999,-33.4555814461317],[-71.6511210739999,-33.4558601461317],[-71.6515172199999,-33.4551120331317],[-71.6519492929999,-33.4548134801317],[-71.6503862429999,-33.4540662401317],[-71.6508817769999,-33.4532562111317],[-71.6504595169999,-33.4528195811317],[-71.6494628539999,-33.4535110341317],[-71.6498016299999,-33.4537219701317],[-71.6494399839999,-33.4535580581317],[-71.6493366119999,-33.4536746141317],[-71.6497013649999,-33.4542442161317],[-71.6493076829999,-33.4537140791317],[-71.6490420559999,-33.4538942421317],[-71.6483454179999,-33.4539433691317],[-71.6483502859999,-33.4543382861317],[-71.6491523579999,-33.4546105051317],[-71.6483232869999,-33.4543675041317],[-71.648302139,-33.4539444011317],[-71.64763124,-33.4538192131317],[-71.6473725889999,-33.4536153351317],[-71.6466796109999,-33.4539441681317],[-71.6473466299999,-33.4535862271317],[-71.6471102369999,-33.4528849531318],[-71.6469175479999,-33.4528326701317],[-71.6461204369999,-33.4532713471317],[-71.6468761909999,-33.4528117991317],[-71.6462319619999,-33.4524889161317],[-71.6460376449999,-33.4527021691317],[-71.6461874269999,-33.4524685951317],[-71.6460230479999,-33.4522894541317],[-71.6456020799999,-33.4527318961317],[-71.6459708259999,-33.4522332311317],[-71.6454846489999,-33.4519668981318],[-71.6454100139999,-33.4517771521317],[-71.6450789489999,-33.4520414221317],[-71.6452138269999,-33.4522187531317],[-71.645002658,-33.4521017641317],[-71.6453769599999,-33.4516633621317],[-71.6451017719999,-33.4514233751317],[-71.6446861329999,-33.4518064001317],[-71.6450664329999,-33.4513975691317],[-71.6447141879999,-33.4511716741318],[-71.6443925289999,-33.4515127171318],[-71.6446681749999,-33.4511459881318],[-71.6443458729999,-33.4509411211317],[-71.6439861649999,-33.4514301871317],[-71.6438769999999,-33.4514895491317],[-71.644305013,-33.4509148831317],[-71.6440142409999,-33.4507090361317],[-71.6436029149999,-33.4512249781317],[-71.6439789919999,-33.4506843641317],[-71.6438249219999,-33.4505565411318],[-71.6432205799999,-33.4512569861317]]]}},{"type":"Feature","properties":{"id":"5605011006005","commune":"El Tabo","code":"05605","gse":"D","quintil":"Q1","nse_score":643.5,"educ":12.0,"educ_score":600.0,"hacin":1.24,"hacin_class":"Hacinamiento Leve","hacin_score":799.9,"auto_score":47.3,"n_per":129,"n_hog":53,"source_year":2024},"geometry":{"type":"Polygon","coordinates":[[[-71.6479622789999,-33.4571145751316],[-71.6470539329999,-33.4579722771317],[-71.6447289039999,-33.4596403651316],[-71.645430142,-33.4602423371316],[-71.6453733739999,-33.4608624151316],[-71.6462980669999,-33.4613647401316],[-71.6455064239999,-33.4608360771316],[-71.645693348,-33.4606498971316],[-71.6455785129999,-33.4605106171316],[-71.6457471179999,-33.4606112061316],[-71.6459814879999,-33.4603919131316],[-71.6457903539999,-33.4602084231316],[-71.6455331509999,-33.4603622071316],[-71.6485800929999,-33.4579006011317],[-71.6481761109999,-33.4582707081316],[-71.6482116809999,-33.4586651701317],[-71.6480611369999,-33.4590632921316],[-71.6471965029999,-33.4597370261316],[-71.6466983479999,-33.4598633531316],[-71.6470337329999,-33.4600674851317],[-71.6472682439999,-33.4600356381317],[-71.6482115499999,-33.4593896061316],[-71.6474463639999,-33.4599910931316],[-71.6471143389999,-33.4601063911316],[-71.6471676939999,-33.4602209931316],[-71.6466570829999,-33.4598804971316],[-71.646536324,-33.4595841021316],[-71.6458371929999,-33.4601764121317],[-71.6460332269999,-33.4603711731316],[-71.6463078099999,-33.4602197471316],[-71.6455617149999,-33.4608309821316],[-71.6458156779999,-33.4609638901316],[-71.6466303899999,-33.4603099251316],[-71.6458616139999,-33.4609769341316],[-71.6461149769999,-33.4611265971316],[-71.6469457289999,-33.4604804651316],[-71.6461634949999,-33.4611416581316],[-71.6463749769999,-33.4613047731316],[-71.6472398369999,-33.4606743391316],[-71.6463443939999,-33.4613876711316],[-71.6466225599999,-33.4615188971316],[-71.6473571049999,-33.4609792571316],[-71.6466894039999,-33.4615532111316],[-71.6473556609999,-33.4618963591316],[-71.6483737759999,-33.4631725311316],[-71.6488030149999,-33.4628157381316],[-71.6476636479999,-33.4613926721316],[-71.6471969999999,-33.4617031271316],[-71.6475858849999,-33.4612761091316],[-71.6488470159999,-33.4627727821316],[-71.6490877999999,-33.4626169621316],[-71.6478911279999,-33.4611178451316],[-71.6491372709999,-33.4625812541316],[-71.6496006189999,-33.4622188831316],[-71.648657898,-33.4608805721316],[-71.6496366909999,-33.4621992111316],[-71.6497956019999,-33.4620946751316],[-71.6486072439999,-33.4603535711316],[-71.6483006219999,-33.4597984671316],[-71.6486982929999,-33.4596441981316],[-71.6490492399999,-33.4602102301316],[-71.6486907469999,-33.4604023501316],[-71.6498402379999,-33.4620781031316],[-71.6501617849999,-33.4618200881316],[-71.64945058,-33.4605422091316],[-71.6493696329999,-33.4594506541317],[-71.6495372709999,-33.4586871031316],[-71.6494754669999,-33.4577018001317],[-71.6490479809999,-33.4572442951317],[-71.6482780879999,-33.4570340971317],[-71.6472879639999,-33.4553353301317],[-71.6464712359999,-33.4543080461317],[-71.6464431949999,-33.4544312931317],[-71.6469114089999,-33.4552506261317],[-71.6469456869999,-33.4554591771317],[-71.6464025699999,-33.4544438361317],[-71.6464579479999,-33.4541931111317],[-71.6453748479999,-33.4530962871317],[-71.6432205799999,-33.4512569861317],[-71.6429307829999,-33.4517239281317],[-71.6442483889999,-33.4530593201317],[-71.6447365249999,-33.4529056721317],[-71.6452941189999,-33.4534352911317],[-71.6460423309999,-33.4542955741317],[-71.6459878629999,-33.4545477461317],[-71.6462646239999,-33.4551771171317],[-71.6468779239999,-33.4559287271317],[-71.646584533,-33.4561680061316],[-71.646416885,-33.4561518841317],[-71.645840372,-33.4555571991317],[-71.6454959229999,-33.4547779261317],[-71.6445856959999,-33.4553748791317],[-71.6449240319999,-33.4554198891317],[-71.6452772529999,-33.4557807461317],[-71.6454612389999,-33.4557757941317],[-71.6454875729999,-33.4556765191317],[-71.6456346959999,-33.4555821471317],[-71.6455027449999,-33.4557856721317],[-71.6457619479999,-33.4559974141317],[-71.6452328189999,-33.4558037731317],[-71.6448653159999,-33.4554323281317],[-71.6444017739999,-33.4555079371317],[-71.6457586269999,-33.4569076381317],[-71.6458475999999,-33.4571463211317],[-71.6468311039999,-33.4580481231316],[-71.6471150679999,-33.4578447411316],[-71.647129091,-33.4574942141317],[-71.6468613759999,-33.4571039651316],[-71.6463295989999,-33.4567315901317],[-71.6469497459999,-33.4571109731317],[-71.6471656609999,-33.4574181051316],[-71.6472165129999,-33.4577066391316],[-71.6478988839999,-33.4571521321316],[-71.6472337859999,-33.4562412251317],[-71.6479622789999,-33.4571145751316]]]}},{"type":"Feature","properties":{"id":"5605011006006","commune":"El Tabo","code":"05605","gse":"C3","quintil":"Q2","nse_score":693.0,"educ":11.6,"educ_score":573.3,"hacin":0.556,"hacin_class":"Sin Hacinamiento","hacin_score":945.6,"auto_score":0.0,"n_per":5,"n_hog":4,"source_year":2024},"geometry":{"type":"Polygon","coordinates":[[[-71.6504669629999,-33.4528272811317],[-71.6508817769999,-33.4532562111317],[-71.6503862429999,-33.4540662401317],[-71.6506131349999,-33.4541747091317],[-71.6520277849999,-33.4532231691317],[-71.651562452,-33.4530758861317],[-71.6513659459999,-33.4524949161317],[-71.6504669629999,-33.4528272811317]]]}},{"type":"Feature","properties":{"id":"5605011006008","commune":"El Tabo","code":"05605","gse":"C2","quintil":"Q4","nse_score":769.7,"educ":13.5,"educ_score":700.0,"hacin":0.909,"hacin_class":"Sin Hacinamiento","hacin_score":870.4,"auto_score":142.9,"n_per":10,"n_hog":6,"source_year":2024},"geometry":{"type":"Polygon","coordinates":[[[-71.6519698679999,-33.4548006361317],[-71.6525145839999,-33.4543881741317],[-71.6519957039999,-33.4538197831317],[-71.6522328229999,-33.4539744071317],[-71.6525257629999,-33.4537341521317],[-71.6520623189999,-33.4532554911317],[-71.6506538609999,-33.4541941791317],[-71.6519698679999,-33.4548006361317]]]}},{"type":"Feature","properties":{"id":"5605011006011","commune":"El Tabo","code":"05605","gse":"C1","quintil":"Q5","nse_score":804.4,"educ":12.2,"educ_score":613.3,"hacin":0.941,"hacin_class":"Sin Hacinamiento","hacin_score":863.6,"auto_score":500.0,"n_per":16,"n_hog":7,"source_year":2024},"geometry":{"type":"Polygon","coordinates":[[[-71.6533613099999,-33.4552002001317],[-71.6542358089999,-33.4544215211317],[-71.6537394959999,-33.4539421931317],[-71.6528818099999,-33.4546987201317],[-71.6533613099999,-33.4552002001317]]]}},{"type":"Feature","properties":{"id":"5605011006014","commune":"El Tabo","code":"05605","gse":"C3","quintil":"Q3","nse_score":728.0,"educ":12.2,"educ_score":613.3,"hacin":1.303,"hacin_class":"Hacinamiento Leve","hacin_score":786.6,"auto_score":111.1,"n_per":86,"n_hog":44,"source_year":2024},"geometry":{"type":"Polygon","coordinates":[[[-71.6519963329999,-33.4548359681317],[-71.652813008,-33.4556650701317],[-71.6533962569999,-33.4565143011316],[-71.6552207649999,-33.4578560401317],[-71.6554462269999,-33.4583443611317],[-71.6564072209999,-33.4591455151316],[-71.6565288009999,-33.4595239471316],[-71.6589947799999,-33.4581356401317],[-71.658450119,-33.4576964321316],[-71.6579446929999,-33.4579316161317],[-71.6580754439999,-33.4577924531317],[-71.6569959779999,-33.4575069821316],[-71.6561444109999,-33.4583840891316],[-71.6562990209999,-33.4581724751316],[-71.655044556,-33.4571080621316],[-71.6548704559999,-33.4571946131317],[-71.6554361499999,-33.4567236491317],[-71.6567829599999,-33.4576445251316],[-71.6573091409999,-33.4570973461317],[-71.6572479889999,-33.4570129211317],[-71.6559226389999,-33.4560643141317],[-71.6552319569999,-33.4567905421317],[-71.6548453939999,-33.4566424881317],[-71.6546026609999,-33.4569067991317],[-71.6548076799999,-33.4566218861317],[-71.6539915269999,-33.4559788461317],[-71.653643084,-33.4562077691317],[-71.6541428149999,-33.4567617861317],[-71.6529917419999,-33.4555573581317],[-71.6533386869999,-33.4552963121317],[-71.6525768529999,-33.4544682631317],[-71.6519963329999,-33.4548359681317]]]}},{"type":"Feature","properties":{"id":"5605011006017","commune":"El Tabo","code":"05605","gse":"D","quintil":"Q2","nse_score":663.4,"educ":11.9,"educ_score":593.3,"hacin":1.252,"hacin_class":"Hacinamiento Leve","hacin_score":797.4,"auto_score":138.2,"n_per":139,"n_hog":64,"source_year":2024},"geometry":{"type":"Polygon","coordinates":[[[-71.6523087639999,-33.4556799901317],[-71.6517573499999,-33.4551347381316],[-71.6515722209999,-33.4551403741317],[-71.6505450699999,-33.4571089401317],[-71.6512372269999,-33.4568027321316],[-71.651757357,-33.4558374221317],[-71.6515462709999,-33.4554569471317],[-71.6520431599999,-33.4561566381317],[-71.6524445219999,-33.4559831211316],[-71.6520694159999,-33.4561915351317],[-71.6521938629999,-33.4563869961317],[-71.6526254039999,-33.4562407221317],[-71.6505084489999,-33.4571788391317],[-71.6507536209999,-33.4575425461317],[-71.6529410089999,-33.4565297361317],[-71.652059747,-33.4569828401317],[-71.6521961979999,-33.4571033541317],[-71.6531506589999,-33.4566796191317],[-71.6530528619999,-33.4567758671316],[-71.6533564989999,-33.4571682011317],[-71.6530049399999,-33.4567976931317],[-71.6526510209999,-33.4569564881317],[-71.6529662089999,-33.4573588201317],[-71.6526033689999,-33.4569773511316],[-71.6522338869999,-33.4571377201317],[-71.6527609329999,-33.4574817541317],[-71.6536840489999,-33.4570523771317],[-71.6527984299999,-33.4575033821316],[-71.6530912359999,-33.4577337291316],[-71.6540120539999,-33.4573055161317],[-71.6531216879999,-33.4577596931317],[-71.6534358639999,-33.4579784911316],[-71.6539460409999,-33.4577710891317],[-71.6539459279999,-33.4576596201317],[-71.6541644329999,-33.4578059921316],[-71.6545676889999,-33.4575875791317],[-71.6542055999999,-33.4578398051316],[-71.6545213009999,-33.4580582361317],[-71.6550015369999,-33.4578907891316],[-71.6539300949999,-33.4583797041316],[-71.6544568719999,-33.4580757561316],[-71.6540246879999,-33.4577782581317],[-71.6534294479999,-33.4580339501317],[-71.652035312,-33.4570283421317],[-71.6516475489999,-33.4572175671316],[-71.6519153779999,-33.4575178841316],[-71.6517521399999,-33.4573695721317],[-71.6515928449999,-33.4574423681317],[-71.6517225539999,-33.4573422371316],[-71.651609204,-33.4572351841317],[-71.6508290859999,-33.4575912261316],[-71.6513614099999,-33.4583683641317],[-71.6517949459999,-33.4582697321317],[-71.6517243139999,-33.4581021381317],[-71.6520498509999,-33.4579949781316],[-71.6517622199999,-33.4581376751316],[-71.6518368229999,-33.4582604861316],[-71.6521837359999,-33.4582165071316],[-71.6513801219999,-33.4584014311316],[-71.6516278649999,-33.4587298271316],[-71.6524958049999,-33.4585409251317],[-71.6516725279999,-33.4587691641316],[-71.6517968459999,-33.4589577501317],[-71.6525550239999,-33.4588889851316],[-71.6534196779999,-33.4585477721316],[-71.6538414689999,-33.4588785931317],[-71.6542084139999,-33.4589712911317],[-71.6545347229999,-33.4591606011317],[-71.654794524,-33.4592067861316],[-71.6545232359999,-33.4591859121316],[-71.6538253929999,-33.4589020731316],[-71.6533960229999,-33.4586050211316],[-71.6524982959999,-33.4589464851317],[-71.6532679839999,-33.4596295591316],[-71.6524530459999,-33.4589554591316],[-71.6518405999999,-33.4590049471316],[-71.6529374069999,-33.4605805361316],[-71.6547896909999,-33.4603763131316],[-71.6565288009999,-33.4595239471316],[-71.6564072209999,-33.4591455151316],[-71.6554462269999,-33.4583443611317],[-71.6552207649999,-33.4578560401317],[-71.6533962569999,-33.4565143011316],[-71.652813008,-33.4556650701317],[-71.6519963329999,-33.4548359681317],[-71.6517168959999,-33.4550514531317],[-71.6523087639999,-33.4556799901317]]]}},{"type":"Feature","properties":{"id":"5605011006018","commune":"El Tabo","code":"05605","gse":"D","quintil":"Q2","nse_score":653.9,"educ":11.1,"educ_score":540.0,"hacin":1.273,"hacin_class":"Hacinamiento Leve","hacin_score":793.0,"auto_score":142.9,"n_per":14,"n_hog":5,"source_year":2024},"geometry":{"type":"Polygon","coordinates":[[[-71.6544679219999,-33.4563800381317],[-71.6553939269999,-33.4554222511317],[-71.6548438999999,-33.4549637641317],[-71.6539581139999,-33.4558704931317],[-71.6544679219999,-33.4563800381317]]]}},{"type":"Feature","properties":{"id":"5605011006021","commune":"El Tabo","code":"05605","gse":"C3","quintil":"Q2","nse_score":686.0,"educ":11.1,"educ_score":540.0,"hacin":0.944,"hacin_class":"Sin Hacinamiento","hacin_score":862.9,"auto_score":166.7,"n_per":17,"n_hog":8,"source_year":2024},"geometry":{"type":"Polygon","coordinates":[[[-71.6551803269999,-33.4567581511316],[-71.6559170189999,-33.4559707781317],[-71.6554673159999,-33.4554677251317],[-71.6545314959999,-33.4564061381316],[-71.6551803269999,-33.4567581511316]]]}},{"type":"Feature","properties":{"id":"5605011006024","commune":"El Tabo","code":"05605","gse":"C3","quintil":"Q3","nse_score":709.4,"educ":13.5,"educ_score":700.0,"hacin":1.046,"hacin_class":"Hacinamiento Leve","hacin_score":841.4,"auto_score":307.7,"n_per":23,"n_hog":9,"source_year":2024},"geometry":{"type":"Polygon","coordinates":[[[-71.6563137009999,-33.4581275441316],[-71.6567443149999,-33.4576936271316],[-71.655392102,-33.4567801791317],[-71.6550925529999,-33.4570939411317],[-71.6563137009999,-33.4581275441316]]]}},{"type":"Feature","properties":{"id":"5605011006001","commune":"El Tabo","code":"05605","gse":"D","quintil":"Q2","nse_score":662.3,"educ":11.6,"educ_score":573.3,"hacin":1.109,"hacin_class":"Hacinamiento Leve","hacin_score":827.9,"auto_score":134.6,"n_per":51,"n_hog":19,"source_year":2024},"geometry":{"type":"MultiPolygon","coordinates":[[[[-71.6458686699999,-33.4501673661318],[-71.6460550449999,-33.4504295021318],[-71.6467010179999,-33.4500489871318],[-71.6464703059999,-33.4500214131318],[-71.6463113799999,-33.4499097661318],[-71.6458686699999,-33.4501673661318]]],[[[-71.6428792489999,-33.4492499571318],[-71.6425277809999,-33.4493306591318],[-71.6433535289999,-33.4500273571318],[-71.6438059619999,-33.4495666971318],[-71.6433886569999,-33.4500541371318],[-71.644210186,-33.4507537621317],[-71.6445149609999,-33.4498868891317],[-71.6442465019999,-33.4507803231317],[-71.6445031519999,-33.4503305001318],[-71.6443178749999,-33.4508321881317],[-71.6445279679999,-33.4509672791317],[-71.6449016199999,-33.4499703701318],[-71.6445589539999,-33.4509871851317],[-71.6451191449999,-33.4513382241317],[-71.6456452709999,-33.4511471491318],[-71.645576833,-33.4507198691317],[-71.6456804159999,-33.4511323511318],[-71.6461990359999,-33.4510290881317],[-71.6460840869999,-33.4508079291318],[-71.6458120499999,-33.4509103191317],[-71.6460712019999,-33.4507831381318],[-71.6459426429999,-33.4505357921317],[-71.6457104529999,-33.4506040701317],[-71.6459297379999,-33.4505109621318],[-71.645745271,-33.4500662191318],[-71.6462405349999,-33.4510186711317],[-71.6471892049999,-33.4505295341317],[-71.6467546679999,-33.4500559231317],[-71.6460707589999,-33.4504640941317],[-71.6459756239999,-33.4504339381318],[-71.6458300119999,-33.4501496131318],[-71.6462779589999,-33.4498164731318],[-71.6468754629999,-33.4500468301318],[-71.6472351389999,-33.4505060751318],[-71.6478524269999,-33.4504911521317],[-71.6479261949999,-33.4498929871318],[-71.647873607,-33.4504955081318],[-71.6482454249999,-33.4505646221318],[-71.6484627079999,-33.4499470051318],[-71.6482886609999,-33.4505722521317],[-71.6486951629999,-33.4506454011317],[-71.6489055459999,-33.4499864861318],[-71.6487372579999,-33.4506529901317],[-71.650053823,-33.4509363851317],[-71.6501971149999,-33.4507012671318],[-71.6494760679999,-33.4497895611317],[-71.6490008569999,-33.4496029201318],[-71.6477574609999,-33.4494207671317],[-71.6472054139999,-33.4497486371317],[-71.6464149889999,-33.4497237751318],[-71.6452757879999,-33.4499270111317],[-71.6442554029999,-33.4497034051317],[-71.6440566339999,-33.4494842591317],[-71.6428792489999,-33.4492499571318]]]]}},{"type":"Feature","properties":{"id":"5605011006019","commune":"El Tabo","code":"05605","gse":"D","quintil":"Q1","nse_score":640.5,"educ":10.6,"educ_score":506.7,"hacin":1.154,"hacin_class":"Hacinamiento Leve","hacin_score":818.3,"auto_score":230.8,"n_per":45,"n_hog":20,"source_year":2024},"geometry":{"type":"MultiPolygon","coordinates":[[[[-71.6497996089999,-33.4554758591317],[-71.6486804049999,-33.4561219431316],[-71.6489761329999,-33.4563965001317],[-71.6493872259999,-33.4561497431316],[-71.6490048249999,-33.4564235551317],[-71.6492812819999,-33.4566749821317],[-71.6497304519999,-33.4563705271317],[-71.649310909,-33.4567021041317],[-71.6495369789999,-33.4569373051317],[-71.6499359609999,-33.4566751811317],[-71.6495654389999,-33.4569643711316],[-71.6497912629999,-33.4571806351316],[-71.6504536139999,-33.4571465981317],[-71.6510934589999,-33.4559089941317],[-71.65022647,-33.4555953291317],[-71.6497180289999,-33.4561646411317],[-71.6501795009999,-33.4555811341317],[-71.6497996089999,-33.4554758591317]]],[[[-71.6489789599999,-33.4551669081317],[-71.6480478709999,-33.4557182731317],[-71.6482473569999,-33.4559416511317],[-71.6488895839999,-33.4556537551317],[-71.6482915629999,-33.4559823561317],[-71.6484531989999,-33.4561205351317],[-71.6492977069999,-33.4556252061317],[-71.6489789599999,-33.4551669081317]]]]}},{"type":"Feature","properties":{"id":"5605011006009","commune":"El Tabo","code":"05605","gse":"D","quintil":"Q1","nse_score":641.6,"educ":11.8,"educ_score":586.7,"hacin":0.714,"hacin_class":"Sin Hacinamiento","hacin_score":911.9,"auto_score":0.0,"n_per":10,"n_hog":7,"source_year":2024},"geometry":{"type":"MultiPolygon","coordinates":[[[[-71.6528338429999,-33.4546651951317],[-71.6529904269999,-33.4545495391317],[-71.6524237419999,-33.4538836151317],[-71.6522967469999,-33.4540421151317],[-71.6528338429999,-33.4546651951317]]],[[[-71.6531383759999,-33.4533882971317],[-71.6524755959999,-33.4538669621317],[-71.6530168379999,-33.4545279651317],[-71.6534985279999,-33.4540991331317],[-71.6531494519999,-33.4537992561317],[-71.6535325449999,-33.4540705151317],[-71.6536843209999,-33.4539122001317],[-71.6531383759999,-33.4533882971317]]]]}},{"type":"Feature","properties":{"id":"5605011006013","commune":"El Tabo","code":"05605","gse":"C3","quintil":"Q3","nse_score":722.9,"educ":11.8,"educ_score":586.7,"hacin":1.111,"hacin_class":"Hacinamiento Leve","hacin_score":827.4,"auto_score":200.0,"n_per":10,"n_hog":5,"source_year":2024},"geometry":{"type":"MultiPolygon","coordinates":[[[[-71.6535965759999,-33.4561625001317],[-71.6539563009999,-33.4559420191317],[-71.6533683509999,-33.4553273271317],[-71.6530313689999,-33.4555569241317],[-71.6535965759999,-33.4561625001317]]],[[[-71.6538988889999,-33.4558084401317],[-71.6548021389999,-33.4549257831317],[-71.6542852499999,-33.4544517541317],[-71.6534078489999,-33.4552661461317],[-71.6538988889999,-33.4558084401317]]]]}},{"type":"Feature","properties":{"id":"5605011006012","commune":"El Tabo","code":"05605","gse":"D","quintil":"Q1","nse_score":636.8,"educ":11.7,"educ_score":580.0,"hacin":1.095,"hacin_class":"Hacinamiento Leve","hacin_score":830.9,"auto_score":148.1,"n_per":81,"n_hog":37,"source_year":2024},"geometry":{"type":"MultiPolygon","coordinates":[[[[-71.6501643729999,-33.4600960051317],[-71.6510338739999,-33.4596621431316],[-71.6507574669999,-33.4592417631317],[-71.6500935649999,-33.4595511961316],[-71.6501643729999,-33.4600960051317]]],[[[-71.6501494789999,-33.4594599351316],[-71.6509904449999,-33.4590431441317],[-71.6509967129999,-33.4587406901317],[-71.6504571869999,-33.4587941901316],[-71.6501494789999,-33.4594599351316]]],[[[-71.6472879639999,-33.4553353301317],[-71.6482780879999,-33.4570340971317],[-71.6490479809999,-33.4572442951317],[-71.6494754669999,-33.4577018001317],[-71.6495372709999,-33.4586871031316],[-71.6493696329999,-33.4594506541317],[-71.64945058,-33.4605422091316],[-71.6501617849999,-33.4618200881316],[-71.6504950769999,-33.4615627411316],[-71.6497934139999,-33.4605020881316],[-71.6497274849999,-33.4600790531316],[-71.649919457,-33.4606044591316],[-71.6505444949999,-33.4615244791316],[-71.6507222889999,-33.4613652211316],[-71.6501330999999,-33.4605149381316],[-71.6500152379999,-33.4595855821316],[-71.6496689919999,-33.4595695751316],[-71.6496588049999,-33.4593824711316],[-71.6500398269999,-33.4587282161316],[-71.6497180009999,-33.4594044081316],[-71.6497667479999,-33.4595306451316],[-71.6500087579999,-33.4595317501316],[-71.6504355709999,-33.4587395361316],[-71.6514278199999,-33.4586312631316],[-71.6510616479999,-33.4587213021317],[-71.6510709529999,-33.4590378471316],[-71.6508147479999,-33.4592257141317],[-71.6517581999999,-33.4605927321316],[-71.6519448419999,-33.4606960931317],[-71.6528294939999,-33.4605971021316],[-71.6520662549999,-33.4594872821316],[-71.6517865079999,-33.4595750811317],[-71.6520490079999,-33.4600215281316],[-71.6514475619999,-33.4591907961316],[-71.651763877,-33.4595436881316],[-71.6520436409999,-33.4594558841317],[-71.6504551969999,-33.4572262021317],[-71.6497542259999,-33.4572272711317],[-71.6486244719999,-33.4561502641317],[-71.6483914849999,-33.4561530711317],[-71.6487101199999,-33.4565572421316],[-71.6478271579999,-33.4556080401317],[-71.6473571859999,-33.4548610461317],[-71.6468070619999,-33.4543164901317],[-71.6465262749999,-33.4542871381317],[-71.6472879639999,-33.4553353301317]]]]}},{"type":"Feature","properties":{"id":"5605011006007","commune":"El Tabo","code":"05605","gse":"C3","quintil":"Q3","nse_score":715.5,"educ":11.5,"educ_score":566.7,"hacin":0.867,"hacin_class":"Sin Hacinamiento","hacin_score":879.4,"auto_score":83.3,"n_per":13,"n_hog":10,"source_year":2024},"geometry":{"type":"MultiPolygon","coordinates":[[[[-71.6465053469999,-33.4561306511317],[-71.646815725,-33.4559011201317],[-71.6462782319999,-33.4553231441317],[-71.6458904919999,-33.4545216101317],[-71.645561073,-33.4547548361317],[-71.6457842479999,-33.4553786361317],[-71.6465053469999,-33.4561306511317]]],[[[-71.6456312639999,-33.4546013531317],[-71.6459940379999,-33.4543370571317],[-71.6452456419999,-33.4534676721317],[-71.6447112989999,-33.4529518851317],[-71.6443277819999,-33.4531307661317],[-71.6456312639999,-33.4546013531317]]]]}},{"type":"Feature","properties":{"id":"5605011006031","commune":"El Tabo","code":"05605","gse":"E","quintil":"Q1","nse_score":598.5,"educ":11.9,"educ_score":593.3,"hacin":1.3,"hacin_class":"Hacinamiento Leve","hacin_score":787.2,"auto_score":0.0,"n_per":13,"n_hog":5,"source_year":2024},"geometry":{"type":"MultiPolygon","coordinates":[[[[-71.6506803299999,-33.4611228591316],[-71.6516458499999,-33.4605774461316],[-71.651418599,-33.4601999351316],[-71.6503262389999,-33.4606944931316],[-71.6506803299999,-33.4611228591316]]],[[[-71.6502907739999,-33.4606539231316],[-71.6513608509999,-33.4601467351316],[-71.6510896069999,-33.4597175731316],[-71.6501590439999,-33.4601567451316],[-71.6502907739999,-33.4606539231316]]]]}},{"type":"Feature","properties":{"id":"5605011007002","commune":"El Tabo","code":"05605","gse":"C3","quintil":"Q2","nse_score":680.5,"educ":9.5,"educ_score":433.3,"hacin":1.042,"hacin_class":"Hacinamiento Leve","hacin_score":842.2,"auto_score":0.0,"n_per":25,"n_hog":11,"source_year":2024},"geometry":{"type":"Polygon","coordinates":[[[-71.6407425979999,-33.4486654621318],[-71.641287712,-33.4481727151318],[-71.640766229,-33.4475349401318],[-71.6401608699999,-33.4477897141318],[-71.640201283,-33.4481371781318],[-71.6406213829999,-33.4479914881318],[-71.6402707749999,-33.4482121031318],[-71.6409815339999,-33.4489907831318],[-71.6415778519999,-33.4484888161318],[-71.6413150659999,-33.4482019641318],[-71.6407425979999,-33.4486654621318]]]}},{"type":"Feature","properties":{"id":"5605011007005","commune":"El Tabo","code":"05605","gse":"D","quintil":"Q1","nse_score":644.0,"educ":10.5,"educ_score":500.0,"hacin":1.177,"hacin_class":"Hacinamiento Leve","hacin_score":813.5,"auto_score":62.5,"n_per":20,"n_hog":7,"source_year":2024},"geometry":{"type":"Polygon","coordinates":[[[-71.6405704869999,-33.4494302271317],[-71.6410442119999,-33.4491532431318],[-71.6402110529999,-33.4483033481318],[-71.6398758809999,-33.4486321121318],[-71.6405704869999,-33.4494302271317]]]}},{"type":"Feature","properties":{"id":"5605011007008","commune":"El Tabo","code":"05605","gse":"D","quintil":"Q1","nse_score":627.0,"educ":9.3,"educ_score":420.0,"hacin":1.333,"hacin_class":"Hacinamiento Leve","hacin_score":780.1,"auto_score":250.0,"n_per":8,"n_hog":4,"source_year":2024},"geometry":{"type":"Polygon","coordinates":[[[-71.641831297,-33.4498589401318],[-71.6424234589999,-33.4493378251317],[-71.6416083819999,-33.4485301501318],[-71.6410297199999,-33.4490439371318],[-71.6420512859999,-33.4501919631318],[-71.6426707089999,-33.4497152181318],[-71.6420778199999,-33.4502205961318],[-71.6430123049999,-33.4511835401317],[-71.6431521089999,-33.4512262071317],[-71.6436994349999,-33.4505967331317],[-71.6435540089999,-33.4502961561317],[-71.6424508619999,-33.4493657301318],[-71.641831297,-33.4498589401318]]]}},{"type":"Feature","properties":{"id":"5605011007012","commune":"El Tabo","code":"05605","gse":"D","quintil":"Q1","nse_score":623.3,"educ":10.6,"educ_score":506.7,"hacin":1.857,"hacin_class":"Hacinamiento Medio","hacin_score":668.7,"auto_score":200.0,"n_per":13,"n_hog":5,"source_year":2024},"geometry":{"type":"Polygon","coordinates":[[[-71.6411910259999,-33.4501352941318],[-71.6416667659999,-33.4498447431317],[-71.6410676499999,-33.4491917461318],[-71.6406018879999,-33.4494705551318],[-71.6411910259999,-33.4501352941318]]]}},{"type":"Feature","properties":{"id":"5605011007015","commune":"El Tabo","code":"05605","gse":"D","quintil":"Q1","nse_score":619.8,"educ":10.6,"educ_score":506.7,"hacin":1.364,"hacin_class":"Hacinamiento Leve","hacin_score":773.7,"auto_score":75.0,"n_per":45,"n_hog":18,"source_year":2024},"geometry":{"type":"Polygon","coordinates":[[[-71.6428700739999,-33.4517446851317],[-71.6424895049999,-33.4520220931317],[-71.6451600389999,-33.4548764371317],[-71.6455581959999,-33.4546422691317],[-71.6428700739999,-33.4517446851317]]]}},{"type":"Feature","properties":{"id":"5605011007017","commune":"El Tabo","code":"05605","gse":"C3","quintil":"Q2","nse_score":692.6,"educ":10.8,"educ_score":520.0,"hacin":0.933,"hacin_class":"Sin Hacinamiento","hacin_score":865.2,"auto_score":125.0,"n_per":14,"n_hog":7,"source_year":2024},"geometry":{"type":"Polygon","coordinates":[[[-71.6429731519999,-33.4540005631317],[-71.6433112529999,-33.4537097961317],[-71.643117017,-33.4534996401317],[-71.6419782519999,-33.4523525661317],[-71.6416231959999,-33.4525795971317],[-71.6429731519999,-33.4540005631317]]]}},{"type":"Feature","properties":{"id":"5605011007018","commune":"El Tabo","code":"05605","gse":"D","quintil":"Q1","nse_score":626.4,"educ":7.6,"educ_score":306.7,"hacin":1.286,"hacin_class":"Hacinamiento Leve","hacin_score":790.3,"auto_score":166.7,"n_per":18,"n_hog":6,"source_year":2024},"geometry":{"type":"Polygon","coordinates":[[[-71.6421635699999,-33.4546003631317],[-71.6429172729999,-33.4540296061317],[-71.641540087,-33.4526395351317],[-71.6407847219999,-33.4532273061317],[-71.6421635699999,-33.4546003631317]]]}},{"type":"Feature","properties":{"id":"5605011007019","commune":"El Tabo","code":"05605","gse":"E","quintil":"Q1","nse_score":610.6,"educ":10.7,"educ_score":513.3,"hacin":1.0,"hacin_class":"Hacinamiento Leve","hacin_score":851.1,"auto_score":125.0,"n_per":36,"n_hog":13,"source_year":2024},"geometry":{"type":"Polygon","coordinates":[[[-71.6407382329999,-33.4532695661317],[-71.6404323349999,-33.4536198221317],[-71.6431545119999,-33.4563481641317],[-71.6435450479999,-33.4561195771317],[-71.6407382329999,-33.4532695661317]]]}},{"type":"Feature","properties":{"id":"5605011007022","commune":"El Tabo","code":"05605","gse":"E","quintil":"Q1","nse_score":593.3,"educ":8.9,"educ_score":393.3,"hacin":2.0,"hacin_class":"Hacinamiento Medio","hacin_score":638.3,"auto_score":111.1,"n_per":28,"n_hog":8,"source_year":2024},"geometry":{"type":"Polygon","coordinates":[[[-71.6430146899999,-33.4540272621317],[-71.6443492299999,-33.4554551491317],[-71.6446965069999,-33.4552290571317],[-71.6433414029999,-33.4537380811317],[-71.6430146899999,-33.4540272621317]]]}},{"type":"Feature","properties":{"id":"5605011007023","commune":"El Tabo","code":"05605","gse":"D","quintil":"Q1","nse_score":628.4,"educ":10.6,"educ_score":506.7,"hacin":1.308,"hacin_class":"Hacinamiento Leve","hacin_score":785.6,"auto_score":100.0,"n_per":17,"n_hog":8,"source_year":2024},"geometry":{"type":"Polygon","coordinates":[[[-71.6429834179999,-33.4540760201317],[-71.6426057309999,-33.4543577711317],[-71.6440078079999,-33.4557932591317],[-71.6443125139999,-33.4554741941317],[-71.6429834179999,-33.4540760201317]]]}},{"type":"Feature","properties":{"id":"5605011007024","commune":"El Tabo","code":"05605","gse":"C3","quintil":"Q3","nse_score":732.0,"educ":11.9,"educ_score":593.3,"hacin":1.167,"hacin_class":"Hacinamiento Leve","hacin_score":815.6,"auto_score":0.0,"n_per":21,"n_hog":8,"source_year":2024},"geometry":{"type":"Polygon","coordinates":[[[-71.6435959859999,-33.4560634871317],[-71.643945776,-33.4557952431317],[-71.6425274599999,-33.4543645771317],[-71.6421940309999,-33.4546544371317],[-71.6435959859999,-33.4560634871317]]]}},{"type":"Feature","properties":{"id":"5605011007025","commune":"El Tabo","code":"05605","gse":"D","quintil":"Q1","nse_score":626.6,"educ":9.0,"educ_score":400.0,"hacin":1.1,"hacin_class":"Hacinamiento Leve","hacin_score":829.8,"auto_score":88.2,"n_per":33,"n_hog":17,"source_year":2024},"geometry":{"type":"Polygon","coordinates":[[[-71.6452843039999,-33.4571769521317],[-71.6440372679999,-33.4559050371317],[-71.6436554869999,-33.4561130221317],[-71.6448445999999,-33.4574107811317],[-71.6451443359999,-33.4575390611316],[-71.6461261129999,-33.4584570561316],[-71.6462469009999,-33.4584832061316],[-71.6467861439999,-33.4580879301316],[-71.6457970419999,-33.4571764151317],[-71.6457067519999,-33.4569362951317],[-71.6443514789999,-33.4555427021317],[-71.6440440229999,-33.4558610321317],[-71.6452843039999,-33.4571769521317]]]}},{"type":"Feature","properties":{"id":"5605011007029","commune":"El Tabo","code":"05605","gse":"C3","quintil":"Q2","nse_score":694.4,"educ":10.2,"educ_score":480.0,"hacin":1.0,"hacin_class":"Hacinamiento Leve","hacin_score":851.1,"auto_score":191.2,"n_per":68,"n_hog":34,"source_year":2024},"geometry":{"type":"Polygon","coordinates":[[[-71.6441385209999,-33.4581042131317],[-71.6427644679999,-33.4567261561317],[-71.6423970609999,-33.4570029261316],[-71.6437032409999,-33.4583919111316],[-71.6423487419999,-33.4570325241317],[-71.6419621779999,-33.4572587701317],[-71.6431680049999,-33.4585443451316],[-71.6419170149999,-33.4572897881317],[-71.6413381199999,-33.4576965861317],[-71.6414964639999,-33.4579025561317],[-71.6418152889999,-33.4577223501316],[-71.6415186249999,-33.4579261691317],[-71.6418584929999,-33.4582549181317],[-71.6422599359999,-33.4580072571317],[-71.6418828369999,-33.4582896751317],[-71.6422170419999,-33.4586285981317],[-71.6425728329999,-33.4583882801317],[-71.6422514079999,-33.4586633911316],[-71.6430769539999,-33.4595280951316],[-71.6432765209999,-33.4593812371316],[-71.6430929359999,-33.4595459071316],[-71.6441755209999,-33.4605876691316],[-71.6449468759999,-33.4600309681316],[-71.6446472509999,-33.4595931981316],[-71.6455920499999,-33.4589289921316],[-71.6451659169999,-33.4585042291316],[-71.6449037529999,-33.4586437991317],[-71.6451497599999,-33.4584876441316],[-71.6431992379999,-33.4564501181317],[-71.6428179409999,-33.4566701621317],[-71.6441385209999,-33.4581042131317]]]}},{"type":"Feature","properties":{"id":"5605011007030","commune":"El Tabo","code":"05605","gse":"C3","quintil":"Q3","nse_score":709.8,"educ":11.2,"educ_score":546.7,"hacin":1.067,"hacin_class":"Hacinamiento Leve","hacin_score":836.9,"auto_score":100.0,"n_per":16,"n_hog":6,"source_year":2024},"geometry":{"type":"Polygon","coordinates":[[[-71.6412551759999,-33.4577608211317],[-71.6408936029999,-33.4580165531316],[-71.6408538179999,-33.4581997861317],[-71.6416945329999,-33.4590865081316],[-71.6422058479999,-33.4586987961317],[-71.6412551759999,-33.4577608211317]]]}},{"type":"Feature","properties":{"id":"5605011007031","commune":"El Tabo","code":"05605","gse":"C3","quintil":"Q2","nse_score":681.6,"educ":11.4,"educ_score":560.0,"hacin":1.25,"hacin_class":"Hacinamiento Leve","hacin_score":797.9,"auto_score":363.6,"n_per":30,"n_hog":10,"source_year":2024},"geometry":{"type":"Polygon","coordinates":[[[-71.6435199889999,-33.4609374761316],[-71.6440892439999,-33.4606126421316],[-71.6422797349999,-33.4587645341317],[-71.6417179739999,-33.4591006541316],[-71.6435199889999,-33.4609374761316]]]}},{"type":"Feature","properties":{"id":"5605011007032","commune":"El Tabo","code":"05605","gse":"D","quintil":"Q1","nse_score":619.4,"educ":8.5,"educ_score":366.7,"hacin":1.25,"hacin_class":"Hacinamiento Leve","hacin_score":797.9,"auto_score":83.3,"n_per":15,"n_hog":6,"source_year":2024},"geometry":{"type":"Polygon","coordinates":[[[-71.6429283239999,-33.4613790331316],[-71.6430834139999,-33.4612929081316],[-71.6416920179999,-33.4598747631316],[-71.6414571759999,-33.4600232641316],[-71.6423599329999,-33.4609877461316],[-71.6429283239999,-33.4613790331316]]]}},{"type":"Feature","properties":{"id":"5605011007003","commune":"El Tabo","code":"05605","gse":"E","quintil":"Q1","nse_score":537.8,"educ":10.3,"educ_score":486.7,"hacin":1.714,"hacin_class":"Hacinamiento Medio","hacin_score":699.1,"auto_score":111.1,"n_per":24,"n_hog":6,"source_year":2024},"geometry":{"type":"MultiPolygon","coordinates":[[[[-71.6373967899999,-33.4486753261318],[-71.6377248629999,-33.4492795261318],[-71.6380424689999,-33.4490935321318],[-71.6379174219999,-33.4484225371318],[-71.6373967899999,-33.4486753261318]]],[[[-71.6381039749999,-33.4490573001318],[-71.6401444509999,-33.4482360371318],[-71.6400717479999,-33.4478019731318],[-71.6379672879999,-33.4483986621318],[-71.6381039749999,-33.4490573001318]]]]}},{"type":"Feature","properties":{"id":"5605011007021","commune":"El Tabo","code":"05605","gse":"D","quintil":"Q2","nse_score":652.7,"educ":11.1,"educ_score":540.0,"hacin":1.412,"hacin_class":"Hacinamiento Leve","hacin_score":763.5,"auto_score":38.5,"n_per":24,"n_hog":10,"source_year":2024},"geometry":{"type":"MultiPolygon","coordinates":[[[[-71.6456487059999,-33.4589001081317],[-71.646143821,-33.4585083161316],[-71.6451244269999,-33.4575638191316],[-71.6448033609999,-33.4574243931317],[-71.6436120739999,-33.4561701011317],[-71.6432720099999,-33.4563850511316],[-71.6456487059999,-33.4589001081317]]],[[[-71.6427732769999,-33.4566391321317],[-71.6431165919999,-33.4563665881317],[-71.6403522249999,-33.4535978781317],[-71.6400361199999,-33.4537840681317],[-71.6407138209999,-33.4545640311317],[-71.6413161289999,-33.4549274441317],[-71.6413609669999,-33.4552191311317],[-71.6427732769999,-33.4566391321317]]]]}},{"type":"Feature","properties":{"id":"5605011007026","commune":"El Tabo","code":"05605","gse":"C2","quintil":"Q4","nse_score":744.6,"educ":12.9,"educ_score":660.0,"hacin":0.8,"hacin_class":"Sin Hacinamiento","hacin_score":893.6,"auto_score":62.5,"n_per":16,"n_hog":8,"source_year":2024},"geometry":{"type":"MultiPolygon","coordinates":[[[[-71.6413546149999,-33.4572011041316],[-71.6415533119999,-33.4569981361317],[-71.6406759389999,-33.4560856161317],[-71.6404468429999,-33.4561939231317],[-71.6413546149999,-33.4572011041316]]],[[[-71.6416143229999,-33.4570011211317],[-71.6420219279999,-33.4566938171316],[-71.641055348,-33.4557805731316],[-71.6407142309999,-33.4560429531317],[-71.6416143229999,-33.4570011211317]]]]}},{"type":"Feature","properties":{"id":"5605011007001","commune":"El Tabo","code":"05605","gse":"E","quintil":"Q1","nse_score":567.6,"educ":10.3,"educ_score":486.7,"hacin":1.312,"hacin_class":"Hacinamiento Leve","hacin_score":784.6,"auto_score":104.2,"n_per":84,"n_hog":34,"source_year":2024},"geometry":{"type":"MultiPolygon","coordinates":[[[[-71.6358552969999,-33.4494922921318],[-71.6363189049999,-33.4502627341317],[-71.6373068959999,-33.4495539961318],[-71.6369554269999,-33.4488946331318],[-71.6358552969999,-33.4494922921318]]],[[[-71.6408743059999,-33.4465377101318],[-71.6384082769999,-33.4469295731318],[-71.638496384,-33.4472582041318],[-71.6399921199999,-33.4469610821318],[-71.6384591459999,-33.4473153791318],[-71.6383538369999,-33.4469451411318],[-71.6381923089999,-33.4470048021318],[-71.6382112639999,-33.4474148741318],[-71.6381280369999,-33.4470134801318],[-71.6378634699999,-33.4470928241318],[-71.6348152609999,-33.4481458641318],[-71.6350272979999,-33.4486047711318],[-71.6351931599999,-33.4486055671318],[-71.6350744679999,-33.4486328951318],[-71.6346287779999,-33.4487179391318],[-71.6349852319999,-33.4486126211318],[-71.6347726449999,-33.4481536311318],[-71.6340805919999,-33.4482204781318],[-71.6341075939999,-33.4488850971318],[-71.6343627239999,-33.4492910651318],[-71.6351629059999,-33.4490147851317],[-71.6355953099999,-33.4495854891318],[-71.6359301709999,-33.4493937431317],[-71.6355613659999,-33.4488062471318],[-71.6359666209999,-33.4493740721318],[-71.6363145749999,-33.4491830891317],[-71.6360550299999,-33.4486800961318],[-71.6363500519999,-33.4491594691318],[-71.6367461089999,-33.4489398791318],[-71.6364775709999,-33.4484682701317],[-71.6367823169999,-33.4489198041318],[-71.6382842709999,-33.4482384851318],[-71.6379871159999,-33.4478026071317],[-71.6383252649999,-33.4482263431318],[-71.6388672229999,-33.4480699581318],[-71.6386054119999,-33.4476281041318],[-71.638908796,-33.4480585141318],[-71.6393014069999,-33.4479421351318],[-71.6391021709999,-33.4474917231318],[-71.6393521829999,-33.4479291421318],[-71.6407126459999,-33.4474916451318],[-71.6406882889999,-33.4471746921318],[-71.6401679839999,-33.4472875081318],[-71.6406996829999,-33.4471314201318],[-71.6408743059999,-33.4465377101318]]]]}},{"type":"Feature","properties":{"id":"5605011007006","commune":"El Tabo","code":"05605","gse":"D","quintil":"Q1","nse_score":619.3,"educ":10.6,"educ_score":506.7,"hacin":1.201,"hacin_class":"Hacinamiento Leve","hacin_score":808.4,"auto_score":121.8,"n_per":371,"n_hog":153,"source_year":2024},"geometry":{"type":"MultiPolygon","coordinates":[[[[-71.6369926669999,-33.4488761291317],[-71.6373415249999,-33.4495305881318],[-71.6376880419999,-33.4492987371318],[-71.6373595769999,-33.4486938171318],[-71.6369926669999,-33.4488761291317]]],[[[-71.6391761949999,-33.4486417271318],[-71.6406818229999,-33.4502453771317],[-71.6394490019999,-33.4490623231318],[-71.6391265789999,-33.4486630541318],[-71.638689472,-33.4488567441318],[-71.6402008509999,-33.4503494561317],[-71.6386406949999,-33.4488790891318],[-71.6367287039999,-33.4500395131317],[-71.6383146919999,-33.4517755161317],[-71.6366873629999,-33.4500689241317],[-71.6363704359999,-33.4502965381317],[-71.6379714259999,-33.4521273271317],[-71.6363161969999,-33.4503371481318],[-71.636011316,-33.4505672641317],[-71.6368976729999,-33.4514943281318],[-71.6373250209999,-33.4521969431317],[-71.6376157189999,-33.4521317991317],[-71.6372956829999,-33.4522239791317],[-71.6368604079999,-33.4515124621317],[-71.6359712069999,-33.4505907581317],[-71.635372807,-33.4510390911317],[-71.6367497449999,-33.4523883231317],[-71.6353367939999,-33.4510630571317],[-71.6349574469999,-33.4513155011318],[-71.636478156,-33.4529503181317],[-71.6349241419999,-33.4513664631317],[-71.6346455049999,-33.4515495291317],[-71.6362175859999,-33.4531813321317],[-71.6346170369999,-33.4515997901317],[-71.6343320129999,-33.4517940941317],[-71.6358685229999,-33.4534268831317],[-71.6342947069999,-33.4518420681318],[-71.6340907449999,-33.4519909771317],[-71.6344740599999,-33.4523872111317],[-71.6340498279999,-33.4520155961317],[-71.6337714649999,-33.4522653971317],[-71.6353469719999,-33.4539461661317],[-71.6366313009999,-33.4532003641317],[-71.636480392,-33.4533401481317],[-71.6367696999999,-33.4536935271317],[-71.6364502709999,-33.4533659621317],[-71.6359352929999,-33.4536778101317],[-71.636385232,-33.4541401121317],[-71.6368785409999,-33.4538607551317],[-71.6364124479999,-33.4541681771317],[-71.6367190469999,-33.4544843651317],[-71.6372246149999,-33.4541779171317],[-71.636746119,-33.4545124421317],[-71.6370435189999,-33.4548006671317],[-71.6373797209999,-33.4546241721317],[-71.6371358659999,-33.4548088571317],[-71.6369763399999,-33.4548066941317],[-71.6358958099999,-33.4536949121317],[-71.6353905049999,-33.4539943251317],[-71.6370833279999,-33.4555999371317],[-71.6373404279999,-33.4554594581317],[-71.6358922839999,-33.4539833261317],[-71.637373985,-33.4554369271317],[-71.6376772599999,-33.4552338781317],[-71.6375937159999,-33.4553586461317],[-71.6378568479999,-33.4555933991317],[-71.6379791449999,-33.4555876081317],[-71.6378074009999,-33.4553567831317],[-71.6382955359999,-33.4557427711317],[-71.6383718589999,-33.4561248671316],[-71.6382519849999,-33.4557721571317],[-71.6378291479999,-33.4556328471317],[-71.6375516239999,-33.4553869071317],[-71.6371503539999,-33.4556675751317],[-71.6403517749999,-33.4591124471316],[-71.6408184649999,-33.4593329401317],[-71.6414185389999,-33.4599799191316],[-71.641628722,-33.4598174241316],[-71.6410318059999,-33.4591340241316],[-71.6431845379999,-33.4612644261316],[-71.6435026419999,-33.4609945951316],[-71.6408334269999,-33.4582553751317],[-71.6408773619999,-33.4579881941316],[-71.6415049579999,-33.4574128461317],[-71.6403521359999,-33.4562477691317],[-71.63956529,-33.4567172381317],[-71.6410959109999,-33.4557349701317],[-71.6420635759999,-33.4567063751317],[-71.6414255179999,-33.4572119851317],[-71.6415784369999,-33.4574459151317],[-71.6427176059999,-33.4566452281317],[-71.6413358569999,-33.4552353781317],[-71.6412756689999,-33.4549417081317],[-71.6406889559999,-33.4545859571317],[-71.6399626039999,-33.4538189661317],[-71.6395976279999,-33.4541669251317],[-71.640888232,-33.4554807431317],[-71.639549186,-33.4541882891317],[-71.6397810899999,-33.4538743371317],[-71.6390024929999,-33.4543593331317],[-71.6398392039999,-33.4553624511317],[-71.6389604219999,-33.4543874691317],[-71.6385454869999,-33.4547033461317],[-71.6389194269999,-33.4556452781317],[-71.6395337429999,-33.4562968111317],[-71.6388718779999,-33.4556668001317],[-71.6385079179999,-33.4547964981317],[-71.6384916689999,-33.4546898021317],[-71.6386064859999,-33.4545672371317],[-71.6389893139999,-33.4543104961317],[-71.6377303299999,-33.4530349791317],[-71.6390313709999,-33.4542823681317],[-71.6393888929999,-33.4540125141317],[-71.6392597519999,-33.4538255151317],[-71.6394458489999,-33.4539682251317],[-71.6402563459999,-33.4535722861317],[-71.6399979649999,-33.4534847931317],[-71.6384845339999,-33.4520270801317],[-71.6400923429999,-33.4534926281317],[-71.6403140889999,-33.4535283341317],[-71.6404975849999,-33.4533794321317],[-71.6388124879999,-33.4516934351317],[-71.6405280309999,-33.4533145501317],[-71.6406918059999,-33.4532100941317],[-71.6401383359999,-33.4526216001317],[-71.6401645149999,-33.4524224101317],[-71.6393348419999,-33.4515544531317],[-71.6402039369999,-33.4524056671317],[-71.6401797479999,-33.4526078741317],[-71.6407218909999,-33.4531838791317],[-71.6411812309999,-33.4528305501317],[-71.6397519239999,-33.4513613241318],[-71.6412296629999,-33.4527947531317],[-71.6415616919999,-33.4525523101317],[-71.6400596959999,-33.4510413241318],[-71.6416108479999,-33.4525173261317],[-71.6418493369999,-33.4523469191317],[-71.6403334619999,-33.4507448141318],[-71.6418679939999,-33.4522951971318],[-71.6421644879999,-33.4520768251317],[-71.6406626709999,-33.4505378291317],[-71.6422090829999,-33.4520363511317],[-71.6425896109999,-33.4518605601317],[-71.6411586499999,-33.4503941131318],[-71.6426305179999,-33.4518313051317],[-71.643075516,-33.4513633101317],[-71.6429190959999,-33.4511843611317],[-71.6427419919999,-33.4513446321317],[-71.6426755049999,-33.4513332951317],[-71.6421726609999,-33.4508671561318],[-71.6427028769999,-33.4513049521317],[-71.6428913599999,-33.4511563861317],[-71.6423855999999,-33.4506405361317],[-71.6421621239999,-33.4507615631318],[-71.6414598929999,-33.4500338751317],[-71.6411218249999,-33.4501595221317],[-71.6398274669999,-33.4486735151318],[-71.6399430609999,-33.4483842001318],[-71.6391761949999,-33.4486417271318]]]]}},{"type":"Feature","properties":{"id":"5605011007016","commune":"El Tabo","code":"05605","gse":"D","quintil":"Q1","nse_score":638.4,"educ":11.2,"educ_score":546.7,"hacin":1.167,"hacin_class":"Hacinamiento Leve","hacin_score":815.6,"auto_score":62.5,"n_per":14,"n_hog":6,"source_year":2024},"geometry":{"type":"MultiPolygon","coordinates":[[[[-71.6447776089999,-33.4551694121317],[-71.6451245359999,-33.4549023931317],[-71.6438095209999,-33.4534758501317],[-71.6434128459999,-33.4537093701317],[-71.6447776089999,-33.4551694121317]]],[[[-71.6433658689999,-33.4536806371317],[-71.6437566719999,-33.4534264001317],[-71.6424355859999,-33.4520521931317],[-71.6420313229999,-33.4522918681317],[-71.6433658689999,-33.4536806371317]]]]}},{"type":"Feature","properties":{"id":"5605011007004","commune":"El Tabo","code":"05605","gse":"D","quintil":"Q1","nse_score":637.7,"educ":10.8,"educ_score":520.0,"hacin":1.221,"hacin_class":"Hacinamiento Leve","hacin_score":804.0,"auto_score":139.3,"n_per":138,"n_hog":52,"source_year":2024},"geometry":{"type":"MultiPolygon","coordinates":[[[[-71.6348082469999,-33.4499497411318],[-71.6355038389999,-33.4496301331317],[-71.6351374349999,-33.4490698641318],[-71.6343949629999,-33.4493493641318],[-71.6348082469999,-33.4499497411318]]],[[[-71.6321735309999,-33.4485411191317],[-71.6319124509999,-33.4481666401318],[-71.6316575609999,-33.4482327431318],[-71.6320777589999,-33.4490558371318],[-71.6329531829999,-33.4488522681318],[-71.6334258309999,-33.4488905271318],[-71.6320976259999,-33.4490898671318],[-71.6323074819999,-33.4494484091318],[-71.6331213199999,-33.4491820511317],[-71.6323357449999,-33.4494971721318],[-71.6324756349999,-33.4497396881318],[-71.6329583829999,-33.4495996681318],[-71.6324937629999,-33.4497724271317],[-71.6326891439999,-33.4501322811317],[-71.6332830419999,-33.4498894661318],[-71.6327083729999,-33.4501649511317],[-71.6329977019999,-33.4506491201317],[-71.6336351509999,-33.4503206081317],[-71.6330174219999,-33.4506821211317],[-71.6331776609999,-33.4509569481317],[-71.6339526019999,-33.4506624001317],[-71.6331975029999,-33.4509919561317],[-71.6333316509999,-33.4512221371318],[-71.6338888379999,-33.4510036791317],[-71.6333411769999,-33.4512382991318],[-71.6334935819999,-33.4514978471317],[-71.6343331409999,-33.4511848741317],[-71.6335125839999,-33.4515301711318],[-71.6337949929999,-33.4520293201317],[-71.6355347659999,-33.4508118381317],[-71.6350203489999,-33.4499696221317],[-71.6342804789999,-33.4504174061317],[-71.6345712869999,-33.4510023391318],[-71.6342135809999,-33.4504188511318],[-71.6347476039999,-33.4499664881317],[-71.6341225119999,-33.4502570261317],[-71.634695888,-33.4499184331317],[-71.6345331899999,-33.4496676771317],[-71.6338490959999,-33.4499164391317],[-71.6345065109999,-33.4496297801318],[-71.6343113759999,-33.4493737241318],[-71.6336829779999,-33.4495708031317],[-71.6342899899999,-33.4493265581318],[-71.6340374279999,-33.4488894201318],[-71.6339757789999,-33.4482171901318],[-71.6319597459999,-33.4481665481318],[-71.6321735309999,-33.4485411191317]]]]}},{"type":"Feature","properties":{"id":"5605011008001","commune":"El Tabo","code":"05605","gse":"D","quintil":"Q2","nse_score":675.8,"educ":11.1,"educ_score":540.0,"hacin":1.154,"hacin_class":"Hacinamiento Leve","hacin_score":818.3,"auto_score":357.1,"n_per":15,"n_hog":6,"source_year":2024},"geometry":{"type":"Polygon","coordinates":[[[-71.6306405899999,-33.4523758871318],[-71.630709668,-33.4528360351318],[-71.6332198439999,-33.4526055511317],[-71.6337430629999,-33.4521281431317],[-71.6334972729999,-33.4520450531317],[-71.6306405899999,-33.4523758871318]]]}},{"type":"Feature","properties":{"id":"5605011008003","commune":"El Tabo","code":"05605","gse":"E","quintil":"Q1","nse_score":616.2,"educ":11.3,"educ_score":553.3,"hacin":1.424,"hacin_class":"Hacinamiento Leve","hacin_score":760.8,"auto_score":194.4,"n_per":245,"n_hog":83,"source_year":2024},"geometry":{"type":"Polygon","coordinates":[[[-71.6283902489999,-33.4562402141317],[-71.6286755609999,-33.4560493251317],[-71.6280759289999,-33.4553276901317],[-71.6287035079999,-33.4560296491317],[-71.6298303559999,-33.4551900681317],[-71.6287812129999,-33.4540578611317],[-71.6298772759999,-33.4551271691317],[-71.6304377909999,-33.4547601061317],[-71.6295575749999,-33.4538449421317],[-71.6304698769999,-33.4547360911317],[-71.6307689109999,-33.4545130761317],[-71.6297906489999,-33.4534244421317],[-71.6305833559999,-33.4528608371317],[-71.6305102499999,-33.4523938521317],[-71.6287445269999,-33.4526093831317],[-71.6287538419999,-33.4527633231317],[-71.6292276469999,-33.4527391831317],[-71.6287505409999,-33.4528101401317],[-71.62925143,-33.4533191371317],[-71.629546107,-33.4531262391317],[-71.6288866259999,-33.4537219011317],[-71.628773528,-33.4536151601317],[-71.6286901979999,-33.4526177711317],[-71.6274794859999,-33.4529873211317],[-71.6264194809999,-33.4535443381317],[-71.6243012959999,-33.4550118501317],[-71.6239445119999,-33.4554694691317],[-71.6249929679999,-33.4565879331317],[-71.6239138129999,-33.4555152501317],[-71.6232087399999,-33.4563749791317],[-71.6239792569999,-33.4572692441316],[-71.6231664649999,-33.4564110681317],[-71.6214327589999,-33.4578587431316],[-71.6223330899999,-33.4589287991316],[-71.6214779219999,-33.4579905921316],[-71.6213601159999,-33.4580552231316],[-71.6220992899999,-33.4590576741316],[-71.6212890609999,-33.4581356871316],[-71.6213938939999,-33.4578907431317],[-71.6209008639999,-33.4583051151316],[-71.6217158629999,-33.4593911691316],[-71.6208622239999,-33.4583376471317],[-71.620691571,-33.4584813231317],[-71.6222882129999,-33.4604832681316],[-71.6241123279999,-33.4592326541316],[-71.6232175509999,-33.4581113671317],[-71.6241635409999,-33.4591988891316],[-71.6244269689999,-33.4590357281316],[-71.6234472739999,-33.4578596581317],[-71.6244727279999,-33.4590115651317],[-71.6248980829999,-33.4587429451316],[-71.6242974769999,-33.4580175871316],[-71.6245240189999,-33.4578675631316],[-71.6241992319999,-33.4575720281317],[-71.6247409379999,-33.4579990601317],[-71.6245374659999,-33.4582428421317],[-71.6249396559999,-33.4587142831316],[-71.6255705749999,-33.4581028951317],[-71.6240292489999,-33.4564782421317],[-71.625702197,-33.4580692881316],[-71.6261245229999,-33.4577901781316],[-71.6250253929999,-33.4567199771316],[-71.6261753999999,-33.4577565541317],[-71.6266251959999,-33.4574495571317],[-71.6256532519999,-33.4564795451317],[-71.6266749859999,-33.4574151571317],[-71.6272767859999,-33.4569993801317],[-71.6262712689999,-33.4559306641317],[-71.6273182739999,-33.4569707161317],[-71.6277672729999,-33.4566605021316],[-71.6267735299999,-33.4556462391317],[-71.6278077129999,-33.4566307891316],[-71.6283356749999,-33.4562752651317],[-71.6276190719999,-33.4554323861317],[-71.6283902489999,-33.4562402141317]]]}},{"type":"Feature","properties":{"id":"5605011008007","commune":"El Tabo","code":"05605","gse":"D","quintil":"Q1","nse_score":618.1,"educ":11.0,"educ_score":533.3,"hacin":1.383,"hacin_class":"Hacinamiento Leve","hacin_score":769.6,"auto_score":217.4,"n_per":65,"n_hog":23,"source_year":2024},"geometry":{"type":"Polygon","coordinates":[[[-71.6192787549999,-33.4558017771317],[-71.6211236429999,-33.4572840531317],[-71.6213069749999,-33.4571351041316],[-71.6196321579999,-33.4557584251317],[-71.6213456049999,-33.4571037191316],[-71.6218751209999,-33.4566817291317],[-71.6200900459999,-33.4552720241317],[-71.6219143559999,-33.4566507471316],[-71.6226959779999,-33.4559886691317],[-71.6189530419999,-33.4529962811317],[-71.6173896099999,-33.4544060361317],[-71.6176992959999,-33.4545585331317],[-71.6190292439999,-33.4533613641317],[-71.6194045239999,-33.4535997351317],[-71.6194446939999,-33.4536926011317],[-71.6181186459999,-33.4548591121317],[-71.6184641179999,-33.4551379021317],[-71.619848079,-33.4539485781317],[-71.6185028509999,-33.4551691581317],[-71.6189072589999,-33.4554955041317],[-71.6202708899999,-33.4542902361317],[-71.6189460009999,-33.4555267671317],[-71.6192439359999,-33.4557671891316],[-71.6205500379999,-33.4546891861317],[-71.6192787549999,-33.4558017771317]]]}},{"type":"Feature","properties":{"id":"5605011008015","commune":"El Tabo","code":"05605","gse":"E","quintil":"Q1","nse_score":613.4,"educ":11.7,"educ_score":580.0,"hacin":1.375,"hacin_class":"Hacinamiento Leve","hacin_score":771.3,"auto_score":208.3,"n_per":33,"n_hog":13,"source_year":2024},"geometry":{"type":"Polygon","coordinates":[[[-71.6171338639999,-33.4574277191317],[-71.6191252699999,-33.4589204361316],[-71.6196450599999,-33.4584499331316],[-71.618273283,-33.4573160451316],[-71.6196819459999,-33.4584171451317],[-71.6200735869999,-33.4580876821316],[-71.6186874979999,-33.4569868731317],[-71.6201120739999,-33.4580561221317],[-71.6204480949999,-33.4577918661316],[-71.6190836519999,-33.4566993121317],[-71.6204896389999,-33.4577626911316],[-71.6208569689999,-33.4575007161316],[-71.619348268,-33.4562869201317],[-71.6208956229999,-33.4574693111317],[-71.6210850149999,-33.4573154371316],[-71.619244911,-33.4558318111317],[-71.6174325229999,-33.4574230881316],[-71.6192069849999,-33.4557999261317],[-71.6186369159999,-33.4553399001317],[-71.6169420719999,-33.4567501551317],[-71.6171338639999,-33.4574277191317]]]}},{"type":"Feature","properties":{"id":"5605011008018","commune":"El Tabo","code":"05605","gse":"E","quintil":"Q1","nse_score":560.7,"educ":11.9,"educ_score":593.3,"hacin":1.5,"hacin_class":"Hacinamiento Medio","hacin_score":744.7,"auto_score":83.3,"n_per":24,"n_hog":6,"source_year":2024},"geometry":{"type":"Polygon","coordinates":[[[-71.6342649169999,-33.4575613301316],[-71.634577755,-33.4573111551317],[-71.6330261219999,-33.4557542451317],[-71.6327220519999,-33.4559298201317],[-71.6342649169999,-33.4575613301316]]]}},{"type":"Feature","properties":{"id":"5605011008020","commune":"El Tabo","code":"05605","gse":"C3","quintil":"Q2","nse_score":684.3,"educ":10.4,"educ_score":493.3,"hacin":1.2,"hacin_class":"Hacinamiento Leve","hacin_score":808.5,"auto_score":166.7,"n_per":72,"n_hog":27,"source_year":2024},"geometry":{"type":"Polygon","coordinates":[[[-71.6373605369999,-33.4580205831317],[-71.6387556019999,-33.4593395641316],[-71.639136446,-33.4591052611316],[-71.6377800769999,-33.4577240361317],[-71.6391858209999,-33.4590925831316],[-71.6395484099999,-33.4588352961317],[-71.6382725449999,-33.4575251821316],[-71.6395957149999,-33.4588124451316],[-71.6398206729999,-33.4586746471317],[-71.6379401289999,-33.4565530291317],[-71.6375544859999,-33.4564322951317],[-71.6373647739999,-33.4565683461317],[-71.6378960529999,-33.4571105801317],[-71.6367165349999,-33.4559554561316],[-71.6359010419999,-33.4564959391316],[-71.6372076359999,-33.4578016581316],[-71.6358591559999,-33.4565242061316],[-71.6355968709999,-33.4567006111316],[-71.6355834759999,-33.4568951031317],[-71.6381132079999,-33.4594743411316],[-71.638362475,-33.4596758801316],[-71.6387073469999,-33.4594270231316],[-71.6373605369999,-33.4580205831317]]]}},{"type":"Feature","properties":{"id":"5605011008021","commune":"El Tabo","code":"05605","gse":"E","quintil":"Q1","nse_score":501.4,"educ":8.9,"educ_score":393.3,"hacin":1.438,"hacin_class":"Hacinamiento Leve","hacin_score":758.0,"auto_score":208.3,"n_per":23,"n_hog":7,"source_year":2024},"geometry":{"type":"Polygon","coordinates":[[[-71.6338600869999,-33.4578276271316],[-71.6341685029999,-33.4576163651316],[-71.6338580839999,-33.4571849551317],[-71.6326722809999,-33.4559922031317],[-71.6323563619999,-33.4561850671317],[-71.6338600869999,-33.4578276271316]]]}},{"type":"Feature","properties":{"id":"5605011008022","commune":"El Tabo","code":"05605","gse":"E","quintil":"Q1","nse_score":613.1,"educ":10.9,"educ_score":526.7,"hacin":1.438,"hacin_class":"Hacinamiento Leve","hacin_score":758.0,"auto_score":125.0,"n_per":23,"n_hog":10,"source_year":2024},"geometry":{"type":"Polygon","coordinates":[[[-71.6334778109999,-33.4581099951316],[-71.6337929819999,-33.4578664861316],[-71.6322842309999,-33.4562755801317],[-71.6318909389999,-33.4565385401317],[-71.6334778109999,-33.4581099951316]]]}},{"type":"Feature","properties":{"id":"5605011008029","commune":"El Tabo","code":"05605","gse":"E","quintil":"Q1","nse_score":586.6,"educ":9.7,"educ_score":446.7,"hacin":1.407,"hacin_class":"Hacinamiento Leve","hacin_score":764.4,"auto_score":178.6,"n_per":38,"n_hog":14,"source_year":2024},"geometry":{"type":"Polygon","coordinates":[[[-71.6138886849999,-33.4594349071316],[-71.6133550189999,-33.4594128271316],[-71.6151543279999,-33.4600636591316],[-71.6150392299999,-33.4599481351316],[-71.6150857309999,-33.4598181061316],[-71.6154952469999,-33.4607279861316],[-71.6154815039999,-33.4611562281316],[-71.6159151799999,-33.4616752151316],[-71.6164910649999,-33.4613416411316],[-71.6169150419999,-33.4608096981316],[-71.6163321719999,-33.4598979741316],[-71.6159246239999,-33.4595633581317],[-71.6155633069999,-33.4598017811316],[-71.6158858179999,-33.4595320171316],[-71.6157539339999,-33.4593916911316],[-71.61720686,-33.4605603331316],[-71.6177415169999,-33.4601034531316],[-71.6160224309999,-33.4587107571317],[-71.6148578759999,-33.4597056291316],[-71.6159832899999,-33.4586798271316],[-71.6155921309999,-33.4583596991316],[-71.6141536,-33.4596196651316],[-71.6155547079999,-33.4583272531316],[-71.6153693019999,-33.4581665071316],[-71.6138886849999,-33.4594349071316]]]}},{"type":"Feature","properties":{"id":"5605011008031","commune":"El Tabo","code":"05605","gse":"D","quintil":"Q2","nse_score":663.8,"educ":9.7,"educ_score":446.7,"hacin":0.774,"hacin_class":"Sin Hacinamiento","hacin_score":899.1,"auto_score":115.4,"n_per":24,"n_hog":12,"source_year":2024},"geometry":{"type":"Polygon","coordinates":[[[-71.6402380169999,-33.4595472461316],[-71.6396243269999,-33.4589048201316],[-71.6392451989999,-33.4591461381316],[-71.640682749,-33.4606383751316],[-71.6412107799999,-33.4603987211316],[-71.6418377019999,-33.4605210571316],[-71.6408184309999,-33.4594088731316],[-71.6402591979999,-33.4591240211316],[-71.6398625059999,-33.4587216271316],[-71.6396547789999,-33.4588840871317],[-71.6402380169999,-33.4595472461316]]]}},{"type":"Feature","properties":{"id":"5605011008032","commune":"El Tabo","code":"05605","gse":"C3","quintil":"Q3","nse_score":726.1,"educ":10.8,"educ_score":520.0,"hacin":0.8,"hacin_class":"Sin Hacinamiento","hacin_score":893.6,"auto_score":166.7,"n_per":8,"n_hog":6,"source_year":2024},"geometry":{"type":"Polygon","coordinates":[[[-71.6384187309999,-33.4597406021316],[-71.6398072299999,-33.4611881231316],[-71.6401367789999,-33.4608732151316],[-71.6390895209999,-33.4597295571316],[-71.6401833259999,-33.4608621761316],[-71.6406511419999,-33.4606818221316],[-71.6392214489999,-33.4592075841317],[-71.6384187309999,-33.4597406021316]]]}},{"type":"Feature","properties":{"id":"5605011008033","commune":"El Tabo","code":"05605","gse":"D","quintil":"Q1","nse_score":644.7,"educ":10.9,"educ_score":526.7,"hacin":1.333,"hacin_class":"Hacinamiento Leve","hacin_score":780.1,"auto_score":100.0,"n_per":12,"n_hog":4,"source_year":2024},"geometry":{"type":"Polygon","coordinates":[[[-71.6287270549999,-33.4607654071316],[-71.6291792489999,-33.4607981491316],[-71.6280065269999,-33.4594553941316],[-71.6277117199999,-33.4596149421316],[-71.6287270549999,-33.4607654071316]]]}},{"type":"Feature","properties":{"id":"5605011008036","commune":"El Tabo","code":"05605","gse":"D","quintil":"Q1","nse_score":649.2,"educ":10.1,"educ_score":473.3,"hacin":1.6,"hacin_class":"Hacinamiento Medio","hacin_score":723.4,"auto_score":142.9,"n_per":16,"n_hog":7,"source_year":2024},"geometry":{"type":"Polygon","coordinates":[[[-71.6394098169999,-33.4614776761316],[-71.6397759209999,-33.4612130201316],[-71.6383851029999,-33.4597630811316],[-71.6380384419999,-33.4599893121316],[-71.6394098169999,-33.4614776761316]]]}},{"type":"Feature","properties":{"id":"5605011008038","commune":"El Tabo","code":"05605","gse":"E","quintil":"Q1","nse_score":587.0,"educ":11.3,"educ_score":553.3,"hacin":1.286,"hacin_class":"Hacinamiento Leve","hacin_score":790.3,"auto_score":71.4,"n_per":9,"n_hog":4,"source_year":2024},"geometry":{"type":"Polygon","coordinates":[[[-71.6374825219999,-33.4603766621316],[-71.6377358199999,-33.4604791531316],[-71.6389332269999,-33.4617573471316],[-71.6393507609999,-33.4615218171316],[-71.6379979219999,-33.4600924201317],[-71.6374825219999,-33.4603766621316]]]}},{"type":"Feature","properties":{"id":"5605011008039","commune":"El Tabo","code":"05605","gse":"D","quintil":"Q2","nse_score":666.1,"educ":10.8,"educ_score":520.0,"hacin":0.957,"hacin_class":"Sin Hacinamiento","hacin_score":860.3,"auto_score":0.0,"n_per":22,"n_hog":11,"source_year":2024},"geometry":{"type":"Polygon","coordinates":[[[-71.6450575239999,-33.4601071281316],[-71.6439307519999,-33.4609344581316],[-71.6445605999999,-33.4612874181316],[-71.6451725309999,-33.4618852181316],[-71.6455815369999,-33.4615998901316],[-71.6448182739999,-33.4607846621316],[-71.6446209849999,-33.4608555471316],[-71.644789021,-33.4607283931316],[-71.6456351619999,-33.4615733861316],[-71.6460378309999,-33.4613048911316],[-71.6453014219999,-33.4608838611316],[-71.6453798479999,-33.4602873821316],[-71.6452744099999,-33.4601762061316],[-71.6450575239999,-33.4601071281316]]]}},{"type":"Feature","properties":{"id":"5605011008041","commune":"El Tabo","code":"05605","gse":"E","quintil":"Q1","nse_score":587.5,"educ":9.2,"educ_score":413.3,"hacin":1.323,"hacin_class":"Hacinamiento Leve","hacin_score":782.4,"auto_score":62.5,"n_per":41,"n_hog":16,"source_year":2024},"geometry":{"type":"Polygon","coordinates":[[[-71.6407176779999,-33.4614210801316],[-71.6401854469999,-33.4609460171316],[-71.6398518249999,-33.4612313791316],[-71.6407838329999,-33.4622189051316],[-71.639822078,-33.4612575071316],[-71.6394429309999,-33.4615311301316],[-71.64074618,-33.4628034681316],[-71.6407454299999,-33.4630815941316],[-71.6417605269999,-33.4625273441316],[-71.6423782599999,-33.4618104271316],[-71.6429073399999,-33.4614504401316],[-71.6419096429999,-33.4606377731316],[-71.6412536919999,-33.4604513381316],[-71.6402514819999,-33.4609182311316],[-71.6407176779999,-33.4614210801316]]]}},{"type":"Feature","properties":{"id":"5605011008046","commune":"El Tabo","code":"05605","gse":"D","quintil":"Q1","nse_score":633.0,"educ":10.7,"educ_score":513.3,"hacin":1.252,"hacin_class":"Hacinamiento Leve","hacin_score":797.4,"auto_score":128.2,"n_per":154,"n_hog":63,"source_year":2024},"geometry":{"type":"Polygon","coordinates":[[[-71.6428701599999,-33.4616996841316],[-71.6445413819999,-33.4632603901316],[-71.6428358309999,-33.4617340481316],[-71.6424021089999,-33.4619816191316],[-71.6440881549999,-33.4635513871316],[-71.6423499599999,-33.4620041611316],[-71.6420591199999,-33.4622873711316],[-71.6425325269999,-33.4626732661316],[-71.642395598,-33.4628506661316],[-71.6427192749999,-33.4631596131316],[-71.6430132849999,-33.4629843621316],[-71.6427475759999,-33.4631867411316],[-71.6430024279999,-33.4634790961316],[-71.6423943819999,-33.4640089341316],[-71.6429606899999,-33.4634690661316],[-71.6427149199999,-33.4632101971316],[-71.6420225959999,-33.4638739441316],[-71.6422691129999,-33.4634827051316],[-71.6426866149999,-33.4631830501316],[-71.6423639639999,-33.4628750851316],[-71.6421072949999,-33.4630181951316],[-71.6417021919999,-33.4626234111316],[-71.6414633319999,-33.4626834681316],[-71.6417144649999,-33.4641917441316],[-71.6421609149999,-33.4645910571316],[-71.6423846909999,-33.4646262831316],[-71.6427483049999,-33.4645518631316],[-71.6432008269999,-33.4642622201316],[-71.6437548009999,-33.4641704031316],[-71.6447570289999,-33.4646956541316],[-71.6457691869999,-33.4645007151316],[-71.6463870399999,-33.4647723941316],[-71.6472718559999,-33.4640084051316],[-71.6470937689999,-33.4639003181316],[-71.6463849059999,-33.4643938921316],[-71.6456365609999,-33.4637826031316],[-71.6451765309999,-33.4641325431316],[-71.645591539,-33.4637434831316],[-71.6450768209999,-33.4631635711316],[-71.6457456209999,-33.4626762481316],[-71.6473462669999,-33.4639851181316],[-71.6483207619999,-33.4632044691316],[-71.6474409509999,-33.4620726691316],[-71.6466068109999,-33.4627136811316],[-71.6466437839999,-33.4625967891316],[-71.6460401949999,-33.4620601791316],[-71.6458870459999,-33.4621441881316],[-71.6465712749999,-33.4615646741316],[-71.6461095529999,-33.4613358951316],[-71.6452120609999,-33.4619542021316],[-71.6454645849999,-33.4622494781316],[-71.6451792279999,-33.4619821021316],[-71.6448336519999,-33.4622192401316],[-71.6451841989999,-33.4626088811316],[-71.6448040069999,-33.4622825771316],[-71.644462932,-33.4625171931316],[-71.6448583889999,-33.4629822861316],[-71.6433147889999,-33.4613946391316],[-71.6428701599999,-33.4616996841316]]]}},{"type":"Feature","properties":{"id":"5605011008049","commune":"El Tabo","code":"05605","gse":"D","quintil":"Q1","nse_score":642.9,"educ":10.0,"educ_score":466.7,"hacin":1.143,"hacin_class":"Hacinamiento Leve","hacin_score":820.7,"auto_score":50.0,"n_per":24,"n_hog":10,"source_year":2024},"geometry":{"type":"Polygon","coordinates":[[[-71.6404098459999,-33.4632386951316],[-71.6407097989999,-33.4631022991316],[-71.6407101019999,-33.4628234771316],[-71.6394085299999,-33.4615527751316],[-71.6390595129999,-33.4617901671316],[-71.6404098459999,-33.4632386951316]]]}},{"type":"Feature","properties":{"id":"5605011008050","commune":"El Tabo","code":"05605","gse":"C2","quintil":"Q4","nse_score":745.3,"educ":11.8,"educ_score":586.7,"hacin":0.917,"hacin_class":"Sin Hacinamiento","hacin_score":868.8,"auto_score":0.0,"n_per":11,"n_hog":6,"source_year":2024},"geometry":{"type":"Polygon","coordinates":[[[-71.6463831059999,-33.4622743421316],[-71.6468377869999,-33.4619253581316],[-71.6469627819999,-33.4617343751316],[-71.6466263879999,-33.4615961071316],[-71.6460857619999,-33.4620097531316],[-71.6463831059999,-33.4622743421316]]]}},{"type":"Feature","properties":{"id":"5605011008052","commune":"El Tabo","code":"05605","gse":"D","quintil":"Q1","nse_score":646.0,"educ":9.7,"educ_score":446.7,"hacin":1.125,"hacin_class":"Hacinamiento Leve","hacin_score":824.5,"auto_score":100.0,"n_per":9,"n_hog":5,"source_year":2024},"geometry":{"type":"Polygon","coordinates":[[[-71.6467132849999,-33.4625665481316],[-71.6473906879999,-33.4620290131316],[-71.6472253169999,-33.4618510181316],[-71.647028126,-33.4617623131316],[-71.6464240119999,-33.4623164641316],[-71.6467132849999,-33.4625665481316]]]}},{"type":"Feature","properties":{"id":"5605011008055","commune":"El Tabo","code":"05605","gse":"C2","quintil":"Q4","nse_score":773.8,"educ":13.2,"educ_score":680.0,"hacin":1.167,"hacin_class":"Hacinamiento Leve","hacin_score":815.6,"auto_score":142.9,"n_per":14,"n_hog":7,"source_year":2024},"geometry":{"type":"Polygon","coordinates":[[[-71.6467094849999,-33.4641076241316],[-71.6470231569999,-33.4638478931316],[-71.6457529959999,-33.4627259021316],[-71.6454325039999,-33.4629447001316],[-71.6467094849999,-33.4641076241316]]]}},{"type":"Feature","properties":{"id":"5605011008056","commune":"El Tabo","code":"05605","gse":"D","quintil":"Q1","nse_score":645.5,"educ":11.1,"educ_score":540.0,"hacin":1.143,"hacin_class":"Hacinamiento Leve","hacin_score":820.7,"auto_score":83.3,"n_per":8,"n_hog":5,"source_year":2024},"geometry":{"type":"Polygon","coordinates":[[[-71.6463609629999,-33.4643541571316],[-71.6466758959999,-33.4641398011316],[-71.6454186459999,-33.4629933571316],[-71.6451222299999,-33.4631866961316],[-71.6463609629999,-33.4643541571316]]]}},{"type":"Feature","properties":{"id":"5605011008057","commune":"El Tabo","code":"05605","gse":"C3","quintil":"Q3","nse_score":706.9,"educ":11.5,"educ_score":566.7,"hacin":1.179,"hacin_class":"Hacinamiento Leve","hacin_score":812.9,"auto_score":136.4,"n_per":46,"n_hog":19,"source_year":2024},"geometry":{"type":"Polygon","coordinates":[[[-71.6382382009999,-33.4637546961316],[-71.6379577829999,-33.4643980691315],[-71.6391615089999,-33.4644643631316],[-71.6383342259999,-33.4645033551315],[-71.639673017,-33.4652745801315],[-71.6398991769999,-33.4644594101316],[-71.639732148,-33.4652821041316],[-71.640168119,-33.4655240941315],[-71.6404367569999,-33.4644278441316],[-71.6402138849999,-33.4655305561315],[-71.6407691899999,-33.4657077311316],[-71.6411056099999,-33.4656536921316],[-71.6413958779999,-33.4647865461315],[-71.6411446299999,-33.4656449191316],[-71.6429822109999,-33.4653011691315],[-71.6434350799999,-33.4656452051315],[-71.6434401299999,-33.4651672741316],[-71.6427135759999,-33.4651527561316],[-71.6426561099999,-33.4650036981315],[-71.6424513199999,-33.4650080661316],[-71.6426857869999,-33.4649687141316],[-71.6427498609999,-33.4651104751316],[-71.6434375999999,-33.4651229481315],[-71.6433479559999,-33.4646067631316],[-71.6434563289999,-33.4648423961316],[-71.6434571159999,-33.4656688891315],[-71.6437225559999,-33.4660917691315],[-71.6455548779999,-33.4652824681315],[-71.6463870399999,-33.4647723941316],[-71.6457691869999,-33.4645007151316],[-71.6447570289999,-33.4646956541316],[-71.6437548009999,-33.4641704031316],[-71.6432008269999,-33.4642622201316],[-71.6427483049999,-33.4645518631316],[-71.6423846909999,-33.4646262831316],[-71.6421609149999,-33.4645910571316],[-71.6414448529999,-33.4640596841316],[-71.640252158,-33.4640717761316],[-71.6394321059999,-33.4637825961316],[-71.6382382009999,-33.4637546961316]]]}},{"type":"Feature","properties":{"id":"5605011008060","commune":"El Tabo","code":"05605","gse":"D","quintil":"Q1","nse_score":625.0,"educ":10.6,"educ_score":506.7,"hacin":1.125,"hacin_class":"Hacinamiento Leve","hacin_score":824.5,"auto_score":125.0,"n_per":27,"n_hog":10,"source_year":2024},"geometry":{"type":"Polygon","coordinates":[[[-71.6405798609999,-33.4663009121316],[-71.6412249689999,-33.4660580691315],[-71.641122821,-33.4658518741316],[-71.6407661119999,-33.4658543401316],[-71.6396869199999,-33.4654517801316],[-71.6395045279999,-33.4658023491315],[-71.6405798609999,-33.4663009121316]]]}},{"type":"Feature","properties":{"id":"5605011008008","commune":"El Tabo","code":"05605","gse":"E","quintil":"Q1","nse_score":504.7,"educ":8.3,"educ_score":353.3,"hacin":1.5,"hacin_class":"Hacinamiento Medio","hacin_score":744.7,"auto_score":0.0,"n_per":12,"n_hog":5,"source_year":2024},"geometry":{"type":"MultiPolygon","coordinates":[[[[-71.6332342379999,-33.4554436151317],[-71.6334613959999,-33.4552589191317],[-71.6326479089999,-33.4544302031317],[-71.6319296059999,-33.4537105891317],[-71.6316899869999,-33.4538797311317],[-71.6332342379999,-33.4554436151317]]],[[[-71.6308489109999,-33.4537964241317],[-71.6309859249999,-33.4543275891317],[-71.6317919759999,-33.4536883721317],[-71.6308489109999,-33.4537964241317]]],[[[-71.6308460589999,-33.4537533751317],[-71.6318469039999,-33.4536481741317],[-71.6324914169999,-33.4531467811317],[-71.6307619499999,-33.4533387761317],[-71.6308460589999,-33.4537533751317]]]]}},{"type":"Feature","properties":{"id":"5605011008002","commune":"El Tabo","code":"05605","gse":"D","quintil":"Q1","nse_score":631.3,"educ":10.8,"educ_score":520.0,"hacin":1.202,"hacin_class":"Hacinamiento Leve","hacin_score":808.2,"auto_score":123.3,"n_per":149,"n_hog":62,"source_year":2024},"geometry":{"type":"MultiPolygon","coordinates":[[[[-71.6316474479999,-33.4564099641317],[-71.6319146339999,-33.4561731991317],[-71.6305647339999,-33.4547887171317],[-71.6302995739999,-33.4549388281317],[-71.6316474479999,-33.4564099641317]]],[[[-71.6349467399999,-33.4540457371317],[-71.6333967549999,-33.4525545481317],[-71.6331137449999,-33.4527727241317],[-71.6346025479999,-33.4543264761317],[-71.6330749449999,-33.4528041581317],[-71.6327565669999,-33.4530720381317],[-71.6342347499999,-33.4545706531317],[-71.6327246819999,-33.4530962661317],[-71.6323820309999,-33.4533698261317],[-71.6337993599999,-33.4547996721317],[-71.6323487719999,-33.4533945391317],[-71.6319644949999,-33.4536793251317],[-71.6335018299999,-33.4553194791317],[-71.6331971979999,-33.4554737721317],[-71.6316642609999,-33.4539143911317],[-71.6313094029999,-33.4542119561317],[-71.6327513639999,-33.4557192831317],[-71.6312796279999,-33.4542526991317],[-71.6310233769999,-33.4544487631317],[-71.63243467,-33.4559404851317],[-71.6310146589999,-33.4544942941317],[-71.6306012899999,-33.4547461421317],[-71.6321203889999,-33.4563151461317],[-71.6330609159999,-33.4557140951317],[-71.6346732989999,-33.4572842381317],[-71.6349548309999,-33.4570852861317],[-71.6334676739999,-33.4555742221317],[-71.6349954879999,-33.4570557941316],[-71.6360555009999,-33.4563225421317],[-71.6345640999999,-33.4547852441317],[-71.6360977949999,-33.4562946651317],[-71.6363946619999,-33.4560957231317],[-71.6348037059999,-33.4545190511317],[-71.6364371129999,-33.4560680101317],[-71.6367279399999,-33.4558806541317],[-71.6351168889999,-33.4542738001317],[-71.6367710019999,-33.4558535591317],[-71.6369738269999,-33.4556914231317],[-71.6368818509999,-33.4554748131317],[-71.6347289629999,-33.4534608381317],[-71.6337247029999,-33.4523062191317],[-71.6334454739999,-33.4525146551317],[-71.6349467399999,-33.4540457371317]]]]}},{"type":"Feature","properties":{"id":"5605011008004","commune":"El Tabo","code":"05605","gse":"D","quintil":"Q2","nse_score":662.1,"educ":11.1,"educ_score":540.0,"hacin":1.667,"hacin_class":"Hacinamiento Medio","hacin_score":709.2,"auto_score":250.0,"n_per":15,"n_hog":6,"source_year":2024},"geometry":{"type":"MultiPolygon","coordinates":[[[[-71.6301149559999,-33.4537188511317],[-71.6308894159999,-33.4544091181317],[-71.630671376,-33.4533634361317],[-71.6301149559999,-33.4537188511317]]],[[[-71.6307573419999,-33.4533068341317],[-71.6326010689999,-33.4530902641317],[-71.63318713,-33.4526268211317],[-71.6306859889999,-33.4528850431317],[-71.6307573419999,-33.4533068341317]]]]}},{"type":"Feature","properties":{"id":"5605011008023","commune":"El Tabo","code":"05605","gse":"E","quintil":"Q1","nse_score":575.8,"educ":11.4,"educ_score":560.0,"hacin":1.727,"hacin_class":"Hacinamiento Medio","hacin_score":696.3,"auto_score":214.3,"n_per":19,"n_hog":6,"source_year":2024},"geometry":{"type":"MultiPolygon","coordinates":[[[[-71.6135790629999,-33.4593747761316],[-71.6138726879999,-33.4593897061317],[-71.6151203229999,-33.4583161631317],[-71.6147805569999,-33.4583185161317],[-71.6135790629999,-33.4593747761316]]],[[[-71.6159285569999,-33.4565454711316],[-71.6128393659999,-33.4589674741317],[-71.613333355,-33.4593704181316],[-71.6135226479999,-33.4593719071316],[-71.6147527009999,-33.4582793521316],[-71.6151633169999,-33.4582791681316],[-71.6153779299999,-33.4581127911317],[-71.615911992,-33.4585615521316],[-71.6162395639999,-33.4583009831317],[-71.6161884899999,-33.4580487881316],[-71.6164378849999,-33.4586840891316],[-71.616257861,-33.4583485561316],[-71.6159511729999,-33.4585925141316],[-71.6177791659999,-33.4600712811316],[-71.6190890069999,-33.4589537231316],[-71.6174258189999,-33.4576958321317],[-71.6168858169999,-33.4578291251316],[-71.6169019569999,-33.4582123221317],[-71.6168348599999,-33.4577989801317],[-71.6173771819999,-33.4576608591316],[-71.6170003469999,-33.4573804721317],[-71.6168990899999,-33.4567861501317],[-71.6166050089999,-33.4570381421317],[-71.6159285569999,-33.4565454711316]]]]}},{"type":"Feature","properties":{"id":"5605011008040","commune":"El Tabo","code":"05605","gse":"E","quintil":"Q1","nse_score":607.3,"educ":11.5,"educ_score":566.7,"hacin":1.3,"hacin_class":"Hacinamiento Leve","hacin_score":787.2,"auto_score":0.0,"n_per":13,"n_hog":6,"source_year":2024},"geometry":{"type":"MultiPolygon","coordinates":[[[[-71.6381543699999,-33.4622833821316],[-71.6384921179999,-33.4620668461316],[-71.6371358519999,-33.4606592981316],[-71.6367464159999,-33.4609066671316],[-71.6381543699999,-33.4622833821316]]],[[[-71.6371731359999,-33.4605790331316],[-71.6385521299999,-33.4620283531316],[-71.6388992269999,-33.4617964881316],[-71.6375972549999,-33.4604122591316],[-71.6371731359999,-33.4605790331316]]]]}},{"type":"Feature","properties":{"id":"5605011008042","commune":"El Tabo","code":"05605","gse":"E","quintil":"Q1","nse_score":593.4,"educ":10.8,"educ_score":520.0,"hacin":1.2,"hacin_class":"Hacinamiento Leve","hacin_score":808.5,"auto_score":285.7,"n_per":18,"n_hog":7,"source_year":2024},"geometry":{"type":"MultiPolygon","coordinates":[[[[-71.6342113279999,-33.4624799421316],[-71.6345870599999,-33.4622307371316],[-71.6332569069999,-33.4609051591316],[-71.6328806729999,-33.4611428541316],[-71.6342113279999,-33.4624799421316]]],[[[-71.6346517169999,-33.4622048981316],[-71.6349977109999,-33.4619699191316],[-71.6337835519999,-33.4607242751316],[-71.6336294409999,-33.4606113551316],[-71.6332958339999,-33.4608482861316],[-71.6346517169999,-33.4622048981316]]]]}},{"type":"Feature","properties":{"id":"5605011008026","commune":"El Tabo","code":"05605","gse":"D","quintil":"Q1","nse_score":651.5,"educ":12.1,"educ_score":606.7,"hacin":0.944,"hacin_class":"Sin Hacinamiento","hacin_score":862.9,"auto_score":107.1,"n_per":17,"n_hog":9,"source_year":2024},"geometry":{"type":"MultiPolygon","coordinates":[[[[-71.6362958409999,-33.4611074941316],[-71.6365417979999,-33.4609687031316],[-71.6351215569999,-33.4595151451316],[-71.6349003409999,-33.4596638801316],[-71.6362958409999,-33.4611074941316]]],[[[-71.6355448309999,-33.4569230441317],[-71.6337831399999,-33.4579891771317],[-71.6366164769999,-33.4609174681316],[-71.6383064689999,-33.4597001641317],[-71.6355448309999,-33.4569230441317]]]]}},{"type":"Feature","properties":{"id":"5605011008045","commune":"El Tabo","code":"05605","gse":"E","quintil":"Q1","nse_score":612.7,"educ":9.5,"educ_score":433.3,"hacin":1.25,"hacin_class":"Hacinamiento Leve","hacin_score":797.9,"auto_score":125.0,"n_per":30,"n_hog":10,"source_year":2024},"geometry":{"type":"MultiPolygon","coordinates":[[[[-71.6448251679999,-33.4621570671316],[-71.6451285289999,-33.4619389481316],[-71.6446893019999,-33.4614969171316],[-71.6443353259999,-33.4617479541316],[-71.6448251679999,-33.4621570671316]]],[[[-71.6433548539999,-33.4612772561316],[-71.6444203049999,-33.4624567091316],[-71.6447436369999,-33.4622314681316],[-71.6441470359999,-33.4616516801316],[-71.6443077019999,-33.4617122861316],[-71.6446601319999,-33.4614645611316],[-71.6442066209999,-33.4610979341316],[-71.6438406859999,-33.4609712931316],[-71.6433548539999,-33.4612772561316]]]]}},{"type":"Feature","properties":{"id":"5605011008058","commune":"El Tabo","code":"05605","gse":"D","quintil":"Q2","nse_score":655.4,"educ":13.8,"educ_score":720.0,"hacin":1.333,"hacin_class":"Hacinamiento Leve","hacin_score":780.1,"auto_score":266.7,"n_per":24,"n_hog":8,"source_year":2024},"geometry":{"type":"MultiPolygon","coordinates":[[[[-71.6413216829999,-33.4668809271315],[-71.6427052739999,-33.4662731821316],[-71.6427153519999,-33.4662114221316],[-71.6424482659999,-33.4658576201316],[-71.6410335409999,-33.4664839431316],[-71.6413216829999,-33.4668809271315]]],[[[-71.6379443909999,-33.4644325991316],[-71.6374847989999,-33.4656176331316],[-71.6398551599999,-33.4664547021315],[-71.6377226099999,-33.4674203661315],[-71.6384219749999,-33.4684893181315],[-71.6392873849999,-33.4680878661315],[-71.6392005239999,-33.4679521631315],[-71.6386744839999,-33.4680882091315],[-71.6382208439999,-33.4673902371316],[-71.6386269839999,-33.4671278751316],[-71.6389246169999,-33.4674444241315],[-71.6398364469999,-33.4670332101316],[-71.6389447429999,-33.4674762891315],[-71.6391811299999,-33.4678456251315],[-71.6404689809999,-33.4672909911315],[-71.6392015119999,-33.4678774711315],[-71.6393255959999,-33.4680712991315],[-71.6431797379999,-33.4663141721316],[-71.6430377709999,-33.4662002491315],[-71.6412870489999,-33.4669567591315],[-71.6409756659999,-33.4665648351315],[-71.6410128049999,-33.4664380911315],[-71.6424409319999,-33.4658239041315],[-71.642787875,-33.4662115721316],[-71.6430483179999,-33.4661196381316],[-71.64276867,-33.4655262131315],[-71.6411487009999,-33.4657954111315],[-71.6412607619999,-33.4660732701315],[-71.6405282729999,-33.4663317091315],[-71.6390372359999,-33.4655860001315],[-71.6394565649999,-33.4657425591315],[-71.6396526679999,-33.4654260481315],[-71.6390521679999,-33.4650654581315],[-71.6390239489999,-33.4648735661316],[-71.6379443909999,-33.4644325991316]]]]}},{"type":"Feature","properties":{"id":"5605011008014","commune":"El Tabo","code":"05605","gse":"E","quintil":"Q1","nse_score":588.8,"educ":10.9,"educ_score":526.7,"hacin":1.265,"hacin_class":"Hacinamiento Leve","hacin_score":794.7,"auto_score":150.6,"n_per":449,"n_hog":171,"source_year":2024},"geometry":{"type":"MultiPolygon","coordinates":[[[[-71.6359145699999,-33.4613817821316],[-71.6362810229999,-33.4611460761316],[-71.6348668159999,-33.4596864401316],[-71.6345068329999,-33.4599197631316],[-71.6359145699999,-33.4613817821316]]],[[[-71.6298709249999,-33.4552501141317],[-71.6312417839999,-33.4566977021317],[-71.6298309709999,-33.4552803681317],[-71.6294947369999,-33.4555279081317],[-71.6308888799999,-33.4570731801317],[-71.6294543339999,-33.4555577291317],[-71.6287870539999,-33.4560566931317],[-71.6303064649999,-33.4576808541317],[-71.6287442249999,-33.4560845231317],[-71.628409083,-33.4563199971317],[-71.6298909039999,-33.4578223711317],[-71.6283599169999,-33.4563434231317],[-71.6280411249999,-33.4565447601317],[-71.6293459279999,-33.4579023791317],[-71.6279988619999,-33.4565726171317],[-71.6276675379999,-33.4568138731317],[-71.6290132149999,-33.4581956341316],[-71.6276288889999,-33.4568454521316],[-71.6273366709999,-33.4570909051316],[-71.6283792469999,-33.4582450191316],[-71.6272945509999,-33.4571190361317],[-71.6270811109999,-33.4572764011317],[-71.6283736059999,-33.4587556171316],[-71.6287825109999,-33.4590412931316],[-71.6284324629999,-33.4588393551317],[-71.6287049689999,-33.4591912841316],[-71.6293369549999,-33.4597247681316],[-71.6299043319999,-33.4603612141316],[-71.6299115159999,-33.4606303911316],[-71.6294287439999,-33.4609989351316],[-71.6286926679999,-33.4614116461316],[-71.6284637929999,-33.4614006851316],[-71.6281760869999,-33.4611721961316],[-71.6271411959999,-33.4599559001316],[-71.6285684559999,-33.4613898971316],[-71.6295158589999,-33.4608832761316],[-71.6286875389999,-33.4607963411316],[-71.6276439979999,-33.4596222191316],[-71.6279269329999,-33.4594199611316],[-71.6280474419999,-33.4594260811316],[-71.6292954849999,-33.4608265781316],[-71.6295919679999,-33.4608276281316],[-71.6298983159999,-33.4605360831317],[-71.6292883059999,-33.4597469331316],[-71.6290552489999,-33.4599033511316],[-71.6297117409999,-33.4606736861316],[-71.6283258589999,-33.4591713101316],[-71.6290289529999,-33.4598748351316],[-71.6292578759999,-33.4597211931317],[-71.6287335379999,-33.4592963981316],[-71.6270239579999,-33.4573157811316],[-71.6268223019999,-33.4574622611316],[-71.628211759,-33.4589578851317],[-71.6281963049999,-33.4590563341317],[-71.6267747859999,-33.4574842891316],[-71.6264583679999,-33.4577056471317],[-71.6279287409999,-33.4593200291317],[-71.6264060009999,-33.4577272571317],[-71.6260718949999,-33.4579847891317],[-71.6274595869999,-33.4594756041316],[-71.6260144039999,-33.4580009431317],[-71.6256916079999,-33.4582208681316],[-71.6271263079999,-33.4598124781316],[-71.6256556899999,-33.4582442771317],[-71.6253344779999,-33.4584737131317],[-71.6266224579999,-33.4598901131316],[-71.6253134699999,-33.4585090601316],[-71.6248986439999,-33.4588192991316],[-71.6256011669999,-33.4595939461316],[-71.6259968519999,-33.4596037091316],[-71.6267720179999,-33.4604809951316],[-71.625968096,-33.4596312541316],[-71.6257429149999,-33.4596053871317],[-71.6256297529999,-33.4596256861316],[-71.6264436029999,-33.4605344801316],[-71.6257518539999,-33.4598211661316],[-71.6254938069999,-33.4604380871316],[-71.6256744979999,-33.4605217591316],[-71.6258793459999,-33.4607900831316],[-71.6254688579999,-33.4604677441316],[-71.6249893559999,-33.4607425691316],[-71.6254494769999,-33.4604351521316],[-71.6257207459999,-33.4597866201316],[-71.6248699569999,-33.4588506621316],[-71.6237489039999,-33.4595926221316],[-71.6249340049999,-33.4609296741316],[-71.6262908299999,-33.4610892951316],[-71.62698624,-33.4617327161316],[-71.6294105029999,-33.4619427511316],[-71.6314415599999,-33.4625668071316],[-71.634408919,-33.4628495571316],[-71.6349403809999,-33.4630649131316],[-71.6356103189999,-33.4636506381316],[-71.6361711609999,-33.4637853661316],[-71.6389058819999,-33.4637404761316],[-71.6394321059999,-33.4637825961316],[-71.640252158,-33.4640717761316],[-71.6414448529999,-33.4640596841316],[-71.6417144649999,-33.4641917441316],[-71.6413989159999,-33.4627425801316],[-71.6404681889999,-33.4632866151316],[-71.640638641,-33.4634373831316],[-71.6412773989999,-33.4635530771316],[-71.6406210709999,-33.4634895061315],[-71.6403831109999,-33.4633130521316],[-71.6399639209999,-33.4635162991316],[-71.6395812409999,-33.4631394671316],[-71.6399848119999,-33.4634641881316],[-71.6403356849999,-33.4632684521316],[-71.6389499979999,-33.4618325711316],[-71.6385727139999,-33.4620834691316],[-71.6392841299999,-33.4628596951316],[-71.6385445529999,-33.4621010081316],[-71.63818427,-33.4623525851316],[-71.638969389,-33.4632894461315],[-71.6377947929999,-33.4619541651316],[-71.6366732999999,-33.4609747431316],[-71.6363268639999,-33.4612036391316],[-71.6373861189999,-33.4623859851316],[-71.6362644039999,-33.4612244171316],[-71.636099483,-33.4613349061316],[-71.6371323839999,-33.4624180331316],[-71.6360658809999,-33.4613573841316],[-71.6358780659999,-33.4614830201316],[-71.6372406579999,-33.4629363321316],[-71.6370702669999,-33.4631879111316],[-71.636833523,-33.4633610261316],[-71.6370089799999,-33.4631545451316],[-71.6357144709999,-33.4618045481316],[-71.6370334519999,-33.4631226101316],[-71.6371902639999,-33.4629531311316],[-71.6358361799999,-33.4615112741316],[-71.634681757,-33.4622595971316],[-71.6357982019999,-33.4634568451316],[-71.6346319419999,-33.4622959511316],[-71.634161376,-33.4626077521316],[-71.6338951659999,-33.4626133721316],[-71.6333661979999,-33.4624306441316],[-71.6329532619999,-33.4620280051316],[-71.6326903889999,-33.4621429161316],[-71.6322282159999,-33.4616691811316],[-71.6327218339999,-33.4620918471316],[-71.6329121709999,-33.4619862921316],[-71.6323066829999,-33.4612765221316],[-71.6330853949999,-33.4620740771316],[-71.633234377,-33.4619933511316],[-71.6331233469999,-33.4621177881316],[-71.6334046819999,-33.4623872571316],[-71.6337670319999,-33.4625372221316],[-71.6341774789999,-33.4625313101316],[-71.6328144549999,-33.4611558951316],[-71.6336314469999,-33.4605644381316],[-71.635037113,-33.4619493881316],[-71.6358634219999,-33.4614045681316],[-71.6344455979999,-33.4599365601317],[-71.6350900459999,-33.4594814551316],[-71.6346909439999,-33.4590668661316],[-71.6339030709999,-33.4594828421316],[-71.6346630769999,-33.4590394261317],[-71.6337327799999,-33.4580314641316],[-71.6334350579999,-33.4583537081317],[-71.6315593329999,-33.4596553321316],[-71.6326480109999,-33.4609576341316],[-71.6315232309999,-33.4596935641316],[-71.6308743909999,-33.4600506271316],[-71.6306841869999,-33.4600077331316],[-71.6292747539999,-33.4584386981316],[-71.6307647019999,-33.4599932501316],[-71.6314600109999,-33.4596253681316],[-71.630867571,-33.4590529291316],[-71.6304926429999,-33.4589491931317],[-71.6295639409999,-33.4580072461317],[-71.6305232579999,-33.4589238451317],[-71.6308940789999,-33.4590245181316],[-71.6315121879999,-33.4596062961316],[-71.6316669319999,-33.4594968811317],[-71.6300609049999,-33.4578903121317],[-71.6317088779999,-33.4594686901316],[-71.6320883899999,-33.4592257931316],[-71.6317112919999,-33.4588143771317],[-71.6308189829999,-33.4575436291316],[-71.6305846259999,-33.4574000021316],[-71.6308486579999,-33.4575162511317],[-71.632130807,-33.4592049701316],[-71.6325999929999,-33.4588704761317],[-71.6315692509999,-33.4579642421317],[-71.6321939409999,-33.4585076501317],[-71.6324225179999,-33.4581990901317],[-71.6321923259999,-33.4579494221317],[-71.6324678119999,-33.4582016921316],[-71.6322246919999,-33.4585344111317],[-71.6326330959999,-33.4588455241317],[-71.6334944239999,-33.4582129661317],[-71.6318296719999,-33.4565662951317],[-71.6320841579999,-33.4563524961317],[-71.6319859229999,-33.4562415001317],[-71.6315758089999,-33.4564275151316],[-71.6302014499999,-33.4550185081317],[-71.6298709249999,-33.4552501141317]]]]}},{"type":"Feature","properties":{"id":"5605011009003","commune":"El Tabo","code":"05605","gse":"E","quintil":"Q1","nse_score":598.9,"educ":11.3,"educ_score":553.3,"hacin":1.565,"hacin_class":"Hacinamiento Medio","hacin_score":730.8,"auto_score":291.7,"n_per":36,"n_hog":12,"source_year":2024},"geometry":{"type":"Polygon","coordinates":[[[-71.6310135919999,-33.434007000132],[-71.6304853639999,-33.433289177132],[-71.6301258789999,-33.433269891132],[-71.6294464509999,-33.433886846132],[-71.6291609749999,-33.433991419132],[-71.6271600239999,-33.4358166001319],[-71.6267462599999,-33.4364677511319],[-71.6264781699999,-33.4372074311319],[-71.6264257669999,-33.4393655141319],[-71.628170269,-33.4392739641319],[-71.62811525,-33.4391614191319],[-71.6273964149999,-33.4392206391319],[-71.6267572069999,-33.4391764021319],[-71.6281009259999,-33.4391173171319],[-71.6280067389999,-33.4388273171319],[-71.6271501019999,-33.4388448051319],[-71.6279922839999,-33.4387828121319],[-71.6279095209999,-33.4384690531319],[-71.6267841779999,-33.4384777291319],[-71.6278993859999,-33.4384242151319],[-71.6277962719999,-33.4376929151319],[-71.6272441369999,-33.4376038181319],[-71.6272085849999,-33.4379441991319],[-71.6271905059999,-33.4375952951319],[-71.6267039319999,-33.4374998701319],[-71.6277937359999,-33.4376461001319],[-71.6277845159999,-33.4371537931319],[-71.6279902009999,-33.4363567381319],[-71.6287464209999,-33.435597221132],[-71.6282236749999,-33.4350603481319],[-71.6287810279999,-33.435559113132],[-71.6299200879999,-33.4347598171319],[-71.6314806959999,-33.434155782132],[-71.630590347,-33.432965893132],[-71.6303115429999,-33.433182740132],[-71.6305268359999,-33.433259457132],[-71.6310135919999,-33.434007000132]]]}},{"type":"Feature","properties":{"id":"5605011009006","commune":"El Tabo","code":"05605","gse":"D","quintil":"Q1","nse_score":641.5,"educ":11.1,"educ_score":540.0,"hacin":1.424,"hacin_class":"Hacinamiento Leve","hacin_score":760.9,"auto_score":236.1,"n_per":84,"n_hog":35,"source_year":2024},"geometry":{"type":"Polygon","coordinates":[[[-71.6217912719999,-33.4376420551319],[-71.6222716369999,-33.4374203151319],[-71.6227059109999,-33.4378024681319],[-71.6232200559999,-33.4379270661319],[-71.623641587,-33.4384927141319],[-71.623954593,-33.4393191011319],[-71.6244064809999,-33.4395111731319],[-71.6250039459999,-33.4394752411319],[-71.6250394439999,-33.4390837701319],[-71.6245838319999,-33.4390708151319],[-71.6250434139999,-33.4390385551319],[-71.6250592909999,-33.4388577211319],[-71.6247793649999,-33.4388273891319],[-71.625063242,-33.4388127151319],[-71.6250758849999,-33.4386687191319],[-71.6247853489999,-33.4386438701319],[-71.6250798429999,-33.4386236381319],[-71.6251981069999,-33.4375532921319],[-71.625058222,-33.4394718091319],[-71.6256585449999,-33.4394338421319],[-71.625748616,-33.4377796181319],[-71.6256858039999,-33.4392576041319],[-71.6257123109999,-33.4394304421319],[-71.6259699249999,-33.4394141491319],[-71.6259394819999,-33.4376349231319],[-71.6261168689999,-33.436761180132],[-71.6255166839999,-33.436545871132],[-71.6251989879999,-33.4373483881319],[-71.625465791,-33.4365313611319],[-71.6251078269999,-33.4364184261319],[-71.6247207169999,-33.4372520201319],[-71.625058109,-33.4364006681319],[-71.6247325949999,-33.4362917941319],[-71.6242103209999,-33.4373234041319],[-71.6246822709999,-33.4362759311319],[-71.6243780459999,-33.4361739891319],[-71.6237998639999,-33.4372341741319],[-71.6243257229999,-33.436162216132],[-71.6239033659999,-33.4360521101319],[-71.6233150379999,-33.4371263461319],[-71.6238518039999,-33.4360382471319],[-71.6234469199999,-33.435909523132],[-71.6244185059999,-33.4361379871319],[-71.6248102709999,-33.435580935132],[-71.6244681429999,-33.4361554511319],[-71.6250751149999,-33.4363577441319],[-71.625390981,-33.4357994661319],[-71.6251246609999,-33.4363754541319],[-71.6257400409999,-33.4365678751319],[-71.6260048809999,-33.4361028471319],[-71.6257899339999,-33.4365846551319],[-71.6261641579999,-33.4367386921319],[-71.6264197679999,-33.4360821401319],[-71.6235786689999,-33.435140166132],[-71.6219221009999,-33.4371509751319],[-71.6217912719999,-33.4376420551319]]]}},{"type":"Feature","properties":{"id":"5605011009009","commune":"El Tabo","code":"05605","gse":"D","quintil":"Q2","nse_score":676.7,"educ":11.5,"educ_score":566.7,"hacin":1.083,"hacin_class":"Hacinamiento Leve","hacin_score":833.3,"auto_score":142.9,"n_per":13,"n_hog":7,"source_year":2024},"geometry":{"type":"Polygon","coordinates":[[[-71.6284281249999,-33.4373305841319],[-71.6279430399999,-33.4367260461319],[-71.6278367129999,-33.4373988201319],[-71.6279462079999,-33.4383893211319],[-71.6289560139999,-33.4371851461319],[-71.6281936649999,-33.4361684451319],[-71.6279593499999,-33.4366585501319],[-71.6284281249999,-33.4373305841319]]]}},{"type":"Feature","properties":{"id":"5605011009010","commune":"El Tabo","code":"05605","gse":"D","quintil":"Q1","nse_score":617.8,"educ":11.3,"educ_score":553.3,"hacin":1.765,"hacin_class":"Hacinamiento Medio","hacin_score":688.4,"auto_score":550.0,"n_per":30,"n_hog":10,"source_year":2024},"geometry":{"type":"Polygon","coordinates":[[[-71.6290104819999,-33.4371652761319],[-71.6279601759999,-33.4384511201319],[-71.6282292789999,-33.4392724881319],[-71.628963972,-33.4390972281319],[-71.6284794029999,-33.4385522051319],[-71.6290232689999,-33.4390842561319],[-71.6295380539999,-33.4389911231319],[-71.6288254169999,-33.4381936931319],[-71.6295977439999,-33.4389814891319],[-71.6302306379999,-33.4389061901319],[-71.6291641489999,-33.4378162031319],[-71.630292316,-33.4388971811319],[-71.6309281699999,-33.4387992741319],[-71.6290104819999,-33.4371652761319]]]}},{"type":"Feature","properties":{"id":"5605011009012","commune":"El Tabo","code":"05605","gse":"D","quintil":"Q2","nse_score":653.4,"educ":10.8,"educ_score":520.0,"hacin":1.417,"hacin_class":"Hacinamiento Leve","hacin_score":762.4,"auto_score":416.7,"n_per":17,"n_hog":6,"source_year":2024},"geometry":{"type":"Polygon","coordinates":[[[-71.6309667549999,-33.4387678071319],[-71.6317530859999,-33.4386386271319],[-71.6316356449999,-33.4379646851319],[-71.6314290629999,-33.4378278441319],[-71.6304160169999,-33.4383053891319],[-71.6309667549999,-33.4387678071319]]]}},{"type":"Feature","properties":{"id":"5605011009017","commune":"El Tabo","code":"05605","gse":"D","quintil":"Q2","nse_score":661.4,"educ":12.9,"educ_score":660.0,"hacin":1.125,"hacin_class":"Hacinamiento Leve","hacin_score":824.5,"auto_score":125.0,"n_per":9,"n_hog":4,"source_year":2024},"geometry":{"type":"Polygon","coordinates":[[[-71.6258446969999,-33.4414251211319],[-71.6257941899999,-33.4407840291319],[-71.6252372079999,-33.4410639381319],[-71.6253966629999,-33.4415487641319],[-71.6264466019999,-33.4415067011318],[-71.6263830349999,-33.4394120311319],[-71.6260854309999,-33.4394242081319],[-71.6262298009999,-33.4397984751319],[-71.6262311639999,-33.4405548641319],[-71.6258471739999,-33.4407574021319],[-71.6258446969999,-33.4414251211319]]]}},{"type":"Feature","properties":{"id":"5605011009026","commune":"El Tabo","code":"05605","gse":"E","quintil":"Q1","nse_score":568.4,"educ":9.1,"educ_score":406.7,"hacin":1.778,"hacin_class":"Hacinamiento Medio","hacin_score":685.6,"auto_score":71.4,"n_per":16,"n_hog":7,"source_year":2024},"geometry":{"type":"Polygon","coordinates":[[[-71.6375175539999,-33.4410108471318],[-71.6375799859999,-33.4413341751319],[-71.6382092079999,-33.4413628151319],[-71.6375918769999,-33.4413794591319],[-71.6377522289999,-33.4420345321318],[-71.6386076509999,-33.4420335491318],[-71.6386288849999,-33.4417102721319],[-71.6391466229999,-33.4417155781319],[-71.6391893629999,-33.4413990001319],[-71.6391825539999,-33.4420339231319],[-71.6395928679999,-33.4420335281319],[-71.6396461439999,-33.4414003931318],[-71.6396466669999,-33.4420333481318],[-71.6400869039999,-33.4420318811319],[-71.6401504659999,-33.4414071271319],[-71.6401407419999,-33.4420317011319],[-71.6406041369999,-33.4420301521318],[-71.6406581869999,-33.4410390561319],[-71.6375175539999,-33.4410108471318]]]}},{"type":"Feature","properties":{"id":"5605011009042","commune":"El Tabo","code":"05605","gse":"E","quintil":"Q1","nse_score":588.0,"educ":6.9,"educ_score":260.0,"hacin":1.333,"hacin_class":"Hacinamiento Leve","hacin_score":780.1,"auto_score":125.0,"n_per":12,"n_hog":4,"source_year":2024},"geometry":{"type":"Polygon","coordinates":[[[-71.6325557709999,-33.4441767121318],[-71.6330434449999,-33.4452636461318],[-71.6334723539999,-33.4451287601318],[-71.6329809059999,-33.4440375771319],[-71.6325557709999,-33.4441767121318]]]}},{"type":"Feature","properties":{"id":"5605011009047","commune":"El Tabo","code":"05605","gse":"D","quintil":"Q1","nse_score":627.0,"educ":9.9,"educ_score":460.0,"hacin":1.118,"hacin_class":"Hacinamiento Leve","hacin_score":826.0,"auto_score":119.0,"n_per":57,"n_hog":22,"source_year":2024},"geometry":{"type":"Polygon","coordinates":[[[-71.6327914579999,-33.4453901091318],[-71.6329582539999,-33.4458169111318],[-71.6333297149999,-33.4457379831318],[-71.6329749909999,-33.4458597371318],[-71.6331437259999,-33.4462914981318],[-71.6334789049999,-33.4462500361318],[-71.6327753229999,-33.4464187851318],[-71.6330924189999,-33.4463049611318],[-71.6329238659999,-33.4458736651318],[-71.6325674329999,-33.4459484991318],[-71.6329071289999,-33.4458308391318],[-71.6327408999999,-33.4454054871318],[-71.63113311,-33.4458840681318],[-71.6314761899999,-33.4466699431318],[-71.6308833319999,-33.4468622991318],[-71.6314150119999,-33.4466531241318],[-71.6312578079999,-33.4462967191318],[-71.6306081639999,-33.4464709081318],[-71.6312391639999,-33.4462544501318],[-71.6310824469999,-33.4458991481318],[-71.6303712729999,-33.4461100101318],[-71.6315163539999,-33.4480999421318],[-71.6341378379999,-33.4481448271318],[-71.6353272579999,-33.4479507461318],[-71.6352630249999,-33.4478033631318],[-71.6348859749999,-33.4478800101318],[-71.6344754169999,-33.4465693411318],[-71.634723559,-33.4464900341318],[-71.6353781559999,-33.4479362111318],[-71.6362556539999,-33.4476149891318],[-71.6355591299999,-33.4461720591318],[-71.6347462099999,-33.4463769961318],[-71.6346053079999,-33.4461562651318],[-71.633671079,-33.4464221101318],[-71.6345824499999,-33.4461152831318],[-71.6344358379999,-33.4458524271318],[-71.6335546109999,-33.4460857411318],[-71.6344129459999,-33.4458113841318],[-71.6339693619999,-33.4450160711318],[-71.6327914579999,-33.4453901091318]]]}},{"type":"Feature","properties":{"id":"5605011009048","commune":"El Tabo","code":"05605","gse":"C3","quintil":"Q3","nse_score":703.1,"educ":11.1,"educ_score":540.0,"hacin":1.286,"hacin_class":"Hacinamiento Leve","hacin_score":790.3,"auto_score":250.0,"n_per":18,"n_hog":8,"source_year":2024},"geometry":{"type":"Polygon","coordinates":[[[-71.6345348969999,-33.4465841311318],[-71.6349298359999,-33.4478432411318],[-71.6352445559999,-33.4477609851318],[-71.6347123319999,-33.4465397721318],[-71.6345348969999,-33.4465841311318]]]}},{"type":"Feature","properties":{"id":"5605011009022","commune":"El Tabo","code":"05605","gse":"D","quintil":"Q1","nse_score":629.1,"educ":11.5,"educ_score":566.7,"hacin":1.438,"hacin_class":"Hacinamiento Leve","hacin_score":758.0,"auto_score":62.5,"n_per":23,"n_hog":8,"source_year":2024},"geometry":{"type":"MultiPolygon","coordinates":[[[[-71.6268826449999,-33.4439826991318],[-71.6270241069999,-33.4440934091318],[-71.6288468299999,-33.4430807841319],[-71.6285841799999,-33.4427581591318],[-71.6268482749999,-33.4437009001318],[-71.6268826449999,-33.4439826991318]]],[[[-71.6268281739999,-33.4431747541318],[-71.6268481459999,-33.4436474321318],[-71.6285538749999,-33.4427209341319],[-71.6282719669999,-33.4423746531318],[-71.6268281739999,-33.4431747541318]]],[[[-71.6286289449999,-33.4427332041318],[-71.6288916329999,-33.4430558741318],[-71.6297445479999,-33.4425812691319],[-71.6295410919999,-33.4422243641318],[-71.6286289449999,-33.4427332041318]]],[[[-71.6283168149999,-33.4423498001318],[-71.62859864,-33.4426959791319],[-71.629532191,-33.4421772441318],[-71.6292917719999,-33.4418084571318],[-71.6283168149999,-33.4423498001318]]],[[[-71.6288845809999,-33.4411444131319],[-71.6296458659999,-33.4421262381319],[-71.6290550579999,-33.4413474951319],[-71.6287048529999,-33.4403315851319],[-71.6288845809999,-33.4411444131319]]]]}},{"type":"Feature","properties":{"id":"5605011009023","commune":"El Tabo","code":"05605","gse":"D","quintil":"Q1","nse_score":637.2,"educ":10.3,"educ_score":486.7,"hacin":1.2,"hacin_class":"Hacinamiento Leve","hacin_score":808.5,"auto_score":333.3,"n_per":18,"n_hog":6,"source_year":2024},"geometry":{"type":"MultiPolygon","coordinates":[[[[-71.626851186,-33.4418659071319],[-71.6268178369999,-33.4423292371319],[-71.6288203279999,-33.4412037881319],[-71.6287023759999,-33.4408239321319],[-71.626851186,-33.4418659071319]]],[[[-71.6267942419999,-33.4418190711319],[-71.6286871659999,-33.4407781961319],[-71.6286149619999,-33.4403802491319],[-71.6269327389999,-33.4412836461319],[-71.6267956449999,-33.4414586511319],[-71.6267942419999,-33.4418190711319]]]]}},{"type":"Feature","properties":{"id":"5605011009030","commune":"El Tabo","code":"05605","gse":"E","quintil":"Q1","nse_score":560.4,"educ":9.9,"educ_score":460.0,"hacin":1.714,"hacin_class":"Hacinamiento Medio","hacin_score":699.1,"auto_score":0.0,"n_per":12,"n_hog":5,"source_year":2024},"geometry":{"type":"MultiPolygon","coordinates":[[[[-71.6406011029999,-33.4420752281319],[-71.6394268899999,-33.4420791471319],[-71.6377608399999,-33.4420794291318],[-71.637895425,-33.4428707971319],[-71.6405453239999,-33.4429331421319],[-71.6406011029999,-33.4420752281319]]],[[[-71.6391057129999,-33.4420338721319],[-71.6391440939999,-33.4417605981318],[-71.6386756589999,-33.4417475741318],[-71.6386615589999,-33.4420335831319],[-71.6391057129999,-33.4420338721319]]]]}},{"type":"Feature","properties":{"id":"5605011009013","commune":"El Tabo","code":"05605","gse":"E","quintil":"Q1","nse_score":601.6,"educ":10.0,"educ_score":466.7,"hacin":1.458,"hacin_class":"Hacinamiento Leve","hacin_score":753.5,"auto_score":333.3,"n_per":35,"n_hog":9,"source_year":2024},"geometry":{"type":"MultiPolygon","coordinates":[[[[-71.6312742899999,-33.4425214521319],[-71.6316604369999,-33.4435244211318],[-71.6321906129999,-33.4433065371318],[-71.6317351659999,-33.4422328911319],[-71.6312742899999,-33.4425214521319]]],[[[-71.6312486209999,-33.4397416991319],[-71.6310851829999,-33.4388209171319],[-71.6291354429999,-33.4391075561319],[-71.6294537999999,-33.4398756191319],[-71.6299826019999,-33.4398351981319],[-71.6294308559999,-33.4399222731319],[-71.6292931249999,-33.4396542321319],[-71.6285412229999,-33.4398575451319],[-71.6291049499999,-33.4413303801319],[-71.629773198,-33.4422264241319],[-71.6301451229999,-33.4431901981319],[-71.6322165459999,-33.4418610111319],[-71.6317599179999,-33.4386861301319],[-71.6311381459999,-33.4388127621319],[-71.6312486209999,-33.4397416991319]]]]}},{"type":"Feature","properties":{"id":"5605011009002","commune":"El Tabo","code":"05605","gse":"D","quintil":"Q1","nse_score":627.5,"educ":10.7,"educ_score":513.3,"hacin":1.267,"hacin_class":"Hacinamiento Leve","hacin_score":794.3,"auto_score":306.5,"n_per":95,"n_hog":32,"source_year":2024},"geometry":{"type":"MultiPolygon","coordinates":[[[[-71.6320559469999,-33.4343091571319],[-71.6322800269999,-33.434689021132],[-71.6333251969999,-33.434410280132],[-71.6331338109999,-33.434019953132],[-71.6320559469999,-33.4343091571319]]],[[[-71.6319151419999,-33.434055360132],[-71.6320330979999,-33.434267971132],[-71.6331133079999,-33.433978137132],[-71.6330149979999,-33.433777637132],[-71.6319151419999,-33.434055360132]]],[[[-71.6342460239999,-33.432951805132],[-71.6330621149999,-33.433755209132],[-71.6331606889999,-33.433956249132],[-71.6339345109999,-33.433503658132],[-71.633181884,-33.433999474132],[-71.6333813359999,-33.434407319132],[-71.6333369089999,-33.4344745081319],[-71.6322634609999,-33.434735859132],[-71.6318650139999,-33.4340718581319],[-71.630166029,-33.434704469132],[-71.6306539879999,-33.4352961741319],[-71.6313901049999,-33.434964319132],[-71.6306884389999,-33.435331425132],[-71.6313608509999,-33.4361687061319],[-71.6322777649999,-33.435716457132],[-71.6323589019999,-33.4361537891319],[-71.6322356109999,-33.4357648081319],[-71.6320322829999,-33.4358710321319],[-71.6320931699999,-33.4362607071319],[-71.6319829389999,-33.435896811132],[-71.6313924849999,-33.4362052781319],[-71.6318356369999,-33.4367590001319],[-71.6311953939999,-33.4360527621319],[-71.6306662949999,-33.4363297961319],[-71.6303044709999,-33.4358436971319],[-71.6297670459999,-33.4361001161319],[-71.6303127749999,-33.4357898161319],[-71.6306745569999,-33.4362758561319],[-71.6311645669999,-33.4360157871319],[-71.6301179829999,-33.434725166132],[-71.6289835079999,-33.4354382311319],[-71.6286452649999,-33.4357584931319],[-71.6287520629999,-33.4359690621319],[-71.6283420879999,-33.4362854501319],[-71.6289856429999,-33.4370781131319],[-71.6297119219999,-33.4364833561319],[-71.6290227599999,-33.4371107601319],[-71.6293434199999,-33.4373927991319],[-71.6300847029999,-33.4368806551319],[-71.6293806019999,-33.4374255041319],[-71.6296820619999,-33.4377031921319],[-71.6305283709999,-33.4372220481319],[-71.6297188549999,-33.4377365451319],[-71.6300425289999,-33.4380006451319],[-71.6308922859999,-33.4375906911319],[-71.6300813849999,-33.4380323491319],[-71.6303758559999,-33.4382726201319],[-71.6314217619999,-33.4377798301319],[-71.6316340639999,-33.4379062041319],[-71.6319519349999,-33.4372657261319],[-71.6316908039999,-33.4380162501319],[-71.6322660249999,-33.4418285781319],[-71.6333038889999,-33.4411666051318],[-71.6330850189999,-33.4408719511319],[-71.633179863,-33.4406236461319],[-71.6334014719999,-33.4405937141319],[-71.6337650089999,-33.4408610531319],[-71.6345148359999,-33.4403269181319],[-71.6342578669999,-33.4400256331319],[-71.6335124259999,-33.4398387101319],[-71.6333518729999,-33.4392338241319],[-71.6322362349999,-33.4385657351319],[-71.6321091709999,-33.4381271201319],[-71.6320796389999,-33.4371496991319],[-71.6325414099999,-33.4364242471319],[-71.6325640609999,-33.435290662132],[-71.6333888019999,-33.4348079721319],[-71.6339122989999,-33.4347133551319],[-71.6342365629999,-33.434145876132],[-71.6342673199999,-33.4337516181319],[-71.6345822489999,-33.433286441132],[-71.6342460239999,-33.432951805132]]]]}},{"type":"Feature","properties":{"id":"5605011009019","commune":"El Tabo","code":"05605","gse":"D","quintil":"Q1","nse_score":647.3,"educ":11.8,"educ_score":586.7,"hacin":1.345,"hacin_class":"Hacinamiento Leve","hacin_score":777.6,"auto_score":241.4,"n_per":74,"n_hog":28,"source_year":2024},"geometry":{"type":"MultiPolygon","coordinates":[[[[-71.6348898019999,-33.4411147821319],[-71.6353140139999,-33.4411255821319],[-71.6351036129999,-33.4398539771319],[-71.6342152029999,-33.4406201841319],[-71.6348898019999,-33.4411147821319]]],[[[-71.6349310139999,-33.4411958611318],[-71.6341723119999,-33.4406486051319],[-71.6333777739999,-33.4411750881319],[-71.6335951159999,-33.4419191211319],[-71.6345805309999,-33.4416651161319],[-71.6344677969999,-33.4415419311319],[-71.6337499199999,-33.4416058141319],[-71.6344707229999,-33.4414966971318],[-71.6346309079999,-33.4416065231319],[-71.6345167899999,-33.4417750051319],[-71.6336152879999,-33.4419642791318],[-71.6344069219999,-33.4437364551319],[-71.6359341519999,-33.4435396111318],[-71.6344266389999,-33.4437805951319],[-71.6346635819999,-33.4443147461318],[-71.6360019669999,-33.4440779641318],[-71.6346823099999,-33.4443571271318],[-71.635263704,-33.4454161671318],[-71.6359100289999,-33.4453026581318],[-71.6352865329999,-33.4454611871318],[-71.635591771,-33.4461187671318],[-71.6365291699999,-33.4459828631318],[-71.6356119019999,-33.4461613751318],[-71.636304504,-33.4475961591318],[-71.6387004409999,-33.4468025681318],[-71.6384004829999,-33.4455366121318],[-71.6374427889999,-33.4455519661318],[-71.6376588069999,-33.4454440651318],[-71.6383883059999,-33.4454898131318],[-71.6382172099999,-33.4448945731318],[-71.6380101389999,-33.4448944751318],[-71.6377282249999,-33.4447419581318],[-71.6382113749999,-33.4448496771318],[-71.6378142159999,-33.4427369721318],[-71.6372000049999,-33.4427454651318],[-71.6372661659999,-33.4432535341319],[-71.6371467929999,-33.4427518871318],[-71.6367790069999,-33.4427962781318],[-71.6368300299999,-33.4432643161318],[-71.6367251169999,-33.4428027831318],[-71.6363574829999,-33.4428461891319],[-71.6360420479999,-33.4427187741319],[-71.6367193699999,-33.4427579461318],[-71.636615435,-33.4424016241319],[-71.6359875669999,-33.4424554071319],[-71.6366350729999,-33.4423539031319],[-71.6367728269999,-33.4427514941318],[-71.6371383429999,-33.4427073771318],[-71.637077153,-33.4422202771319],[-71.6371915539999,-33.4427009551319],[-71.6378026529999,-33.4426678121319],[-71.6377035129999,-33.4420595141319],[-71.635783279,-33.4423509601318],[-71.6353004949999,-33.4396734991319],[-71.6351507339999,-33.4398107831319],[-71.6353711349999,-33.4411495321319],[-71.6349310139999,-33.4411958611318]]]]}},{"type":"Feature","properties":{"id":"5605011009045","commune":"El Tabo","code":"05605","gse":"D","quintil":"Q1","nse_score":643.1,"educ":11.0,"educ_score":533.3,"hacin":1.4,"hacin_class":"Hacinamiento Leve","hacin_score":766.0,"auto_score":0.0,"n_per":21,"n_hog":7,"source_year":2024},"geometry":{"type":"MultiPolygon","coordinates":[[[[-71.6340186979999,-33.4449981301318],[-71.6347600259999,-33.4463272641318],[-71.6350856969999,-33.4462448261318],[-71.63435519,-33.4448835441318],[-71.6340186979999,-33.4449981301318]]],[[[-71.6344052399999,-33.4448669671318],[-71.6351375939999,-33.4462316891318],[-71.6355392639999,-33.4461300121318],[-71.634792505,-33.4447386991318],[-71.6344052399999,-33.4448669671318]]]]}},{"type":"Feature","properties":{"id":"5605011009038","commune":"El Tabo","code":"05605","gse":"E","quintil":"Q1","nse_score":595.7,"educ":9.8,"educ_score":453.3,"hacin":1.25,"hacin_class":"Hacinamiento Leve","hacin_score":797.9,"auto_score":62.5,"n_per":15,"n_hog":7,"source_year":2024},"geometry":{"type":"MultiPolygon","coordinates":[[[[-71.6403367039999,-33.4433085501318],[-71.639432268,-33.4433379591319],[-71.6389589489999,-33.4434839911318],[-71.6394977539999,-33.4438611431318],[-71.6398105809999,-33.4437758891318],[-71.6402395009999,-33.4438708511318],[-71.6402817459999,-33.4436766201319],[-71.6400622349999,-33.4436458451318],[-71.6402844739999,-33.4436316041319],[-71.6403367039999,-33.4433085501318]]],[[[-71.6379056029999,-33.4429159001318],[-71.6380303669999,-33.4434790921319],[-71.638832884,-33.4434787291318],[-71.6394224869999,-33.4432934731318],[-71.6405226139999,-33.4432845191318],[-71.6405424149999,-33.4429781551318],[-71.6379056029999,-33.4429159001318]]]]}},{"type":"Feature","properties":{"id":"5605011009041","commune":"El Tabo","code":"05605","gse":"E","quintil":"Q1","nse_score":500.8,"educ":7.5,"educ_score":300.0,"hacin":1.273,"hacin_class":"Hacinamiento Leve","hacin_score":793.0,"auto_score":0.0,"n_per":14,"n_hog":6,"source_year":2024},"geometry":{"type":"MultiPolygon","coordinates":[[[[-71.6382388169999,-33.4446447661318],[-71.6384403419999,-33.4454785011318],[-71.6392055589999,-33.4452731841318],[-71.6397384549999,-33.4452061181318],[-71.6399499429999,-33.4452726481318],[-71.6384527989999,-33.4455261301318],[-71.6387527869999,-33.4467912601318],[-71.6405580789999,-33.4464910191318],[-71.6405345729999,-33.4446436771318],[-71.6382388169999,-33.4446447661318]]],[[[-71.6402559559999,-33.4439187411318],[-71.6398152929999,-33.4438226351318],[-71.6394799529999,-33.4439044211318],[-71.6388993719999,-33.4435045331319],[-71.6380403019999,-33.4435239391318],[-71.6382329599999,-33.4445997031318],[-71.6405321519999,-33.4445986131318],[-71.6405196949999,-33.4433296721319],[-71.6403899789999,-33.4433147001318],[-71.6402559559999,-33.4439187411318]]]]}},{"type":"Feature","properties":{"id":"5605011009011","commune":"El Tabo","code":"05605","gse":"D","quintil":"Q1","nse_score":630.6,"educ":12.3,"educ_score":620.0,"hacin":1.692,"hacin_class":"Hacinamiento Medio","hacin_score":703.8,"auto_score":214.3,"n_per":22,"n_hog":7,"source_year":2024},"geometry":{"type":"MultiPolygon","coordinates":[[[[-71.6249054669999,-33.4404377351319],[-71.6247829429999,-33.4395344731319],[-71.6243173889999,-33.4395346091319],[-71.6242438619999,-33.4396204461319],[-71.6252151869999,-33.4410224631319],[-71.6261776839999,-33.4405387621319],[-71.6261762309999,-33.4398024071319],[-71.6260320899999,-33.4394324161319],[-71.6248365399999,-33.4395310211319],[-71.6249054669999,-33.4404377351319]]],[[[-71.6222577459999,-33.4374640011319],[-71.6217795499999,-33.4376860551319],[-71.6217047989999,-33.4379666391319],[-71.6222974649999,-33.4398199641319],[-71.6242606259999,-33.4395236181319],[-71.6234802559999,-33.4395868191319],[-71.6230561359999,-33.4393921991319],[-71.6234864309999,-33.4395419891319],[-71.6240232729999,-33.4394385511319],[-71.6237897659999,-33.4391604511319],[-71.6236209689999,-33.4385828131319],[-71.6230918699999,-33.4386912211319],[-71.6235955059999,-33.4385191571319],[-71.6233965509999,-33.4381797461319],[-71.6231883109999,-33.4379636121319],[-71.6226734589999,-33.4378385491319],[-71.6222577459999,-33.4374640011319]]]]}},{"type":"Feature","properties":{"id":"5605011009015","commune":"El Tabo","code":"05605","gse":"D","quintil":"Q2","nse_score":670.5,"educ":11.6,"educ_score":573.3,"hacin":1.222,"hacin_class":"Hacinamiento Leve","hacin_score":803.8,"auto_score":214.3,"n_per":22,"n_hog":7,"source_year":2024},"geometry":{"type":"MultiPolygon","coordinates":[[[[-71.6270548659999,-33.4400669351319],[-71.6270030129999,-33.4393943051319],[-71.6264152799999,-33.4394109261319],[-71.6266111269999,-33.4448626241318],[-71.6292047489999,-33.4440133101318],[-71.6301021309999,-33.4432404521318],[-71.6296718629999,-33.4421656871319],[-71.6295938129999,-33.4422153421318],[-71.629902968,-33.4429111551318],[-71.6298515869999,-33.4431966371318],[-71.6297630809999,-33.4426250451319],[-71.6288570709999,-33.4431291571318],[-71.6290663649999,-33.4435107261318],[-71.6273808809999,-33.4444856291318],[-71.6268369429999,-33.4440084391318],[-71.6267692249999,-33.4413813031319],[-71.6286851389999,-33.4402885871319],[-71.6281952859999,-33.4393167121319],[-71.6270567259999,-33.4393924161319],[-71.6270548659999,-33.4400669351319]]],[[[-71.6282999969999,-33.4393289411319],[-71.6285196789999,-33.4398160191319],[-71.6292763439999,-33.4396114181319],[-71.6290828749999,-33.4391177921319],[-71.6282999969999,-33.4393289411319]]]]}},{"type":"Feature","properties":{"id":"5605011009027","commune":"El Tabo","code":"05605","gse":"D","quintil":"Q2","nse_score":655.0,"educ":12.4,"educ_score":626.7,"hacin":1.8,"hacin_class":"Hacinamiento Medio","hacin_score":680.9,"auto_score":500.0,"n_per":27,"n_hog":8,"source_year":2024},"geometry":{"type":"MultiPolygon","coordinates":[[[[-71.6268320799999,-33.4426434841318],[-71.6268329529999,-33.4431180851318],[-71.6282416609999,-33.4423374271319],[-71.6279649009999,-33.4419974701318],[-71.6268320799999,-33.4426434841318]]],[[[-71.6268202529999,-33.4423825371319],[-71.6268296719999,-33.4425903541319],[-71.6289579639999,-33.4413265131318],[-71.6288748309999,-33.4412024821319],[-71.6268202529999,-33.4423825371319]]]]}},{"type":"Feature","properties":{"id":"5605011009028","commune":"El Tabo","code":"05605","gse":"E","quintil":"Q1","nse_score":603.8,"educ":10.7,"educ_score":513.3,"hacin":1.25,"hacin_class":"Hacinamiento Leve","hacin_score":797.9,"auto_score":204.5,"n_per":45,"n_hog":19,"source_year":2024},"geometry":{"type":"MultiPolygon","coordinates":[[[[-71.6315016679999,-33.4445255591318],[-71.6320027149999,-33.4455773991318],[-71.6324399579999,-33.4454472461318],[-71.6319535839999,-33.4443650271318],[-71.6315016679999,-33.4445255591318]]],[[[-71.6333327429999,-33.4412049271319],[-71.6317802389999,-33.4422044011318],[-71.6324680559999,-33.4437791611319],[-71.6322101009999,-33.4433487171318],[-71.6316783539999,-33.4435672471318],[-71.6319354629999,-33.4441665951318],[-71.6317061219999,-33.4442254151318],[-71.6318833079999,-33.4441375951318],[-71.6316299409999,-33.4435871431319],[-71.6313486779999,-33.4436858991318],[-71.6316116149999,-33.4435444851319],[-71.6312283269999,-33.4425475421319],[-71.6304825079999,-33.4429720561318],[-71.6292588459999,-33.4440141371318],[-71.6299087539999,-33.4452585041318],[-71.6313734999999,-33.4448290881318],[-71.6299310929999,-33.4452996301318],[-71.6301026799999,-33.4456155271318],[-71.6315282009999,-33.4452362861318],[-71.6301250759999,-33.4456567581318],[-71.6303488229999,-33.4460686791318],[-71.6319520069999,-33.4455924931318],[-71.6314442899999,-33.4445124951318],[-71.6319434459999,-33.4443196931318],[-71.6324906229999,-33.4454321651318],[-71.6329930469999,-33.4452793251318],[-71.6324943989999,-33.4441643861318],[-71.6329866759999,-33.4439873111318],[-71.6335226589999,-33.4451128741318],[-71.634773977,-33.4446963801318],[-71.6335249249999,-33.4418904861318],[-71.6322259459999,-33.4423171271319],[-71.6335060609999,-33.4418482571319],[-71.6334235189999,-33.4416634751319],[-71.6326290559999,-33.4419260741318],[-71.6334046379999,-33.4416212081319],[-71.6333327429999,-33.4412049271319]]]]}},{"type":"Feature","properties":{"id":"5605021001001","commune":"El Tabo","code":"05605","gse":"C3","quintil":"Q3","nse_score":711.7,"educ":12.6,"educ_score":640.0,"hacin":1.377,"hacin_class":"Hacinamiento Leve","hacin_score":770.9,"auto_score":152.7,"n_per":285,"n_hog":119,"source_year":2024},"geometry":{"type":"Polygon","coordinates":[[[-71.6209387459999,-33.4841640421313],[-71.6208511969999,-33.4848610251313],[-71.6215128629999,-33.4850165351313],[-71.6217462229999,-33.4849770151313],[-71.621942853,-33.4846317381313],[-71.6221079489999,-33.4845780861313],[-71.6222488929999,-33.4847136731313],[-71.6232565249999,-33.4848614701313],[-71.623467478,-33.4847824811313],[-71.6235838229999,-33.4849097511313],[-71.6247921549999,-33.4850017101313],[-71.6249231069999,-33.4851362321313],[-71.6259476089999,-33.4852877811313],[-71.62612945,-33.4852023741313],[-71.6262841609999,-33.4853408661313],[-71.6272599449999,-33.4854852091313],[-71.6274684899999,-33.4853912921313],[-71.6276023799999,-33.4855264641313],[-71.6285830809999,-33.4856715341313],[-71.6275978509999,-33.4855763571313],[-71.6273806479999,-33.4856850641313],[-71.6272437359999,-33.4855333561313],[-71.6262796299999,-33.4853907591313],[-71.6260861799999,-33.4855034351313],[-71.6259312739999,-33.4853359091313],[-71.6249185779999,-33.4851861251313],[-71.6247341519999,-33.4852995661313],[-71.6245733059999,-33.4851156321313],[-71.6235715609999,-33.4849720831313],[-71.6234145609999,-33.4850646961313],[-71.6232426429999,-33.4849235881313],[-71.6222343509999,-33.4847770341313],[-71.6218059869999,-33.4850215751313],[-71.6218403799999,-33.4851169331313],[-71.6283738319999,-33.4860689351313],[-71.6281151439999,-33.4883347391312],[-71.6283167229999,-33.4882519361312],[-71.628417925,-33.4883976881313],[-71.6281282739999,-33.4885724221313],[-71.6279439189999,-33.4909246711312],[-71.6280799999999,-33.4908873481312],[-71.6282113209999,-33.4887781581313],[-71.6286637349999,-33.4886956361313],[-71.6303282389999,-33.4892487411312],[-71.6302496409999,-33.4901542061312],[-71.6298648299999,-33.4901406111313],[-71.629739174,-33.4899074871312],[-71.6292581989999,-33.4901074271312],[-71.6292853819999,-33.4920138771312],[-71.6295046709999,-33.4920746981312],[-71.6299015469999,-33.4924568571312],[-71.6301014419999,-33.4915864741312],[-71.6299320659999,-33.4925083221312],[-71.6297978649999,-33.4926882101312],[-71.6298606819999,-33.4924911901312],[-71.6294899839999,-33.4920885631312],[-71.6288897759999,-33.4919223921312],[-71.62879118,-33.4916004501313],[-71.628366421,-33.4915781741312],[-71.6283381129999,-33.4919234421312],[-71.6285465709999,-33.4920231111312],[-71.6282957609999,-33.4919356351312],[-71.6283202409999,-33.4915765121312],[-71.6280188919999,-33.4915141651312],[-71.6279975939999,-33.4919322061312],[-71.6281203129999,-33.4921270251312],[-71.6292046829999,-33.4923552561312],[-71.6294216199999,-33.4925099151312],[-71.6295280689999,-33.4927115591312],[-71.6291578569999,-33.4923792241312],[-71.6280477569999,-33.4921137161312],[-71.6279458349999,-33.4918219161312],[-71.6280536079999,-33.4910086841312],[-71.6279470149999,-33.4909974461312],[-71.6278130069999,-33.4921427611312],[-71.6273131759999,-33.4931075511312],[-71.6277149589999,-33.4932404731312],[-71.6281484669999,-33.4924862271312],[-71.6277551669999,-33.4932591161312],[-71.6284188459999,-33.4935112991312],[-71.6286326749999,-33.4931812811312],[-71.6284582239999,-33.4935258501312],[-71.6288233059999,-33.4936824361312],[-71.6291288669999,-33.4932598001312],[-71.628970465,-33.4931280161312],[-71.6291506069999,-33.4932274841312],[-71.6293781249999,-33.4929151621312],[-71.6295329099999,-33.4931156091312],[-71.6299143099999,-33.4931829911312],[-71.6304682799999,-33.4931796251312],[-71.6305178949999,-33.4929650401312],[-71.6302037029999,-33.4929146491312],[-71.6318054229999,-33.4930709171312],[-71.6323632659999,-33.4923466211312],[-71.6323208139999,-33.4916217171312],[-71.6318119129999,-33.4916073701312],[-71.6317965939999,-33.4921359051312],[-71.6317583709999,-33.4918848251312],[-71.6311155919999,-33.4918785131312],[-71.6317448699999,-33.4918487121312],[-71.6317646819999,-33.4915983911313],[-71.6309230749999,-33.4916014711312],[-71.6307991919999,-33.4920108261312],[-71.6308884659999,-33.4915768771312],[-71.6308245889999,-33.4906200451313],[-71.6302667379999,-33.4906483261312],[-71.6308141799999,-33.4905566511313],[-71.6309471259999,-33.4894778241313],[-71.6309468789999,-33.4897955111312],[-71.6321039259999,-33.4896312771312],[-71.6320999019999,-33.4895227421313],[-71.6321469019999,-33.4896295821313],[-71.6332308309999,-33.4896141551312],[-71.6328325099999,-33.4896792271313],[-71.6328363339999,-33.4898941471312],[-71.6332377639999,-33.4899101821313],[-71.6328351509999,-33.4899347651312],[-71.6328293159999,-33.4902163641312],[-71.6334023139999,-33.4901633241312],[-71.6328477739999,-33.4902894191313],[-71.6330883159999,-33.4924274831312],[-71.6330051389999,-33.4924985231312],[-71.63314227,-33.4926271501312],[-71.6329870039999,-33.4929601461312],[-71.6330854729999,-33.4926258601312],[-71.6329614199999,-33.4925333061312],[-71.6322539179999,-33.4925686281312],[-71.6318851279999,-33.4929958961312],[-71.6318586279999,-33.4932225171312],[-71.6322683349999,-33.4933320991312],[-71.6324141269999,-33.4934948251312],[-71.6331484819999,-33.4935078241312],[-71.633598833,-33.4933197391312],[-71.6340573509999,-33.4932419881312],[-71.6340777279999,-33.4929588151312],[-71.6340986349999,-33.4932797371312],[-71.6331599499999,-33.4935519241312],[-71.6324702409999,-33.4935799341312],[-71.6331406999999,-33.4943330301312],[-71.6350058779999,-33.4941673191312],[-71.6347343659999,-33.4934372841312],[-71.6335926739999,-33.4918394551312],[-71.6334842959999,-33.4912692481312],[-71.6336018,-33.4906369861312],[-71.6333709529999,-33.4897831281312],[-71.6324895229999,-33.4885041751313],[-71.6320272909999,-33.4867773801313],[-71.6315559219999,-33.4862530521313],[-71.6311937419999,-33.4855737331313],[-71.6291660049999,-33.4853705231313],[-71.6211846399999,-33.4841718241313],[-71.6209387459999,-33.4841640421313]]]}},{"type":"Feature","properties":{"id":"5605021001005","commune":"El Tabo","code":"05605","gse":"C2","quintil":"Q3","nse_score":733.5,"educ":14.9,"educ_score":793.3,"hacin":1.143,"hacin_class":"Hacinamiento Leve","hacin_score":820.7,"auto_score":50.0,"n_per":16,"n_hog":7,"source_year":2024},"geometry":{"type":"Polygon","coordinates":[[[-71.620816095,-33.4850863911313],[-71.6204350189999,-33.4884506761313],[-71.6229341139999,-33.4884375871313],[-71.6235699069999,-33.4881958391313],[-71.6237394759999,-33.4878312461313],[-71.6237830659999,-33.4870711581313],[-71.6219297679999,-33.4863326621313],[-71.6216959509999,-33.4867729391313],[-71.6217814549999,-33.4863517291313],[-71.6218969109999,-33.4862935421313],[-71.6231526359999,-33.4867553641313],[-71.6238357809999,-33.4866134801313],[-71.6238888509999,-33.4862725901313],[-71.6235444609999,-33.4861975991313],[-71.6235683649999,-33.4857299151313],[-71.6236657039999,-33.4857013091313],[-71.6260627629999,-33.4860884831313],[-71.6268292069999,-33.4871369751313],[-71.6263789969999,-33.4874506421313],[-71.6281059979999,-33.4879877441313],[-71.6283190529999,-33.4860968741313],[-71.6220491309999,-33.4851592031313],[-71.6216850959999,-33.4852600841313],[-71.6216685049999,-33.4858054761313],[-71.6215373989999,-33.4857919151313],[-71.6216066459999,-33.4852576871313],[-71.6214693629999,-33.4851176511313],[-71.620816095,-33.4850863911313]]]}},{"type":"Feature","properties":{"id":"5605021001010","commune":"El Tabo","code":"05605","gse":"C2","quintil":"Q4","nse_score":760.3,"educ":13.9,"educ_score":726.7,"hacin":1.0,"hacin_class":"Hacinamiento Leve","hacin_score":851.1,"auto_score":0.0,"n_per":11,"n_hog":6,"source_year":2024},"geometry":{"type":"Polygon","coordinates":[[[-71.6239167069999,-33.4865704151313],[-71.6249652029999,-33.4863699851313],[-71.6250063159999,-33.4859706131313],[-71.6240024189999,-33.4857889251313],[-71.6239167069999,-33.4865704151313]]]}},{"type":"Feature","properties":{"id":"5605021001013","commune":"El Tabo","code":"05605","gse":"C1","quintil":"Q5","nse_score":793.9,"educ":15.5,"educ_score":833.3,"hacin":1.857,"hacin_class":"Hacinamiento Medio","hacin_score":668.7,"auto_score":100.0,"n_per":13,"n_hog":5,"source_year":2024},"geometry":{"type":"Polygon","coordinates":[[[-71.6256937579999,-33.4876900821312],[-71.6259365379999,-33.4877270641313],[-71.6262133589999,-33.4874412381312],[-71.6263139629999,-33.4865299251313],[-71.6260569099999,-33.4862350351313],[-71.6257614049999,-33.4862779941313],[-71.6256937579999,-33.4876900821312]]]}},{"type":"Feature","properties":{"id":"5605021001015","commune":"El Tabo","code":"05605","gse":"ABC1","quintil":"Q5","nse_score":825.2,"educ":13.6,"educ_score":706.7,"hacin":1.2,"hacin_class":"Hacinamiento Leve","hacin_score":808.5,"auto_score":250.0,"n_per":12,"n_hog":4,"source_year":2024},"geometry":{"type":"Polygon","coordinates":[[[-71.6238956469999,-33.4870511811312],[-71.6248995939999,-33.4873977051313],[-71.6249928049999,-33.4864341161313],[-71.6239450219999,-33.4866332021313],[-71.6238956469999,-33.4870511811312]]]}},{"type":"Feature","properties":{"id":"5605021001018","commune":"El Tabo","code":"05605","gse":"C1","quintil":"Q5","nse_score":793.1,"educ":13.5,"educ_score":700.0,"hacin":0.879,"hacin_class":"Sin Hacinamiento","hacin_score":876.9,"auto_score":0.0,"n_per":29,"n_hog":10,"source_year":2024},"geometry":{"type":"Polygon","coordinates":[[[-71.6238957739999,-33.4871439831313],[-71.6237711929999,-33.4880436401313],[-71.6234416019999,-33.4883649311312],[-71.6234704949999,-33.4884843931313],[-71.6247954209999,-33.4886735091313],[-71.6248325399999,-33.4882277451313],[-71.6242256139999,-33.4880181201313],[-71.6243144439999,-33.4878891011313],[-71.6245975009999,-33.4879113551313],[-71.6246040529999,-33.4881284071312],[-71.6248430449999,-33.4881568921313],[-71.6248559649999,-33.4874679621312],[-71.6238957739999,-33.4871439831313]]]}},{"type":"Feature","properties":{"id":"5605021001021","commune":"El Tabo","code":"05605","gse":"C3","quintil":"Q2","nse_score":688.3,"educ":12.6,"educ_score":640.0,"hacin":1.313,"hacin_class":"Hacinamiento Leve","hacin_score":784.4,"auto_score":78.4,"n_per":264,"n_hog":119,"source_year":2024},"geometry":{"type":"Polygon","coordinates":[[[-71.6202641279999,-33.4895361971313],[-71.620486276,-33.4895523751313],[-71.6202615159999,-33.4895631531313],[-71.6202376769999,-33.4898092291312],[-71.6204267349999,-33.4896584151313],[-71.6205739389999,-33.4896199121313],[-71.6209817349999,-33.4897073641313],[-71.6210265079999,-33.4895957811312],[-71.6209074499999,-33.4893827091312],[-71.6209339819999,-33.4893361341312],[-71.6211188499999,-33.4897973471312],[-71.6205792379999,-33.4896467671312],[-71.6202321439999,-33.4898663391313],[-71.6200596109999,-33.4918626491312],[-71.6213228509999,-33.4922927471312],[-71.6213962499999,-33.4916639281312],[-71.6215843529999,-33.4913194591312],[-71.6210614859999,-33.4912471701312],[-71.6215890739999,-33.4912836241312],[-71.6216363439999,-33.4909629011312],[-71.6211017659999,-33.4908987731312],[-71.6216424699999,-33.4909271771312],[-71.6216945139999,-33.4906236861312],[-71.6211356199999,-33.4905502361312],[-71.6217006359999,-33.4905879841312],[-71.6217945609999,-33.4902600951312],[-71.6214273599999,-33.4923244971312],[-71.6215744189999,-33.4923675611312],[-71.6216962119999,-33.4917893061312],[-71.6216160519999,-33.4923797531312],[-71.6221886789999,-33.4924920961312],[-71.622610887,-33.4897148491312],[-71.6225523339999,-33.4906131641313],[-71.6233924439999,-33.4907003611312],[-71.6234220609999,-33.4901876921312],[-71.6234957979999,-33.4907088031313],[-71.6238692429999,-33.4907846181312],[-71.6239152619999,-33.4904699991312],[-71.6240252789999,-33.4903839411312],[-71.6247168259999,-33.4905938861312],[-71.6239718449999,-33.4904528521312],[-71.6239462099999,-33.4908122251313],[-71.6246625389999,-33.4910548701312],[-71.6238840659999,-33.4909079011313],[-71.6238435229999,-33.4912463261312],[-71.6245438839999,-33.4914853231312],[-71.6238385049999,-33.4912902891312],[-71.6237833939999,-33.4916715501312],[-71.6244949339999,-33.4919129691312],[-71.6238180849999,-33.4917173301312],[-71.6237265139999,-33.4920993641312],[-71.6244424929999,-33.4923300571312],[-71.6237184869999,-33.4921487071312],[-71.623666264,-33.4925206041312],[-71.6244289779999,-33.4927755581312],[-71.6236739669999,-33.4925656271312],[-71.6236263579999,-33.4929852711312],[-71.6248701169999,-33.4933816721312],[-71.6251720939999,-33.4912489751313],[-71.6249325199999,-33.4933816531312],[-71.6256899489999,-33.4936432681312],[-71.6259992689999,-33.4923686851312],[-71.6256504319999,-33.4921475661312],[-71.6257385169999,-33.4912314111312],[-71.6257882989999,-33.4911466281312],[-71.626223648,-33.4911187901312],[-71.6263602959999,-33.4900766151313],[-71.6258447549999,-33.4900224281312],[-71.6263579889999,-33.4900527421312],[-71.6263987629999,-33.4896172951313],[-71.6258973689999,-33.4895588211312],[-71.6263982329999,-33.4895943631312],[-71.6264413459999,-33.4891773261313],[-71.6257144229999,-33.4890887101312],[-71.6264436019999,-33.4891466021313],[-71.6264934019999,-33.4885293651312],[-71.6265526419999,-33.4883827321312],[-71.6264435799999,-33.4895147121313],[-71.6268647829999,-33.4895471241313],[-71.6264390289999,-33.4895748261313],[-71.6263993169999,-33.4900518091313],[-71.6268020789999,-33.4901059521313],[-71.6263969419999,-33.4900785341313],[-71.6262570289999,-33.4911378141312],[-71.6257727899999,-33.4912321081312],[-71.6257046449999,-33.4921102821312],[-71.6260434429999,-33.4923424371312],[-71.6257804039999,-33.4936728871312],[-71.6267262249999,-33.4939700361312],[-71.6277740079999,-33.4920859231312],[-71.6277782149999,-33.4919617971312],[-71.6271724279999,-33.4916158781312],[-71.6270976799999,-33.4914600831312],[-71.6273207169999,-33.4885691651313],[-71.6274612429999,-33.4882154131312],[-71.6263536379999,-33.4878671611312],[-71.6261744419999,-33.4881743541313],[-71.6260852119999,-33.4887543481313],[-71.6261387499999,-33.4881743541313],[-71.6263246549999,-33.4878593571312],[-71.6256301959999,-33.4877746891313],[-71.6254931989999,-33.4889906051312],[-71.6254585299999,-33.4888929941313],[-71.6248703839999,-33.4887978121312],[-71.6248166029999,-33.4891179111313],[-71.6247611149999,-33.4887509551313],[-71.6231498959999,-33.4884967011312],[-71.6204474289999,-33.4885047411312],[-71.6202976679999,-33.4892333321312],[-71.6205812689999,-33.4893130691312],[-71.6202937639999,-33.4892607291313],[-71.6202641279999,-33.4895361971313]]]}},{"type":"Feature","properties":{"id":"5605021001025","commune":"El Tabo","code":"05605","gse":"D","quintil":"Q2","nse_score":671.1,"educ":11.3,"educ_score":553.3,"hacin":1.4,"hacin_class":"Hacinamiento Leve","hacin_score":766.0,"auto_score":100.0,"n_per":7,"n_hog":5,"source_year":2024},"geometry":{"type":"Polygon","coordinates":[[[-71.6286614369999,-33.4890282681312],[-71.6282340919999,-33.4890211771312],[-71.6281936549999,-33.4894983531312],[-71.6288375639999,-33.4894473581313],[-71.628842646,-33.4891924931313],[-71.6288757379999,-33.4894496091313],[-71.6293228909999,-33.4894539361313],[-71.6292802909999,-33.4889333541312],[-71.6286067349999,-33.4887224041312],[-71.6282531489999,-33.4887876111313],[-71.6282367599999,-33.4889915921312],[-71.6286614369999,-33.4890282681312]]]}},{"type":"Feature","properties":{"id":"5605021001026","commune":"El Tabo","code":"05605","gse":"C3","quintil":"Q3","nse_score":717.0,"educ":12.0,"educ_score":600.0,"hacin":1.182,"hacin_class":"Hacinamiento Leve","hacin_score":812.4,"auto_score":83.3,"n_per":13,"n_hog":5,"source_year":2024},"geometry":{"type":"Polygon","coordinates":[[[-71.6293037739999,-33.4890329001312],[-71.6293916269999,-33.4894573271313],[-71.62961021,-33.4894630951313],[-71.6296131369999,-33.4893040171312],[-71.6297496599999,-33.4892540071313],[-71.6302874329999,-33.4894255921312],[-71.6302694649999,-33.4892384191313],[-71.6293935999999,-33.4889684281313],[-71.6293037739999,-33.4890329001312]]]}},{"type":"Feature","properties":{"id":"5605021001034","commune":"El Tabo","code":"05605","gse":"C2","quintil":"Q4","nse_score":770.4,"educ":13.5,"educ_score":700.0,"hacin":1.625,"hacin_class":"Hacinamiento Medio","hacin_score":718.1,"auto_score":125.0,"n_per":13,"n_hog":4,"source_year":2024},"geometry":{"type":"Polygon","coordinates":[[[-71.6308729109999,-33.4905244091312],[-71.6321320449999,-33.4903586891312],[-71.632108076,-33.4896814061312],[-71.6309351729999,-33.4898400661312],[-71.6308729109999,-33.4905244091312]]]}},{"type":"Feature","properties":{"id":"5605021001035","commune":"El Tabo","code":"05605","gse":"E","quintil":"Q1","nse_score":584.6,"educ":7.1,"educ_score":273.3,"hacin":1.0,"hacin_class":"Hacinamiento Leve","hacin_score":851.1,"auto_score":100.0,"n_per":7,"n_hog":4,"source_year":2024},"geometry":{"type":"Polygon","coordinates":[[[-71.6272636429999,-33.4903896641312],[-71.6279301469999,-33.4904071331313],[-71.6279803549999,-33.4897889561312],[-71.6272834779999,-33.4897432691312],[-71.6272636429999,-33.4903896641312]]]}},{"type":"Feature","properties":{"id":"5605021001041","commune":"El Tabo","code":"05605","gse":"C2","quintil":"Q3","nse_score":742.6,"educ":13.5,"educ_score":700.0,"hacin":1.233,"hacin_class":"Hacinamiento Leve","hacin_score":801.4,"auto_score":138.9,"n_per":37,"n_hog":18,"source_year":2024},"geometry":{"type":"Polygon","coordinates":[[[-71.6309233279999,-33.4915550611312],[-71.632318171,-33.4915344481312],[-71.6321889839999,-33.4904277271312],[-71.6308674169999,-33.4906143031312],[-71.6309233279999,-33.4915550611312]]]}},{"type":"Feature","properties":{"id":"5605021001042","commune":"El Tabo","code":"05605","gse":"C2","quintil":"Q4","nse_score":748.7,"educ":12.1,"educ_score":606.7,"hacin":0.727,"hacin_class":"Sin Hacinamiento","hacin_score":909.1,"auto_score":0.0,"n_per":8,"n_hog":6,"source_year":2024},"geometry":{"type":"Polygon","coordinates":[[[-71.6277591379999,-33.4919129971312],[-71.6279195649999,-33.4904911971312],[-71.6272648469999,-33.4904294971312],[-71.6271639619999,-33.4915421631312],[-71.6277591379999,-33.4919129971312]]]}},{"type":"Feature","properties":{"id":"5605021001044","commune":"El Tabo","code":"05605","gse":"C3","quintil":"Q2","nse_score":696.3,"educ":12.4,"educ_score":626.7,"hacin":1.273,"hacin_class":"Hacinamiento Leve","hacin_score":793.0,"auto_score":115.4,"n_per":70,"n_hog":22,"source_year":2024},"geometry":{"type":"Polygon","coordinates":[[[-71.6230529559999,-33.4928020061312],[-71.6233949289999,-33.4907630021312],[-71.6224934019999,-33.4906661371312],[-71.6222397439999,-33.4925317771312],[-71.6230529559999,-33.4928020061312]]]}},{"type":"Feature","properties":{"id":"5605021001045","commune":"El Tabo","code":"05605","gse":"D","quintil":"Q2","nse_score":675.8,"educ":12.3,"educ_score":620.0,"hacin":1.375,"hacin_class":"Hacinamiento Leve","hacin_score":771.3,"auto_score":118.2,"n_per":132,"n_hog":46,"source_year":2024},"geometry":{"type":"Polygon","coordinates":[[[-71.6232385969999,-33.4928568701312],[-71.6235737009999,-33.4929451761312],[-71.6238503829999,-33.4908809801312],[-71.6235527869999,-33.4907776241312],[-71.6234554839999,-33.4908060041312],[-71.6232385969999,-33.4928568701312]]]}},{"type":"Feature","properties":{"id":"5605021001050","commune":"El Tabo","code":"05605","gse":"C1","quintil":"Q5","nse_score":794.9,"educ":14.3,"educ_score":753.3,"hacin":1.444,"hacin_class":"Hacinamiento Leve","hacin_score":756.5,"auto_score":83.3,"n_per":13,"n_hog":6,"source_year":2024},"geometry":{"type":"Polygon","coordinates":[[[-71.6323397959999,-33.4925124451312],[-71.6330330369999,-33.4924334861312],[-71.6329170529999,-33.4912918191312],[-71.6323634859999,-33.4913946231312],[-71.6324539549999,-33.4922945891312],[-71.6323397959999,-33.4925124451312]]]}},{"type":"Feature","properties":{"id":"5605021001051","commune":"El Tabo","code":"05605","gse":"C3","quintil":"Q2","nse_score":692.2,"educ":10.4,"educ_score":493.3,"hacin":1.556,"hacin_class":"Hacinamiento Medio","hacin_score":732.9,"auto_score":0.0,"n_per":14,"n_hog":4,"source_year":2024},"geometry":{"type":"Polygon","coordinates":[[[-71.6289269389999,-33.4919136171312],[-71.6292407899999,-33.4920065471312],[-71.6292193809999,-33.4913913751312],[-71.6288712469999,-33.4914221501312],[-71.6289269389999,-33.4919136171312]]]}},{"type":"Feature","properties":{"id":"5605021001052","commune":"El Tabo","code":"05605","gse":"C3","quintil":"Q3","nse_score":700.2,"educ":12.6,"educ_score":640.0,"hacin":1.3,"hacin_class":"Hacinamiento Leve","hacin_score":787.2,"auto_score":80.0,"n_per":52,"n_hog":21,"source_year":2024},"geometry":{"type":"Polygon","coordinates":[[[-71.6305963099999,-33.4929690831312],[-71.6304460169999,-33.4934614051312],[-71.6313947199999,-33.4934688131312],[-71.6304300669999,-33.4935070881312],[-71.6302988639999,-33.4938984961312],[-71.6313547479999,-33.4938909791312],[-71.630284302,-33.4939442761312],[-71.6301055149999,-33.4944210721312],[-71.6318226939999,-33.4942995031311],[-71.6317988959999,-33.4931211261312],[-71.6305963099999,-33.4929690831312]]]}},{"type":"Feature","properties":{"id":"5605021001053","commune":"El Tabo","code":"05605","gse":"D","quintil":"Q2","nse_score":664.8,"educ":11.7,"educ_score":580.0,"hacin":1.667,"hacin_class":"Hacinamiento Medio","hacin_score":709.2,"auto_score":0.0,"n_per":15,"n_hog":5,"source_year":2024},"geometry":{"type":"Polygon","coordinates":[[[-71.6290189409999,-33.4935332891312],[-71.6302668269999,-33.4937371651312],[-71.630440657,-33.4932524961312],[-71.6297237909999,-33.4932049071312],[-71.629392633,-33.4929829191312],[-71.6290189409999,-33.4935332891312]]]}},{"type":"Feature","properties":{"id":"5605021001054","commune":"El Tabo","code":"05605","gse":"C3","quintil":"Q3","nse_score":710.7,"educ":13.7,"educ_score":713.3,"hacin":1.6,"hacin_class":"Hacinamiento Medio","hacin_score":723.4,"auto_score":166.7,"n_per":24,"n_hog":10,"source_year":2024},"geometry":{"type":"Polygon","coordinates":[[[-71.6268054999999,-33.4940140001312],[-71.6284176329999,-33.4945258491312],[-71.6288283999999,-33.4937207301312],[-71.6272575479999,-33.4931532481312],[-71.6268054999999,-33.4940140001312]]]}},{"type":"Feature","properties":{"id":"5605021001055","commune":"El Tabo","code":"05605","gse":"E","quintil":"Q1","nse_score":496.1,"educ":7.6,"educ_score":306.7,"hacin":1.5,"hacin_class":"Hacinamiento Medio","hacin_score":744.7,"auto_score":125.0,"n_per":9,"n_hog":4,"source_year":2024},"geometry":{"type":"Polygon","coordinates":[[[-71.6319356629999,-33.4943033981312],[-71.6329584449999,-33.4943290801312],[-71.6329738169999,-33.4943060481312],[-71.63226843,-33.4934028611312],[-71.6318582899999,-33.4932766511312],[-71.6319356629999,-33.4943033981312]]]}},{"type":"Feature","properties":{"id":"5605021001056","commune":"El Tabo","code":"05605","gse":"C3","quintil":"Q3","nse_score":705.1,"educ":12.9,"educ_score":660.0,"hacin":1.222,"hacin_class":"Hacinamiento Leve","hacin_score":803.8,"auto_score":100.0,"n_per":11,"n_hog":4,"source_year":2024},"geometry":{"type":"Polygon","coordinates":[[[-71.6300724799999,-33.4942034391312],[-71.6302207079999,-33.4937733651312],[-71.6289870729999,-33.4935953201312],[-71.6287764059999,-33.4939624981312],[-71.6300724799999,-33.4942034391312]]]}},{"type":"Feature","properties":{"id":"5605021001057","commune":"El Tabo","code":"05605","gse":"D","quintil":"Q2","nse_score":671.7,"educ":11.5,"educ_score":566.7,"hacin":1.385,"hacin_class":"Hacinamiento Leve","hacin_score":769.2,"auto_score":0.0,"n_per":18,"n_hog":6,"source_year":2024},"geometry":{"type":"Polygon","coordinates":[[[-71.6285387969999,-33.4945185821312],[-71.6300066749999,-33.4944279311312],[-71.6300888489999,-33.4942550681312],[-71.6287504279999,-33.4940447001312],[-71.6285387969999,-33.4945185821312]]]}},{"type":"Feature","properties":{"id":"5605021001058","commune":"El Tabo","code":"05605","gse":"C3","quintil":"Q2","nse_score":680.1,"educ":11.4,"educ_score":560.0,"hacin":1.228,"hacin_class":"Hacinamiento Leve","hacin_score":802.5,"auto_score":153.8,"n_per":113,"n_hog":49,"source_year":2024},"geometry":{"type":"Polygon","coordinates":[[[-71.6352702409999,-33.4956303971312],[-71.6350913379999,-33.4950133121311],[-71.6345877039999,-33.4942709211312],[-71.6334804229999,-33.4944181311311],[-71.6338108259999,-33.4946171761312],[-71.6340026629999,-33.4948226761312],[-71.6342734479999,-33.4947600471312],[-71.6344639049999,-33.4948724671312],[-71.6346101439999,-33.4950532531312],[-71.6347623169999,-33.4955518381311],[-71.634734621,-33.4957924381312],[-71.6344341239999,-33.4948988311312],[-71.6342403169999,-33.4947916241312],[-71.6339777629999,-33.4948527191312],[-71.6334875989999,-33.4944822031312],[-71.6341315279999,-33.4962383831311],[-71.6337172279999,-33.4952682861312],[-71.6329981309999,-33.4954287591312],[-71.6333572659999,-33.4965332211311],[-71.6340545219999,-33.4963608551311],[-71.6345794579999,-33.4959580981312],[-71.6349991949999,-33.4957470101312],[-71.6351647049999,-33.4957302891312],[-71.6348985449999,-33.4958614241312],[-71.6352918539999,-33.4962312731311],[-71.6348776119999,-33.4958690521311],[-71.6347341159999,-33.4959213411311],[-71.6351717669999,-33.4963186321312],[-71.6347130609999,-33.4959290141312],[-71.6340650939999,-33.4963767801312],[-71.6333628539999,-33.4965506391312],[-71.6335530559999,-33.4970748901312],[-71.6338873399999,-33.4974284601311],[-71.6352252479999,-33.4963646351312],[-71.6357806979999,-33.4956929011312],[-71.6355005519999,-33.4945477191312],[-71.6350197119999,-33.4942388251312],[-71.6346316479999,-33.4942665381312],[-71.6351315069999,-33.4950002591312],[-71.6352702409999,-33.4956303971312]]]}},{"type":"Feature","properties":{"id":"5605021001059","commune":"El Tabo","code":"05605","gse":"C3","quintil":"Q3","nse_score":717.8,"educ":11.5,"educ_score":566.7,"hacin":1.125,"hacin_class":"Hacinamiento Leve","hacin_score":824.5,"auto_score":125.0,"n_per":27,"n_hog":16,"source_year":2024},"geometry":{"type":"Polygon","coordinates":[[[-71.6303667759999,-33.4945036241312],[-71.6304071679999,-33.4955430321312],[-71.6309475619999,-33.4960193871312],[-71.6313018819999,-33.4957456621311],[-71.6306347949999,-33.4950949321311],[-71.6313409799999,-33.4957147131311],[-71.6316833749999,-33.4954369471311],[-71.6309745689999,-33.4947701511312],[-71.6317207239999,-33.4954044981311],[-71.6323478269999,-33.4948426281312],[-71.6317426619999,-33.4948146891312],[-71.6323777959999,-33.4948252271312],[-71.6325786169999,-33.4947193871312],[-71.6324618639999,-33.4943925311312],[-71.6303667759999,-33.4945036241312]]]}},{"type":"Feature","properties":{"id":"5605021001060","commune":"El Tabo","code":"05605","gse":"C2","quintil":"Q4","nse_score":775.9,"educ":13.3,"educ_score":686.7,"hacin":1.5,"hacin_class":"Hacinamiento Medio","hacin_score":744.7,"auto_score":111.1,"n_per":21,"n_hog":11,"source_year":2024},"geometry":{"type":"Polygon","coordinates":[[[-71.6329798379999,-33.4953763081312],[-71.633688736,-33.4951863581312],[-71.633399445,-33.4944156421312],[-71.6326401259999,-33.4943986621312],[-71.6329798379999,-33.4953763081312]]]}},{"type":"Feature","properties":{"id":"5605021001074","commune":"El Tabo","code":"05605","gse":"ABC1","quintil":"Q5","nse_score":835.5,"educ":14.7,"educ_score":780.0,"hacin":1.15,"hacin_class":"Hacinamiento Leve","hacin_score":819.1,"auto_score":166.7,"n_per":46,"n_hog":20,"source_year":2024},"geometry":{"type":"Polygon","coordinates":[[[-71.6331567239999,-33.4977157181311],[-71.6325422449999,-33.4982011201311],[-71.6326958449999,-33.4983361631311],[-71.6324461439999,-33.4982162111311],[-71.6313736719999,-33.4992123871311],[-71.6317929349999,-33.4994800941311],[-71.6326490719999,-33.4988486391311],[-71.6331653119999,-33.4998260991311],[-71.6337074929999,-33.4996615781311],[-71.6338198459999,-33.4996809961311],[-71.6338474949999,-33.4998742801311],[-71.6337553359999,-33.4996946431311],[-71.6330866739999,-33.4998827921311],[-71.6332393749999,-33.5002695461311],[-71.6330484599999,-33.4998996431311],[-71.6325125939999,-33.5001015371311],[-71.6339433769999,-33.5011645301311],[-71.6338027629999,-33.5013554111311],[-71.6348378089999,-33.5024633181311],[-71.6351452409999,-33.5022262071311],[-71.6356877549999,-33.5020967851311],[-71.6360090489999,-33.5017938881311],[-71.6359940869999,-33.5016242481311],[-71.6363157069999,-33.5016557781311],[-71.6367962819999,-33.5014262421311],[-71.6363162629999,-33.5014583941311],[-71.6356549899999,-33.5011243311311],[-71.635378365,-33.5003105791311],[-71.6350775929999,-33.5001031611311],[-71.6349999329999,-33.4995921961311],[-71.6353505669999,-33.4992859351311],[-71.6353456949999,-33.4990173941312],[-71.6351078559999,-33.4989429591311],[-71.6349824789999,-33.4985219381311],[-71.6339008689999,-33.4974817301311],[-71.6335802049999,-33.4976982931311],[-71.6338409809999,-33.4974670641311],[-71.6332244299999,-33.4968661591311],[-71.6327879199999,-33.4971598861312],[-71.6329469379999,-33.4975766511311],[-71.6331567239999,-33.4977157181311]]]}},{"type":"Feature","properties":{"id":"5605021001077","commune":"El Tabo","code":"05605","gse":"C3","quintil":"Q3","nse_score":723.0,"educ":14.1,"educ_score":740.0,"hacin":1.444,"hacin_class":"Hacinamiento Leve","hacin_score":756.5,"auto_score":100.0,"n_per":13,"n_hog":4,"source_year":2024},"geometry":{"type":"Polygon","coordinates":[[[-71.6327562089999,-33.4999010611311],[-71.6331544649999,-33.4997550081311],[-71.6326204199999,-33.4989088191311],[-71.6323179009999,-33.4990961821311],[-71.6327562089999,-33.4999010611311]]]}},{"type":"Feature","properties":{"id":"5605021001078","commune":"El Tabo","code":"05605","gse":"C3","quintil":"Q2","nse_score":691.9,"educ":13.2,"educ_score":680.0,"hacin":1.556,"hacin_class":"Hacinamiento Medio","hacin_score":732.9,"auto_score":0.0,"n_per":14,"n_hog":5,"source_year":2024},"geometry":{"type":"Polygon","coordinates":[[[-71.632402726,-33.5000194021312],[-71.6327249629999,-33.4999092651311],[-71.6322583989999,-33.4991370261311],[-71.6317983799999,-33.4995463651311],[-71.632402726,-33.5000194021312]]]}},{"type":"Feature","properties":{"id":"5605021001071","commune":"El Tabo","code":"05605","gse":"ABC1","quintil":"Q5","nse_score":830.0,"educ":13.3,"educ_score":686.7,"hacin":1.0,"hacin_class":"Hacinamiento Leve","hacin_score":851.1,"auto_score":125.0,"n_per":9,"n_hog":4,"source_year":2024},"geometry":{"type":"MultiPolygon","coordinates":[[[[-71.6325243949999,-33.4981488641311],[-71.6329975809999,-33.4977795581311],[-71.6327304319999,-33.4971811301312],[-71.6322273599999,-33.4975584261311],[-71.6325243949999,-33.4981488641311]]],[[[-71.6325448019999,-33.4960583181311],[-71.6314759749999,-33.4968680701311],[-71.6322031999999,-33.4975281601311],[-71.6326996409999,-33.4971534451311],[-71.6322990199999,-33.4967904381312],[-71.6324011129999,-33.4967373361312],[-71.6327650379999,-33.4971235701311],[-71.6331608009999,-33.4967900911311],[-71.6325448019999,-33.4960583181311]]]]}},{"type":"Feature","properties":{"id":"5605021001030","commune":"El Tabo","code":"05605","gse":"C3","quintil":"Q3","nse_score":716.9,"educ":13.3,"educ_score":686.7,"hacin":1.727,"hacin_class":"Hacinamiento Medio","hacin_score":696.3,"auto_score":166.7,"n_per":19,"n_hog":6,"source_year":2024},"geometry":{"type":"MultiPolygon","coordinates":[[[[-71.6301949759999,-33.4898770901312],[-71.6297908209999,-33.4898971791313],[-71.6298017629999,-33.4900173271312],[-71.6302029649999,-33.4901233411313],[-71.6301949759999,-33.4898770901312]]],[[[-71.6292519859999,-33.4900421101312],[-71.6297026669999,-33.4898525631313],[-71.6297426619999,-33.4895242131312],[-71.6292792189999,-33.4895258951312],[-71.6292519859999,-33.4900421101312]]],[[[-71.6297891589999,-33.4898381561313],[-71.6300756459999,-33.4898451261312],[-71.6300906869999,-33.4895054001312],[-71.6298003229999,-33.4895016721313],[-71.6297891589999,-33.4898381561313]]]]}},{"type":"Feature","properties":{"id":"5605021001037","commune":"El Tabo","code":"05605","gse":"C2","quintil":"Q4","nse_score":758.1,"educ":13.4,"educ_score":693.3,"hacin":1.385,"hacin_class":"Hacinamiento Leve","hacin_score":769.2,"auto_score":187.5,"n_per":18,"n_hog":8,"source_year":2024},"geometry":{"type":"MultiPolygon","coordinates":[[[[-71.6284468489999,-33.4915282211312],[-71.6288199249999,-33.4915534821312],[-71.6288317989999,-33.4910235611313],[-71.6280954789999,-33.4910179761312],[-71.6280814629999,-33.4911341291312],[-71.6284349169999,-33.4912861031312],[-71.6284468489999,-33.4915282211312]]],[[[-71.6283262669999,-33.4909217001312],[-71.6288741839999,-33.4909309271312],[-71.6288829889999,-33.4906497261312],[-71.628347044,-33.4906411921312],[-71.6283262669999,-33.4909217001312]]],[[[-71.6286160839999,-33.4903490731312],[-71.6283866909999,-33.4903534061312],[-71.6283504219999,-33.4906052051312],[-71.628883776,-33.4906136971312],[-71.6287112859999,-33.4902766251312],[-71.6286160839999,-33.4903490731312]]],[[[-71.6285933919999,-33.4899068771313],[-71.6281526739999,-33.4900627271313],[-71.6281391819999,-33.4909175121312],[-71.6282753779999,-33.4908969241312],[-71.6283531839999,-33.4903304301312],[-71.6286865309999,-33.4902450031312],[-71.6285933919999,-33.4899068771313]]]]}},{"type":"Feature","properties":{"id":"5605021001014","commune":"El Tabo","code":"05605","gse":"C2","quintil":"Q4","nse_score":775.3,"educ":13.5,"educ_score":700.0,"hacin":1.0,"hacin_class":"Hacinamiento Leve","hacin_score":851.1,"auto_score":200.0,"n_per":8,"n_hog":5,"source_year":2024},"geometry":{"type":"MultiPolygon","coordinates":[[[[-71.6252666609999,-33.4888559911312],[-71.6254603899999,-33.4887812521313],[-71.6255538459999,-33.4877586501313],[-71.6249859769999,-33.4875164151313],[-71.6248666779999,-33.4887302701313],[-71.6252666609999,-33.4888559911312]]],[[[-71.6249850869999,-33.4874548531312],[-71.6255809419999,-33.4876022571313],[-71.6256644669999,-33.4862626511313],[-71.6250359549999,-33.4864205681313],[-71.6249850869999,-33.4874548531312]]]]}},{"type":"Feature","properties":{"id":"5605021001066","commune":"El Tabo","code":"05605","gse":"D","quintil":"Q2","nse_score":663.4,"educ":11.6,"educ_score":573.3,"hacin":1.333,"hacin_class":"Hacinamiento Leve","hacin_score":780.1,"auto_score":166.7,"n_per":16,"n_hog":7,"source_year":2024},"geometry":{"type":"MultiPolygon","coordinates":[[[[-71.6312992009999,-33.4969356041311],[-71.6316199509999,-33.4966718311312],[-71.6304112819999,-33.4956137091312],[-71.6301896269999,-33.4959617781311],[-71.6312992009999,-33.4969356041311]]],[[[-71.6318944639999,-33.4962327281311],[-71.6313383729999,-33.4957787701312],[-71.6309842929999,-33.4960523091312],[-71.6316762859999,-33.4966551081311],[-71.6325189469999,-33.4960169291312],[-71.6321615519999,-33.4959019411312],[-71.6316915359999,-33.4954930551312],[-71.6313774959999,-33.4957478181312],[-71.6318944639999,-33.4962327281311]]]]}},{"type":"Feature","properties":{"id":"5605021001028","commune":"El Tabo","code":"05605","gse":"C3","quintil":"Q3","nse_score":716.0,"educ":13.1,"educ_score":673.3,"hacin":1.583,"hacin_class":"Hacinamiento Medio","hacin_score":727.0,"auto_score":142.9,"n_per":19,"n_hog":6,"source_year":2024},"geometry":{"type":"MultiPolygon","coordinates":[[[[-71.6289210709999,-33.4909304741312],[-71.6292112029999,-33.4907980141312],[-71.6292020289999,-33.4901932931312],[-71.6289303869999,-33.4904801261313],[-71.6289210709999,-33.4909304741312]]],[[[-71.6285802859999,-33.4895325741313],[-71.6287184269999,-33.4902103961312],[-71.6289078109999,-33.4904459361313],[-71.6292179899999,-33.4900770991312],[-71.629234289,-33.4897025321313],[-71.6290705119999,-33.4897081871313],[-71.6290268859999,-33.4898755541312],[-71.6290368839999,-33.4896909521312],[-71.6292344359999,-33.4896777481313],[-71.6292441879999,-33.4895266391313],[-71.6285802859999,-33.4895325741313]]]]}},{"type":"Feature","properties":{"id":"5605021001033","commune":"El Tabo","code":"05605","gse":"C2","quintil":"Q4","nse_score":762.5,"educ":13.9,"educ_score":726.7,"hacin":1.133,"hacin_class":"Hacinamiento Leve","hacin_score":822.7,"auto_score":62.5,"n_per":17,"n_hog":7,"source_year":2024},"geometry":{"type":"MultiPolygon","coordinates":[[[[-71.6323541869999,-33.4913132211312],[-71.6329113619999,-33.4912406881312],[-71.6327860479999,-33.4902919281312],[-71.6322568919999,-33.4904134001313],[-71.6323541869999,-33.4913132211312]]],[[[-71.6321596999999,-33.4896818071313],[-71.6322294349999,-33.4902965951313],[-71.6327944009999,-33.4902215961312],[-71.6327946179999,-33.4899363151313],[-71.6325062739999,-33.4899117851312],[-71.6327944009999,-33.4898941371313],[-71.6327916859999,-33.4896861431312],[-71.6321596999999,-33.4896818071313]]]]}},{"type":"Feature","properties":{"id":"5605021001062","commune":"El Tabo","code":"05605","gse":"ABC1","quintil":"Q5","nse_score":857.2,"educ":15.2,"educ_score":813.3,"hacin":1.143,"hacin_class":"Hacinamiento Leve","hacin_score":820.7,"auto_score":285.7,"n_per":16,"n_hog":7,"source_year":2024},"geometry":{"type":"MultiPolygon","coordinates":[[[[-71.6325431189999,-33.4959358901312],[-71.6332967779999,-33.4967989101312],[-71.6327896319999,-33.4952758561312],[-71.6325431189999,-33.4959358901312]]],[[[-71.6322728739999,-33.4953265711312],[-71.6320519089999,-33.4951493561312],[-71.6317301779999,-33.4954617071312],[-71.6321916719999,-33.4958634571312],[-71.6324998919999,-33.4959105721312],[-71.6327616739999,-33.4952318661311],[-71.6325955949999,-33.4947669181312],[-71.6320659239999,-33.4951356241312],[-71.6322728739999,-33.4953265711312]]]]}},{"type":"Feature","properties":{"id":"5605021001070","commune":"El Tabo","code":"05605","gse":"C2","quintil":"Q3","nse_score":740.8,"educ":12.9,"educ_score":660.0,"hacin":1.185,"hacin_class":"Hacinamiento Leve","hacin_score":811.7,"auto_score":60.6,"n_per":64,"n_hog":31,"source_year":2024},"geometry":{"type":"MultiPolygon","coordinates":[[[[-71.6296007489999,-33.4968296361311],[-71.6300068279999,-33.4964801331311],[-71.6297587569999,-33.4962607911312],[-71.6293157279999,-33.4966054961311],[-71.6296007489999,-33.4968296361311]]],[[[-71.6295973429999,-33.4968788011311],[-71.6292791189999,-33.4966316331311],[-71.6287740959999,-33.4970570641311],[-71.6298329859999,-33.4979573411312],[-71.6308286379999,-33.4971688771311],[-71.6298858909999,-33.4979921691311],[-71.6312611789999,-33.4991253911311],[-71.6317295509999,-33.4987856751311],[-71.6315331429999,-33.4984612291311],[-71.6319019059999,-33.4981598171311],[-71.6322403409999,-33.4983361111312],[-71.6324094209999,-33.4981332841311],[-71.6324037259999,-33.4978862371311],[-71.6321869139999,-33.4975858361311],[-71.631426126,-33.4969067711312],[-71.6312354149999,-33.4969634911311],[-71.6301548299999,-33.4959840711312],[-71.6297938839999,-33.4962301991312],[-71.6300474129999,-33.4964972531311],[-71.6295973429999,-33.4968788011311]]]]}},{"type":"Feature","properties":{"id":"5605021001019","commune":"El Tabo","code":"05605","gse":"C3","quintil":"Q2","nse_score":682.8,"educ":12.6,"educ_score":640.0,"hacin":1.0,"hacin_class":"Hacinamiento Leve","hacin_score":851.1,"auto_score":0.0,"n_per":13,"n_hog":6,"source_year":2024},"geometry":{"type":"MultiPolygon","coordinates":[[[[-71.6273112149999,-33.4896948291312],[-71.6279865579999,-33.4897228531312],[-71.6280647699999,-33.4884031301312],[-71.6275175319999,-33.4882608071313],[-71.6273665979999,-33.4885856221313],[-71.6273112149999,-33.4896948291312]]],[[[-71.6280666559999,-33.4883369351313],[-71.6280927849999,-33.4880222911313],[-71.6263763399999,-33.4874885571313],[-71.6260202249999,-33.4877218531313],[-71.6280666559999,-33.4883369351313]]]]}},{"type":"Feature","properties":{"id":"5605021002003","commune":"El Tabo","code":"05605","gse":"C1","quintil":"Q5","nse_score":796.6,"educ":14.6,"educ_score":773.3,"hacin":1.102,"hacin_class":"Hacinamiento Leve","hacin_score":829.4,"auto_score":128.2,"n_per":54,"n_hog":35,"source_year":2024},"geometry":{"type":"Polygon","coordinates":[[[-71.6130893479999,-33.4997751241311],[-71.6124887139999,-33.4997574791311],[-71.611444478,-33.5000785171311],[-71.6112839529999,-33.5002087071311],[-71.6112217349999,-33.5005012021311],[-71.6121525319999,-33.5016901301311],[-71.6124094029999,-33.5023406531311],[-71.6122846809999,-33.5026673421311],[-71.612619305,-33.5031690671311],[-71.6136212059999,-33.503551819131],[-71.6141693929999,-33.5040709481311],[-71.6143841969999,-33.504813153131],[-71.6142384809999,-33.5053735451311],[-71.6148124689999,-33.505569635131],[-71.6152223169999,-33.504906603131],[-71.6150674539999,-33.504728276131],[-71.6149100029999,-33.504836490131],[-71.6150658529999,-33.504675083131],[-71.6152678439999,-33.5049291231311],[-71.6148509499999,-33.505606393131],[-71.6153803239999,-33.505872304131],[-71.6161154099999,-33.504901824131],[-71.6167452089999,-33.504655256131],[-71.6169764229999,-33.5042042041311],[-71.6173639269999,-33.5038547361311],[-71.6175199239999,-33.503078085131],[-71.6181557809999,-33.502847038131],[-71.6184473939999,-33.5022303301311],[-71.6181495439999,-33.5017716781311],[-71.6178477549999,-33.5017404871311],[-71.617477833,-33.5013084041311],[-71.6170002039999,-33.5010226221311],[-71.6150527639999,-33.5003279861311],[-71.6148819989999,-33.4999934461311],[-71.6149921759999,-33.4996185321311],[-71.6139946639999,-33.4992962131311],[-71.6130893479999,-33.4997751241311]]]}},{"type":"Feature","properties":{"id":"5605021002007","commune":"El Tabo","code":"05605","gse":"C3","quintil":"Q2","nse_score":684.1,"educ":11.6,"educ_score":573.3,"hacin":1.4,"hacin_class":"Hacinamiento Leve","hacin_score":766.0,"auto_score":62.5,"n_per":21,"n_hog":9,"source_year":2024},"geometry":{"type":"Polygon","coordinates":[[[-71.6154269049999,-33.5003420011311],[-71.615987334,-33.5005853371311],[-71.6164797549999,-33.4998109721311],[-71.6159506679999,-33.4996155061311],[-71.6154269049999,-33.5003420011311]]]}},{"type":"Feature","properties":{"id":"5605021002011","commune":"El Tabo","code":"05605","gse":"C3","quintil":"Q3","nse_score":715.1,"educ":12.4,"educ_score":626.7,"hacin":1.302,"hacin_class":"Hacinamiento Leve","hacin_score":786.9,"auto_score":74.3,"n_per":164,"n_hog":77,"source_year":2024},"geometry":{"type":"Polygon","coordinates":[[[-71.6110101069999,-33.5020790801311],[-71.6102424199999,-33.5003396731311],[-71.608682025,-33.5008520341311],[-71.6093302639999,-33.5020860471311],[-71.6104519989999,-33.5031773201311],[-71.6092532299999,-33.5020996481311],[-71.6085624209999,-33.5008365881311],[-71.6040924369999,-33.5022672961311],[-71.6037418359999,-33.5026917811311],[-71.6034550399999,-33.504155289131],[-71.6035267319999,-33.506419714131],[-71.6052434689999,-33.506676707131],[-71.6070513669999,-33.507472874131],[-71.6076711119999,-33.506920315131],[-71.6088996239999,-33.506859004131],[-71.6109967869999,-33.5036534471311],[-71.6104423619999,-33.5034992591311],[-71.6111257319999,-33.5035943621311],[-71.6113657329999,-33.5034738151311],[-71.6115503929999,-33.5033325621311],[-71.6114648019999,-33.5028512271311],[-71.6117158639999,-33.5026379361311],[-71.6121823479999,-33.5026165151311],[-71.6123339559999,-33.5023840871311],[-71.6120492219999,-33.5016478261311],[-71.6109430449999,-33.5001165981311],[-71.6103303359999,-33.5003486051311],[-71.6110528159999,-33.5018572591311],[-71.6110101069999,-33.5020790801311]]]}},{"type":"Feature","properties":{"id":"5605021002013","commune":"El Tabo","code":"05605","gse":"C1","quintil":"Q5","nse_score":816.2,"educ":13.2,"educ_score":680.0,"hacin":1.0,"hacin_class":"Hacinamiento Leve","hacin_score":851.1,"auto_score":0.0,"n_per":17,"n_hog":9,"source_year":2024},"geometry":{"type":"Polygon","coordinates":[[[-71.618451896,-33.5015155501311],[-71.6198173359999,-33.5011216151311],[-71.6198779379999,-33.5010800271311],[-71.6193562359999,-33.5010553661311],[-71.6181295999999,-33.5005815221311],[-71.6179057679999,-33.5008626341311],[-71.618451896,-33.5015155501311]]]}},{"type":"Feature","properties":{"id":"5605021002014","commune":"El Tabo","code":"05605","gse":"D","quintil":"Q1","nse_score":646.8,"educ":12.9,"educ_score":660.0,"hacin":1.875,"hacin_class":"Hacinamiento Medio","hacin_score":664.9,"auto_score":0.0,"n_per":15,"n_hog":4,"source_year":2024},"geometry":{"type":"Polygon","coordinates":[[[-71.6179508269999,-33.5017196111311],[-71.6184234989999,-33.5015311211311],[-71.6178670749999,-33.5009014541311],[-71.6175477899999,-33.5012536801311],[-71.6179508269999,-33.5017196111311]]]}},{"type":"Feature","properties":{"id":"5605021002018","commune":"El Tabo","code":"05605","gse":"D","quintil":"Q1","nse_score":636.6,"educ":12.3,"educ_score":620.0,"hacin":1.619,"hacin_class":"Hacinamiento Medio","hacin_score":719.4,"auto_score":0.0,"n_per":34,"n_hog":10,"source_year":2024},"geometry":{"type":"Polygon","coordinates":[[[-71.6122500299999,-33.5039054761311],[-71.6128148029999,-33.5039516481311],[-71.6134252889999,-33.504265623131],[-71.6136013649999,-33.504706254131],[-71.6135943529999,-33.5052933541311],[-71.6140596619999,-33.505343466131],[-71.6143059629999,-33.5048381171311],[-71.6142965799999,-33.504526238131],[-71.6141256179999,-33.5040917001311],[-71.6136353789999,-33.5036225681311],[-71.6128885929999,-33.5033179861311],[-71.6121194119999,-33.5032720661311],[-71.6122500299999,-33.5039054761311]]]}},{"type":"Feature","properties":{"id":"5605021002019","commune":"El Tabo","code":"05605","gse":"D","quintil":"Q1","nse_score":631.7,"educ":11.7,"educ_score":580.0,"hacin":1.318,"hacin_class":"Hacinamiento Leve","hacin_score":783.4,"auto_score":58.8,"n_per":29,"n_hog":12,"source_year":2024},"geometry":{"type":"Polygon","coordinates":[[[-71.6108311589999,-33.503927323131],[-71.6102615769999,-33.504990762131],[-71.6105761559999,-33.505123063131],[-71.6111276119999,-33.5042048281311],[-71.6113977929999,-33.5039353881311],[-71.6106272509999,-33.5051396471311],[-71.611295046,-33.5054269831311],[-71.6117992349999,-33.5045262241311],[-71.6121424659999,-33.5041622271311],[-71.6119505839999,-33.5033405551311],[-71.6116006699999,-33.503390677131],[-71.6108311589999,-33.503927323131]]]}},{"type":"Feature","properties":{"id":"5605021002021","commune":"El Tabo","code":"05605","gse":"C1","quintil":"Q5","nse_score":803.9,"educ":13.3,"educ_score":686.7,"hacin":1.061,"hacin_class":"Hacinamiento Leve","hacin_score":838.0,"auto_score":111.1,"n_per":52,"n_hog":21,"source_year":2024},"geometry":{"type":"Polygon","coordinates":[[[-71.6119682409999,-33.504442141131],[-71.6111147769999,-33.505936099131],[-71.6117421079999,-33.506209132131],[-71.6125349399999,-33.5049596201311],[-71.6117830559999,-33.5062267371311],[-71.6121725409999,-33.506532488131],[-71.6130372359999,-33.505229129131],[-71.6130821109999,-33.504766464131],[-71.6127526469999,-33.504379419131],[-71.6123332939999,-33.504302080131],[-71.6119682409999,-33.504442141131]]]}},{"type":"Feature","properties":{"id":"5605021002022","commune":"El Tabo","code":"05605","gse":"C2","quintil":"Q4","nse_score":749.5,"educ":12.5,"educ_score":633.3,"hacin":1.5,"hacin_class":"Hacinamiento Medio","hacin_score":744.7,"auto_score":45.5,"n_per":33,"n_hog":11,"source_year":2024},"geometry":{"type":"Polygon","coordinates":[[[-71.6102046769999,-33.5050564801311],[-71.6092580019999,-33.506567782131],[-71.6103087039999,-33.506990422131],[-71.6112506889999,-33.505506913131],[-71.6105770959999,-33.5052225411311],[-71.609919982,-33.506342978131],[-71.6105215079999,-33.505206784131],[-71.6102046769999,-33.5050564801311]]]}},{"type":"Feature","properties":{"id":"5605021002023","commune":"El Tabo","code":"05605","gse":"C3","quintil":"Q2","nse_score":692.7,"educ":10.8,"educ_score":520.0,"hacin":0.8,"hacin_class":"Sin Hacinamiento","hacin_score":893.6,"auto_score":166.7,"n_per":8,"n_hog":5,"source_year":2024},"geometry":{"type":"Polygon","coordinates":[[[-71.6127851749999,-33.507114619131],[-71.6139918849999,-33.505478541131],[-71.6139542469999,-33.505396816131],[-71.6130590719999,-33.505284565131],[-71.6122356189999,-33.506563313131],[-71.6127851749999,-33.507114619131]]]}},{"type":"Feature","properties":{"id":"5605021002024","commune":"El Tabo","code":"05605","gse":"C3","quintil":"Q3","nse_score":704.1,"educ":11.7,"educ_score":580.0,"hacin":1.364,"hacin_class":"Hacinamiento Leve","hacin_score":773.7,"auto_score":300.0,"n_per":15,"n_hog":5,"source_year":2024},"geometry":{"type":"Polygon","coordinates":[[[-71.6134026329999,-33.507467030131],[-71.6147749749999,-33.505665357131],[-71.614752285,-33.5056127881311],[-71.6142884769999,-33.505456069131],[-71.6140264809999,-33.505517597131],[-71.6128883579999,-33.507094758131],[-71.6134026329999,-33.507467030131]]]}},{"type":"Feature","properties":{"id":"5605021002025","commune":"El Tabo","code":"05605","gse":"C3","quintil":"Q2","nse_score":693.2,"educ":11.7,"educ_score":580.0,"hacin":1.478,"hacin_class":"Hacinamiento Leve","hacin_score":749.3,"auto_score":272.7,"n_per":34,"n_hog":11,"source_year":2024},"geometry":{"type":"Polygon","coordinates":[[[-71.6140276749999,-33.507720550131],[-71.6153157779999,-33.505984013131],[-71.6153028369999,-33.505904714131],[-71.6148130419999,-33.505702866131],[-71.6135011639999,-33.507467898131],[-71.6140276749999,-33.507720550131]]]}},{"type":"Feature","properties":{"id":"5605021002026","commune":"El Tabo","code":"05605","gse":"E","quintil":"Q1","nse_score":526.4,"educ":8.4,"educ_score":360.0,"hacin":1.75,"hacin_class":"Hacinamiento Medio","hacin_score":691.5,"auto_score":125.0,"n_per":14,"n_hog":4,"source_year":2024},"geometry":{"type":"Polygon","coordinates":[[[-71.6088703289999,-33.5157722101309],[-71.6072452759999,-33.5204364341308],[-71.6080268039999,-33.5209888231308],[-71.6085090949999,-33.5206058901309],[-71.6085551299999,-33.5197414151309],[-71.6093856299999,-33.5184080911308],[-71.6096249699999,-33.5172242931309],[-71.6104473849999,-33.5157321391309],[-71.6107668079999,-33.5148180371309],[-71.6132068519999,-33.511293341131],[-71.6136439089999,-33.510483660131],[-71.6144142019999,-33.509655974131],[-71.6147900119999,-33.508551522131],[-71.6153347419999,-33.508167201131],[-71.6157990789999,-33.507069101131],[-71.6163516499999,-33.506353477131],[-71.6154182059999,-33.505932338131],[-71.6092983899999,-33.5143403601309],[-71.6086626069999,-33.5146872951309],[-71.6083729779999,-33.5154767761309],[-71.6088156199999,-33.5156205741309],[-71.6088703289999,-33.5157722101309]]]}},{"type":"Feature","properties":{"id":"5605021002027","commune":"El Tabo","code":"05605","gse":"C2","quintil":"Q4","nse_score":768.4,"educ":13.1,"educ_score":673.3,"hacin":1.533,"hacin_class":"Hacinamiento Medio","hacin_score":737.6,"auto_score":222.2,"n_per":46,"n_hog":18,"source_year":2024},"geometry":{"type":"Polygon","coordinates":[[[-71.6103850109999,-33.507084234131],[-71.6109236859999,-33.507891654131],[-71.6118810329999,-33.506980348131],[-71.6121300949999,-33.506587250131],[-71.6117366729999,-33.506333911131],[-71.6111815219999,-33.507056665131],[-71.6116820419999,-33.506288891131],[-71.6110833939999,-33.505992167131],[-71.6103850109999,-33.507084234131]]]}},{"type":"Feature","properties":{"id":"5605021002028","commune":"El Tabo","code":"05605","gse":"C2","quintil":"Q3","nse_score":732.5,"educ":13.5,"educ_score":700.0,"hacin":1.044,"hacin_class":"Hacinamiento Leve","hacin_score":841.8,"auto_score":66.7,"n_per":24,"n_hog":12,"source_year":2024},"geometry":{"type":"Polygon","coordinates":[[[-71.6114942759999,-33.508762997131],[-71.6127439269999,-33.507205311131],[-71.6122123589999,-33.506634764131],[-71.6109615629999,-33.507929332131],[-71.6114942759999,-33.508762997131]]]}},{"type":"Feature","properties":{"id":"5605021002029","commune":"El Tabo","code":"05605","gse":"C2","quintil":"Q3","nse_score":735.8,"educ":11.3,"educ_score":553.3,"hacin":0.857,"hacin_class":"Sin Hacinamiento","hacin_score":881.5,"auto_score":83.3,"n_per":12,"n_hog":6,"source_year":2024},"geometry":{"type":"Polygon","coordinates":[[[-71.6128447479999,-33.507223879131],[-71.6119716789999,-33.508198646131],[-71.6116097459999,-33.508915066131],[-71.6119092419999,-33.509456914131],[-71.6133393759999,-33.507586251131],[-71.6128447479999,-33.507223879131]]]}},{"type":"Feature","properties":{"id":"5605021002030","commune":"El Tabo","code":"05605","gse":"C2","quintil":"Q4","nse_score":786.5,"educ":13.4,"educ_score":693.3,"hacin":1.0,"hacin_class":"Hacinamiento Leve","hacin_score":851.1,"auto_score":115.4,"n_per":25,"n_hog":12,"source_year":2024},"geometry":{"type":"Polygon","coordinates":[[[-71.6124708579999,-33.509823770131],[-71.6140004479999,-33.507809539131],[-71.6139776709999,-33.507754025131],[-71.6134372429999,-33.507565029131],[-71.6120163429999,-33.509450233131],[-71.6124708579999,-33.509823770131]]]}},{"type":"Feature","properties":{"id":"5605021002001","commune":"El Tabo","code":"05605","gse":"D","quintil":"Q2","nse_score":676.2,"educ":11.2,"educ_score":546.7,"hacin":1.357,"hacin_class":"Hacinamiento Leve","hacin_score":775.1,"auto_score":62.5,"n_per":19,"n_hog":8,"source_year":2024},"geometry":{"type":"MultiPolygon","coordinates":[[[[-71.6152497519999,-33.5004161901311],[-71.6158957129999,-33.4995900531311],[-71.6154020929999,-33.4993312171312],[-71.614944282,-33.5000140481311],[-71.6152497519999,-33.5004161901311]]],[[[-71.6146868999999,-33.4990363521311],[-71.6138012999999,-33.4992883091311],[-71.6142134769999,-33.4992623871311],[-71.6150187279999,-33.4995694401311],[-71.6152801939999,-33.4993165711311],[-71.6146868999999,-33.4990363521311]]]]}},{"type":"Feature","properties":{"id":"5605021002010","commune":"El Tabo","code":"05605","gse":"C3","quintil":"Q3","nse_score":729.2,"educ":13.6,"educ_score":706.7,"hacin":1.333,"hacin_class":"Hacinamiento Leve","hacin_score":780.1,"auto_score":62.5,"n_per":24,"n_hog":7,"source_year":2024},"geometry":{"type":"MultiPolygon","coordinates":[[[[-71.6167114009999,-33.5008210891311],[-71.6174715779999,-33.5012334111311],[-71.6180841159999,-33.5005318131311],[-71.6171387389999,-33.5001314711311],[-71.6167114009999,-33.5008210891311]]],[[[-71.6160375819999,-33.5006406331311],[-71.6166679719999,-33.5007869931311],[-71.6170874339999,-33.5000720911311],[-71.6165543259999,-33.4998673191311],[-71.6160375819999,-33.5006406331311]]]]}},{"type":"Feature","properties":{"id":"5605021003001","commune":"El Tabo","code":"05605","gse":"D","quintil":"Q2","nse_score":668.3,"educ":12.3,"educ_score":620.0,"hacin":1.462,"hacin_class":"Hacinamiento Leve","hacin_score":752.9,"auto_score":55.6,"n_per":38,"n_hog":15,"source_year":2024},"geometry":{"type":"Polygon","coordinates":[[[-71.6178350539999,-33.4904257911312],[-71.6126364599999,-33.4972459641311],[-71.6094787229999,-33.4981308391311],[-71.6104396829999,-33.4992999351311],[-71.6106753839999,-33.4999568231311],[-71.6109672729999,-33.5000244721311],[-71.6115646909999,-33.4998571221311],[-71.6128567779999,-33.4991656251311],[-71.6140841629999,-33.4990635341312],[-71.6147385099999,-33.4986164161311],[-71.6169442059999,-33.4958033531312],[-71.6161123879999,-33.4956399911312],[-71.6166123319999,-33.4956341891311],[-71.6166170259999,-33.4951293651312],[-71.6161222839999,-33.4946469961311],[-71.6159043129999,-33.4937302401312],[-71.6161557889999,-33.4946272421312],[-71.6166137319999,-33.4950199181312],[-71.6166534659999,-33.4952071611312],[-71.6167797009999,-33.4949640341312],[-71.6166694129999,-33.4956425061312],[-71.6168792959999,-33.4957237791312],[-71.6170043179999,-33.4957235171311],[-71.6181022979999,-33.4943160451312],[-71.6187735139999,-33.4933704771312],[-71.6182575009999,-33.4930055301312],[-71.6188004299999,-33.4933273581312],[-71.6196834819999,-33.4920156311312],[-71.6178350539999,-33.4904257911312]]]}},{"type":"Feature","properties":{"id":"5605021003004","commune":"El Tabo","code":"05605","gse":"C3","quintil":"Q2","nse_score":691.7,"educ":12.4,"educ_score":626.7,"hacin":1.224,"hacin_class":"Hacinamiento Leve","hacin_score":803.3,"auto_score":32.3,"n_per":60,"n_hog":26,"source_year":2024},"geometry":{"type":"Polygon","coordinates":[[[-71.6192738929999,-33.4931092451312],[-71.6224303929999,-33.4940510611312],[-71.6221660179999,-33.4947208731312],[-71.6225219549999,-33.4948401231312],[-71.6230730839999,-33.4937933351312],[-71.6227836909999,-33.4937086331312],[-71.6230854849999,-33.4937552271312],[-71.6233215679999,-33.4930462721312],[-71.6227050179999,-33.4928227881312],[-71.6224479089999,-33.4934337851312],[-71.6219324479999,-33.4933097731312],[-71.621814319,-33.4935147741312],[-71.6219351519999,-33.4932819001312],[-71.6224200809999,-33.4934097731312],[-71.6226343069999,-33.4927996851312],[-71.6209569169999,-33.4923063481312],[-71.6205821879999,-33.4929810911312],[-71.6211651559999,-33.4932142781312],[-71.6205840419999,-33.4930444881312],[-71.6205579339999,-33.4929426451312],[-71.6209158029999,-33.4922936521312],[-71.6199546519999,-33.4920162051312],[-71.6192415649999,-33.4929358331312],[-71.6192738929999,-33.4931092451312]]]}},{"type":"Feature","properties":{"id":"5605021003005","commune":"El Tabo","code":"05605","gse":"C2","quintil":"Q4","nse_score":779.5,"educ":13.5,"educ_score":700.0,"hacin":1.393,"hacin_class":"Hacinamiento Leve","hacin_score":767.5,"auto_score":153.8,"n_per":39,"n_hog":13,"source_year":2024},"geometry":{"type":"Polygon","coordinates":[[[-71.6234156739999,-33.4930419691312],[-71.6231063139999,-33.4939065591312],[-71.6235403579999,-33.4940459921312],[-71.6230913229999,-33.4939373651312],[-71.6229452429999,-33.4942967881312],[-71.6239916239999,-33.4946766471312],[-71.6242640099999,-33.4938343921312],[-71.6237883659999,-33.4936729761312],[-71.6242743399999,-33.4937998741312],[-71.6244133949999,-33.4933586621312],[-71.6234156739999,-33.4930419691312]]]}},{"type":"Feature","properties":{"id":"5605021003008","commune":"El Tabo","code":"05605","gse":"C2","quintil":"Q4","nse_score":752.7,"educ":12.9,"educ_score":660.0,"hacin":1.0,"hacin_class":"Hacinamiento Leve","hacin_score":851.1,"auto_score":83.3,"n_per":12,"n_hog":6,"source_year":2024},"geometry":{"type":"Polygon","coordinates":[[[-71.6248953109999,-33.4940266551312],[-71.6243206899999,-33.4938439311312],[-71.6241879909999,-33.4941789931312],[-71.6252464279999,-33.4945852961312],[-71.6256376219999,-33.4937576371312],[-71.6244880219999,-33.4934199611312],[-71.6243274719999,-33.4938268061312],[-71.6248953109999,-33.4940266551312]]]}},{"type":"Feature","properties":{"id":"5605021003009","commune":"El Tabo","code":"05605","gse":"C2","quintil":"Q3","nse_score":732.7,"educ":13.3,"educ_score":686.7,"hacin":1.154,"hacin_class":"Hacinamiento Leve","hacin_score":818.3,"auto_score":0.0,"n_per":15,"n_hog":8,"source_year":2024},"geometry":{"type":"Polygon","coordinates":[[[-71.6200171389999,-33.4934302391312],[-71.6198891429999,-33.4937115661312],[-71.6201261189999,-33.4937935191312],[-71.6198649469999,-33.4937378461312],[-71.6197522699999,-33.4940172381312],[-71.6201668389999,-33.4941535271312],[-71.6202284999999,-33.4940545141312],[-71.6202149149999,-33.4941693311312],[-71.6205839899999,-33.4942833171312],[-71.6207269249999,-33.4940207711312],[-71.6205033449999,-33.4939369251312],[-71.6207625009999,-33.4939894191312],[-71.6208881649999,-33.4937051501312],[-71.6200171389999,-33.4934302391312]]]}},{"type":"Feature","properties":{"id":"5605021003012","commune":"El Tabo","code":"05605","gse":"D","quintil":"Q2","nse_score":657.8,"educ":12.4,"educ_score":626.7,"hacin":1.387,"hacin_class":"Hacinamiento Leve","hacin_score":768.7,"auto_score":88.2,"n_per":43,"n_hog":14,"source_year":2024},"geometry":{"type":"Polygon","coordinates":[[[-71.6257464309999,-33.4937943231312],[-71.6251620379999,-33.4950291611312],[-71.6262879259999,-33.4954092531312],[-71.6264452999999,-33.4950476811312],[-71.6259032719999,-33.4948724381312],[-71.6264536439999,-33.4950227331312],[-71.6265177469999,-33.4948866511312],[-71.6260069029999,-33.4946892171311],[-71.6265308049999,-33.4948667511312],[-71.6268922989999,-33.4941810171312],[-71.6261475349999,-33.4939240351312],[-71.625777319,-33.4946178661312],[-71.6261108169999,-33.4939116621312],[-71.6257464309999,-33.4937943231312]]]}},{"type":"Feature","properties":{"id":"5605021003013","commune":"El Tabo","code":"05605","gse":"C3","quintil":"Q2","nse_score":695.0,"educ":11.7,"educ_score":580.0,"hacin":1.375,"hacin_class":"Hacinamiento Leve","hacin_score":771.3,"auto_score":52.6,"n_per":44,"n_hog":18,"source_year":2024},"geometry":{"type":"Polygon","coordinates":[[[-71.6265494629999,-33.4950077881312],[-71.6262957729999,-33.4958165871311],[-71.6276315739999,-33.4961308311312],[-71.6279144569999,-33.4958761511312],[-71.6280583619999,-33.4954870391312],[-71.6279155039999,-33.4956361471311],[-71.6277787599999,-33.4956442661312],[-71.6276659349999,-33.4955510151311],[-71.6277063409999,-33.4953084371312],[-71.6277289029999,-33.4955687151312],[-71.6279044499999,-33.4956137751312],[-71.628083408,-33.4953543441312],[-71.6281804119999,-33.4946497291312],[-71.6270073389999,-33.4941877901312],[-71.6265494629999,-33.4950077881312]]]}},{"type":"Feature","properties":{"id":"5605021003014","commune":"El Tabo","code":"05605","gse":"D","quintil":"Q1","nse_score":647.2,"educ":12.6,"educ_score":640.0,"hacin":1.333,"hacin_class":"Hacinamiento Leve","hacin_score":780.1,"auto_score":0.0,"n_per":8,"n_hog":4,"source_year":2024},"geometry":{"type":"Polygon","coordinates":[[[-71.6249820039999,-33.4950082671312],[-71.6251726959999,-33.4946049821312],[-71.6241624419999,-33.4942719511312],[-71.62410209,-33.4947212261312],[-71.6249820039999,-33.4950082671312]]]}},{"type":"Feature","properties":{"id":"5605021003018","commune":"El Tabo","code":"05605","gse":"C3","quintil":"Q3","nse_score":703.3,"educ":12.0,"educ_score":600.0,"hacin":1.444,"hacin_class":"Hacinamiento Leve","hacin_score":756.5,"auto_score":136.4,"n_per":117,"n_hog":46,"source_year":2024},"geometry":{"type":"Polygon","coordinates":[[[-71.6300679579999,-33.4944950021312],[-71.6298651949999,-33.4952889571312],[-71.6302571109999,-33.4952954391312],[-71.6298659409999,-33.4953136181312],[-71.629722022,-33.4955214901311],[-71.6300444849999,-33.4944979681312],[-71.6294805879999,-33.4945488561312],[-71.6295023329999,-33.4950745751312],[-71.6297928719999,-33.4951374991312],[-71.6294792339999,-33.4950898721312],[-71.6294484439999,-33.4945512401312],[-71.6292866019999,-33.4945617031312],[-71.6292884249999,-33.4952196401312],[-71.6292527129999,-33.4945636831312],[-71.6283208049999,-33.4946217791312],[-71.628235721,-33.4949745711312],[-71.6285200179999,-33.4950086481312],[-71.6292696449999,-33.4958518101311],[-71.628810831,-33.4962476341312],[-71.6288654629999,-33.4961411791312],[-71.6283037949999,-33.4957085211312],[-71.6281078689999,-33.4956942951312],[-71.6277306879999,-33.4962170771311],[-71.6287790239999,-33.4969653491311],[-71.6303158869999,-33.4957778511312],[-71.6302946589999,-33.4944859511312],[-71.6300679579999,-33.4944950021312]]]}},{"type":"Feature","properties":{"id":"5605021003020","commune":"El Tabo","code":"05605","gse":"C1","quintil":"Q5","nse_score":792.5,"educ":12.8,"educ_score":653.3,"hacin":1.154,"hacin_class":"Hacinamiento Leve","hacin_score":818.3,"auto_score":71.4,"n_per":15,"n_hog":7,"source_year":2024},"geometry":{"type":"Polygon","coordinates":[[[-71.6238333129999,-33.4951326111311],[-71.6248461339999,-33.4954344001312],[-71.6250029719999,-33.4950776571312],[-71.6240439179999,-33.4947738461312],[-71.6238333129999,-33.4951326111311]]]}},{"type":"Feature","properties":{"id":"5605021003021","commune":"El Tabo","code":"05605","gse":"C2","quintil":"Q4","nse_score":767.2,"educ":13.6,"educ_score":706.7,"hacin":1.214,"hacin_class":"Hacinamiento Leve","hacin_score":805.5,"auto_score":107.1,"n_per":34,"n_hog":14,"source_year":2024},"geometry":{"type":"Polygon","coordinates":[[[-71.6234638639999,-33.4955248941311],[-71.6237707129999,-33.4950910091312],[-71.6227088299999,-33.4948766321312],[-71.6224818049999,-33.4952885921312],[-71.6234638639999,-33.4955248941311]]]}},{"type":"Feature","properties":{"id":"5605021003022","commune":"El Tabo","code":"05605","gse":"D","quintil":"Q1","nse_score":616.8,"educ":9.9,"educ_score":460.0,"hacin":1.667,"hacin_class":"Hacinamiento Medio","hacin_score":709.2,"auto_score":350.0,"n_per":35,"n_hog":10,"source_year":2024},"geometry":{"type":"Polygon","coordinates":[[[-71.6288898639999,-33.4960905201312],[-71.6291962089999,-33.4957982141311],[-71.6284587219999,-33.4950266631311],[-71.6282273189999,-33.4950265611311],[-71.6281537959999,-33.4956298091311],[-71.6288898639999,-33.4960905201312]]]}},{"type":"Feature","properties":{"id":"5605021003023","commune":"El Tabo","code":"05605","gse":"C3","quintil":"Q3","nse_score":728.3,"educ":13.8,"educ_score":720.0,"hacin":1.314,"hacin_class":"Hacinamiento Leve","hacin_score":784.2,"auto_score":200.0,"n_per":46,"n_hog":18,"source_year":2024},"geometry":{"type":"Polygon","coordinates":[[[-71.6251193489999,-33.4950721161312],[-71.6245682179999,-33.4962785111312],[-71.6253495489999,-33.4964539291311],[-71.6255778399999,-33.4958612701311],[-71.6253962559999,-33.4964640061311],[-71.6262204069999,-33.4966492641311],[-71.6262787109999,-33.4954370321312],[-71.6251193489999,-33.4950721161312]]]}},{"type":"Feature","properties":{"id":"5605021003024","commune":"El Tabo","code":"05605","gse":"C2","quintil":"Q4","nse_score":783.3,"educ":15.3,"educ_score":820.0,"hacin":1.0,"hacin_class":"Hacinamiento Leve","hacin_score":851.1,"auto_score":214.3,"n_per":13,"n_hog":5,"source_year":2024},"geometry":{"type":"Polygon","coordinates":[[[-71.6233392769999,-33.4960101831312],[-71.6244628939999,-33.4962538931312],[-71.6248248439999,-33.4954761641312],[-71.6238100569999,-33.4951734031312],[-71.6233392769999,-33.4960101831312]]]}},{"type":"Feature","properties":{"id":"5605021003026","commune":"El Tabo","code":"05605","gse":"C2","quintil":"Q3","nse_score":739.4,"educ":13.2,"educ_score":680.0,"hacin":1.333,"hacin_class":"Hacinamiento Leve","hacin_score":780.1,"auto_score":142.9,"n_per":52,"n_hog":19,"source_year":2024},"geometry":{"type":"Polygon","coordinates":[[[-71.6232117509999,-33.4960056671312],[-71.6235175469999,-33.4955701191311],[-71.6224636769999,-33.4953547271312],[-71.6222398829999,-33.4957404871311],[-71.6232117509999,-33.4960056671312]]]}},{"type":"Feature","properties":{"id":"5605021003029","commune":"El Tabo","code":"05605","gse":"C2","quintil":"Q4","nse_score":786.9,"educ":12.8,"educ_score":653.3,"hacin":1.172,"hacin_class":"Hacinamiento Leve","hacin_score":814.4,"auto_score":218.8,"n_per":34,"n_hog":16,"source_year":2024},"geometry":{"type":"Polygon","coordinates":[[[-71.6230625969999,-33.4966375661312],[-71.6243431099999,-33.4967911881311],[-71.6245041339999,-33.4963315751312],[-71.6222163779999,-33.4958701231311],[-71.6219741899999,-33.4962371191312],[-71.6226930449999,-33.4963647211312],[-71.6230625969999,-33.4966375661312]]]}},{"type":"Feature","properties":{"id":"5605021003030","commune":"El Tabo","code":"05605","gse":"C2","quintil":"Q4","nse_score":765.3,"educ":13.8,"educ_score":720.0,"hacin":0.812,"hacin_class":"Sin Hacinamiento","hacin_score":891.0,"auto_score":50.0,"n_per":13,"n_hog":8,"source_year":2024},"geometry":{"type":"Polygon","coordinates":[[[-71.626301237,-33.4970550261311],[-71.6269212919999,-33.4971359551311],[-71.6270469509999,-33.4966958121311],[-71.6275310879999,-33.4961810301312],[-71.6262817609999,-33.4958994171311],[-71.626301237,-33.4970550261311]]]}},{"type":"Feature","properties":{"id":"5605021003031","commune":"El Tabo","code":"05605","gse":"C2","quintil":"Q3","nse_score":737.7,"educ":13.3,"educ_score":686.7,"hacin":1.35,"hacin_class":"Hacinamiento Leve","hacin_score":776.6,"auto_score":200.0,"n_per":27,"n_hog":10,"source_year":2024},"geometry":{"type":"Polygon","coordinates":[[[-71.6153367269999,-33.4992084631311],[-71.617281149,-33.4969980691311],[-71.6169709949999,-33.4959372911312],[-71.6148929339999,-33.4985329801311],[-71.6149521289999,-33.4987970311311],[-71.6153367269999,-33.4992084631311]]]}},{"type":"Feature","properties":{"id":"5605021003032","commune":"El Tabo","code":"05605","gse":"C3","quintil":"Q3","nse_score":727.1,"educ":13.3,"educ_score":686.7,"hacin":1.412,"hacin_class":"Hacinamiento Leve","hacin_score":763.5,"auto_score":133.3,"n_per":72,"n_hog":27,"source_year":2024},"geometry":{"type":"Polygon","coordinates":[[[-71.6219567299999,-33.4962707861312],[-71.620967403,-33.4979634741312],[-71.6222906699999,-33.4990771191311],[-71.6225618419999,-33.4994973361311],[-71.6229888139999,-33.5006743031311],[-71.623577242,-33.5002762091311],[-71.6247975539999,-33.4981646211311],[-71.6251250319999,-33.4978518771312],[-71.6244575779999,-33.4971336691311],[-71.6246347599999,-33.4972365521311],[-71.6251915589999,-33.4968938551311],[-71.6262452109999,-33.4970126521312],[-71.6262244349999,-33.4967061331311],[-71.6245451109999,-33.4963428951312],[-71.6243526359999,-33.4968266731311],[-71.6230980719999,-33.4966841341312],[-71.622675135,-33.4963977041312],[-71.6219567299999,-33.4962707861312]]]}},{"type":"Feature","properties":{"id":"5605021003035","commune":"El Tabo","code":"05605","gse":"C2","quintil":"Q4","nse_score":751.4,"educ":13.2,"educ_score":680.0,"hacin":1.25,"hacin_class":"Hacinamiento Leve","hacin_score":797.9,"auto_score":200.0,"n_per":10,"n_hog":5,"source_year":2024},"geometry":{"type":"Polygon","coordinates":[[[-71.6274579989999,-33.4972456971311],[-71.6276994339999,-33.4972923181311],[-71.6282359149999,-33.4967446711311],[-71.6279853169999,-33.4965806431312],[-71.6275027769999,-33.4970554091311],[-71.6274579989999,-33.4972456971311]]]}},{"type":"Feature","properties":{"id":"5605021003042","commune":"El Tabo","code":"05605","gse":"ABC1","quintil":"Q5","nse_score":860.3,"educ":17.0,"educ_score":933.3,"hacin":1.444,"hacin_class":"Hacinamiento Leve","hacin_score":756.5,"auto_score":100.0,"n_per":13,"n_hog":6,"source_year":2024},"geometry":{"type":"Polygon","coordinates":[[[-71.6262291809999,-33.4975088451311],[-71.6268345099999,-33.4973610071311],[-71.6268833949999,-33.4972319531311],[-71.6263084829999,-33.4971452281312],[-71.6262291809999,-33.4975088451311]]]}},{"type":"Feature","properties":{"id":"5605021003043","commune":"El Tabo","code":"05605","gse":"C2","quintil":"Q4","nse_score":774.2,"educ":14.0,"educ_score":733.3,"hacin":1.048,"hacin_class":"Hacinamiento Leve","hacin_score":840.9,"auto_score":71.4,"n_per":22,"n_hog":13,"source_year":2024},"geometry":{"type":"Polygon","coordinates":[[[-71.6287262299999,-33.4977237641311],[-71.6276137049999,-33.4986968021311],[-71.6278871889999,-33.4990334731311],[-71.6293467669999,-33.4977032771311],[-71.6287089539999,-33.4971525271312],[-71.6283961779999,-33.4973444201311],[-71.6287262299999,-33.4977237641311]]]}},{"type":"Feature","properties":{"id":"5605021003047","commune":"El Tabo","code":"05605","gse":"C2","quintil":"Q4","nse_score":779.1,"educ":12.9,"educ_score":660.0,"hacin":1.071,"hacin_class":"Hacinamiento Leve","hacin_score":835.9,"auto_score":142.9,"n_per":30,"n_hog":14,"source_year":2024},"geometry":{"type":"Polygon","coordinates":[[[-71.6275515419999,-33.4986615581311],[-71.6286245559999,-33.4976808291311],[-71.6283374949999,-33.4973761351312],[-71.6281384399999,-33.4973840161312],[-71.628119324,-33.4975696761312],[-71.6273257039999,-33.4983129061311],[-71.6275515419999,-33.4986615581311]]]}},{"type":"Feature","properties":{"id":"5605021003049","commune":"El Tabo","code":"05605","gse":"ABC1","quintil":"Q5","nse_score":834.4,"educ":14.0,"educ_score":733.3,"hacin":1.0,"hacin_class":"Hacinamiento Leve","hacin_score":851.1,"auto_score":0.0,"n_per":10,"n_hog":7,"source_year":2024},"geometry":{"type":"Polygon","coordinates":[[[-71.6259251409999,-33.4987998901311],[-71.6260603689999,-33.4981359701312],[-71.626102666,-33.4975912291312],[-71.6254770539999,-33.4977674141312],[-71.6253163209999,-33.4984670381311],[-71.6253377859999,-33.4985755851311],[-71.6259251409999,-33.4987998901311]]]}},{"type":"Feature","properties":{"id":"5605021003051","commune":"El Tabo","code":"05605","gse":"C3","quintil":"Q2","nse_score":688.0,"educ":10.8,"educ_score":520.0,"hacin":1.2,"hacin_class":"Hacinamiento Leve","hacin_score":808.5,"auto_score":125.0,"n_per":12,"n_hog":8,"source_year":2024},"geometry":{"type":"Polygon","coordinates":[[[-71.6177035709999,-33.4986000101311],[-71.618208938,-33.4988575331311],[-71.6186791029999,-33.4983081621311],[-71.6181782199999,-33.4980701631312],[-71.6177035709999,-33.4986000101311]]]}},{"type":"Feature","properties":{"id":"5605021003052","commune":"El Tabo","code":"05605","gse":"C2","quintil":"Q4","nse_score":776.9,"educ":13.3,"educ_score":686.7,"hacin":1.385,"hacin_class":"Hacinamiento Leve","hacin_score":769.2,"auto_score":142.9,"n_per":18,"n_hog":7,"source_year":2024},"geometry":{"type":"Polygon","coordinates":[[[-71.6215199129999,-33.4994576741311],[-71.6222611159999,-33.4991606121311],[-71.6212005629999,-33.4981700151311],[-71.6208595749999,-33.4980785791311],[-71.6206880549999,-33.4983222901311],[-71.6215199129999,-33.4994576741311]]]}},{"type":"Feature","properties":{"id":"5605021003053","commune":"El Tabo","code":"05605","gse":"D","quintil":"Q1","nse_score":641.3,"educ":12.0,"educ_score":600.0,"hacin":1.454,"hacin_class":"Hacinamiento Leve","hacin_score":754.4,"auto_score":125.0,"n_per":16,"n_hog":5,"source_year":2024},"geometry":{"type":"Polygon","coordinates":[[[-71.6164711209999,-33.4983606321312],[-71.6162886959999,-33.4982866421311],[-71.6159963369999,-33.4986256861311],[-71.616614093,-33.4986084341311],[-71.6169012759999,-33.4982496771311],[-71.6164855239999,-33.4980713031311],[-71.6163102359999,-33.4982616621311],[-71.6164711209999,-33.4983606321312]]]}},{"type":"Feature","properties":{"id":"5605021003054","commune":"El Tabo","code":"05605","gse":"D","quintil":"Q2","nse_score":676.0,"educ":11.6,"educ_score":573.3,"hacin":1.426,"hacin_class":"Hacinamiento Leve","hacin_score":760.4,"auto_score":166.7,"n_per":77,"n_hog":25,"source_year":2024},"geometry":{"type":"Polygon","coordinates":[[[-71.6159539959999,-33.4986734461311],[-71.6154592269999,-33.4992849991311],[-71.6183660329999,-33.5005908131311],[-71.6188175199999,-33.4997776661311],[-71.6191888689999,-33.4997004621311],[-71.6184248109999,-33.4987475541311],[-71.6181947159999,-33.4989131211311],[-71.6169826969999,-33.4982910741312],[-71.6166398339999,-33.4986294741311],[-71.6159539959999,-33.4986734461311]]]}},{"type":"Feature","properties":{"id":"5605021003056","commune":"El Tabo","code":"05605","gse":"C3","quintil":"Q3","nse_score":729.3,"educ":11.3,"educ_score":553.3,"hacin":1.154,"hacin_class":"Hacinamiento Leve","hacin_score":818.3,"auto_score":62.5,"n_per":15,"n_hog":8,"source_year":2024},"geometry":{"type":"Polygon","coordinates":[[[-71.6210424409999,-33.4997052651311],[-71.6214803819999,-33.4994783901311],[-71.6206203079999,-33.4983757151311],[-71.6203484279999,-33.4988019901311],[-71.6210424409999,-33.4997052651311]]]}},{"type":"Feature","properties":{"id":"5605021003057","commune":"El Tabo","code":"05605","gse":"D","quintil":"Q2","nse_score":669.4,"educ":11.9,"educ_score":593.3,"hacin":1.364,"hacin_class":"Hacinamiento Leve","hacin_score":773.7,"auto_score":83.3,"n_per":15,"n_hog":5,"source_year":2024},"geometry":{"type":"Polygon","coordinates":[[[-71.6191021829999,-33.4994790601311],[-71.6195639159999,-33.4991137971311],[-71.6185753209999,-33.4985681801312],[-71.618475885,-33.4987109341311],[-71.6191021829999,-33.4994790601311]]]}},{"type":"Feature","properties":{"id":"5605021003059","commune":"El Tabo","code":"05605","gse":"D","quintil":"Q2","nse_score":653.6,"educ":12.5,"educ_score":633.3,"hacin":1.667,"hacin_class":"Hacinamiento Medio","hacin_score":709.2,"auto_score":312.5,"n_per":25,"n_hog":9,"source_year":2024},"geometry":{"type":"Polygon","coordinates":[[[-71.6205367139999,-33.4999617041311],[-71.6210049939999,-33.4997233881311],[-71.6202568309999,-33.4988513331311],[-71.6199720419999,-33.4992732931311],[-71.6205367139999,-33.4999617041311]]]}},{"type":"Feature","properties":{"id":"5605021003064","commune":"El Tabo","code":"05605","gse":"C2","quintil":"Q4","nse_score":750.2,"educ":14.1,"educ_score":740.0,"hacin":1.444,"hacin_class":"Hacinamiento Leve","hacin_score":756.5,"auto_score":181.8,"n_per":26,"n_hog":9,"source_year":2024},"geometry":{"type":"Polygon","coordinates":[[[-71.622532626,-33.5007629771311],[-71.6228836129999,-33.5006662331311],[-71.6223318399999,-33.4992451541311],[-71.6216151929999,-33.4994950251311],[-71.622532626,-33.5007629771311]]]}},{"type":"Feature","properties":{"id":"5605021003067","commune":"El Tabo","code":"05605","gse":"C1","quintil":"Q5","nse_score":802.3,"educ":13.2,"educ_score":680.0,"hacin":1.0,"hacin_class":"Hacinamiento Leve","hacin_score":851.1,"auto_score":187.5,"n_per":17,"n_hog":9,"source_year":2024},"geometry":{"type":"Polygon","coordinates":[[[-71.6241907669999,-33.4994144091311],[-71.6237279529999,-33.5002827771311],[-71.6239226679999,-33.5009545381311],[-71.6237540149999,-33.5011460041311],[-71.6226653999999,-33.5013021571311],[-71.6219488679999,-33.5015052241311],[-71.621971717,-33.5016430501311],[-71.6214773229999,-33.5014656261311],[-71.6202924469999,-33.5014254661311],[-71.6184741609999,-33.5021763551311],[-71.618184159,-33.5028896921311],[-71.617552283,-33.5031118211311],[-71.6173861919999,-33.503906043131],[-71.6170246969999,-33.504211180131],[-71.6167896339999,-33.504680659131],[-71.6161046349999,-33.505036631131],[-71.6154182059999,-33.505932338131],[-71.6163516499999,-33.506353477131],[-71.6163817059999,-33.5059876881311],[-71.6173235809999,-33.505318095131],[-71.6174243069999,-33.5047512611311],[-71.6176954689999,-33.5044110911311],[-71.6196055229999,-33.5024271231311],[-71.6203748839999,-33.5018982221311],[-71.6210970609999,-33.5018664881311],[-71.6215121279999,-33.5021756901311],[-71.6217302389999,-33.5019216161311],[-71.6219567319999,-33.5020538831311],[-71.6227788739999,-33.5019734211311],[-71.6230542319999,-33.5015563961311],[-71.6234536219999,-33.5016712921311],[-71.6235770999999,-33.5015343531311],[-71.6238447369999,-33.5017287951311],[-71.6243278349999,-33.5013649311311],[-71.6242776019999,-33.5005682821311],[-71.6249306029999,-33.5003049841311],[-71.6253739079999,-33.5002489841311],[-71.626072845,-33.5010729941311],[-71.6270088859999,-33.5012971111311],[-71.6271552899999,-33.5012693341311],[-71.6271403449999,-33.5010996921311],[-71.6272982539999,-33.5010195851311],[-71.6277733969999,-33.5012589581311],[-71.6280169049999,-33.5011962231311],[-71.628503786,-33.5007418011311],[-71.6288119079999,-33.5007599321311],[-71.6289587599999,-33.5003897761311],[-71.6286840509999,-33.4996766151311],[-71.6271515109999,-33.4998813751311],[-71.6278206269999,-33.5004804321311],[-71.6277809489999,-33.5005073701311],[-71.6271099809999,-33.4999501051311],[-71.6263236899999,-33.5000085391311],[-71.6255369269999,-33.4998451621311],[-71.6254754169999,-33.4999743381311],[-71.6264531329999,-33.5008904481311],[-71.6254635179999,-33.4999928571311],[-71.6243783199999,-33.4996426891311],[-71.6241907669999,-33.4994144091311]]]}},{"type":"Feature","properties":{"id":"5605021003068","commune":"El Tabo","code":"05605","gse":"C1","quintil":"Q5","nse_score":812.3,"educ":14.4,"educ_score":760.0,"hacin":1.065,"hacin_class":"Hacinamiento Leve","hacin_score":837.3,"auto_score":321.4,"n_per":33,"n_hog":14,"source_year":2024},"geometry":{"type":"Polygon","coordinates":[[[-71.62153416,-33.5003525561311],[-71.62107427,-33.4998118871311],[-71.620616992,-33.5000224401311],[-71.6209389509999,-33.5004358211311],[-71.6209997969999,-33.5009930871311],[-71.6224028939999,-33.5007891501311],[-71.621488714,-33.4995602191311],[-71.6211103009999,-33.4997897381311],[-71.62153416,-33.5003525561311]]]}},{"type":"Feature","properties":{"id":"5605021003070","commune":"El Tabo","code":"05605","gse":"C3","quintil":"Q3","nse_score":715.8,"educ":11.9,"educ_score":593.3,"hacin":1.35,"hacin_class":"Hacinamiento Leve","hacin_score":776.6,"auto_score":90.9,"n_per":27,"n_hog":11,"source_year":2024},"geometry":{"type":"Polygon","coordinates":[[[-71.6193744599999,-33.5010003881311],[-71.6208921289999,-33.5009912341311],[-71.6209081569999,-33.5005440301311],[-71.6198832289999,-33.5003935111311],[-71.6192410119999,-33.4997538831311],[-71.6189064869999,-33.4997731071311],[-71.6183982299999,-33.5006031551311],[-71.6193744599999,-33.5010003881311]]]}},{"type":"Feature","properties":{"id":"5605021003073","commune":"El Tabo","code":"05605","gse":"C2","quintil":"Q3","nse_score":739.4,"educ":12.9,"educ_score":660.0,"hacin":0.947,"hacin_class":"Sin Hacinamiento","hacin_score":862.3,"auto_score":41.7,"n_per":18,"n_hog":11,"source_year":2024},"geometry":{"type":"Polygon","coordinates":[[[-71.6229578729999,-33.5007421891311],[-71.6215254639999,-33.5010203031311],[-71.6202393899999,-33.5010701821311],[-71.6195012819999,-33.5012557261311],[-71.6197324629999,-33.5015982381311],[-71.6203120089999,-33.5013858391311],[-71.6219892239999,-33.5014522891311],[-71.623681314,-33.5011156151311],[-71.6238715289999,-33.5009466931311],[-71.6236657119999,-33.5003997411311],[-71.6229578729999,-33.5007421891311]]]}},{"type":"Feature","properties":{"id":"5605021003036","commune":"El Tabo","code":"05605","gse":"C3","quintil":"Q2","nse_score":697.6,"educ":11.9,"educ_score":593.3,"hacin":1.444,"hacin_class":"Hacinamiento Leve","hacin_score":756.5,"auto_score":83.3,"n_per":13,"n_hog":5,"source_year":2024},"geometry":{"type":"MultiPolygon","coordinates":[[[[-71.6272473659999,-33.4982719111311],[-71.6280509239999,-33.4975686901311],[-71.6280455099999,-33.4973896451312],[-71.6276140549999,-33.4973610201311],[-71.6270637989999,-33.4979260181311],[-71.6272473659999,-33.4982719111311]]],[[[-71.6278340819999,-33.4973353261311],[-71.6283067399999,-33.4973229421311],[-71.6286392409999,-33.4970853851312],[-71.6282729739999,-33.4968097411312],[-71.6278340819999,-33.4973353261311]]]]}},{"type":"Feature","properties":{"id":"5605021003027","commune":"El Tabo","code":"05605","gse":"C3","quintil":"Q3","nse_score":714.7,"educ":11.5,"educ_score":566.7,"hacin":1.429,"hacin_class":"Hacinamiento Leve","hacin_score":759.9,"auto_score":0.0,"n_per":10,"n_hog":5,"source_year":2024},"geometry":{"type":"MultiPolygon","coordinates":[[[[-71.6210372749999,-33.4964837161312],[-71.6212936249999,-33.4965743821312],[-71.6216735539999,-33.4957813571312],[-71.6214075599999,-33.4956922491312],[-71.6210372749999,-33.4964837161312]]],[[[-71.6207595719999,-33.4963813201312],[-71.6210117949999,-33.4964422991312],[-71.6213678779999,-33.4956619601312],[-71.621109998,-33.4955740331312],[-71.6207595719999,-33.4963813201312]]]]}},{"type":"Feature","properties":{"id":"5605021003050","commune":"El Tabo","code":"05605","gse":"C3","quintil":"Q2","nse_score":688.0,"educ":14.0,"educ_score":733.3,"hacin":1.167,"hacin_class":"Hacinamiento Leve","hacin_score":815.6,"auto_score":0.0,"n_per":7,"n_hog":5,"source_year":2024},"geometry":{"type":"MultiPolygon","coordinates":[[[[-71.6255514919999,-33.4998078211311],[-71.6263364359999,-33.4999757511311],[-71.6264496419999,-33.4998508431311],[-71.6256250399999,-33.4996608861311],[-71.6255514919999,-33.4998078211311]]],[[[-71.6256323399999,-33.4996443971311],[-71.6269560839999,-33.4998352001311],[-71.6260020739999,-33.4989113151311],[-71.6256323399999,-33.4996443971311]]],[[[-71.6248156319999,-33.4982866031311],[-71.6242740339999,-33.4994385161311],[-71.6244095759999,-33.4996184871311],[-71.6254118529999,-33.5000086391311],[-71.6259456169999,-33.4988756411311],[-71.6249782229999,-33.4984265411311],[-71.62527725,-33.4985052901312],[-71.6254091509999,-33.4977887801312],[-71.6248156319999,-33.4982866031311]]]]}},{"type":"Feature","properties":{"id":"5605021003033","commune":"El Tabo","code":"05605","gse":"C3","quintil":"Q3","nse_score":719.1,"educ":13.1,"educ_score":673.3,"hacin":1.4,"hacin_class":"Hacinamiento Leve","hacin_score":766.0,"auto_score":100.0,"n_per":14,"n_hog":4,"source_year":2024},"geometry":{"type":"MultiPolygon","coordinates":[[[[-71.6270817209999,-33.4971960571311],[-71.6273925839999,-33.4972176851312],[-71.6276406699999,-33.4967878791312],[-71.6272518399999,-33.4965550481312],[-71.6270754149999,-33.4968480901312],[-71.6270817209999,-33.4971960571311]]],[[[-71.6277224509999,-33.4967736221311],[-71.627940055,-33.4965228031312],[-71.6275907859999,-33.4962985401312],[-71.6273214259999,-33.4964888901312],[-71.6277224509999,-33.4967736221311]]]]}},{"type":"Feature","properties":{"id":"5605021003006","commune":"El Tabo","code":"05605","gse":"C3","quintil":"Q3","nse_score":718.7,"educ":12.6,"educ_score":640.0,"hacin":1.098,"hacin_class":"Hacinamiento Leve","hacin_score":830.3,"auto_score":90.9,"n_per":45,"n_hog":21,"source_year":2024},"geometry":{"type":"MultiPolygon","coordinates":[[[[-71.6202996099999,-33.4962625081311],[-71.6207272159999,-33.4954352751311],[-71.6203875759999,-33.4952739471312],[-71.6199769379999,-33.4961374071312],[-71.6202996099999,-33.4962625081311]]],[[[-71.6190352639999,-33.4931868861312],[-71.6182188469999,-33.4943524451312],[-71.622010541,-33.4958553461312],[-71.6225478259999,-33.4949424211312],[-71.6221919219999,-33.4947950121312],[-71.6217429459999,-33.4957144571312],[-71.6218363389999,-33.4953694411312],[-71.6215064219999,-33.4952653011312],[-71.6213942889999,-33.4954351681311],[-71.6214752489999,-33.4952514661312],[-71.6211433289999,-33.4951327111312],[-71.6210500359999,-33.4952962731312],[-71.6211235419999,-33.4951256311312],[-71.6208165119999,-33.4950157811312],[-71.6207145659999,-33.4952047581312],[-71.6207776559999,-33.4950021091312],[-71.6204899529999,-33.4948954621312],[-71.6203274369999,-33.4950519001312],[-71.6209618689999,-33.4943540061312],[-71.6206846999999,-33.4942404041312],[-71.620536995,-33.4943517241312],[-71.6195671779999,-33.4939986061312],[-71.619457613,-33.4942537731312],[-71.6196972879999,-33.4943614401312],[-71.6194358219999,-33.4942961081312],[-71.6193368799999,-33.4945848721312],[-71.6199079539999,-33.4947821571312],[-71.6200612629999,-33.4945115681312],[-71.6199358469999,-33.4944320861312],[-71.620089301,-33.4944852081312],[-71.6199012879999,-33.4948161191312],[-71.6187431459999,-33.4944009471312],[-71.6192909999999,-33.4945294751312],[-71.6193847619999,-33.4942601461312],[-71.6188876589999,-33.4940935041312],[-71.6194185139999,-33.4942320531312],[-71.6195202019999,-33.4939706111312],[-71.6191402309999,-33.4937998811312],[-71.6197019159999,-33.4939409981312],[-71.6198025059999,-33.4937069571312],[-71.6193500729999,-33.4935554771312],[-71.6192341259999,-33.4936626121312],[-71.6194841059999,-33.4932192661312],[-71.6190352639999,-33.4931868861312]]]]}},{"type":"Feature","properties":{"id":"5605021003055","commune":"El Tabo","code":"05605","gse":"C3","quintil":"Q2","nse_score":681.7,"educ":11.8,"educ_score":586.7,"hacin":0.933,"hacin_class":"Sin Hacinamiento","hacin_score":865.2,"auto_score":187.5,"n_per":14,"n_hog":6,"source_year":2024},"geometry":{"type":"MultiPolygon","coordinates":[[[[-71.6198818749999,-33.5003444381311],[-71.6205075929999,-33.5000250161311],[-71.6198924749999,-33.4992979141311],[-71.619337647,-33.4997836951311],[-71.6198818749999,-33.5003444381311]]],[[[-71.6186624129999,-33.4985140741311],[-71.6198405449999,-33.4992073761311],[-71.6200123519999,-33.4990093581312],[-71.6187540419999,-33.4982988901311],[-71.6186624129999,-33.4985140741311]]]]}},{"type":"Feature","properties":{"id":"5605021003048","commune":"El Tabo","code":"05605","gse":"C2","quintil":"Q3","nse_score":733.9,"educ":13.0,"educ_score":666.7,"hacin":1.0,"hacin_class":"Hacinamiento Leve","hacin_score":851.1,"auto_score":107.1,"n_per":79,"n_hog":37,"source_year":2024},"geometry":{"type":"MultiPolygon","coordinates":[[[[-71.630307748,-33.4998720551311],[-71.6307271549999,-33.4997557171311],[-71.6312722929999,-33.4992597611311],[-71.6309002809999,-33.4990094591311],[-71.6301153359999,-33.4996839011311],[-71.630307748,-33.4998720551311]]],[[[-71.6260096099999,-33.4987886881311],[-71.6270595039999,-33.4998259151311],[-71.6287676249999,-33.4996591821311],[-71.629010375,-33.5003944301311],[-71.6296237299999,-33.5008797571311],[-71.6300342599999,-33.5010382551311],[-71.6299106749999,-33.5012793711311],[-71.6300490549999,-33.5014189781311],[-71.6303642519999,-33.5013464921311],[-71.6307631519999,-33.5014449271311],[-71.6311676099999,-33.5017269081311],[-71.6317659329999,-33.5017114501311],[-71.6320167409999,-33.5018897841311],[-71.6322719169999,-33.5017801911311],[-71.6326712519999,-33.5021088771311],[-71.6325556229999,-33.5023964291311],[-71.63263065,-33.5027128211311],[-71.6330078809999,-33.5029597381311],[-71.6334290809999,-33.5028219401311],[-71.6342552009999,-33.5028728981311],[-71.6347079369999,-33.5026960471311],[-71.6348378089999,-33.5024633181311],[-71.6337442499999,-33.5013775341311],[-71.6337504569999,-33.5011712431311],[-71.6313486569999,-33.4993120851311],[-71.6305130759999,-33.5000057251311],[-71.6300651669999,-33.4997177451311],[-71.6298267849999,-33.4998689461311],[-71.6308794679999,-33.4989384431311],[-71.6294551779999,-33.4977787201311],[-71.6290962319999,-33.4980629591311],[-71.629435655,-33.4983689041312],[-71.6290322839999,-33.4981112901311],[-71.6287930009999,-33.4983355771311],[-71.6291025929999,-33.4985821351311],[-71.6287688079999,-33.4983595771311],[-71.6285446139999,-33.4985678851311],[-71.6288147659999,-33.4988492061311],[-71.6284901609999,-33.4986212331311],[-71.6281996909999,-33.4989040171311],[-71.6283641229999,-33.4990884171311],[-71.6281724649999,-33.4989306901311],[-71.6279059869999,-33.4990798741311],[-71.6271434179999,-33.4982740321311],[-71.6268510699999,-33.4974328361311],[-71.6262250259999,-33.4975680441311],[-71.6260096099999,-33.4987886881311]]]]}},{"type":"Feature","properties":{"id":"5605021003037","commune":"El Tabo","code":"05605","gse":"C3","quintil":"Q3","nse_score":701.4,"educ":12.0,"educ_score":600.0,"hacin":1.296,"hacin_class":"Hacinamiento Leve","hacin_score":788.0,"auto_score":125.0,"n_per":70,"n_hog":31,"source_year":2024},"geometry":{"type":"MultiPolygon","coordinates":[[[[-71.6172832089999,-33.4971008341311],[-71.616559461,-33.4980228751311],[-71.6171137509999,-33.4982577141311],[-71.6176935489999,-33.4975628521311],[-71.6171726359999,-33.4982748081312],[-71.6176636669999,-33.4985837601311],[-71.6181598569999,-33.4980257231311],[-71.6187192559999,-33.4982685971311],[-71.6189583359999,-33.4979701221311],[-71.6172832089999,-33.4971008341311]]],[[[-71.6183173139999,-33.4975316501311],[-71.6186814019999,-33.4977051711311],[-71.6192264609999,-33.4970326051312],[-71.6189019879999,-33.4968685451312],[-71.6183173139999,-33.4975316501311]]]]}},{"type":"Feature","properties":{"id":"5605021003011","commune":"El Tabo","code":"05605","gse":"C3","quintil":"Q3","nse_score":703.7,"educ":13.3,"educ_score":686.7,"hacin":1.15,"hacin_class":"Hacinamiento Leve","hacin_score":819.1,"auto_score":125.0,"n_per":23,"n_hog":11,"source_year":2024},"geometry":{"type":"MultiPolygon","coordinates":[[[[-71.6215218589999,-33.4948806201312],[-71.6212953119999,-33.4948385951312],[-71.6211776569999,-33.4951066521312],[-71.621878465,-33.4953371481311],[-71.6219875899999,-33.4950676211312],[-71.6217851249999,-33.4949638421312],[-71.6220242589999,-33.4950393371311],[-71.6221501449999,-33.4947812421312],[-71.621483597,-33.4945301021312],[-71.621324839,-33.4947869261312],[-71.6215218589999,-33.4948806201312]]],[[[-71.6216495239999,-33.4941783981312],[-71.6213226869999,-33.4940806341312],[-71.6211909489999,-33.4943652621311],[-71.6220694229999,-33.4946848711312],[-71.6222471149999,-33.4943944371312],[-71.6219335669999,-33.4942593521311],[-71.6222597849999,-33.4943684011312],[-71.6223882599999,-33.4941031671312],[-71.6214708379999,-33.4937666701312],[-71.6213403919999,-33.4940303341312],[-71.6216495239999,-33.4941783981312]]]]}},{"type":"Feature","properties":{"id":"5605021003038","commune":"El Tabo","code":"05605","gse":"C2","quintil":"Q4","nse_score":777.3,"educ":13.2,"educ_score":680.0,"hacin":1.0,"hacin_class":"Hacinamiento Leve","hacin_score":851.1,"auto_score":166.7,"n_per":12,"n_hog":6,"source_year":2024},"geometry":{"type":"MultiPolygon","coordinates":[[[[-71.6255350759999,-33.4976608911312],[-71.6261283359999,-33.4975272761311],[-71.6262108899999,-33.4971333321311],[-71.625680471,-33.4970479871311],[-71.6255350759999,-33.4976608911312]]],[[[-71.6252614409999,-33.4969253641312],[-71.6246742049999,-33.4973044041311],[-71.6252668939999,-33.4977957561312],[-71.625529808,-33.4973944971312],[-71.6252349559999,-33.4971982511311],[-71.6255416339999,-33.4973721341311],[-71.6256309369999,-33.4970176151312],[-71.6252614409999,-33.4969253641312]]]]}},{"type":"Feature","properties":{"id":"5605021003017","commune":"El Tabo","code":"05605","gse":"C3","quintil":"Q3","nse_score":721.2,"educ":12.9,"educ_score":660.0,"hacin":1.413,"hacin_class":"Hacinamiento Leve","hacin_score":763.1,"auto_score":173.9,"n_per":106,"n_hog":39,"source_year":2024},"geometry":{"type":"MultiPolygon","coordinates":[[[[-71.6189850099999,-33.4979108581312],[-71.6195524859999,-33.4972481141311],[-71.6195441249999,-33.4972153411312],[-71.6192671269999,-33.4970770491311],[-71.6187074529999,-33.4977540421311],[-71.6189850099999,-33.4979108581312]]],[[[-71.6181507199999,-33.4943969061312],[-71.6171097239999,-33.4957682711311],[-71.6170938309999,-33.4960988411312],[-71.6173723519999,-33.4970028341312],[-71.6182491859999,-33.4975049801311],[-71.6188897419999,-33.4968363791312],[-71.6195838289999,-33.4971938881311],[-71.6195954719999,-33.4972586061311],[-71.6187929209999,-33.4982338011311],[-71.6191404419999,-33.4984412261311],[-71.6200114339999,-33.4974460511311],[-71.6194377819999,-33.4981903861311],[-71.6197284609999,-33.4983732001311],[-71.6194233939999,-33.4982126321311],[-71.6192105999999,-33.4984596351312],[-71.6200606129999,-33.4989627651311],[-71.6213656159999,-33.4973009961311],[-71.6220367929999,-33.4959347221312],[-71.6217132359999,-33.4958116451312],[-71.6212238929999,-33.4967260871312],[-71.6212687749999,-33.4966073901312],[-71.6206912389999,-33.4963651721312],[-71.6210773029999,-33.4955611911311],[-71.6207988689999,-33.4954344491312],[-71.6203808169999,-33.4963027171312],[-71.619956967,-33.4961749901312],[-71.6197281199999,-33.4966751831311],[-71.6199176519999,-33.4961568741312],[-71.6197478019999,-33.4960955041312],[-71.6199299559999,-33.4961363131312],[-71.6200638649999,-33.4958627961312],[-71.6198785489999,-33.4957706241312],[-71.620072735,-33.4958355401311],[-71.6202066439999,-33.4955620231312],[-71.6200450299999,-33.4955058921312],[-71.620212449,-33.4955402451312],[-71.6203487599999,-33.4952592481312],[-71.6191991939999,-33.4948294821312],[-71.6190102579999,-33.4950459651312],[-71.6196065569999,-33.4953216301312],[-71.6189883909999,-33.4950707901312],[-71.6186493669999,-33.4954528561312],[-71.6193487989999,-33.4957737111311],[-71.6186241899999,-33.4954750431312],[-71.6184728449999,-33.4957597551312],[-71.6186510559999,-33.4959914811311],[-71.6192891459999,-33.4963136331312],[-71.6186193389999,-33.4960111001311],[-71.6184883419999,-33.4958988291312],[-71.6184434299999,-33.4956412761312],[-71.6187151419999,-33.4952768741312],[-71.6183252259999,-33.4950956411311],[-71.6187385419999,-33.4952493111312],[-71.6189165049999,-33.4950438881312],[-71.6184157959999,-33.4948311631312],[-71.6189398229999,-33.4950136201312],[-71.6191165219999,-33.4947662671312],[-71.6181507199999,-33.4943969061312]]]]}},{"type":"Feature","properties":{"id":"5605021004001","commune":"El Tabo","code":"05605","gse":"E","quintil":"Q1","nse_score":613.7,"educ":10.2,"educ_score":480.0,"hacin":1.265,"hacin_class":"Hacinamiento Leve","hacin_score":794.7,"auto_score":229.2,"n_per":43,"n_hog":18,"source_year":2024},"geometry":{"type":"Polygon","coordinates":[[[-71.5991026909999,-33.4932835231312],[-71.5984149249999,-33.4941167481312],[-71.5982686549999,-33.4945165221311],[-71.5983922699999,-33.4946807241312],[-71.5984538439999,-33.4954187451312],[-71.5989916059999,-33.4961963591312],[-71.5992645119999,-33.4969389591311],[-71.5990337889999,-33.4976362501311],[-71.5970403709999,-33.4966976371312],[-71.5951152759999,-33.4961801171312],[-71.5951695139999,-33.4965007941311],[-71.5949757599999,-33.4969428931311],[-71.5939003649999,-33.4971034821312],[-71.5946418479999,-33.4974082891312],[-71.5954471429999,-33.4981029501311],[-71.5959314929999,-33.4983256841311],[-71.5964224839999,-33.4975674581311],[-71.5956072799999,-33.4969503121312],[-71.5954571139999,-33.4967183991311],[-71.5964561709999,-33.4975582001312],[-71.5963406669999,-33.4977466791311],[-71.597552575,-33.4982872171311],[-71.5963212039999,-33.4977910991311],[-71.5959910679999,-33.4983197271312],[-71.598379082,-33.4994310261311],[-71.5988972779999,-33.4986887821311],[-71.5987745969999,-33.4984068931311],[-71.5989146979999,-33.4982169301311],[-71.5988271819999,-33.4984134221311],[-71.5989283259999,-33.4986423111311],[-71.5993849809999,-33.4983268171312],[-71.5995388709999,-33.4980368271312],[-71.5992979889999,-33.4978395171311],[-71.5992702199999,-33.4977468221311],[-71.5999961959999,-33.4968398741311],[-71.5993533959999,-33.4964537891311],[-71.5993258359999,-33.4961775521312],[-71.5993780399999,-33.4961212971312],[-71.5997822589999,-33.4960747471312],[-71.6005744789999,-33.4955276201312],[-71.6000074989999,-33.4950087341312],[-71.599768331,-33.4951682561312],[-71.599622242,-33.4951390311312],[-71.5990595479999,-33.4945456211312],[-71.5996509209999,-33.4951117791312],[-71.6000234229999,-33.4949714851312],[-71.6006186109999,-33.4954574751312],[-71.6005809069999,-33.4956275381312],[-71.5998059159999,-33.4961049111311],[-71.5993657139999,-33.4961918851311],[-71.5993874469999,-33.4964316091312],[-71.5999966259999,-33.4967079891312],[-71.6000395769999,-33.4968450771312],[-71.5993130719999,-33.4977552991311],[-71.599583391,-33.4980333331311],[-71.5994234409999,-33.4983429761311],[-71.5990351209999,-33.4986163621311],[-71.6006375099999,-33.4990696071312],[-71.6038066199999,-33.4977636481311],[-71.6022659699999,-33.4973530051311],[-71.6019552049999,-33.4971823761311],[-71.6016112699999,-33.4967186001312],[-71.6007290619999,-33.4960261861312],[-71.6006410439999,-33.4957538201312],[-71.600760153,-33.4958387621312],[-71.6007424389999,-33.4960168611311],[-71.6016334679999,-33.4967130241311],[-71.6019579289999,-33.4971601741311],[-71.602345968,-33.4973538791311],[-71.6012252189999,-33.4962514481312],[-71.601023155,-33.4957497691312],[-71.6011726419999,-33.4951512741312],[-71.6003934369999,-33.4943376601312],[-71.5991026909999,-33.4932835231312]]]}},{"type":"Feature","properties":{"id":"5605021004011","commune":"El Tabo","code":"05605","gse":"C2","quintil":"Q4","nse_score":768.3,"educ":13.8,"educ_score":720.0,"hacin":1.0,"hacin_class":"Hacinamiento Leve","hacin_score":851.1,"auto_score":0.0,"n_per":10,"n_hog":4,"source_year":2024},"geometry":{"type":"Polygon","coordinates":[[[-71.5933765189999,-33.5046259051311],[-71.5948266119999,-33.506639003131],[-71.5954219749999,-33.506609825131],[-71.5942483839999,-33.504996296131],[-71.5933765189999,-33.5046259051311]]]}},{"type":"Feature","properties":{"id":"5605021004021","commune":"El Tabo","code":"05605","gse":"D","quintil":"Q1","nse_score":635.6,"educ":10.4,"educ_score":493.3,"hacin":1.359,"hacin_class":"Hacinamiento Leve","hacin_score":774.8,"auto_score":152.2,"n_per":360,"n_hog":128,"source_year":2024},"geometry":{"type":"Polygon","coordinates":[[[-71.6031061159999,-33.508432521131],[-71.6046730209999,-33.508829848131],[-71.6051479199999,-33.508769755131],[-71.6051905799999,-33.508667181131],[-71.6050189929999,-33.508576483131],[-71.60569842,-33.508767011131],[-71.6052702619999,-33.508684661131],[-71.6052070009999,-33.508862820131],[-71.6046666949999,-33.508853559131],[-71.6031309099999,-33.508496838131],[-71.6030348619999,-33.508696315131],[-71.6057695679999,-33.509321049131],[-71.6030734999999,-33.508752972131],[-71.6029199889999,-33.509148169131],[-71.6061989959999,-33.509914699131],[-71.6029266759999,-33.509195182131],[-71.6028352209999,-33.509606758131],[-71.6057948939999,-33.5102827561309],[-71.6028148319999,-33.509630763131],[-71.6026762589999,-33.510046421131],[-71.6060013549999,-33.510823029131],[-71.6026628459999,-33.510099598131],[-71.6025703699999,-33.510467492131],[-71.6058632779999,-33.511270622131],[-71.6025588329999,-33.510516166131],[-71.6025420779999,-33.510712762131],[-71.6033083009999,-33.510898745131],[-71.6033251899999,-33.5109887381309],[-71.6025257709999,-33.510736881131],[-71.6023707549999,-33.5113416641309],[-71.6032311569999,-33.511544688131],[-71.6038374889999,-33.511793469131],[-71.6024031659999,-33.511381401131],[-71.6022527539999,-33.511771560131],[-71.604821549,-33.512370196131],[-71.6022363849999,-33.5118337521309],[-71.6021734089999,-33.512240371131],[-71.6037964099999,-33.5126197461309],[-71.6021262129999,-33.5122681841309],[-71.6020582589999,-33.5126719371309],[-71.6034848659999,-33.512997331131],[-71.6020244629999,-33.5127017041309],[-71.6018797409999,-33.5133931681309],[-71.6032133839999,-33.5136663281309],[-71.6034279009999,-33.513149159131],[-71.6032635629999,-33.513676657131],[-71.6038381549999,-33.5137655831309],[-71.6041508899999,-33.5132062651309],[-71.6047467449999,-33.5132115141309],[-71.6049469239999,-33.5126490211309],[-71.6048046629999,-33.5132547611309],[-71.6053187859999,-33.513405991131],[-71.6056172789999,-33.5128572381309],[-71.6053763579999,-33.513427915131],[-71.6058522689999,-33.5135340871309],[-71.6060818169999,-33.5129284851309],[-71.606463415,-33.512397742131],[-71.6056693499999,-33.5123385221309],[-71.6057090439999,-33.5120233191309],[-71.6057793489999,-33.512322224131],[-71.6065000649999,-33.512321875131],[-71.6070319579999,-33.511414461131],[-71.6064804389999,-33.511038735131],[-71.6061270799999,-33.511729372131],[-71.6065273069999,-33.510910283131],[-71.6070291319999,-33.509265060131],[-71.6064368879999,-33.509049128131],[-71.6070762329999,-33.509193337131],[-71.6087636809999,-33.506984281131],[-71.6077482239999,-33.506967360131],[-71.6071789729999,-33.507517201131],[-71.6070109209999,-33.507544317131],[-71.6052815029999,-33.506771733131],[-71.6046023759999,-33.506690459131],[-71.6044220169999,-33.507204921131],[-71.6046215779999,-33.507702073131],[-71.6049874979999,-33.507737240131],[-71.6052943129999,-33.508027120131],[-71.605495904,-33.508294986131],[-71.6060522359999,-33.508521836131],[-71.6059551879999,-33.508549972131],[-71.6054828989999,-33.508306442131],[-71.6049614869999,-33.507760153131],[-71.6045748859999,-33.507703055131],[-71.60438597,-33.507412556131],[-71.60437687,-33.5071089561311],[-71.6045219519999,-33.506665040131],[-71.6036051009999,-33.506593330131],[-71.6031061159999,-33.508432521131]]]}},{"type":"Feature","properties":{"id":"5605021004023","commune":"El Tabo","code":"05605","gse":"C3","quintil":"Q3","nse_score":723.8,"educ":11.5,"educ_score":566.7,"hacin":1.353,"hacin_class":"Hacinamiento Leve","hacin_score":776.0,"auto_score":214.3,"n_per":46,"n_hog":14,"source_year":2024},"geometry":{"type":"Polygon","coordinates":[[[-71.6092008539999,-33.506649154131],[-71.6081061049999,-33.508064877131],[-71.6086427199999,-33.508382745131],[-71.6094162799999,-33.507469130131],[-71.6086852519999,-33.508415083131],[-71.6090166769999,-33.508631240131],[-71.6102707389999,-33.507110867131],[-71.6092008539999,-33.506649154131]]]}},{"type":"Feature","properties":{"id":"5605021004030","commune":"El Tabo","code":"05605","gse":"C2","quintil":"Q4","nse_score":756.6,"educ":14.3,"educ_score":753.3,"hacin":1.0,"hacin_class":"Hacinamiento Leve","hacin_score":851.1,"auto_score":0.0,"n_per":6,"n_hog":4,"source_year":2024},"geometry":{"type":"Polygon","coordinates":[[[-71.6091414729999,-33.508647805131],[-71.6102339879999,-33.509039068131],[-71.6104678799999,-33.508498277131],[-71.6096540949999,-33.507977974131],[-71.6091414729999,-33.508647805131]]]}},{"type":"Feature","properties":{"id":"5605021004031","commune":"El Tabo","code":"05605","gse":"C2","quintil":"Q4","nse_score":762.9,"educ":13.0,"educ_score":666.7,"hacin":1.143,"hacin_class":"Hacinamiento Leve","hacin_score":820.7,"auto_score":0.0,"n_per":8,"n_hog":4,"source_year":2024},"geometry":{"type":"Polygon","coordinates":[[[-71.6103142439999,-33.509104558131],[-71.6108216569999,-33.509341793131],[-71.6109714709999,-33.509180275131],[-71.6113361699999,-33.509306948131],[-71.6114597949999,-33.509163577131],[-71.6114789199999,-33.508910440131],[-71.6108863069999,-33.507998383131],[-71.6103142439999,-33.509104558131]]]}},{"type":"Feature","properties":{"id":"5605021004032","commune":"El Tabo","code":"05605","gse":"C3","quintil":"Q2","nse_score":698.2,"educ":11.6,"educ_score":573.3,"hacin":1.257,"hacin_class":"Hacinamiento Leve","hacin_score":796.4,"auto_score":50.0,"n_per":44,"n_hog":20,"source_year":2024},"geometry":{"type":"Polygon","coordinates":[[[-71.6070598229999,-33.509349881131],[-71.6067041549999,-33.510511173131],[-71.6070789959999,-33.510223303131],[-71.6077189529999,-33.510035944131],[-71.6089883889999,-33.508668253131],[-71.6086186609999,-33.508481533131],[-71.6074842439999,-33.509659234131],[-71.6074067959999,-33.509598975131],[-71.6085703559999,-33.508454553131],[-71.6080371559999,-33.508095922131],[-71.6070598229999,-33.509349881131]]]}},{"type":"Feature","properties":{"id":"5605021004033","commune":"El Tabo","code":"05605","gse":"C2","quintil":"Q3","nse_score":740.7,"educ":12.6,"educ_score":640.0,"hacin":1.167,"hacin_class":"Hacinamiento Leve","hacin_score":815.6,"auto_score":0.0,"n_per":14,"n_hog":5,"source_year":2024},"geometry":{"type":"Polygon","coordinates":[[[-71.6011023789999,-33.508136107131],[-71.6008729919999,-33.509070846131],[-71.6027432039999,-33.509451857131],[-71.6028319349999,-33.508942565131],[-71.6010694279999,-33.508598493131],[-71.6028855159999,-33.508908771131],[-71.6029758869999,-33.508541002131],[-71.6011023789999,-33.508136107131]]]}},{"type":"Feature","properties":{"id":"5605021004034","commune":"El Tabo","code":"05605","gse":"C3","quintil":"Q3","nse_score":706.0,"educ":12.7,"educ_score":646.7,"hacin":1.517,"hacin_class":"Hacinamiento Medio","hacin_score":741.0,"auto_score":93.8,"n_per":44,"n_hog":15,"source_year":2024},"geometry":{"type":"Polygon","coordinates":[[[-71.6090653069999,-33.508710839131],[-71.607723727,-33.510194989131],[-71.6081818789999,-33.510338588131],[-71.6089414639999,-33.510854541131],[-71.6101852789999,-33.509102777131],[-71.6097934009999,-33.508940105131],[-71.6088854639999,-33.510102729131],[-71.6087490729999,-33.510012768131],[-71.6097315639999,-33.508931093131],[-71.6090653069999,-33.508710839131]]]}},{"type":"Feature","properties":{"id":"5605021004036","commune":"El Tabo","code":"05605","gse":"C3","quintil":"Q2","nse_score":681.6,"educ":11.3,"educ_score":553.3,"hacin":1.118,"hacin_class":"Hacinamiento Leve","hacin_score":826.0,"auto_score":187.5,"n_per":19,"n_hog":7,"source_year":2024},"geometry":{"type":"Polygon","coordinates":[[[-71.609308128,-33.510587466131],[-71.6098038779999,-33.510811313131],[-71.6107667309999,-33.509369021131],[-71.6102502909999,-33.509158876131],[-71.6093207649999,-33.510481103131],[-71.609308128,-33.510587466131]]]}},{"type":"Feature","properties":{"id":"5605021004037","commune":"El Tabo","code":"05605","gse":"C3","quintil":"Q3","nse_score":707.5,"educ":11.1,"educ_score":540.0,"hacin":1.105,"hacin_class":"Hacinamiento Leve","hacin_score":828.7,"auto_score":142.9,"n_per":21,"n_hog":7,"source_year":2024},"geometry":{"type":"Polygon","coordinates":[[[-71.6005732809999,-33.509686405131],[-71.6007348459999,-33.509240279131],[-71.6002788029999,-33.509156706131],[-71.6001758319999,-33.509640327131],[-71.6005732809999,-33.509686405131]]]}},{"type":"Feature","properties":{"id":"5605021004038","commune":"El Tabo","code":"05605","gse":"C3","quintil":"Q2","nse_score":699.5,"educ":12.3,"educ_score":620.0,"hacin":1.421,"hacin_class":"Hacinamiento Leve","hacin_score":761.5,"auto_score":115.4,"n_per":27,"n_hog":12,"source_year":2024},"geometry":{"type":"Polygon","coordinates":[[[-71.6106893849999,-33.5113024971309],[-71.6118628659999,-33.509611143131],[-71.6115911679999,-33.509174805131],[-71.6108520999999,-33.510102530131],[-71.6103269719999,-33.511067000131],[-71.6106893849999,-33.5113024971309]]]}},{"type":"Feature","properties":{"id":"5605021004039","commune":"El Tabo","code":"05605","gse":"C3","quintil":"Q3","nse_score":721.6,"educ":13.2,"educ_score":680.0,"hacin":1.35,"hacin_class":"Hacinamiento Leve","hacin_score":776.6,"auto_score":83.3,"n_per":27,"n_hog":12,"source_year":2024},"geometry":{"type":"Polygon","coordinates":[[[-71.6008204079999,-33.509222787131],[-71.6000749599999,-33.512118476131],[-71.601958598,-33.512523207131],[-71.6020182349999,-33.512277305131],[-71.6015056819999,-33.512142727131],[-71.6014308529999,-33.5119960721309],[-71.6011519349999,-33.511918464131],[-71.6014958799999,-33.511987509131],[-71.6016122159999,-33.5121433661309],[-71.6020305909999,-33.5122309941309],[-71.6027021089999,-33.509586193131],[-71.6008204079999,-33.509222787131]]]}},{"type":"Feature","properties":{"id":"5605021004040","commune":"El Tabo","code":"05605","gse":"C3","quintil":"Q2","nse_score":690.0,"educ":9.9,"educ_score":460.0,"hacin":1.25,"hacin_class":"Hacinamiento Leve","hacin_score":797.9,"auto_score":0.0,"n_per":10,"n_hog":6,"source_year":2024},"geometry":{"type":"Polygon","coordinates":[[[-71.609885705,-33.510783064131],[-71.6102613069999,-33.511047754131],[-71.6113095809999,-33.509345784131],[-71.6109621919999,-33.509258803131],[-71.609885705,-33.510783064131]]]}},{"type":"Feature","properties":{"id":"5605021004042","commune":"El Tabo","code":"05605","gse":"D","quintil":"Q1","nse_score":641.2,"educ":9.2,"educ_score":413.3,"hacin":1.462,"hacin_class":"Hacinamiento Leve","hacin_score":752.9,"auto_score":107.1,"n_per":38,"n_hog":14,"source_year":2024},"geometry":{"type":"Polygon","coordinates":[[[-71.60661898,-33.510779682131],[-71.6066375349999,-33.511104950131],[-71.6069148839999,-33.511261203131],[-71.6073682229999,-33.511244288131],[-71.6073930169999,-33.511015363131],[-71.6077142089999,-33.510815560131],[-71.6074301109999,-33.511020476131],[-71.6074300179999,-33.511251828131],[-71.6081390459999,-33.5116657001309],[-71.6088875969999,-33.510935248131],[-71.6081712989999,-33.510396281131],[-71.6074360399999,-33.510221678131],[-71.6069644379999,-33.510333286131],[-71.60661898,-33.510779682131]]]}},{"type":"Feature","properties":{"id":"5605021004043","commune":"El Tabo","code":"05605","gse":"C3","quintil":"Q3","nse_score":701.6,"educ":11.9,"educ_score":593.3,"hacin":1.8,"hacin_class":"Hacinamiento Medio","hacin_score":680.9,"auto_score":0.0,"n_per":9,"n_hog":6,"source_year":2024},"geometry":{"type":"Polygon","coordinates":[[[-71.6082763229999,-33.511785114131],[-71.6084789059999,-33.5119578721309],[-71.6088487239999,-33.5117827101309],[-71.6085045599999,-33.5119797481309],[-71.6087964569999,-33.5121764391309],[-71.6097572649999,-33.510899237131],[-71.6091984369999,-33.5106251431309],[-71.6082763229999,-33.511785114131]]]}},{"type":"Feature","properties":{"id":"5605021004044","commune":"El Tabo","code":"05605","gse":"D","quintil":"Q1","nse_score":647.4,"educ":10.6,"educ_score":506.7,"hacin":1.167,"hacin_class":"Hacinamiento Leve","hacin_score":815.6,"auto_score":0.0,"n_per":7,"n_hog":4,"source_year":2024},"geometry":{"type":"Polygon","coordinates":[[[-71.6091329109999,-33.512484691131],[-71.6093733479999,-33.512407418131],[-71.6101870419999,-33.511093527131],[-71.6098060559999,-33.510942414131],[-71.6088392679999,-33.512196166131],[-71.6091329109999,-33.512484691131]]]}},{"type":"Feature","properties":{"id":"5605021004045","commune":"El Tabo","code":"05605","gse":"C3","quintil":"Q2","nse_score":684.7,"educ":12.2,"educ_score":613.3,"hacin":1.25,"hacin_class":"Hacinamiento Leve","hacin_score":797.9,"auto_score":250.0,"n_per":15,"n_hog":7,"source_year":2024},"geometry":{"type":"Polygon","coordinates":[[[-71.6093635299999,-33.512549087131],[-71.6097333669999,-33.5127387501309],[-71.6106945829999,-33.511358383131],[-71.6102452119999,-33.511214607131],[-71.6093635299999,-33.512549087131]]]}},{"type":"Feature","properties":{"id":"5605021004046","commune":"El Tabo","code":"05605","gse":"C3","quintil":"Q2","nse_score":686.5,"educ":11.7,"educ_score":580.0,"hacin":1.07,"hacin_class":"Hacinamiento Leve","hacin_score":836.1,"auto_score":92.6,"n_per":61,"n_hog":27,"source_year":2024},"geometry":{"type":"Polygon","coordinates":[[[-71.6071406819999,-33.511353156131],[-71.6061404989999,-33.512924591131],[-71.6059008469999,-33.5135785701309],[-71.6064274479999,-33.5137282531309],[-71.6065545009999,-33.513376041131],[-71.6064923589999,-33.5137471631309],[-71.6075508669999,-33.5140729681309],[-71.6076584729999,-33.513902603131],[-71.6075709919999,-33.5140794891309],[-71.6080925889999,-33.5142472241309],[-71.6082081959999,-33.5140149781309],[-71.6081132599999,-33.514252390131],[-71.6087921379999,-33.5144599701309],[-71.6091271139999,-33.5144163561309],[-71.6092282299999,-33.5142787541309],[-71.6088497389999,-33.5138136631309],[-71.6069146549999,-33.512802926131],[-71.6087410709999,-33.5136998371309],[-71.6092617579999,-33.5141984861309],[-71.6101043489999,-33.5131077201309],[-71.6090960959999,-33.5125290371309],[-71.6079616409999,-33.511593902131],[-71.6074266469999,-33.511301977131],[-71.6071406819999,-33.511353156131]]]}},{"type":"Feature","properties":{"id":"5605021004012","commune":"El Tabo","code":"05605","gse":"D","quintil":"Q2","nse_score":657.6,"educ":14.6,"educ_score":773.3,"hacin":1.333,"hacin_class":"Hacinamiento Leve","hacin_score":780.1,"auto_score":71.4,"n_per":12,"n_hog":5,"source_year":2024},"geometry":{"type":"MultiPolygon","coordinates":[[[[-71.5968556239999,-33.507062690131],[-71.5971549379999,-33.507297869131],[-71.5976980629999,-33.506767142131],[-71.5973889629999,-33.506550050131],[-71.5968556239999,-33.507062690131]]],[[[-71.5961593679999,-33.507573595131],[-71.5973532249999,-33.506528334131],[-71.5971407639999,-33.506210935131],[-71.5961003079999,-33.507113304131],[-71.5961593679999,-33.507573595131]]],[[[-71.5943143539999,-33.505020723131],[-71.5960599729999,-33.507340360131],[-71.5958397899999,-33.506218482131],[-71.5956391049999,-33.505809742131],[-71.5950513429999,-33.5053650891311],[-71.5943143539999,-33.505020723131]]]]}},{"type":"Feature","properties":{"id":"5605021004013","commune":"El Tabo","code":"05605","gse":"C3","quintil":"Q2","nse_score":698.2,"educ":12.2,"educ_score":613.3,"hacin":1.289,"hacin_class":"Hacinamiento Leve","hacin_score":789.6,"auto_score":120.0,"n_per":58,"n_hog":26,"source_year":2024},"geometry":{"type":"MultiPolygon","coordinates":[[[[-71.5978947599999,-33.508004131131],[-71.5982517009999,-33.508274792131],[-71.5988455909999,-33.507684900131],[-71.5985702939999,-33.507403725131],[-71.5978947599999,-33.508004131131]]],[[[-71.5978183109999,-33.507977568131],[-71.5985292859999,-33.507367616131],[-71.5985302799999,-33.507330626131],[-71.5981437339999,-33.5071239641311],[-71.597557375,-33.507677544131],[-71.5978183109999,-33.507977568131]]],[[[-71.5975769489999,-33.506616248131],[-71.5986802499999,-33.507391661131],[-71.5992124569999,-33.508037863131],[-71.5992607859999,-33.508260022131],[-71.5983901689999,-33.508417971131],[-71.5978691679999,-33.508085794131],[-71.5967651319999,-33.507103915131],[-71.5963751639999,-33.507517450131],[-71.5970983699999,-33.508733531131],[-71.5963512139999,-33.507565016131],[-71.5961707359999,-33.507650782131],[-71.5962088839999,-33.508260294131],[-71.5966032429999,-33.508781871131],[-71.5962116949999,-33.508354362131],[-71.5962638319999,-33.508886152131],[-71.5967321609999,-33.509942097131],[-71.597712671,-33.509458481131],[-71.5990054119999,-33.509537623131],[-71.5991285009999,-33.509169155131],[-71.5986342719999,-33.509126393131],[-71.5988553259999,-33.509124790131],[-71.5989513839999,-33.508761446131],[-71.5988807289999,-33.509125775131],[-71.5991020549999,-33.509133274131],[-71.5992840029999,-33.508733208131],[-71.5991015419999,-33.509540158131],[-71.5995700529999,-33.509571313131],[-71.5996971519999,-33.508973516131],[-71.5996320869999,-33.509585192131],[-71.6000792289999,-33.509628939131],[-71.6002202769999,-33.509134084131],[-71.6007695179999,-33.509137730131],[-71.601104141,-33.507784071131],[-71.6008593179999,-33.507778587131],[-71.6005074719999,-33.508980789131],[-71.6010637049999,-33.506796583131],[-71.600809824,-33.506730561131],[-71.6008784369999,-33.505956164131],[-71.600480048,-33.5055513981311],[-71.600343086,-33.506494911131],[-71.5999412369999,-33.506472233131],[-71.5998743439999,-33.506900509131],[-71.5998841909999,-33.506465585131],[-71.5993767609999,-33.506396937131],[-71.5992839099999,-33.506784951131],[-71.5993367909999,-33.5063925041311],[-71.5985760409999,-33.506331118131],[-71.5982249749999,-33.506017737131],[-71.59764809,-33.505813704131],[-71.5969880049999,-33.505376364131],[-71.5967510399999,-33.505462631131],[-71.5975769489999,-33.506616248131]]],[[[-71.5998395919999,-33.506405357131],[-71.600319554,-33.506424079131],[-71.6004273349999,-33.5055682971311],[-71.6000501249999,-33.505139155131],[-71.5998395919999,-33.506405357131]]]]}},{"type":"Feature","properties":{"id":"5605021004008","commune":"El Tabo","code":"05605","gse":"D","quintil":"Q2","nse_score":657.5,"educ":11.7,"educ_score":580.0,"hacin":0.978,"hacin_class":"Sin Hacinamiento","hacin_score":855.8,"auto_score":46.9,"n_per":44,"n_hog":24,"source_year":2024},"geometry":{"type":"MultiPolygon","coordinates":[[[[-71.5967170149999,-33.506356412131],[-71.597082639,-33.506144530131],[-71.5966503539999,-33.505532158131],[-71.5963409639999,-33.505797433131],[-71.5967170149999,-33.506356412131]]],[[[-71.6007352789999,-33.503883983131],[-71.6006955629999,-33.505071962131],[-71.599865469,-33.504980278131],[-71.5985481729999,-33.5045445961311],[-71.5979056239999,-33.504108349131],[-71.5971050149999,-33.5038794111311],[-71.5964395479999,-33.503918760131],[-71.5959756649999,-33.504125377131],[-71.5951117079999,-33.5047134431311],[-71.5947491849999,-33.5051449581311],[-71.5956718739999,-33.5057607141311],[-71.5959668119999,-33.506456711131],[-71.5962402899999,-33.5058015921311],[-71.596915093,-33.5053100591311],[-71.5977647719999,-33.505780174131],[-71.597849445,-33.5051895191311],[-71.5978517639999,-33.505835637131],[-71.5982444069999,-33.505957870131],[-71.5983544159999,-33.505141474131],[-71.5983228559999,-33.506110371131],[-71.598734223,-33.506309079131],[-71.5988495909999,-33.505046902131],[-71.5987820829999,-33.506311927131],[-71.5992615939999,-33.506335063131],[-71.5993959889999,-33.5049826861311],[-71.5993093279999,-33.506335064131],[-71.599761843,-33.5063916501311],[-71.5998997229999,-33.505193593131],[-71.6000767149999,-33.505088377131],[-71.6012706419999,-33.506251715131],[-71.601465044,-33.506547208131],[-71.6014539039999,-33.506856596131],[-71.603342069,-33.507061672131],[-71.60336172,-33.506691213131],[-71.6029619089999,-33.506791323131],[-71.6019915429999,-33.5066552691311],[-71.6029913779999,-33.506757407131],[-71.603412208,-33.506629947131],[-71.6034026419999,-33.505879306131],[-71.6026655409999,-33.5058489201311],[-71.6028209139999,-33.506269772131],[-71.602620236,-33.505844871131],[-71.6024197059999,-33.505812095131],[-71.6033937109999,-33.505836428131],[-71.6033817889999,-33.505476000131],[-71.6027557869999,-33.505312323131],[-71.6020895379999,-33.5053599121311],[-71.6020133949999,-33.5052219041311],[-71.6016326809999,-33.505236180131],[-71.601608886,-33.505493162131],[-71.6015375029999,-33.5051838321311],[-71.6021180909999,-33.5051314841311],[-71.6021299879999,-33.505274252131],[-71.6027724429999,-33.5052385601311],[-71.6033763819999,-33.505386603131],[-71.6032915459999,-33.5046161001311],[-71.6020944329999,-33.5046254261311],[-71.6033272789999,-33.5045467151311],[-71.6035732129999,-33.502996728131],[-71.6027748839999,-33.5024326261311],[-71.6035809619999,-33.5029449651311],[-71.6037939389999,-33.5023753231311],[-71.6027999039999,-33.5016871431311],[-71.602286106,-33.5019131781311],[-71.6018261039999,-33.5015518191311],[-71.6012634009999,-33.5034779191311],[-71.6017625289999,-33.503612827131],[-71.6012500059999,-33.5035123041311],[-71.6010816619999,-33.5039444241311],[-71.6015097939999,-33.5041074221311],[-71.6008317699999,-33.5039378821311],[-71.6010197419999,-33.5039290111311],[-71.6013344769999,-33.5031211191311],[-71.601772965,-33.5015060281311],[-71.6014898429999,-33.5012655311311],[-71.6007352789999,-33.503883983131]]]]}},{"type":"Feature","properties":{"id":"5605021004041","commune":"El Tabo","code":"05605","gse":"C2","quintil":"Q4","nse_score":756.6,"educ":12.7,"educ_score":646.7,"hacin":1.429,"hacin_class":"Hacinamiento Leve","hacin_score":759.9,"auto_score":100.0,"n_per":20,"n_hog":11,"source_year":2024},"geometry":{"type":"MultiPolygon","coordinates":[[[[-71.6097829889999,-33.512750965131],[-71.6101867279999,-33.513015064131],[-71.6111520189999,-33.5115948201309],[-71.6107646939999,-33.511408479131],[-71.6105367359999,-33.511666739131],[-71.6097829889999,-33.512750965131]]],[[[-71.6111718759999,-33.511553142131],[-71.6124074219999,-33.509937099131],[-71.6119979079999,-33.509634929131],[-71.611183879,-33.510547917131],[-71.6108044949999,-33.511328067131],[-71.6111718759999,-33.511553142131]]]]}},{"type":"Feature","properties":{"id":"5605021004003","commune":"El Tabo","code":"05605","gse":"C3","quintil":"Q3","nse_score":715.8,"educ":12.2,"educ_score":613.3,"hacin":1.308,"hacin_class":"Hacinamiento Leve","hacin_score":785.6,"auto_score":217.4,"n_per":68,"n_hog":23,"source_year":2024},"geometry":{"type":"MultiPolygon","coordinates":[[[[-71.6073996389999,-33.5003172251311],[-71.6072810329999,-33.5000685701311],[-71.6071123709999,-33.5001170961311],[-71.6071797159999,-33.5002231151311],[-71.6073996389999,-33.5003172251311]]],[[[-71.6070498429999,-33.5000941691311],[-71.6072688339999,-33.5000247101311],[-71.6071246169999,-33.4997188531311],[-71.6069203679999,-33.4997834761311],[-71.6070498429999,-33.5000941691311]]],[[[-71.6038519399999,-33.4977855571311],[-71.6006420769999,-33.4991068921311],[-71.5989799669999,-33.4986387931311],[-71.5986840099999,-33.4990817521311],[-71.5990234949999,-33.4992661381311],[-71.5986626979999,-33.4991130941311],[-71.5984146659999,-33.4994525971312],[-71.5997259769999,-33.5001121861311],[-71.5998882449999,-33.4995489671311],[-71.599762472,-33.5001326701311],[-71.6015014339999,-33.5011984031311],[-71.6018324419999,-33.5008991691311],[-71.6012614789999,-33.5003366751311],[-71.6018678379999,-33.5008779491311],[-71.6029824949999,-33.4999355511311],[-71.6014720139999,-33.4993559151311],[-71.6030389339999,-33.4999103251311],[-71.6015316449999,-33.5012240661311],[-71.6023230579999,-33.5018416901311],[-71.6026160659999,-33.5016266501311],[-71.6020962829999,-33.5011880381311],[-71.6038422439999,-33.5023283271311],[-71.6056508629999,-33.5016468841311],[-71.6050487569999,-33.5010321011311],[-71.6037971069999,-33.5002803561311],[-71.6036670779999,-33.5001022001311],[-71.6050769239999,-33.5010048081311],[-71.6057259629999,-33.5016294651311],[-71.6072591069999,-33.5011642691311],[-71.6067081409999,-33.5010128571311],[-71.6069021259999,-33.5005074041311],[-71.6065800129999,-33.5003508941311],[-71.6063732229999,-33.4997816181311],[-71.6066171579999,-33.5003310181311],[-71.6069430739999,-33.5004949101311],[-71.6067476849999,-33.5009980521311],[-71.6073354219999,-33.5011406641311],[-71.6073804079999,-33.5007568811311],[-71.6072386229999,-33.5007122561311],[-71.6068580459999,-33.4997465991311],[-71.6071052639999,-33.4996082281311],[-71.6074842269999,-33.5004423631311],[-71.6074408819999,-33.5011107841311],[-71.6078870139999,-33.5009774191311],[-71.6078901239999,-33.5008916461311],[-71.6080699669999,-33.5007150491311],[-71.6079878509999,-33.5005163371311],[-71.60779729,-33.5004390641311],[-71.6077424219999,-33.5002396171311],[-71.6081033579999,-33.5006109841311],[-71.6081154479999,-33.5007297681311],[-71.6079378479999,-33.5009668261311],[-71.6086755629999,-33.5007393961311],[-71.6085205759999,-33.5005367181311],[-71.6084302329999,-33.4998422431311],[-71.6080308079999,-33.4994663691311],[-71.6084540949999,-33.4997988901311],[-71.608565413,-33.5005350361311],[-71.608740097,-33.5007118471311],[-71.6091233299999,-33.5006037791311],[-71.6086562509999,-33.4995912801311],[-71.6088294119999,-33.4999004991311],[-71.6089842509999,-33.4998520021311],[-71.6088581099999,-33.4999677561311],[-71.6092049039999,-33.5005758711311],[-71.6097456019999,-33.5004121061311],[-71.6096371629999,-33.5001674851311],[-71.6092701059999,-33.5002791031311],[-71.6096179069999,-33.5001350421311],[-71.6095545659999,-33.5000283201311],[-71.6093211829999,-33.5000948841311],[-71.6091900849999,-33.4997796861311],[-71.6093483029999,-33.5000496791311],[-71.6095765849999,-33.4999751861311],[-71.6095110979999,-33.4997577621311],[-71.6097683489999,-33.4998399301311],[-71.6096272889999,-33.4998789231311],[-71.6096584329999,-33.5001223901311],[-71.610112823,-33.4999827561311],[-71.6096776889999,-33.5001548331311],[-71.6098357659999,-33.5003863981311],[-71.6108800919999,-33.5000548801311],[-71.6106246219999,-33.4999697971311],[-71.6105061,-33.4996369641311],[-71.6100489399999,-33.4996299461311],[-71.6096280869999,-33.4993600201311],[-71.6089386859999,-33.4994006671311],[-71.6073701059999,-33.4989169961311],[-71.6069010259999,-33.4989368101311],[-71.6045536499999,-33.4979297881312],[-71.6038519399999,-33.4977855571311]]]]}},{"type":"Feature","properties":{"id":"5605021004017","commune":"El Tabo","code":"05605","gse":"D","quintil":"Q1","nse_score":644.8,"educ":10.2,"educ_score":480.0,"hacin":1.667,"hacin_class":"Hacinamiento Medio","hacin_score":709.2,"auto_score":0.0,"n_per":10,"n_hog":5,"source_year":2024},"geometry":{"type":"MultiPolygon","coordinates":[[[[-71.6014189539999,-33.506931669131],[-71.6011117289999,-33.508101067131],[-71.6029793869999,-33.508484306131],[-71.6032218269999,-33.507510522131],[-71.6016652399999,-33.507274049131],[-71.603231821,-33.507475324131],[-71.6033097579999,-33.507132437131],[-71.6014189539999,-33.506931669131]]],[[[-71.6008903069999,-33.507740908131],[-71.6011276429999,-33.507749935131],[-71.6014045539999,-33.5065908651311],[-71.6009419639999,-33.506013927131],[-71.6008566599999,-33.5067038971311],[-71.6011094339999,-33.506793519131],[-71.6008903069999,-33.507740908131]]]]}},{"type":"Feature","properties":{"id":"5605021004002","commune":"El Tabo","code":"05605","gse":"C3","quintil":"Q2","nse_score":689.0,"educ":10.6,"educ_score":506.7,"hacin":1.41,"hacin_class":"Hacinamiento Leve","hacin_score":763.9,"auto_score":95.2,"n_per":117,"n_hog":40,"source_year":2024},"geometry":{"type":"MultiPolygon","coordinates":[[[[-71.5965099869999,-33.4992163921311],[-71.5967714409999,-33.4996612491311],[-71.5967657299999,-33.4989150501311],[-71.5965099869999,-33.4992163921311]]],[[[-71.5952350889999,-33.4981932941311],[-71.5963761879999,-33.4996960861311],[-71.5969803989999,-33.5008015061311],[-71.5991784479999,-33.5003410641311],[-71.6003632169999,-33.5005579721311],[-71.5986456909999,-33.4996593591311],[-71.5984357199999,-33.4999770831311],[-71.5981999929999,-33.5001774231311],[-71.5986107419999,-33.4996381731311],[-71.5980122449999,-33.4992753671311],[-71.5971541769999,-33.5003848431311],[-71.5972296989999,-33.5002256481311],[-71.5969800749999,-33.5002602581311],[-71.5973012239999,-33.5001370721311],[-71.5979702529999,-33.4992530431311],[-71.5968280999999,-33.4987101641311],[-71.5968028499999,-33.4997164521311],[-71.5969713149999,-33.5000305411311],[-71.5964687729999,-33.4993024261311],[-71.5964830499999,-33.4991882121311],[-71.5967600189999,-33.4988569911311],[-71.5967540659999,-33.4986583971311],[-71.5954364609999,-33.4981616181311],[-71.594903831,-33.4976041111311],[-71.5944646259999,-33.4973436061312],[-71.5939003649999,-33.4971034821312],[-71.5936885389999,-33.4972391911312],[-71.5943031779999,-33.4974971751311],[-71.5948036359999,-33.4980472791311],[-71.5952350889999,-33.4981932941311]]]]}},{"type":"Feature","properties":{"id":"5605021004009","commune":"El Tabo","code":"05605","gse":"D","quintil":"Q2","nse_score":667.0,"educ":14.0,"educ_score":733.3,"hacin":1.235,"hacin_class":"Hacinamiento Leve","hacin_score":801.0,"auto_score":222.2,"n_per":21,"n_hog":8,"source_year":2024},"geometry":{"type":"MultiPolygon","coordinates":[[[[-71.5920727959999,-33.505478425131],[-71.5911641779999,-33.5046487551311],[-71.5907834489999,-33.504878464131],[-71.5914326189999,-33.5056198551311],[-71.5907276299999,-33.504908669131],[-71.5903127299999,-33.505154931131],[-71.5906451069999,-33.505522826131],[-71.5902756489999,-33.505179464131],[-71.5894129249999,-33.505688488131],[-71.5892193029999,-33.505601426131],[-71.5888430159999,-33.505689143131],[-71.5878544219999,-33.5056827331311],[-71.5872730689999,-33.5059825481311],[-71.5871420329999,-33.506302024131],[-71.5871976749999,-33.5065138621311],[-71.5879700719999,-33.506269759131],[-71.5898690919999,-33.5064601971311],[-71.5925060169999,-33.506507700131],[-71.5940526929999,-33.506696429131],[-71.5947812449999,-33.506642591131],[-71.5933419219999,-33.5046612351311],[-71.5926028359999,-33.5042860261311],[-71.5922581749999,-33.5039289531311],[-71.5911981099999,-33.5046242871311],[-71.5920727959999,-33.505478425131]]],[[[-71.5918941719999,-33.5035747361311],[-71.588522226,-33.505661468131],[-71.5892384379999,-33.5055575321311],[-71.5894166759999,-33.505641275131],[-71.5911874039999,-33.5045822751311],[-71.5922410919999,-33.5038844341311],[-71.5918941719999,-33.5035747361311]]]]}},{"type":"Feature","properties":{"id":"5605021005001","commune":"El Tabo","code":"05605","gse":"D","quintil":"Q1","nse_score":618.1,"educ":10.4,"educ_score":493.3,"hacin":1.39,"hacin_class":"Hacinamiento Leve","hacin_score":768.1,"auto_score":129.0,"n_per":82,"n_hog":32,"source_year":2024},"geometry":{"type":"Polygon","coordinates":[[[-71.5963464149999,-33.511456168131],[-71.5978089609999,-33.5118094621309],[-71.5974908929999,-33.5131987841309],[-71.5975956529999,-33.5143135571309],[-71.5981396739999,-33.5145280791309],[-71.5978097779999,-33.5136594261309],[-71.5980790469999,-33.5134420901309],[-71.5985222409999,-33.511446730131],[-71.5983842649999,-33.5121989541309],[-71.598844046,-33.5122777371309],[-71.5990444049999,-33.511527873131],[-71.6001389919999,-33.511661371131],[-71.6005166819999,-33.510187788131],[-71.5999888559999,-33.510117794131],[-71.5998175849999,-33.510820262131],[-71.6002783739999,-33.510936121131],[-71.5998048389999,-33.510873287131],[-71.5996430449999,-33.511554511131],[-71.5997412609999,-33.510863990131],[-71.5992657129999,-33.510789870131],[-71.5991003369999,-33.5114915591309],[-71.5992018329999,-33.510781867131],[-71.5987107189999,-33.5107225111309],[-71.5985392509999,-33.511388101131],[-71.5987519179999,-33.509991197131],[-71.6005238129999,-33.510114424131],[-71.6006071769999,-33.509747547131],[-71.5985111929999,-33.509529305131],[-71.5983023649999,-33.511068487131],[-71.5983848529999,-33.510190753131],[-71.5979079939999,-33.510114923131],[-71.5983885609999,-33.510154831131],[-71.5984471969999,-33.509530648131],[-71.5979261119999,-33.509471104131],[-71.5978145829999,-33.510123907131],[-71.5978823999999,-33.509472511131],[-71.5975884739999,-33.509524827131],[-71.5967919059999,-33.510008363131],[-71.5968117209999,-33.510440104131],[-71.5972496209999,-33.510479300131],[-71.5973713819999,-33.509735551131],[-71.5973055159999,-33.510475460131],[-71.5972283529999,-33.510518300131],[-71.5968066469999,-33.510475906131],[-71.5967128019999,-33.510834746131],[-71.5967045439999,-33.511170804131],[-71.5970986559999,-33.511233399131],[-71.5972472469999,-33.510660054131],[-71.5971413419999,-33.511241214131],[-71.5972767219999,-33.511319103131],[-71.5966804029999,-33.5112221341309],[-71.5966411479999,-33.510985125131],[-71.5963464149999,-33.511456168131]]]}},{"type":"Feature","properties":{"id":"5605021005002","commune":"El Tabo","code":"05605","gse":"C3","quintil":"Q2","nse_score":682.7,"educ":12.3,"educ_score":620.0,"hacin":1.636,"hacin_class":"Hacinamiento Medio","hacin_score":715.7,"auto_score":200.0,"n_per":18,"n_hog":5,"source_year":2024},"geometry":{"type":"Polygon","coordinates":[[[-71.5987189479999,-33.510668895131],[-71.5992140449999,-33.510728732131],[-71.5993625179999,-33.510066009131],[-71.5988110589999,-33.510030267131],[-71.5987189479999,-33.510668895131]]]}},{"type":"Feature","properties":{"id":"5605021005003","commune":"El Tabo","code":"05605","gse":"C3","quintil":"Q2","nse_score":679.2,"educ":10.8,"educ_score":520.0,"hacin":1.143,"hacin_class":"Hacinamiento Leve","hacin_score":820.7,"auto_score":0.0,"n_per":8,"n_hog":4,"source_year":2024},"geometry":{"type":"Polygon","coordinates":[[[-71.5992778909999,-33.510736789131],[-71.5997539879999,-33.510810995131],[-71.5999243939999,-33.510112077131],[-71.5994271109999,-33.510070728131],[-71.5992778909999,-33.510736789131]]]}},{"type":"Feature","properties":{"id":"5605021005005","commune":"El Tabo","code":"05605","gse":"C3","quintil":"Q2","nse_score":683.3,"educ":10.6,"educ_score":506.7,"hacin":0.8,"hacin_class":"Sin Hacinamiento","hacin_score":893.6,"auto_score":62.5,"n_per":12,"n_hog":9,"source_year":2024},"geometry":{"type":"Polygon","coordinates":[[[-71.5994367029999,-33.512378817131],[-71.5999176599999,-33.512454214131],[-71.6001114619999,-33.511713879131],[-71.5996212639999,-33.5116504521309],[-71.5994367029999,-33.512378817131]]]}},{"type":"Feature","properties":{"id":"5605021005006","commune":"El Tabo","code":"05605","gse":"D","quintil":"Q1","nse_score":647.6,"educ":10.7,"educ_score":513.3,"hacin":1.133,"hacin_class":"Hacinamiento Leve","hacin_score":822.7,"auto_score":181.8,"n_per":51,"n_hog":20,"source_year":2024},"geometry":{"type":"Polygon","coordinates":[[[-71.6000749599999,-33.512118476131],[-71.5993826919999,-33.5148554261309],[-71.6011495589999,-33.5153743321309],[-71.6010485909999,-33.5151497411309],[-71.5995986369999,-33.5147044461309],[-71.6010678509999,-33.5151174011309],[-71.6012451679999,-33.5153761161309],[-71.601394566,-33.5147841411309],[-71.599730915,-33.5144099271309],[-71.6014089899999,-33.5147500551309],[-71.6016185219999,-33.5139193151309],[-71.5997973639999,-33.5134935481309],[-71.6016279229999,-33.5138840831309],[-71.6019410479999,-33.5125681871309],[-71.6000749599999,-33.512118476131]]]}},{"type":"Feature","properties":{"id":"5605021005012","commune":"El Tabo","code":"05605","gse":"C3","quintil":"Q2","nse_score":699.6,"educ":10.8,"educ_score":520.0,"hacin":1.034,"hacin_class":"Hacinamiento Leve","hacin_score":843.7,"auto_score":38.5,"n_per":30,"n_hog":12,"source_year":2024},"geometry":{"type":"Polygon","coordinates":[[[-71.6043441309999,-33.5145997901309],[-71.6048720539999,-33.514705040131],[-71.6053330439999,-33.5134721031309],[-71.6047999739999,-33.513330740131],[-71.6043441309999,-33.5145997901309]]]}},{"type":"Feature","properties":{"id":"5605021005013","commune":"El Tabo","code":"05605","gse":"C2","quintil":"Q4","nse_score":746.7,"educ":12.1,"educ_score":606.7,"hacin":0.974,"hacin_class":"Sin Hacinamiento","hacin_score":856.5,"auto_score":176.5,"n_per":38,"n_hog":16,"source_year":2024},"geometry":{"type":"Polygon","coordinates":[[[-71.60188661,-33.5134458111309],[-71.6012264669999,-33.5156964741309],[-71.6024181639999,-33.5159613211309],[-71.6031265579999,-33.5140094131309],[-71.6026724549999,-33.5138822501309],[-71.6031317129999,-33.5139845981309],[-71.6032171179999,-33.5137505581309],[-71.60188661,-33.5134458111309]]]}},{"type":"Feature","properties":{"id":"5605021005015","commune":"El Tabo","code":"05605","gse":"D","quintil":"Q1","nse_score":647.4,"educ":10.0,"educ_score":466.7,"hacin":1.364,"hacin_class":"Hacinamiento Leve","hacin_score":773.7,"auto_score":0.0,"n_per":15,"n_hog":7,"source_year":2024},"geometry":{"type":"Polygon","coordinates":[[[-71.6049349159999,-33.5147425031309],[-71.6054550629999,-33.5148457601309],[-71.6058888819999,-33.513632904131],[-71.6053929079999,-33.513502495131],[-71.6049349159999,-33.5147425031309]]]}},{"type":"Feature","properties":{"id":"5605021005016","commune":"El Tabo","code":"05605","gse":"C3","quintil":"Q2","nse_score":698.7,"educ":10.9,"educ_score":526.7,"hacin":1.057,"hacin_class":"Hacinamiento Leve","hacin_score":838.9,"auto_score":0.0,"n_per":37,"n_hog":20,"source_year":2024},"geometry":{"type":"Polygon","coordinates":[[[-71.6059565379999,-33.5136537921309],[-71.6054957259999,-33.5148712901309],[-71.6058284099999,-33.5149674751309],[-71.6054898349999,-33.5148886341309],[-71.6052452269999,-33.5157217601309],[-71.6057853029999,-33.5158404171309],[-71.6060313239999,-33.5150992721309],[-71.6058606079999,-33.5158388321309],[-71.6063196959999,-33.5159705541309],[-71.606625844,-33.5152243541309],[-71.6063969619999,-33.5159840761309],[-71.6068464079999,-33.5160958001309],[-71.607121634,-33.5153237401309],[-71.6069265739999,-33.5161054741309],[-71.6073827549999,-33.5162258901309],[-71.6080401769999,-33.5142944891309],[-71.6070633009999,-33.5139783561309],[-71.6069627809999,-33.514251730131],[-71.6070429989999,-33.5139721871309],[-71.606452939,-33.5137926681309],[-71.6063438579999,-33.5141252121309],[-71.6064325409999,-33.513786643131],[-71.6059565379999,-33.5136537921309]]]}},{"type":"Feature","properties":{"id":"5605021005017","commune":"El Tabo","code":"05605","gse":"C2","quintil":"Q3","nse_score":738.3,"educ":10.8,"educ_score":520.0,"hacin":0.68,"hacin_class":"Sin Hacinamiento","hacin_score":919.1,"auto_score":90.9,"n_per":17,"n_hog":11,"source_year":2024},"geometry":{"type":"Polygon","coordinates":[[[-71.5992627209999,-33.5148534791309],[-71.5995874179999,-33.5137447181309],[-71.5991306069999,-33.5136598401309],[-71.5988680319999,-33.5147074611309],[-71.5992627209999,-33.5148534791309]]]}},{"type":"Feature","properties":{"id":"5605021005018","commune":"El Tabo","code":"05605","gse":"C3","quintil":"Q3","nse_score":711.8,"educ":11.7,"educ_score":580.0,"hacin":1.4,"hacin_class":"Hacinamiento Leve","hacin_score":766.0,"auto_score":166.7,"n_per":14,"n_hog":6,"source_year":2024},"geometry":{"type":"Polygon","coordinates":[[[-71.6035995419999,-33.5144214081309],[-71.6038282579999,-33.5138254421309],[-71.6032833789999,-33.513730956131],[-71.6030814229999,-33.5142978701309],[-71.6035995419999,-33.5144214081309]]]}},{"type":"Feature","properties":{"id":"5605021005023","commune":"El Tabo","code":"05605","gse":"E","quintil":"Q1","nse_score":550.2,"educ":8.9,"educ_score":393.3,"hacin":1.0,"hacin_class":"Hacinamiento Leve","hacin_score":851.1,"auto_score":0.0,"n_per":8,"n_hog":6,"source_year":2024},"geometry":{"type":"Polygon","coordinates":[[[-71.6039025869999,-33.5154054731309],[-71.6042251389999,-33.5146206091309],[-71.6036718259999,-33.5144835691309],[-71.6033905499999,-33.5152817791309],[-71.6039025869999,-33.5154054731309]]]}},{"type":"Feature","properties":{"id":"5605021005036","commune":"El Tabo","code":"05605","gse":"C2","quintil":"Q4","nse_score":757.5,"educ":13.4,"educ_score":693.3,"hacin":1.133,"hacin_class":"Hacinamiento Leve","hacin_score":822.7,"auto_score":222.2,"n_per":17,"n_hog":8,"source_year":2024},"geometry":{"type":"Polygon","coordinates":[[[-71.6042463269999,-33.5163432971309],[-71.6045468899999,-33.5156247641309],[-71.6040151779999,-33.5154828281309],[-71.6037468659999,-33.5162128911309],[-71.6042463269999,-33.5163432971309]]]}},{"type":"Feature","properties":{"id":"5605021005041","commune":"El Tabo","code":"05605","gse":"D","quintil":"Q2","nse_score":665.8,"educ":11.1,"educ_score":540.0,"hacin":1.417,"hacin_class":"Hacinamiento Leve","hacin_score":762.4,"auto_score":131.6,"n_per":51,"n_hog":20,"source_year":2024},"geometry":{"type":"Polygon","coordinates":[[[-71.5956249269999,-33.5167538461309],[-71.5950001849999,-33.5164070151309],[-71.5949377719999,-33.5164919591309],[-71.5955808969999,-33.5171588201309],[-71.5948862289999,-33.5164967501309],[-71.5941633099999,-33.5173081361309],[-71.5949375149999,-33.5177190581309],[-71.5949586379999,-33.5178562091309],[-71.5947758869999,-33.5182407451309],[-71.5949180879999,-33.5177402771309],[-71.5941418289999,-33.5173349501309],[-71.5933950039999,-33.5182990201308],[-71.5952354529999,-33.5191053011309],[-71.5954619459999,-33.5189346441309],[-71.5947624149999,-33.5185715511308],[-71.5954825019999,-33.5189086891309],[-71.595792963,-33.5185907841309],[-71.5967262439999,-33.5185384521309],[-71.5962254429999,-33.5182904611309],[-71.5959766199999,-33.5184825321309],[-71.596223903,-33.5182701111309],[-71.5967380939999,-33.5185233781309],[-71.5971920629999,-33.5178788391309],[-71.5963610069999,-33.5172056681309],[-71.5961713069999,-33.5176895011309],[-71.5961227349999,-33.5176956251309],[-71.596291188,-33.5171080531309],[-71.5958767419999,-33.5173728011309],[-71.5962836219999,-33.5170525471309],[-71.5962757109999,-33.5167385171309],[-71.5961510849999,-33.5161263481309],[-71.5958000049999,-33.5157440581309],[-71.5950192409999,-33.5163960021309],[-71.5956249269999,-33.5167538461309]]]}},{"type":"Feature","properties":{"id":"5605021005042","commune":"El Tabo","code":"05605","gse":"C3","quintil":"Q2","nse_score":690.2,"educ":10.8,"educ_score":520.0,"hacin":1.25,"hacin_class":"Hacinamiento Leve","hacin_score":797.9,"auto_score":0.0,"n_per":15,"n_hog":7,"source_year":2024},"geometry":{"type":"Polygon","coordinates":[[[-71.6054531719999,-33.5166255411309],[-71.6057619789999,-33.5159110371309],[-71.605226221,-33.5157763401309],[-71.6049791769999,-33.5164794401309],[-71.6054531719999,-33.5166255411309]]]}},{"type":"Feature","properties":{"id":"5605021005044","commune":"El Tabo","code":"05605","gse":"C3","quintil":"Q2","nse_score":685.4,"educ":11.6,"educ_score":573.3,"hacin":1.358,"hacin_class":"Hacinamiento Leve","hacin_score":775.0,"auto_score":125.0,"n_per":186,"n_hog":71,"source_year":2024},"geometry":{"type":"Polygon","coordinates":[[[-71.6003632539999,-33.5168202341309],[-71.6011365239999,-33.5172634301309],[-71.6010320199999,-33.5172823491309],[-71.6003194629999,-33.5168736601309],[-71.5997111719999,-33.5174929581309],[-71.6000203129999,-33.5177833891309],[-71.6014209719999,-33.5180001921309],[-71.6014773059999,-33.5180768601309],[-71.6015093759999,-33.5184980351309],[-71.6013866819999,-33.5180099641309],[-71.5999862929999,-33.5178022081309],[-71.5996462049999,-33.5174888891309],[-71.5993275479999,-33.5176889791309],[-71.5995010409999,-33.5180962341309],[-71.6003834609999,-33.5186231561309],[-71.6014867019999,-33.5189985111309],[-71.6026970519999,-33.5188864171308],[-71.6036043529999,-33.5185301411309],[-71.6047943679999,-33.5185611391309],[-71.6053113249999,-33.5189084921309],[-71.6062682119999,-33.5198908711308],[-71.6072452759999,-33.5204364341308],[-71.6075958089999,-33.5191648721309],[-71.6070917029999,-33.5190815441309],[-71.6068332419999,-33.5198124591308],[-71.6070293669999,-33.5190542271308],[-71.6065468399999,-33.5189316411309],[-71.6062417679999,-33.5195621451309],[-71.6067433869999,-33.5180162741309],[-71.6062853559999,-33.5179418241309],[-71.6058446239999,-33.5192445301308],[-71.6062228299999,-33.5178894661309],[-71.6057717669999,-33.5178060131309],[-71.6054636659999,-33.5185285971309],[-71.6057062749999,-33.5177589531309],[-71.6052502509999,-33.5176664391309],[-71.6050003309999,-33.5184008881309],[-71.6051788569999,-33.5176254011309],[-71.6046235769999,-33.5175120571309],[-71.6043687709999,-33.5182400621309],[-71.6045566809999,-33.5174702631309],[-71.6039998329999,-33.5173510641309],[-71.6037965919999,-33.5179745611309],[-71.6039409039999,-33.5173143381309],[-71.6033996379999,-33.5171935001309],[-71.6032054819999,-33.5177552761309],[-71.6033281349999,-33.5171544201309],[-71.6028151039999,-33.5170369131309],[-71.6026490779999,-33.5177551931309],[-71.6023916089999,-33.5182384421309],[-71.6029939949999,-33.5161743561309],[-71.601227504,-33.5157951801309],[-71.6003632539999,-33.5168202341309]]]}},{"type":"Feature","properties":{"id":"5605021005047","commune":"El Tabo","code":"05605","gse":"E","quintil":"Q1","nse_score":608.1,"educ":10.7,"educ_score":513.3,"hacin":1.375,"hacin_class":"Hacinamiento Leve","hacin_score":771.3,"auto_score":0.0,"n_per":11,"n_hog":5,"source_year":2024},"geometry":{"type":"Polygon","coordinates":[[[-71.6061694029999,-33.5168172961309],[-71.6065944149999,-33.5168959031309],[-71.6068358769999,-33.5161586561309],[-71.6063634809999,-33.5160658221309],[-71.6061694029999,-33.5168172961309]]]}},{"type":"Feature","properties":{"id":"5605021005049","commune":"El Tabo","code":"05605","gse":"E","quintil":"Q1","nse_score":599.3,"educ":8.4,"educ_score":360.0,"hacin":1.0,"hacin_class":"Hacinamiento Leve","hacin_score":851.1,"auto_score":0.0,"n_per":7,"n_hog":4,"source_year":2024},"geometry":{"type":"Polygon","coordinates":[[[-71.6070517229999,-33.5170410791309],[-71.6073630249999,-33.5162833841309],[-71.6069123819999,-33.5161713491309],[-71.6066601979999,-33.5169173581309],[-71.6070517229999,-33.5170410791309]]]}},{"type":"Feature","properties":{"id":"5605021005050","commune":"El Tabo","code":"05605","gse":"C2","quintil":"Q3","nse_score":739.9,"educ":12.4,"educ_score":626.7,"hacin":0.917,"hacin_class":"Sin Hacinamiento","hacin_score":868.8,"auto_score":0.0,"n_per":11,"n_hog":7,"source_year":2024},"geometry":{"type":"Polygon","coordinates":[[[-71.6033312899999,-33.5171045481309],[-71.603630215,-33.5163090981309],[-71.6030857189999,-33.5161875601309],[-71.6028224839999,-33.5169515701309],[-71.6033312899999,-33.5171045481309]]]}},{"type":"Feature","properties":{"id":"5605021005051","commune":"El Tabo","code":"05605","gse":"C3","quintil":"Q3","nse_score":719.6,"educ":10.1,"educ_score":473.3,"hacin":1.0,"hacin_class":"Hacinamiento Leve","hacin_score":851.1,"auto_score":0.0,"n_per":7,"n_hog":4,"source_year":2024},"geometry":{"type":"Polygon","coordinates":[[[-71.6071776069999,-33.5170460411309],[-71.6076826969999,-33.5171711951309],[-71.6079455059999,-33.5164314861309],[-71.6074323089999,-33.5162958271309],[-71.6071776069999,-33.5170460411309]]]}},{"type":"Feature","properties":{"id":"5605021005052","commune":"El Tabo","code":"05605","gse":"C2","quintil":"Q4","nse_score":787.4,"educ":12.3,"educ_score":620.0,"hacin":1.25,"hacin_class":"Hacinamiento Leve","hacin_score":797.9,"auto_score":100.0,"n_per":15,"n_hog":5,"source_year":2024},"geometry":{"type":"Polygon","coordinates":[[[-71.6039595749999,-33.5172604241309],[-71.6042400159999,-33.5164555651309],[-71.6037245889999,-33.5163144201309],[-71.6034419249999,-33.5171285271309],[-71.6039595749999,-33.5172604241309]]]}},{"type":"Feature","properties":{"id":"5605021005054","commune":"El Tabo","code":"05605","gse":"C3","quintil":"Q3","nse_score":712.7,"educ":12.7,"educ_score":646.7,"hacin":1.333,"hacin_class":"Hacinamiento Leve","hacin_score":780.1,"auto_score":0.0,"n_per":12,"n_hog":5,"source_year":2024},"geometry":{"type":"Polygon","coordinates":[[[-71.6040539999999,-33.5172924841309],[-71.6045967179999,-33.5174125941309],[-71.6048608839999,-33.5165637991309],[-71.6043150339999,-33.5164554491309],[-71.6040539999999,-33.5172924841309]]]}},{"type":"Feature","properties":{"id":"5605021005056","commune":"El Tabo","code":"05605","gse":"C3","quintil":"Q3","nse_score":730.9,"educ":11.9,"educ_score":593.3,"hacin":1.444,"hacin_class":"Hacinamiento Leve","hacin_score":756.5,"auto_score":166.7,"n_per":13,"n_hog":6,"source_year":2024},"geometry":{"type":"Polygon","coordinates":[[[-71.6056643359999,-33.5176984841309],[-71.6060202549999,-33.5168842921309],[-71.6055660679999,-33.5167491721309],[-71.6052768849999,-33.5175780351309],[-71.6056643359999,-33.5176984841309]]]}},{"type":"Feature","properties":{"id":"5605021005061","commune":"El Tabo","code":"05605","gse":"E","quintil":"Q1","nse_score":578.8,"educ":9.0,"educ_score":400.0,"hacin":1.486,"hacin_class":"Hacinamiento Leve","hacin_score":747.7,"auto_score":111.1,"n_per":52,"n_hog":18,"source_year":2024},"geometry":{"type":"Polygon","coordinates":[[[-71.5902631619999,-33.5180472641309],[-71.5896153389999,-33.5192649181308],[-71.5893499519999,-33.5192939511309],[-71.5889015309999,-33.5189629091308],[-71.5884717319999,-33.5204478241308],[-71.5867763089999,-33.5194830861308],[-71.5863932819999,-33.5203134651309],[-71.5870411959999,-33.5206987721308],[-71.587164631,-33.5204504761309],[-71.5870997379999,-33.5207283751308],[-71.5872425449999,-33.5208007871308],[-71.587379601,-33.5205033641308],[-71.5873033939999,-33.5208410761308],[-71.5881389019999,-33.5213885011308],[-71.5890078979999,-33.5216315981308],[-71.5895324659999,-33.5205821601309],[-71.5894710869999,-33.5205012171308],[-71.5904010589999,-33.5207352321308],[-71.5908179909999,-33.5202297861309],[-71.5902026339999,-33.5200436851309],[-71.5900708689999,-33.5199594641309],[-71.5908356499999,-33.5202080521308],[-71.5910466469999,-33.5199521561308],[-71.5899280889999,-33.5195066701309],[-71.5911809269999,-33.5199447121308],[-71.5921905459999,-33.5200574901309],[-71.5922797559999,-33.5198588381309],[-71.591650979,-33.5196561881309],[-71.5923031689999,-33.5198279621309],[-71.5928370269999,-33.5190120051309],[-71.5918153309999,-33.5187366811309],[-71.5914708379999,-33.5193839751309],[-71.5913910169999,-33.5192794801309],[-71.5915594429999,-33.5189709081308],[-71.5907758049999,-33.5187673591309],[-71.5915931129999,-33.5189219231309],[-71.5921116829999,-33.5181644731309],[-71.5917501259999,-33.5179342191309],[-71.5910274849999,-33.5178749981309],[-71.5902631619999,-33.5180472641309]]]}},{"type":"Feature","properties":{"id":"5605021005062","commune":"El Tabo","code":"05605","gse":"D","quintil":"Q1","nse_score":643.7,"educ":11.0,"educ_score":533.3,"hacin":1.391,"hacin_class":"Hacinamiento Leve","hacin_score":767.8,"auto_score":90.9,"n_per":32,"n_hog":12,"source_year":2024},"geometry":{"type":"Polygon","coordinates":[[[-71.5966327639999,-33.5186348261309],[-71.5958392789999,-33.5186279311308],[-71.5956498909999,-33.5187278601309],[-71.5937175279999,-33.5217185451308],[-71.5945705489999,-33.5221741261308],[-71.5940305759999,-33.5219126901309],[-71.5937389869999,-33.5225307911308],[-71.5939925729999,-33.5218941881308],[-71.5937052649999,-33.5217542761308],[-71.5934528129999,-33.5225301121308],[-71.5948012959999,-33.5229766911308],[-71.5966596489999,-33.5230407321308],[-71.5967282059999,-33.5209593351308],[-71.5966022979999,-33.5205799581308],[-71.5959827429999,-33.5204625951308],[-71.5959079439999,-33.5204189011308],[-71.5958530119999,-33.5202444331309],[-71.5960144979999,-33.5204402031309],[-71.596608021,-33.5205544901308],[-71.5968517399999,-33.5198596051309],[-71.5973412779999,-33.5191975161309],[-71.5971666739999,-33.5190690121309],[-71.5968402209999,-33.5191392281308],[-71.5967709839999,-33.5190646391309],[-71.5971700199999,-33.5190363521309],[-71.5974131009999,-33.5191416931309],[-71.597908232,-33.5184441431309],[-71.5972404009999,-33.5179663511309],[-71.5966327639999,-33.5186348261309]]]}},{"type":"Feature","properties":{"id":"5605021005067","commune":"El Tabo","code":"05605","gse":"D","quintil":"Q2","nse_score":653.8,"educ":10.7,"educ_score":513.3,"hacin":1.263,"hacin_class":"Hacinamiento Leve","hacin_score":795.1,"auto_score":100.0,"n_per":24,"n_hog":12,"source_year":2024},"geometry":{"type":"Polygon","coordinates":[[[-71.5922764579999,-33.5200548381309],[-71.5932402319999,-33.5202704901308],[-71.5934477669999,-33.5201099331309],[-71.5943789369999,-33.5205944371309],[-71.5946325959999,-33.5202191011309],[-71.5926975679999,-33.5193786611309],[-71.5922764579999,-33.5200548381309]]]}},{"type":"Feature","properties":{"id":"5605021005068","commune":"El Tabo","code":"05605","gse":"E","quintil":"Q1","nse_score":601.0,"educ":9.4,"educ_score":426.7,"hacin":1.25,"hacin_class":"Hacinamiento Leve","hacin_score":797.9,"auto_score":272.7,"n_per":30,"n_hog":11,"source_year":2024},"geometry":{"type":"Polygon","coordinates":[[[-71.5911121359999,-33.5199678361308],[-71.5907679979999,-33.5204026301308],[-71.591271532,-33.5205993861309],[-71.5907450469999,-33.5204338681308],[-71.5904732249999,-33.5207592941309],[-71.5912033569999,-33.5210013161309],[-71.5915418139999,-33.5206502271308],[-71.5912530779999,-33.5209890881309],[-71.5914048689999,-33.5210963821308],[-71.5918320029999,-33.5210614471309],[-71.5923141169999,-33.5204301891309],[-71.5918859589999,-33.5210874311309],[-71.5924108499999,-33.5211752381309],[-71.5928209419999,-33.5205087111308],[-71.5924697909999,-33.5211777841308],[-71.5937287229999,-33.5215385461308],[-71.5938607019999,-33.5213531051308],[-71.593009821,-33.5210018811309],[-71.5929207799999,-33.5210835551309],[-71.5930090819999,-33.5209816221309],[-71.5938712249999,-33.5213373521308],[-71.5940860619999,-33.5209814911308],[-71.5932256949999,-33.5205156761308],[-71.5941036219999,-33.5209545531309],[-71.5943646499999,-33.5206386411309],[-71.5934382329999,-33.5201454301309],[-71.5932390959999,-33.5203068281309],[-71.5911121359999,-33.5199678361308]]]}},{"type":"Feature","properties":{"id":"5605021005071","commune":"El Tabo","code":"05605","gse":"E","quintil":"Q1","nse_score":611.0,"educ":10.1,"educ_score":473.3,"hacin":1.385,"hacin_class":"Hacinamiento Leve","hacin_score":769.2,"auto_score":0.0,"n_per":18,"n_hog":10,"source_year":2024},"geometry":{"type":"Polygon","coordinates":[[[-71.5890486089999,-33.5216432701308],[-71.5900000789999,-33.5219188281309],[-71.590375219,-33.5208057951309],[-71.5895722809999,-33.5205958071309],[-71.5890486089999,-33.5216432701308]]]}},{"type":"Feature","properties":{"id":"5605021005072","commune":"El Tabo","code":"05605","gse":"E","quintil":"Q1","nse_score":599.2,"educ":9.1,"educ_score":406.7,"hacin":1.242,"hacin_class":"Hacinamiento Leve","hacin_score":799.5,"auto_score":100.0,"n_per":82,"n_hog":31,"source_year":2024},"geometry":{"type":"Polygon","coordinates":[[[-71.5904213299999,-33.5208083351308],[-71.5900273789999,-33.5219119841308],[-71.5909986879999,-33.5222051551308],[-71.5911310029999,-33.5224354761308],[-71.5916084079999,-33.5224457661308],[-71.5916034069999,-33.5220910811308],[-71.5916519989999,-33.5224483081308],[-71.5924785039999,-33.5224453641308],[-71.5924839709999,-33.5221610381308],[-71.5925215379999,-33.5224466511308],[-71.5929783009999,-33.5224463301308],[-71.5929973639999,-33.5221725491308],[-71.5930214319999,-33.5224459791308],[-71.5933810509999,-33.5224211251308],[-71.5936870689999,-33.5215852591308],[-71.5927377869999,-33.5212312991309],[-71.5916843499999,-33.5210605681308],[-71.591573621,-33.5212066041308],[-71.5917064639999,-33.5213107351308],[-71.5925894709999,-33.5214499811308],[-71.5919337239999,-33.5214234031308],[-71.5915758159999,-33.5212801691309],[-71.5913113809999,-33.5217448991308],[-71.5915168459999,-33.5211271711308],[-71.5904213299999,-33.5208083351308]]]}},{"type":"Feature","properties":{"id":"5605021005035","commune":"El Tabo","code":"05605","gse":"C3","quintil":"Q3","nse_score":702.2,"educ":11.6,"educ_score":573.3,"hacin":1.087,"hacin_class":"Hacinamiento Leve","hacin_score":832.6,"auto_score":115.4,"n_per":25,"n_hog":11,"source_year":2024},"geometry":{"type":"MultiPolygon","coordinates":[[[[-71.6074676669999,-33.5181463851309],[-71.6079484529999,-33.5182355731308],[-71.6082124329999,-33.5174098461309],[-71.6077007829999,-33.5173116971309],[-71.6074676669999,-33.5181463851309]]],[[[-71.6068741559999,-33.5179970951309],[-71.6073686089999,-33.5180956091309],[-71.6076384229999,-33.5172729641309],[-71.6071395749999,-33.5171537051309],[-71.6068741559999,-33.5179970951309]]],[[[-71.6082099809999,-33.5173282011309],[-71.6085166829999,-33.5165676061309],[-71.6080184599999,-33.5164375271309],[-71.6077485889999,-33.5171841411309],[-71.6082099809999,-33.5173282011309]]],[[[-71.6074566709999,-33.5162451041309],[-71.6079696159999,-33.5163643571309],[-71.6082744639999,-33.5155257791309],[-71.6077357879999,-33.5154028991309],[-71.6074566709999,-33.5162451041309]]]]}},{"type":"Feature","properties":{"id":"5605021005040","commune":"El Tabo","code":"05605","gse":"C3","quintil":"Q2","nse_score":685.5,"educ":12.9,"educ_score":660.0,"hacin":1.333,"hacin_class":"Hacinamiento Leve","hacin_score":780.1,"auto_score":187.5,"n_per":12,"n_hog":6,"source_year":2024},"geometry":{"type":"MultiPolygon","coordinates":[[[[-71.6051614989999,-33.5175702331309],[-71.6054870369999,-33.5167318371309],[-71.6049645439999,-33.5165879241309],[-71.6046562639999,-33.5174201091309],[-71.6051614989999,-33.5175702331309]]],[[[-71.6043714339999,-33.5163691431309],[-71.6049230849999,-33.5164780821309],[-71.6051545009999,-33.5157588251309],[-71.6046159729999,-33.5156292071309],[-71.6043714339999,-33.5163691431309]]]]}},{"type":"Feature","properties":{"id":"5605021005057","commune":"El Tabo","code":"05605","gse":"C3","quintil":"Q3","nse_score":727.4,"educ":11.8,"educ_score":586.7,"hacin":1.667,"hacin_class":"Hacinamiento Medio","hacin_score":709.2,"auto_score":0.0,"n_per":15,"n_hog":5,"source_year":2024},"geometry":{"type":"MultiPolygon","coordinates":[[[[-71.6067347469999,-33.5179609231309],[-71.6070676829999,-33.5171369821309],[-71.6066349419999,-33.5170189521309],[-71.6063365679999,-33.5178319351309],[-71.6067347469999,-33.5179609231309]]],[[[-71.6058276759999,-33.5177345041309],[-71.6062627669999,-33.5178144901309],[-71.6065420059999,-33.5170033721309],[-71.6060788019999,-33.5169166721309],[-71.6058276759999,-33.5177345041309]]]]}},{"type":"Feature","properties":{"id":"5605021005063","commune":"El Tabo","code":"05605","gse":"D","quintil":"Q2","nse_score":660.2,"educ":11.4,"educ_score":560.0,"hacin":1.3,"hacin_class":"Hacinamiento Leve","hacin_score":787.2,"auto_score":100.0,"n_per":13,"n_hog":4,"source_year":2024},"geometry":{"type":"MultiPolygon","coordinates":[[[[-71.6071725929999,-33.5190153381308],[-71.6076480649999,-33.5191123101309],[-71.6078906119999,-33.5182927021309],[-71.6073887489999,-33.5182046621309],[-71.6071725929999,-33.5190153381308]]],[[[-71.6065922839999,-33.5188786891309],[-71.6070741789999,-33.5189632061309],[-71.6073298299999,-33.5181651311309],[-71.6068163999999,-33.5180687991309],[-71.6065922839999,-33.5188786891309]]]]}},{"type":"Feature","properties":{"id":"5605021005074","commune":"El Tabo","code":"05605","gse":"E","quintil":"Q1","nse_score":450.7,"educ":7.6,"educ_score":306.7,"hacin":1.429,"hacin_class":"Hacinamiento Leve","hacin_score":759.9,"auto_score":142.9,"n_per":10,"n_hog":4,"source_year":2024},"geometry":{"type":"MultiPolygon","coordinates":[[[[-71.5893523389999,-33.5222958301308],[-71.5910652989999,-33.5224300491308],[-71.590968674,-33.5222530691308],[-71.5895549639999,-33.5218217671308],[-71.5893523389999,-33.5222958301308]]],[[[-71.5888812259999,-33.5222526821308],[-71.5893573509999,-33.5222462131308],[-71.5895013599999,-33.5218077111308],[-71.5890690649999,-33.5217058041309],[-71.5888812259999,-33.5222526821308]]]]}},{"type":"Feature","properties":{"id":"5605021005004","commune":"El Tabo","code":"05605","gse":"C3","quintil":"Q3","nse_score":716.1,"educ":13.2,"educ_score":680.0,"hacin":1.4,"hacin_class":"Hacinamiento Leve","hacin_score":766.0,"auto_score":71.4,"n_per":14,"n_hog":6,"source_year":2024},"geometry":{"type":"MultiPolygon","coordinates":[[[[-71.5991426679999,-33.5136067371309],[-71.5996039959999,-33.5136783871309],[-71.5998946759999,-33.5125056011309],[-71.5994234979999,-33.512431736131],[-71.5991426679999,-33.5136067371309]]],[[[-71.5986148579999,-33.5130732051309],[-71.5988311329999,-33.512330695131],[-71.5983699599999,-33.5122516731309],[-71.5981953899999,-33.5130188171309],[-71.5986148579999,-33.5130732051309]]],[[[-71.5989072609999,-33.512288569131],[-71.5993733699999,-33.5123684351309],[-71.5995579629999,-33.5116399471309],[-71.599080721,-33.511575064131],[-71.5989072609999,-33.512288569131]]]]}},{"type":"Feature","properties":{"id":"5605021005028","commune":"El Tabo","code":"05605","gse":"E","quintil":"Q1","nse_score":605.2,"educ":11.8,"educ_score":586.7,"hacin":1.154,"hacin_class":"Hacinamiento Leve","hacin_score":818.3,"auto_score":125.0,"n_per":15,"n_hog":8,"source_year":2024},"geometry":{"type":"MultiPolygon","coordinates":[[[[-71.5945265279999,-33.5167074111309],[-71.5948306219999,-33.5164412411309],[-71.5941698659999,-33.5160137611309],[-71.5938902359999,-33.5162079641309],[-71.5937728259999,-33.5166239461309],[-71.5945265279999,-33.5167074111309]]],[[[-71.5943163179999,-33.5160440051309],[-71.5946874959999,-33.5162766001309],[-71.5954912139999,-33.5155838741309],[-71.5951573479999,-33.5152997141309],[-71.5943163179999,-33.5160440051309]]],[[[-71.5938950489999,-33.5157434181309],[-71.5942759329999,-33.5159913741309],[-71.5951222419999,-33.5152225991309],[-71.5948189599999,-33.514993111131],[-71.5938950489999,-33.5157434181309]]]]}},{"type":"Feature","properties":{"id":"5605021005065","commune":"El Tabo","code":"05605","gse":"E","quintil":"Q1","nse_score":587.1,"educ":9.8,"educ_score":453.3,"hacin":1.385,"hacin_class":"Hacinamiento Leve","hacin_score":769.2,"auto_score":62.5,"n_per":18,"n_hog":8,"source_year":2024},"geometry":{"type":"MultiPolygon","coordinates":[[[[-71.59334917,-33.5183483671309],[-71.5927371179999,-33.5193636701309],[-71.5946708019999,-33.5201686141308],[-71.5948663499999,-33.5197893891308],[-71.5939799899999,-33.5193414401309],[-71.5949292249999,-33.5197633171309],[-71.5951470679999,-33.5194326031309],[-71.5943461049999,-33.5190171881309],[-71.5951648429999,-33.5194056171309],[-71.5953002139999,-33.5191690501309],[-71.593994172,-33.5185223421309],[-71.59334917,-33.5183483671309]]],[[[-71.5918450139999,-33.5186878301309],[-71.5928714689999,-33.5189572581309],[-71.5932898199999,-33.5183260681309],[-71.5921675479999,-33.5181923981309],[-71.5918450139999,-33.5186878301309]]]]}},{"type":"Feature","properties":{"id":"5605021005069","commune":"El Tabo","code":"05605","gse":"E","quintil":"Q1","nse_score":564.7,"educ":8.3,"educ_score":353.3,"hacin":1.5,"hacin_class":"Hacinamiento Medio","hacin_score":744.7,"auto_score":0.0,"n_per":24,"n_hog":10,"source_year":2024},"geometry":{"type":"MultiPolygon","coordinates":[[[[-71.5872990839999,-33.5208985551308],[-71.5868405669999,-33.5214848221308],[-71.5876603739999,-33.5217592431308],[-71.5880062049999,-33.5221903021308],[-71.5888345399999,-33.5222582691309],[-71.5890266349999,-33.5216891621308],[-71.5884626969999,-33.5215657131308],[-71.5883247019999,-33.5219230031308],[-71.5881373869999,-33.5221223631308],[-71.5884148779999,-33.5215525701308],[-71.5872990839999,-33.5208985551308]]],[[[-71.5863445339999,-33.5203509611309],[-71.5854210169999,-33.5212399721308],[-71.5856225149999,-33.5215213631308],[-71.5863745219999,-33.5213805171309],[-71.5867984599999,-33.5214753981308],[-71.5872680719999,-33.5208720291308],[-71.5870281549999,-33.5207715791308],[-71.5867688299999,-33.5210933431309],[-71.5869844879999,-33.5207315901309],[-71.5868596239999,-33.5206589401308],[-71.5865396569999,-33.5209733001308],[-71.5868067159999,-33.5206277271308],[-71.5865893579999,-33.5204979441309],[-71.5862628269999,-33.5208176951308],[-71.5865361359999,-33.5204670371308],[-71.5863445339999,-33.5203509611309]]]]}},{"type":"Feature","properties":{"id":"5605021005008","commune":"El Tabo","code":"05605","gse":"C3","quintil":"Q2","nse_score":690.7,"educ":12.8,"educ_score":653.3,"hacin":1.25,"hacin_class":"Hacinamiento Leve","hacin_score":797.9,"auto_score":200.0,"n_per":15,"n_hog":8,"source_year":2024},"geometry":{"type":"MultiPolygon","coordinates":[[[[-71.5982489709999,-33.5145576741309],[-71.5984503379999,-33.5139347921309],[-71.5981166379999,-33.5138592721309],[-71.5980806709999,-33.5134883321309],[-71.5978528109999,-33.5136614841309],[-71.5982489709999,-33.5145576741309]]],[[[-71.5983612119999,-33.5145771941309],[-71.5988077439999,-33.5146849351309],[-71.5993601729999,-33.512421344131],[-71.5988942379999,-33.5123419751309],[-71.5983612119999,-33.5145771941309]]]]}},{"type":"Feature","properties":{"id":"5605021005019","commune":"El Tabo","code":"05605","gse":"D","quintil":"Q2","nse_score":662.4,"educ":11.4,"educ_score":560.0,"hacin":1.462,"hacin_class":"Hacinamiento Leve","hacin_score":752.9,"auto_score":437.5,"n_per":19,"n_hog":6,"source_year":2024},"geometry":{"type":"MultiPolygon","coordinates":[[[[-71.6027831029999,-33.5151310111309],[-71.6033341609999,-33.5152679651309],[-71.6036081509999,-33.5144604001309],[-71.6030688949999,-33.5143408671309],[-71.6027831029999,-33.5151310111309]]],[[[-71.6042313009999,-33.5145687651309],[-71.6045047469999,-33.513951059131],[-71.6038925679999,-33.5138238781309],[-71.6036946989999,-33.514431374131],[-71.6042313009999,-33.5145687651309]]]]}},{"type":"Feature","properties":{"id":"5605021005020","commune":"El Tabo","code":"05605","gse":"C2","quintil":"Q3","nse_score":736.7,"educ":12.5,"educ_score":633.3,"hacin":1.5,"hacin_class":"Hacinamiento Medio","hacin_score":744.7,"auto_score":50.0,"n_per":21,"n_hog":10,"source_year":2024},"geometry":{"type":"MultiPolygon","coordinates":[[[[-71.6085188229999,-33.5165062931309],[-71.6088069979999,-33.5157031501309],[-71.6083669929999,-33.5155516061309],[-71.6080360319999,-33.5163755411309],[-71.6085188229999,-33.5165062931309]]],[[[-71.6077548909999,-33.5153512361309],[-71.6082923539999,-33.5154738401309],[-71.6086178699999,-33.5144615751309],[-71.6081223019999,-33.5143192691309],[-71.6077548909999,-33.5153512361309]]]]}},{"type":"Feature","properties":{"id":"5605021005024","commune":"El Tabo","code":"05605","gse":"C2","quintil":"Q4","nse_score":770.0,"educ":13.3,"educ_score":686.7,"hacin":1.353,"hacin_class":"Hacinamiento Leve","hacin_score":776.0,"auto_score":125.0,"n_per":23,"n_hog":8,"source_year":2024},"geometry":{"type":"MultiPolygon","coordinates":[[[[-71.6046346219999,-33.5155774571309],[-71.6051803639999,-33.5157088141309],[-71.6054396449999,-33.5148891801309],[-71.6048935309999,-33.5147778501309],[-71.6046346219999,-33.5155774571309]]],[[[-71.6040398299999,-33.5154325441309],[-71.6045720669999,-33.5155527871309],[-71.6048414699999,-33.5147573981309],[-71.6042888649999,-33.5146440491309],[-71.6040398299999,-33.5154325441309]]]]}},{"type":"Feature","properties":{"id":"5605021005025","commune":"El Tabo","code":"05605","gse":"E","quintil":"Q1","nse_score":523.8,"educ":8.9,"educ_score":393.3,"hacin":1.0,"hacin_class":"Hacinamiento Leve","hacin_score":851.1,"auto_score":0.0,"n_per":13,"n_hog":6,"source_year":2024},"geometry":{"type":"MultiPolygon","coordinates":[[[[-71.5924866899999,-33.5156161781309],[-71.5930741499999,-33.5159405651309],[-71.5934974419999,-33.5156070161309],[-71.5929097849999,-33.5152682191309],[-71.5924866899999,-33.5156161781309]]],[[[-71.5925527049999,-33.5149921371309],[-71.5935484839999,-33.5155679391309],[-71.594069509,-33.5151566321309],[-71.5933605469999,-33.5147708651309],[-71.5925527049999,-33.5149921371309]]]]}},{"type":"Feature","properties":{"id":"5605021005030","commune":"El Tabo","code":"05605","gse":"D","quintil":"Q2","nse_score":675.5,"educ":12.1,"educ_score":606.7,"hacin":1.353,"hacin_class":"Hacinamiento Leve","hacin_score":776.0,"auto_score":45.5,"n_per":23,"n_hog":8,"source_year":2024},"geometry":{"type":"MultiPolygon","coordinates":[[[[-71.6031545509999,-33.5161172061309],[-71.6036712109999,-33.5162122981309],[-71.6039181199999,-33.5154632591309],[-71.6033736939999,-33.5153359381309],[-71.6031545509999,-33.5161172061309]]],[[[-71.6029578189999,-33.5160798341309],[-71.6033168729999,-33.5153200491309],[-71.6027636429999,-33.5151825551309],[-71.6024929969999,-33.5159738181309],[-71.6029578189999,-33.5160798341309]]]]}},{"type":"Feature","properties":{"id":"5605021005027","commune":"El Tabo","code":"05605","gse":"E","quintil":"Q1","nse_score":607.7,"educ":11.0,"educ_score":533.3,"hacin":0.975,"hacin_class":"Sin Hacinamiento","hacin_score":856.4,"auto_score":41.7,"n_per":39,"n_hog":16,"source_year":2024},"geometry":{"type":"MultiPolygon","coordinates":[[[[-71.5913877959999,-33.5166241351309],[-71.5921415489999,-33.5168895231309],[-71.5923775589999,-33.5163966581309],[-71.5916393279999,-33.5160568341309],[-71.5913877959999,-33.5166241351309]]],[[[-71.5913247779999,-33.5165988031309],[-71.5915820909999,-33.5160308001309],[-71.5910710009999,-33.5155799631309],[-71.5899176299999,-33.5159600711309],[-71.5913247779999,-33.5165988031309]]],[[[-71.5924465789999,-33.5164183511309],[-71.5920896909999,-33.5171657591309],[-71.5921198459999,-33.5169404461309],[-71.589810069,-33.5159761921309],[-71.592397322,-33.5149890811309],[-71.5885688399999,-33.5160336201309],[-71.5894323979999,-33.5166051781309],[-71.5907870489999,-33.5172103631309],[-71.5902930179999,-33.5179898441309],[-71.5909006719999,-33.5178338361309],[-71.5915186689999,-33.5178398461309],[-71.592483479,-33.5181981781309],[-71.5931049589999,-33.5174803411309],[-71.5925540459999,-33.5182011151309],[-71.5929530199999,-33.5182497191309],[-71.5934582799999,-33.5175976691309],[-71.593017389,-33.5182681691309],[-71.5933269739999,-33.5182862471309],[-71.5940547859999,-33.5173424471309],[-71.5935928579999,-33.5172760961309],[-71.5940751899999,-33.5173194451309],[-71.5943347059999,-33.5169706061309],[-71.5938226889999,-33.5168990721309],[-71.5943530439999,-33.5169457501309],[-71.5945015009999,-33.5167590691309],[-71.5931273659999,-33.5166245111309],[-71.5932169799999,-33.5162634891309],[-71.5947598179999,-33.5149656721309],[-71.5945395789999,-33.5148886821309],[-71.5924465789999,-33.5164183511309]]]]}},{"type":"Feature","properties":{"id":"5605021005022","commune":"El Tabo","code":"05605","gse":"E","quintil":"Q1","nse_score":553.1,"educ":11.2,"educ_score":546.7,"hacin":1.464,"hacin_class":"Hacinamiento Leve","hacin_score":752.3,"auto_score":173.9,"n_per":41,"n_hog":13,"source_year":2024},"geometry":{"type":"MultiPolygon","coordinates":[[[[-71.5948756729999,-33.5164025381309],[-71.5950981939999,-33.5162926191309],[-71.5957288279999,-33.5157237971309],[-71.5955187299999,-33.5156018781309],[-71.5947159789999,-33.5162944481309],[-71.5948756729999,-33.5164025381309]]],[[[-71.5976015599999,-33.5143751151309],[-71.5977139729999,-33.5156179541309],[-71.5976001189999,-33.5156127281309],[-71.5967851899999,-33.5150894311309],[-71.5953890249999,-33.5147935181309],[-71.5951857619999,-33.514678224131],[-71.5952065409999,-33.5145229331309],[-71.5945787709999,-33.5148315991309],[-71.5956552059999,-33.5156443851309],[-71.5957759109999,-33.5156761701309],[-71.5958318879999,-33.5155456481309],[-71.5959202339999,-33.5156546661309],[-71.5958335469999,-33.5157066401309],[-71.5962395369999,-33.5162155221309],[-71.5963424889999,-33.5171293631309],[-71.5972622119999,-33.5178602381309],[-71.5977329319999,-33.5172559391309],[-71.5984514799999,-33.5170455161309],[-71.5987018699999,-33.5170930551309],[-71.5977902529999,-33.5172758551309],[-71.5973532909999,-33.5178393761309],[-71.5978329159999,-33.5182807131309],[-71.5982292719999,-33.5180453741309],[-71.5978782719999,-33.5183219971309],[-71.5980126389999,-33.5184161741308],[-71.5996871409999,-33.5173706611309],[-71.600914928,-33.5160178351309],[-71.6000893579999,-33.5155738341309],[-71.6009385969999,-33.5159876601309],[-71.601203601,-33.5154962461309],[-71.5996200879999,-33.515002083131],[-71.5993419339999,-33.5155357751309],[-71.5997887059999,-33.5156738461309],[-71.6000212249999,-33.5154091871309],[-71.5997237819999,-33.5152842941309],[-71.6001511969999,-33.5153175971309],[-71.5998033339999,-33.5157087831309],[-71.599324942,-33.5155689221309],[-71.5991285569999,-33.5159331601309],[-71.5996750449999,-33.5161067501309],[-71.5991115099999,-33.5159663181309],[-71.5988788489999,-33.5164105041309],[-71.5995683509999,-33.5149942301309],[-71.5987531809999,-33.5147561871309],[-71.5983317029999,-33.5156920771309],[-71.598728004,-33.5147490041309],[-71.5976015599999,-33.5143751151309]]]]}}]}