{"type":"FeatureCollection","features":[{"type":"Feature","properties":{"id":"7401011001001","commune":"Linares","code":"07401","gse":"C3","quintil":"Q3","nse_score":694.6,"educ":11.2,"educ_score":546.7,"hacin":1.148,"hacin_class":"Hacinamiento Leve","hacin_score":819.6,"auto_score":40.0,"n_per":132,"n_hog":49,"source_year":2024},"geometry":{"type":"Polygon","coordinates":[[[-71.6008837679999,-35.8370169261041],[-71.6011254139999,-35.837388935104],[-71.6018168669999,-35.8371814861041],[-71.6011537249999,-35.8374662481041],[-71.6013691489999,-35.8377777331041],[-71.6019833739999,-35.837659354104],[-71.6014060689999,-35.8378528591041],[-71.6016166539999,-35.838623436104],[-71.6027181939999,-35.838405784104],[-71.6020833129999,-35.8365492931041],[-71.6008837679999,-35.8370169261041]]]}},{"type":"Feature","properties":{"id":"7401011001002","commune":"Linares","code":"07401","gse":"C2","quintil":"Q3","nse_score":720.9,"educ":10.9,"educ_score":526.7,"hacin":1.25,"hacin_class":"Hacinamiento Leve","hacin_score":797.9,"auto_score":0.0,"n_per":65,"n_hog":25,"source_year":2024},"geometry":{"type":"Polygon","coordinates":[[[-71.6003582349999,-35.8371409711041],[-71.6010837929999,-35.8383645811041],[-71.6014149129999,-35.838271783104],[-71.6014796399999,-35.838103636104],[-71.6008099949999,-35.8370140171041],[-71.6003582349999,-35.8371409711041]]]}},{"type":"Feature","properties":{"id":"7401011001003","commune":"Linares","code":"07401","gse":"C2","quintil":"Q3","nse_score":712.4,"educ":11.1,"educ_score":540.0,"hacin":1.488,"hacin_class":"Hacinamiento Leve","hacin_score":747.2,"auto_score":111.1,"n_per":64,"n_hog":20,"source_year":2024},"geometry":{"type":"Polygon","coordinates":[[[-71.599995567,-35.8372209291041],[-71.6009717019999,-35.8387771111041],[-71.6015235669999,-35.838643479104],[-71.6013892159999,-35.8383534591041],[-71.6010582509999,-35.8384192131041],[-71.6002967509999,-35.8371648361041],[-71.599995567,-35.8372209291041]]]}},{"type":"Feature","properties":{"id":"7401011001004","commune":"Linares","code":"07401","gse":"C3","quintil":"Q3","nse_score":699.4,"educ":12.8,"educ_score":653.3,"hacin":1.27,"hacin_class":"Hacinamiento Leve","hacin_score":793.6,"auto_score":78.9,"n_per":47,"n_hog":16,"source_year":2024},"geometry":{"type":"Polygon","coordinates":[[[-71.6022424569999,-35.839921249104],[-71.6031388609999,-35.839652024104],[-71.6027686729999,-35.8385501501041],[-71.6016789479999,-35.8387618021041],[-71.6022424569999,-35.839921249104]]]}},{"type":"Feature","properties":{"id":"7401011001005","commune":"Linares","code":"07401","gse":"C2","quintil":"Q3","nse_score":718.9,"educ":11.6,"educ_score":573.3,"hacin":1.194,"hacin_class":"Hacinamiento Leve","hacin_score":809.7,"auto_score":66.7,"n_per":43,"n_hog":15,"source_year":2024},"geometry":{"type":"Polygon","coordinates":[[[-71.601540241,-35.840087322104],[-71.6021045109999,-35.839897253104],[-71.6015537389999,-35.838747724104],[-71.6010463379999,-35.838901680104],[-71.601540241,-35.840087322104]]]}},{"type":"Feature","properties":{"id":"7401011001006","commune":"Linares","code":"07401","gse":"C3","quintil":"Q3","nse_score":702.8,"educ":12.3,"educ_score":620.0,"hacin":1.087,"hacin_class":"Hacinamiento Leve","hacin_score":832.6,"auto_score":150.0,"n_per":50,"n_hog":22,"source_year":2024},"geometry":{"type":"Polygon","coordinates":[[[-71.6000530239999,-35.8404511891041],[-71.6014195289999,-35.840108747104],[-71.6009608539999,-35.838921558104],[-71.5995794749999,-35.839266930104],[-71.6000530239999,-35.8404511891041]]]}},{"type":"Feature","properties":{"id":"7401011001007","commune":"Linares","code":"07401","gse":"C2","quintil":"Q4","nse_score":769.8,"educ":13.9,"educ_score":726.7,"hacin":1.219,"hacin_class":"Hacinamiento Leve","hacin_score":804.5,"auto_score":132.7,"n_per":206,"n_hog":97,"source_year":2024},"geometry":{"type":"Polygon","coordinates":[[[-71.5980597179999,-35.839601761104],[-71.5985392529999,-35.840781135104],[-71.5999549739999,-35.840480096104],[-71.5994695509999,-35.8392693101041],[-71.5980597179999,-35.839601761104]]]}},{"type":"Feature","properties":{"id":"7401011001008","commune":"Linares","code":"07401","gse":"C3","quintil":"Q3","nse_score":696.4,"educ":13.8,"educ_score":720.0,"hacin":1.161,"hacin_class":"Hacinamiento Leve","hacin_score":816.9,"auto_score":250.0,"n_per":65,"n_hog":27,"source_year":2024},"geometry":{"type":"Polygon","coordinates":[[[-71.5970735579999,-35.841096788104],[-71.5984485299999,-35.840810138104],[-71.5979691419999,-35.8396352671041],[-71.5966207309999,-35.839952853104],[-71.5970735579999,-35.841096788104]]]}},{"type":"Feature","properties":{"id":"7401011001009","commune":"Linares","code":"07401","gse":"C1","quintil":"Q5","nse_score":808.6,"educ":14.2,"educ_score":746.7,"hacin":1.011,"hacin_class":"Hacinamiento Leve","hacin_score":848.8,"auto_score":74.5,"n_per":93,"n_hog":44,"source_year":2024},"geometry":{"type":"Polygon","coordinates":[[[-71.6015340409999,-35.840170996104],[-71.6021746949999,-35.841684860104],[-71.6031550299999,-35.841514896104],[-71.6021585819999,-35.841752809104],[-71.6024439509999,-35.842535283104],[-71.6039156399999,-35.842210451104],[-71.6031652949999,-35.839759165104],[-71.6015340409999,-35.840170996104]]]}},{"type":"Feature","properties":{"id":"7401011001010","commune":"Linares","code":"07401","gse":"C2","quintil":"Q4","nse_score":724.9,"educ":13.5,"educ_score":700.0,"hacin":1.085,"hacin_class":"Hacinamiento Leve","hacin_score":833.0,"auto_score":75.0,"n_per":51,"n_hog":20,"source_year":2024},"geometry":{"type":"Polygon","coordinates":[[[-71.5964640749999,-35.839968312104],[-71.5951571439999,-35.840281927104],[-71.5955897959999,-35.841403740104],[-71.5969705739999,-35.841112504104],[-71.5964640749999,-35.839968312104]]]}},{"type":"Feature","properties":{"id":"7401011001011","commune":"Linares","code":"07401","gse":"C2","quintil":"Q4","nse_score":751.4,"educ":13.3,"educ_score":686.7,"hacin":0.977,"hacin_class":"Sin Hacinamiento","hacin_score":855.9,"auto_score":137.5,"n_per":86,"n_hog":37,"source_year":2024},"geometry":{"type":"Polygon","coordinates":[[[-71.6009115169999,-35.840921266104],[-71.6006604209999,-35.8403882091041],[-71.6000935749999,-35.840540188104],[-71.6005284739999,-35.841643907104],[-71.6018746669999,-35.841353364104],[-71.6014027719999,-35.840218906104],[-71.6007883729999,-35.840376425104],[-71.6009115169999,-35.840921266104]]]}},{"type":"Feature","properties":{"id":"7401011001012","commune":"Linares","code":"07401","gse":"C3","quintil":"Q3","nse_score":702.2,"educ":13.2,"educ_score":680.0,"hacin":1.038,"hacin_class":"Hacinamiento Leve","hacin_score":842.9,"auto_score":90.9,"n_per":54,"n_hog":19,"source_year":2024},"geometry":{"type":"Polygon","coordinates":[[[-71.5941140889999,-35.841701517104],[-71.5954734469999,-35.841410761104],[-71.5950613819999,-35.840315542104],[-71.5936428349999,-35.840594051104],[-71.5941140889999,-35.841701517104]]]}},{"type":"Feature","properties":{"id":"7401011001013","commune":"Linares","code":"07401","gse":"C3","quintil":"Q2","nse_score":663.1,"educ":12.9,"educ_score":660.0,"hacin":1.026,"hacin_class":"Hacinamiento Leve","hacin_score":845.6,"auto_score":136.4,"n_per":40,"n_hog":20,"source_year":2024},"geometry":{"type":"Polygon","coordinates":[[[-71.5990632149999,-35.841970470104],[-71.6004006239999,-35.841677413104],[-71.5999879939999,-35.840575578104],[-71.5985979859999,-35.840870706104],[-71.5990632149999,-35.841970470104]]]}},{"type":"Feature","properties":{"id":"7401011001014","commune":"Linares","code":"07401","gse":"C3","quintil":"Q2","nse_score":654.2,"educ":13.1,"educ_score":673.3,"hacin":1.125,"hacin_class":"Hacinamiento Leve","hacin_score":824.5,"auto_score":166.7,"n_per":54,"n_hog":23,"source_year":2024},"geometry":{"type":"Polygon","coordinates":[[[-71.5925924879999,-35.842013786104],[-71.5939773959999,-35.841699963104],[-71.5935350769999,-35.840609898104],[-71.5921412599999,-35.840883349104],[-71.5925924879999,-35.842013786104]]]}},{"type":"Feature","properties":{"id":"7401011001015","commune":"Linares","code":"07401","gse":"C2","quintil":"Q4","nse_score":776.3,"educ":13.2,"educ_score":680.0,"hacin":1.016,"hacin_class":"Hacinamiento Leve","hacin_score":847.7,"auto_score":16.7,"n_per":64,"n_hog":28,"source_year":2024},"geometry":{"type":"Polygon","coordinates":[[[-71.5985477599999,-35.842079633104],[-71.5989188579999,-35.841940136104],[-71.5984990179999,-35.840926217104],[-71.5981397529999,-35.840952017104],[-71.5985477599999,-35.842079633104]]]}},{"type":"Feature","properties":{"id":"7401011001016","commune":"Linares","code":"07401","gse":"C2","quintil":"Q3","nse_score":714.9,"educ":12.9,"educ_score":660.0,"hacin":1.25,"hacin_class":"Hacinamiento Leve","hacin_score":797.9,"auto_score":173.1,"n_per":55,"n_hog":26,"source_year":2024},"geometry":{"type":"Polygon","coordinates":[[[-71.597553494,-35.842289453104],[-71.5984191269999,-35.842088284104],[-71.5980031489999,-35.8409955321041],[-71.597112035,-35.841186058104],[-71.597553494,-35.842289453104]]]}},{"type":"Feature","properties":{"id":"7401011001017","commune":"Linares","code":"07401","gse":"C1","quintil":"Q5","nse_score":809.6,"educ":14.3,"educ_score":753.3,"hacin":1.178,"hacin_class":"Hacinamiento Leve","hacin_score":813.2,"auto_score":89.3,"n_per":86,"n_hog":27,"source_year":2024},"geometry":{"type":"Polygon","coordinates":[[[-71.5969399019999,-35.841187735104],[-71.5956333329999,-35.841465892104],[-71.5960349379999,-35.842579360104],[-71.5967302469999,-35.842451662104],[-71.596415637,-35.841714871104],[-71.5965294019999,-35.841586226104],[-71.5966640449999,-35.841673448104],[-71.596604898,-35.841800912104],[-71.5968150429999,-35.842431802104],[-71.5974246189999,-35.842305954104],[-71.5969399019999,-35.841187735104]]]}},{"type":"Feature","properties":{"id":"7401011001018","commune":"Linares","code":"07401","gse":"C3","quintil":"Q2","nse_score":656.6,"educ":12.6,"educ_score":640.0,"hacin":1.244,"hacin_class":"Hacinamiento Leve","hacin_score":799.2,"auto_score":43.5,"n_per":51,"n_hog":23,"source_year":2024},"geometry":{"type":"Polygon","coordinates":[[[-71.6009934379999,-35.842841612104],[-71.6023325889999,-35.842546709104],[-71.6019210129999,-35.841469532104],[-71.6005736399999,-35.841724048104],[-71.6009934379999,-35.842841612104]]]}},{"type":"Feature","properties":{"id":"7401011001019","commune":"Linares","code":"07401","gse":"C2","quintil":"Q4","nse_score":779.0,"educ":14.5,"educ_score":766.7,"hacin":1.01,"hacin_class":"Hacinamiento Leve","hacin_score":849.0,"auto_score":107.8,"n_per":103,"n_hog":43,"source_year":2024},"geometry":{"type":"Polygon","coordinates":[[[-71.5945883439999,-35.842890034104],[-71.5959312749999,-35.842604134104],[-71.5955209239999,-35.841508881104],[-71.5946251669999,-35.841663436104],[-71.5947016129999,-35.841981755104],[-71.5942511019999,-35.842095140104],[-71.5945883439999,-35.842890034104]]]}},{"type":"Feature","properties":{"id":"7401011001021","commune":"Linares","code":"07401","gse":"ABC1","quintil":"Q5","nse_score":837.7,"educ":14.6,"educ_score":773.3,"hacin":0.9,"hacin_class":"Sin Hacinamiento","hacin_score":872.3,"auto_score":0.0,"n_per":18,"n_hog":6,"source_year":2024},"geometry":{"type":"Polygon","coordinates":[[[-71.5945105369999,-35.841701965104],[-71.59413767,-35.841777620104],[-71.5942096399999,-35.842032943104],[-71.594611546,-35.841956661104],[-71.5945105369999,-35.841701965104]]]}},{"type":"Feature","properties":{"id":"7401011001022","commune":"Linares","code":"07401","gse":"C3","quintil":"Q3","nse_score":693.1,"educ":13.0,"educ_score":666.7,"hacin":1.139,"hacin_class":"Hacinamiento Leve","hacin_score":821.5,"auto_score":50.0,"n_per":41,"n_hog":15,"source_year":2024},"geometry":{"type":"Polygon","coordinates":[[[-71.6004876459999,-35.841802523104],[-71.5990669339999,-35.842036077104],[-71.5994740249999,-35.843135894104],[-71.6008519489999,-35.842862702104],[-71.6004876459999,-35.841802523104]]]}},{"type":"Feature","properties":{"id":"7401011001023","commune":"Linares","code":"07401","gse":"C2","quintil":"Q4","nse_score":770.4,"educ":13.5,"educ_score":700.0,"hacin":1.14,"hacin_class":"Hacinamiento Leve","hacin_score":821.3,"auto_score":140.0,"n_per":57,"n_hog":23,"source_year":2024},"geometry":{"type":"Polygon","coordinates":[[[-71.5939525519999,-35.841798093104],[-71.5936135709999,-35.841915125104],[-71.5940138919999,-35.842947510104],[-71.594407885,-35.842925479104],[-71.5939525519999,-35.841798093104]]]}},{"type":"Feature","properties":{"id":"7401011001024","commune":"Linares","code":"07401","gse":"C2","quintil":"Q4","nse_score":735.8,"educ":13.0,"educ_score":666.7,"hacin":1.175,"hacin_class":"Hacinamiento Leve","hacin_score":813.7,"auto_score":0.0,"n_per":67,"n_hog":31,"source_year":2024},"geometry":{"type":"Polygon","coordinates":[[[-71.5934396409999,-35.841903265104],[-71.5931249919999,-35.842006796104],[-71.5935368099999,-35.843052453104],[-71.5938908489999,-35.843035794104],[-71.5934396409999,-35.841903265104]]]}},{"type":"Feature","properties":{"id":"7401011001025","commune":"Linares","code":"07401","gse":"C1","quintil":"Q5","nse_score":783.0,"educ":13.7,"educ_score":713.3,"hacin":1.286,"hacin_class":"Hacinamiento Leve","hacin_score":790.3,"auto_score":75.8,"n_per":81,"n_hog":31,"source_year":2024},"geometry":{"type":"Polygon","coordinates":[[[-71.5930929969999,-35.843209688104],[-71.5934597109999,-35.843085665104],[-71.5930656699999,-35.842044130104],[-71.5926466459999,-35.842062190104],[-71.5930929969999,-35.843209688104]]]}},{"type":"Feature","properties":{"id":"7401011001026","commune":"Linares","code":"07401","gse":"D","quintil":"Q2","nse_score":641.2,"educ":12.8,"educ_score":653.3,"hacin":0.917,"hacin_class":"Sin Hacinamiento","hacin_score":868.8,"auto_score":57.7,"n_per":33,"n_hog":18,"source_year":2024},"geometry":{"type":"Polygon","coordinates":[[[-71.5980172149999,-35.843451337104],[-71.5993848809999,-35.843160357104],[-71.5989590209999,-35.842078972104],[-71.5975845079999,-35.842361081104],[-71.5980172149999,-35.843451337104]]]}},{"type":"Feature","properties":{"id":"7401011001027","commune":"Linares","code":"07401","gse":"C3","quintil":"Q3","nse_score":705.4,"educ":12.6,"educ_score":640.0,"hacin":0.885,"hacin_class":"Sin Hacinamiento","hacin_score":875.6,"auto_score":33.3,"n_per":23,"n_hog":14,"source_year":2024},"geometry":{"type":"Polygon","coordinates":[[[-71.5965180169999,-35.843772185104],[-71.5978612989999,-35.843486256104],[-71.5974938779999,-35.842403601104],[-71.5960828149999,-35.842668458104],[-71.5965180169999,-35.843772185104]]]}},{"type":"Feature","properties":{"id":"7401011001028","commune":"Linares","code":"07401","gse":"D","quintil":"Q1","nse_score":597.4,"educ":10.5,"educ_score":500.0,"hacin":1.348,"hacin_class":"Hacinamiento Leve","hacin_score":777.1,"auto_score":178.6,"n_per":31,"n_hog":16,"source_year":2024},"geometry":{"type":"Polygon","coordinates":[[[-71.6014883389999,-35.844065705104],[-71.6028305159999,-35.843788758104],[-71.6023950859999,-35.842649007104],[-71.6009957409999,-35.842922681104],[-71.6014883389999,-35.844065705104]]]}},{"type":"Feature","properties":{"id":"7401011001029","commune":"Linares","code":"07401","gse":"C1","quintil":"Q5","nse_score":795.0,"educ":15.0,"educ_score":800.0,"hacin":0.692,"hacin_class":"Sin Hacinamiento","hacin_score":916.5,"auto_score":125.0,"n_per":9,"n_hog":4,"source_year":2024},"geometry":{"type":"Polygon","coordinates":[[[-71.5950348149999,-35.844070860104],[-71.5963691189999,-35.843788924104],[-71.5959753479999,-35.842693314104],[-71.5946063959999,-35.842966257104],[-71.5950348149999,-35.844070860104]]]}},{"type":"Feature","properties":{"id":"7401011001030","commune":"Linares","code":"07401","gse":"C3","quintil":"Q3","nse_score":700.7,"educ":13.5,"educ_score":700.0,"hacin":1.182,"hacin_class":"Hacinamiento Leve","hacin_score":812.4,"auto_score":76.9,"n_per":26,"n_hog":10,"source_year":2024},"geometry":{"type":"Polygon","coordinates":[[[-71.5995211119999,-35.843243034104],[-71.599984263,-35.844364169104],[-71.6013491209999,-35.844082241104],[-71.6009115849999,-35.842951543104],[-71.5995211119999,-35.843243034104]]]}},{"type":"Feature","properties":{"id":"7401011001031","commune":"Linares","code":"07401","gse":"C2","quintil":"Q4","nse_score":729.0,"educ":12.5,"educ_score":633.3,"hacin":0.877,"hacin_class":"Sin Hacinamiento","hacin_score":877.2,"auto_score":20.8,"n_per":50,"n_hog":23,"source_year":2024},"geometry":{"type":"Polygon","coordinates":[[[-71.5942984449999,-35.844231889104],[-71.5948929309999,-35.844073202104],[-71.5944691049999,-35.842978236104],[-71.5939071189999,-35.843121068104],[-71.5942984449999,-35.844231889104]]]}},{"type":"Feature","properties":{"id":"7401011001032","commune":"Linares","code":"07401","gse":"C3","quintil":"Q3","nse_score":702.0,"educ":12.5,"educ_score":633.3,"hacin":1.0,"hacin_class":"Hacinamiento Leve","hacin_score":851.1,"auto_score":33.3,"n_per":16,"n_hog":14,"source_year":2024},"geometry":{"type":"Polygon","coordinates":[[[-71.5930959189999,-35.843323359104],[-71.5932860209999,-35.843711330104],[-71.5937119999999,-35.843618051104],[-71.5936837079999,-35.843440471104],[-71.59374177,-35.843611173104],[-71.5939425959999,-35.843530405104],[-71.5937600529999,-35.843119738104],[-71.5930959189999,-35.843323359104]]]}},{"type":"Feature","properties":{"id":"7401011001035","commune":"Linares","code":"07401","gse":"C2","quintil":"Q4","nse_score":741.4,"educ":13.1,"educ_score":673.3,"hacin":1.03,"hacin_class":"Hacinamiento Leve","hacin_score":844.6,"auto_score":31.2,"n_per":34,"n_hog":13,"source_year":2024},"geometry":{"type":"Polygon","coordinates":[[[-71.5938236049999,-35.843891610104],[-71.5937290719999,-35.843666719104],[-71.5932909359999,-35.843787837104],[-71.5935187549999,-35.844377792104],[-71.5941700859999,-35.844237538104],[-71.5939680949999,-35.843633507104],[-71.5937583599999,-35.843659948104],[-71.5938236049999,-35.843891610104]]]}},{"type":"Feature","properties":{"id":"7401011001038","commune":"Linares","code":"07401","gse":"C2","quintil":"Q4","nse_score":761.3,"educ":12.1,"educ_score":606.7,"hacin":0.792,"hacin_class":"Sin Hacinamiento","hacin_score":895.4,"auto_score":100.0,"n_per":19,"n_hog":9,"source_year":2024},"geometry":{"type":"Polygon","coordinates":[[[-71.5935630259999,-35.844462461104],[-71.5940016629999,-35.845566124104],[-71.5949151999999,-35.845393162104],[-71.5947211129999,-35.844915147104],[-71.5949854289999,-35.845382631104],[-71.5953555559999,-35.8452754871039],[-71.5949303319999,-35.844180553104],[-71.5935630259999,-35.844462461104]]]}},{"type":"Feature","properties":{"id":"7401011001036","commune":"Linares","code":"07401","gse":"C2","quintil":"Q4","nse_score":776.4,"educ":12.9,"educ_score":660.0,"hacin":0.889,"hacin_class":"Sin Hacinamiento","hacin_score":874.7,"auto_score":250.0,"n_per":16,"n_hog":6,"source_year":2024},"geometry":{"type":"MultiPolygon","coordinates":[[[[-71.595526607,-35.845266162104],[-71.5968326009999,-35.844995691104],[-71.5964431649999,-35.843895482104],[-71.5950376019999,-35.844160208104],[-71.595526607,-35.845266162104]]],[[[-71.5971127729999,-35.843700738104],[-71.5965271249999,-35.843871134104],[-71.5970032289999,-35.844987495104],[-71.5976190539999,-35.844829963104],[-71.5971127729999,-35.843700738104]]]]}},{"type":"Feature","properties":{"id":"7401011001033","commune":"Linares","code":"07401","gse":"D","quintil":"Q1","nse_score":604.6,"educ":13.6,"educ_score":706.7,"hacin":2.046,"hacin_class":"Hacinamiento Medio","hacin_score":628.6,"auto_score":66.7,"n_per":45,"n_hog":13,"source_year":2024},"geometry":{"type":"MultiPolygon","coordinates":[[[[-71.5972911939999,-35.843719412104],[-71.5976988669999,-35.844805704104],[-71.5983441089999,-35.844701612104],[-71.5981119389999,-35.843990082104],[-71.5977067179999,-35.844070954104],[-71.5980741289999,-35.843923301104],[-71.5979475499999,-35.843574523104],[-71.5972911939999,-35.843719412104]]],[[[-71.5985118339999,-35.844667756104],[-71.5998733389999,-35.844389104104],[-71.5994096009999,-35.843249954104],[-71.5980264279999,-35.843532257104],[-71.5985118339999,-35.844667756104]]]]}},{"type":"Feature","properties":{"id":"7401011002001","commune":"Linares","code":"07401","gse":"C2","quintil":"Q3","nse_score":712.0,"educ":13.2,"educ_score":680.0,"hacin":1.091,"hacin_class":"Hacinamiento Leve","hacin_score":831.7,"auto_score":47.6,"n_per":48,"n_hog":21,"source_year":2024},"geometry":{"type":"Polygon","coordinates":[[[-71.590639328,-35.841172636104],[-71.5911065849999,-35.842307240104],[-71.5924754469999,-35.842020819104],[-71.5920305899999,-35.840894751104],[-71.590639328,-35.841172636104]]]}},{"type":"Feature","properties":{"id":"7401011002002","commune":"Linares","code":"07401","gse":"D","quintil":"Q1","nse_score":616.2,"educ":10.8,"educ_score":520.0,"hacin":1.425,"hacin_class":"Hacinamiento Leve","hacin_score":760.5,"auto_score":40.0,"n_per":67,"n_hog":23,"source_year":2024},"geometry":{"type":"Polygon","coordinates":[[[-71.5897317719999,-35.842634333104],[-71.5909769939999,-35.842332569104],[-71.5905344399999,-35.841170392104],[-71.5892618959999,-35.841418660104],[-71.5897317719999,-35.842634333104]]]}},{"type":"Feature","properties":{"id":"7401011002003","commune":"Linares","code":"07401","gse":"C2","quintil":"Q3","nse_score":718.8,"educ":13.1,"educ_score":673.3,"hacin":1.0,"hacin_class":"Hacinamiento Leve","hacin_score":851.1,"auto_score":0.0,"n_per":30,"n_hog":14,"source_year":2024},"geometry":{"type":"Polygon","coordinates":[[[-71.5888023429999,-35.842956317104],[-71.5909561929999,-35.8488167541039],[-71.5916680159999,-35.8486702611039],[-71.59054004,-35.845296158104],[-71.5899115749999,-35.845436140104],[-71.5905337409999,-35.845278883104],[-71.5900635789999,-35.843997193104],[-71.5896834489999,-35.844041444104],[-71.5896734049999,-35.843956034104],[-71.5900197109999,-35.843903500104],[-71.5899494679999,-35.843679683104],[-71.5895337859999,-35.843715687104],[-71.5899043749999,-35.843558976104],[-71.5890381309999,-35.841441511104],[-71.5884781409999,-35.841538853104],[-71.5888023429999,-35.842956317104]]]}},{"type":"Feature","properties":{"id":"7401011002004","commune":"Linares","code":"07401","gse":"C3","quintil":"Q2","nse_score":674.2,"educ":13.8,"educ_score":720.0,"hacin":1.3,"hacin_class":"Hacinamiento Leve","hacin_score":787.2,"auto_score":107.1,"n_per":26,"n_hog":9,"source_year":2024},"geometry":{"type":"Polygon","coordinates":[[[-71.5916023269999,-35.843508826104],[-71.5929549189999,-35.843200218104],[-71.5925241569999,-35.842114407104],[-71.5911602799999,-35.842405227104],[-71.5916023269999,-35.843508826104]]]}},{"type":"Feature","properties":{"id":"7401011002005","commune":"Linares","code":"07401","gse":"ABC1","quintil":"Q5","nse_score":840.5,"educ":14.6,"educ_score":773.3,"hacin":0.818,"hacin_class":"Sin Hacinamiento","hacin_score":889.7,"auto_score":178.6,"n_per":36,"n_hog":14,"source_year":2024},"geometry":{"type":"Polygon","coordinates":[[[-71.5902042979999,-35.843811657104],[-71.5914657789999,-35.843511773104],[-71.5910434259999,-35.842439295104],[-71.5897473459999,-35.842719623104],[-71.5902042979999,-35.843811657104]]]}},{"type":"Feature","properties":{"id":"7401011002007","commune":"Linares","code":"07401","gse":"C2","quintil":"Q4","nse_score":759.0,"educ":14.0,"educ_score":733.3,"hacin":1.273,"hacin_class":"Hacinamiento Leve","hacin_score":793.0,"auto_score":83.3,"n_per":42,"n_hog":16,"source_year":2024},"geometry":{"type":"Polygon","coordinates":[[[-71.5920841229999,-35.844674658104],[-71.5934095569999,-35.844402683104],[-71.593000162,-35.843325426104],[-71.591640374,-35.843593631104],[-71.5920841229999,-35.844674658104]]]}},{"type":"Feature","properties":{"id":"7401011002009","commune":"Linares","code":"07401","gse":"C2","quintil":"Q4","nse_score":780.8,"educ":14.4,"educ_score":760.0,"hacin":1.0,"hacin_class":"Hacinamiento Leve","hacin_score":851.1,"auto_score":178.6,"n_per":33,"n_hog":13,"source_year":2024},"geometry":{"type":"Polygon","coordinates":[[[-71.6019324409999,-35.845257624104],[-71.6032835839999,-35.844959670104],[-71.6028996349999,-35.843881899104],[-71.6014826399999,-35.844155961104],[-71.6019324409999,-35.845257624104]]]}},{"type":"Feature","properties":{"id":"7401011002011","commune":"Linares","code":"07401","gse":"ABC1","quintil":"Q5","nse_score":827.3,"educ":14.4,"educ_score":760.0,"hacin":0.875,"hacin_class":"Sin Hacinamiento","hacin_score":877.7,"auto_score":0.0,"n_per":14,"n_hog":5,"source_year":2024},"geometry":{"type":"Polygon","coordinates":[[[-71.6013437809999,-35.844170041104],[-71.6000147649999,-35.844440121104],[-71.6004100779999,-35.845549203104],[-71.6018047269999,-35.845272928104],[-71.6013437809999,-35.844170041104]]]}},{"type":"Feature","properties":{"id":"7401011002013","commune":"Linares","code":"07401","gse":"D","quintil":"Q2","nse_score":646.0,"educ":13.3,"educ_score":686.7,"hacin":1.118,"hacin_class":"Hacinamiento Leve","hacin_score":826.0,"auto_score":0.0,"n_per":19,"n_hog":12,"source_year":2024},"geometry":{"type":"Polygon","coordinates":[[[-71.5925379199999,-35.845874313104],[-71.5938598199999,-35.845587214104],[-71.5934621669999,-35.844509706104],[-71.5920917489999,-35.844760119104],[-71.5925379199999,-35.845874313104]]]}},{"type":"Feature","properties":{"id":"7401011002015","commune":"Linares","code":"07401","gse":"C3","quintil":"Q2","nse_score":662.0,"educ":13.8,"educ_score":720.0,"hacin":1.333,"hacin_class":"Hacinamiento Leve","hacin_score":780.1,"auto_score":0.0,"n_per":20,"n_hog":8,"source_year":2024},"geometry":{"type":"Polygon","coordinates":[[[-71.5910913609999,-35.846162261104],[-71.5923544039999,-35.845867586104],[-71.5919784429999,-35.844807631104],[-71.5906467209999,-35.845088739104],[-71.5910913609999,-35.846162261104]]]}},{"type":"Feature","properties":{"id":"7401011002022","commune":"Linares","code":"07401","gse":"C1","quintil":"Q5","nse_score":802.0,"educ":15.6,"educ_score":840.0,"hacin":1.421,"hacin_class":"Hacinamiento Leve","hacin_score":761.5,"auto_score":250.0,"n_per":27,"n_hog":9,"source_year":2024},"geometry":{"type":"Polygon","coordinates":[[[-71.6009292409999,-35.846763760104],[-71.6022727009999,-35.8464822841039],[-71.6018439269999,-35.845349709104],[-71.6004436409999,-35.845634102104],[-71.6009292409999,-35.846763760104]]]}},{"type":"Feature","properties":{"id":"7401011002023","commune":"Linares","code":"07401","gse":"C2","quintil":"Q4","nse_score":772.0,"educ":13.0,"educ_score":666.7,"hacin":1.0,"hacin_class":"Hacinamiento Leve","hacin_score":851.1,"auto_score":375.0,"n_per":12,"n_hog":4,"source_year":2024},"geometry":{"type":"Polygon","coordinates":[[[-71.5944873119999,-35.846783350104],[-71.5958323169999,-35.8464864771039],[-71.5954262399999,-35.845395638104],[-71.5940245009999,-35.845651257104],[-71.5944873119999,-35.846783350104]]]}},{"type":"Feature","properties":{"id":"7401011002024","commune":"Linares","code":"07401","gse":"C3","quintil":"Q3","nse_score":703.2,"educ":14.4,"educ_score":760.0,"hacin":2.489,"hacin_class":"Hacinamiento Medio","hacin_score":534.3,"auto_score":222.2,"n_per":112,"n_hog":18,"source_year":2024},"geometry":{"type":"Polygon","coordinates":[[[-71.5994176979999,-35.847080667104],[-71.60080511,-35.8467744041039],[-71.6003439759999,-35.845654287104],[-71.5989543449999,-35.845941247104],[-71.5994176979999,-35.847080667104]]]}},{"type":"Feature","properties":{"id":"7401011002025","commune":"Linares","code":"07401","gse":"C2","quintil":"Q4","nse_score":777.2,"educ":14.6,"educ_score":773.3,"hacin":1.0,"hacin_class":"Hacinamiento Leve","hacin_score":851.1,"auto_score":62.5,"n_per":11,"n_hog":7,"source_year":2024},"geometry":{"type":"Polygon","coordinates":[[[-71.5959847499999,-35.846470652104],[-71.5973047929999,-35.846193254104],[-71.5971689649999,-35.845709476104],[-71.5957606689999,-35.845933711104],[-71.5959847499999,-35.846470652104]]]}},{"type":"Feature","properties":{"id":"7401011002026","commune":"Linares","code":"07401","gse":"E","quintil":"Q1","nse_score":582.1,"educ":12.0,"educ_score":600.0,"hacin":1.364,"hacin_class":"Hacinamiento Leve","hacin_score":773.7,"auto_score":50.0,"n_per":15,"n_hog":10,"source_year":2024},"geometry":{"type":"Polygon","coordinates":[[[-71.5929976259999,-35.847087040104],[-71.5943404689999,-35.846780100104],[-71.5939312989999,-35.845689323104],[-71.5925522199999,-35.845939928104],[-71.5929976259999,-35.847087040104]]]}},{"type":"Feature","properties":{"id":"7401011002029","commune":"Linares","code":"07401","gse":"C1","quintil":"Q5","nse_score":789.0,"educ":13.7,"educ_score":713.3,"hacin":1.257,"hacin_class":"Hacinamiento Leve","hacin_score":796.4,"auto_score":205.9,"n_per":44,"n_hog":17,"source_year":2024},"geometry":{"type":"Polygon","coordinates":[[[-71.5923762779999,-35.845968221104],[-71.5910724139999,-35.846242265104],[-71.5914805429999,-35.8473871541039],[-71.592853638,-35.8471006371039],[-71.5923762779999,-35.845968221104]]]}},{"type":"Feature","properties":{"id":"7401011002031","commune":"Linares","code":"07401","gse":"C2","quintil":"Q4","nse_score":739.8,"educ":13.8,"educ_score":720.0,"hacin":1.056,"hacin_class":"Hacinamiento Leve","hacin_score":839.2,"auto_score":45.5,"n_per":19,"n_hog":9,"source_year":2024},"geometry":{"type":"Polygon","coordinates":[[[-71.5979296899999,-35.847370043104],[-71.5985522059999,-35.847224863104],[-71.5980903409999,-35.846098277104],[-71.5974603429999,-35.846252982104],[-71.5979296899999,-35.847370043104]]]}},{"type":"Feature","properties":{"id":"7401011002032","commune":"Linares","code":"07401","gse":"C3","quintil":"Q3","nse_score":680.0,"educ":14.1,"educ_score":740.0,"hacin":1.222,"hacin_class":"Hacinamiento Leve","hacin_score":803.8,"auto_score":35.7,"n_per":33,"n_hog":14,"source_year":2024},"geometry":{"type":"Polygon","coordinates":[[[-71.6024088949999,-35.846542425104],[-71.6028390799999,-35.847605675104],[-71.6042459639999,-35.8472957631039],[-71.6038295389999,-35.846241232104],[-71.6024088949999,-35.846542425104]]]}},{"type":"Feature","properties":{"id":"7401011002037","commune":"Linares","code":"07401","gse":"C1","quintil":"Q5","nse_score":808.7,"educ":16.1,"educ_score":873.3,"hacin":0.762,"hacin_class":"Sin Hacinamiento","hacin_score":901.7,"auto_score":55.6,"n_per":16,"n_hog":8,"source_year":2024},"geometry":{"type":"Polygon","coordinates":[[[-71.5998611279999,-35.848238869104],[-71.6012635229999,-35.8479417591039],[-71.6008695079999,-35.846873212104],[-71.5994395119999,-35.8471430261039],[-71.5998611279999,-35.848238869104]]]}},{"type":"Feature","properties":{"id":"7401011002040","commune":"Linares","code":"07401","gse":"D","quintil":"Q2","nse_score":646.0,"educ":12.7,"educ_score":646.7,"hacin":1.125,"hacin_class":"Hacinamiento Leve","hacin_score":824.5,"auto_score":200.0,"n_per":9,"n_hog":4,"source_year":2024},"geometry":{"type":"Polygon","coordinates":[[[-71.5928951729999,-35.847180859104],[-71.5915172079999,-35.847471989104],[-71.5919256529999,-35.8485943371039],[-71.5933313589999,-35.8483206301039],[-71.5928951729999,-35.847180859104]]]}},{"type":"Feature","properties":{"id":"7401011002045","commune":"Linares","code":"07401","gse":"D","quintil":"Q2","nse_score":650.6,"educ":11.2,"educ_score":546.7,"hacin":1.367,"hacin_class":"Hacinamiento Leve","hacin_score":773.0,"auto_score":31.2,"n_per":41,"n_hog":16,"source_year":2024},"geometry":{"type":"Polygon","coordinates":[[[-71.593944415,-35.8495060701039],[-71.5953034789999,-35.8492063871039],[-71.5948733489999,-35.848089027104],[-71.593480886,-35.848375986104],[-71.593944415,-35.8495060701039]]]}},{"type":"Feature","properties":{"id":"7401011002046","commune":"Linares","code":"07401","gse":"D","quintil":"Q1","nse_score":596.4,"educ":12.8,"educ_score":653.3,"hacin":1.143,"hacin_class":"Hacinamiento Leve","hacin_score":820.7,"auto_score":55.6,"n_per":16,"n_hog":7,"source_year":2024},"geometry":{"type":"Polygon","coordinates":[[[-71.5924415299999,-35.8498368751039],[-71.5938245589999,-35.8495267661039],[-71.5933808709999,-35.8483961731039],[-71.5919872119999,-35.848678634104],[-71.5924415299999,-35.8498368751039]]]}},{"type":"Feature","properties":{"id":"7401011002047","commune":"Linares","code":"07401","gse":"E","quintil":"Q1","nse_score":543.4,"educ":9.4,"educ_score":426.7,"hacin":1.25,"hacin_class":"Hacinamiento Leve","hacin_score":797.9,"auto_score":83.3,"n_per":10,"n_hog":5,"source_year":2024},"geometry":{"type":"Polygon","coordinates":[[[-71.5909769389999,-35.8488722071039],[-71.5914117689999,-35.8500560381039],[-71.5923073029999,-35.8498389401039],[-71.5918958429999,-35.8487222071039],[-71.5909769389999,-35.8488722071039]]]}},{"type":"Feature","properties":{"id":"7401011002036","commune":"Linares","code":"07401","gse":"C2","quintil":"Q4","nse_score":739.3,"educ":14.4,"educ_score":760.0,"hacin":1.0,"hacin_class":"Hacinamiento Leve","hacin_score":851.1,"auto_score":0.0,"n_per":8,"n_hog":5,"source_year":2024},"geometry":{"type":"MultiPolygon","coordinates":[[[[-71.5954259109999,-35.8491990081039],[-71.5967940879999,-35.8488947511039],[-71.5963663939999,-35.847789141104],[-71.5949738049999,-35.8480823501039],[-71.5954259109999,-35.8491990081039]]],[[[-71.5934439669999,-35.8483046781039],[-71.5948435939999,-35.8480040441039],[-71.594409874,-35.846882253104],[-71.5929986149999,-35.8471651061039],[-71.5934439669999,-35.8483046781039]]],[[[-71.5949653449999,-35.847996173104],[-71.5963201039999,-35.8477062391039],[-71.5959050339999,-35.8465840501039],[-71.5944874169999,-35.846862551104],[-71.5949653449999,-35.847996173104]]]]}},{"type":"Feature","properties":{"id":"7401011002018","commune":"Linares","code":"07401","gse":"ABC1","quintil":"Q5","nse_score":854.2,"educ":16.1,"educ_score":873.3,"hacin":0.615,"hacin_class":"Sin Hacinamiento","hacin_score":932.9,"auto_score":0.0,"n_per":8,"n_hog":4,"source_year":2024},"geometry":{"type":"MultiPolygon","coordinates":[[[[-71.5986457149999,-35.8472235321039],[-71.5993080639999,-35.847069259104],[-71.5988538919999,-35.845947928104],[-71.5981922289999,-35.846110964104],[-71.5986457149999,-35.8472235321039]]],[[[-71.5989570789999,-35.845872671104],[-71.6003110019999,-35.845587401104],[-71.6001340409999,-35.845006047104],[-71.5987097869999,-35.845357337104],[-71.5989570789999,-35.845872671104]]]]}},{"type":"Feature","properties":{"id":"7401011002039","commune":"Linares","code":"07401","gse":"C3","quintil":"Q3","nse_score":690.4,"educ":12.5,"educ_score":633.3,"hacin":1.286,"hacin_class":"Hacinamiento Leve","hacin_score":790.3,"auto_score":0.0,"n_per":18,"n_hog":7,"source_year":2024},"geometry":{"type":"MultiPolygon","coordinates":[[[[-71.5975637859999,-35.8487338921039],[-71.5982778739999,-35.8485652181039],[-71.5978240949999,-35.847466408104],[-71.5971338189999,-35.8476435771039],[-71.5975637859999,-35.8487338921039]]],[[[-71.5983703779999,-35.848558710104],[-71.5997573429999,-35.8482628001039],[-71.5993327329999,-35.847167871104],[-71.597948948,-35.8474546931039],[-71.5983703779999,-35.848558710104]]]]}},{"type":"Feature","properties":{"id":"7401011002019","commune":"Linares","code":"07401","gse":"C2","quintil":"Q4","nse_score":731.0,"educ":13.7,"educ_score":713.3,"hacin":1.15,"hacin_class":"Hacinamiento Leve","hacin_score":819.1,"auto_score":0.0,"n_per":23,"n_hog":8,"source_year":2024},"geometry":{"type":"MultiPolygon","coordinates":[[[[-71.6013623299999,-35.847922025104],[-71.6027444519999,-35.847621246104],[-71.6023563409999,-35.846575110104],[-71.6009603839999,-35.846848711104],[-71.6013623299999,-35.847922025104]]],[[[-71.6032865489999,-35.845030903104],[-71.6019341079999,-35.845331420104],[-71.602381008,-35.846461910104],[-71.6037924639999,-35.846165424104],[-71.6032865489999,-35.845030903104]]]]}},{"type":"Feature","properties":{"id":"7401021001001","commune":"Linares","code":"07401","gse":"C2","quintil":"Q4","nse_score":729.1,"educ":12.7,"educ_score":646.7,"hacin":1.286,"hacin_class":"Hacinamiento Leve","hacin_score":790.3,"auto_score":0.0,"n_per":18,"n_hog":6,"source_year":2024},"geometry":{"type":"Polygon","coordinates":[[[-71.5904067309999,-35.8488975101039],[-71.5909561929999,-35.8488167541039],[-71.5885967389999,-35.842356860104],[-71.5884781409999,-35.841538853104],[-71.587686017,-35.841700492104],[-71.5876350579999,-35.841814256104],[-71.5902133319999,-35.8487484571039],[-71.5904067309999,-35.8488975101039]]]}},{"type":"Feature","properties":{"id":"7401021001002","commune":"Linares","code":"07401","gse":"C2","quintil":"Q3","nse_score":716.4,"educ":13.1,"educ_score":673.3,"hacin":1.252,"hacin_class":"Hacinamiento Leve","hacin_score":797.3,"auto_score":147.1,"n_per":124,"n_hog":46,"source_year":2024},"geometry":{"type":"Polygon","coordinates":[[[-71.5846118819999,-35.842311995104],[-71.5848514749999,-35.843501097104],[-71.5853844309999,-35.843390479104],[-71.5853364069999,-35.842976902104],[-71.5870118789999,-35.842692956104],[-71.5871844669999,-35.843085821104],[-71.5879184459999,-35.842880728104],[-71.5875502459999,-35.841865656104],[-71.5873253999999,-35.841748821104],[-71.5846118819999,-35.842311995104]]]}},{"type":"Feature","properties":{"id":"7401021001003","commune":"Linares","code":"07401","gse":"C3","quintil":"Q2","nse_score":673.8,"educ":10.9,"educ_score":526.7,"hacin":1.086,"hacin_class":"Hacinamiento Leve","hacin_score":832.8,"auto_score":200.0,"n_per":38,"n_hog":14,"source_year":2024},"geometry":{"type":"Polygon","coordinates":[[[-71.584459836,-35.842335631104],[-71.5831158459999,-35.842646128104],[-71.5835067489999,-35.843788596104],[-71.5847311199999,-35.843512701104],[-71.5847054099999,-35.843008511104],[-71.584459836,-35.842335631104]]]}},{"type":"Feature","properties":{"id":"7401021001004","commune":"Linares","code":"07401","gse":"E","quintil":"Q1","nse_score":479.9,"educ":7.7,"educ_score":313.3,"hacin":2.304,"hacin_class":"Hacinamiento Medio","hacin_score":573.7,"auto_score":87.5,"n_per":182,"n_hog":37,"source_year":2024},"geometry":{"type":"Polygon","coordinates":[[[-71.5818537199999,-35.844142434104],[-71.5834142919999,-35.843815941104],[-71.5830225479999,-35.842670668104],[-71.5813696289999,-35.843053220104],[-71.5818537199999,-35.844142434104]]]}},{"type":"Feature","properties":{"id":"7401021001005","commune":"Linares","code":"07401","gse":"ABC1","quintil":"Q5","nse_score":819.2,"educ":15.0,"educ_score":800.0,"hacin":1.036,"hacin_class":"Hacinamiento Leve","hacin_score":843.5,"auto_score":153.8,"n_per":29,"n_hog":12,"source_year":2024},"geometry":{"type":"Polygon","coordinates":[[[-71.5861556309999,-35.842882650104],[-71.5862779029999,-35.843249561104],[-71.5870781399999,-35.843092619104],[-71.5869810479999,-35.842734175104],[-71.5861556309999,-35.842882650104]]]}},{"type":"Feature","properties":{"id":"7401021001006","commune":"Linares","code":"07401","gse":"ABC1","quintil":"Q5","nse_score":861.2,"educ":14.7,"educ_score":780.0,"hacin":1.097,"hacin_class":"Hacinamiento Leve","hacin_score":830.5,"auto_score":458.3,"n_per":34,"n_hog":12,"source_year":2024},"geometry":{"type":"Polygon","coordinates":[[[-71.5854641399999,-35.843384256104],[-71.5861137909999,-35.843266615104],[-71.5860465249999,-35.842921053104],[-71.5853573739999,-35.843026024104],[-71.5854641399999,-35.843384256104]]]}},{"type":"Feature","properties":{"id":"7401021001008","commune":"Linares","code":"07401","gse":"D","quintil":"Q2","nse_score":652.2,"educ":10.5,"educ_score":500.0,"hacin":1.333,"hacin_class":"Hacinamiento Leve","hacin_score":780.1,"auto_score":102.3,"n_per":108,"n_hog":41,"source_year":2024},"geometry":{"type":"Polygon","coordinates":[[[-71.5851182679999,-35.845403402104],[-71.5884187419999,-35.844330095104],[-71.5879557849999,-35.842997096104],[-71.5847980119999,-35.843569848104],[-71.5851239039999,-35.844721038104],[-71.5849113909999,-35.844856305104],[-71.5851182679999,-35.845403402104]]]}},{"type":"Feature","properties":{"id":"7401021001010","commune":"Linares","code":"07401","gse":"C3","quintil":"Q3","nse_score":683.9,"educ":10.9,"educ_score":526.7,"hacin":0.907,"hacin_class":"Sin Hacinamiento","hacin_score":870.8,"auto_score":120.0,"n_per":49,"n_hog":24,"source_year":2024},"geometry":{"type":"Polygon","coordinates":[[[-71.5846669679999,-35.844828503104],[-71.5850600029999,-35.844713401104],[-71.5846938509999,-35.843590114104],[-71.5842626159999,-35.843712062104],[-71.5846669679999,-35.844828503104]]]}},{"type":"Feature","properties":{"id":"7401021001011","commune":"Linares","code":"07401","gse":"C3","quintil":"Q3","nse_score":691.2,"educ":11.3,"educ_score":553.3,"hacin":1.317,"hacin_class":"Hacinamiento Leve","hacin_score":783.6,"auto_score":65.2,"n_per":54,"n_hog":24,"source_year":2024},"geometry":{"type":"Polygon","coordinates":[[[-71.5841777789999,-35.843709382104],[-71.5835232459999,-35.843890208104],[-71.5839484649999,-35.844989694104],[-71.5845761269999,-35.844822962104],[-71.5841777789999,-35.843709382104]]]}},{"type":"Feature","properties":{"id":"7401021001012","commune":"Linares","code":"07401","gse":"D","quintil":"Q1","nse_score":622.8,"educ":11.4,"educ_score":560.0,"hacin":1.19,"hacin_class":"Hacinamiento Leve","hacin_score":810.7,"auto_score":138.9,"n_per":94,"n_hog":36,"source_year":2024},"geometry":{"type":"Polygon","coordinates":[[[-71.5823253849999,-35.845345590104],[-71.5838190649999,-35.845010505104],[-71.5834361359999,-35.843892084104],[-71.5818589479999,-35.844227725104],[-71.5823253849999,-35.845345590104]]]}},{"type":"Feature","properties":{"id":"7401021001013","commune":"Linares","code":"07401","gse":"D","quintil":"Q2","nse_score":647.3,"educ":10.2,"educ_score":480.0,"hacin":1.143,"hacin_class":"Hacinamiento Leve","hacin_score":820.7,"auto_score":68.2,"n_per":48,"n_hog":21,"source_year":2024},"geometry":{"type":"Polygon","coordinates":[[[-71.5869868449999,-35.844892732104],[-71.5871503589999,-35.845261559104],[-71.5877930709999,-35.845102428104],[-71.5871573589999,-35.845316326104],[-71.5874054739999,-35.845915732104],[-71.5888432799999,-35.845438588104],[-71.5884330899999,-35.844388372104],[-71.5869868449999,-35.844892732104]]]}},{"type":"Feature","properties":{"id":"7401021001014","commune":"Linares","code":"07401","gse":"C3","quintil":"Q3","nse_score":697.4,"educ":11.0,"educ_score":533.3,"hacin":1.103,"hacin_class":"Hacinamiento Leve","hacin_score":829.2,"auto_score":29.4,"n_per":43,"n_hog":17,"source_year":2024},"geometry":{"type":"Polygon","coordinates":[[[-71.5843401729999,-35.8461608931039],[-71.5852005269999,-35.845940687104],[-71.5848051679999,-35.844845072104],[-71.5839451269999,-35.845057366104],[-71.5843401729999,-35.8461608931039]]]}},{"type":"Feature","properties":{"id":"7401021001015","commune":"Linares","code":"07401","gse":"D","quintil":"Q2","nse_score":633.9,"educ":9.8,"educ_score":453.3,"hacin":1.333,"hacin_class":"Hacinamiento Leve","hacin_score":780.1,"auto_score":129.6,"n_per":72,"n_hog":28,"source_year":2024},"geometry":{"type":"Polygon","coordinates":[[[-71.5858574849999,-35.845779352104],[-71.5870779559999,-35.845397084104],[-71.5869378489999,-35.844907308104],[-71.5856839769999,-35.845283797104],[-71.5858574849999,-35.845779352104]]]}},{"type":"Feature","properties":{"id":"7401021001016","commune":"Linares","code":"07401","gse":"D","quintil":"Q2","nse_score":635.4,"educ":11.1,"educ_score":540.0,"hacin":1.278,"hacin_class":"Hacinamiento Leve","hacin_score":792.0,"auto_score":106.1,"n_per":92,"n_hog":33,"source_year":2024},"geometry":{"type":"Polygon","coordinates":[[[-71.5828211889999,-35.846519162104],[-71.5842180419999,-35.846164632104],[-71.5838563209999,-35.845081810104],[-71.5823516399999,-35.845407107104],[-71.5828211889999,-35.846519162104]]]}},{"type":"Feature","properties":{"id":"7401021001017","commune":"Linares","code":"07401","gse":"D","quintil":"Q2","nse_score":646.6,"educ":10.3,"educ_score":486.7,"hacin":1.444,"hacin_class":"Hacinamiento Leve","hacin_score":756.5,"auto_score":0.0,"n_per":26,"n_hog":9,"source_year":2024},"geometry":{"type":"Polygon","coordinates":[[[-71.5852862969999,-35.845932112104],[-71.5856843149999,-35.8458176051039],[-71.5855793249999,-35.845333149104],[-71.5851223989999,-35.845473679104],[-71.5852862969999,-35.845932112104]]]}},{"type":"Feature","properties":{"id":"7401021001018","commune":"Linares","code":"07401","gse":"D","quintil":"Q2","nse_score":650.5,"educ":10.8,"educ_score":520.0,"hacin":1.2,"hacin_class":"Hacinamiento Leve","hacin_score":808.5,"auto_score":0.0,"n_per":54,"n_hog":22,"source_year":2024},"geometry":{"type":"Polygon","coordinates":[[[-71.5859250929999,-35.846359805104],[-71.5872774459999,-35.8459680641039],[-71.5871327439999,-35.845475452104],[-71.5857669649999,-35.8458699051039],[-71.5859250929999,-35.846359805104]]]}},{"type":"Feature","properties":{"id":"7401021001019","commune":"Linares","code":"07401","gse":"C3","quintil":"Q2","nse_score":658.5,"educ":10.1,"educ_score":473.3,"hacin":1.237,"hacin_class":"Hacinamiento Leve","hacin_score":800.6,"auto_score":58.0,"n_per":172,"n_hog":71,"source_year":2024},"geometry":{"type":"Polygon","coordinates":[[[-71.5845191329999,-35.846775562104],[-71.5847333499999,-35.847289214104],[-71.5860167609999,-35.847063291104],[-71.5860298069999,-35.8472838351039],[-71.5849259369999,-35.8475734931039],[-71.5851253589999,-35.847929731104],[-71.5866080009999,-35.847595860104],[-71.5863717359999,-35.8468618611039],[-71.5865675729999,-35.847182120104],[-71.5878988019999,-35.846905574104],[-71.58844855,-35.8480023571039],[-71.589691334,-35.8477186841039],[-71.5888556369999,-35.845541974104],[-71.5845191329999,-35.846775562104]]]}},{"type":"Feature","properties":{"id":"7401021001020","commune":"Linares","code":"07401","gse":"C2","quintil":"Q3","nse_score":719.9,"educ":11.5,"educ_score":566.7,"hacin":1.22,"hacin_class":"Hacinamiento Leve","hacin_score":804.2,"auto_score":140.0,"n_per":72,"n_hog":24,"source_year":2024},"geometry":{"type":"Polygon","coordinates":[[[-71.5845281509999,-35.846683269104],[-71.5857786429999,-35.846410450104],[-71.5857043789999,-35.845902799104],[-71.5843531859999,-35.846224817104],[-71.5845281509999,-35.846683269104]]]}},{"type":"Feature","properties":{"id":"7401021001021","commune":"Linares","code":"07401","gse":"D","quintil":"Q2","nse_score":646.5,"educ":10.7,"educ_score":513.3,"hacin":1.306,"hacin_class":"Hacinamiento Leve","hacin_score":785.9,"auto_score":136.4,"n_per":145,"n_hog":56,"source_year":2024},"geometry":{"type":"Polygon","coordinates":[[[-71.5840629959999,-35.848972149104],[-71.5853264989999,-35.848668995104],[-71.5842300069999,-35.846245494104],[-71.5828542809999,-35.846622103104],[-71.5831040919999,-35.8472521651039],[-71.5835351449999,-35.847689049104],[-71.5840629959999,-35.848972149104]]]}},{"type":"Feature","properties":{"id":"7401021001022","commune":"Linares","code":"07401","gse":"C3","quintil":"Q2","nse_score":664.4,"educ":11.7,"educ_score":580.0,"hacin":1.464,"hacin_class":"Hacinamiento Leve","hacin_score":752.3,"auto_score":133.3,"n_per":41,"n_hog":13,"source_year":2024},"geometry":{"type":"Polygon","coordinates":[[[-71.587830848,-35.846968652104],[-71.5865800859999,-35.8472584641039],[-71.5870475509999,-35.8483254791039],[-71.5883245729999,-35.848041082104],[-71.5879711519999,-35.847034707104],[-71.587830848,-35.846968652104]]]}},{"type":"Feature","properties":{"id":"7401021001023","commune":"Linares","code":"07401","gse":"C3","quintil":"Q3","nse_score":700.5,"educ":11.9,"educ_score":593.3,"hacin":1.4,"hacin_class":"Hacinamiento Leve","hacin_score":766.0,"auto_score":166.7,"n_per":21,"n_hog":9,"source_year":2024},"geometry":{"type":"Polygon","coordinates":[[[-71.5848968589999,-35.8475266211039],[-71.5859907549999,-35.847253129104],[-71.5860207509999,-35.8472074171039],[-71.5859118109999,-35.8470700581039],[-71.5848008429999,-35.847332828104],[-71.5848968589999,-35.8475266211039]]]}},{"type":"Feature","properties":{"id":"7401021001024","commune":"Linares","code":"07401","gse":"D","quintil":"Q2","nse_score":638.9,"educ":11.8,"educ_score":586.7,"hacin":1.231,"hacin_class":"Hacinamiento Leve","hacin_score":802.0,"auto_score":90.9,"n_per":32,"n_hog":11,"source_year":2024},"geometry":{"type":"Polygon","coordinates":[[[-71.5859991639999,-35.847820784104],[-71.5862707709999,-35.8484819161039],[-71.5869434379999,-35.8483367351039],[-71.5866544479999,-35.8476624591039],[-71.5859991639999,-35.847820784104]]]}},{"type":"Feature","properties":{"id":"7401021001025","commune":"Linares","code":"07401","gse":"C3","quintil":"Q2","nse_score":652.7,"educ":11.0,"educ_score":533.3,"hacin":1.25,"hacin_class":"Hacinamiento Leve","hacin_score":797.9,"auto_score":66.7,"n_per":40,"n_hog":15,"source_year":2024},"geometry":{"type":"Polygon","coordinates":[[[-71.5851472059999,-35.8480058731039],[-71.5854051239999,-35.8486718091039],[-71.5861700609999,-35.848502112104],[-71.5858981619999,-35.847831972104],[-71.5851472059999,-35.8480058731039]]]}},{"type":"Feature","properties":{"id":"7401021002001","commune":"Linares","code":"07401","gse":"C3","quintil":"Q2","nse_score":671.3,"educ":12.5,"educ_score":633.3,"hacin":0.889,"hacin_class":"Sin Hacinamiento","hacin_score":874.7,"auto_score":0.0,"n_per":16,"n_hog":9,"source_year":2024},"geometry":{"type":"Polygon","coordinates":[[[-71.5890287759999,-35.8492043181039],[-71.5901327539999,-35.848962006104],[-71.5897328269999,-35.8478349611039],[-71.5884913819999,-35.848096073104],[-71.5890287759999,-35.8492043181039]]]}},{"type":"Feature","properties":{"id":"7401021002002","commune":"Linares","code":"07401","gse":"C2","quintil":"Q4","nse_score":723.7,"educ":12.0,"educ_score":600.0,"hacin":1.378,"hacin_class":"Hacinamiento Leve","hacin_score":770.7,"auto_score":162.5,"n_per":124,"n_hog":43,"source_year":2024},"geometry":{"type":"Polygon","coordinates":[[[-71.5857326639999,-35.8486692631039],[-71.5858161189999,-35.849172209104],[-71.5862555669999,-35.849068106104],[-71.5858263189999,-35.849230576104],[-71.5861052549999,-35.8498509911039],[-71.5871069399999,-35.8496311221039],[-71.5869285219999,-35.849080650104],[-71.5870190599999,-35.849056167104],[-71.5872277029999,-35.8496104941039],[-71.5888884859999,-35.8492006501039],[-71.588316743,-35.848108850104],[-71.5857326639999,-35.8486692631039]]]}},{"type":"Feature","properties":{"id":"7401021002003","commune":"Linares","code":"07401","gse":"C3","quintil":"Q2","nse_score":659.3,"educ":10.2,"educ_score":480.0,"hacin":1.173,"hacin_class":"Hacinamiento Leve","hacin_score":814.2,"auto_score":76.9,"n_per":61,"n_hog":25,"source_year":2024},"geometry":{"type":"Polygon","coordinates":[[[-71.5841073209999,-35.8491053411039],[-71.5845584109999,-35.850190745104],[-71.5859648919999,-35.8498540131039],[-71.5857060069999,-35.8491159941039],[-71.5852565979999,-35.849179750104],[-71.5856652389999,-35.8490537791039],[-71.5855426929999,-35.8487319401039],[-71.5841073209999,-35.8491053411039]]]}},{"type":"Feature","properties":{"id":"7401021002005","commune":"Linares","code":"07401","gse":"D","quintil":"Q2","nse_score":638.2,"educ":11.7,"educ_score":580.0,"hacin":1.064,"hacin_class":"Hacinamiento Leve","hacin_score":837.5,"auto_score":175.0,"n_per":50,"n_hog":19,"source_year":2024},"geometry":{"type":"Polygon","coordinates":[[[-71.5895283489999,-35.8504396961039],[-71.5908351769999,-35.850145616104],[-71.5904051569999,-35.8490192231039],[-71.5890751399999,-35.8492912651039],[-71.5895283489999,-35.8504396961039]]]}},{"type":"Feature","properties":{"id":"7401021002006","commune":"Linares","code":"07401","gse":"D","quintil":"Q2","nse_score":632.5,"educ":10.6,"educ_score":506.7,"hacin":1.4,"hacin_class":"Hacinamiento Leve","hacin_score":766.0,"auto_score":55.6,"n_per":42,"n_hog":17,"source_year":2024},"geometry":{"type":"Polygon","coordinates":[[[-71.5827767399999,-35.8497435791039],[-71.5840919059999,-35.8494616971039],[-71.5841298159999,-35.8493932821039],[-71.5839643139999,-35.8490588451039],[-71.5826357979999,-35.8493352901039],[-71.5827767399999,-35.8497435791039]]]}},{"type":"Feature","properties":{"id":"7401021002007","commune":"Linares","code":"07401","gse":"C3","quintil":"Q3","nse_score":696.9,"educ":12.4,"educ_score":626.7,"hacin":1.143,"hacin_class":"Hacinamiento Leve","hacin_score":820.7,"auto_score":178.6,"n_per":72,"n_hog":26,"source_year":2024},"geometry":{"type":"Polygon","coordinates":[[[-71.5877862529999,-35.8495624051039],[-71.5879360029999,-35.8499332281039],[-71.5881046909999,-35.8499926851039],[-71.5879137869999,-35.8500373601039],[-71.5876878689999,-35.8495690321039],[-71.5861238459999,-35.8499226961039],[-71.5864849189999,-35.8510370711039],[-71.5893919339999,-35.8504471441039],[-71.5889510679999,-35.8493164731039],[-71.5877862529999,-35.8495624051039]]]}},{"type":"Feature","properties":{"id":"7401021002008","commune":"Linares","code":"07401","gse":"D","quintil":"Q2","nse_score":634.1,"educ":11.5,"educ_score":566.7,"hacin":1.41,"hacin_class":"Hacinamiento Leve","hacin_score":763.8,"auto_score":173.9,"n_per":55,"n_hog":22,"source_year":2024},"geometry":{"type":"Polygon","coordinates":[[[-71.5841592939999,-35.8495233401039],[-71.5827986049999,-35.8498320251039],[-71.5830439579999,-35.8505162631039],[-71.584414922,-35.8502253801039],[-71.5841592939999,-35.8495233401039]]]}},{"type":"Feature","properties":{"id":"7401021002009","commune":"Linares","code":"07401","gse":"C2","quintil":"Q3","nse_score":720.1,"educ":13.3,"educ_score":686.7,"hacin":1.069,"hacin_class":"Hacinamiento Leve","hacin_score":836.5,"auto_score":222.2,"n_per":78,"n_hog":31,"source_year":2024},"geometry":{"type":"Polygon","coordinates":[[[-71.5845730369999,-35.850289576104],[-71.5850200849999,-35.8513885851039],[-71.5864003499999,-35.8510749451039],[-71.5859903839999,-35.8499571171039],[-71.5845730369999,-35.850289576104]]]}},{"type":"Feature","properties":{"id":"7401021002010","commune":"Linares","code":"07401","gse":"E","quintil":"Q1","nse_score":548.8,"educ":11.0,"educ_score":533.3,"hacin":1.571,"hacin_class":"Hacinamiento Medio","hacin_score":729.5,"auto_score":83.3,"n_per":22,"n_hog":6,"source_year":2024},"geometry":{"type":"Polygon","coordinates":[[[-71.5909886039999,-35.850214411104],[-71.5913895159999,-35.8512963641039],[-71.5918541519999,-35.8512590811039],[-71.5914283419999,-35.8501021601039],[-71.5909886039999,-35.850214411104]]]}},{"type":"Feature","properties":{"id":"7401021002011","commune":"Linares","code":"07401","gse":"ABC1","quintil":"Q5","nse_score":948.2,"educ":16.9,"educ_score":926.7,"hacin":0.652,"hacin_class":"Sin Hacinamiento","hacin_score":925.1,"auto_score":357.1,"n_per":15,"n_hog":7,"source_year":2024},"geometry":{"type":"Polygon","coordinates":[[[-71.5899732629999,-35.8516198501039],[-71.5912857349999,-35.8513391631039],[-71.5908914449999,-35.8502480541039],[-71.5895507449999,-35.8505113191039],[-71.5899732629999,-35.8516198501039]]]}},{"type":"Feature","properties":{"id":"7401021002012","commune":"Linares","code":"07401","gse":"C3","quintil":"Q2","nse_score":673.1,"educ":12.1,"educ_score":606.7,"hacin":1.233,"hacin_class":"Hacinamiento Leve","hacin_score":801.4,"auto_score":83.3,"n_per":74,"n_hog":28,"source_year":2024},"geometry":{"type":"Polygon","coordinates":[[[-71.583097489,-35.8506412971039],[-71.5835273399999,-35.8517226551039],[-71.5849043589999,-35.8514045961039],[-71.5844654109999,-35.8503099191039],[-71.583097489,-35.8506412971039]]]}},{"type":"Feature","properties":{"id":"7401021002013","commune":"Linares","code":"07401","gse":"C3","quintil":"Q3","nse_score":687.1,"educ":11.9,"educ_score":593.3,"hacin":1.207,"hacin_class":"Hacinamiento Leve","hacin_score":807.0,"auto_score":57.7,"n_per":70,"n_hog":26,"source_year":2024},"geometry":{"type":"Polygon","coordinates":[[[-71.5828861449999,-35.8505452131039],[-71.5812777859999,-35.8508787201039],[-71.5812303379999,-35.8509518461039],[-71.5820735559999,-35.8520423491039],[-71.5833808289999,-35.8517708741039],[-71.5828861449999,-35.8505452131039]]]}},{"type":"Feature","properties":{"id":"7401021002014","commune":"Linares","code":"07401","gse":"C3","quintil":"Q2","nse_score":663.3,"educ":12.6,"educ_score":640.0,"hacin":1.242,"hacin_class":"Hacinamiento Leve","hacin_score":799.6,"auto_score":116.3,"n_per":113,"n_hog":45,"source_year":2024},"geometry":{"type":"Polygon","coordinates":[[[-71.5865355449999,-35.8511576591039],[-71.5870051379999,-35.8522787071039],[-71.5898470719999,-35.8516225711039],[-71.5894984939999,-35.8506386311039],[-71.5893630049999,-35.8505469131039],[-71.5865355449999,-35.8511576591039]]]}},{"type":"Feature","properties":{"id":"7401021002015","commune":"Linares","code":"07401","gse":"C3","quintil":"Q3","nse_score":702.4,"educ":11.6,"educ_score":573.3,"hacin":1.127,"hacin_class":"Hacinamiento Leve","hacin_score":824.0,"auto_score":111.1,"n_per":62,"n_hog":26,"source_year":2024},"geometry":{"type":"Polygon","coordinates":[[[-71.5863823869999,-35.8511609581039],[-71.58505027,-35.8514870811039],[-71.5852082169999,-35.8519613831039],[-71.5857610149999,-35.8518954011039],[-71.5852339039999,-35.8520288181039],[-71.5854506589999,-35.8525870921039],[-71.5868385349999,-35.8523048301039],[-71.5863823869999,-35.8511609581039]]]}},{"type":"Feature","properties":{"id":"7401021002017","commune":"Linares","code":"07401","gse":"C2","quintil":"Q3","nse_score":719.4,"educ":12.3,"educ_score":620.0,"hacin":1.129,"hacin_class":"Hacinamiento Leve","hacin_score":823.7,"auto_score":75.8,"n_per":79,"n_hog":32,"source_year":2024},"geometry":{"type":"Polygon","coordinates":[[[-71.5912756209999,-35.8514321571039],[-71.5899835479999,-35.8517232801039],[-71.5903978869999,-35.8528139591039],[-71.5917622369999,-35.8525321481039],[-71.5912756209999,-35.8514321571039]]]}},{"type":"Feature","properties":{"id":"7401021002018","commune":"Linares","code":"07401","gse":"C3","quintil":"Q2","nse_score":672.2,"educ":12.1,"educ_score":606.7,"hacin":1.333,"hacin_class":"Hacinamiento Leve","hacin_score":780.1,"auto_score":181.8,"n_per":60,"n_hog":24,"source_year":2024},"geometry":{"type":"Polygon","coordinates":[[[-71.5840048269999,-35.8529362961039],[-71.5853437599999,-35.8526299531039],[-71.5849693029999,-35.8515293841039],[-71.5835509139999,-35.8517987611039],[-71.5840048269999,-35.8529362961039]]]}},{"type":"Feature","properties":{"id":"7401021002019","commune":"Linares","code":"07401","gse":"D","quintil":"Q1","nse_score":598.9,"educ":10.8,"educ_score":520.0,"hacin":1.19,"hacin_class":"Hacinamiento Leve","hacin_score":810.7,"auto_score":56.8,"n_per":94,"n_hog":45,"source_year":2024},"geometry":{"type":"Polygon","coordinates":[[[-71.5898821439999,-35.8517434941039],[-71.5884755149999,-35.8520442221039],[-71.5888702219999,-35.8531488491039],[-71.5902754329999,-35.8528571601039],[-71.5898821439999,-35.8517434941039]]]}},{"type":"Feature","properties":{"id":"7401021002020","commune":"Linares","code":"07401","gse":"C2","quintil":"Q3","nse_score":722.1,"educ":12.8,"educ_score":653.3,"hacin":1.407,"hacin_class":"Hacinamiento Leve","hacin_score":764.4,"auto_score":114.3,"n_per":114,"n_hog":36,"source_year":2024},"geometry":{"type":"Polygon","coordinates":[[[-71.5824833809999,-35.8520695891039],[-71.5825847909999,-35.8523693531039],[-71.5828776279999,-35.8523630541039],[-71.5824450999999,-35.8524039031039],[-71.5823512719999,-35.8520498971039],[-71.5820721149999,-35.8521685661039],[-71.5824953389999,-35.8532590831039],[-71.5838550489999,-35.8529504211039],[-71.5834504379999,-35.8518369751039],[-71.5824833809999,-35.8520695891039]]]}},{"type":"Feature","properties":{"id":"7401021002021","commune":"Linares","code":"07401","gse":"C3","quintil":"Q3","nse_score":682.1,"educ":12.1,"educ_score":606.7,"hacin":1.17,"hacin_class":"Hacinamiento Leve","hacin_score":814.8,"auto_score":125.0,"n_per":55,"n_hog":21,"source_year":2024},"geometry":{"type":"Polygon","coordinates":[[[-71.5870025869999,-35.8523598821039],[-71.5874183249999,-35.8534415281039],[-71.5887802779999,-35.8531598021039],[-71.5883716899999,-35.8520644861039],[-71.5870025869999,-35.8523598821039]]]}},{"type":"Feature","properties":{"id":"7401021002022","commune":"Linares","code":"07401","gse":"C3","quintil":"Q3","nse_score":696.5,"educ":12.6,"educ_score":640.0,"hacin":1.076,"hacin_class":"Hacinamiento Leve","hacin_score":834.9,"auto_score":87.5,"n_per":85,"n_hog":39,"source_year":2024},"geometry":{"type":"Polygon","coordinates":[[[-71.5859340509999,-35.8537709401039],[-71.5872912799999,-35.8534713051039],[-71.5868962349999,-35.8523982261039],[-71.585498131,-35.8526852161039],[-71.5859340509999,-35.8537709401039]]]}},{"type":"Feature","properties":{"id":"7401021002024","commune":"Linares","code":"07401","gse":"D","quintil":"Q2","nse_score":638.0,"educ":11.1,"educ_score":540.0,"hacin":1.327,"hacin_class":"Hacinamiento Leve","hacin_score":781.5,"auto_score":62.5,"n_per":69,"n_hog":23,"source_year":2024},"geometry":{"type":"Polygon","coordinates":[[[-71.590818183,-35.8540181321039],[-71.5922163319999,-35.8537166011039],[-71.5918245309999,-35.8526389621039],[-71.5904370149999,-35.8529212741039],[-71.590818183,-35.8540181321039]]]}},{"type":"Feature","properties":{"id":"7401021002025","commune":"Linares","code":"07401","gse":"C3","quintil":"Q3","nse_score":691.9,"educ":12.9,"educ_score":660.0,"hacin":1.278,"hacin_class":"Hacinamiento Leve","hacin_score":792.0,"auto_score":145.2,"n_per":69,"n_hog":31,"source_year":2024},"geometry":{"type":"Polygon","coordinates":[[[-71.5840212679999,-35.8530189511039],[-71.5844457599999,-35.8541049261039],[-71.5858042919999,-35.8537917611039],[-71.5853868979999,-35.8527011311039],[-71.5840212679999,-35.8530189511039]]]}},{"type":"Feature","properties":{"id":"7401021002026","commune":"Linares","code":"07401","gse":"C3","quintil":"Q2","nse_score":659.0,"educ":11.3,"educ_score":553.3,"hacin":1.156,"hacin_class":"Hacinamiento Leve","hacin_score":817.9,"auto_score":12.8,"n_per":89,"n_hog":36,"source_year":2024},"geometry":{"type":"Polygon","coordinates":[[[-71.5893325779999,-35.8543331361039],[-71.5906745369999,-35.8540428061039],[-71.5903263159999,-35.8529642221039],[-71.5889152789999,-35.8532470241039],[-71.5893325779999,-35.8543331361039]]]}},{"type":"Feature","properties":{"id":"7401021002027","commune":"Linares","code":"07401","gse":"D","quintil":"Q2","nse_score":629.3,"educ":12.1,"educ_score":606.7,"hacin":1.359,"hacin_class":"Hacinamiento Leve","hacin_score":774.8,"auto_score":125.0,"n_per":72,"n_hog":24,"source_year":2024},"geometry":{"type":"Polygon","coordinates":[[[-71.5829775089999,-35.8544384641039],[-71.5843088859999,-35.8541304051039],[-71.5839133839999,-35.8530528191039],[-71.5825340719999,-35.8533438761039],[-71.5829775089999,-35.8544384641039]]]}},{"type":"Feature","properties":{"id":"7401021002028","commune":"Linares","code":"07401","gse":"C3","quintil":"Q3","nse_score":688.2,"educ":12.0,"educ_score":600.0,"hacin":1.286,"hacin_class":"Hacinamiento Leve","hacin_score":790.3,"auto_score":27.8,"n_per":99,"n_hog":36,"source_year":2024},"geometry":{"type":"Polygon","coordinates":[[[-71.5879090789999,-35.8539356951039],[-71.5877245309999,-35.8534845021039],[-71.5874613059999,-35.8535397481039],[-71.5875836849999,-35.8539517201039],[-71.587739429,-35.8539213351039],[-71.5876061339999,-35.8540143291039],[-71.5878803559999,-35.8546483611039],[-71.5892146799999,-35.8543356781039],[-71.5887777689999,-35.8532635081039],[-71.5877659249999,-35.8534700911039],[-71.5879090789999,-35.8539356951039]]]}},{"type":"Feature","properties":{"id":"7401021002016","commune":"Linares","code":"07401","gse":"C3","quintil":"Q2","nse_score":655.0,"educ":11.9,"educ_score":593.3,"hacin":1.304,"hacin_class":"Hacinamiento Leve","hacin_score":786.3,"auto_score":0.0,"n_per":30,"n_hog":11,"source_year":2024},"geometry":{"type":"MultiPolygon","coordinates":[[[[-71.5923789859999,-35.8536860491039],[-71.5927286509999,-35.8536279091039],[-71.5923169699999,-35.8525038151039],[-71.5919396579999,-35.8526364771039],[-71.5923789859999,-35.8536860491039]]],[[[-71.5919004879999,-35.8525066301039],[-71.5922934939999,-35.8524442121039],[-71.5918721739999,-35.8513078241039],[-71.591455402,-35.8514391541039],[-71.5919004879999,-35.8525066301039]]]]}},{"type":"Feature","properties":{"id":"7401021003002","commune":"Linares","code":"07401","gse":"C3","quintil":"Q3","nse_score":676.2,"educ":11.5,"educ_score":566.7,"hacin":1.296,"hacin_class":"Hacinamiento Leve","hacin_score":788.2,"auto_score":21.7,"n_per":57,"n_hog":24,"source_year":2024},"geometry":{"type":"Polygon","coordinates":[[[-71.5810042759999,-35.844257883104],[-71.5816838149999,-35.844101020104],[-71.581250758,-35.843163935104],[-71.5804036059999,-35.843389446104],[-71.5810042759999,-35.844257883104]]]}},{"type":"Feature","properties":{"id":"7401021003003","commune":"Linares","code":"07401","gse":"C3","quintil":"Q2","nse_score":669.0,"educ":10.7,"educ_score":513.3,"hacin":1.396,"hacin_class":"Hacinamiento Leve","hacin_score":766.8,"auto_score":91.3,"n_per":289,"n_hog":102,"source_year":2024},"geometry":{"type":"Polygon","coordinates":[[[-71.580301517,-35.843236062104],[-71.5790004009999,-35.843568308104],[-71.5796516319999,-35.844551164104],[-71.579933535,-35.844495304104],[-71.5797089869999,-35.844639190104],[-71.5805645579999,-35.845932240104],[-71.5822990059999,-35.845597518104],[-71.5817012009999,-35.844199793104],[-71.5810305389999,-35.844331382104],[-71.5811848239999,-35.844630010104],[-71.5809724489999,-35.844769774104],[-71.5812896959999,-35.845303752104],[-71.5807909299999,-35.845445165104],[-71.5804663509999,-35.844866276104],[-71.581087168,-35.844573522104],[-71.5809045039999,-35.844338597104],[-71.5801886979999,-35.844475658104],[-71.5808791139999,-35.844249010104],[-71.580301517,-35.843236062104]]]}},{"type":"Feature","properties":{"id":"7401021003008","commune":"Linares","code":"07401","gse":"C3","quintil":"Q2","nse_score":662.8,"educ":9.8,"educ_score":453.3,"hacin":1.217,"hacin_class":"Hacinamiento Leve","hacin_score":804.8,"auto_score":150.0,"n_per":56,"n_hog":20,"source_year":2024},"geometry":{"type":"Polygon","coordinates":[[[-71.5790158569999,-35.843819651104],[-71.5785474429999,-35.844055739104],[-71.5790855529999,-35.844838815104],[-71.5795897899999,-35.844601190104],[-71.5790158569999,-35.843819651104]]]}},{"type":"Feature","properties":{"id":"7401021003010","commune":"Linares","code":"07401","gse":"D","quintil":"Q2","nse_score":632.0,"educ":9.0,"educ_score":400.0,"hacin":1.522,"hacin_class":"Hacinamiento Medio","hacin_score":740.1,"auto_score":71.4,"n_per":35,"n_hog":14,"source_year":2024},"geometry":{"type":"Polygon","coordinates":[[[-71.577971912,-35.844710135104],[-71.5786848729999,-35.844407533104],[-71.5784369049999,-35.843986006104],[-71.5776834789999,-35.844286099104],[-71.577971912,-35.844710135104]]]}},{"type":"Feature","properties":{"id":"7401021003012","commune":"Linares","code":"07401","gse":"E","quintil":"Q1","nse_score":571.7,"educ":7.8,"educ_score":320.0,"hacin":1.423,"hacin_class":"Hacinamiento Leve","hacin_score":761.0,"auto_score":38.5,"n_per":37,"n_hog":13,"source_year":2024},"geometry":{"type":"Polygon","coordinates":[[[-71.5773546779999,-35.844957878104],[-71.5778817759999,-35.844737014104],[-71.5774841299999,-35.844155179104],[-71.5769427189999,-35.844347063104],[-71.5773546779999,-35.844957878104]]]}},{"type":"Feature","properties":{"id":"7401021003013","commune":"Linares","code":"07401","gse":"D","quintil":"Q1","nse_score":619.3,"educ":8.7,"educ_score":380.0,"hacin":1.282,"hacin_class":"Hacinamiento Leve","hacin_score":791.1,"auto_score":150.0,"n_per":50,"n_hog":20,"source_year":2024},"geometry":{"type":"Polygon","coordinates":[[[-71.5782700109999,-35.845188357104],[-71.5789997889999,-35.844884261104],[-71.578737025,-35.844461773104],[-71.5780004809999,-35.844770519104],[-71.5782700109999,-35.845188357104]]]}},{"type":"Feature","properties":{"id":"7401021003014","commune":"Linares","code":"07401","gse":"C3","quintil":"Q2","nse_score":662.5,"educ":9.8,"educ_score":453.3,"hacin":1.182,"hacin_class":"Hacinamiento Leve","hacin_score":812.4,"auto_score":62.5,"n_per":39,"n_hog":17,"source_year":2024},"geometry":{"type":"Polygon","coordinates":[[[-71.5794940849999,-35.845491055104],[-71.5799974849999,-35.845268428104],[-71.579614622,-35.844672547104],[-71.5791147999999,-35.844899818104],[-71.5794940849999,-35.845491055104]]]}},{"type":"Feature","properties":{"id":"7401021003015","commune":"Linares","code":"07401","gse":"C3","quintil":"Q2","nse_score":672.3,"educ":11.2,"educ_score":546.7,"hacin":1.525,"hacin_class":"Hacinamiento Medio","hacin_score":739.4,"auto_score":45.5,"n_per":61,"n_hog":20,"source_year":2024},"geometry":{"type":"Polygon","coordinates":[[[-71.5808588599999,-35.844776722104],[-71.5805453929999,-35.844914151104],[-71.5809136179999,-35.845419995104],[-71.5812062889999,-35.845292025104],[-71.5808588599999,-35.844776722104]]]}},{"type":"Feature","properties":{"id":"7401021003016","commune":"Linares","code":"07401","gse":"D","quintil":"Q2","nse_score":631.1,"educ":10.6,"educ_score":506.7,"hacin":1.605,"hacin_class":"Hacinamiento Medio","hacin_score":722.3,"auto_score":176.5,"n_per":61,"n_hog":16,"source_year":2024},"geometry":{"type":"Polygon","coordinates":[[[-71.5774150749999,-35.845035456104],[-71.5778176559999,-35.845630705104],[-71.5783335079999,-35.845407819104],[-71.5779229739999,-35.844812742104],[-71.5774150749999,-35.845035456104]]]}},{"type":"Feature","properties":{"id":"7401021003018","commune":"Linares","code":"07401","gse":"C2","quintil":"Q3","nse_score":712.4,"educ":10.2,"educ_score":480.0,"hacin":0.875,"hacin_class":"Sin Hacinamiento","hacin_score":877.7,"auto_score":214.3,"n_per":14,"n_hog":7,"source_year":2024},"geometry":{"type":"Polygon","coordinates":[[[-71.5791058539999,-35.8456760101039],[-71.5794314959999,-35.845523945104],[-71.5791620509999,-35.845119628104],[-71.5788381549999,-35.845266290104],[-71.5791058539999,-35.8456760101039]]]}},{"type":"Feature","properties":{"id":"7401021003019","commune":"Linares","code":"07401","gse":"D","quintil":"Q2","nse_score":651.4,"educ":8.9,"educ_score":393.3,"hacin":1.177,"hacin_class":"Hacinamiento Leve","hacin_score":813.5,"auto_score":125.0,"n_per":20,"n_hog":8,"source_year":2024},"geometry":{"type":"Polygon","coordinates":[[[-71.5787342069999,-35.845852462104],[-71.5790450109999,-35.845703499104],[-71.5787571519999,-35.845286056104],[-71.5784437719999,-35.845436998104],[-71.5787342069999,-35.845852462104]]]}},{"type":"Feature","properties":{"id":"7401021003020","commune":"Linares","code":"07401","gse":"C2","quintil":"Q3","nse_score":712.6,"educ":11.0,"educ_score":533.3,"hacin":1.389,"hacin_class":"Hacinamiento Leve","hacin_score":768.3,"auto_score":187.5,"n_per":50,"n_hog":17,"source_year":2024},"geometry":{"type":"Polygon","coordinates":[[[-71.5799634499999,-35.846193021104],[-71.5804901629999,-35.845974398104],[-71.5800465449999,-35.845330467104],[-71.5795448719999,-35.845553057104],[-71.5799634499999,-35.846193021104]]]}},{"type":"Feature","properties":{"id":"7401021003021","commune":"Linares","code":"07401","gse":"D","quintil":"Q1","nse_score":626.2,"educ":8.1,"educ_score":340.0,"hacin":1.15,"hacin_class":"Hacinamiento Leve","hacin_score":819.1,"auto_score":111.1,"n_per":23,"n_hog":9,"source_year":2024},"geometry":{"type":"Polygon","coordinates":[[[-71.5781488379999,-35.846114820104],[-71.5786611719999,-35.845889409104],[-71.5783811829999,-35.845469888104],[-71.5778626189999,-35.845683820104],[-71.5781488379999,-35.846114820104]]]}},{"type":"Feature","properties":{"id":"7401021003022","commune":"Linares","code":"07401","gse":"C3","quintil":"Q3","nse_score":701.4,"educ":11.2,"educ_score":546.7,"hacin":1.467,"hacin_class":"Hacinamiento Leve","hacin_score":751.8,"auto_score":0.0,"n_per":22,"n_hog":7,"source_year":2024},"geometry":{"type":"Polygon","coordinates":[[[-71.5796611869999,-35.846356986104],[-71.5799048639999,-35.846221319104],[-71.5794463419999,-35.8455823651039],[-71.5792129159999,-35.845717919104],[-71.5796611869999,-35.846356986104]]]}},{"type":"Feature","properties":{"id":"7401021003023","commune":"Linares","code":"07401","gse":"C3","quintil":"Q2","nse_score":671.2,"educ":10.5,"educ_score":500.0,"hacin":1.309,"hacin_class":"Hacinamiento Leve","hacin_score":785.3,"auto_score":193.1,"n_per":309,"n_hog":99,"source_year":2024},"geometry":{"type":"Polygon","coordinates":[[[-71.5806306129999,-35.845996902104],[-71.5818331609999,-35.847905920104],[-71.5815983249999,-35.8476946501039],[-71.5795972649999,-35.848269436104],[-71.5796031949999,-35.848463094104],[-71.5801565689999,-35.8493410531039],[-71.5812612349999,-35.8488965391039],[-71.5811221629999,-35.8485859651039],[-71.5826098679999,-35.848141589104],[-71.5821679129999,-35.8470379541039],[-71.5823869119999,-35.8473372911039],[-71.5829860469999,-35.847164572104],[-71.5823184399999,-35.845650330104],[-71.5806306129999,-35.845996902104]]]}},{"type":"Feature","properties":{"id":"7401021003025","commune":"Linares","code":"07401","gse":"D","quintil":"Q2","nse_score":637.3,"educ":10.1,"educ_score":473.3,"hacin":1.562,"hacin_class":"Hacinamiento Medio","hacin_score":731.4,"auto_score":142.9,"n_per":25,"n_hog":6,"source_year":2024},"geometry":{"type":"Polygon","coordinates":[[[-71.5790237829999,-35.845785074104],[-71.5787674969999,-35.845925777104],[-71.5792445509999,-35.846555475104],[-71.5794577699999,-35.846420203104],[-71.5790237829999,-35.845785074104]]]}},{"type":"Feature","properties":{"id":"7401021003026","commune":"Linares","code":"07401","gse":"C3","quintil":"Q3","nse_score":696.4,"educ":10.6,"educ_score":506.7,"hacin":1.025,"hacin_class":"Hacinamiento Leve","hacin_score":845.7,"auto_score":200.0,"n_per":41,"n_hog":15,"source_year":2024},"geometry":{"type":"Polygon","coordinates":[[[-71.5786227719999,-35.8468169531039],[-71.5791430959999,-35.846584694104],[-71.578694089,-35.845939573104],[-71.5781880369999,-35.846181418104],[-71.5786227719999,-35.8468169531039]]]}},{"type":"Feature","properties":{"id":"7401021003027","commune":"Linares","code":"07401","gse":"D","quintil":"Q1","nse_score":606.0,"educ":9.0,"educ_score":400.0,"hacin":1.333,"hacin_class":"Hacinamiento Leve","hacin_score":780.1,"auto_score":120.0,"n_per":64,"n_hog":25,"source_year":2024},"geometry":{"type":"Polygon","coordinates":[[[-71.5805259159999,-35.847015784104],[-71.5810268549999,-35.846778566104],[-71.5805343289999,-35.846045556104],[-71.5800339829999,-35.846277132104],[-71.5805259159999,-35.847015784104]]]}},{"type":"Feature","properties":{"id":"7401021003028","commune":"Linares","code":"07401","gse":"D","quintil":"Q2","nse_score":630.8,"educ":8.4,"educ_score":360.0,"hacin":1.377,"hacin_class":"Hacinamiento Leve","hacin_score":770.8,"auto_score":148.1,"n_per":84,"n_hog":27,"source_year":2024},"geometry":{"type":"Polygon","coordinates":[[[-71.5792519779999,-35.846613902104],[-71.579752487,-35.847369280104],[-71.5804508719999,-35.8470568361039],[-71.5802170609999,-35.846705722104],[-71.5798329549999,-35.846831261104],[-71.5801721359999,-35.846643708104],[-71.5799466479999,-35.846315061104],[-71.5792519779999,-35.846613902104]]]}},{"type":"Feature","properties":{"id":"7401021003029","commune":"Linares","code":"07401","gse":"C3","quintil":"Q2","nse_score":666.9,"educ":10.2,"educ_score":480.0,"hacin":1.378,"hacin_class":"Hacinamiento Leve","hacin_score":770.6,"auto_score":312.5,"n_per":51,"n_hog":16,"source_year":2024},"geometry":{"type":"Polygon","coordinates":[[[-71.579165971,-35.847628488104],[-71.5796673339999,-35.847389136104],[-71.5791727419999,-35.846656164104],[-71.5786660569999,-35.8469058971039],[-71.579165971,-35.847628488104]]]}},{"type":"Feature","properties":{"id":"7401021003030","commune":"Linares","code":"07401","gse":"D","quintil":"Q2","nse_score":636.0,"educ":9.2,"educ_score":413.3,"hacin":1.108,"hacin_class":"Hacinamiento Leve","hacin_score":828.1,"auto_score":55.6,"n_per":41,"n_hog":18,"source_year":2024},"geometry":{"type":"Polygon","coordinates":[[[-71.5810211899999,-35.847788175104],[-71.5815662559999,-35.8476232331039],[-71.5810405459999,-35.846859392104],[-71.5805559529999,-35.8470861251039],[-71.5810211899999,-35.847788175104]]]}},{"type":"Feature","properties":{"id":"7401021003031","commune":"Linares","code":"07401","gse":"C3","quintil":"Q3","nse_score":697.6,"educ":9.9,"educ_score":460.0,"hacin":1.206,"hacin_class":"Hacinamiento Leve","hacin_score":807.3,"auto_score":142.9,"n_per":41,"n_hog":15,"source_year":2024},"geometry":{"type":"Polygon","coordinates":[[[-71.5801785759999,-35.8480271081039],[-71.5809444799999,-35.847812357104],[-71.5804821209999,-35.847119443104],[-71.5797845149999,-35.847418165104],[-71.5801785759999,-35.8480271081039]]]}},{"type":"Feature","properties":{"id":"7401021003032","commune":"Linares","code":"07401","gse":"D","quintil":"Q1","nse_score":625.9,"educ":10.0,"educ_score":466.7,"hacin":1.542,"hacin_class":"Hacinamiento Medio","hacin_score":735.8,"auto_score":111.1,"n_per":74,"n_hog":24,"source_year":2024},"geometry":{"type":"Polygon","coordinates":[[[-71.5827383879999,-35.848113835104],[-71.5835487829999,-35.8478960611039],[-71.583002759,-35.847231812104],[-71.5823995659999,-35.847407024104],[-71.5827383879999,-35.848113835104]]]}},{"type":"Feature","properties":{"id":"7401021003033","commune":"Linares","code":"07401","gse":"C3","quintil":"Q3","nse_score":699.8,"educ":10.5,"educ_score":500.0,"hacin":1.267,"hacin_class":"Hacinamiento Leve","hacin_score":794.3,"auto_score":153.8,"n_per":38,"n_hog":13,"source_year":2024},"geometry":{"type":"Polygon","coordinates":[[[-71.5795604619999,-35.8482125651039],[-71.5800993529999,-35.848037824104],[-71.5797060229999,-35.847451397104],[-71.5792019549999,-35.8476965701039],[-71.5795604619999,-35.8482125651039]]]}},{"type":"Feature","properties":{"id":"7401021003034","commune":"Linares","code":"07401","gse":"D","quintil":"Q2","nse_score":649.7,"educ":11.0,"educ_score":533.3,"hacin":1.483,"hacin_class":"Hacinamiento Leve","hacin_score":748.3,"auto_score":83.3,"n_per":129,"n_hog":43,"source_year":2024},"geometry":{"type":"Polygon","coordinates":[[[-71.5835312159999,-35.8479730521039],[-71.5811473339999,-35.8486422101039],[-71.5812612349999,-35.8488965391039],[-71.5801565689999,-35.8493410531039],[-71.5811153779999,-35.8508101051039],[-71.5828993119999,-35.850483321104],[-71.5825379589999,-35.8493373941039],[-71.5839720009999,-35.8489865741039],[-71.5835312159999,-35.8479730521039]]]}},{"type":"Feature","properties":{"id":"7401031001001","commune":"Linares","code":"07401","gse":"C3","quintil":"Q3","nse_score":693.1,"educ":12.2,"educ_score":613.3,"hacin":1.389,"hacin_class":"Hacinamiento Leve","hacin_score":768.3,"auto_score":51.7,"n_per":75,"n_hog":28,"source_year":2024},"geometry":{"type":"Polygon","coordinates":[[[-71.5863984209999,-35.8549639481039],[-71.587746062,-35.8546467481039],[-71.5873443819999,-35.8535828271039],[-71.5859513919999,-35.8538787251039],[-71.5863984209999,-35.8549639481039]]]}},{"type":"Feature","properties":{"id":"7401031001002","commune":"Linares","code":"07401","gse":"C3","quintil":"Q3","nse_score":684.4,"educ":11.5,"educ_score":566.7,"hacin":1.238,"hacin_class":"Hacinamiento Leve","hacin_score":800.4,"auto_score":29.4,"n_per":78,"n_hog":33,"source_year":2024},"geometry":{"type":"Polygon","coordinates":[[[-71.5857946589999,-35.8538842691039],[-71.5844794559999,-35.8541943341039],[-71.5848744349999,-35.8552585531039],[-71.5862350379999,-35.8549947671039],[-71.5857946589999,-35.8538842691039]]]}},{"type":"Feature","properties":{"id":"7401031001003","commune":"Linares","code":"07401","gse":"C3","quintil":"Q2","nse_score":659.3,"educ":12.1,"educ_score":606.7,"hacin":1.226,"hacin_class":"Hacinamiento Leve","hacin_score":803.0,"auto_score":60.6,"n_per":76,"n_hog":28,"source_year":2024},"geometry":{"type":"Polygon","coordinates":[[[-71.584297133,-35.8542141261039],[-71.5829948069999,-35.8545237171039],[-71.5833849229999,-35.8555943951039],[-71.584763828,-35.8553013501039],[-71.5846954819999,-35.8550671041039],[-71.5844030499999,-35.8551242091039],[-71.5846895529999,-35.8550246831039],[-71.584297133,-35.8542141261039]]]}},{"type":"Feature","properties":{"id":"7401031001004","commune":"Linares","code":"07401","gse":"C3","quintil":"Q2","nse_score":668.5,"educ":10.7,"educ_score":513.3,"hacin":1.353,"hacin_class":"Hacinamiento Leve","hacin_score":776.0,"auto_score":86.2,"n_per":391,"n_hog":141,"source_year":2024},"geometry":{"type":"Polygon","coordinates":[[[-71.5781086219999,-35.8561519701038],[-71.5767743869999,-35.8568971661039],[-71.576464788,-35.8565252521038],[-71.5762739739999,-35.8566375061038],[-71.5769490899999,-35.8560416621039],[-71.5767333639999,-35.8558119461039],[-71.575363551,-35.8567516751039],[-71.5770398889999,-35.8586851091039],[-71.5784333359999,-35.8580152521038],[-71.5793233369999,-35.8577617911038],[-71.578890327,-35.8570410791039],[-71.5777869449999,-35.8574178611038],[-71.5778611079999,-35.8573162981039],[-71.5777161449999,-35.8571004131039],[-71.5779146189999,-35.8573137861039],[-71.5782705489999,-35.8571595741038],[-71.5778523739999,-35.8565405361039],[-71.5783888619999,-35.8571422801039],[-71.5803095469999,-35.8562714391039],[-71.5796428879999,-35.8545552161039],[-71.5779227399999,-35.8549211431039],[-71.5775490749999,-35.8551454831039],[-71.5781086219999,-35.8561519701038]]]}},{"type":"Feature","properties":{"id":"7401031001005","commune":"Linares","code":"07401","gse":"D","quintil":"Q1","nse_score":607.7,"educ":10.3,"educ_score":486.7,"hacin":1.333,"hacin_class":"Hacinamiento Leve","hacin_score":780.1,"auto_score":39.5,"n_per":92,"n_hog":36,"source_year":2024},"geometry":{"type":"Polygon","coordinates":[[[-71.5819820849999,-35.8559366451039],[-71.5832571789999,-35.8556357181038],[-71.5828820809999,-35.8545576891039],[-71.5815222999999,-35.8548438091039],[-71.5819820849999,-35.8559366451039]]]}},{"type":"Feature","properties":{"id":"7401031001006","commune":"Linares","code":"07401","gse":"C3","quintil":"Q3","nse_score":690.6,"educ":11.5,"educ_score":566.7,"hacin":1.357,"hacin_class":"Hacinamiento Leve","hacin_score":775.1,"auto_score":128.6,"n_per":95,"n_hog":34,"source_year":2024},"geometry":{"type":"Polygon","coordinates":[[[-71.5804357549999,-35.8562625381039],[-71.5818264879999,-35.8559549141039],[-71.5814005289999,-35.8548869861039],[-71.5800054169999,-35.8551828621039],[-71.5804357549999,-35.8562625381039]]]}},{"type":"Feature","properties":{"id":"7401031001007","commune":"Linares","code":"07401","gse":"C3","quintil":"Q2","nse_score":656.7,"educ":11.9,"educ_score":593.3,"hacin":1.389,"hacin_class":"Hacinamiento Leve","hacin_score":768.3,"auto_score":0.0,"n_per":25,"n_hog":8,"source_year":2024},"geometry":{"type":"Polygon","coordinates":[[[-71.5853015989999,-35.8563242031039],[-71.5860433379999,-35.8551431081039],[-71.5860390029999,-35.8551161621039],[-71.5849109429999,-35.8553567701039],[-71.5853015989999,-35.8563242031039]]]}},{"type":"Feature","properties":{"id":"7401031001008","commune":"Linares","code":"07401","gse":"C2","quintil":"Q3","nse_score":709.6,"educ":11.9,"educ_score":593.3,"hacin":1.471,"hacin_class":"Hacinamiento Leve","hacin_score":750.9,"auto_score":29.4,"n_per":50,"n_hog":16,"source_year":2024},"geometry":{"type":"Polygon","coordinates":[[[-71.57700768,-35.8559551391039],[-71.5776819999999,-35.8556068131039],[-71.5774988009999,-35.8552276821039],[-71.576827841,-35.8557378131039],[-71.57700768,-35.8559551391039]]]}},{"type":"Feature","properties":{"id":"7401031001009","commune":"Linares","code":"07401","gse":"C3","quintil":"Q2","nse_score":654.9,"educ":10.8,"educ_score":520.0,"hacin":1.32,"hacin_class":"Hacinamiento Leve","hacin_score":783.0,"auto_score":80.0,"n_per":66,"n_hog":26,"source_year":2024},"geometry":{"type":"Polygon","coordinates":[[[-71.5847547059999,-35.8553826661039],[-71.5834316079999,-35.8556905511039],[-71.5838374719999,-35.8567532351038],[-71.5852316699999,-35.8564855351038],[-71.5847547059999,-35.8553826661039]]]}},{"type":"Feature","properties":{"id":"7401031001010","commune":"Linares","code":"07401","gse":"C3","quintil":"Q3","nse_score":708.1,"educ":11.0,"educ_score":533.3,"hacin":1.244,"hacin_class":"Hacinamiento Leve","hacin_score":799.2,"auto_score":100.0,"n_per":51,"n_hog":19,"source_year":2024},"geometry":{"type":"Polygon","coordinates":[[[-71.5778518729999,-35.8558735651039],[-71.5776899359999,-35.8556381891039],[-71.5770672439999,-35.8560256061039],[-71.5772674829999,-35.8562150941039],[-71.5778518729999,-35.8558735651039]]]}},{"type":"Feature","properties":{"id":"7401031001011","commune":"Linares","code":"07401","gse":"C3","quintil":"Q2","nse_score":664.7,"educ":10.6,"educ_score":506.7,"hacin":1.465,"hacin_class":"Hacinamiento Leve","hacin_score":752.2,"auto_score":60.6,"n_per":104,"n_hog":35,"source_year":2024},"geometry":{"type":"Polygon","coordinates":[[[-71.5824515889999,-35.8571111441038],[-71.5837491639999,-35.8567968561039],[-71.5833301359999,-35.8557224811039],[-71.5819769189999,-35.8560131391039],[-71.5824515889999,-35.8571111441038]]]}},{"type":"Feature","properties":{"id":"7401031001012","commune":"Linares","code":"07401","gse":"C2","quintil":"Q3","nse_score":710.3,"educ":11.6,"educ_score":573.3,"hacin":1.469,"hacin_class":"Hacinamiento Leve","hacin_score":751.3,"auto_score":111.1,"n_per":47,"n_hog":18,"source_year":2024},"geometry":{"type":"Polygon","coordinates":[[[-71.5774640539999,-35.8564571931038],[-71.5780163069999,-35.8561539521039],[-71.5778881979999,-35.8559268641039],[-71.5772959639999,-35.8562505361039],[-71.5774640539999,-35.8564571931038]]]}},{"type":"Feature","properties":{"id":"7401031001013","commune":"Linares","code":"07401","gse":"C3","quintil":"Q3","nse_score":681.0,"educ":10.1,"educ_score":473.3,"hacin":1.246,"hacin_class":"Hacinamiento Leve","hacin_score":798.8,"auto_score":100.0,"n_per":71,"n_hog":26,"source_year":2024},"geometry":{"type":"Polygon","coordinates":[[[-71.5809365609999,-35.8574304241038],[-71.5822925509999,-35.8571288371039],[-71.5818759519999,-35.8560509851039],[-71.5804852509999,-35.8563442761039],[-71.5809365609999,-35.8574304241038]]]}},{"type":"Feature","properties":{"id":"7401031001014","commune":"Linares","code":"07401","gse":"C3","quintil":"Q3","nse_score":676.7,"educ":10.1,"educ_score":473.3,"hacin":1.333,"hacin_class":"Hacinamiento Leve","hacin_score":780.1,"auto_score":33.3,"n_per":44,"n_hog":15,"source_year":2024},"geometry":{"type":"Polygon","coordinates":[[[-71.5770864259999,-35.8566606311039],[-71.5773559949999,-35.8565016191038],[-71.576968727,-35.8560818001038],[-71.5767686379999,-35.8562708671038],[-71.5770864259999,-35.8566606311039]]]}},{"type":"Feature","properties":{"id":"7401031001015","commune":"Linares","code":"07401","gse":"C3","quintil":"Q2","nse_score":657.1,"educ":9.6,"educ_score":440.0,"hacin":1.379,"hacin_class":"Hacinamiento Leve","hacin_score":770.4,"auto_score":107.1,"n_per":40,"n_hog":14,"source_year":2024},"geometry":{"type":"Polygon","coordinates":[[[-71.5767173039999,-35.8562990081039],[-71.5764847679999,-35.8564797571038],[-71.5768018799999,-35.8568379901038],[-71.5770408239999,-35.8566841431039],[-71.5767173039999,-35.8562990081039]]]}},{"type":"Feature","properties":{"id":"7401031001016","commune":"Linares","code":"07401","gse":"E","quintil":"Q1","nse_score":544.7,"educ":9.8,"educ_score":453.3,"hacin":1.5,"hacin_class":"Hacinamiento Medio","hacin_score":744.7,"auto_score":66.7,"n_per":33,"n_hog":13,"source_year":2024},"geometry":{"type":"Polygon","coordinates":[[[-71.5802978529999,-35.8563483031039],[-71.5789728299999,-35.8570064091039],[-71.5794105759999,-35.8577418911038],[-71.5807835539999,-35.8574555101039],[-71.5802978529999,-35.8563483031039]]]}},{"type":"Feature","properties":{"id":"7401031001017","commune":"Linares","code":"07401","gse":"C3","quintil":"Q3","nse_score":693.6,"educ":11.9,"educ_score":593.3,"hacin":1.39,"hacin_class":"Hacinamiento Leve","hacin_score":768.1,"auto_score":80.6,"n_per":82,"n_hog":30,"source_year":2024},"geometry":{"type":"Polygon","coordinates":[[[-71.5839064009999,-35.8568655791039],[-71.5844453199999,-35.8580310741039],[-71.5851454319999,-35.8566000581038],[-71.5839064009999,-35.8568655791039]]]}},{"type":"Feature","properties":{"id":"7401031001018","commune":"Linares","code":"07401","gse":"D","quintil":"Q2","nse_score":645.9,"educ":11.0,"educ_score":533.3,"hacin":1.477,"hacin_class":"Hacinamiento Leve","hacin_score":749.5,"auto_score":96.2,"n_per":130,"n_hog":51,"source_year":2024},"geometry":{"type":"Polygon","coordinates":[[[-71.5832716609999,-35.8592126841038],[-71.5840428409999,-35.8586698011039],[-71.5843266439999,-35.8582223281039],[-71.5837850809999,-35.8568907231038],[-71.5824518739999,-35.8572078281039],[-71.5832716609999,-35.8592126841038]]]}},{"type":"Feature","properties":{"id":"7401031001019","commune":"Linares","code":"07401","gse":"C3","quintil":"Q3","nse_score":679.2,"educ":10.7,"educ_score":513.3,"hacin":1.355,"hacin_class":"Hacinamiento Leve","hacin_score":775.6,"auto_score":117.6,"n_per":42,"n_hog":16,"source_year":2024},"geometry":{"type":"Polygon","coordinates":[[[-71.5814131829999,-35.8586046861038],[-71.5827507139999,-35.8582920051039],[-71.5823459299999,-35.8572285471038],[-71.5809647929999,-35.8575282271038],[-71.5814131829999,-35.8586046861038]]]}},{"type":"Feature","properties":{"id":"7401031001020","commune":"Linares","code":"07401","gse":"D","quintil":"Q1","nse_score":604.2,"educ":9.4,"educ_score":426.7,"hacin":1.073,"hacin_class":"Hacinamiento Leve","hacin_score":835.6,"auto_score":71.4,"n_per":74,"n_hog":32,"source_year":2024},"geometry":{"type":"Polygon","coordinates":[[[-71.5794692009999,-35.8578532971039],[-71.5799072389999,-35.8589525181039],[-71.5812637599999,-35.8586169121038],[-71.5808523149999,-35.8575486711039],[-71.5794692009999,-35.8578532971039]]]}},{"type":"Feature","properties":{"id":"7401031001022","commune":"Linares","code":"07401","gse":"C3","quintil":"Q2","nse_score":668.6,"educ":11.3,"educ_score":553.3,"hacin":1.412,"hacin_class":"Hacinamiento Leve","hacin_score":763.5,"auto_score":56.8,"n_per":120,"n_hog":43,"source_year":2024},"geometry":{"type":"Polygon","coordinates":[[[-71.5814186849999,-35.8587432961038],[-71.5818166569999,-35.8597044061038],[-71.5825295839999,-35.8594002231039],[-71.5825764309999,-35.8591159611038],[-71.5828399739999,-35.8595020671038],[-71.5831706039999,-35.8592865331038],[-71.5828056079999,-35.8583629311038],[-71.5814186849999,-35.8587432961038]]]}},{"type":"Feature","properties":{"id":"7401031001024","commune":"Linares","code":"07401","gse":"D","quintil":"Q1","nse_score":625.0,"educ":10.1,"educ_score":473.3,"hacin":1.442,"hacin_class":"Hacinamiento Leve","hacin_score":757.1,"auto_score":53.2,"n_per":124,"n_hog":47,"source_year":2024},"geometry":{"type":"Polygon","coordinates":[[[-71.5812833339999,-35.8587085981039],[-71.5799147469999,-35.8590560091038],[-71.5802993179999,-35.8600211781039],[-71.58028078,-35.8602604281038],[-71.5805181649999,-35.8604851641038],[-71.5811078639999,-35.8601254781038],[-71.5814378499999,-35.8603887821038],[-71.5818675019999,-35.8601406921038],[-71.5812833339999,-35.8587085981039]]]}},{"type":"Feature","properties":{"id":"7401031001025","commune":"Linares","code":"07401","gse":"C3","quintil":"Q2","nse_score":661.0,"educ":10.0,"educ_score":466.7,"hacin":1.319,"hacin_class":"Hacinamiento Leve","hacin_score":783.3,"auto_score":98.2,"n_per":149,"n_hog":55,"source_year":2024},"geometry":{"type":"Polygon","coordinates":[[[-71.5792054229999,-35.8609234751038],[-71.5796607289999,-35.8610714251038],[-71.5804663779999,-35.8605313441038],[-71.5801785929999,-35.8602355841038],[-71.5802341909999,-35.8600721511038],[-71.5798427199999,-35.8590755831038],[-71.5781022759999,-35.8594374441038],[-71.5792054229999,-35.8609234751038]]]}},{"type":"Feature","properties":{"id":"7401031001026","commune":"Linares","code":"07401","gse":"D","quintil":"Q2","nse_score":631.2,"educ":8.5,"educ_score":366.7,"hacin":1.214,"hacin_class":"Hacinamiento Leve","hacin_score":805.5,"auto_score":71.4,"n_per":17,"n_hog":7,"source_year":2024},"geometry":{"type":"Polygon","coordinates":[[[-71.5819679639999,-35.8600484001038],[-71.5827789799999,-35.8595629591039],[-71.5827891859999,-35.8595163281038],[-71.5826308779999,-35.8593721711038],[-71.5818681289999,-35.8597461621039],[-71.5819679639999,-35.8600484001038]]]}},{"type":"Feature","properties":{"id":"7401031001030","commune":"Linares","code":"07401","gse":"D","quintil":"Q1","nse_score":615.8,"educ":8.3,"educ_score":353.3,"hacin":0.923,"hacin_class":"Sin Hacinamiento","hacin_score":867.4,"auto_score":71.4,"n_per":12,"n_hog":7,"source_year":2024},"geometry":{"type":"Polygon","coordinates":[[[-71.5808228079999,-35.8607671171038],[-71.5813655539999,-35.8604534291038],[-71.5811332219999,-35.8601925331038],[-71.5805941129999,-35.8605331051038],[-71.5808228079999,-35.8607671171038]]]}},{"type":"Feature","properties":{"id":"7401031001036","commune":"Linares","code":"07401","gse":"D","quintil":"Q1","nse_score":602.3,"educ":9.0,"educ_score":400.0,"hacin":1.4,"hacin_class":"Hacinamiento Leve","hacin_score":766.0,"auto_score":0.0,"n_per":14,"n_hog":7,"source_year":2024},"geometry":{"type":"Polygon","coordinates":[[[-71.5797457729999,-35.8611011451038],[-71.580592711,-35.8612046231038],[-71.5807600429999,-35.8608269761038],[-71.5805350099999,-35.8605884551038],[-71.5797457729999,-35.8611011451038]]]}},{"type":"Feature","properties":{"id":"7401031001021","commune":"Linares","code":"07401","gse":"D","quintil":"Q1","nse_score":628.4,"educ":11.0,"educ_score":533.3,"hacin":1.382,"hacin_class":"Hacinamiento Leve","hacin_score":769.9,"auto_score":102.3,"n_per":105,"n_hog":41,"source_year":2024},"geometry":{"type":"MultiPolygon","coordinates":[[[[-71.5738795409999,-35.8596266681038],[-71.5742350429999,-35.8605494221039],[-71.5763035359999,-35.8600292631038],[-71.5766890489999,-35.8604707901039],[-71.5782865369999,-35.8598596131038],[-71.5773232009999,-35.8586388861038],[-71.5766138519999,-35.8589605111039],[-71.5738795409999,-35.8596266681038]]],[[[-71.5780483179999,-35.8593814461038],[-71.5797679349999,-35.8589780441039],[-71.5793676249999,-35.8579005461038],[-71.578447535,-35.8580690271038],[-71.5774229889999,-35.8585912601038],[-71.5780483179999,-35.8593814461038]]]]}},{"type":"Feature","properties":{"id":"7401031002003","commune":"Linares","code":"07401","gse":"C3","quintil":"Q3","nse_score":693.2,"educ":10.7,"educ_score":513.3,"hacin":1.277,"hacin_class":"Hacinamiento Leve","hacin_score":792.2,"auto_score":54.5,"n_per":586,"n_hog":212,"source_year":2024},"geometry":{"type":"Polygon","coordinates":[[[-71.5882572559999,-35.8546627701039],[-71.58847635,-35.8552078561039],[-71.588780272,-35.8551697571039],[-71.5885111939999,-35.8552792111038],[-71.5885817309999,-35.8556607531039],[-71.5889730749999,-35.8556297831039],[-71.5885950329999,-35.8557505991039],[-71.5886810539999,-35.8564698041038],[-71.58918732,-35.8563552361039],[-71.5891244559999,-35.8560501411038],[-71.5892451649999,-35.8563359621039],[-71.5887073079999,-35.8565323311038],[-71.588723119,-35.8567843611038],[-71.5892136689999,-35.8566971711039],[-71.5900298209999,-35.8585453111038],[-71.5904401849999,-35.8585454721038],[-71.5906289729999,-35.8591047261039],[-71.5909893709999,-35.8590473771039],[-71.590877771,-35.8583828051039],[-71.5910470189999,-35.8590326131039],[-71.5914401589999,-35.8589925821038],[-71.5912635109999,-35.8581581631038],[-71.5914142599999,-35.8584523461038],[-71.5917666089999,-35.8583816491039],[-71.5917163269999,-35.8580807901038],[-71.5918502369999,-35.8583644311038],[-71.5921614659999,-35.8583201191038],[-71.5921314639999,-35.8578239651039],[-71.5922570189999,-35.8582899431038],[-71.5926383569999,-35.8582276301038],[-71.5924549,-35.8576412241039],[-71.5930630149999,-35.8573712151039],[-71.5928602709999,-35.8568618391038],[-71.5924545799999,-35.8569517181039],[-71.5928248779999,-35.8567950041039],[-71.5927385209999,-35.8565444981039],[-71.5922998389999,-35.8566305821038],[-71.5926957729999,-35.8564643021039],[-71.5926022089999,-35.8562049381039],[-71.5921020779999,-35.8563058681039],[-71.5925575329999,-35.8561292901039],[-71.5924768039999,-35.8558921821039],[-71.5919421639999,-35.8559532971039],[-71.5924283259999,-35.8558166161038],[-71.592344496,-35.8555480291039],[-71.5917584259999,-35.8556553201039],[-71.5922909779999,-35.8554770781039],[-71.5922094649999,-35.8552264671039],[-71.5915905109999,-35.8553174671039],[-71.592172795,-35.8551416331039],[-71.5920502019999,-35.8545539121038],[-71.5914560779999,-35.8547298451039],[-71.5913166449999,-35.8544030001039],[-71.5918890549999,-35.8542058741039],[-71.5917829139999,-35.8539107281039],[-71.5882572559999,-35.8546627701039]]]}},{"type":"Feature","properties":{"id":"7401031002004","commune":"Linares","code":"07401","gse":"C2","quintil":"Q3","nse_score":722.6,"educ":12.1,"educ_score":606.7,"hacin":1.136,"hacin_class":"Hacinamiento Leve","hacin_score":822.1,"auto_score":0.0,"n_per":25,"n_hog":10,"source_year":2024},"geometry":{"type":"Polygon","coordinates":[[[-71.5914786539999,-35.8546355681039],[-71.5920031489999,-35.8545008481039],[-71.5919210929999,-35.8542547551039],[-71.5913687579999,-35.8543883561039],[-71.5914786539999,-35.8546355681039]]]}},{"type":"Feature","properties":{"id":"7401031002005","commune":"Linares","code":"07401","gse":"D","quintil":"Q2","nse_score":646.8,"educ":10.5,"educ_score":500.0,"hacin":2.091,"hacin_class":"Hacinamiento Medio","hacin_score":619.0,"auto_score":13.9,"n_per":184,"n_hog":37,"source_year":2024},"geometry":{"type":"Polygon","coordinates":[[[-71.5852698619999,-35.8565748451039],[-71.5865577289999,-35.8569391861038],[-71.5871034449999,-35.8559945571038],[-71.5871547519999,-35.8556464421039],[-71.5884288949999,-35.8553397111039],[-71.5881806799999,-35.8546632341039],[-71.5861531649999,-35.8550731431039],[-71.5852698619999,-35.8565748451039]]]}},{"type":"Feature","properties":{"id":"7401031002006","commune":"Linares","code":"07401","gse":"C2","quintil":"Q4","nse_score":734.5,"educ":11.5,"educ_score":566.7,"hacin":1.25,"hacin_class":"Hacinamiento Leve","hacin_score":797.9,"auto_score":52.6,"n_per":135,"n_hog":57,"source_year":2024},"geometry":{"type":"Polygon","coordinates":[[[-71.5922297059999,-35.8551043511039],[-71.5926223449999,-35.8561008511039],[-71.5931599699999,-35.8559720691039],[-71.5930690859999,-35.8556675821039],[-71.5927058329999,-35.8557430251039],[-71.593041749,-35.8555825461039],[-71.5929268529999,-35.8553056171039],[-71.5925780519999,-35.8553275231039],[-71.5928882029999,-35.8552343461039],[-71.5927754869999,-35.8549393421039],[-71.5922297059999,-35.8551043511039]]]}},{"type":"Feature","properties":{"id":"7401031002007","commune":"Linares","code":"07401","gse":"C3","quintil":"Q3","nse_score":695.4,"educ":10.8,"educ_score":520.0,"hacin":1.462,"hacin_class":"Hacinamiento Leve","hacin_score":752.9,"auto_score":0.0,"n_per":38,"n_hog":13,"source_year":2024},"geometry":{"type":"Polygon","coordinates":[[[-71.5878910579999,-35.8561198051039],[-71.5885183419999,-35.8559775831038],[-71.5884578899999,-35.8554380921039],[-71.5876759949999,-35.8555803461039],[-71.5878910579999,-35.8561198051039]]]}},{"type":"Feature","properties":{"id":"7401031002008","commune":"Linares","code":"07401","gse":"C3","quintil":"Q2","nse_score":673.8,"educ":10.3,"educ_score":486.7,"hacin":1.231,"hacin_class":"Hacinamiento Leve","hacin_score":802.0,"auto_score":0.0,"n_per":32,"n_hog":12,"source_year":2024},"geometry":{"type":"Polygon","coordinates":[[[-71.5873076729999,-35.8562740741039],[-71.5877777409999,-35.8561422661039],[-71.5875877849999,-35.8556100711039],[-71.5871841159999,-35.8557089021039],[-71.5873076729999,-35.8562740741039]]]}},{"type":"Feature","properties":{"id":"7401031002009","commune":"Linares","code":"07401","gse":"C3","quintil":"Q3","nse_score":694.5,"educ":10.9,"educ_score":526.7,"hacin":1.298,"hacin_class":"Hacinamiento Leve","hacin_score":787.6,"auto_score":32.8,"n_per":161,"n_hog":59,"source_year":2024},"geometry":{"type":"Polygon","coordinates":[[[-71.5926695769999,-35.8562124961039],[-71.5931192259999,-35.8573654941039],[-71.5936503319999,-35.8572593841038],[-71.5935016059999,-35.8567939081038],[-71.5931726499999,-35.8567965071039],[-71.5934576729999,-35.8567092311039],[-71.5933554709999,-35.8564185091038],[-71.5930316519999,-35.8564300091039],[-71.5933188949999,-35.8563471931038],[-71.5932245419999,-35.8560743271039],[-71.5926695769999,-35.8562124961039]]]}},{"type":"Feature","properties":{"id":"7401031002010","commune":"Linares","code":"07401","gse":"C3","quintil":"Q3","nse_score":697.6,"educ":10.0,"educ_score":466.7,"hacin":1.094,"hacin_class":"Hacinamiento Leve","hacin_score":831.1,"auto_score":38.5,"n_per":35,"n_hog":13,"source_year":2024},"geometry":{"type":"Polygon","coordinates":[[[-71.5881648179999,-35.8566927441038],[-71.5885903799999,-35.8565754121039],[-71.5885140639999,-35.8560587951039],[-71.5879167609999,-35.8561933491039],[-71.5881648179999,-35.8566927441038]]]}},{"type":"Feature","properties":{"id":"7401031002011","commune":"Linares","code":"07401","gse":"D","quintil":"Q1","nse_score":618.2,"educ":9.4,"educ_score":426.7,"hacin":1.346,"hacin_class":"Hacinamiento Leve","hacin_score":777.4,"auto_score":0.0,"n_per":35,"n_hog":13,"source_year":2024},"geometry":{"type":"Polygon","coordinates":[[[-71.5866544469999,-35.8569235831039],[-71.5874127469999,-35.8568666851039],[-71.5871472659999,-35.8560972661039],[-71.5866544469999,-35.8569235831039]]]}},{"type":"Feature","properties":{"id":"7401031002012","commune":"Linares","code":"07401","gse":"D","quintil":"Q1","nse_score":595.5,"educ":8.7,"educ_score":380.0,"hacin":1.577,"hacin_class":"Hacinamiento Medio","hacin_score":728.3,"auto_score":41.7,"n_per":41,"n_hog":13,"source_year":2024},"geometry":{"type":"Polygon","coordinates":[[[-71.5875153959999,-35.8568419401038],[-71.5880519979999,-35.8567132031038],[-71.5878220669999,-35.8562179231038],[-71.587337224,-35.8563635701039],[-71.5875153959999,-35.8568419401038]]]}},{"type":"Feature","properties":{"id":"7401031002013","commune":"Linares","code":"07401","gse":"C3","quintil":"Q3","nse_score":697.5,"educ":10.8,"educ_score":520.0,"hacin":1.368,"hacin_class":"Hacinamiento Leve","hacin_score":772.8,"auto_score":38.5,"n_per":145,"n_hog":54,"source_year":2024},"geometry":{"type":"Polygon","coordinates":[[[-71.5851959529999,-35.8568558481039],[-71.5858856279999,-35.8570933681039],[-71.5860417339999,-35.8570314201039],[-71.5859473199999,-35.8572137181039],[-71.5860602859999,-35.8578151731039],[-71.5856984879999,-35.8585214921039],[-71.585640452,-35.8583965561038],[-71.5845547799999,-35.8580368681038],[-71.5844393629999,-35.8582331371039],[-71.5858445619999,-35.8587256511038],[-71.5862135289999,-35.8580732941039],[-71.5865826599999,-35.8578444811038],[-71.5865184749999,-35.8570301641038],[-71.5852799299999,-35.8566658591038],[-71.5851959529999,-35.8568558481039]]]}},{"type":"Feature","properties":{"id":"7401031002014","commune":"Linares","code":"07401","gse":"C3","quintil":"Q2","nse_score":660.9,"educ":9.3,"educ_score":420.0,"hacin":1.375,"hacin_class":"Hacinamiento Leve","hacin_score":771.3,"auto_score":76.9,"n_per":44,"n_hog":13,"source_year":2024},"geometry":{"type":"Polygon","coordinates":[[[-71.5886174869999,-35.8576913141039],[-71.5888113939999,-35.8575621041039],[-71.5886233779999,-35.8566963791038],[-71.5882131989999,-35.8567547941038],[-71.5886174869999,-35.8576913141039]]]}},{"type":"Feature","properties":{"id":"7401031002015","commune":"Linares","code":"07401","gse":"C3","quintil":"Q2","nse_score":662.0,"educ":9.3,"educ_score":420.0,"hacin":1.177,"hacin_class":"Hacinamiento Leve","hacin_score":813.5,"auto_score":62.5,"n_per":20,"n_hog":8,"source_year":2024},"geometry":{"type":"Polygon","coordinates":[[[-71.5891616899999,-35.8567478651039],[-71.5887501989999,-35.8568829231039],[-71.5888415139999,-35.8573180971039],[-71.5893527419999,-35.8571538481039],[-71.5891616899999,-35.8567478651039]]]}},{"type":"Feature","properties":{"id":"7401031002016","commune":"Linares","code":"07401","gse":"C3","quintil":"Q2","nse_score":658.2,"educ":9.7,"educ_score":446.7,"hacin":1.37,"hacin_class":"Hacinamiento Leve","hacin_score":772.4,"auto_score":65.2,"n_per":63,"n_hog":22,"source_year":2024},"geometry":{"type":"Polygon","coordinates":[[[-71.5879479729999,-35.8580052881039],[-71.5885098349999,-35.8577263371038],[-71.5880656979999,-35.8567940271038],[-71.5875451279999,-35.8569584701039],[-71.5879479729999,-35.8580052881039]]]}},{"type":"Feature","properties":{"id":"7401031002017","commune":"Linares","code":"07401","gse":"C3","quintil":"Q2","nse_score":671.8,"educ":10.7,"educ_score":513.3,"hacin":1.286,"hacin_class":"Hacinamiento Leve","hacin_score":790.3,"auto_score":0.0,"n_per":36,"n_hog":16,"source_year":2024},"geometry":{"type":"Polygon","coordinates":[[[-71.5858929969999,-35.8571923551039],[-71.5851507009999,-35.8568988421039],[-71.5849762039999,-35.8571881541038],[-71.5857119049999,-35.8574756661038],[-71.5858929969999,-35.8571923551039]]]}},{"type":"Feature","properties":{"id":"7401031002018","commune":"Linares","code":"07401","gse":"C3","quintil":"Q2","nse_score":674.5,"educ":10.3,"educ_score":486.7,"hacin":1.353,"hacin_class":"Hacinamiento Leve","hacin_score":776.0,"auto_score":58.8,"n_per":46,"n_hog":17,"source_year":2024},"geometry":{"type":"Polygon","coordinates":[[[-71.5872508219999,-35.8577061251039],[-71.5877118139999,-35.8576579131039],[-71.5874362749999,-35.8569518041039],[-71.587011517,-35.8570510581039],[-71.5872508219999,-35.8577061251039]]]}},{"type":"Feature","properties":{"id":"7401031002019","commune":"Linares","code":"07401","gse":"D","quintil":"Q1","nse_score":613.5,"educ":9.4,"educ_score":426.7,"hacin":1.3,"hacin_class":"Hacinamiento Leve","hacin_score":787.2,"auto_score":133.3,"n_per":39,"n_hog":13,"source_year":2024},"geometry":{"type":"Polygon","coordinates":[[[-71.5869651229999,-35.8570611021038],[-71.5865847419999,-35.8570783101039],[-71.586681945,-35.8578333291039],[-71.5871582999999,-35.8576923741039],[-71.5869651229999,-35.8570611021038]]]}},{"type":"Feature","properties":{"id":"7401031002020","commune":"Linares","code":"07401","gse":"D","quintil":"Q1","nse_score":614.4,"educ":8.6,"educ_score":373.3,"hacin":1.071,"hacin_class":"Hacinamiento Leve","hacin_score":835.9,"auto_score":0.0,"n_per":15,"n_hog":7,"source_year":2024},"geometry":{"type":"Polygon","coordinates":[[[-71.5891953089999,-35.8578985761039],[-71.5895987769999,-35.8576758171038],[-71.5893846749999,-35.8572207591038],[-71.5888583159999,-35.8574304001039],[-71.5891953089999,-35.8578985761039]]]}},{"type":"Feature","properties":{"id":"7401031002021","commune":"Linares","code":"07401","gse":"C3","quintil":"Q3","nse_score":697.8,"educ":12.8,"educ_score":653.3,"hacin":1.1,"hacin_class":"Hacinamiento Leve","hacin_score":829.8,"auto_score":0.0,"n_per":22,"n_hog":8,"source_year":2024},"geometry":{"type":"Polygon","coordinates":[[[-71.5852303049999,-35.8577327791038],[-71.5854002059999,-35.8574237921039],[-71.5849219689999,-35.8572853271039],[-71.5847970899999,-35.8575656991039],[-71.5852303049999,-35.8577327791038]]]}},{"type":"Feature","properties":{"id":"7401031002023","commune":"Linares","code":"07401","gse":"D","quintil":"Q2","nse_score":630.0,"educ":9.5,"educ_score":433.3,"hacin":1.413,"hacin_class":"Hacinamiento Leve","hacin_score":763.3,"auto_score":31.9,"n_per":113,"n_hog":45,"source_year":2024},"geometry":{"type":"Polygon","coordinates":[[[-71.5931830099999,-35.8575025791038],[-71.5937624389999,-35.8589469511038],[-71.5943358649999,-35.8588759701038],[-71.5940374199999,-35.8580847461038],[-71.5937128409999,-35.8581368251038],[-71.5940038059999,-35.8580088601038],[-71.5938694369999,-35.8576862821038],[-71.5935638569999,-35.8577379841038],[-71.5938372259999,-35.8576113701038],[-71.5937195569999,-35.8573345011039],[-71.5931830099999,-35.8575025791038]]]}},{"type":"Feature","properties":{"id":"7401031002024","commune":"Linares","code":"07401","gse":"C2","quintil":"Q3","nse_score":721.9,"educ":11.1,"educ_score":540.0,"hacin":1.188,"hacin_class":"Hacinamiento Leve","hacin_score":811.2,"auto_score":0.0,"n_per":19,"n_hog":8,"source_year":2024},"geometry":{"type":"Polygon","coordinates":[[[-71.5857339979999,-35.8579242601039],[-71.5858968119999,-35.8576013731039],[-71.585479184,-35.8574590611038],[-71.5853284849999,-35.8577651971038],[-71.5857339979999,-35.8579242601039]]]}},{"type":"Feature","properties":{"id":"7401031002025","commune":"Linares","code":"07401","gse":"D","quintil":"Q1","nse_score":608.1,"educ":10.0,"educ_score":466.7,"hacin":1.375,"hacin_class":"Hacinamiento Leve","hacin_score":771.3,"auto_score":100.0,"n_per":22,"n_hog":8,"source_year":2024},"geometry":{"type":"Polygon","coordinates":[[[-71.5926417189999,-35.8578712791038],[-71.5931771509999,-35.8577202661038],[-71.5931056069999,-35.8574784541039],[-71.5925405009999,-35.8576348691038],[-71.5926417189999,-35.8578712791038]]]}},{"type":"Feature","properties":{"id":"7401031002026","commune":"Linares","code":"07401","gse":"C3","quintil":"Q3","nse_score":682.8,"educ":11.0,"educ_score":533.3,"hacin":1.387,"hacin_class":"Hacinamiento Leve","hacin_score":768.7,"auto_score":111.1,"n_per":43,"n_hog":17,"source_year":2024},"geometry":{"type":"Polygon","coordinates":[[[-71.5853373469999,-35.8582292001038],[-71.5854972919999,-35.8579046421038],[-71.5847099289999,-35.8576651691038],[-71.5845945019999,-35.8579695491039],[-71.5853373469999,-35.8582292001038]]]}},{"type":"Feature","properties":{"id":"7401031002028","commune":"Linares","code":"07401","gse":"D","quintil":"Q2","nse_score":647.5,"educ":9.7,"educ_score":446.7,"hacin":1.468,"hacin_class":"Hacinamiento Leve","hacin_score":751.5,"auto_score":16.7,"n_per":91,"n_hog":32,"source_year":2024},"geometry":{"type":"Polygon","coordinates":[[[-71.5878135669999,-35.8581694751039],[-71.588491298,-35.8590922441038],[-71.588899754,-35.8589166931038],[-71.5886074739999,-35.8582920671038],[-71.5891085099999,-35.8579207341038],[-71.5888359479999,-35.8576787471039],[-71.5878135669999,-35.8581694751039]]]}},{"type":"Feature","properties":{"id":"7401031002029","commune":"Linares","code":"07401","gse":"C3","quintil":"Q2","nse_score":656.7,"educ":9.5,"educ_score":433.3,"hacin":1.5,"hacin_class":"Hacinamiento Medio","hacin_score":744.7,"auto_score":100.0,"n_per":24,"n_hog":9,"source_year":2024},"geometry":{"type":"Polygon","coordinates":[[[-71.5874354869999,-35.8582337841038],[-71.5878390959999,-35.8580607661038],[-71.5877395629999,-35.8577324571039],[-71.5872317219999,-35.8577583911039],[-71.5874354869999,-35.8582337841038]]]}},{"type":"Feature","properties":{"id":"7401031002030","commune":"Linares","code":"07401","gse":"D","quintil":"Q1","nse_score":623.6,"educ":9.2,"educ_score":413.3,"hacin":1.607,"hacin_class":"Hacinamiento Medio","hacin_score":721.9,"auto_score":41.7,"n_per":45,"n_hog":12,"source_year":2024},"geometry":{"type":"Polygon","coordinates":[[[-71.5868975909999,-35.8584577491039],[-71.5873521029999,-35.8582470191038],[-71.5871658109999,-35.8577553021038],[-71.5866774739999,-35.8578894731039],[-71.5868975909999,-35.8584577491039]]]}},{"type":"Feature","properties":{"id":"7401031002031","commune":"Linares","code":"07401","gse":"C3","quintil":"Q3","nse_score":695.1,"educ":9.7,"educ_score":446.7,"hacin":1.296,"hacin_class":"Hacinamiento Leve","hacin_score":788.0,"auto_score":100.0,"n_per":35,"n_hog":15,"source_year":2024},"geometry":{"type":"Polygon","coordinates":[[[-71.5895205689999,-35.8586579031038],[-71.5899235399999,-35.8584800341039],[-71.5896022019999,-35.8577703821039],[-71.5892374009999,-35.8579900611039],[-71.5895205689999,-35.8586579031038]]]}},{"type":"Feature","properties":{"id":"7401031002032","commune":"Linares","code":"07401","gse":"C3","quintil":"Q2","nse_score":656.2,"educ":9.4,"educ_score":426.7,"hacin":1.238,"hacin_class":"Hacinamiento Leve","hacin_score":800.4,"auto_score":45.5,"n_per":26,"n_hog":11,"source_year":2024},"geometry":{"type":"Polygon","coordinates":[[[-71.5927525779999,-35.8582025311039],[-71.5932863019999,-35.8580649191039],[-71.5932331859999,-35.8578046821039],[-71.5926470909999,-35.8579435241039],[-71.5927525779999,-35.8582025311039]]]}},{"type":"Feature","properties":{"id":"7401031002034","commune":"Linares","code":"07401","gse":"D","quintil":"Q2","nse_score":646.0,"educ":10.2,"educ_score":480.0,"hacin":1.333,"hacin_class":"Hacinamiento Leve","hacin_score":780.1,"auto_score":133.3,"n_per":44,"n_hog":13,"source_year":2024},"geometry":{"type":"Polygon","coordinates":[[[-71.5859885189999,-35.8588734891038],[-71.5864559749999,-35.8588116281039],[-71.5867960109999,-35.8585429181039],[-71.5866039079999,-35.8579281561039],[-71.5862267539999,-35.8581319771038],[-71.5859069359999,-35.8587610331038],[-71.5859885189999,-35.8588734891038]]]}},{"type":"Feature","properties":{"id":"7401031002035","commune":"Linares","code":"07401","gse":"C2","quintil":"Q3","nse_score":709.5,"educ":11.0,"educ_score":533.3,"hacin":1.5,"hacin_class":"Hacinamiento Medio","hacin_score":744.7,"auto_score":90.9,"n_per":45,"n_hog":11,"source_year":2024},"geometry":{"type":"Polygon","coordinates":[[[-71.5886733149999,-35.8582951541039],[-71.5888126559999,-35.8585580411038],[-71.5892999979999,-35.8583402371038],[-71.5891479329999,-35.8580370561038],[-71.5886733149999,-35.8582951541039]]]}},{"type":"Feature","properties":{"id":"7401031002036","commune":"Linares","code":"07401","gse":"D","quintil":"Q2","nse_score":650.8,"educ":9.2,"educ_score":413.3,"hacin":1.24,"hacin_class":"Hacinamiento Leve","hacin_score":800.0,"auto_score":0.0,"n_per":31,"n_hog":11,"source_year":2024},"geometry":{"type":"Polygon","coordinates":[[[-71.5928542749999,-35.8585310471038],[-71.5934233899999,-35.8583838291038],[-71.5933609129999,-35.8581354131039],[-71.5927741759999,-35.8582652561038],[-71.5928542749999,-35.8585310471038]]]}},{"type":"Feature","properties":{"id":"7401031002037","commune":"Linares","code":"07401","gse":"C2","quintil":"Q4","nse_score":757.8,"educ":12.1,"educ_score":606.7,"hacin":1.368,"hacin_class":"Hacinamiento Leve","hacin_score":772.7,"auto_score":83.3,"n_per":26,"n_hog":6,"source_year":2024},"geometry":{"type":"Polygon","coordinates":[[[-71.5876060459999,-35.8587075121039],[-71.5879462359999,-35.8585677051038],[-71.5877101209999,-35.8582122641038],[-71.5873976529999,-35.8583496901039],[-71.5876060459999,-35.8587075121039]]]}},{"type":"Feature","properties":{"id":"7401031002038","commune":"Linares","code":"07401","gse":"C3","quintil":"Q2","nse_score":654.9,"educ":10.8,"educ_score":520.0,"hacin":1.306,"hacin_class":"Hacinamiento Leve","hacin_score":786.1,"auto_score":83.3,"n_per":47,"n_hog":17,"source_year":2024},"geometry":{"type":"Polygon","coordinates":[[[-71.5915622399999,-35.8589769201038],[-71.5928023679999,-35.8587693891038],[-71.5926807079999,-35.8583168481038],[-71.5914407159999,-35.8585103621038],[-71.5915622399999,-35.8589769201038]]]}},{"type":"Feature","properties":{"id":"7401031002039","commune":"Linares","code":"07401","gse":"C3","quintil":"Q3","nse_score":705.2,"educ":11.0,"educ_score":533.3,"hacin":1.367,"hacin_class":"Hacinamiento Leve","hacin_score":772.9,"auto_score":0.0,"n_per":67,"n_hog":19,"source_year":2024},"geometry":{"type":"Polygon","coordinates":[[[-71.5866467559999,-35.8593441781039],[-71.5869725289999,-35.8592151091038],[-71.5870391599999,-35.8589658091038],[-71.5875383779999,-35.8587297211038],[-71.5873313079999,-35.8583736531038],[-71.5866159599999,-35.8587758161038],[-71.5866467559999,-35.8593441781039]]]}},{"type":"Feature","properties":{"id":"7401031002040","commune":"Linares","code":"07401","gse":"D","quintil":"Q2","nse_score":650.0,"educ":9.6,"educ_score":440.0,"hacin":1.333,"hacin_class":"Hacinamiento Leve","hacin_score":780.1,"auto_score":0.0,"n_per":24,"n_hog":10,"source_year":2024},"geometry":{"type":"Polygon","coordinates":[[[-71.5893080279999,-35.8584166671038],[-71.5888415829999,-35.8586069901038],[-71.5889783049999,-35.8588744391038],[-71.589423011,-35.8587071181038],[-71.5893080279999,-35.8584166671038]]]}},{"type":"Feature","properties":{"id":"7401031002041","commune":"Linares","code":"07401","gse":"C2","quintil":"Q4","nse_score":752.0,"educ":11.6,"educ_score":573.3,"hacin":1.227,"hacin_class":"Hacinamiento Leve","hacin_score":802.7,"auto_score":45.5,"n_per":27,"n_hog":11,"source_year":2024},"geometry":{"type":"Polygon","coordinates":[[[-71.5929997189999,-35.8588597531039],[-71.5935572739999,-35.8587035121038],[-71.5934925909999,-35.8584705651038],[-71.59287839,-35.8585964961039],[-71.5929997189999,-35.8588597531039]]]}},{"type":"Feature","properties":{"id":"7401031002042","commune":"Linares","code":"07401","gse":"C3","quintil":"Q2","nse_score":652.5,"educ":10.6,"educ_score":506.7,"hacin":1.206,"hacin_class":"Hacinamiento Leve","hacin_score":807.2,"auto_score":60.4,"n_per":234,"n_hog":89,"source_year":2024},"geometry":{"type":"Polygon","coordinates":[[[-71.5899465259999,-35.8585593831039],[-71.5867023859999,-35.8598563631038],[-71.5866873069999,-35.8598927411038],[-71.5872070329999,-35.8606702031038],[-71.5896431149999,-35.8598317931038],[-71.5915381879999,-35.8593464891038],[-71.5914378649999,-35.8590602311038],[-71.5904467649999,-35.8592258291039],[-71.5905487029999,-35.8591154711038],[-71.5903991049999,-35.8585831291039],[-71.5899465259999,-35.8585593831039]]]}},{"type":"Feature","properties":{"id":"7401031002043","commune":"Linares","code":"07401","gse":"C3","quintil":"Q3","nse_score":695.2,"educ":11.1,"educ_score":540.0,"hacin":1.409,"hacin_class":"Hacinamiento Leve","hacin_score":764.0,"auto_score":0.0,"n_per":31,"n_hog":12,"source_year":2024},"geometry":{"type":"Polygon","coordinates":[[[-71.5880115299999,-35.8592680341039],[-71.5883949319999,-35.8591078411039],[-71.5880965239999,-35.8586140391038],[-71.5877169799999,-35.8587760661039],[-71.5880115299999,-35.8592680341039]]]}},{"type":"Feature","properties":{"id":"7401031002044","commune":"Linares","code":"07401","gse":"C2","quintil":"Q3","nse_score":710.2,"educ":11.0,"educ_score":533.3,"hacin":1.393,"hacin_class":"Hacinamiento Leve","hacin_score":767.5,"auto_score":125.0,"n_per":39,"n_hog":12,"source_year":2024},"geometry":{"type":"Polygon","coordinates":[[[-71.58721571,-35.8589259521038],[-71.5875355859999,-35.8594418271039],[-71.5879179539999,-35.8592938811038],[-71.5876359639999,-35.8587726841038],[-71.58721571,-35.8589259521038]]]}},{"type":"Feature","properties":{"id":"7401031002045","commune":"Linares","code":"07401","gse":"D","quintil":"Q1","nse_score":604.8,"educ":9.4,"educ_score":426.7,"hacin":1.556,"hacin_class":"Hacinamiento Medio","hacin_score":732.9,"auto_score":71.4,"n_per":14,"n_hog":5,"source_year":2024},"geometry":{"type":"Polygon","coordinates":[[[-71.5930729839999,-35.8590978861038],[-71.5936712349999,-35.8589939811038],[-71.5936885849999,-35.8589530461038],[-71.5935629329999,-35.8587709891038],[-71.5930162489999,-35.8589089821038],[-71.5930729839999,-35.8590978861038]]]}},{"type":"Feature","properties":{"id":"7401031002047","commune":"Linares","code":"07401","gse":"C3","quintil":"Q2","nse_score":671.0,"educ":9.7,"educ_score":446.7,"hacin":1.264,"hacin_class":"Hacinamiento Leve","hacin_score":794.9,"auto_score":0.0,"n_per":67,"n_hog":26,"source_year":2024},"geometry":{"type":"Polygon","coordinates":[[[-71.5916718479999,-35.8593426101038],[-71.5929131029999,-35.8591363811038],[-71.5929517829999,-35.8590861321038],[-71.592829117,-35.8588249271038],[-71.5916064079999,-35.8590295531038],[-71.5916718479999,-35.8593426101038]]]}},{"type":"Feature","properties":{"id":"7401031002049","commune":"Linares","code":"07401","gse":"D","quintil":"Q2","nse_score":645.7,"educ":9.0,"educ_score":400.0,"hacin":1.083,"hacin_class":"Hacinamiento Leve","hacin_score":833.3,"auto_score":0.0,"n_per":26,"n_hog":14,"source_year":2024},"geometry":{"type":"Polygon","coordinates":[[[-71.5866659929999,-35.8598062421038],[-71.5874356889999,-35.8594980601039],[-71.5872860009999,-35.8591723021038],[-71.5864292349999,-35.8594791851038],[-71.5866659929999,-35.8598062421038]]]}},{"type":"Feature","properties":{"id":"7401031002001","commune":"Linares","code":"07401","gse":"C2","quintil":"Q3","nse_score":710.5,"educ":11.9,"educ_score":593.3,"hacin":1.222,"hacin_class":"Hacinamiento Leve","hacin_score":803.8,"auto_score":80.0,"n_per":55,"n_hog":22,"source_year":2024},"geometry":{"type":"MultiPolygon","coordinates":[[[[-71.5922027699999,-35.8550102941039],[-71.5927321449999,-35.8548399121039],[-71.5922791679999,-35.8537867061039],[-71.5918664879999,-35.8538954041039],[-71.5922027699999,-35.8550102941039]]],[[[-71.5944655499999,-35.8588800911038],[-71.5948164799999,-35.8588340381038],[-71.5947954409999,-35.8583768361038],[-71.5938804109999,-35.8567496731039],[-71.5927481219999,-35.8536821711039],[-71.5924249009999,-35.8537467941039],[-71.5944655499999,-35.8588800911038]]]]}},{"type":"Feature","properties":{"id":"7401031003001","commune":"Linares","code":"07401","gse":"C3","quintil":"Q2","nse_score":660.8,"educ":10.1,"educ_score":473.3,"hacin":1.329,"hacin_class":"Hacinamiento Leve","hacin_score":781.1,"auto_score":38.1,"n_per":291,"n_hog":108,"source_year":2024},"geometry":{"type":"Polygon","coordinates":[[[-71.5844010519999,-35.8583039011038],[-71.584251735,-35.8585391191038],[-71.5847768519999,-35.8587486411038],[-71.5841834459999,-35.8585991751038],[-71.5831120759999,-35.8594131461038],[-71.5838433949999,-35.8601758961038],[-71.5848083499999,-35.8596062411038],[-71.5856024059999,-35.8599448631038],[-71.586293683,-35.8612487021038],[-71.5873961429999,-35.8617612371038],[-71.5881905199999,-35.8615142781038],[-71.590404427,-35.8621004711038],[-71.592422644,-35.8621003741038],[-71.5924611319999,-35.8615781261038],[-71.5921207199999,-35.8616338931038],[-71.5924231219999,-35.8615205771038],[-71.5924221989999,-35.8612774301038],[-71.5917167619999,-35.8613976531038],[-71.5908981699999,-35.8595405661039],[-71.5871545569999,-35.8607164001038],[-71.5865431469999,-35.8598327541038],[-71.586354147,-35.8598728781038],[-71.5846360879999,-35.8591978271038],[-71.5854540779999,-35.8586664611038],[-71.5844010519999,-35.8583039011038]]]}},{"type":"Feature","properties":{"id":"7401031003002","commune":"Linares","code":"07401","gse":"E","quintil":"Q1","nse_score":570.4,"educ":10.1,"educ_score":473.3,"hacin":1.25,"hacin_class":"Hacinamiento Leve","hacin_score":797.9,"auto_score":41.7,"n_per":30,"n_hog":11,"source_year":2024},"geometry":{"type":"Polygon","coordinates":[[[-71.5952442559999,-35.8611278461038],[-71.5956584069999,-35.8607356581038],[-71.5957569179999,-35.8601386551038],[-71.5960639229999,-35.8598106201039],[-71.5948184219999,-35.8584063861039],[-71.5948663249999,-35.8588341681038],[-71.5950368889999,-35.8589404801038],[-71.5950416379999,-35.8606453381038],[-71.5952442559999,-35.8611278461038]]]}},{"type":"Feature","properties":{"id":"7401031003003","commune":"Linares","code":"07401","gse":"D","quintil":"Q1","nse_score":600.0,"educ":8.8,"educ_score":386.7,"hacin":1.381,"hacin_class":"Hacinamiento Leve","hacin_score":770.0,"auto_score":35.7,"n_per":29,"n_hog":13,"source_year":2024},"geometry":{"type":"Polygon","coordinates":[[[-71.5859204739999,-35.8589854011038],[-71.5858179129999,-35.8587893181038],[-71.5855336429999,-35.8586872811039],[-71.5846491469999,-35.8591524801038],[-71.5851229499999,-35.8593585981038],[-71.5859204739999,-35.8589854011038]]]}},{"type":"Feature","properties":{"id":"7401031003004","commune":"Linares","code":"07401","gse":"D","quintil":"Q1","nse_score":596.3,"educ":8.5,"educ_score":366.7,"hacin":1.774,"hacin_class":"Hacinamiento Medio","hacin_score":686.3,"auto_score":125.0,"n_per":55,"n_hog":18,"source_year":2024},"geometry":{"type":"Polygon","coordinates":[[[-71.5942957869999,-35.8597547771038],[-71.5949950219999,-35.8596685391038],[-71.5949337559999,-35.8589086241038],[-71.5942037049999,-35.8589824771038],[-71.5942957869999,-35.8597547771038]]]}},{"type":"Feature","properties":{"id":"7401031003005","commune":"Linares","code":"07401","gse":"D","quintil":"Q2","nse_score":630.1,"educ":9.4,"educ_score":426.7,"hacin":1.312,"hacin_class":"Hacinamiento Leve","hacin_score":784.6,"auto_score":80.0,"n_per":63,"n_hog":26,"source_year":2024},"geometry":{"type":"Polygon","coordinates":[[[-71.5933138779999,-35.8598665001039],[-71.5941870199999,-35.8597572041038],[-71.5941224939999,-35.8590067651039],[-71.5930721299999,-35.8591691591038],[-71.5933138779999,-35.8598665001039]]]}},{"type":"Feature","properties":{"id":"7401031003006","commune":"Linares","code":"07401","gse":"C3","quintil":"Q2","nse_score":670.1,"educ":9.8,"educ_score":453.3,"hacin":1.44,"hacin_class":"Hacinamiento Leve","hacin_score":757.4,"auto_score":0.0,"n_per":36,"n_hog":13,"source_year":2024},"geometry":{"type":"Polygon","coordinates":[[[-71.58636673,-35.8598493751038],[-71.5864932889999,-35.8597572161038],[-71.5859974079999,-35.8590423301039],[-71.5856370179999,-35.8591852901038],[-71.5859266179999,-35.8596747821038],[-71.58636673,-35.8598493751038]]]}},{"type":"Feature","properties":{"id":"7401031003007","commune":"Linares","code":"07401","gse":"C3","quintil":"Q2","nse_score":659.1,"educ":10.2,"educ_score":480.0,"hacin":1.286,"hacin_class":"Hacinamiento Leve","hacin_score":790.3,"auto_score":100.0,"n_per":54,"n_hog":19,"source_year":2024},"geometry":{"type":"Polygon","coordinates":[[[-71.5927332519999,-35.8601469281038],[-71.5932291129999,-35.8599409071038],[-71.5929695339999,-35.8591848951038],[-71.5923842699999,-35.8592966751038],[-71.5927332519999,-35.8601469281038]]]}},{"type":"Feature","properties":{"id":"7401031003009","commune":"Linares","code":"07401","gse":"C3","quintil":"Q3","nse_score":686.7,"educ":10.8,"educ_score":520.0,"hacin":1.404,"hacin_class":"Hacinamiento Leve","hacin_score":765.1,"auto_score":69.7,"n_per":365,"n_hog":124,"source_year":2024},"geometry":{"type":"Polygon","coordinates":[[[-71.5917280419999,-35.8593964711039],[-71.5925180809999,-35.8611246051038],[-71.5930957189999,-35.8609758031038],[-71.5928375359999,-35.8604856511038],[-71.592911925,-35.8604616811038],[-71.5931416709999,-35.8609576571038],[-71.5934728039999,-35.8608430371038],[-71.5932022129999,-35.8603470841038],[-71.593270291,-35.8603215051038],[-71.5935268869999,-35.8608048311038],[-71.5938540679999,-35.8607037511038],[-71.5935629689999,-35.8602150181038],[-71.5936226329999,-35.8601899611038],[-71.5939267099999,-35.8606826401038],[-71.5949690109999,-35.8604842501038],[-71.5949720649999,-35.8597555071038],[-71.5943227199999,-35.8598221911038],[-71.5943282299999,-35.8604669701038],[-71.5942517979999,-35.8598227651038],[-71.5933292879999,-35.8599252231038],[-71.5926789929999,-35.8602062951038],[-71.5922788199999,-35.8592989551038],[-71.5917280419999,-35.8593964711039]]]}},{"type":"Feature","properties":{"id":"7401031003010","commune":"Linares","code":"07401","gse":"C3","quintil":"Q2","nse_score":659.2,"educ":10.6,"educ_score":506.7,"hacin":1.363,"hacin_class":"Hacinamiento Leve","hacin_score":773.9,"auto_score":54.1,"n_per":124,"n_hog":37,"source_year":2024},"geometry":{"type":"Polygon","coordinates":[[[-71.591787586,-35.8613834021038],[-71.5923234499999,-35.8610510661038],[-71.591647469,-35.8594297561038],[-71.5910413269999,-35.8595059311038],[-71.591787586,-35.8613834021038]]]}},{"type":"Feature","properties":{"id":"7401031003011","commune":"Linares","code":"07401","gse":"C2","quintil":"Q4","nse_score":731.0,"educ":11.7,"educ_score":580.0,"hacin":1.421,"hacin_class":"Hacinamiento Leve","hacin_score":761.5,"auto_score":0.0,"n_per":54,"n_hog":17,"source_year":2024},"geometry":{"type":"Polygon","coordinates":[[[-71.5951844509999,-35.8611997091038],[-71.5949561749999,-35.8605936181038],[-71.5945726069999,-35.8606565691038],[-71.5948356949999,-35.8613558551038],[-71.5951844509999,-35.8611997091038]]]}},{"type":"Feature","properties":{"id":"7401031003012","commune":"Linares","code":"07401","gse":"C3","quintil":"Q3","nse_score":702.3,"educ":11.1,"educ_score":540.0,"hacin":1.429,"hacin_class":"Hacinamiento Leve","hacin_score":759.9,"auto_score":41.7,"n_per":40,"n_hog":12,"source_year":2024},"geometry":{"type":"Polygon","coordinates":[[[-71.5940109479999,-35.8610819911038],[-71.5945649249999,-35.8609226981038],[-71.594500949,-35.8606825121038],[-71.5939826999999,-35.8607471891038],[-71.5940109479999,-35.8610819911038]]]}},{"type":"Feature","properties":{"id":"7401031003013","commune":"Linares","code":"07401","gse":"C2","quintil":"Q4","nse_score":753.9,"educ":11.7,"educ_score":580.0,"hacin":1.449,"hacin_class":"Hacinamiento Leve","hacin_score":755.5,"auto_score":142.9,"n_per":71,"n_hog":21,"source_year":2024},"geometry":{"type":"Polygon","coordinates":[[[-71.5936832369999,-35.8618529871038],[-71.5940140679999,-35.8617670751038],[-71.5938979329999,-35.8607764821038],[-71.5935983099999,-35.8608972681038],[-71.5936832369999,-35.8618529871038]]]}},{"type":"Feature","properties":{"id":"7401031003014","commune":"Linares","code":"07401","gse":"C2","quintil":"Q4","nse_score":735.5,"educ":12.0,"educ_score":600.0,"hacin":1.51,"hacin_class":"Hacinamiento Medio","hacin_score":742.5,"auto_score":181.8,"n_per":74,"n_hog":22,"source_year":2024},"geometry":{"type":"Polygon","coordinates":[[[-71.5933148039999,-35.8619179011038],[-71.5936414869999,-35.8618807961038],[-71.5935248369999,-35.8609054041038],[-71.5932270569999,-35.8610093241038],[-71.5933148039999,-35.8619179011038]]]}},{"type":"Feature","properties":{"id":"7401031003015","commune":"Linares","code":"07401","gse":"C2","quintil":"Q4","nse_score":754.5,"educ":12.3,"educ_score":620.0,"hacin":1.48,"hacin_class":"Hacinamiento Leve","hacin_score":748.9,"auto_score":45.5,"n_per":37,"n_hog":11,"source_year":2024},"geometry":{"type":"Polygon","coordinates":[[[-71.5940479079999,-35.8615020281038],[-71.5946919539999,-35.8612117151038],[-71.5946092809999,-35.8609722981038],[-71.5939990709999,-35.8611352481038],[-71.5940479079999,-35.8615020281038]]]}},{"type":"Feature","properties":{"id":"7401031003016","commune":"Linares","code":"07401","gse":"D","quintil":"Q2","nse_score":633.9,"educ":10.1,"educ_score":473.3,"hacin":1.239,"hacin_class":"Hacinamiento Leve","hacin_score":800.2,"auto_score":45.5,"n_per":57,"n_hog":23,"source_year":2024},"geometry":{"type":"Polygon","coordinates":[[[-71.5929607169999,-35.8620103431038],[-71.593272812,-35.8619555041038],[-71.5931388409999,-35.8610253431038],[-71.5928776389999,-35.8610886511038],[-71.5929607169999,-35.8620103431038]]]}},{"type":"Feature","properties":{"id":"7401031003017","commune":"Linares","code":"07401","gse":"C3","quintil":"Q2","nse_score":667.5,"educ":9.6,"educ_score":440.0,"hacin":1.478,"hacin_class":"Hacinamiento Leve","hacin_score":749.3,"auto_score":23.8,"n_per":68,"n_hog":21,"source_year":2024},"geometry":{"type":"Polygon","coordinates":[[[-71.5925426199999,-35.8619455061038],[-71.5929190889999,-35.8620316921038],[-71.5928188709999,-35.8611063581038],[-71.5924908719999,-35.8612288091038],[-71.5925426199999,-35.8619455061038]]]}},{"type":"Feature","properties":{"id":"7401031003020","commune":"Linares","code":"07401","gse":"C3","quintil":"Q2","nse_score":668.0,"educ":10.2,"educ_score":480.0,"hacin":1.368,"hacin_class":"Hacinamiento Leve","hacin_score":772.7,"auto_score":54.2,"n_per":353,"n_hog":121,"source_year":2024},"geometry":{"type":"Polygon","coordinates":[[[-71.5945082719999,-35.8616483201038],[-71.5930736129999,-35.8621660281038],[-71.5925085649999,-35.8620868291038],[-71.5924636789999,-35.8625714621038],[-71.5929969489999,-35.8623489571038],[-71.5930338669999,-35.8624030091038],[-71.5924929739999,-35.8626162021038],[-71.5925030249999,-35.8629219641038],[-71.5932608019999,-35.8625793491038],[-71.5932976799999,-35.8626322101038],[-71.592509661,-35.8629900251038],[-71.5932232329999,-35.8650704631038],[-71.5942417449999,-35.8645703321038],[-71.5937477359999,-35.8639090461038],[-71.5933301399999,-35.8627643741038],[-71.593497339,-35.8630692891038],[-71.5939204089999,-35.8627638091038],[-71.5935223279999,-35.8631297651038],[-71.5936711579999,-35.8634600391038],[-71.5942063529999,-35.8631915991038],[-71.5936729199999,-35.8635140811038],[-71.5937745269999,-35.8638498821038],[-71.5941656519999,-35.8636837001038],[-71.5943666859999,-35.8638949091038],[-71.5947163139999,-35.8637303861038],[-71.5943930589999,-35.8639445181038],[-71.5947137989999,-35.8643425751038],[-71.5960610379999,-35.8637021871038],[-71.5959709799999,-35.8635161121038],[-71.5951201499999,-35.8639010681038],[-71.5951835099999,-35.8637954161038],[-71.5949483409999,-35.8634294211038],[-71.5958398059999,-35.8629760301038],[-71.5956784589999,-35.8626635791038],[-71.5947551659999,-35.8632531901038],[-71.5946914549999,-35.8631797021038],[-71.5956972099999,-35.8625825301038],[-71.5952959219999,-35.8615141251038],[-71.5946448329999,-35.8617084611038],[-71.5952527189999,-35.8614519661038],[-71.5951957709999,-35.8612281851038],[-71.5945082719999,-35.8616483201038]]]}},{"type":"Feature","properties":{"id":"7401031003021","commune":"Linares","code":"07401","gse":"C2","quintil":"Q4","nse_score":734.0,"educ":11.5,"educ_score":566.7,"hacin":1.556,"hacin_class":"Hacinamiento Medio","hacin_score":732.9,"auto_score":0.0,"n_per":28,"n_hog":8,"source_year":2024},"geometry":{"type":"Polygon","coordinates":[[[-71.5940570089999,-35.8617536161038],[-71.5948015209999,-35.8613871541038],[-71.5947336789999,-35.8612544611038],[-71.5940343419999,-35.8615774411038],[-71.5940570089999,-35.8617536161038]]]}},{"type":"Feature","properties":{"id":"7401031003022","commune":"Linares","code":"07401","gse":"D","quintil":"Q1","nse_score":616.1,"educ":10.0,"educ_score":466.7,"hacin":1.406,"hacin_class":"Hacinamiento Leve","hacin_score":764.6,"auto_score":107.1,"n_per":45,"n_hog":14,"source_year":2024},"geometry":{"type":"Polygon","coordinates":[[[-71.5902990879999,-35.8624517991038],[-71.5909900939999,-35.8625014671038],[-71.5910105939999,-35.8621760521038],[-71.5903948799999,-35.8621323101038],[-71.5902990879999,-35.8624517991038]]]}},{"type":"Feature","properties":{"id":"7401031003023","commune":"Linares","code":"07401","gse":"E","quintil":"Q1","nse_score":587.1,"educ":9.3,"educ_score":420.0,"hacin":1.522,"hacin_class":"Hacinamiento Medio","hacin_score":739.9,"auto_score":42.9,"n_per":102,"n_hog":35,"source_year":2024},"geometry":{"type":"Polygon","coordinates":[[[-71.5924215049999,-35.8621364761038],[-71.5910546829999,-35.8621799081038],[-71.5910323189999,-35.8624764241038],[-71.5923658359999,-35.8624478771038],[-71.5924215049999,-35.8621364761038]]]}},{"type":"Feature","properties":{"id":"7401031003024","commune":"Linares","code":"07401","gse":"D","quintil":"Q2","nse_score":632.2,"educ":9.9,"educ_score":460.0,"hacin":1.554,"hacin_class":"Hacinamiento Medio","hacin_score":733.2,"auto_score":89.7,"n_per":115,"n_hog":38,"source_year":2024},"geometry":{"type":"Polygon","coordinates":[[[-71.5910340419999,-35.8625346181038],[-71.5910302389999,-35.8628147171038],[-71.5923953229999,-35.8627499111038],[-71.5923640939999,-35.8624751861038],[-71.5910340419999,-35.8625346181038]]]}},{"type":"Feature","properties":{"id":"7401031003025","commune":"Linares","code":"07401","gse":"C3","quintil":"Q2","nse_score":673.6,"educ":10.0,"educ_score":466.7,"hacin":1.485,"hacin_class":"Hacinamiento Leve","hacin_score":747.9,"auto_score":218.8,"n_per":49,"n_hog":16,"source_year":2024},"geometry":{"type":"Polygon","coordinates":[[[-71.590200191,-35.8627816371038],[-71.5909694609999,-35.8628290171038],[-71.5909880519999,-35.8625338821038],[-71.5902896389999,-35.8624833111038],[-71.590200191,-35.8627816371038]]]}},{"type":"Feature","properties":{"id":"7401031003026","commune":"Linares","code":"07401","gse":"C3","quintil":"Q2","nse_score":657.0,"educ":10.1,"educ_score":473.3,"hacin":1.477,"hacin_class":"Hacinamiento Leve","hacin_score":749.5,"auto_score":47.6,"n_per":65,"n_hog":20,"source_year":2024},"geometry":{"type":"Polygon","coordinates":[[[-71.5901090949999,-35.8630854591038],[-71.5909467939999,-35.8631279461038],[-71.5909673009999,-35.8628596331038],[-71.5901907419999,-35.8628131521038],[-71.5901090949999,-35.8630854591038]]]}},{"type":"Feature","properties":{"id":"7401031003028","commune":"Linares","code":"07401","gse":"C3","quintil":"Q3","nse_score":682.4,"educ":10.9,"educ_score":526.7,"hacin":1.447,"hacin_class":"Hacinamiento Leve","hacin_score":755.9,"auto_score":150.0,"n_per":55,"n_hog":18,"source_year":2024},"geometry":{"type":"Polygon","coordinates":[[[-71.5916765779999,-35.8628384681038],[-71.5910112279999,-35.8628653121038],[-71.5909904729999,-35.8631368701038],[-71.5916991909999,-35.8631165391038],[-71.5916765779999,-35.8628384681038]]]}},{"type":"Feature","properties":{"id":"7401031003029","commune":"Linares","code":"07401","gse":"C3","quintil":"Q3","nse_score":678.7,"educ":10.5,"educ_score":500.0,"hacin":1.544,"hacin_class":"Hacinamiento Medio","hacin_score":735.2,"auto_score":23.3,"n_per":139,"n_hog":42,"source_year":2024},"geometry":{"type":"Polygon","coordinates":[[[-71.5909652839999,-35.8634664391038],[-71.5915204189999,-35.8635099131038],[-71.5924655079999,-35.8632117911038],[-71.5924246899999,-35.8629200621038],[-71.5914759909999,-35.8632122981038],[-71.5909911909999,-35.8631691041038],[-71.5909652839999,-35.8634664391038]]]}},{"type":"Feature","properties":{"id":"7401031003030","commune":"Linares","code":"07401","gse":"C3","quintil":"Q3","nse_score":703.6,"educ":10.1,"educ_score":473.3,"hacin":1.174,"hacin_class":"Hacinamiento Leve","hacin_score":814.1,"auto_score":0.0,"n_per":27,"n_hog":10,"source_year":2024},"geometry":{"type":"Polygon","coordinates":[[[-71.5952479699999,-35.8637818151038],[-71.5959708909999,-35.8634556721038],[-71.5958640189999,-35.8630926761038],[-71.5951147399999,-35.8633961541038],[-71.5952479699999,-35.8637818151038]]]}},{"type":"Feature","properties":{"id":"7401031003031","commune":"Linares","code":"07401","gse":"C3","quintil":"Q2","nse_score":670.4,"educ":9.9,"educ_score":460.0,"hacin":1.36,"hacin_class":"Hacinamiento Leve","hacin_score":774.5,"auto_score":140.0,"n_per":136,"n_hog":49,"source_year":2024},"geometry":{"type":"Polygon","coordinates":[[[-71.5883121519999,-35.8639563791038],[-71.587562869,-35.8643072371038],[-71.587606762,-35.8644377421038],[-71.5890661809999,-35.8637598861038],[-71.5888979279999,-35.8631435721038],[-71.588734428,-35.8630844221038],[-71.5873450029999,-35.8637308041038],[-71.5873994999999,-35.8639067991038],[-71.5883871849999,-35.8634363741038],[-71.5881696589999,-35.8635911221038],[-71.5883121519999,-35.8639563791038]]]}},{"type":"Feature","properties":{"id":"7401031003032","commune":"Linares","code":"07401","gse":"D","quintil":"Q2","nse_score":638.2,"educ":11.0,"educ_score":533.3,"hacin":1.477,"hacin_class":"Hacinamiento Leve","hacin_score":749.5,"auto_score":47.6,"n_per":65,"n_hog":20,"source_year":2024},"geometry":{"type":"Polygon","coordinates":[[[-71.5899166539999,-35.8634619171038],[-71.5909213199999,-35.8634612351038],[-71.5909439749999,-35.8631648381038],[-71.5900981109999,-35.8631220941038],[-71.5899166539999,-35.8634619171038]]]}},{"type":"Feature","properties":{"id":"7401031003033","commune":"Linares","code":"07401","gse":"D","quintil":"Q1","nse_score":604.1,"educ":8.7,"educ_score":380.0,"hacin":1.833,"hacin_class":"Hacinamiento Medio","hacin_score":673.8,"auto_score":0.0,"n_per":22,"n_hog":8,"source_year":2024},"geometry":{"type":"Polygon","coordinates":[[[-71.5895218829999,-35.8635748761038],[-71.5894467019999,-35.8633410701038],[-71.5889476279999,-35.8631594881038],[-71.5891068139999,-35.8637425881038],[-71.5895218829999,-35.8635748761038]]]}},{"type":"Feature","properties":{"id":"7401031003034","commune":"Linares","code":"07401","gse":"C3","quintil":"Q2","nse_score":664.4,"educ":9.7,"educ_score":446.7,"hacin":1.491,"hacin_class":"Hacinamiento Leve","hacin_score":746.7,"auto_score":58.3,"n_per":161,"n_hog":63,"source_year":2024},"geometry":{"type":"Polygon","coordinates":[[[-71.591762463,-35.8634850741038],[-71.5909903439999,-35.8635030141038],[-71.5911671969999,-35.8640558021038],[-71.5919688769999,-35.8636770661038],[-71.5919921849999,-35.8635323521038],[-71.5921515459999,-35.8639840791038],[-71.5923304199999,-35.8639621901038],[-71.5921428079999,-35.8641194661038],[-71.5926296409999,-35.8653192511038],[-71.5931058279999,-35.8651472991038],[-71.5924666259999,-35.8632440541038],[-71.591762463,-35.8634850741038]]]}},{"type":"Feature","properties":{"id":"7401031003035","commune":"Linares","code":"07401","gse":"C3","quintil":"Q2","nse_score":658.3,"educ":9.8,"educ_score":453.3,"hacin":1.6,"hacin_class":"Hacinamiento Medio","hacin_score":723.4,"auto_score":0.0,"n_per":16,"n_hog":5,"source_year":2024},"geometry":{"type":"Polygon","coordinates":[[[-71.5900088179999,-35.8636787211038],[-71.5898976489999,-35.8634953471038],[-71.5895508709999,-35.8633834441038],[-71.5897019759999,-35.8638209871038],[-71.5900088179999,-35.8636787211038]]]}},{"type":"Feature","properties":{"id":"7401031003036","commune":"Linares","code":"07401","gse":"C3","quintil":"Q2","nse_score":671.2,"educ":10.5,"educ_score":500.0,"hacin":1.411,"hacin_class":"Hacinamiento Leve","hacin_score":763.6,"auto_score":84.8,"n_per":508,"n_hog":164,"source_year":2024},"geometry":{"type":"Polygon","coordinates":[[[-71.5872384099999,-35.8634819731038],[-71.5834436049999,-35.8655020641038],[-71.5857393999999,-35.8709048121037],[-71.5862137309999,-35.8705439581037],[-71.5885482819999,-35.8693849961037],[-71.5875600509999,-35.8679066291038],[-71.5881379189999,-35.8675585551038],[-71.587919859,-35.8669948541037],[-71.5877120679999,-35.8670271751037],[-71.5883296669999,-35.8667374991038],[-71.588217804,-35.8664220991037],[-71.5875057569999,-35.8666950341037],[-71.5881984809999,-35.8663676161038],[-71.5880944209999,-35.8660742241037],[-71.5867462049999,-35.8666739401038],[-71.5866241009999,-35.8662709751038],[-71.5879249549999,-35.8655964201037],[-71.5878109849999,-35.8652750841038],[-71.5871549709999,-35.8655281161038],[-71.5877919099999,-35.8652212991038],[-71.5876821449999,-35.8649118151038],[-71.5870600629999,-35.8651380271038],[-71.5876614779999,-35.8648578411038],[-71.5875023569999,-35.8643683461038],[-71.5857292739999,-35.8651444011038],[-71.585480162,-35.8649411171038],[-71.5855476999999,-35.8647948151038],[-71.5873757669999,-35.8639386031038],[-71.5872384099999,-35.8634819731038]]]}},{"type":"Feature","properties":{"id":"7401031003038","commune":"Linares","code":"07401","gse":"D","quintil":"Q2","nse_score":636.4,"educ":9.5,"educ_score":433.3,"hacin":1.58,"hacin_class":"Hacinamiento Medio","hacin_score":727.7,"auto_score":103.4,"n_per":79,"n_hog":28,"source_year":2024},"geometry":{"type":"Polygon","coordinates":[[[-71.5908708039999,-35.8636817351038],[-71.5909024799999,-35.8635120291038],[-71.5903809009999,-35.8634857551038],[-71.5897088999999,-35.8638655391038],[-71.5898606939999,-35.8641597021038],[-71.5908708039999,-35.8636817351038]]]}},{"type":"Feature","properties":{"id":"7401031003039","commune":"Linares","code":"07401","gse":"C3","quintil":"Q2","nse_score":674.0,"educ":9.9,"educ_score":460.0,"hacin":1.391,"hacin_class":"Hacinamiento Leve","hacin_score":767.9,"auto_score":105.8,"n_per":153,"n_hog":51,"source_year":2024},"geometry":{"type":"Polygon","coordinates":[[[-71.5877838419999,-35.8647858381038],[-71.5896361969999,-35.8639121381038],[-71.5895376929999,-35.8636087241038],[-71.5876250809999,-35.8644910441038],[-71.5877838419999,-35.8647858381038]]]}},{"type":"Feature","properties":{"id":"7401031003040","commune":"Linares","code":"07401","gse":"C2","quintil":"Q4","nse_score":761.4,"educ":12.4,"educ_score":626.7,"hacin":1.524,"hacin_class":"Hacinamiento Medio","hacin_score":739.6,"auto_score":222.2,"n_per":32,"n_hog":9,"source_year":2024},"geometry":{"type":"Polygon","coordinates":[[[-71.5879864259999,-35.8640284951038],[-71.5882380529999,-35.8639079951038],[-71.5881292849999,-35.8636985841038],[-71.5878118829999,-35.8638201411038],[-71.5879864259999,-35.8640284951038]]]}},{"type":"Feature","properties":{"id":"7401031003041","commune":"Linares","code":"07401","gse":"C3","quintil":"Q2","nse_score":672.9,"educ":10.0,"educ_score":466.7,"hacin":1.438,"hacin_class":"Hacinamiento Leve","hacin_score":758.0,"auto_score":29.4,"n_per":46,"n_hog":16,"source_year":2024},"geometry":{"type":"Polygon","coordinates":[[[-71.5909442239999,-35.8637099631038],[-71.5898479319999,-35.8642167951038],[-71.5899759369999,-35.8645853451038],[-71.5910886139999,-35.8640930571038],[-71.5909442239999,-35.8637099631038]]]}},{"type":"Feature","properties":{"id":"7401031003042","commune":"Linares","code":"07401","gse":"C2","quintil":"Q3","nse_score":711.2,"educ":10.3,"educ_score":486.7,"hacin":1.086,"hacin_class":"Hacinamiento Leve","hacin_score":832.8,"auto_score":33.3,"n_per":38,"n_hog":15,"source_year":2024},"geometry":{"type":"Polygon","coordinates":[[[-71.5943343949999,-35.8645278671038],[-71.5946561129999,-35.8643550121038],[-71.5941465199999,-35.8637336861038],[-71.5938180239999,-35.8639210481038],[-71.5943343949999,-35.8645278671038]]]}},{"type":"Feature","properties":{"id":"7401031003043","commune":"Linares","code":"07401","gse":"D","quintil":"Q2","nse_score":640.4,"educ":9.1,"educ_score":406.7,"hacin":1.544,"hacin_class":"Hacinamiento Medio","hacin_score":735.4,"auto_score":23.8,"n_per":71,"n_hog":21,"source_year":2024},"geometry":{"type":"Polygon","coordinates":[[[-71.5913032759999,-35.8644168411038],[-71.5921052119999,-35.8640515171038],[-71.59199874,-35.8637440201038],[-71.5911872019999,-35.8641088791038],[-71.5913032759999,-35.8644168411038]]]}},{"type":"Feature","properties":{"id":"7401031003044","commune":"Linares","code":"07401","gse":"C2","quintil":"Q3","nse_score":715.4,"educ":11.7,"educ_score":580.0,"hacin":1.5,"hacin_class":"Hacinamiento Medio","hacin_score":744.7,"auto_score":200.0,"n_per":30,"n_hog":9,"source_year":2024},"geometry":{"type":"Polygon","coordinates":[[[-71.5875666579999,-35.8642276221038],[-71.5879254629999,-35.8640592401038],[-71.5877646889999,-35.8638537171038],[-71.5874726229999,-35.8639845131038],[-71.5875666579999,-35.8642276221038]]]}},{"type":"Feature","properties":{"id":"7401031003045","commune":"Linares","code":"07401","gse":"D","quintil":"Q2","nse_score":634.4,"educ":8.7,"educ_score":380.0,"hacin":1.455,"hacin_class":"Hacinamiento Leve","hacin_score":754.2,"auto_score":105.3,"n_per":179,"n_hog":56,"source_year":2024},"geometry":{"type":"Polygon","coordinates":[[[-71.5897440779999,-35.8642658701038],[-71.589592035,-35.8639852321038],[-71.5877881219999,-35.8648443321038],[-71.5878565189999,-35.8651493091038],[-71.5897440779999,-35.8642658701038]]]}},{"type":"Feature","properties":{"id":"7401031003046","commune":"Linares","code":"07401","gse":"C3","quintil":"Q3","nse_score":685.0,"educ":9.4,"educ_score":426.7,"hacin":1.25,"hacin_class":"Hacinamiento Leve","hacin_score":797.9,"auto_score":62.5,"n_per":25,"n_hog":8,"source_year":2024},"geometry":{"type":"Polygon","coordinates":[[[-71.5871705369999,-35.8643944521038],[-71.5874588219999,-35.8642564071038],[-71.5873894209999,-35.8640458331038],[-71.5870425919999,-35.8642002391038],[-71.5871705369999,-35.8643944521038]]]}},{"type":"Feature","properties":{"id":"7401031003047","commune":"Linares","code":"07401","gse":"D","quintil":"Q1","nse_score":606.4,"educ":8.9,"educ_score":393.3,"hacin":1.769,"hacin_class":"Hacinamiento Medio","hacin_score":687.4,"auto_score":35.7,"n_per":92,"n_hog":27,"source_year":2024},"geometry":{"type":"Polygon","coordinates":[[[-71.5922277719999,-35.8645818131037],[-71.5920629749999,-35.8641437221038],[-71.5913285619999,-35.8644839281038],[-71.5914999979999,-35.8649387671038],[-71.5922277719999,-35.8645818131037]]]}},{"type":"Feature","properties":{"id":"7401031003048","commune":"Linares","code":"07401","gse":"C3","quintil":"Q3","nse_score":678.2,"educ":9.8,"educ_score":453.3,"hacin":1.468,"hacin_class":"Hacinamiento Leve","hacin_score":751.6,"auto_score":142.9,"n_per":113,"n_hog":35,"source_year":2024},"geometry":{"type":"Polygon","coordinates":[[[-71.591108619,-35.8641461331038],[-71.5900135239999,-35.8646652811038],[-71.5901198519999,-35.8649562891038],[-71.5912300159999,-35.8644682191038],[-71.591108619,-35.8641461331038]]]}},{"type":"Feature","properties":{"id":"7401031003049","commune":"Linares","code":"07401","gse":"D","quintil":"Q2","nse_score":642.0,"educ":9.6,"educ_score":440.0,"hacin":1.615,"hacin_class":"Hacinamiento Medio","hacin_score":720.1,"auto_score":62.5,"n_per":21,"n_hog":8,"source_year":2024},"geometry":{"type":"Polygon","coordinates":[[[-71.5868114759999,-35.8645702301038],[-71.5871105769999,-35.8644260971038],[-71.5869950889999,-35.8642371991038],[-71.5866733249999,-35.8643805441037],[-71.5868114759999,-35.8645702301038]]]}},{"type":"Feature","properties":{"id":"7401031003050","commune":"Linares","code":"07401","gse":"C3","quintil":"Q2","nse_score":660.7,"educ":9.5,"educ_score":433.3,"hacin":1.396,"hacin_class":"Hacinamiento Leve","hacin_score":766.7,"auto_score":64.8,"n_per":155,"n_hog":54,"source_year":2024},"geometry":{"type":"Polygon","coordinates":[[[-71.58800801,-35.8655306631038],[-71.5898626849999,-35.8646779201038],[-71.5897841569999,-35.8643596441038],[-71.5879171579999,-35.8652156001038],[-71.58800801,-35.8655306631038]]]}},{"type":"Feature","properties":{"id":"7401031003051","commune":"Linares","code":"07401","gse":"C3","quintil":"Q3","nse_score":683.8,"educ":11.1,"educ_score":540.0,"hacin":1.588,"hacin_class":"Hacinamiento Medio","hacin_score":725.9,"auto_score":62.5,"n_per":27,"n_hog":8,"source_year":2024},"geometry":{"type":"Polygon","coordinates":[[[-71.5864380869999,-35.8647530211038],[-71.5867512539999,-35.8646025001038],[-71.5866262899999,-35.8644170381038],[-71.5863111569999,-35.8645574781038],[-71.5864380869999,-35.8647530211038]]]}},{"type":"Feature","properties":{"id":"7401031003052","commune":"Linares","code":"07401","gse":"C3","quintil":"Q2","nse_score":664.3,"educ":9.8,"educ_score":453.3,"hacin":1.547,"hacin_class":"Hacinamiento Medio","hacin_score":734.8,"auto_score":62.5,"n_per":116,"n_hog":40,"source_year":2024},"geometry":{"type":"Polygon","coordinates":[[[-71.5912149209999,-35.8645380351038],[-71.5901664649999,-35.8650372141038],[-71.5902658319999,-35.8653587361038],[-71.5913805409999,-35.8648675821038],[-71.5912149209999,-35.8645380351038]]]}},{"type":"Feature","properties":{"id":"7401031003053","commune":"Linares","code":"07401","gse":"C3","quintil":"Q2","nse_score":673.3,"educ":10.8,"educ_score":520.0,"hacin":1.235,"hacin_class":"Hacinamiento Leve","hacin_score":801.0,"auto_score":187.5,"n_per":21,"n_hog":8,"source_year":2024},"geometry":{"type":"Polygon","coordinates":[[[-71.5861242969999,-35.8649081361038],[-71.58637877,-35.8647832791038],[-71.5862599659999,-35.8645914501038],[-71.5859586629999,-35.8647317131038],[-71.5861242969999,-35.8649081361038]]]}},{"type":"Feature","properties":{"id":"7401031003055","commune":"Linares","code":"07401","gse":"C3","quintil":"Q3","nse_score":687.8,"educ":10.7,"educ_score":513.3,"hacin":1.326,"hacin_class":"Hacinamiento Leve","hacin_score":781.7,"auto_score":100.0,"n_per":61,"n_hog":24,"source_year":2024},"geometry":{"type":"Polygon","coordinates":[[[-71.5924537669999,-35.8650157661038],[-71.5923333059999,-35.8647178931038],[-71.5915534679999,-35.8650806291038],[-71.5916689549999,-35.8653870241037],[-71.5924537669999,-35.8650157661038]]]}},{"type":"Feature","properties":{"id":"7401031003056","commune":"Linares","code":"07401","gse":"C3","quintil":"Q3","nse_score":681.7,"educ":10.1,"educ_score":473.3,"hacin":1.513,"hacin_class":"Hacinamiento Medio","hacin_score":741.9,"auto_score":56.6,"n_per":171,"n_hog":53,"source_year":2024},"geometry":{"type":"Polygon","coordinates":[[[-71.588125122,-35.8658973501038],[-71.5900043259999,-35.8650534211038],[-71.5899309819999,-35.8647350331038],[-71.5880525659999,-35.8655912371038],[-71.588125122,-35.8658973501038]]]}},{"type":"Feature","properties":{"id":"7401031003057","commune":"Linares","code":"07401","gse":"C3","quintil":"Q3","nse_score":685.4,"educ":10.0,"educ_score":466.7,"hacin":1.19,"hacin_class":"Hacinamiento Leve","hacin_score":810.5,"auto_score":166.7,"n_per":25,"n_hog":9,"source_year":2024},"geometry":{"type":"Polygon","coordinates":[[[-71.5857064249999,-35.8651068461038],[-71.5859741639999,-35.8649764741038],[-71.5858143039999,-35.8647720771038],[-71.585530607,-35.8649283721038],[-71.5857064249999,-35.8651068461038]]]}},{"type":"Feature","properties":{"id":"7401031003059","commune":"Linares","code":"07401","gse":"C2","quintil":"Q3","nse_score":717.0,"educ":11.7,"educ_score":580.0,"hacin":1.345,"hacin_class":"Hacinamiento Leve","hacin_score":777.7,"auto_score":69.0,"n_per":78,"n_hog":27,"source_year":2024},"geometry":{"type":"Polygon","coordinates":[[[-71.5924248499999,-35.8650943661038],[-71.5916889519999,-35.8654400801038],[-71.5917988169999,-35.8657315561038],[-71.5925674809999,-35.8653953831038],[-71.5924248499999,-35.8650943661038]]]}},{"type":"Feature","properties":{"id":"7401031003060","commune":"Linares","code":"07401","gse":"C3","quintil":"Q2","nse_score":656.4,"educ":10.5,"educ_score":500.0,"hacin":1.838,"hacin_class":"Hacinamiento Medio","hacin_score":672.8,"auto_score":113.6,"n_per":68,"n_hog":20,"source_year":2024},"geometry":{"type":"Polygon","coordinates":[[[-71.5896376409999,-35.8656824311037],[-71.5901603969999,-35.8654150901038],[-71.5900516239999,-35.8651245061037],[-71.5894786329999,-35.8653646821038],[-71.5896376409999,-35.8656824311037]]]}},{"type":"Feature","properties":{"id":"7401031003061","commune":"Linares","code":"07401","gse":"C3","quintil":"Q3","nse_score":702.5,"educ":11.1,"educ_score":540.0,"hacin":1.338,"hacin_class":"Hacinamiento Leve","hacin_score":779.2,"auto_score":111.1,"n_per":99,"n_hog":34,"source_year":2024},"geometry":{"type":"Polygon","coordinates":[[[-71.5915903229999,-35.8654241541038],[-71.5914747549999,-35.8651175421038],[-71.5903708019999,-35.8656494011038],[-71.5905168889999,-35.8659310301038],[-71.5915903229999,-35.8654241541038]]]}},{"type":"Feature","properties":{"id":"7401031003062","commune":"Linares","code":"07401","gse":"C3","quintil":"Q2","nse_score":663.3,"educ":9.9,"educ_score":460.0,"hacin":1.628,"hacin_class":"Hacinamiento Medio","hacin_score":717.4,"auto_score":89.7,"n_per":127,"n_hog":41,"source_year":2024},"geometry":{"type":"Polygon","coordinates":[[[-71.5882793169999,-35.8663235041037],[-71.5895874709999,-35.8657158721038],[-71.5894578939999,-35.8653744021038],[-71.5881744369999,-35.8659761791037],[-71.5882793169999,-35.8663235041037]]]}},{"type":"Feature","properties":{"id":"7401031003064","commune":"Linares","code":"07401","gse":"C2","quintil":"Q3","nse_score":719.3,"educ":11.1,"educ_score":540.0,"hacin":1.391,"hacin_class":"Hacinamiento Leve","hacin_score":767.8,"auto_score":13.5,"n_per":128,"n_hog":38,"source_year":2024},"geometry":{"type":"Polygon","coordinates":[[[-71.5915693589999,-35.8654965531038],[-71.5905144499999,-35.8659946801037],[-71.5906114039999,-35.8662796431037],[-71.5917276669999,-35.8657866571038],[-71.5915693589999,-35.8654965531038]]]}},{"type":"Feature","properties":{"id":"7401031003065","commune":"Linares","code":"07401","gse":"C3","quintil":"Q3","nse_score":675.6,"educ":10.1,"educ_score":473.3,"hacin":1.38,"hacin_class":"Hacinamiento Leve","hacin_score":770.1,"auto_score":65.8,"n_per":127,"n_hog":38,"source_year":2024},"geometry":{"type":"Polygon","coordinates":[[[-71.5880566309999,-35.8659676791038],[-71.5879444369999,-35.8656513501038],[-71.5866842689999,-35.8662696781037],[-71.5868630259999,-35.8665431701038],[-71.5880566309999,-35.8659676791038]]]}},{"type":"Feature","properties":{"id":"7401031003066","commune":"Linares","code":"07401","gse":"D","quintil":"Q1","nse_score":622.2,"educ":8.9,"educ_score":393.3,"hacin":1.79,"hacin_class":"Hacinamiento Medio","hacin_score":683.1,"auto_score":50.0,"n_per":68,"n_hog":20,"source_year":2024},"geometry":{"type":"Polygon","coordinates":[[[-71.5897957009999,-35.8662548331037],[-71.5903665339999,-35.8659965041038],[-71.5902811259999,-35.8657009091038],[-71.589695521,-35.8659523921038],[-71.5897957009999,-35.8662548331037]]]}},{"type":"Feature","properties":{"id":"7401031003067","commune":"Linares","code":"07401","gse":"C3","quintil":"Q2","nse_score":672.6,"educ":10.2,"educ_score":480.0,"hacin":1.425,"hacin_class":"Hacinamiento Leve","hacin_score":760.6,"auto_score":95.2,"n_per":114,"n_hog":41,"source_year":2024},"geometry":{"type":"Polygon","coordinates":[[[-71.5884397389999,-35.8666960261038],[-71.5896618709999,-35.8661198631038],[-71.5896142209999,-35.8657828941038],[-71.5883068299999,-35.8663654011038],[-71.5884397389999,-35.8666960261038]]]}},{"type":"Feature","properties":{"id":"7401031003068","commune":"Linares","code":"07401","gse":"D","quintil":"Q1","nse_score":622.0,"educ":9.0,"educ_score":400.0,"hacin":1.821,"hacin_class":"Hacinamiento Medio","hacin_score":676.5,"auto_score":22.7,"n_per":71,"n_hog":23,"source_year":2024},"geometry":{"type":"Polygon","coordinates":[[[-71.590521856,-35.8663270831038],[-71.5903803429999,-35.8660592971038],[-71.5898038089999,-35.8663556521038],[-71.5899130799999,-35.8666763571038],[-71.590521856,-35.8663270831038]]]}},{"type":"Feature","properties":{"id":"7401031003069","commune":"Linares","code":"07401","gse":"C3","quintil":"Q3","nse_score":675.1,"educ":10.0,"educ_score":466.7,"hacin":1.582,"hacin_class":"Hacinamiento Medio","hacin_score":727.2,"auto_score":94.6,"n_per":106,"n_hog":37,"source_year":2024},"geometry":{"type":"Polygon","coordinates":[[[-71.5885397879999,-35.8670589051038],[-71.5897741209999,-35.8664959981038],[-71.5897018669999,-35.8661685731037],[-71.5884382909999,-35.8667366161037],[-71.5885397879999,-35.8670589051038]]]}},{"type":"Feature","properties":{"id":"7401031003073","commune":"Linares","code":"07401","gse":"C2","quintil":"Q3","nse_score":721.7,"educ":11.4,"educ_score":560.0,"hacin":1.12,"hacin_class":"Hacinamiento Leve","hacin_score":825.5,"auto_score":35.7,"n_per":28,"n_hog":13,"source_year":2024},"geometry":{"type":"Polygon","coordinates":[[[-71.5885436569999,-35.8673726351037],[-71.5883486199999,-35.8667909371038],[-71.5879786239999,-35.8669667651037],[-71.5881944189999,-35.8675326651037],[-71.5885436569999,-35.8673726351037]]]}},{"type":"Feature","properties":{"id":"7401031003070","commune":"Linares","code":"07401","gse":"C3","quintil":"Q2","nse_score":668.6,"educ":9.7,"educ_score":446.7,"hacin":1.171,"hacin_class":"Hacinamiento Leve","hacin_score":814.7,"auto_score":159.1,"n_per":48,"n_hog":22,"source_year":2024},"geometry":{"type":"MultiPolygon","coordinates":[[[[-71.5889106849999,-35.8681264751038],[-71.5890011089999,-35.8683849321037],[-71.5892474949999,-35.8682836231038],[-71.5894346919999,-35.8685913441037],[-71.5891279229999,-35.8687473971037],[-71.5892335159999,-35.8690492051037],[-71.5911811239999,-35.8680474611037],[-71.590834749,-35.8672617721038],[-71.5889106849999,-35.8681264751038]]],[[[-71.590237999,-35.8665957271038],[-71.5905287119999,-35.8673409911038],[-71.5908490229999,-35.8671866521038],[-71.5905680729999,-35.8664473221038],[-71.590237999,-35.8665957271038]]]]}},{"type":"Feature","properties":{"id":"7401031004002","commune":"Linares","code":"07401","gse":"C3","quintil":"Q3","nse_score":704.9,"educ":11.2,"educ_score":546.7,"hacin":1.37,"hacin_class":"Hacinamiento Leve","hacin_score":772.3,"auto_score":0.0,"n_per":37,"n_hog":10,"source_year":2024},"geometry":{"type":"Polygon","coordinates":[[[-71.5959352749999,-35.8647131261038],[-71.5963521769999,-35.8645107191038],[-71.5960881009999,-35.8637773451038],[-71.5956805209999,-35.8639799411038],[-71.5959352749999,-35.8647131261038]]]}},{"type":"Feature","properties":{"id":"7401031004004","commune":"Linares","code":"07401","gse":"C3","quintil":"Q2","nse_score":653.2,"educ":9.8,"educ_score":453.3,"hacin":1.786,"hacin_class":"Hacinamiento Medio","hacin_score":683.9,"auto_score":0.0,"n_per":25,"n_hog":6,"source_year":2024},"geometry":{"type":"Polygon","coordinates":[[[-71.595691541,-35.8648401831038],[-71.5958819029999,-35.8647326981038],[-71.5955925359999,-35.8640088831038],[-71.5954246069999,-35.8641116591038],[-71.595691541,-35.8648401831038]]]}},{"type":"Feature","properties":{"id":"7401031004005","commune":"Linares","code":"07401","gse":"C3","quintil":"Q2","nse_score":659.4,"educ":10.6,"educ_score":506.7,"hacin":1.5,"hacin_class":"Hacinamiento Medio","hacin_score":744.7,"auto_score":41.7,"n_per":33,"n_hog":11,"source_year":2024},"geometry":{"type":"Polygon","coordinates":[[[-71.5952494609999,-35.8650393691038],[-71.5956327559999,-35.8648597631038],[-71.5953574219999,-35.8641311381038],[-71.5949848659999,-35.8643149491038],[-71.5952494609999,-35.8650393691038]]]}},{"type":"Feature","properties":{"id":"7401031004008","commune":"Linares","code":"07401","gse":"C2","quintil":"Q4","nse_score":766.3,"educ":12.6,"educ_score":640.0,"hacin":1.407,"hacin_class":"Hacinamiento Leve","hacin_score":764.4,"auto_score":166.7,"n_per":76,"n_hog":21,"source_year":2024},"geometry":{"type":"Polygon","coordinates":[[[-71.6014116379999,-35.8650828171037],[-71.6007417119999,-35.8644694211038],[-71.6005864549999,-35.8645685981038],[-71.6014032349999,-35.8669890711037],[-71.6018173049999,-35.8668966031037],[-71.6012501159999,-35.8652546691038],[-71.6014116379999,-35.8650828171037]]]}},{"type":"Feature","properties":{"id":"7401031004009","commune":"Linares","code":"07401","gse":"C3","quintil":"Q3","nse_score":702.4,"educ":10.7,"educ_score":513.3,"hacin":1.196,"hacin_class":"Hacinamiento Leve","hacin_score":809.3,"auto_score":119.6,"n_per":250,"n_hog":88,"source_year":2024},"geometry":{"type":"Polygon","coordinates":[[[-71.5957667359999,-35.8657870751038],[-71.5966436889999,-35.8653741901038],[-71.5963883489999,-35.8646151591038],[-71.5954801169999,-35.8650388211038],[-71.5957667359999,-35.8657870751038]]]}},{"type":"Feature","properties":{"id":"7401031004010","commune":"Linares","code":"07401","gse":"C1","quintil":"Q5","nse_score":789.1,"educ":13.6,"educ_score":706.7,"hacin":1.363,"hacin_class":"Hacinamiento Leve","hacin_score":773.9,"auto_score":114.3,"n_per":124,"n_hog":35,"source_year":2024},"geometry":{"type":"Polygon","coordinates":[[[-71.5988611899999,-35.8647864381038],[-71.5997541949999,-35.8673614701037],[-71.6001854429999,-35.8672613171037],[-71.5999501159999,-35.8665976071038],[-71.6006653599999,-35.8663516151038],[-71.6005174479999,-35.8659266591038],[-71.5997757899999,-35.8660489561038],[-71.59929073,-35.8646696331038],[-71.5988611899999,-35.8647864381038]]]}},{"type":"Feature","properties":{"id":"7401031004012","commune":"Linares","code":"07401","gse":"C3","quintil":"Q2","nse_score":657.6,"educ":12.1,"educ_score":606.7,"hacin":1.361,"hacin_class":"Hacinamiento Leve","hacin_score":774.2,"auto_score":130.4,"n_per":49,"n_hog":16,"source_year":2024},"geometry":{"type":"Polygon","coordinates":[[[-71.5989002509999,-35.8650980741038],[-71.5987980509999,-35.8648033651038],[-71.5976920119999,-35.8650961791037],[-71.5977843949999,-35.8653599641038],[-71.5989002509999,-35.8650980741038]]]}},{"type":"Feature","properties":{"id":"7401031004013","commune":"Linares","code":"07401","gse":"C2","quintil":"Q4","nse_score":729.1,"educ":11.8,"educ_score":586.7,"hacin":1.415,"hacin_class":"Hacinamiento Leve","hacin_score":762.7,"auto_score":140.6,"n_per":92,"n_hog":31,"source_year":2024},"geometry":{"type":"Polygon","coordinates":[[[-71.5953655309999,-35.8659798911038],[-71.5956870249999,-35.8658230051037],[-71.5953988489999,-35.8650721241038],[-71.5950915469999,-35.8652410051037],[-71.5953655309999,-35.8659798911038]]]}},{"type":"Feature","properties":{"id":"7401031004014","commune":"Linares","code":"07401","gse":"C2","quintil":"Q4","nse_score":734.9,"educ":12.1,"educ_score":606.7,"hacin":1.178,"hacin_class":"Hacinamiento Leve","hacin_score":813.2,"auto_score":62.5,"n_per":159,"n_hog":54,"source_year":2024},"geometry":{"type":"Polygon","coordinates":[[[-71.5985157239999,-35.8676452791037],[-71.5976300889999,-35.8651165601038],[-71.5967741809999,-35.8654408491038],[-71.5970401429999,-35.8678079011037],[-71.5985157239999,-35.8676452791037]]]}},{"type":"Feature","properties":{"id":"7401031004015","commune":"Linares","code":"07401","gse":"C1","quintil":"Q5","nse_score":792.2,"educ":12.7,"educ_score":646.7,"hacin":1.341,"hacin_class":"Hacinamiento Leve","hacin_score":778.4,"auto_score":218.8,"n_per":55,"n_hog":16,"source_year":2024},"geometry":{"type":"Polygon","coordinates":[[[-71.6030766939999,-35.8666153531037],[-71.6014562149999,-35.8651236311038],[-71.6013192569999,-35.8652554691038],[-71.6018813579999,-35.8668823061037],[-71.6030766939999,-35.8666153531037]]]}},{"type":"Feature","properties":{"id":"7401031004017","commune":"Linares","code":"07401","gse":"C3","quintil":"Q3","nse_score":700.6,"educ":12.0,"educ_score":600.0,"hacin":1.558,"hacin_class":"Hacinamiento Medio","hacin_score":732.3,"auto_score":90.9,"n_per":67,"n_hog":19,"source_year":2024},"geometry":{"type":"Polygon","coordinates":[[[-71.5990160889999,-35.8654321081038],[-71.5989182929999,-35.8651501021037],[-71.5978026019999,-35.8654119531038],[-71.5979008139999,-35.8656923781038],[-71.5990160889999,-35.8654321081038]]]}},{"type":"Feature","properties":{"id":"7401031004018","commune":"Linares","code":"07401","gse":"C3","quintil":"Q2","nse_score":658.5,"educ":11.6,"educ_score":573.3,"hacin":1.357,"hacin_class":"Hacinamiento Leve","hacin_score":775.1,"auto_score":133.3,"n_per":76,"n_hog":25,"source_year":2024},"geometry":{"type":"Polygon","coordinates":[[[-71.5949709459999,-35.8661896201038],[-71.5952908969999,-35.8660163401038],[-71.5950094919999,-35.8652608051038],[-71.5946962589999,-35.8654388261038],[-71.5949709459999,-35.8661896201038]]]}},{"type":"Feature","properties":{"id":"7401031004019","commune":"Linares","code":"07401","gse":"C3","quintil":"Q3","nse_score":683.4,"educ":11.4,"educ_score":560.0,"hacin":1.25,"hacin_class":"Hacinamiento Leve","hacin_score":797.9,"auto_score":66.7,"n_per":40,"n_hog":13,"source_year":2024},"geometry":{"type":"Polygon","coordinates":[[[-71.5966926709999,-35.8654542501038],[-71.5937825659999,-35.8668556191037],[-71.5941573449999,-35.8677263111038],[-71.5967915849999,-35.8663218861037],[-71.5966926709999,-35.8654542501038]]]}},{"type":"Feature","properties":{"id":"7401031004020","commune":"Linares","code":"07401","gse":"C2","quintil":"Q3","nse_score":720.2,"educ":11.3,"educ_score":553.3,"hacin":1.443,"hacin_class":"Hacinamiento Leve","hacin_score":756.8,"auto_score":171.9,"n_per":101,"n_hog":30,"source_year":2024},"geometry":{"type":"Polygon","coordinates":[[[-71.5945885629999,-35.8654681931038],[-71.5942819499999,-35.8656370571038],[-71.5945784689999,-35.8663787471038],[-71.5948814789999,-35.8662054541038],[-71.5945885629999,-35.8654681931038]]]}},{"type":"Feature","properties":{"id":"7401031004022","commune":"Linares","code":"07401","gse":"C1","quintil":"Q5","nse_score":782.0,"educ":14.2,"educ_score":746.7,"hacin":1.487,"hacin_class":"Hacinamiento Leve","hacin_score":747.4,"auto_score":136.4,"n_per":58,"n_hog":20,"source_year":2024},"geometry":{"type":"Polygon","coordinates":[[[-71.5990341309999,-35.8654841351037],[-71.5979190209999,-35.8657443661038],[-71.5980195169999,-35.8660313131038],[-71.5991353199999,-35.8657759241038],[-71.5990341309999,-35.8654841351037]]]}},{"type":"Feature","properties":{"id":"7401031004023","commune":"Linares","code":"07401","gse":"C3","quintil":"Q2","nse_score":670.1,"educ":11.0,"educ_score":533.3,"hacin":1.482,"hacin_class":"Hacinamiento Leve","hacin_score":748.5,"auto_score":145.2,"n_per":83,"n_hog":28,"source_year":2024},"geometry":{"type":"Polygon","coordinates":[[[-71.5941568929999,-35.8665771351038],[-71.5944890029999,-35.8663942001038],[-71.5942061179999,-35.8656567221037],[-71.5938754469999,-35.8658305791037],[-71.5941568929999,-35.8665771351038]]]}},{"type":"Feature","properties":{"id":"7401031004024","commune":"Linares","code":"07401","gse":"C2","quintil":"Q4","nse_score":774.6,"educ":13.3,"educ_score":686.7,"hacin":1.316,"hacin_class":"Hacinamiento Leve","hacin_score":783.9,"auto_score":29.4,"n_per":50,"n_hog":16,"source_year":2024},"geometry":{"type":"Polygon","coordinates":[[[-71.5992433529999,-35.8660874441038],[-71.5991533629999,-35.8658279521038],[-71.5980377259999,-35.8660833021038],[-71.5981313539999,-35.8663506361038],[-71.5992433529999,-35.8660874441038]]]}},{"type":"Feature","properties":{"id":"7401031004025","commune":"Linares","code":"07401","gse":"C2","quintil":"Q4","nse_score":736.8,"educ":12.4,"educ_score":626.7,"hacin":1.3,"hacin_class":"Hacinamiento Leve","hacin_score":787.2,"auto_score":125.0,"n_per":13,"n_hog":4,"source_year":2024},"geometry":{"type":"Polygon","coordinates":[[[-71.6007496309999,-35.8663316141037],[-71.6010826509999,-35.8662525721038],[-71.6009395439999,-35.8658337301038],[-71.6005495059999,-35.8659196011037],[-71.6007496309999,-35.8663316141037]]]}},{"type":"Feature","properties":{"id":"7401031004026","commune":"Linares","code":"07401","gse":"C2","quintil":"Q4","nse_score":733.9,"educ":11.5,"educ_score":566.7,"hacin":1.4,"hacin_class":"Hacinamiento Leve","hacin_score":766.0,"auto_score":145.2,"n_per":91,"n_hog":31,"source_year":2024},"geometry":{"type":"Polygon","coordinates":[[[-71.5937594679999,-35.8667776061037],[-71.5940874309999,-35.8666011691038],[-71.5938007969999,-35.8658547571038],[-71.5934703209999,-35.8660241351037],[-71.5937594679999,-35.8667776061037]]]}},{"type":"Feature","properties":{"id":"7401031004028","commune":"Linares","code":"07401","gse":"C2","quintil":"Q4","nse_score":770.8,"educ":13.4,"educ_score":693.3,"hacin":1.185,"hacin_class":"Hacinamiento Leve","hacin_score":811.7,"auto_score":200.0,"n_per":32,"n_hog":10,"source_year":2024},"geometry":{"type":"Polygon","coordinates":[[[-71.6000168069999,-35.8666025221038],[-71.6001118979999,-35.8668658911037],[-71.6012067509999,-35.8666157761038],[-71.6011004479999,-35.8663046591037],[-71.6000168069999,-35.8666025221038]]]}},{"type":"Feature","properties":{"id":"7401031004029","commune":"Linares","code":"07401","gse":"C2","quintil":"Q4","nse_score":766.5,"educ":12.8,"educ_score":653.3,"hacin":1.393,"hacin_class":"Hacinamiento Leve","hacin_score":767.4,"auto_score":232.1,"n_per":85,"n_hog":28,"source_year":2024},"geometry":{"type":"Polygon","coordinates":[[[-71.5985808269999,-35.8676339731038],[-71.5990184249999,-35.8675323481037],[-71.5985707739999,-35.8663046701037],[-71.5981495739999,-35.8664026591038],[-71.5985808269999,-35.8676339731038]]]}},{"type":"Feature","properties":{"id":"7401031004030","commune":"Linares","code":"07401","gse":"C3","quintil":"Q3","nse_score":680.4,"educ":10.9,"educ_score":526.7,"hacin":1.429,"hacin_class":"Hacinamiento Leve","hacin_score":759.9,"auto_score":126.9,"n_per":190,"n_hog":63,"source_year":2024},"geometry":{"type":"Polygon","coordinates":[[[-71.5964520639999,-35.8674694011037],[-71.5963504259999,-35.8666198501038],[-71.5960019639999,-35.8668211701037],[-71.5960543309999,-35.8676627871037],[-71.5959421759999,-35.8668765421037],[-71.5955505469999,-35.8670382341038],[-71.5956860029999,-35.8684639011037],[-71.5960505629999,-35.8683208201038],[-71.5960608409999,-35.8681268141037],[-71.5961462109999,-35.8682826991038],[-71.5969540199999,-35.8679903241038],[-71.5967810909999,-35.8664032321037],[-71.5964220139999,-35.8665867561038],[-71.5964520639999,-35.8674694011037]]]}},{"type":"Feature","properties":{"id":"7401031004032","commune":"Linares","code":"07401","gse":"C2","quintil":"Q4","nse_score":746.7,"educ":11.7,"educ_score":580.0,"hacin":1.167,"hacin_class":"Hacinamiento Leve","hacin_score":815.6,"auto_score":100.0,"n_per":28,"n_hog":10,"source_year":2024},"geometry":{"type":"Polygon","coordinates":[[[-71.6002492549999,-35.8672463231038],[-71.6013391849999,-35.8670033741037],[-71.6012245469999,-35.8666678601038],[-71.600130626,-35.8669177621038],[-71.6002492549999,-35.8672463231038]]]}},{"type":"Feature","properties":{"id":"7401031004033","commune":"Linares","code":"07401","gse":"D","quintil":"Q2","nse_score":640.2,"educ":11.3,"educ_score":553.3,"hacin":1.692,"hacin_class":"Hacinamiento Medio","hacin_score":703.8,"auto_score":38.5,"n_per":44,"n_hog":12,"source_year":2024},"geometry":{"type":"Polygon","coordinates":[[[-71.6031070219999,-35.8673537761038],[-71.6028817459999,-35.8667149501038],[-71.6025795939999,-35.8667824301038],[-71.6027928979999,-35.8674206571038],[-71.6031070219999,-35.8673537761038]]]}},{"type":"Feature","properties":{"id":"7401031004034","commune":"Linares","code":"07401","gse":"D","quintil":"Q1","nse_score":621.6,"educ":12.0,"educ_score":600.0,"hacin":1.607,"hacin_class":"Hacinamiento Medio","hacin_score":721.9,"auto_score":0.0,"n_per":45,"n_hog":15,"source_year":2024},"geometry":{"type":"Polygon","coordinates":[[[-71.6027286419999,-35.8674343391038],[-71.6025155459999,-35.8667967341037],[-71.6022430869999,-35.8668575811037],[-71.6024561699999,-35.8674923521038],[-71.6027286419999,-35.8674343391038]]]}},{"type":"Feature","properties":{"id":"7401031004035","commune":"Linares","code":"07401","gse":"C3","quintil":"Q2","nse_score":653.7,"educ":11.6,"educ_score":573.3,"hacin":1.571,"hacin_class":"Hacinamiento Medio","hacin_score":729.5,"auto_score":111.1,"n_per":55,"n_hog":18,"source_year":2024},"geometry":{"type":"Polygon","coordinates":[[[-71.6021790379999,-35.8668718851038],[-71.6018826009999,-35.8669624661038],[-71.6020850689999,-35.8675713631038],[-71.6023919119999,-35.8675060331037],[-71.6021790379999,-35.8668718851038]]]}},{"type":"Feature","properties":{"id":"7401031004036","commune":"Linares","code":"07401","gse":"C3","quintil":"Q3","nse_score":683.6,"educ":11.9,"educ_score":593.3,"hacin":1.533,"hacin_class":"Hacinamiento Medio","hacin_score":737.6,"auto_score":62.5,"n_per":46,"n_hog":16,"source_year":2024},"geometry":{"type":"Polygon","coordinates":[[[-71.6024228929999,-35.8687685711037],[-71.6018172699999,-35.8669526761037],[-71.6014211679999,-35.8670411331037],[-71.6020446569999,-35.8688458031037],[-71.6024228929999,-35.8687685711037]]]}},{"type":"Feature","properties":{"id":"7401031004038","commune":"Linares","code":"07401","gse":"C3","quintil":"Q3","nse_score":681.8,"educ":11.3,"educ_score":553.3,"hacin":1.442,"hacin_class":"Hacinamiento Leve","hacin_score":757.1,"auto_score":142.9,"n_per":111,"n_hog":38,"source_year":2024},"geometry":{"type":"Polygon","coordinates":[[[-71.5954431869999,-35.8670991411037],[-71.5950812849999,-35.8672917351037],[-71.5952155059999,-35.8686903901037],[-71.5955994819999,-35.8685063601037],[-71.5954431869999,-35.8670991411037]]]}},{"type":"Feature","properties":{"id":"7401031004039","commune":"Linares","code":"07401","gse":"D","quintil":"Q1","nse_score":619.1,"educ":12.4,"educ_score":626.7,"hacin":1.467,"hacin_class":"Hacinamiento Leve","hacin_score":751.8,"auto_score":107.1,"n_per":22,"n_hog":8,"source_year":2024},"geometry":{"type":"Polygon","coordinates":[[[-71.6032795399999,-35.8676470431037],[-71.6039858269999,-35.8675002951038],[-71.6037485649999,-35.8672730571037],[-71.6031896229999,-35.8673920671037],[-71.6032795399999,-35.8676470431037]]]}},{"type":"Feature","properties":{"id":"7401031004040","commune":"Linares","code":"07401","gse":"C3","quintil":"Q2","nse_score":670.1,"educ":10.4,"educ_score":493.3,"hacin":1.423,"hacin_class":"Hacinamiento Leve","hacin_score":761.0,"auto_score":100.0,"n_per":121,"n_hog":43,"source_year":2024},"geometry":{"type":"Polygon","coordinates":[[[-71.5947572449999,-35.8688530681038],[-71.595141452,-35.8687010041038],[-71.5950030309999,-35.8673114531038],[-71.5946228429999,-35.8675269741037],[-71.5947572449999,-35.8688530681038]]]}},{"type":"Feature","properties":{"id":"7401031004041","commune":"Linares","code":"07401","gse":"C3","quintil":"Q3","nse_score":690.4,"educ":10.4,"educ_score":493.3,"hacin":1.356,"hacin_class":"Hacinamiento Leve","hacin_score":775.4,"auto_score":177.1,"n_per":141,"n_hog":48,"source_year":2024},"geometry":{"type":"Polygon","coordinates":[[[-71.6002026729999,-35.8673135961037],[-71.5985694079999,-35.8676933131038],[-71.5970522799999,-35.8678607071037],[-71.5971329059999,-35.8683289571038],[-71.5979381339999,-35.8682754821037],[-71.5971336779999,-35.8684055531037],[-71.5972950179999,-35.8691817061037],[-71.5986265289999,-35.8690627601037],[-71.5984662449999,-35.8691879071038],[-71.5985381199999,-35.8694071751037],[-71.5986980639999,-35.8694622991037],[-71.5974705439999,-35.8697457401037],[-71.5977040309999,-35.8700881111037],[-71.5988161109999,-35.8697791961037],[-71.5990243299999,-35.8703231811037],[-71.598917792,-35.8702265941037],[-71.5980911689999,-35.8704430951037],[-71.5982998979999,-35.8706197941037],[-71.5995288709999,-35.8705130591037],[-71.5986258479999,-35.8678897391038],[-71.5998384289999,-35.8676134061037],[-71.6003744639999,-35.8692077361038],[-71.6007902969999,-35.8691231051037],[-71.6002026729999,-35.8673135961037]]]}},{"type":"Feature","properties":{"id":"7401031004043","commune":"Linares","code":"07401","gse":"D","quintil":"Q1","nse_score":601.8,"educ":11.0,"educ_score":533.3,"hacin":1.548,"hacin_class":"Hacinamiento Medio","hacin_score":734.4,"auto_score":113.6,"n_per":48,"n_hog":17,"source_year":2024},"geometry":{"type":"Polygon","coordinates":[[[-71.6031253479999,-35.8674057431038],[-71.6021027719999,-35.8676234721037],[-71.6021878369999,-35.8678738601037],[-71.6032151579999,-35.8676604191037],[-71.6031253479999,-35.8674057431038]]]}},{"type":"Feature","properties":{"id":"7401031004044","commune":"Linares","code":"07401","gse":"D","quintil":"Q2","nse_score":647.3,"educ":12.1,"educ_score":606.7,"hacin":1.533,"hacin_class":"Hacinamiento Medio","hacin_score":737.6,"auto_score":83.3,"n_per":23,"n_hog":9,"source_year":2024},"geometry":{"type":"Polygon","coordinates":[[[-71.6033729099999,-35.8679118091038],[-71.6042054509999,-35.8677370481037],[-71.6040326699999,-35.8675463561037],[-71.6032978719999,-35.8676990271038],[-71.6033729099999,-35.8679118091038]]]}},{"type":"Feature","properties":{"id":"7401031004048","commune":"Linares","code":"07401","gse":"E","quintil":"Q1","nse_score":592.8,"educ":10.6,"educ_score":506.7,"hacin":1.552,"hacin_class":"Hacinamiento Medio","hacin_score":733.7,"auto_score":50.0,"n_per":45,"n_hog":15,"source_year":2024},"geometry":{"type":"Polygon","coordinates":[[[-71.6022787559999,-35.8681414781037],[-71.6033085729999,-35.8679253141037],[-71.6032334909999,-35.8677124041037],[-71.6022055419999,-35.8679259751037],[-71.6022787559999,-35.8681414781037]]]}},{"type":"Feature","properties":{"id":"7401031004049","commune":"Linares","code":"07401","gse":"D","quintil":"Q2","nse_score":642.8,"educ":12.2,"educ_score":613.3,"hacin":1.682,"hacin_class":"Hacinamiento Medio","hacin_score":706.0,"auto_score":0.0,"n_per":37,"n_hog":11,"source_year":2024},"geometry":{"type":"Polygon","coordinates":[[[-71.6034794579999,-35.8682139431038],[-71.6044261389999,-35.8679806131037],[-71.6042479519999,-35.8677839551037],[-71.6033912409999,-35.8679637911038],[-71.6034794579999,-35.8682139431038]]]}},{"type":"Feature","properties":{"id":"7401031004051","commune":"Linares","code":"07401","gse":"D","quintil":"Q2","nse_score":639.7,"educ":11.9,"educ_score":593.3,"hacin":1.531,"hacin_class":"Hacinamiento Medio","hacin_score":738.0,"auto_score":23.8,"n_per":49,"n_hog":16,"source_year":2024},"geometry":{"type":"Polygon","coordinates":[[[-71.6023771319999,-35.8684310441037],[-71.6034150199999,-35.8682271621037],[-71.6033269039999,-35.8679772951037],[-71.6022964599999,-35.8681935911038],[-71.6023771319999,-35.8684310441037]]]}},{"type":"Feature","properties":{"id":"7401031004052","commune":"Linares","code":"07401","gse":"D","quintil":"Q2","nse_score":640.3,"educ":12.0,"educ_score":600.0,"hacin":1.706,"hacin_class":"Hacinamiento Medio","hacin_score":700.9,"auto_score":100.0,"n_per":29,"n_hog":8,"source_year":2024},"geometry":{"type":"Polygon","coordinates":[[[-71.6035798699999,-35.8684986751038],[-71.6042469949999,-35.8683258821038],[-71.6046453399999,-35.8682225341037],[-71.6044679749999,-35.8680267861037],[-71.6034977839999,-35.8682659101037],[-71.6035798699999,-35.8684986751038]]]}},{"type":"Feature","properties":{"id":"7401031004054","commune":"Linares","code":"07401","gse":"C3","quintil":"Q3","nse_score":684.1,"educ":10.8,"educ_score":520.0,"hacin":1.377,"hacin_class":"Hacinamiento Leve","hacin_score":770.8,"auto_score":206.9,"n_per":84,"n_hog":28,"source_year":2024},"geometry":{"type":"Polygon","coordinates":[[[-71.5969556719999,-35.8680939411037],[-71.5963605109999,-35.8682645451037],[-71.5966242069999,-35.8688266741037],[-71.5970435579999,-35.8686553661037],[-71.5969556719999,-35.8680939411037]]]}},{"type":"Feature","properties":{"id":"7401031004056","commune":"Linares","code":"07401","gse":"C3","quintil":"Q2","nse_score":663.4,"educ":13.5,"educ_score":700.0,"hacin":1.5,"hacin_class":"Hacinamiento Medio","hacin_score":744.7,"auto_score":0.0,"n_per":12,"n_hog":4,"source_year":2024},"geometry":{"type":"Polygon","coordinates":[[[-71.6049795629999,-35.8686536591038],[-71.6046869669999,-35.8682684761037],[-71.6042944579999,-35.8683702071037],[-71.6044639749999,-35.8688517471037],[-71.6049795629999,-35.8686536591038]]]}},{"type":"Feature","properties":{"id":"7401031004057","commune":"Linares","code":"07401","gse":"D","quintil":"Q2","nse_score":631.0,"educ":11.7,"educ_score":580.0,"hacin":1.333,"hacin_class":"Hacinamiento Leve","hacin_score":780.1,"auto_score":75.0,"n_per":36,"n_hog":14,"source_year":2024},"geometry":{"type":"Polygon","coordinates":[[[-71.6024880929999,-35.8687576501038],[-71.6035163369999,-35.8685144601037],[-71.6034333619999,-35.8682791711037],[-71.6023948439999,-35.8684831771037],[-71.6024880929999,-35.8687576501038]]]}},{"type":"Feature","properties":{"id":"7401031004058","commune":"Linares","code":"07401","gse":"C3","quintil":"Q3","nse_score":696.7,"educ":11.0,"educ_score":533.3,"hacin":1.197,"hacin_class":"Hacinamiento Leve","hacin_score":809.2,"auto_score":148.4,"n_per":152,"n_hog":60,"source_year":2024},"geometry":{"type":"Polygon","coordinates":[[[-71.5958395209999,-35.8685236741037],[-71.596284566,-35.8694469191037],[-71.5971172559999,-35.8690683791037],[-71.5970426,-35.8687319991037],[-71.5963787929999,-35.8689942201037],[-71.5965461939999,-35.8688644141037],[-71.5962812629999,-35.8683068181038],[-71.5958395209999,-35.8685236741037]]]}},{"type":"Feature","properties":{"id":"7401031004060","commune":"Linares","code":"07401","gse":"C3","quintil":"Q2","nse_score":673.2,"educ":13.2,"educ_score":680.0,"hacin":1.4,"hacin_class":"Hacinamiento Leve","hacin_score":766.0,"auto_score":71.4,"n_per":14,"n_hog":5,"source_year":2024},"geometry":{"type":"Polygon","coordinates":[[[-71.6039592389999,-35.8684570881038],[-71.6041402229999,-35.8689101661037],[-71.6043990429999,-35.8688635571038],[-71.6042311449999,-35.8683866161038],[-71.6039592389999,-35.8684570881038]]]}},{"type":"Feature","properties":{"id":"7401031004061","commune":"Linares","code":"07401","gse":"D","quintil":"Q2","nse_score":642.6,"educ":12.5,"educ_score":633.3,"hacin":1.643,"hacin_class":"Hacinamiento Medio","hacin_score":714.3,"auto_score":0.0,"n_per":23,"n_hog":7,"source_year":2024},"geometry":{"type":"Polygon","coordinates":[[[-71.6035969429999,-35.8685509851037],[-71.6037487689999,-35.8689778121038],[-71.6040748929999,-35.8689214561037],[-71.6038959519999,-35.8684734901037],[-71.6035969429999,-35.8685509851037]]]}},{"type":"Feature","properties":{"id":"7401031004062","commune":"Linares","code":"07401","gse":"C3","quintil":"Q3","nse_score":697.9,"educ":11.1,"educ_score":540.0,"hacin":1.256,"hacin_class":"Hacinamiento Leve","hacin_score":796.7,"auto_score":23.8,"n_per":226,"n_hog":79,"source_year":2024},"geometry":{"type":"Polygon","coordinates":[[[-71.5956038269999,-35.8695552681037],[-71.5952136029999,-35.8687805631037],[-71.5947426189999,-35.8689710081038],[-71.5952114529999,-35.8699343021037],[-71.5961977599999,-35.8694803421037],[-71.5957526219999,-35.8685435791038],[-71.595291271,-35.8687428311038],[-71.5956038269999,-35.8695552681037]]]}},{"type":"Feature","properties":{"id":"7401031004063","commune":"Linares","code":"07401","gse":"E","quintil":"Q1","nse_score":575.4,"educ":10.8,"educ_score":520.0,"hacin":1.75,"hacin_class":"Hacinamiento Medio","hacin_score":691.5,"auto_score":0.0,"n_per":14,"n_hog":4,"source_year":2024},"geometry":{"type":"Polygon","coordinates":[[[-71.6032430449999,-35.8686353931037],[-71.6034115069999,-35.8691200321037],[-71.6036860729999,-35.8689959441037],[-71.6035333959999,-35.8685667221038],[-71.6032430449999,-35.8686353931037]]]}},{"type":"Feature","properties":{"id":"7401031004066","commune":"Linares","code":"07401","gse":"E","quintil":"Q1","nse_score":587.8,"educ":9.9,"educ_score":460.0,"hacin":1.546,"hacin_class":"Hacinamiento Medio","hacin_score":735.0,"auto_score":208.3,"n_per":34,"n_hog":10,"source_year":2024},"geometry":{"type":"Polygon","coordinates":[[[-71.6031792649999,-35.8686504781037],[-71.6029385909999,-35.8687433991037],[-71.6031103159999,-35.8693008141037],[-71.6033543969999,-35.8691543101037],[-71.6031792649999,-35.8686504781037]]]}},{"type":"Feature","properties":{"id":"7401031004067","commune":"Linares","code":"07401","gse":"C3","quintil":"Q2","nse_score":660.8,"educ":12.1,"educ_score":606.7,"hacin":1.583,"hacin_class":"Hacinamiento Medio","hacin_score":727.0,"auto_score":233.3,"n_per":38,"n_hog":12,"source_year":2024},"geometry":{"type":"Polygon","coordinates":[[[-71.6027760039999,-35.8695011051037],[-71.6030525279999,-35.8693355001037],[-71.6028644309999,-35.8687249401037],[-71.6025070499999,-35.8688094611038],[-71.6027760039999,-35.8695011051037]]]}},{"type":"Feature","properties":{"id":"7401031004068","commune":"Linares","code":"07401","gse":"C3","quintil":"Q3","nse_score":702.3,"educ":12.2,"educ_score":613.3,"hacin":1.6,"hacin_class":"Hacinamiento Medio","hacin_score":723.4,"auto_score":300.0,"n_per":16,"n_hog":5,"source_year":2024},"geometry":{"type":"Polygon","coordinates":[[[-71.6027196379999,-35.8695353081038],[-71.602442203,-35.8688218521037],[-71.6020626249999,-35.8688978771037],[-71.6023640669999,-35.8697752371037],[-71.6027196379999,-35.8695353081038]]]}},{"type":"Feature","properties":{"id":"7401031004071","commune":"Linares","code":"07401","gse":"C3","quintil":"Q3","nse_score":700.8,"educ":10.5,"educ_score":500.0,"hacin":1.393,"hacin_class":"Hacinamiento Leve","hacin_score":767.4,"auto_score":58.8,"n_per":85,"n_hog":34,"source_year":2024},"geometry":{"type":"Polygon","coordinates":[[[-71.5964711779999,-35.8698259911037],[-71.5972094209999,-35.8695170461037],[-71.5971495389999,-35.8691668261037],[-71.5963341019999,-35.8694909131037],[-71.5964711779999,-35.8698259911037]]]}},{"type":"Feature","properties":{"id":"7401031004072","commune":"Linares","code":"07401","gse":"C3","quintil":"Q2","nse_score":670.7,"educ":10.4,"educ_score":493.3,"hacin":1.344,"hacin_class":"Hacinamiento Leve","hacin_score":777.9,"auto_score":100.0,"n_per":43,"n_hog":14,"source_year":2024},"geometry":{"type":"Polygon","coordinates":[[[-71.5974411309999,-35.8696292051037],[-71.5984168299999,-35.8694548671037],[-71.5983751519999,-35.8691853721037],[-71.5973391609999,-35.8692618691037],[-71.5974411309999,-35.8696292051037]]]}},{"type":"Feature","properties":{"id":"7401031004077","commune":"Linares","code":"07401","gse":"C3","quintil":"Q2","nse_score":662.2,"educ":10.3,"educ_score":486.7,"hacin":1.341,"hacin_class":"Hacinamiento Leve","hacin_score":778.5,"auto_score":90.0,"n_per":114,"n_hog":46,"source_year":2024},"geometry":{"type":"Polygon","coordinates":[[[-71.5953646799999,-35.8703315601037],[-71.5963611649999,-35.8698959231037],[-71.5962621069999,-35.8695645761037],[-71.5952088159999,-35.8700019581037],[-71.5953646799999,-35.8703315601037]]]}},{"type":"Feature","properties":{"id":"7401031004078","commune":"Linares","code":"07401","gse":"C3","quintil":"Q3","nse_score":681.6,"educ":10.0,"educ_score":466.7,"hacin":1.384,"hacin_class":"Hacinamiento Leve","hacin_score":769.4,"auto_score":76.9,"n_per":119,"n_hog":39,"source_year":2024},"geometry":{"type":"Polygon","coordinates":[[[-71.5974700109999,-35.8699288501037],[-71.5972572299999,-35.8695610781037],[-71.5953977729999,-35.8703629081037],[-71.595401508,-35.8706151981037],[-71.5974700109999,-35.8699288501037]]]}},{"type":"Feature","properties":{"id":"7401031004081","commune":"Linares","code":"07401","gse":"D","quintil":"Q2","nse_score":628.7,"educ":9.9,"educ_score":460.0,"hacin":1.559,"hacin_class":"Hacinamiento Medio","hacin_score":732.2,"auto_score":0.0,"n_per":53,"n_hog":16,"source_year":2024},"geometry":{"type":"Polygon","coordinates":[[[-71.5987900679999,-35.8698929071037],[-71.5978195099999,-35.8701160041037],[-71.597795103,-35.8701578321038],[-71.5980596359999,-35.8703954651037],[-71.5988980339999,-35.8701749741037],[-71.5987900679999,-35.8698929071037]]]}},{"type":"Feature","properties":{"id":"7401031004001","commune":"Linares","code":"07401","gse":"E","quintil":"Q1","nse_score":575.4,"educ":10.1,"educ_score":473.3,"hacin":1.02,"hacin_class":"Hacinamiento Leve","hacin_score":846.9,"auto_score":0.0,"n_per":52,"n_hog":22,"source_year":2024},"geometry":{"type":"MultiPolygon","coordinates":[[[[-71.5993538339999,-35.8646524731038],[-71.5994564099999,-35.8649626801038],[-71.6005572309999,-35.8647147821038],[-71.6005225989999,-35.8645445321038],[-71.6006975029999,-35.8644289421038],[-71.6004502169999,-35.8642025191038],[-71.5999891039999,-35.8644797201038],[-71.5993538339999,-35.8646524731038]]],[[[-71.5956584069999,-35.8607356581038],[-71.5953102749999,-35.8612434181038],[-71.5960039829999,-35.8610616761039],[-71.5961399039999,-35.8611128161038],[-71.5970936439999,-35.8636925051038],[-71.5982372239999,-35.8631089431038],[-71.5970518929999,-35.8637384741038],[-71.5960874939999,-35.8611184561038],[-71.5953785199999,-35.8613095421038],[-71.596765838,-35.8653545661038],[-71.5999495899999,-35.8644049701038],[-71.6006617389999,-35.8640072451038],[-71.5960639229999,-35.8598106201039],[-71.5957569179999,-35.8601386551038],[-71.5956584069999,-35.8607356581038]]]]}},{"type":"Feature","properties":{"id":"7401031004016","commune":"Linares","code":"07401","gse":"C2","quintil":"Q4","nse_score":771.7,"educ":13.6,"educ_score":706.7,"hacin":1.059,"hacin_class":"Hacinamiento Leve","hacin_score":838.5,"auto_score":187.5,"n_per":18,"n_hog":8,"source_year":2024},"geometry":{"type":"MultiPolygon","coordinates":[[[[-71.5998155609999,-35.8660047471037],[-71.6009217479999,-35.8657816451037],[-71.6008182129999,-35.8654786281038],[-71.5997079869999,-35.8657234851038],[-71.5998155609999,-35.8660047471037]]],[[[-71.5996891739999,-35.8656665931038],[-71.6008004169999,-35.8654265441038],[-71.6007001509999,-35.8651330831038],[-71.5995881899999,-35.8653612031038],[-71.5996891739999,-35.8656665931038]]]]}},{"type":"Feature","properties":{"id":"7401031005001","commune":"Linares","code":"07401","gse":"C3","quintil":"Q2","nse_score":656.9,"educ":9.7,"educ_score":446.7,"hacin":1.556,"hacin_class":"Hacinamiento Medio","hacin_score":732.9,"auto_score":208.3,"n_per":42,"n_hog":12,"source_year":2024},"geometry":{"type":"Polygon","coordinates":[[[-71.5926792179999,-35.8662800321038],[-71.5933416529999,-35.8659728351037],[-71.5931359429999,-35.8652246731038],[-71.5923899279999,-35.8655652601037],[-71.5926792179999,-35.8662800321038]]]}},{"type":"Feature","properties":{"id":"7401031005002","commune":"Linares","code":"07401","gse":"D","quintil":"Q1","nse_score":621.4,"educ":9.6,"educ_score":440.0,"hacin":1.577,"hacin_class":"Hacinamiento Medio","hacin_score":728.3,"auto_score":76.9,"n_per":82,"n_hog":25,"source_year":2024},"geometry":{"type":"Polygon","coordinates":[[[-71.5921394629999,-35.8665385771037],[-71.5925996419999,-35.8663088311037],[-71.5922976859999,-35.8656123181038],[-71.5918453749999,-35.8658338941038],[-71.5921394629999,-35.8665385771037]]]}},{"type":"Feature","properties":{"id":"7401031005003","commune":"Linares","code":"07401","gse":"D","quintil":"Q2","nse_score":645.9,"educ":9.7,"educ_score":446.7,"hacin":1.246,"hacin_class":"Hacinamiento Leve","hacin_score":798.7,"auto_score":103.4,"n_per":76,"n_hog":27,"source_year":2024},"geometry":{"type":"Polygon","coordinates":[[[-71.5912692469999,-35.8661212341038],[-71.5915504409999,-35.8668181971037],[-71.5920458879999,-35.8665821701038],[-71.5917816869999,-35.8658758291038],[-71.5912692469999,-35.8661212341038]]]}},{"type":"Feature","properties":{"id":"7401031005004","commune":"Linares","code":"07401","gse":"C3","quintil":"Q3","nse_score":685.0,"educ":10.7,"educ_score":513.3,"hacin":1.597,"hacin_class":"Hacinamiento Medio","hacin_score":724.1,"auto_score":109.4,"n_per":99,"n_hog":33,"source_year":2024},"geometry":{"type":"Polygon","coordinates":[[[-71.5932872909999,-35.8670195431037],[-71.5936448019999,-35.8668225431038],[-71.5933577469999,-35.8660642211038],[-71.5930083289999,-35.8662459251038],[-71.5932872909999,-35.8670195431037]]]}},{"type":"Feature","properties":{"id":"7401031005005","commune":"Linares","code":"07401","gse":"D","quintil":"Q2","nse_score":644.4,"educ":9.7,"educ_score":446.7,"hacin":1.508,"hacin_class":"Hacinamiento Medio","hacin_score":742.9,"auto_score":14.3,"n_per":92,"n_hog":33,"source_year":2024},"geometry":{"type":"Polygon","coordinates":[[[-71.590922583,-35.8671111581038],[-71.5914776679999,-35.8668468071038],[-71.5912054119999,-35.8661586651038],[-71.5906471769999,-35.8664005491037],[-71.590922583,-35.8671111581038]]]}},{"type":"Feature","properties":{"id":"7401031005006","commune":"Linares","code":"07401","gse":"C2","quintil":"Q3","nse_score":716.8,"educ":10.8,"educ_score":520.0,"hacin":1.141,"hacin_class":"Hacinamiento Leve","hacin_score":821.1,"auto_score":78.1,"n_per":81,"n_hog":32,"source_year":2024},"geometry":{"type":"Polygon","coordinates":[[[-71.5929112279999,-35.8672104191038],[-71.5931935679999,-35.8670666341038],[-71.5929105119999,-35.8662705701037],[-71.5925758299999,-35.8664490491037],[-71.5929112279999,-35.8672104191038]]]}},{"type":"Feature","properties":{"id":"7401031005007","commune":"Linares","code":"07401","gse":"C2","quintil":"Q4","nse_score":734.9,"educ":11.7,"educ_score":580.0,"hacin":1.329,"hacin_class":"Hacinamiento Leve","hacin_score":781.0,"auto_score":171.4,"n_per":109,"n_hog":35,"source_year":2024},"geometry":{"type":"Polygon","coordinates":[[[-71.5925272189999,-35.8674037471037],[-71.5928092879999,-35.8672416781037],[-71.5924733709999,-35.8664692881038],[-71.5921876009999,-35.8666196701037],[-71.5925272189999,-35.8674037471037]]]}},{"type":"Feature","properties":{"id":"7401031005008","commune":"Linares","code":"07401","gse":"C3","quintil":"Q3","nse_score":690.2,"educ":11.0,"educ_score":533.3,"hacin":1.565,"hacin_class":"Hacinamiento Medio","hacin_score":731.0,"auto_score":181.8,"n_per":97,"n_hog":32,"source_year":2024},"geometry":{"type":"Polygon","coordinates":[[[-71.5920994139999,-35.8666531211038],[-71.5918244049999,-35.8668258031037],[-71.5921539979999,-35.8675848111037],[-71.5924408609999,-35.8674253921037],[-71.5920994139999,-35.8666531211038]]]}},{"type":"Feature","properties":{"id":"7401031005009","commune":"Linares","code":"07401","gse":"C3","quintil":"Q3","nse_score":678.1,"educ":10.9,"educ_score":526.7,"hacin":1.357,"hacin_class":"Hacinamiento Leve","hacin_score":775.1,"auto_score":81.4,"n_per":114,"n_hog":40,"source_year":2024},"geometry":{"type":"Polygon","coordinates":[[[-71.5917155639999,-35.8678040181038],[-71.5920559289999,-35.8676229821038],[-71.5917283789999,-35.8668527191038],[-71.5914010899999,-35.8670242181037],[-71.5917155639999,-35.8678040181038]]]}},{"type":"Feature","properties":{"id":"7401031005010","commune":"Linares","code":"07401","gse":"C3","quintil":"Q3","nse_score":685.7,"educ":11.7,"educ_score":580.0,"hacin":1.118,"hacin_class":"Hacinamiento Leve","hacin_score":826.0,"auto_score":88.2,"n_per":38,"n_hog":15,"source_year":2024},"geometry":{"type":"Polygon","coordinates":[[[-71.5931584099999,-35.8678245041037],[-71.5939055289999,-35.8674520271038],[-71.5936918339999,-35.8669361241038],[-71.5928902349999,-35.8673087001038],[-71.5931584099999,-35.8678245041037]]]}},{"type":"Feature","properties":{"id":"7401031005011","commune":"Linares","code":"07401","gse":"C3","quintil":"Q2","nse_score":670.4,"educ":10.3,"educ_score":486.7,"hacin":1.5,"hacin_class":"Hacinamiento Medio","hacin_score":744.7,"auto_score":56.8,"n_per":126,"n_hog":46,"source_year":2024},"geometry":{"type":"Polygon","coordinates":[[[-71.5912578489999,-35.8680232721038],[-71.591630285,-35.8678349681038],[-71.5913022349999,-35.8670488851037],[-71.5909551869999,-35.8672411461037],[-71.5912578489999,-35.8680232721038]]]}},{"type":"Feature","properties":{"id":"7401031005012","commune":"Linares","code":"07401","gse":"C3","quintil":"Q3","nse_score":698.6,"educ":10.8,"educ_score":520.0,"hacin":1.132,"hacin_class":"Hacinamiento Leve","hacin_score":822.9,"auto_score":171.9,"n_per":77,"n_hog":32,"source_year":2024},"geometry":{"type":"Polygon","coordinates":[[[-71.5927102939999,-35.8680496001038],[-71.5930832159999,-35.8678531681038],[-71.5927999649999,-35.8673590521037],[-71.5924481359999,-35.8675424071037],[-71.5927102939999,-35.8680496001038]]]}},{"type":"Feature","properties":{"id":"7401031005013","commune":"Linares","code":"07401","gse":"D","quintil":"Q2","nse_score":652.2,"educ":9.8,"educ_score":453.3,"hacin":1.406,"hacin_class":"Hacinamiento Leve","hacin_score":764.6,"auto_score":106.4,"n_per":263,"n_hog":89,"source_year":2024},"geometry":{"type":"Polygon","coordinates":[[[-71.5917426269999,-35.8690313021037],[-71.5940644719999,-35.8678169871037],[-71.5939762639999,-35.8675515681037],[-71.5915890039999,-35.8686921161037],[-71.5917426269999,-35.8690313021037]]]}},{"type":"Feature","properties":{"id":"7401031005014","commune":"Linares","code":"07401","gse":"C3","quintil":"Q2","nse_score":665.0,"educ":10.6,"educ_score":506.7,"hacin":1.569,"hacin_class":"Hacinamiento Medio","hacin_score":730.0,"auto_score":183.3,"n_per":102,"n_hog":28,"source_year":2024},"geometry":{"type":"Polygon","coordinates":[[[-71.5922828659999,-35.8682580211037],[-71.5926389949999,-35.8680790791037],[-71.5923743239999,-35.8675710411038],[-71.5920305929999,-35.8677587271038],[-71.5922828659999,-35.8682580211037]]]}},{"type":"Feature","properties":{"id":"7401031005015","commune":"Linares","code":"07401","gse":"C3","quintil":"Q3","nse_score":678.2,"educ":11.1,"educ_score":540.0,"hacin":1.415,"hacin_class":"Hacinamiento Leve","hacin_score":762.7,"auto_score":240.7,"n_per":75,"n_hog":26,"source_year":2024},"geometry":{"type":"Polygon","coordinates":[[[-71.5919426029999,-35.8677876661037],[-71.591587166,-35.8679665911037],[-71.5918607709999,-35.8684834521038],[-71.5922179919999,-35.8682954751038],[-71.5919426029999,-35.8677876661037]]]}},{"type":"Feature","properties":{"id":"7401031005016","commune":"Linares","code":"07401","gse":"D","quintil":"Q2","nse_score":630.2,"educ":9.0,"educ_score":400.0,"hacin":1.372,"hacin_class":"Hacinamiento Leve","hacin_score":771.8,"auto_score":64.4,"n_per":258,"n_hog":98,"source_year":2024},"geometry":{"type":"Polygon","coordinates":[[[-71.5919404769999,-35.8694210731038],[-71.5942405959999,-35.8681886931037],[-71.5941531529999,-35.8679034981037],[-71.5917958609999,-35.8690932461037],[-71.5919404769999,-35.8694210731038]]]}},{"type":"Feature","properties":{"id":"7401031005018","commune":"Linares","code":"07401","gse":"C3","quintil":"Q3","nse_score":690.6,"educ":10.5,"educ_score":500.0,"hacin":1.424,"hacin_class":"Hacinamiento Leve","hacin_score":760.9,"auto_score":84.4,"n_per":215,"n_hog":73,"source_year":2024},"geometry":{"type":"Polygon","coordinates":[[[-71.5896027919999,-35.8689317401037],[-71.5900672959999,-35.8697988141037],[-71.5910293269999,-35.8693136871037],[-71.5911362399999,-35.8695153271037],[-71.5917357769999,-35.8692883271037],[-71.5915583759999,-35.8689947201037],[-71.5909974819999,-35.8691555451038],[-71.5915309319999,-35.8689277141037],[-71.5913978479999,-35.8686241371037],[-71.5907824759999,-35.8687590961038],[-71.5913384429999,-35.8685533131037],[-71.5911391879999,-35.8681835651037],[-71.5896027919999,-35.8689317401037]]]}},{"type":"Feature","properties":{"id":"7401031005019","commune":"Linares","code":"07401","gse":"D","quintil":"Q2","nse_score":643.0,"educ":9.3,"educ_score":420.0,"hacin":1.418,"hacin_class":"Hacinamiento Leve","hacin_score":762.1,"auto_score":43.5,"n_per":190,"n_hog":67,"source_year":2024},"geometry":{"type":"Polygon","coordinates":[[[-71.5929722409999,-35.8693742941038],[-71.5944341159999,-35.8686261591037],[-71.5943097809999,-35.8682728241037],[-71.5928208439999,-35.8690080211037],[-71.5929722409999,-35.8693742941038]]]}},{"type":"Feature","properties":{"id":"7401031005020","commune":"Linares","code":"07401","gse":"D","quintil":"Q2","nse_score":629.9,"educ":9.2,"educ_score":413.3,"hacin":1.429,"hacin_class":"Hacinamiento Leve","hacin_score":759.7,"auto_score":49.5,"n_per":263,"n_hog":93,"source_year":2024},"geometry":{"type":"Polygon","coordinates":[[[-71.5944399099999,-35.8686981451037],[-71.5921876059999,-35.8698689391037],[-71.5923307659999,-35.8701948301037],[-71.5946148429999,-35.8690639021037],[-71.5944399099999,-35.8686981451037]]]}},{"type":"Feature","properties":{"id":"7401031005021","commune":"Linares","code":"07401","gse":"D","quintil":"Q1","nse_score":612.3,"educ":9.2,"educ_score":413.3,"hacin":1.571,"hacin_class":"Hacinamiento Medio","hacin_score":729.5,"auto_score":62.5,"n_per":88,"n_hog":29,"source_year":2024},"geometry":{"type":"Polygon","coordinates":[[[-71.59212385,-35.8698027161037],[-71.5929110659999,-35.8694296941038],[-71.5927647509999,-35.8690813381037],[-71.5919716489999,-35.8694860331037],[-71.59212385,-35.8698027161037]]]}},{"type":"Feature","properties":{"id":"7401031005022","commune":"Linares","code":"07401","gse":"C3","quintil":"Q2","nse_score":670.3,"educ":10.2,"educ_score":480.0,"hacin":1.374,"hacin_class":"Hacinamiento Leve","hacin_score":771.6,"auto_score":63.8,"n_per":125,"n_hog":45,"source_year":2024},"geometry":{"type":"Polygon","coordinates":[[[-71.5938472089999,-35.8695807231037],[-71.5943309489999,-35.8700569841037],[-71.5938833559999,-35.8702964931037],[-71.5939689139999,-35.8704794161037],[-71.5950652639999,-35.8699825281037],[-71.5946966339999,-35.8691207201037],[-71.5938472089999,-35.8695807231037]]]}},{"type":"Feature","properties":{"id":"7401031005023","commune":"Linares","code":"07401","gse":"C3","quintil":"Q3","nse_score":686.8,"educ":10.9,"educ_score":526.7,"hacin":1.429,"hacin_class":"Hacinamiento Leve","hacin_score":759.9,"auto_score":55.6,"n_per":70,"n_hog":25,"source_year":2024},"geometry":{"type":"Polygon","coordinates":[[[-71.5911636939999,-35.8695671051037],[-71.5913362339999,-35.8698925171037],[-71.5919295999999,-35.8696717121037],[-71.5917617859999,-35.8693643781037],[-71.5911636939999,-35.8695671051037]]]}},{"type":"Feature","properties":{"id":"7401031005024","commune":"Linares","code":"07401","gse":"C3","quintil":"Q3","nse_score":675.7,"educ":10.3,"educ_score":486.7,"hacin":1.328,"hacin_class":"Hacinamiento Leve","hacin_score":781.3,"auto_score":116.7,"n_per":81,"n_hog":29,"source_year":2024},"geometry":{"type":"Polygon","coordinates":[[[-71.5938227699999,-35.8702520191037],[-71.5941633279999,-35.8700741261037],[-71.5937678209999,-35.8695869451037],[-71.5934573349999,-35.8697649041038],[-71.5938227699999,-35.8702520191037]]]}},{"type":"Feature","properties":{"id":"7401031005025","commune":"Linares","code":"07401","gse":"C3","quintil":"Q2","nse_score":654.6,"educ":9.7,"educ_score":446.7,"hacin":1.2,"hacin_class":"Hacinamiento Leve","hacin_score":808.5,"auto_score":83.3,"n_per":54,"n_hog":22,"source_year":2024},"geometry":{"type":"Polygon","coordinates":[[[-71.5913614489999,-35.8699400721038],[-71.5915301329999,-35.8702582101037],[-71.5921226909999,-35.8700325781037],[-71.5919658369999,-35.8697430351037],[-71.5913614489999,-35.8699400721038]]]}},{"type":"Feature","properties":{"id":"7401031005026","commune":"Linares","code":"07401","gse":"D","quintil":"Q2","nse_score":648.8,"educ":9.5,"educ_score":433.3,"hacin":1.291,"hacin_class":"Hacinamiento Leve","hacin_score":789.2,"auto_score":32.3,"n_per":71,"n_hog":30,"source_year":2024},"geometry":{"type":"Polygon","coordinates":[[[-71.593397949,-35.8704376721037],[-71.5937640099999,-35.8702765391037],[-71.5933759139999,-35.8697937021037],[-71.5930505039999,-35.8699809961037],[-71.593397949,-35.8704376721037]]]}},{"type":"Feature","properties":{"id":"7401031005027","commune":"Linares","code":"07401","gse":"E","quintil":"Q1","nse_score":419.5,"educ":10.3,"educ_score":486.7,"hacin":2.0,"hacin_class":"Hacinamiento Medio","hacin_score":638.3,"auto_score":0.0,"n_per":12,"n_hog":6,"source_year":2024},"geometry":{"type":"Polygon","coordinates":[[[-71.5974700109999,-35.8699288501037],[-71.5934590729999,-35.8713782331037],[-71.5930598119999,-35.8716350021037],[-71.5932998039999,-35.8718133581037],[-71.5941328359999,-35.8718458631037],[-71.5953095249999,-35.8713918051037],[-71.595230694,-35.8713546971037],[-71.5951944449999,-35.8712242851037],[-71.5953652669999,-35.8711218381038],[-71.5954405369999,-35.8708197511037],[-71.5954014259999,-35.8711100081037],[-71.5957415309999,-35.8710095511037],[-71.5952541199999,-35.8712025301037],[-71.5953178069999,-35.8713654341037],[-71.596048875,-35.8710570011037],[-71.5959841999999,-35.8707292941037],[-71.5965166989999,-35.8709095841037],[-71.5971071999999,-35.8708485431037],[-71.5980508379999,-35.8704869801037],[-71.5974700109999,-35.8699288501037]]]}},{"type":"Feature","properties":{"id":"7401031005028","commune":"Linares","code":"07401","gse":"C3","quintil":"Q3","nse_score":681.5,"educ":10.6,"educ_score":506.7,"hacin":1.441,"hacin_class":"Hacinamiento Leve","hacin_score":757.3,"auto_score":32.3,"n_per":85,"n_hog":29,"source_year":2024},"geometry":{"type":"Polygon","coordinates":[[[-71.5929702669999,-35.8700142751037],[-71.5926426319999,-35.8701971091037],[-71.5930218929999,-35.8706530991037],[-71.5933410809999,-35.8704659401037],[-71.5929702669999,-35.8700142751037]]]}},{"type":"Feature","properties":{"id":"7401031005029","commune":"Linares","code":"07401","gse":"C3","quintil":"Q3","nse_score":678.5,"educ":10.7,"educ_score":513.3,"hacin":1.179,"hacin_class":"Hacinamiento Leve","hacin_score":813.1,"auto_score":85.4,"n_per":99,"n_hog":37,"source_year":2024},"geometry":{"type":"Polygon","coordinates":[[[-71.5952439319999,-35.8703887671037],[-71.5950663259999,-35.8700681301037],[-71.5940249079999,-35.8705728451037],[-71.5942564239999,-35.8708382391037],[-71.5952439319999,-35.8703887671037]]]}},{"type":"Feature","properties":{"id":"7401031005030","commune":"Linares","code":"07401","gse":"C3","quintil":"Q3","nse_score":685.1,"educ":10.9,"educ_score":526.7,"hacin":1.373,"hacin_class":"Hacinamiento Leve","hacin_score":771.7,"auto_score":53.6,"n_per":81,"n_hog":26,"source_year":2024},"geometry":{"type":"Polygon","coordinates":[[[-71.5915528889999,-35.8703011291037],[-71.5917302849999,-35.8706356951037],[-71.5923217569999,-35.8704068361037],[-71.5921457359999,-35.8701132001037],[-71.5915528889999,-35.8703011291037]]]}},{"type":"Feature","properties":{"id":"7401031005031","commune":"Linares","code":"07401","gse":"D","quintil":"Q2","nse_score":641.3,"educ":8.6,"educ_score":373.3,"hacin":1.269,"hacin_class":"Hacinamiento Leve","hacin_score":793.8,"auto_score":76.9,"n_per":33,"n_hog":12,"source_year":2024},"geometry":{"type":"Polygon","coordinates":[[[-71.5926664529999,-35.8708204681037],[-71.5929433409999,-35.8706638091037],[-71.5925595339999,-35.8702169301037],[-71.5923905499999,-35.8703197241037],[-71.5926664529999,-35.8708204681037]]]}},{"type":"Feature","properties":{"id":"7401031005032","commune":"Linares","code":"07401","gse":"D","quintil":"Q2","nse_score":643.6,"educ":9.1,"educ_score":406.7,"hacin":1.407,"hacin_class":"Hacinamiento Leve","hacin_score":764.5,"auto_score":48.4,"n_per":83,"n_hog":31,"source_year":2024},"geometry":{"type":"Polygon","coordinates":[[[-71.5926949909999,-35.8708584501037],[-71.5928096469999,-35.8710317321037],[-71.593901178,-35.8705034121037],[-71.5937768809999,-35.8703528731037],[-71.5926949909999,-35.8708584501037]]]}},{"type":"Feature","properties":{"id":"7401031005033","commune":"Linares","code":"07401","gse":"D","quintil":"Q2","nse_score":637.2,"educ":8.6,"educ_score":373.3,"hacin":1.077,"hacin_class":"Hacinamiento Leve","hacin_score":834.7,"auto_score":0.0,"n_per":14,"n_hog":8,"source_year":2024},"geometry":{"type":"Polygon","coordinates":[[[-71.5952434209999,-35.8704473641037],[-71.5930099889999,-35.8714555331037],[-71.5930651669999,-35.8716300991037],[-71.5954136909999,-35.8706451291037],[-71.5952434209999,-35.8704473641037]]]}},{"type":"Feature","properties":{"id":"7401031005034","commune":"Linares","code":"07401","gse":"C3","quintil":"Q2","nse_score":657.4,"educ":10.3,"educ_score":486.7,"hacin":1.444,"hacin_class":"Hacinamiento Leve","hacin_score":756.5,"auto_score":107.1,"n_per":65,"n_hog":25,"source_year":2024},"geometry":{"type":"Polygon","coordinates":[[[-71.5917542829999,-35.8706809551037],[-71.5919262569999,-35.8710052971037],[-71.5925091729999,-35.8707633181037],[-71.592342088,-35.8704785021037],[-71.5917542829999,-35.8706809551037]]]}},{"type":"Feature","properties":{"id":"7401031005036","commune":"Linares","code":"07401","gse":"C3","quintil":"Q2","nse_score":665.9,"educ":9.6,"educ_score":440.0,"hacin":1.242,"hacin_class":"Hacinamiento Leve","hacin_score":799.6,"auto_score":23.8,"n_per":113,"n_hog":41,"source_year":2024},"geometry":{"type":"Polygon","coordinates":[[[-71.592977302,-35.8713976531037],[-71.594131075,-35.8708995331037],[-71.5941487719999,-35.8708585911037],[-71.5939347469999,-35.8705883131037],[-71.5928221319999,-35.8710855481037],[-71.592977302,-35.8713976531037]]]}},{"type":"Feature","properties":{"id":"7401031005038","commune":"Linares","code":"07401","gse":"C3","quintil":"Q3","nse_score":681.5,"educ":10.0,"educ_score":466.7,"hacin":1.229,"hacin_class":"Hacinamiento Leve","hacin_score":802.3,"auto_score":41.7,"n_per":59,"n_hog":24,"source_year":2024},"geometry":{"type":"Polygon","coordinates":[[[-71.5919510349999,-35.8710520281037],[-71.5921313699999,-35.8713921361037],[-71.5927123399999,-35.8711464991037],[-71.5925376989999,-35.8708528341037],[-71.5919510349999,-35.8710520281037]]]}},{"type":"Feature","properties":{"id":"7401031005035","commune":"Linares","code":"07401","gse":"E","quintil":"Q1","nse_score":383.4,"educ":9.4,"educ_score":426.7,"hacin":1.667,"hacin_class":"Hacinamiento Medio","hacin_score":709.2,"auto_score":83.3,"n_per":10,"n_hog":5,"source_year":2024},"geometry":{"type":"MultiPolygon","coordinates":[[[[-71.5925147069999,-35.8718673181037],[-71.5924812349999,-35.8722736361037],[-71.5923667199999,-35.8724338401037],[-71.5932993589999,-35.8721338941037],[-71.5934245849999,-35.8722437511037],[-71.5930435349999,-35.8716597081037],[-71.5925147069999,-35.8718673181037]]],[[[-71.5963161689999,-35.8710050571037],[-71.5946735159999,-35.8716260381037],[-71.5933722509999,-35.8722907001037],[-71.5934137419999,-35.8723799541037],[-71.5938681669999,-35.8722985931037],[-71.5948590789999,-35.8716814701037],[-71.5961254399999,-35.8713251091037],[-71.5974329679999,-35.8710534691037],[-71.5986382989999,-35.8709888421037],[-71.5980817519999,-35.8705132641037],[-71.5974919239999,-35.8707949051037],[-71.5963161689999,-35.8710050571037]]]]}},{"type":"Feature","properties":{"id":"7401041001001","commune":"Linares","code":"07401","gse":"C2","quintil":"Q4","nse_score":757.5,"educ":14.1,"educ_score":740.0,"hacin":0.903,"hacin_class":"Sin Hacinamiento","hacin_score":871.7,"auto_score":102.7,"n_per":112,"n_hog":61,"source_year":2024},"geometry":{"type":"Polygon","coordinates":[[[-71.6033332489999,-35.848847802104],[-71.6047380769999,-35.8485379271039],[-71.6042774569999,-35.8473807051039],[-71.6028901299999,-35.847685688104],[-71.6033332489999,-35.848847802104]]]}},{"type":"Feature","properties":{"id":"7401041001004","commune":"Linares","code":"07401","gse":"E","quintil":"Q1","nse_score":586.5,"educ":12.1,"educ_score":606.7,"hacin":1.059,"hacin_class":"Hacinamiento Leve","hacin_score":838.5,"auto_score":115.4,"n_per":18,"n_hog":9,"source_year":2024},"geometry":{"type":"Polygon","coordinates":[[[-71.6018746529999,-35.849158540104],[-71.6032010269999,-35.848877699104],[-71.6030175329999,-35.8482597731039],[-71.6016286619999,-35.8485287221039],[-71.6018746529999,-35.849158540104]]]}},{"type":"Feature","properties":{"id":"7401041001006","commune":"Linares","code":"07401","gse":"C2","quintil":"Q3","nse_score":718.8,"educ":13.3,"educ_score":686.7,"hacin":1.438,"hacin_class":"Hacinamiento Leve","hacin_score":758.0,"auto_score":83.3,"n_per":23,"n_hog":6,"source_year":2024},"geometry":{"type":"Polygon","coordinates":[[[-71.6003260049999,-35.8494672741039],[-71.6017235919999,-35.8491891381039],[-71.6015291339999,-35.8485849581039],[-71.6001253859999,-35.8488542121039],[-71.6003260049999,-35.8494672741039]]]}},{"type":"Feature","properties":{"id":"7401041001007","commune":"Linares","code":"07401","gse":"C2","quintil":"Q4","nse_score":776.0,"educ":13.8,"educ_score":720.0,"hacin":1.114,"hacin_class":"Hacinamiento Leve","hacin_score":826.8,"auto_score":157.1,"n_per":88,"n_hog":31,"source_year":2024},"geometry":{"type":"Polygon","coordinates":[[[-71.6033701649999,-35.848982200104],[-71.6036481919999,-35.8496341371039],[-71.6046205899999,-35.8493561721039],[-71.6047825049999,-35.8497898021039],[-71.6052126429999,-35.8496768181039],[-71.6047709549999,-35.848622840104],[-71.6034263869999,-35.8488818351039],[-71.6033701649999,-35.848982200104]]]}},{"type":"Feature","properties":{"id":"7401041001009","commune":"Linares","code":"07401","gse":"E","quintil":"Q1","nse_score":373.3,"educ":9.5,"educ_score":433.3,"hacin":5.0,"hacin_class":"Hacinamiento Crítico","hacin_score":0.0,"auto_score":100.0,"n_per":467,"n_hog":11,"source_year":2024},"geometry":{"type":"Polygon","coordinates":[[[-71.5986164619999,-35.8491978311039],[-71.5988617719999,-35.8497919031039],[-71.6002408119999,-35.849464612104],[-71.5999765739999,-35.848884473104],[-71.5986164619999,-35.8491978311039]]]}},{"type":"Feature","properties":{"id":"7401041001010","commune":"Linares","code":"07401","gse":"ABC1","quintil":"Q5","nse_score":818.2,"educ":15.3,"educ_score":820.0,"hacin":1.064,"hacin_class":"Hacinamiento Leve","hacin_score":837.4,"auto_score":170.7,"n_per":232,"n_hog":114,"source_year":2024},"geometry":{"type":"Polygon","coordinates":[[[-71.6023251459999,-35.8503297961039],[-71.6036980969999,-35.8500386501039],[-71.6032750039999,-35.8489391971039],[-71.6018967359999,-35.8492259461039],[-71.6023251459999,-35.8503297961039]]]}},{"type":"Feature","properties":{"id":"7401041001012","commune":"Linares","code":"07401","gse":"C2","quintil":"Q3","nse_score":714.9,"educ":15.0,"educ_score":800.0,"hacin":1.103,"hacin_class":"Hacinamiento Leve","hacin_score":829.1,"auto_score":76.9,"n_per":32,"n_hog":12,"source_year":2024},"geometry":{"type":"Polygon","coordinates":[[[-71.5971433839999,-35.8495271371039],[-71.5974246459999,-35.850088888104],[-71.5987466039999,-35.8497718621039],[-71.5984982269999,-35.849200390104],[-71.5971433839999,-35.8495271371039]]]}},{"type":"Feature","properties":{"id":"7401041001013","commune":"Linares","code":"07401","gse":"C2","quintil":"Q4","nse_score":770.5,"educ":12.4,"educ_score":626.7,"hacin":0.947,"hacin_class":"Sin Hacinamiento","hacin_score":862.3,"auto_score":138.9,"n_per":36,"n_hog":18,"source_year":2024},"geometry":{"type":"Polygon","coordinates":[[[-71.6013147749999,-35.8493512191039],[-71.6017028809999,-35.8504289051039],[-71.6021915449999,-35.8503597311039],[-71.6018083739999,-35.849263913104],[-71.6013147749999,-35.8493512191039]]]}},{"type":"Feature","properties":{"id":"7401041001015","commune":"Linares","code":"07401","gse":"C1","quintil":"Q5","nse_score":810.5,"educ":13.1,"educ_score":673.3,"hacin":1.222,"hacin_class":"Hacinamiento Leve","hacin_score":803.8,"auto_score":125.0,"n_per":11,"n_hog":4,"source_year":2024},"geometry":{"type":"Polygon","coordinates":[[[-71.601353162,-35.8505400681039],[-71.6016266239999,-35.8504350641039],[-71.601252987,-35.8493660781039],[-71.6009651979999,-35.8493993511039],[-71.601353162,-35.8505400681039]]]}},{"type":"Feature","properties":{"id":"7401041001016","commune":"Linares","code":"07401","gse":"C2","quintil":"Q4","nse_score":765.2,"educ":13.1,"educ_score":673.3,"hacin":1.024,"hacin_class":"Hacinamiento Leve","hacin_score":845.9,"auto_score":78.9,"n_per":42,"n_hog":19,"source_year":2024},"geometry":{"type":"Polygon","coordinates":[[[-71.6008123969999,-35.8506487171039],[-71.6012453249999,-35.850528950104],[-71.6008263079999,-35.8494474261039],[-71.6003641589999,-35.849565593104],[-71.6008123969999,-35.8506487171039]]]}},{"type":"Feature","properties":{"id":"7401041001017","commune":"Linares","code":"07401","gse":"ABC1","quintil":"Q5","nse_score":829.7,"educ":14.0,"educ_score":733.3,"hacin":1.167,"hacin_class":"Hacinamiento Leve","hacin_score":815.6,"auto_score":208.3,"n_per":35,"n_hog":12,"source_year":2024},"geometry":{"type":"Polygon","coordinates":[[[-71.6038238929999,-35.8500133891039],[-71.6046781989999,-35.849837121104],[-71.604609793,-35.8495231511039],[-71.6036952489999,-35.8496871961039],[-71.6038238929999,-35.8500133891039]]]}},{"type":"Feature","properties":{"id":"7401041001018","commune":"Linares","code":"07401","gse":"D","quintil":"Q2","nse_score":629.3,"educ":11.4,"educ_score":560.0,"hacin":1.0,"hacin_class":"Hacinamiento Leve","hacin_score":851.1,"auto_score":0.0,"n_per":20,"n_hog":10,"source_year":2024},"geometry":{"type":"Polygon","coordinates":[[[-71.5956441729999,-35.849829950104],[-71.5959061089999,-35.8504146551039],[-71.5972666529999,-35.8500923051039],[-71.5969999619999,-35.8495212261039],[-71.5956441729999,-35.849829950104]]]}},{"type":"Feature","properties":{"id":"7401041001019","commune":"Linares","code":"07401","gse":"C3","quintil":"Q3","nse_score":703.0,"educ":12.8,"educ_score":653.3,"hacin":0.9,"hacin_class":"Sin Hacinamiento","hacin_score":872.3,"auto_score":0.0,"n_per":9,"n_hog":5,"source_year":2024},"geometry":{"type":"Polygon","coordinates":[[[-71.5993716369999,-35.8509499391039],[-71.6006711059999,-35.8506585601039],[-71.6002800979999,-35.8495764271039],[-71.5989019549999,-35.8498676461039],[-71.5993716369999,-35.8509499391039]]]}},{"type":"Feature","properties":{"id":"7401041001020","commune":"Linares","code":"07401","gse":"C2","quintil":"Q4","nse_score":752.6,"educ":13.4,"educ_score":693.3,"hacin":1.0,"hacin_class":"Hacinamiento Leve","hacin_score":851.1,"auto_score":150.0,"n_per":49,"n_hog":19,"source_year":2024},"geometry":{"type":"Polygon","coordinates":[[[-71.5938982519999,-35.8496648791039],[-71.5924530719999,-35.8499169131039],[-71.592895929,-35.8510114741039],[-71.594257179,-35.850720688104],[-71.5938982519999,-35.8496648791039]]]}},{"type":"Feature","properties":{"id":"7401041001021","commune":"Linares","code":"07401","gse":"C2","quintil":"Q4","nse_score":749.7,"educ":12.4,"educ_score":626.7,"hacin":0.942,"hacin_class":"Sin Hacinamiento","hacin_score":863.3,"auto_score":20.0,"n_per":49,"n_hog":23,"source_year":2024},"geometry":{"type":"Polygon","coordinates":[[[-71.605369488,-35.8502246941039],[-71.6052296129999,-35.8497936221039],[-71.6038211549999,-35.8501306211039],[-71.6039965119999,-35.8505098801039],[-71.605369488,-35.8502246941039]]]}},{"type":"Feature","properties":{"id":"7401041001022","commune":"Linares","code":"07401","gse":"C3","quintil":"Q3","nse_score":690.4,"educ":12.0,"educ_score":600.0,"hacin":0.897,"hacin_class":"Sin Hacinamiento","hacin_score":873.1,"auto_score":76.9,"n_per":52,"n_hog":25,"source_year":2024},"geometry":{"type":"Polygon","coordinates":[[[-71.5978454639999,-35.8512739381039],[-71.5991897129999,-35.850988071104],[-71.598798283,-35.8498924221039],[-71.5974115349999,-35.850174797104],[-71.5978454639999,-35.8512739381039]]]}},{"type":"Feature","properties":{"id":"7401041001023","commune":"Linares","code":"07401","gse":"E","quintil":"Q1","nse_score":547.0,"educ":12.0,"educ_score":600.0,"hacin":1.444,"hacin_class":"Hacinamiento Leve","hacin_score":756.5,"auto_score":100.0,"n_per":13,"n_hog":4,"source_year":2024},"geometry":{"type":"Polygon","coordinates":[[[-71.5914283419999,-35.8501021601039],[-71.5918541519999,-35.8512590811039],[-71.5927901269999,-35.8510453051039],[-71.5923544369999,-35.8499370691039],[-71.5914283419999,-35.8501021601039]]]}},{"type":"Feature","properties":{"id":"7401041001024","commune":"Linares","code":"07401","gse":"C2","quintil":"Q4","nse_score":740.4,"educ":11.8,"educ_score":586.7,"hacin":1.007,"hacin_class":"Hacinamiento Leve","hacin_score":849.5,"auto_score":93.2,"n_per":138,"n_hog":57,"source_year":2024},"geometry":{"type":"Polygon","coordinates":[[[-71.6034454819999,-35.8507877181039],[-71.6032934319999,-35.8504440061039],[-71.6029099639999,-35.8505244241039],[-71.6029603139999,-35.8509109021039],[-71.6027765029999,-35.8503470531039],[-71.602334358,-35.8504422611039],[-71.6027102759999,-35.8515697801039],[-71.6031334099999,-35.8514749821039],[-71.603045817,-35.8511028321039],[-71.6032692809999,-35.8514720371039],[-71.6041760479999,-35.8512811241039],[-71.604017526,-35.8509195261039],[-71.6034120009999,-35.8510227881039],[-71.6040167999999,-35.8508339161039],[-71.6037338869999,-35.8501280061039],[-71.6032978719999,-35.8502095661039],[-71.6034454819999,-35.8507877181039]]]}},{"type":"Feature","properties":{"id":"7401041001025","commune":"Linares","code":"07401","gse":"C3","quintil":"Q2","nse_score":664.8,"educ":12.3,"educ_score":620.0,"hacin":1.111,"hacin_class":"Hacinamiento Leve","hacin_score":827.4,"auto_score":114.3,"n_per":80,"n_hog":30,"source_year":2024},"geometry":{"type":"Polygon","coordinates":[[[-71.5972556259999,-35.8501845921039],[-71.5959242149999,-35.8504818631039],[-71.5963429739999,-35.8515679181039],[-71.5977186349999,-35.8512948081039],[-71.5972556259999,-35.8501845921039]]]}},{"type":"Feature","properties":{"id":"7401041001027","commune":"Linares","code":"07401","gse":"C2","quintil":"Q4","nse_score":744.0,"educ":12.3,"educ_score":620.0,"hacin":0.853,"hacin_class":"Sin Hacinamiento","hacin_score":882.4,"auto_score":0.0,"n_per":29,"n_hog":14,"source_year":2024},"geometry":{"type":"Polygon","coordinates":[[[-71.6049322,-35.8503679071039],[-71.6051547209999,-35.8510886441039],[-71.6057230069999,-35.8509681551039],[-71.6054597309999,-35.8502708361039],[-71.6049322,-35.8503679071039]]]}},{"type":"Feature","properties":{"id":"7401041001029","commune":"Linares","code":"07401","gse":"ABC1","quintil":"Q5","nse_score":821.9,"educ":14.1,"educ_score":740.0,"hacin":1.0,"hacin_class":"Hacinamiento Leve","hacin_score":851.1,"auto_score":205.9,"n_per":42,"n_hog":16,"source_year":2024},"geometry":{"type":"Polygon","coordinates":[[[-71.6022431399999,-35.850435225104],[-71.6017499689999,-35.8505675901039],[-71.6021501819999,-35.8516765581039],[-71.6025969799999,-35.8515542091039],[-71.6022431399999,-35.850435225104]]]}},{"type":"Feature","properties":{"id":"7401041001030","commune":"Linares","code":"07401","gse":"C1","quintil":"Q5","nse_score":792.6,"educ":14.1,"educ_score":740.0,"hacin":1.458,"hacin_class":"Hacinamiento Leve","hacin_score":753.5,"auto_score":117.6,"n_per":35,"n_hog":17,"source_year":2024},"geometry":{"type":"Polygon","coordinates":[[[-71.6043090809999,-35.8512577321039],[-71.6048014829999,-35.8511413731039],[-71.6045676019999,-35.8504434151039],[-71.6040066739999,-35.8505772591039],[-71.6043090809999,-35.8512577321039]]]}},{"type":"Feature","properties":{"id":"7401041001031","commune":"Linares","code":"07401","gse":"E","quintil":"Q1","nse_score":552.7,"educ":10.7,"educ_score":513.3,"hacin":1.046,"hacin_class":"Hacinamiento Leve","hacin_score":841.2,"auto_score":25.0,"n_per":45,"n_hog":17,"source_year":2024},"geometry":{"type":"Polygon","coordinates":[[[-71.5948796899999,-35.8518926901039],[-71.5962349519999,-35.8515972941039],[-71.5957989599999,-35.8505025981039],[-71.5944289319999,-35.8507890831039],[-71.5948796899999,-35.8518926901039]]]}},{"type":"Feature","properties":{"id":"7401041001033","commune":"Linares","code":"07401","gse":"C1","quintil":"Q5","nse_score":804.9,"educ":14.0,"educ_score":733.3,"hacin":0.981,"hacin_class":"Sin Hacinamiento","hacin_score":855.2,"auto_score":225.0,"n_per":51,"n_hog":19,"source_year":2024},"geometry":{"type":"Polygon","coordinates":[[[-71.6008245849999,-35.850749875104],[-71.6011986649999,-35.8518323721039],[-71.6016262909999,-35.8517690291039],[-71.6013050049999,-35.8506718691039],[-71.6008245849999,-35.850749875104]]]}},{"type":"Feature","properties":{"id":"7401041001034","commune":"Linares","code":"07401","gse":"C2","quintil":"Q4","nse_score":748.7,"educ":13.3,"educ_score":686.7,"hacin":0.967,"hacin_class":"Sin Hacinamiento","hacin_score":858.0,"auto_score":83.3,"n_per":59,"n_hog":26,"source_year":2024},"geometry":{"type":"Polygon","coordinates":[[[-71.5998171049999,-35.8521670281039],[-71.6010704899999,-35.8518802151039],[-71.6006995809999,-35.8507570891039],[-71.5993553509999,-35.8510385651039],[-71.5998171049999,-35.8521670281039]]]}},{"type":"Feature","properties":{"id":"7401041001035","commune":"Linares","code":"07401","gse":"C3","quintil":"Q2","nse_score":656.1,"educ":13.2,"educ_score":680.0,"hacin":0.941,"hacin_class":"Sin Hacinamiento","hacin_score":863.6,"auto_score":0.0,"n_per":16,"n_hog":7,"source_year":2024},"geometry":{"type":"Polygon","coordinates":[[[-71.5929338239999,-35.8511233211039],[-71.5933599629999,-35.8521821881039],[-71.5947444889999,-35.8519044141039],[-71.5943094059999,-35.8508051861039],[-71.5929338239999,-35.8511233211039]]]}},{"type":"Feature","properties":{"id":"7401041001036","commune":"Linares","code":"07401","gse":"C2","quintil":"Q4","nse_score":733.5,"educ":13.4,"educ_score":693.3,"hacin":0.9,"hacin_class":"Sin Hacinamiento","hacin_score":872.3,"auto_score":111.1,"n_per":36,"n_hog":16,"source_year":2024},"geometry":{"type":"Polygon","coordinates":[[[-71.5983209819999,-35.8524715231039],[-71.5996664749999,-35.8521855241039],[-71.5992680219999,-35.8510765091039],[-71.5978753799999,-35.8513590171039],[-71.5983209819999,-35.8524715231039]]]}},{"type":"Feature","properties":{"id":"7401041001038","commune":"Linares","code":"07401","gse":"C1","quintil":"Q5","nse_score":799.5,"educ":14.7,"educ_score":780.0,"hacin":1.0,"hacin_class":"Hacinamiento Leve","hacin_score":851.1,"auto_score":285.7,"n_per":82,"n_hog":27,"source_year":2024},"geometry":{"type":"Polygon","coordinates":[[[-71.5968359709999,-35.8527872291039],[-71.5981941429999,-35.8524968011039],[-71.5977822239999,-35.8513880721039],[-71.596392336,-35.8516705031039],[-71.5968359709999,-35.8527872291039]]]}},{"type":"Feature","properties":{"id":"7401041001039","commune":"Linares","code":"07401","gse":"C3","quintil":"Q2","nse_score":666.7,"educ":11.5,"educ_score":566.7,"hacin":1.188,"hacin_class":"Hacinamiento Leve","hacin_score":811.2,"auto_score":66.7,"n_per":76,"n_hog":29,"source_year":2024},"geometry":{"type":"Polygon","coordinates":[[[-71.5949004369999,-35.8519866701039],[-71.5953597889999,-35.8530763571039],[-71.5967053049999,-35.8527903901039],[-71.5962682629999,-35.8516957191039],[-71.5949004369999,-35.8519866701039]]]}},{"type":"Feature","properties":{"id":"7401041001040","commune":"Linares","code":"07401","gse":"E","quintil":"Q1","nse_score":590.6,"educ":11.4,"educ_score":560.0,"hacin":1.667,"hacin_class":"Hacinamiento Medio","hacin_score":709.2,"auto_score":76.9,"n_per":45,"n_hog":16,"source_year":2024},"geometry":{"type":"Polygon","coordinates":[[[-71.5934067969999,-35.8523028551039],[-71.5938326469999,-35.8533842591039],[-71.5952177349999,-35.8531019611039],[-71.5947985419999,-35.8520023911039],[-71.5934067969999,-35.8523028551039]]]}},{"type":"Feature","properties":{"id":"7401041001037","commune":"Linares","code":"07401","gse":"ABC1","quintil":"Q5","nse_score":820.6,"educ":13.5,"educ_score":700.0,"hacin":0.917,"hacin_class":"Sin Hacinamiento","hacin_score":868.8,"auto_score":100.0,"n_per":11,"n_hog":5,"source_year":2024},"geometry":{"type":"MultiPolygon","coordinates":[[[[-71.5927282829999,-35.8536268831039],[-71.5937079829999,-35.8533914591039],[-71.5932953249999,-35.8523007561039],[-71.5923169699999,-35.8525038151039],[-71.5927282829999,-35.8536268831039]]],[[[-71.5922916779999,-35.8524396001039],[-71.5932600899999,-35.8522068781039],[-71.5928103999999,-35.8511259861039],[-71.5918721739999,-35.8513078241039],[-71.5922916779999,-35.8524396001039]]]]}},{"type":"Feature","properties":{"id":"7401041002001","commune":"Linares","code":"07401","gse":"D","quintil":"Q2","nse_score":631.6,"educ":9.5,"educ_score":433.3,"hacin":1.415,"hacin_class":"Hacinamiento Leve","hacin_score":762.8,"auto_score":58.8,"n_per":58,"n_hog":17,"source_year":2024},"geometry":{"type":"Polygon","coordinates":[[[-71.6048897109999,-35.8524734151039],[-71.6070195929999,-35.8520846901039],[-71.6070382659999,-35.8520527381039],[-71.6064304999999,-35.8509573061039],[-71.6044333059999,-35.8513296241039],[-71.6048897109999,-35.8524734151039]]]}},{"type":"Feature","properties":{"id":"7401041002002","commune":"Linares","code":"07401","gse":"C3","quintil":"Q3","nse_score":678.0,"educ":10.4,"educ_score":493.3,"hacin":1.2,"hacin_class":"Hacinamiento Leve","hacin_score":808.5,"auto_score":71.4,"n_per":48,"n_hog":21,"source_year":2024},"geometry":{"type":"Polygon","coordinates":[[[-71.6033656989999,-35.8519341271039],[-71.6043901129999,-35.8517541821039],[-71.6044348709999,-35.8516946251039],[-71.6042505599999,-35.8513696401039],[-71.60330468,-35.8515388691039],[-71.6033656989999,-35.8519341271039]]]}},{"type":"Feature","properties":{"id":"7401041002003","commune":"Linares","code":"07401","gse":"C2","quintil":"Q4","nse_score":771.5,"educ":12.8,"educ_score":653.3,"hacin":1.154,"hacin_class":"Hacinamiento Leve","hacin_score":818.3,"auto_score":205.9,"n_per":45,"n_hog":17,"source_year":2024},"geometry":{"type":"Polygon","coordinates":[[[-71.6021938509999,-35.8521127531039],[-71.6032436509999,-35.8519683201039],[-71.6031687019999,-35.8515913891039],[-71.6021298149999,-35.8517626251039],[-71.6021938509999,-35.8521127531039]]]}},{"type":"Feature","properties":{"id":"7401041002005","commune":"Linares","code":"07401","gse":"C2","quintil":"Q3","nse_score":718.5,"educ":11.3,"educ_score":553.3,"hacin":1.308,"hacin_class":"Hacinamiento Leve","hacin_score":785.6,"auto_score":153.8,"n_per":34,"n_hog":12,"source_year":2024},"geometry":{"type":"Polygon","coordinates":[[[-71.6035416479999,-35.8523314011039],[-71.6045487299999,-35.8521608431039],[-71.6046035639999,-35.8520920541039],[-71.6044305049999,-35.8517938631039],[-71.6034923239999,-35.8519764481039],[-71.6035416479999,-35.8523314011039]]]}},{"type":"Feature","properties":{"id":"7401041002006","commune":"Linares","code":"07401","gse":"C2","quintil":"Q3","nse_score":714.2,"educ":10.8,"educ_score":520.0,"hacin":1.3,"hacin_class":"Hacinamiento Leve","hacin_score":787.2,"auto_score":225.0,"n_per":52,"n_hog":21,"source_year":2024},"geometry":{"type":"Polygon","coordinates":[[[-71.6023353559999,-35.8525783741039],[-71.6033522789999,-35.8523805731039],[-71.6032945059999,-35.8520528431039],[-71.6022525539999,-35.8522151331039],[-71.6023353559999,-35.8525783741039]]]}},{"type":"Feature","properties":{"id":"7401041002007","commune":"Linares","code":"07401","gse":"D","quintil":"Q1","nse_score":622.3,"educ":9.0,"educ_score":400.0,"hacin":1.397,"hacin_class":"Hacinamiento Leve","hacin_score":766.5,"auto_score":102.9,"n_per":102,"n_hog":34,"source_year":2024},"geometry":{"type":"Polygon","coordinates":[[[-71.6072587779999,-35.8524895981039],[-71.6070337579999,-35.8521474751039],[-71.6049062839999,-35.8525992411039],[-71.6050689159999,-35.8529382151039],[-71.6072587779999,-35.8524895981039]]]}},{"type":"Feature","properties":{"id":"7401041002008","commune":"Linares","code":"07401","gse":"C2","quintil":"Q3","nse_score":713.5,"educ":11.1,"educ_score":540.0,"hacin":1.214,"hacin_class":"Hacinamiento Leve","hacin_score":805.5,"auto_score":161.8,"n_per":85,"n_hog":33,"source_year":2024},"geometry":{"type":"Polygon","coordinates":[[[-71.6040620589999,-35.8523651821039],[-71.6041645249999,-35.8527370091039],[-71.6039702489999,-35.8523401341039],[-71.6035806969999,-35.8524251931039],[-71.6038044429999,-35.8531729451039],[-71.6049041509999,-35.8529462961039],[-71.6048247829999,-35.8526460751039],[-71.6044579079999,-35.8526945931039],[-71.6047988699999,-35.8525519981039],[-71.6046820219999,-35.8522165371039],[-71.6040620589999,-35.8523651821039]]]}},{"type":"Feature","properties":{"id":"7401041002009","commune":"Linares","code":"07401","gse":"C2","quintil":"Q3","nse_score":719.5,"educ":11.7,"educ_score":580.0,"hacin":1.208,"hacin_class":"Hacinamiento Leve","hacin_score":806.7,"auto_score":90.9,"n_per":29,"n_hog":15,"source_year":2024},"geometry":{"type":"Polygon","coordinates":[[[-71.6029733109999,-35.8529079711039],[-71.6035934699999,-35.8527944581039],[-71.6035159429999,-35.8524446241039],[-71.602878599,-35.8525485731039],[-71.6029733109999,-35.8529079711039]]]}},{"type":"Feature","properties":{"id":"7401041002010","commune":"Linares","code":"07401","gse":"D","quintil":"Q1","nse_score":616.2,"educ":9.3,"educ_score":420.0,"hacin":1.263,"hacin_class":"Hacinamiento Leve","hacin_score":795.1,"auto_score":96.4,"n_per":221,"n_hog":78,"source_year":2024},"geometry":{"type":"Polygon","coordinates":[[[-71.6084030309999,-35.8525143191039],[-71.6076795529999,-35.8526607251039],[-71.6073127989999,-35.8525650371039],[-71.6060054639999,-35.8528322671039],[-71.6060981119999,-35.8531997981039],[-71.6065239189999,-35.8530914111039],[-71.6051989429999,-35.8534331801039],[-71.6056804129999,-35.8550501601039],[-71.6060642009999,-35.8550172601039],[-71.6074596839999,-35.8536093291039],[-71.608484271,-35.8531801101039],[-71.6083427229999,-35.8532922681039],[-71.6087526379999,-35.8541047231039],[-71.6091737329999,-35.8540237541039],[-71.6087773259999,-35.8541549091039],[-71.6093430669999,-35.8553353171038],[-71.6095731709999,-35.8554017481039],[-71.6078744659999,-35.8554899831039],[-71.6080127279999,-35.8556871441039],[-71.6090269879999,-35.8556274361039],[-71.6096412269999,-35.8557147521039],[-71.6080572979999,-35.8557551341039],[-71.6081768779999,-35.8559434571039],[-71.6092749709999,-35.8558302621039],[-71.6111394869999,-35.8559880201039],[-71.6126117259999,-35.8556630661038],[-71.6129972049999,-35.8545860081039],[-71.6112363769999,-35.8533946171039],[-71.6102032979999,-35.8528041811039],[-71.6084030309999,-35.8525143191039]]]}},{"type":"Feature","properties":{"id":"7401041002011","commune":"Linares","code":"07401","gse":"C2","quintil":"Q4","nse_score":730.9,"educ":11.9,"educ_score":593.3,"hacin":1.296,"hacin_class":"Hacinamiento Leve","hacin_score":788.0,"auto_score":35.7,"n_per":35,"n_hog":15,"source_year":2024},"geometry":{"type":"Polygon","coordinates":[[[-71.6026259969999,-35.8534126491039],[-71.6029943679999,-35.8533166941039],[-71.602751269,-35.8525693601039],[-71.602382798,-35.8526855051039],[-71.6026259969999,-35.8534126491039]]]}},{"type":"Feature","properties":{"id":"7401041002013","commune":"Linares","code":"07401","gse":"C3","quintil":"Q3","nse_score":705.2,"educ":11.3,"educ_score":553.3,"hacin":1.179,"hacin_class":"Hacinamiento Leve","hacin_score":813.1,"auto_score":100.0,"n_per":33,"n_hog":10,"source_year":2024},"geometry":{"type":"Polygon","coordinates":[[[-71.6035874769999,-35.8528421001039],[-71.6029868799999,-35.8529608341039],[-71.6030630719999,-35.8533016851039],[-71.6037119789999,-35.8532019901039],[-71.6035874769999,-35.8528421001039]]]}},{"type":"Feature","properties":{"id":"7401041002014","commune":"Linares","code":"07401","gse":"D","quintil":"Q2","nse_score":639.4,"educ":9.8,"educ_score":453.3,"hacin":1.25,"hacin_class":"Hacinamiento Leve","hacin_score":797.9,"auto_score":31.2,"n_per":40,"n_hog":16,"source_year":2024},"geometry":{"type":"Polygon","coordinates":[[[-71.6050598609999,-35.8530420631039],[-71.6051796239999,-35.8533819671039],[-71.6060426429999,-35.8531965021039],[-71.6059120149999,-35.8528523221039],[-71.6050598609999,-35.8530420631039]]]}},{"type":"Feature","properties":{"id":"7401041002015","commune":"Linares","code":"07401","gse":"D","quintil":"Q2","nse_score":633.9,"educ":10.2,"educ_score":480.0,"hacin":1.524,"hacin_class":"Hacinamiento Medio","hacin_score":739.6,"auto_score":175.0,"n_per":64,"n_hog":20,"source_year":2024},"geometry":{"type":"Polygon","coordinates":[[[-71.604711887,-35.8540275461039],[-71.6052275919999,-35.8539172131039],[-71.6049174709999,-35.8530361391039],[-71.6044471129999,-35.8531364751039],[-71.604711887,-35.8540275461039]]]}},{"type":"Feature","properties":{"id":"7401041002016","commune":"Linares","code":"07401","gse":"C3","quintil":"Q3","nse_score":695.9,"educ":10.0,"educ_score":466.7,"hacin":1.183,"hacin_class":"Hacinamiento Leve","hacin_score":812.1,"auto_score":62.5,"n_per":71,"n_hog":32,"source_year":2024},"geometry":{"type":"Polygon","coordinates":[[[-71.6040643809999,-35.8537261281039],[-71.6041991099999,-35.8537727791039],[-71.6032764639999,-35.8539550281039],[-71.6033416439999,-35.8542871001039],[-71.6046107789999,-35.8540567791039],[-71.6043575169999,-35.8531474311039],[-71.6039382289999,-35.8532331371039],[-71.6040643809999,-35.8537261281039]]]}},{"type":"Feature","properties":{"id":"7401041002017","commune":"Linares","code":"07401","gse":"C2","quintil":"Q4","nse_score":730.6,"educ":11.5,"educ_score":566.7,"hacin":1.195,"hacin_class":"Hacinamiento Leve","hacin_score":809.5,"auto_score":138.9,"n_per":98,"n_hog":37,"source_year":2024},"geometry":{"type":"Polygon","coordinates":[[[-71.6026474709999,-35.8534684251039],[-71.6029397779999,-35.8544084771039],[-71.6032777789999,-35.8543020041039],[-71.6030411489999,-35.8537843671039],[-71.6039630139999,-35.8535570751039],[-71.6038239399999,-35.8532401221039],[-71.6026474709999,-35.8534684251039]]]}},{"type":"Feature","properties":{"id":"7401041002023","commune":"Linares","code":"07401","gse":"C1","quintil":"Q5","nse_score":788.5,"educ":13.3,"educ_score":686.7,"hacin":0.953,"hacin_class":"Sin Hacinamiento","hacin_score":861.0,"auto_score":203.7,"n_per":61,"n_hog":27,"source_year":2024},"geometry":{"type":"Polygon","coordinates":[[[-71.6038959879999,-35.8587390621038],[-71.6044436469999,-35.8583056291038],[-71.6044693369999,-35.8579805961039],[-71.6050727069999,-35.8574717801038],[-71.6051516969999,-35.8571050311039],[-71.6055119869999,-35.8569710291039],[-71.6056149019999,-35.8567750111039],[-71.6066424099999,-35.8560857321039],[-71.6081262019999,-35.8559581661039],[-71.6074158499999,-35.8547067501039],[-71.607220965,-35.8546709541039],[-71.6057197669999,-35.8551697521039],[-71.6059898639999,-35.8561353781039],[-71.6052433869999,-35.8540025121039],[-71.6046527799999,-35.8541057761039],[-71.6043980539999,-35.8544013371039],[-71.604415393,-35.8545474731039],[-71.6052584829999,-35.8554383611039],[-71.6050151699999,-35.8553549231039],[-71.6032154809999,-35.8564800471039],[-71.6038959879999,-35.8587390621038]]]}},{"type":"Feature","properties":{"id":"7401041002025","commune":"Linares","code":"07401","gse":"C2","quintil":"Q4","nse_score":771.1,"educ":14.3,"educ_score":753.3,"hacin":1.4,"hacin_class":"Hacinamiento Leve","hacin_score":766.0,"auto_score":450.0,"n_per":28,"n_hog":9,"source_year":2024},"geometry":{"type":"Polygon","coordinates":[[[-71.6069835249999,-35.8541266431039],[-71.6061843819999,-35.8549755981039],[-71.6073825559999,-35.8545575321039],[-71.6069835249999,-35.8541266431039]]]}},{"type":"Feature","properties":{"id":"7401041002031","commune":"Linares","code":"07401","gse":"C2","quintil":"Q4","nse_score":779.2,"educ":12.6,"educ_score":640.0,"hacin":1.177,"hacin_class":"Hacinamiento Leve","hacin_score":813.3,"auto_score":312.5,"n_per":73,"n_hog":24,"source_year":2024},"geometry":{"type":"Polygon","coordinates":[[[-71.6032035549999,-35.8563779281038],[-71.6049604569999,-35.8553339231039],[-71.6049813999999,-35.8552745371039],[-71.6047047049999,-35.8549869981039],[-71.6030872599999,-35.8559555531039],[-71.6032035549999,-35.8563779281038]]]}},{"type":"Feature","properties":{"id":"7401041002022","commune":"Linares","code":"07401","gse":"C2","quintil":"Q4","nse_score":771.6,"educ":13.6,"educ_score":706.7,"hacin":1.1,"hacin_class":"Hacinamiento Leve","hacin_score":829.8,"auto_score":200.0,"n_per":11,"n_hog":5,"source_year":2024},"geometry":{"type":"MultiPolygon","coordinates":[[[[-71.6074664899999,-35.8545885981039],[-71.6076322369999,-35.8549894351039],[-71.6080682019999,-35.8548495491039],[-71.6083345329999,-35.8553625251039],[-71.6087594199999,-35.8553497261039],[-71.6086199509999,-35.8549757901039],[-71.6090379789999,-35.8548474891039],[-71.608893012,-35.8545450161039],[-71.6084288119999,-35.8546762651039],[-71.6082722959999,-35.8543220001039],[-71.6074664899999,-35.8545885981039]]],[[[-71.6074436589999,-35.8545361891039],[-71.6078080719999,-35.8544172341039],[-71.6074674379999,-35.8536816481039],[-71.6070246189999,-35.8540841491039],[-71.6074436589999,-35.8545361891039]]]]}},{"type":"Feature","properties":{"id":"7401041002024","commune":"Linares","code":"07401","gse":"C2","quintil":"Q4","nse_score":774.2,"educ":12.7,"educ_score":646.7,"hacin":1.054,"hacin_class":"Hacinamiento Leve","hacin_score":839.7,"auto_score":113.6,"n_per":59,"n_hog":21,"source_year":2024},"geometry":{"type":"MultiPolygon","coordinates":[[[[-71.6030596019999,-35.8559071521039],[-71.6046443339999,-35.8549487191039],[-71.6046551249999,-35.8549029911039],[-71.6043578859999,-35.8546253181039],[-71.6029407549999,-35.8554855361039],[-71.6030596019999,-35.8559071521039]]],[[[-71.6029089689999,-35.8554302511038],[-71.6043830849999,-35.8545437741039],[-71.604367684,-35.8543963211039],[-71.6046017939999,-35.8541167961039],[-71.6026499729999,-35.8545499571039],[-71.6029089689999,-35.8554302511038]]]]}},{"type":"Feature","properties":{"id":"7401041003002","commune":"Linares","code":"07401","gse":"C1","quintil":"Q5","nse_score":788.5,"educ":14.0,"educ_score":733.3,"hacin":1.087,"hacin_class":"Hacinamiento Leve","hacin_score":832.5,"auto_score":280.3,"n_per":311,"n_hog":116,"source_year":2024},"geometry":{"type":"Polygon","coordinates":[[[-71.6136615129999,-35.843079229104],[-71.6065980139999,-35.844578431104],[-71.6065150489999,-35.844402492104],[-71.6064049439999,-35.844418770104],[-71.6034339939999,-35.845042035104],[-71.6036838179999,-35.845635999104],[-71.6043390879999,-35.845500111104],[-71.6045711809999,-35.845869126104],[-71.6049348009999,-35.845901799104],[-71.6053339079999,-35.845771462104],[-71.6051962889999,-35.845382372104],[-71.6054486339999,-35.845746440104],[-71.605990071,-35.845599493104],[-71.6059439249999,-35.845415723104],[-71.6056370879999,-35.845458434104],[-71.6059057559999,-35.845380498104],[-71.6058616849999,-35.845196684104],[-71.6060509999999,-35.845368333104],[-71.6070202159999,-35.845153512104],[-71.60683051,-35.845265789104],[-71.6073085219999,-35.846192786104],[-71.6071373409999,-35.845930613104],[-71.6068174069999,-35.8460276901039],[-71.6069052679999,-35.846323219104],[-71.6067319679999,-35.8460385581039],[-71.6063475849999,-35.846132527104],[-71.6064917149999,-35.846636879104],[-71.6078271289999,-35.846347449104],[-71.6074499809999,-35.845563901104],[-71.6103748759999,-35.844936610104],[-71.6106986729999,-35.8459528371039],[-71.6109118239999,-35.8458611761039],[-71.6108096089999,-35.845513911104],[-71.6109748269999,-35.845816618104],[-71.6113203699999,-35.845749060104],[-71.6112999859999,-35.845418154104],[-71.6115603139999,-35.846114679104],[-71.6122797689999,-35.845940081104],[-71.6121830449999,-35.845655276104],[-71.6117288299999,-35.845737628104],[-71.6116675849999,-35.845348136104],[-71.6118297119999,-35.845636827104],[-71.6121638299999,-35.845576056104],[-71.6121551059999,-35.845236307104],[-71.6123736119999,-35.845924729104],[-71.6128064559999,-35.845811433104],[-71.6124759279999,-35.844908291104],[-71.61190081,-35.845000821104],[-71.6124376649999,-35.844806544104],[-71.6122557689999,-35.844194226104],[-71.6119104389999,-35.844241698104],[-71.6119716859999,-35.844649130104],[-71.6118517969999,-35.844277694104],[-71.6116747549999,-35.844218892104],[-71.6139847499999,-35.843706815104],[-71.6136615129999,-35.843079229104]]]}},{"type":"Feature","properties":{"id":"7401041003004","commune":"Linares","code":"07401","gse":"C1","quintil":"Q5","nse_score":799.1,"educ":14.3,"educ_score":753.3,"hacin":1.118,"hacin_class":"Hacinamiento Leve","hacin_score":826.0,"auto_score":336.5,"n_per":133,"n_hog":45,"source_year":2024},"geometry":{"type":"Polygon","coordinates":[[[-71.6132689119999,-35.843970176104],[-71.6133933719999,-35.844346390104],[-71.6132049969999,-35.843968433104],[-71.6128268109999,-35.844040931104],[-71.612881608,-35.844459429104],[-71.6127503359999,-35.844062999104],[-71.6123289569999,-35.844147904104],[-71.6125298939999,-35.844803422104],[-71.6141418659999,-35.844482995104],[-71.6140736089999,-35.844138280104],[-71.6137219089999,-35.844158521104],[-71.6140620169999,-35.844081618104],[-71.614007092,-35.843802579104],[-71.6132689119999,-35.843970176104]]]}},{"type":"Feature","properties":{"id":"7401041003008","commune":"Linares","code":"07401","gse":"ABC1","quintil":"Q5","nse_score":844.3,"educ":15.7,"educ_score":846.7,"hacin":1.143,"hacin_class":"Hacinamiento Leve","hacin_score":820.7,"auto_score":343.8,"n_per":80,"n_hog":29,"source_year":2024},"geometry":{"type":"Polygon","coordinates":[[[-71.6136756059999,-35.845006303104],[-71.6142144199999,-35.844872599104],[-71.6141561649999,-35.844556861104],[-71.6132695319999,-35.844732525104],[-71.6135192449999,-35.8456979411039],[-71.6138827109999,-35.845617944104],[-71.6136756059999,-35.845006303104]]]}},{"type":"Feature","properties":{"id":"7401041003009","commune":"Linares","code":"07401","gse":"ABC1","quintil":"Q5","nse_score":842.1,"educ":14.2,"educ_score":746.7,"hacin":1.094,"hacin_class":"Hacinamiento Leve","hacin_score":831.0,"auto_score":382.4,"n_per":58,"n_hog":17,"source_year":2024},"geometry":{"type":"Polygon","coordinates":[[[-71.6127294449999,-35.845399351104],[-71.6133221279999,-35.845277308104],[-71.6131894739999,-35.844749751104],[-71.6125560999999,-35.844874268104],[-71.6127294449999,-35.845399351104]]]}},{"type":"Feature","properties":{"id":"7401041003010","commune":"Linares","code":"07401","gse":"ABC1","quintil":"Q5","nse_score":849.3,"educ":15.4,"educ_score":826.7,"hacin":1.105,"hacin_class":"Hacinamiento Leve","hacin_score":828.7,"auto_score":200.0,"n_per":21,"n_hog":9,"source_year":2024},"geometry":{"type":"Polygon","coordinates":[[[-71.6139555489999,-35.845610071104],[-71.6143458629999,-35.845522486104],[-71.6142218279999,-35.844924865104],[-71.6138205079999,-35.845026421104],[-71.6139555489999,-35.845610071104]]]}},{"type":"Feature","properties":{"id":"7401041003011","commune":"Linares","code":"07401","gse":"C2","quintil":"Q3","nse_score":721.7,"educ":12.1,"educ_score":606.7,"hacin":1.3,"hacin_class":"Hacinamiento Leve","hacin_score":787.2,"auto_score":142.9,"n_per":13,"n_hog":6,"source_year":2024},"geometry":{"type":"Polygon","coordinates":[[[-71.6065402169999,-35.845317156104],[-71.6067706009999,-35.8459295631039],[-71.6070881589999,-35.845886614104],[-71.6067873489999,-35.845257712104],[-71.6065402169999,-35.845317156104]]]}},{"type":"Feature","properties":{"id":"7401041003012","commune":"Linares","code":"07401","gse":"C2","quintil":"Q4","nse_score":781.0,"educ":12.8,"educ_score":653.3,"hacin":1.037,"hacin_class":"Hacinamiento Leve","hacin_score":843.2,"auto_score":41.7,"n_per":28,"n_hog":11,"source_year":2024},"geometry":{"type":"Polygon","coordinates":[[[-71.6063030959999,-35.846083920104],[-71.6067205239999,-35.8459531811039],[-71.6064600149999,-35.8453188971039],[-71.6060536539999,-35.845449395104],[-71.6063030959999,-35.846083920104]]]}},{"type":"Feature","properties":{"id":"7401041003014","commune":"Linares","code":"07401","gse":"C1","quintil":"Q5","nse_score":789.6,"educ":14.0,"educ_score":733.3,"hacin":0.786,"hacin_class":"Sin Hacinamiento","hacin_score":896.7,"auto_score":90.9,"n_per":22,"n_hog":10,"source_year":2024},"geometry":{"type":"Polygon","coordinates":[[[-71.6038485879999,-35.846051541104],[-71.6044710709999,-35.845907350104],[-71.604387174,-35.845584694104],[-71.6037414349999,-35.845715869104],[-71.6038485879999,-35.846051541104]]]}},{"type":"Feature","properties":{"id":"7401041003015","commune":"Linares","code":"07401","gse":"C1","quintil":"Q5","nse_score":809.8,"educ":14.5,"educ_score":766.7,"hacin":1.062,"hacin_class":"Hacinamiento Leve","hacin_score":837.8,"auto_score":241.4,"n_per":68,"n_hog":26,"source_year":2024},"geometry":{"type":"Polygon","coordinates":[[[-71.6132507519999,-35.846217915104],[-71.6135886589999,-35.846591941104],[-71.6144604219999,-35.846078825104],[-71.6143590269999,-35.845598702104],[-71.6135480689999,-35.845760664104],[-71.6135593959999,-35.846008037104],[-71.6132507519999,-35.846217915104]]]}},{"type":"Feature","properties":{"id":"7401041003016","commune":"Linares","code":"07401","gse":"C1","quintil":"Q5","nse_score":781.6,"educ":13.8,"educ_score":720.0,"hacin":0.905,"hacin_class":"Sin Hacinamiento","hacin_score":871.2,"auto_score":169.5,"n_per":134,"n_hog":52,"source_year":2024},"geometry":{"type":"Polygon","coordinates":[[[-71.6067633529999,-35.8501028871039],[-71.6077204239999,-35.8496091411039],[-71.6068515599999,-35.8478677921039],[-71.6060527229999,-35.8457062921039],[-71.6054917399999,-35.8457950771039],[-71.6063855919999,-35.848159677104],[-71.6066899509999,-35.848196383104],[-71.6054775539999,-35.848521885104],[-71.605448523,-35.848765872104],[-71.605265217,-35.8482871911039],[-71.6048066109999,-35.8483913231039],[-71.6053013459999,-35.8496703871039],[-71.6060036969999,-35.8496383961039],[-71.60624766,-35.8502194931039],[-71.6067633529999,-35.8501028871039]]]}},{"type":"Feature","properties":{"id":"7401041003018","commune":"Linares","code":"07401","gse":"ABC1","quintil":"Q5","nse_score":825.7,"educ":15.0,"educ_score":800.0,"hacin":1.137,"hacin_class":"Hacinamiento Leve","hacin_score":821.9,"auto_score":321.7,"n_per":282,"n_hog":102,"source_year":2024},"geometry":{"type":"Polygon","coordinates":[[[-71.6113573249999,-35.8458464051039],[-71.6106986729999,-35.8459528371039],[-71.6113300649999,-35.847934421104],[-71.6135348399999,-35.846623618104],[-71.6132935909999,-35.8463935971039],[-71.6128858389999,-35.8466342271039],[-71.6132465399999,-35.846318095104],[-71.6130339089999,-35.846104895104],[-71.6128009089999,-35.846187000104],[-71.6129815959999,-35.846052997104],[-71.6128694899999,-35.845905902104],[-71.6124293479999,-35.845991145104],[-71.6126518439999,-35.8468086961039],[-71.6124501159999,-35.846480046104],[-71.6121373539999,-35.8466114431039],[-71.6121786769999,-35.8469793911039],[-71.6119899009999,-35.846350108104],[-71.6121192339999,-35.846534786104],[-71.6124070289999,-35.8464300181039],[-71.6123289409999,-35.846051490104],[-71.6115782649999,-35.846172410104],[-71.6118319789999,-35.847120329104],[-71.6116063229999,-35.8467236191039],[-71.6112877889999,-35.846837083104],[-71.6113592409999,-35.8472647431039],[-71.6111214949999,-35.846535410104],[-71.6112704299999,-35.846756394104],[-71.6115719889999,-35.8466673521039],[-71.6114754029999,-35.846240544104],[-71.6109439079999,-35.846242738104],[-71.6114150849999,-35.846138466104],[-71.6113573249999,-35.8458464051039]]]}},{"type":"Feature","properties":{"id":"7401041003019","commune":"Linares","code":"07401","gse":"C2","quintil":"Q4","nse_score":746.5,"educ":12.1,"educ_score":606.7,"hacin":0.893,"hacin_class":"Sin Hacinamiento","hacin_score":873.9,"auto_score":0.0,"n_per":25,"n_hog":11,"source_year":2024},"geometry":{"type":"Polygon","coordinates":[[[-71.6049074839999,-35.846357545104],[-71.6055022909999,-35.8461914301039],[-71.6053863409999,-35.845851443104],[-71.6047840079999,-35.846008722104],[-71.6049074839999,-35.846357545104]]]}},{"type":"Feature","properties":{"id":"7401041003020","commune":"Linares","code":"07401","gse":"ABC1","quintil":"Q5","nse_score":837.3,"educ":14.5,"educ_score":766.7,"hacin":0.96,"hacin_class":"Sin Hacinamiento","hacin_score":859.6,"auto_score":90.9,"n_per":24,"n_hog":10,"source_year":2024},"geometry":{"type":"Polygon","coordinates":[[[-71.6038837359999,-35.846131898104],[-71.6040431869999,-35.8464799571039],[-71.6047317629999,-35.846262225104],[-71.6045713689999,-35.845927708104],[-71.6038837359999,-35.846131898104]]]}},{"type":"Feature","properties":{"id":"7401041003021","commune":"Linares","code":"07401","gse":"C1","quintil":"Q5","nse_score":808.2,"educ":14.0,"educ_score":733.3,"hacin":0.85,"hacin_class":"Sin Hacinamiento","hacin_score":883.0,"auto_score":50.0,"n_per":17,"n_hog":9,"source_year":2024},"geometry":{"type":"Polygon","coordinates":[[[-71.6051399789999,-35.846899707104],[-71.6057242899999,-35.846727407104],[-71.6055492959999,-35.846253503104],[-71.6049253279999,-35.8464157581039],[-71.6051399789999,-35.846899707104]]]}},{"type":"Feature","properties":{"id":"7401041003022","commune":"Linares","code":"07401","gse":"C1","quintil":"Q5","nse_score":786.2,"educ":14.3,"educ_score":753.3,"hacin":0.821,"hacin_class":"Sin Hacinamiento","hacin_score":889.1,"auto_score":90.9,"n_per":23,"n_hog":9,"source_year":2024},"geometry":{"type":"Polygon","coordinates":[[[-71.6042028419999,-35.846905531104],[-71.6048670469999,-35.8467279781039],[-71.6047750049999,-35.846378459104],[-71.6040751259999,-35.846546863104],[-71.6042028419999,-35.846905531104]]]}},{"type":"Feature","properties":{"id":"7401041003023","commune":"Linares","code":"07401","gse":"C2","quintil":"Q4","nse_score":741.4,"educ":12.5,"educ_score":633.3,"hacin":0.63,"hacin_class":"Sin Hacinamiento","hacin_score":929.9,"auto_score":45.5,"n_per":17,"n_hog":8,"source_year":2024},"geometry":{"type":"Polygon","coordinates":[[[-71.6043601939999,-35.847297792104],[-71.6050239759999,-35.8471256631039],[-71.6049366729999,-35.846794063104],[-71.6042340749999,-35.846953518104],[-71.6043601939999,-35.847297792104]]]}},{"type":"Feature","properties":{"id":"7401041003024","commune":"Linares","code":"07401","gse":"C2","quintil":"Q4","nse_score":743.9,"educ":14.3,"educ_score":753.3,"hacin":1.2,"hacin_class":"Hacinamiento Leve","hacin_score":808.5,"auto_score":166.7,"n_per":24,"n_hog":9,"source_year":2024},"geometry":{"type":"Polygon","coordinates":[[[-71.6051430739999,-35.846969854104],[-71.6053067719999,-35.847362885104],[-71.6059241259999,-35.8471782361039],[-71.6057332679999,-35.846790304104],[-71.6051430739999,-35.846969854104]]]}},{"type":"Feature","properties":{"id":"7401041003026","commune":"Linares","code":"07401","gse":"ABC1","quintil":"Q5","nse_score":858.7,"educ":15.5,"educ_score":833.3,"hacin":1.107,"hacin_class":"Hacinamiento Leve","hacin_score":828.3,"auto_score":346.2,"n_per":31,"n_hog":12,"source_year":2024},"geometry":{"type":"Polygon","coordinates":[[[-71.6053183169999,-35.847430233104],[-71.6055121789999,-35.8478992211039],[-71.6061368029999,-35.8477144161039],[-71.6059389819999,-35.8472725541039],[-71.6053183169999,-35.847430233104]]]}},{"type":"Feature","properties":{"id":"7401041003027","commune":"Linares","code":"07401","gse":"C2","quintil":"Q4","nse_score":767.4,"educ":12.4,"educ_score":626.7,"hacin":1.292,"hacin_class":"Hacinamiento Leve","hacin_score":789.0,"auto_score":200.0,"n_per":31,"n_hog":10,"source_year":2024},"geometry":{"type":"Polygon","coordinates":[[[-71.6047691309999,-35.8483023161039],[-71.6054685829999,-35.8481209911039],[-71.6053642829999,-35.8477987781039],[-71.6046402969999,-35.8479496821039],[-71.6047691309999,-35.8483023161039]]]}},{"type":"Feature","properties":{"id":"7401041003028","commune":"Linares","code":"07401","gse":"C1","quintil":"Q5","nse_score":784.4,"educ":14.5,"educ_score":766.7,"hacin":1.04,"hacin_class":"Hacinamiento Leve","hacin_score":842.6,"auto_score":83.3,"n_per":26,"n_hog":10,"source_year":2024},"geometry":{"type":"Polygon","coordinates":[[[-71.6055566789999,-35.8481984271039],[-71.6053560909999,-35.848286006104],[-71.6054453339999,-35.8484655101039],[-71.606349238,-35.8482010261039],[-71.6061528379999,-35.8478132131039],[-71.6055563229999,-35.847947836104],[-71.6055566789999,-35.8481984271039]]]}},{"type":"Feature","properties":{"id":"7401041003029","commune":"Linares","code":"07401","gse":"C2","quintil":"Q4","nse_score":726.5,"educ":11.5,"educ_score":566.7,"hacin":1.0,"hacin_class":"Hacinamiento Leve","hacin_score":851.1,"auto_score":55.6,"n_per":60,"n_hog":27,"source_year":2024},"geometry":{"type":"Polygon","coordinates":[[[-71.6063650129999,-35.8507630831039],[-71.605956009,-35.8496836881039],[-71.6053935849999,-35.8497720381039],[-71.6058120099999,-35.8509391841039],[-71.6062763689999,-35.8508885461039],[-71.6063650129999,-35.8507630831039]]]}},{"type":"Feature","properties":{"id":"7401041004001","commune":"Linares","code":"07401","gse":"C1","quintil":"Q5","nse_score":789.3,"educ":12.2,"educ_score":613.3,"hacin":1.034,"hacin_class":"Hacinamiento Leve","hacin_score":843.7,"auto_score":181.8,"n_per":30,"n_hog":11,"source_year":2024},"geometry":{"type":"Polygon","coordinates":[[[-71.6010169279999,-35.8528708651039],[-71.6019415569999,-35.8526500001039],[-71.6017042579999,-35.8518574721039],[-71.6006841759999,-35.8520685611039],[-71.6010169279999,-35.8528708651039]]]}},{"type":"Feature","properties":{"id":"7401041004002","commune":"Linares","code":"07401","gse":"C2","quintil":"Q4","nse_score":737.4,"educ":12.0,"educ_score":600.0,"hacin":0.968,"hacin_class":"Sin Hacinamiento","hacin_score":857.9,"auto_score":100.0,"n_per":30,"n_hog":14,"source_year":2024},"geometry":{"type":"Polygon","coordinates":[[[-71.5999618989999,-35.8526417801039],[-71.6007439969999,-35.8524551201039],[-71.6006227739999,-35.8521017231039],[-71.59983725,-35.8522449191039],[-71.5999618989999,-35.8526417801039]]]}},{"type":"Feature","properties":{"id":"7401041004003","commune":"Linares","code":"07401","gse":"C2","quintil":"Q4","nse_score":774.4,"educ":12.6,"educ_score":640.0,"hacin":1.056,"hacin_class":"Hacinamiento Leve","hacin_score":839.2,"auto_score":200.0,"n_per":38,"n_hog":15,"source_year":2024},"geometry":{"type":"Polygon","coordinates":[[[-71.599603225,-35.8531513081039],[-71.6000231659999,-35.8530430711039],[-71.5996837399999,-35.8522797891039],[-71.599310623,-35.8523915181039],[-71.599603225,-35.8531513081039]]]}},{"type":"Feature","properties":{"id":"7401041004004","commune":"Linares","code":"07401","gse":"C2","quintil":"Q4","nse_score":732.9,"educ":12.5,"educ_score":633.3,"hacin":1.038,"hacin_class":"Hacinamiento Leve","hacin_score":842.9,"auto_score":66.7,"n_per":27,"n_hog":13,"source_year":2024},"geometry":{"type":"Polygon","coordinates":[[[-71.5988302349999,-35.8524920491039],[-71.5991093489999,-35.8532521321039],[-71.5995067579999,-35.8531849431039],[-71.5992649359999,-35.8524015201039],[-71.5988302349999,-35.8524920491039]]]}},{"type":"Feature","properties":{"id":"7401041004005","commune":"Linares","code":"07401","gse":"C2","quintil":"Q4","nse_score":776.2,"educ":13.3,"educ_score":686.7,"hacin":1.0,"hacin_class":"Hacinamiento Leve","hacin_score":851.1,"auto_score":76.9,"n_per":27,"n_hog":12,"source_year":2024},"geometry":{"type":"Polygon","coordinates":[[[-71.5986836289999,-35.8533637831039],[-71.5990571429999,-35.8532532621039],[-71.598724838,-35.8524853161039],[-71.5983366549999,-35.8526018761039],[-71.5986836289999,-35.8533637831039]]]}},{"type":"Feature","properties":{"id":"7401041004006","commune":"Linares","code":"07401","gse":"C2","quintil":"Q3","nse_score":710.6,"educ":10.7,"educ_score":513.3,"hacin":0.889,"hacin_class":"Sin Hacinamiento","hacin_score":874.7,"auto_score":35.7,"n_per":32,"n_hog":14,"source_year":2024},"geometry":{"type":"Polygon","coordinates":[[[-71.6001226029999,-35.8530467851039],[-71.6008937989999,-35.8528890171039],[-71.6007947019999,-35.8525351411039],[-71.5999797349999,-35.8526879891039],[-71.6001226029999,-35.8530467851039]]]}},{"type":"Feature","properties":{"id":"7401041004007","commune":"Linares","code":"07401","gse":"C2","quintil":"Q4","nse_score":739.6,"educ":11.8,"educ_score":586.7,"hacin":0.95,"hacin_class":"Sin Hacinamiento","hacin_score":861.8,"auto_score":123.2,"n_per":151,"n_hog":64,"source_year":2024},"geometry":{"type":"Polygon","coordinates":[[[-71.5976820389999,-35.8530847271039],[-71.5975195639999,-35.8527322191039],[-71.5971589409999,-35.8528346591039],[-71.5972472519999,-35.8531977851039],[-71.5970836659999,-35.8528498071039],[-71.5968357589999,-35.8529182611039],[-71.5970383779999,-35.8533915801039],[-71.597607422,-35.8533251921039],[-71.597977495,-35.8537453141039],[-71.5983370949999,-35.8537916131039],[-71.5969292929999,-35.8540564121039],[-71.5970419029999,-35.8546127971039],[-71.5983491919999,-35.8543952371039],[-71.5988388719999,-35.8541232561039],[-71.5984248009999,-35.8530551371039],[-71.5980804419999,-35.8530941341039],[-71.5983802249999,-35.8529614621039],[-71.5982501699999,-35.8526127601039],[-71.5976325229999,-35.8527162561039],[-71.5976820389999,-35.8530847271039]]]}},{"type":"Feature","properties":{"id":"7401041004008","commune":"Linares","code":"07401","gse":"C2","quintil":"Q4","nse_score":741.6,"educ":11.5,"educ_score":566.7,"hacin":0.947,"hacin_class":"Sin Hacinamiento","hacin_score":862.3,"auto_score":62.5,"n_per":36,"n_hog":15,"source_year":2024},"geometry":{"type":"Polygon","coordinates":[[[-71.601399538,-35.8536486921039],[-71.6022118469999,-35.8534778661039],[-71.6020029299999,-35.8527388031039],[-71.6011077999999,-35.8529159281039],[-71.601399538,-35.8536486921039]]]}},{"type":"Feature","properties":{"id":"7401041004009","commune":"Linares","code":"07401","gse":"C1","quintil":"Q5","nse_score":781.4,"educ":12.5,"educ_score":633.3,"hacin":0.912,"hacin_class":"Sin Hacinamiento","hacin_score":869.7,"auto_score":109.4,"n_per":156,"n_hog":65,"source_year":2024},"geometry":{"type":"Polygon","coordinates":[[[-71.5952996899999,-35.8532173621039],[-71.5954511989999,-35.8537999471039],[-71.5962076969999,-35.8536889541039],[-71.5954699889999,-35.8538986871039],[-71.5955760549999,-35.8543290291039],[-71.5963401469999,-35.8542809641039],[-71.5956139649999,-35.8544093291039],[-71.5956775589999,-35.8548315761039],[-71.596933341,-35.8546151451039],[-71.5967318159999,-35.8537407131039],[-71.5969011219999,-35.8533945491039],[-71.5967114509999,-35.8528939101039],[-71.5952996899999,-35.8532173621039]]]}},{"type":"Feature","properties":{"id":"7401041004010","commune":"Linares","code":"07401","gse":"E","quintil":"Q1","nse_score":589.1,"educ":9.1,"educ_score":406.7,"hacin":1.257,"hacin_class":"Hacinamiento Leve","hacin_score":796.4,"auto_score":0.0,"n_per":44,"n_hog":13,"source_year":2024},"geometry":{"type":"Polygon","coordinates":[[[-71.6006147649999,-35.8530212461039],[-71.6008888729999,-35.8537228471039],[-71.6012881079999,-35.8536691331039],[-71.6010402279999,-35.8529444311039],[-71.6006147649999,-35.8530212461039]]]}},{"type":"Feature","properties":{"id":"7401041004011","commune":"Linares","code":"07401","gse":"C3","quintil":"Q2","nse_score":663.9,"educ":10.4,"educ_score":493.3,"hacin":1.118,"hacin_class":"Hacinamiento Leve","hacin_score":826.0,"auto_score":0.0,"n_per":38,"n_hog":15,"source_year":2024},"geometry":{"type":"Polygon","coordinates":[[[-71.6004461339999,-35.8538322691039],[-71.6008090599999,-35.8537155631039],[-71.600507735,-35.8530280711039],[-71.6001336319999,-35.8531308111039],[-71.6004461339999,-35.8538322691039]]]}},{"type":"Feature","properties":{"id":"7401041004012","commune":"Linares","code":"07401","gse":"C3","quintil":"Q2","nse_score":670.6,"educ":11.2,"educ_score":546.7,"hacin":1.25,"hacin_class":"Hacinamiento Leve","hacin_score":797.9,"auto_score":31.2,"n_per":30,"n_hog":16,"source_year":2024},"geometry":{"type":"Polygon","coordinates":[[[-71.5999413679999,-35.8539281381039],[-71.6003348879999,-35.8538159651039],[-71.600036826,-35.8531329071039],[-71.5996568439999,-35.8532357731039],[-71.5999413679999,-35.8539281381039]]]}},{"type":"Feature","properties":{"id":"7401041004013","commune":"Linares","code":"07401","gse":"C2","quintil":"Q4","nse_score":733.8,"educ":12.8,"educ_score":653.3,"hacin":1.246,"hacin_class":"Hacinamiento Leve","hacin_score":798.8,"auto_score":140.6,"n_per":147,"n_hog":57,"source_year":2024},"geometry":{"type":"Polygon","coordinates":[[[-71.5951318159999,-35.8531912751039],[-71.5937470629999,-35.8535077871039],[-71.5938694429999,-35.8543433751039],[-71.5941461719999,-35.8543734501039],[-71.5938874959999,-35.8544195971039],[-71.5940702769999,-35.8551231881039],[-71.5955772329999,-35.8548743051039],[-71.5954480529999,-35.8544354481039],[-71.594475197,-35.8545961781039],[-71.5954615109999,-35.8543495321039],[-71.5953162819999,-35.8539065161039],[-71.5943472889999,-35.8540581501039],[-71.5953223339999,-35.8538162521039],[-71.5951318159999,-35.8531912751039]]]}},{"type":"Feature","properties":{"id":"7401041004014","commune":"Linares","code":"07401","gse":"C3","quintil":"Q3","nse_score":699.6,"educ":11.5,"educ_score":566.7,"hacin":1.086,"hacin_class":"Hacinamiento Leve","hacin_score":832.8,"auto_score":115.4,"n_per":38,"n_hog":12,"source_year":2024},"geometry":{"type":"Polygon","coordinates":[[[-71.5994723479999,-35.8540257621039],[-71.5998494539999,-35.8539211151039],[-71.5995737209999,-35.8532330661039],[-71.5991681529999,-35.8533364851039],[-71.5994723479999,-35.8540257621039]]]}},{"type":"Feature","properties":{"id":"7401041004015","commune":"Linares","code":"07401","gse":"C2","quintil":"Q3","nse_score":716.9,"educ":10.4,"educ_score":493.3,"hacin":1.0,"hacin_class":"Hacinamiento Leve","hacin_score":851.1,"auto_score":178.6,"n_per":31,"n_hog":14,"source_year":2024},"geometry":{"type":"Polygon","coordinates":[[[-71.5986904719999,-35.8534459691039],[-71.598926204,-35.8540853131039],[-71.5993518649999,-35.8540355401039],[-71.5990994469999,-35.8533514921039],[-71.5986904719999,-35.8534459691039]]]}},{"type":"Feature","properties":{"id":"7401041004016","commune":"Linares","code":"07401","gse":"ABC1","quintil":"Q5","nse_score":871.2,"educ":14.8,"educ_score":786.7,"hacin":0.839,"hacin_class":"Sin Hacinamiento","hacin_score":885.4,"auto_score":227.3,"n_per":26,"n_hog":11,"source_year":2024},"geometry":{"type":"Polygon","coordinates":[[[-71.5969141819999,-35.8539900961039],[-71.5978980539999,-35.8538236461039],[-71.5979354529999,-35.8537822771039],[-71.5975748629999,-35.8533664561039],[-71.5969817559999,-35.8534694171039],[-71.5968102459999,-35.8537480301039],[-71.5969141819999,-35.8539900961039]]]}},{"type":"Feature","properties":{"id":"7401041004017","commune":"Linares","code":"07401","gse":"C3","quintil":"Q2","nse_score":655.9,"educ":10.9,"educ_score":526.7,"hacin":1.105,"hacin_class":"Hacinamiento Leve","hacin_score":828.8,"auto_score":155.2,"n_per":74,"n_hog":28,"source_year":2024},"geometry":{"type":"Polygon","coordinates":[[[-71.5927481219999,-35.8536821711039],[-71.5940520809999,-35.8571335341039],[-71.5945522599999,-35.8580420771038],[-71.5947954409999,-35.8583768361038],[-71.5948796499999,-35.8583414511039],[-71.5935833639999,-35.8535699091039],[-71.5927481219999,-35.8536821711039]]]}},{"type":"Feature","properties":{"id":"7401041004018","commune":"Linares","code":"07401","gse":"C2","quintil":"Q4","nse_score":755.8,"educ":12.2,"educ_score":613.3,"hacin":1.181,"hacin_class":"Hacinamiento Leve","hacin_score":812.6,"auto_score":183.3,"n_per":85,"n_hog":30,"source_year":2024},"geometry":{"type":"Polygon","coordinates":[[[-71.6019649079999,-35.8541366761039],[-71.6020706449999,-35.8541749451039],[-71.6014057149999,-35.8543245501039],[-71.6014726189999,-35.8546565901039],[-71.6024971249999,-35.8544676451039],[-71.6022227439999,-35.8535677621039],[-71.6018364429999,-35.8536572531039],[-71.6019649079999,-35.8541366761039]]]}},{"type":"Feature","properties":{"id":"7401041004019","commune":"Linares","code":"07401","gse":"C2","quintil":"Q3","nse_score":721.9,"educ":11.2,"educ_score":546.7,"hacin":0.877,"hacin_class":"Sin Hacinamiento","hacin_score":877.3,"auto_score":66.7,"n_per":64,"n_hog":30,"source_year":2024},"geometry":{"type":"Polygon","coordinates":[[[-71.6018026529999,-35.8540143531039],[-71.6017387479999,-35.8536638761039],[-71.6007851249999,-35.8538512801039],[-71.6009955809999,-35.8547435371039],[-71.6013885529999,-35.8546674251039],[-71.6012589509999,-35.8542060511039],[-71.6010766589999,-35.8541649341039],[-71.6018026529999,-35.8540143531039]]]}},{"type":"Feature","properties":{"id":"7401041004020","commune":"Linares","code":"07401","gse":"C3","quintil":"Q2","nse_score":655.0,"educ":9.6,"educ_score":440.0,"hacin":1.229,"hacin_class":"Hacinamiento Leve","hacin_score":802.4,"auto_score":102.9,"n_per":86,"n_hog":33,"source_year":2024},"geometry":{"type":"Polygon","coordinates":[[[-71.6002659039999,-35.8539706831039],[-71.6004857749999,-35.8544841821039],[-71.5996705819999,-35.8546730861039],[-71.5997569359999,-35.8550182251039],[-71.6009165989999,-35.8547722871039],[-71.6006805509999,-35.8539121311039],[-71.6002659039999,-35.8539706831039]]]}},{"type":"Feature","properties":{"id":"7401041004021","commune":"Linares","code":"07401","gse":"C3","quintil":"Q3","nse_score":689.2,"educ":10.6,"educ_score":506.7,"hacin":1.087,"hacin_class":"Hacinamiento Leve","hacin_score":832.4,"auto_score":144.7,"n_per":87,"n_hog":38,"source_year":2024},"geometry":{"type":"Polygon","coordinates":[[[-71.5990127809999,-35.8545115681039],[-71.5988720909999,-35.8542081631039],[-71.5984166989999,-35.8544388431039],[-71.5989685639999,-35.8551704901039],[-71.5996592829999,-35.8550473791039],[-71.5995104829999,-35.8545593801039],[-71.5992879369999,-35.8545146251039],[-71.6002436979999,-35.8543181731039],[-71.600200405,-35.8539991411039],[-71.5990264959999,-35.8541687681039],[-71.5990127809999,-35.8545115681039]]]}},{"type":"Feature","properties":{"id":"7401041004024","commune":"Linares","code":"07401","gse":"C3","quintil":"Q3","nse_score":682.6,"educ":9.6,"educ_score":440.0,"hacin":1.051,"hacin_class":"Hacinamiento Leve","hacin_score":840.2,"auto_score":68.2,"n_per":62,"n_hog":21,"source_year":2024},"geometry":{"type":"Polygon","coordinates":[[[-71.5979067729999,-35.8556486361039],[-71.5985862869999,-35.8555212671038],[-71.5982879289999,-35.8544686691039],[-71.5976073349999,-35.8546050731039],[-71.5979067729999,-35.8556486361039]]]}},{"type":"Feature","properties":{"id":"7401041004025","commune":"Linares","code":"07401","gse":"C3","quintil":"Q3","nse_score":677.0,"educ":10.5,"educ_score":500.0,"hacin":0.974,"hacin_class":"Sin Hacinamiento","hacin_score":856.7,"auto_score":200.0,"n_per":37,"n_hog":14,"source_year":2024},"geometry":{"type":"Polygon","coordinates":[[[-71.602290605,-35.8552833101039],[-71.6026948209999,-35.8550537261039],[-71.602533262,-35.8545569941039],[-71.6020891669999,-35.8546567511039],[-71.602290605,-35.8552833101039]]]}},{"type":"Feature","properties":{"id":"7401041004026","commune":"Linares","code":"07401","gse":"C2","quintil":"Q4","nse_score":756.0,"educ":12.6,"educ_score":640.0,"hacin":1.019,"hacin_class":"Hacinamiento Leve","hacin_score":847.0,"auto_score":182.4,"n_per":159,"n_hog":66,"source_year":2024},"geometry":{"type":"Polygon","coordinates":[[[-71.5940863379999,-35.8552602561039],[-71.5943357759999,-35.8559572891039],[-71.5947815139999,-35.8558548051039],[-71.5946821809999,-35.8554795101039],[-71.5948653169999,-35.8558356351039],[-71.5952649719999,-35.8557598451039],[-71.5952238939999,-35.8553596441038],[-71.5953862759999,-35.8557439701039],[-71.5957882199999,-35.8556434991039],[-71.5957019809999,-35.8552726971038],[-71.5957946919999,-35.8552616801039],[-71.5959439889999,-35.8556291721039],[-71.5960861299999,-35.8555919051039],[-71.5960325189999,-35.8554142691039],[-71.5966466369999,-35.8552973381039],[-71.5964556659999,-35.8553825871039],[-71.5965294129999,-35.8555432311039],[-71.5977088459999,-35.8553194291039],[-71.5975018839999,-35.8546073541039],[-71.5940863379999,-35.8552602561039]]]}},{"type":"Feature","properties":{"id":"7401041004028","commune":"Linares","code":"07401","gse":"C3","quintil":"Q3","nse_score":688.4,"educ":10.3,"educ_score":486.7,"hacin":1.406,"hacin_class":"Hacinamiento Leve","hacin_score":764.7,"auto_score":35.7,"n_per":97,"n_hog":29,"source_year":2024},"geometry":{"type":"Polygon","coordinates":[[[-71.6005159139999,-35.8553217591039],[-71.6020827699999,-35.8550219251039],[-71.6020179379999,-35.8546898401039],[-71.6004152849999,-35.8549634101039],[-71.6005159139999,-35.8553217591039]]]}},{"type":"Feature","properties":{"id":"7401041004029","commune":"Linares","code":"07401","gse":"D","quintil":"Q2","nse_score":651.5,"educ":9.9,"educ_score":460.0,"hacin":1.208,"hacin_class":"Hacinamiento Leve","hacin_score":806.8,"auto_score":72.7,"n_per":151,"n_hog":55,"source_year":2024},"geometry":{"type":"Polygon","coordinates":[[[-71.5990484079999,-35.8552634011039],[-71.6000533609999,-35.8566251741038],[-71.6010044229999,-35.8561043421038],[-71.6007510499999,-35.8557988741039],[-71.6001856979999,-35.8561220751038],[-71.600697926,-35.8557459451039],[-71.6004477809999,-35.8554178741039],[-71.5997271799999,-35.8555371301039],[-71.6003935129999,-35.8553559571039],[-71.6002837489999,-35.8549932981039],[-71.5990484079999,-35.8552634011039]]]}},{"type":"Feature","properties":{"id":"7401041004030","commune":"Linares","code":"07401","gse":"C3","quintil":"Q3","nse_score":675.2,"educ":9.4,"educ_score":426.7,"hacin":1.125,"hacin_class":"Hacinamiento Leve","hacin_score":824.5,"auto_score":190.5,"n_per":63,"n_hog":21,"source_year":2024},"geometry":{"type":"Polygon","coordinates":[[[-71.601076352,-35.8560396911039],[-71.6022160599999,-35.8553525251039],[-71.6021320519999,-35.8550794431039],[-71.6018080339999,-35.8551270231039],[-71.6008460579999,-35.8557156971039],[-71.601076352,-35.8560396911039]]]}},{"type":"Feature","properties":{"id":"7401041004031","commune":"Linares","code":"07401","gse":"C2","quintil":"Q4","nse_score":768.3,"educ":13.2,"educ_score":680.0,"hacin":0.946,"hacin_class":"Sin Hacinamiento","hacin_score":862.5,"auto_score":145.8,"n_per":53,"n_hog":22,"source_year":2024},"geometry":{"type":"Polygon","coordinates":[[[-71.6012352229999,-35.8562561011039],[-71.6014650689999,-35.8562566011038],[-71.6027886669999,-35.8554022541039],[-71.6027314959999,-35.8551701021039],[-71.6011531449999,-35.8560921071038],[-71.6012352229999,-35.8562561011039]]]}},{"type":"Feature","properties":{"id":"7401041004034","commune":"Linares","code":"07401","gse":"C2","quintil":"Q4","nse_score":778.7,"educ":12.6,"educ_score":640.0,"hacin":0.955,"hacin_class":"Sin Hacinamiento","hacin_score":860.6,"auto_score":241.9,"n_per":85,"n_hog":31,"source_year":2024},"geometry":{"type":"Polygon","coordinates":[[[-71.6036957759999,-35.8582610541039],[-71.6031635559999,-35.8565532781039],[-71.6026179629999,-35.8568400091039],[-71.6026590799999,-35.8567219461039],[-71.6020259139999,-35.8560236241039],[-71.602785562,-35.8555114331039],[-71.6027886669999,-35.8554022541039],[-71.6014650689999,-35.8562566011038],[-71.6012481569999,-35.8562719381039],[-71.6014910879999,-35.8565444601039],[-71.6018495199999,-35.8563429091038],[-71.6015467909999,-35.8565973321038],[-71.6016510269999,-35.8567482991039],[-71.6014505649999,-35.8566489901038],[-71.6010648529999,-35.8568741351039],[-71.6014072119999,-35.8565823301039],[-71.6011883809999,-35.8563065671039],[-71.6007878549999,-35.8567084131038],[-71.6011329049999,-35.8571119161039],[-71.6021421689999,-35.8565320151038],[-71.6026168379999,-35.8570726051038],[-71.6024273739999,-35.8571911801038],[-71.6028114209999,-35.8576478821038],[-71.6020953639999,-35.8580568861038],[-71.6026724929999,-35.8587741111038],[-71.6036957759999,-35.8582610541039]]]}},{"type":"Feature","properties":{"id":"7401041004035","commune":"Linares","code":"07401","gse":"C2","quintil":"Q4","nse_score":736.4,"educ":11.8,"educ_score":586.7,"hacin":1.056,"hacin_class":"Hacinamiento Leve","hacin_score":839.2,"auto_score":107.1,"n_per":38,"n_hog":14,"source_year":2024},"geometry":{"type":"Polygon","coordinates":[[[-71.5970694139999,-35.8555405651039],[-71.5973099569999,-35.8564547121039],[-71.5980058169999,-35.8563720581038],[-71.5977245269999,-35.8554182351039],[-71.5970694139999,-35.8555405651039]]]}},{"type":"Feature","properties":{"id":"7401041004036","commune":"Linares","code":"07401","gse":"C3","quintil":"Q3","nse_score":690.9,"educ":11.5,"educ_score":566.7,"hacin":1.229,"hacin_class":"Hacinamiento Leve","hacin_score":802.4,"auto_score":117.6,"n_per":43,"n_hog":15,"source_year":2024},"geometry":{"type":"Polygon","coordinates":[[[-71.5987252079999,-35.8555903661039],[-71.5989569289999,-35.8565092071039],[-71.5997323149999,-35.8563932751039],[-71.5991468319999,-35.8555226541038],[-71.5987252079999,-35.8555903661039]]]}},{"type":"Feature","properties":{"id":"7401041004037","commune":"Linares","code":"07401","gse":"C3","quintil":"Q2","nse_score":662.5,"educ":10.7,"educ_score":513.3,"hacin":1.265,"hacin_class":"Hacinamiento Leve","hacin_score":794.7,"auto_score":93.8,"n_per":43,"n_hog":16,"source_year":2024},"geometry":{"type":"Polygon","coordinates":[[[-71.5967470139999,-35.8565418621038],[-71.5972170549999,-35.8564386951039],[-71.5969722599999,-35.8555426671039],[-71.5964506519999,-35.8556530921039],[-71.5967470139999,-35.8565418621038]]]}},{"type":"Feature","properties":{"id":"7401041004038","commune":"Linares","code":"07401","gse":"C2","quintil":"Q4","nse_score":766.7,"educ":12.3,"educ_score":620.0,"hacin":1.4,"hacin_class":"Hacinamiento Leve","hacin_score":766.0,"auto_score":0.0,"n_per":35,"n_hog":9,"source_year":2024},"geometry":{"type":"Polygon","coordinates":[[[-71.6028108909999,-35.8555559501039],[-71.6020977399999,-35.8559770021038],[-71.6023472019999,-35.8563050841038],[-71.6029518749999,-35.8559629951038],[-71.6028108909999,-35.8555559501039]]]}},{"type":"Feature","properties":{"id":"7401041004039","commune":"Linares","code":"07401","gse":"C2","quintil":"Q4","nse_score":740.3,"educ":12.2,"educ_score":613.3,"hacin":1.091,"hacin_class":"Hacinamiento Leve","hacin_score":831.7,"auto_score":45.5,"n_per":60,"n_hog":20,"source_year":2024},"geometry":{"type":"Polygon","coordinates":[[[-71.5982103219999,-35.8566703611039],[-71.5988658939999,-35.8565292031039],[-71.5986001439999,-35.8556065931039],[-71.5979351509999,-35.8557336481039],[-71.5982103219999,-35.8566703611039]]]}},{"type":"Feature","properties":{"id":"7401041004040","commune":"Linares","code":"07401","gse":"C2","quintil":"Q3","nse_score":713.1,"educ":12.5,"educ_score":633.3,"hacin":1.419,"hacin_class":"Hacinamiento Leve","hacin_score":761.8,"auto_score":31.2,"n_per":44,"n_hog":14,"source_year":2024},"geometry":{"type":"Polygon","coordinates":[[[-71.5958550209999,-35.8557110371039],[-71.5960882479999,-35.8566028111039],[-71.5966069309999,-35.8565510361038],[-71.5963861969999,-35.8556499801039],[-71.5958550209999,-35.8557110371039]]]}},{"type":"Feature","properties":{"id":"7401041004041","commune":"Linares","code":"07401","gse":"C2","quintil":"Q4","nse_score":779.7,"educ":13.2,"educ_score":680.0,"hacin":0.987,"hacin_class":"Sin Hacinamiento","hacin_score":853.9,"auto_score":181.8,"n_per":75,"n_hog":30,"source_year":2024},"geometry":{"type":"Polygon","coordinates":[[[-71.5943265319999,-35.8560640421039],[-71.5946121179999,-35.8568961021039],[-71.5949769119999,-35.8567935791039],[-71.5947889149999,-35.8561531961038],[-71.5949577309999,-35.8563433321039],[-71.5958842939999,-35.8561205061039],[-71.5957341039999,-35.8557271711039],[-71.5943265319999,-35.8560640421039]]]}},{"type":"Feature","properties":{"id":"7401041004042","commune":"Linares","code":"07401","gse":"C1","quintil":"Q5","nse_score":794.1,"educ":12.8,"educ_score":653.3,"hacin":0.905,"hacin_class":"Sin Hacinamiento","hacin_score":871.3,"auto_score":357.1,"n_per":19,"n_hog":7,"source_year":2024},"geometry":{"type":"Polygon","coordinates":[[[-71.6027099009999,-35.8566811291038],[-71.6031018829999,-35.8564554701039],[-71.6029814949999,-35.8560434721039],[-71.6024192069999,-35.8563485901038],[-71.6027099009999,-35.8566811291038]]]}},{"type":"Feature","properties":{"id":"7401041004043","commune":"Linares","code":"07401","gse":"C3","quintil":"Q3","nse_score":683.3,"educ":10.6,"educ_score":506.7,"hacin":1.15,"hacin_class":"Hacinamiento Leve","hacin_score":819.1,"auto_score":110.5,"n_per":207,"n_hog":82,"source_year":2024},"geometry":{"type":"Polygon","coordinates":[[[-71.6001556519999,-35.8568437831038],[-71.5999830999999,-35.8567303481038],[-71.5991391409999,-35.8571091491039],[-71.599183476,-35.8573966121039],[-71.5989804259999,-35.8571756771038],[-71.5984196589999,-35.8574221571038],[-71.5984225749999,-35.8578186761039],[-71.598284352,-35.8575062041039],[-71.5973276759999,-35.8578243391038],[-71.5982534569999,-35.8574077281039],[-71.598098063,-35.8568342431038],[-71.5970945479999,-35.8574237871039],[-71.5963908119999,-35.8575516721039],[-71.5964922319999,-35.8580407001039],[-71.5967828209999,-35.8580073761038],[-71.5965488579999,-35.8581431271039],[-71.5965413639999,-35.8584542461038],[-71.5964818859999,-35.8583068141038],[-71.5961059269999,-35.8583960621038],[-71.5964361589999,-35.8582627361038],[-71.5963434529999,-35.8578816791038],[-71.5959281849999,-35.8579537501038],[-71.5963242639999,-35.8577919611038],[-71.5961554069999,-35.8571872191039],[-71.5947805919999,-35.8574152291038],[-71.5950869369999,-35.8585758221038],[-71.5949555609999,-35.8583668501038],[-71.5948184219999,-35.8584063861039],[-71.5960639229999,-35.8598106201039],[-71.5985851339999,-35.8594059921038],[-71.59846454,-35.8590931401038],[-71.5996804309999,-35.8573362811039],[-71.6007878549999,-35.8567084131038],[-71.6011883809999,-35.8563065671039],[-71.6010389839999,-35.8561666861039],[-71.6001195829999,-35.8566823261039],[-71.6001556519999,-35.8568437831038]]]}},{"type":"Feature","properties":{"id":"7401041004044","commune":"Linares","code":"07401","gse":"C2","quintil":"Q4","nse_score":751.3,"educ":11.8,"educ_score":586.7,"hacin":0.921,"hacin_class":"Sin Hacinamiento","hacin_score":867.9,"auto_score":218.8,"n_per":35,"n_hog":16,"source_year":2024},"geometry":{"type":"Polygon","coordinates":[[[-71.5949555869999,-35.8564154851039],[-71.5950888829999,-35.8568001731039],[-71.5959981539999,-35.8566092661039],[-71.5958680599999,-35.8562380291039],[-71.5949555869999,-35.8564154851039]]]}},{"type":"Feature","properties":{"id":"7401041004045","commune":"Linares","code":"07401","gse":"D","quintil":"Q1","nse_score":615.3,"educ":10.4,"educ_score":493.3,"hacin":1.454,"hacin_class":"Hacinamiento Leve","hacin_score":754.4,"auto_score":83.3,"n_per":32,"n_hog":11,"source_year":2024},"geometry":{"type":"Polygon","coordinates":[[[-71.5975018099999,-35.8570273261038],[-71.5980676089999,-35.8567492771039],[-71.5980209699999,-35.8564122901038],[-71.597338094,-35.8565217021039],[-71.5975018099999,-35.8570273261038]]]}},{"type":"Feature","properties":{"id":"7401041004046","commune":"Linares","code":"07401","gse":"C2","quintil":"Q3","nse_score":715.3,"educ":11.1,"educ_score":540.0,"hacin":1.182,"hacin_class":"Hacinamiento Leve","hacin_score":812.4,"auto_score":277.8,"n_per":26,"n_hog":9,"source_year":2024},"geometry":{"type":"Polygon","coordinates":[[[-71.5989960709999,-35.8566165181039],[-71.5991176759999,-35.8570239881038],[-71.5999617819999,-35.8566496901039],[-71.5997891499999,-35.8564596441038],[-71.5989960709999,-35.8566165181039]]]}},{"type":"Feature","properties":{"id":"7401041004047","commune":"Linares","code":"07401","gse":"C3","quintil":"Q3","nse_score":696.9,"educ":10.3,"educ_score":486.7,"hacin":0.938,"hacin_class":"Sin Hacinamiento","hacin_score":864.4,"auto_score":71.4,"n_per":30,"n_hog":14,"source_year":2024},"geometry":{"type":"Polygon","coordinates":[[[-71.5967379009999,-35.8566203101038],[-71.5969323109999,-35.8573506831038],[-71.5970962939999,-35.8573606561038],[-71.5974111489999,-35.8570744361039],[-71.5972703619999,-35.8565772471039],[-71.5967379009999,-35.8566203101038]]]}},{"type":"Feature","properties":{"id":"7401041004048","commune":"Linares","code":"07401","gse":"D","quintil":"Q2","nse_score":645.4,"educ":12.0,"educ_score":600.0,"hacin":1.52,"hacin_class":"Hacinamiento Medio","hacin_score":740.4,"auto_score":194.4,"n_per":38,"n_hog":13,"source_year":2024},"geometry":{"type":"Polygon","coordinates":[[[-71.5963609479999,-35.8574847181039],[-71.596859004,-35.8573838151039],[-71.5966467699999,-35.8566267871038],[-71.5961337989999,-35.8567370251038],[-71.5963609479999,-35.8574847181039]]]}},{"type":"Feature","properties":{"id":"7401041004049","commune":"Linares","code":"07401","gse":"C2","quintil":"Q3","nse_score":712.6,"educ":11.5,"educ_score":566.7,"hacin":1.091,"hacin_class":"Hacinamiento Leve","hacin_score":831.7,"auto_score":45.5,"n_per":24,"n_hog":10,"source_year":2024},"geometry":{"type":"Polygon","coordinates":[[[-71.5982201289999,-35.8567685101038],[-71.5983786349999,-35.8573419261039],[-71.5989970969999,-35.8570716641038],[-71.5989026149999,-35.8566365671039],[-71.5982201289999,-35.8567685101038]]]}},{"type":"Feature","properties":{"id":"7401041004050","commune":"Linares","code":"07401","gse":"C2","quintil":"Q3","nse_score":709.8,"educ":10.6,"educ_score":506.7,"hacin":0.919,"hacin_class":"Sin Hacinamiento","hacin_score":868.3,"auto_score":133.3,"n_per":34,"n_hog":14,"source_year":2024},"geometry":{"type":"Polygon","coordinates":[[[-71.5952133639999,-35.8572751841039],[-71.5961120069999,-35.8571295721039],[-71.5960347679999,-35.8567346601038],[-71.5951002219999,-35.8568720341038],[-71.5952133639999,-35.8572751841039]]]}},{"type":"Feature","properties":{"id":"7401041004051","commune":"Linares","code":"07401","gse":"ABC1","quintil":"Q5","nse_score":843.2,"educ":13.8,"educ_score":720.0,"hacin":0.871,"hacin_class":"Sin Hacinamiento","hacin_score":878.5,"auto_score":333.3,"n_per":27,"n_hog":12,"source_year":2024},"geometry":{"type":"Polygon","coordinates":[[[-71.5947351179999,-35.8573576251039],[-71.5951035609999,-35.8572820641039],[-71.5949978719999,-35.8569057921039],[-71.5946150549999,-35.8569861711039],[-71.5947351179999,-35.8573576251039]]]}},{"type":"Feature","properties":{"id":"7401061001002","commune":"Linares","code":"07401","gse":"C2","quintil":"Q4","nse_score":770.4,"educ":14.5,"educ_score":766.7,"hacin":1.439,"hacin_class":"Hacinamiento Leve","hacin_score":757.7,"auto_score":318.2,"n_per":82,"n_hog":27,"source_year":2024},"geometry":{"type":"Polygon","coordinates":[[[-71.5926696959999,-35.8280300381042],[-71.59228522,-35.8273699671042],[-71.5913209519999,-35.8276590611042],[-71.5905354029999,-35.8261316841042],[-71.5903303789999,-35.8262097321042],[-71.5913879969999,-35.8284002831042],[-71.5926696959999,-35.8280300381042]]]}},{"type":"Feature","properties":{"id":"7401061001003","commune":"Linares","code":"07401","gse":"C1","quintil":"Q5","nse_score":803.0,"educ":15.4,"educ_score":826.7,"hacin":1.125,"hacin_class":"Hacinamiento Leve","hacin_score":824.5,"auto_score":275.0,"n_per":36,"n_hog":15,"source_year":2024},"geometry":{"type":"Polygon","coordinates":[[[-71.5902673239999,-35.8262581981042],[-71.5898650889999,-35.8263907441042],[-71.5902982799999,-35.8272035361042],[-71.5906566899999,-35.8270627081041],[-71.5902673239999,-35.8262581981042]]]}},{"type":"Feature","properties":{"id":"7401061001004","commune":"Linares","code":"07401","gse":"ABC1","quintil":"Q5","nse_score":882.0,"educ":16.5,"educ_score":900.0,"hacin":0.974,"hacin_class":"Sin Hacinamiento","hacin_score":856.5,"auto_score":350.0,"n_per":38,"n_hog":18,"source_year":2024},"geometry":{"type":"Polygon","coordinates":[[[-71.5897933019999,-35.8264138751042],[-71.5894700739999,-35.8265538021042],[-71.5898924989999,-35.8273466201042],[-71.5902007119999,-35.8272097581042],[-71.5897933019999,-35.8264138751042]]]}},{"type":"Feature","properties":{"id":"7401061001005","commune":"Linares","code":"07401","gse":"ABC1","quintil":"Q5","nse_score":860.7,"educ":15.7,"educ_score":846.7,"hacin":1.061,"hacin_class":"Hacinamiento Leve","hacin_score":838.2,"auto_score":558.8,"n_per":35,"n_hog":17,"source_year":2024},"geometry":{"type":"Polygon","coordinates":[[[-71.5894260329999,-35.8265879061042],[-71.5890522529999,-35.8267365351042],[-71.5894305559999,-35.8275013751041],[-71.5898078499999,-35.8273583661042],[-71.5894260329999,-35.8265879061042]]]}},{"type":"Feature","properties":{"id":"7401061001006","commune":"Linares","code":"07401","gse":"C3","quintil":"Q3","nse_score":702.8,"educ":10.6,"educ_score":506.7,"hacin":1.405,"hacin_class":"Hacinamiento Leve","hacin_score":764.8,"auto_score":108.2,"n_per":610,"n_hog":208,"source_year":2024},"geometry":{"type":"Polygon","coordinates":[[[-71.5946483979999,-35.8274110881042],[-71.594957673,-35.8274835761042],[-71.5953846969999,-35.8273204451042],[-71.5958381069999,-35.8275683471042],[-71.5961300899999,-35.8273539101042],[-71.5952700849999,-35.8283713111042],[-71.5955160659999,-35.8285163721042],[-71.5962783749999,-35.8276476921042],[-71.5955576129999,-35.8285529711042],[-71.5958212169999,-35.8286782941041],[-71.5965556519999,-35.8278359341042],[-71.5958492839999,-35.8287029551041],[-71.5961040129999,-35.8288426511042],[-71.596844771,-35.8280685351041],[-71.5961396589999,-35.8288679321041],[-71.5963483719999,-35.8290211521041],[-71.5971360359999,-35.8282289821041],[-71.596428983,-35.8290436591041],[-71.5966382619999,-35.8291865361042],[-71.5974229549999,-35.8283940301041],[-71.5967256489999,-35.8291887551042],[-71.5969304469999,-35.8293526171041],[-71.597754919,-35.8285085301042],[-71.597007974,-35.8293719291041],[-71.5972324409999,-35.8295203011041],[-71.5988074749999,-35.8280297551041],[-71.5968130879999,-35.8266743061041],[-71.5946483979999,-35.8274110881042]]]}},{"type":"Feature","properties":{"id":"7401061001007","commune":"Linares","code":"07401","gse":"ABC1","quintil":"Q5","nse_score":854.6,"educ":15.9,"educ_score":860.0,"hacin":0.917,"hacin_class":"Sin Hacinamiento","hacin_score":868.8,"auto_score":444.4,"n_per":33,"n_hog":16,"source_year":2024},"geometry":{"type":"Polygon","coordinates":[[[-71.5890124469999,-35.8267741621042],[-71.5885894929999,-35.8269456041042],[-71.588958536,-35.8276550911042],[-71.5893523869999,-35.8275084781041],[-71.5890124469999,-35.8267741621042]]]}},{"type":"Feature","properties":{"id":"7401061001008","commune":"Linares","code":"07401","gse":"C3","quintil":"Q3","nse_score":705.8,"educ":14.8,"educ_score":786.7,"hacin":1.222,"hacin_class":"Hacinamiento Leve","hacin_score":803.8,"auto_score":142.9,"n_per":22,"n_hog":9,"source_year":2024},"geometry":{"type":"Polygon","coordinates":[[[-71.5885652309999,-35.8269996551042],[-71.5881838259999,-35.8271759891042],[-71.5885068759999,-35.8278108441042],[-71.5889018459999,-35.8276773631042],[-71.5885652309999,-35.8269996551042]]]}},{"type":"Feature","properties":{"id":"7401061001009","commune":"Linares","code":"07401","gse":"ABC1","quintil":"Q5","nse_score":831.6,"educ":14.6,"educ_score":773.3,"hacin":1.157,"hacin_class":"Hacinamiento Leve","hacin_score":817.7,"auto_score":365.4,"n_per":59,"n_hog":25,"source_year":2024},"geometry":{"type":"Polygon","coordinates":[[[-71.5896289769999,-35.8278707501042],[-71.5908355219999,-35.8274767041041],[-71.5907076899999,-35.8271549411042],[-71.5894580199999,-35.8275423201042],[-71.5896289769999,-35.8278707501042]]]}},{"type":"Feature","properties":{"id":"7401061001011","commune":"Linares","code":"07401","gse":"D","quintil":"Q2","nse_score":647.1,"educ":11.4,"educ_score":560.0,"hacin":1.7,"hacin_class":"Hacinamiento Medio","hacin_score":702.1,"auto_score":62.5,"n_per":34,"n_hog":13,"source_year":2024},"geometry":{"type":"Polygon","coordinates":[[[-71.5956317759999,-35.8278050561042],[-71.5958010359999,-35.8276251341042],[-71.5953630569999,-35.8273558851041],[-71.5950480309999,-35.8274648161042],[-71.5956317759999,-35.8278050561042]]]}},{"type":"Feature","properties":{"id":"7401061001012","commune":"Linares","code":"07401","gse":"C3","quintil":"Q3","nse_score":682.5,"educ":10.7,"educ_score":513.3,"hacin":1.391,"hacin_class":"Hacinamiento Leve","hacin_score":767.8,"auto_score":153.2,"n_per":313,"n_hog":107,"source_year":2024},"geometry":{"type":"Polygon","coordinates":[[[-71.5946251819999,-35.8274382121042],[-71.5870584039999,-35.8299163781042],[-71.5870719139999,-35.8299692021041],[-71.5900743489999,-35.8328430411041],[-71.5914985369999,-35.8322600651041],[-71.5913048219999,-35.8319922401041],[-71.5911393489999,-35.8320233541041],[-71.5912566459999,-35.8318616401041],[-71.590839049,-35.8311641611041],[-71.5906128839999,-35.8311389921041],[-71.5907552209999,-35.8310703801041],[-71.5907032089999,-35.8309298471041],[-71.5909148899999,-35.8310234981041],[-71.5918278409999,-35.8306809391041],[-71.5917690469999,-35.8305300591041],[-71.592068019,-35.8306643091041],[-71.592299351,-35.8304830381041],[-71.5917518839999,-35.8299721791041],[-71.5929750029999,-35.8294545561041],[-71.5928457289999,-35.8291914551041],[-71.5922926009999,-35.8294016871041],[-71.5928180889999,-35.8291605061041],[-71.5927544429999,-35.8288734551042],[-71.5929445059999,-35.8291127101041],[-71.5931427309999,-35.8290182981041],[-71.5930385819999,-35.8287726821042],[-71.5932064319999,-35.8289988961041],[-71.5934994629999,-35.8288844101041],[-71.5933444849999,-35.8285542651041],[-71.5935941229999,-35.8288598331042],[-71.5938516059999,-35.8287371001042],[-71.5936906889999,-35.8284476441042],[-71.5939507069999,-35.8287214401041],[-71.5942131739999,-35.8286031051042],[-71.5940900549999,-35.8283804331042],[-71.5942696159999,-35.8285838601041],[-71.5946109369999,-35.8284548081042],[-71.5946036359999,-35.8281245341041],[-71.5951758689999,-35.8283376181041],[-71.5953876809999,-35.8280918281041],[-71.5948930049999,-35.8277734941041],[-71.5946251819999,-35.8274382121042]]]}},{"type":"Feature","properties":{"id":"7401061001014","commune":"Linares","code":"07401","gse":"C2","quintil":"Q3","nse_score":709.5,"educ":12.2,"educ_score":613.3,"hacin":1.414,"hacin_class":"Hacinamiento Leve","hacin_score":763.0,"auto_score":176.5,"n_per":41,"n_hog":15,"source_year":2024},"geometry":{"type":"Polygon","coordinates":[[[-71.5948965819999,-35.8277170101042],[-71.5954197009999,-35.8280309281041],[-71.5955951469999,-35.8278717761042],[-71.5950214129999,-35.8274864091042],[-71.5948965819999,-35.8277170101042]]]}},{"type":"Feature","properties":{"id":"7401061001016","commune":"Linares","code":"07401","gse":"ABC1","quintil":"Q5","nse_score":854.3,"educ":15.6,"educ_score":840.0,"hacin":1.267,"hacin_class":"Hacinamiento Leve","hacin_score":794.3,"auto_score":133.3,"n_per":38,"n_hog":14,"source_year":2024},"geometry":{"type":"Polygon","coordinates":[[[-71.5909613539999,-35.8285601761041],[-71.5913059529999,-35.8284238511042],[-71.5908557459999,-35.8275411621041],[-71.5904919129999,-35.8276822281042],[-71.5909613539999,-35.8285601761041]]]}},{"type":"Feature","properties":{"id":"7401061001017","commune":"Linares","code":"07401","gse":"C1","quintil":"Q5","nse_score":786.4,"educ":15.4,"educ_score":826.7,"hacin":1.386,"hacin_class":"Hacinamiento Leve","hacin_score":768.9,"auto_score":500.0,"n_per":61,"n_hog":20,"source_year":2024},"geometry":{"type":"Polygon","coordinates":[[[-71.5882808199999,-35.8283220081042],[-71.5895127049999,-35.8279119581042],[-71.5893898109999,-35.8276007621041],[-71.5881224229999,-35.8279999051042],[-71.5882808199999,-35.8283220081042]]]}},{"type":"Feature","properties":{"id":"7401061001018","commune":"Linares","code":"07401","gse":"C1","quintil":"Q5","nse_score":798.9,"educ":15.2,"educ_score":813.3,"hacin":1.46,"hacin_class":"Hacinamiento Leve","hacin_score":753.3,"auto_score":523.8,"n_per":54,"n_hog":18,"source_year":2024},"geometry":{"type":"Polygon","coordinates":[[[-71.590513756,-35.8287053791041],[-71.5908690429999,-35.8285696491041],[-71.5904085719999,-35.8276891661041],[-71.5900633329999,-35.8278229261042],[-71.590513756,-35.8287053791041]]]}},{"type":"Feature","properties":{"id":"7401061001020","commune":"Linares","code":"07401","gse":"C2","quintil":"Q4","nse_score":757.9,"educ":14.6,"educ_score":773.3,"hacin":1.105,"hacin_class":"Hacinamiento Leve","hacin_score":828.7,"auto_score":309.5,"n_per":42,"n_hog":16,"source_year":2024},"geometry":{"type":"Polygon","coordinates":[[[-71.5900858599999,-35.8288517671042],[-71.5904386529999,-35.8287130841042],[-71.5899800079999,-35.8278298791041],[-71.5896284539999,-35.8279460551041],[-71.5900858599999,-35.8288517671042]]]}},{"type":"Feature","properties":{"id":"7401061001021","commune":"Linares","code":"07401","gse":"ABC1","quintil":"Q5","nse_score":837.9,"educ":15.4,"educ_score":826.7,"hacin":1.44,"hacin_class":"Hacinamiento Leve","hacin_score":757.4,"auto_score":233.3,"n_per":36,"n_hog":16,"source_year":2024},"geometry":{"type":"Polygon","coordinates":[[[-71.5896265669999,-35.8290045041042],[-71.5900058759999,-35.8288724051041],[-71.5895683519999,-35.8279693001042],[-71.5891541089999,-35.8281217731042],[-71.5896265669999,-35.8290045041042]]]}},{"type":"Feature","properties":{"id":"7401061001023","commune":"Linares","code":"07401","gse":"ABC1","quintil":"Q5","nse_score":847.5,"educ":16.0,"educ_score":866.7,"hacin":1.0,"hacin_class":"Hacinamiento Leve","hacin_score":851.1,"auto_score":363.6,"n_per":48,"n_hog":19,"source_year":2024},"geometry":{"type":"Polygon","coordinates":[[[-71.5891801509999,-35.8291488671042],[-71.5895342029999,-35.8290138151041],[-71.5890712199999,-35.8281312891041],[-71.5887229159999,-35.8282690971041],[-71.5891801509999,-35.8291488671042]]]}},{"type":"Feature","properties":{"id":"7401061001025","commune":"Linares","code":"07401","gse":"C1","quintil":"Q5","nse_score":810.2,"educ":14.8,"educ_score":786.7,"hacin":1.296,"hacin_class":"Hacinamiento Leve","hacin_score":788.2,"auto_score":477.3,"n_per":57,"n_hog":20,"source_year":2024},"geometry":{"type":"Polygon","coordinates":[[[-71.588297801,-35.8284080611042],[-71.5887362779999,-35.8292987591041],[-71.5890975069999,-35.8291778921042],[-71.5886679029999,-35.8282863801042],[-71.588297801,-35.8284080611042]]]}},{"type":"Feature","properties":{"id":"7401061001026","commune":"Linares","code":"07401","gse":"C2","quintil":"Q3","nse_score":715.5,"educ":11.0,"educ_score":533.3,"hacin":1.328,"hacin_class":"Hacinamiento Leve","hacin_score":781.2,"auto_score":160.7,"n_per":89,"n_hog":27,"source_year":2024},"geometry":{"type":"Polygon","coordinates":[[[-71.5947164899999,-35.8283398641041],[-71.5960291149999,-35.8306549471041],[-71.5961064339999,-35.8306713031041],[-71.5962274999999,-35.8305537521041],[-71.5951448359999,-35.8285040951041],[-71.5947164899999,-35.8283398641041]]]}},{"type":"Feature","properties":{"id":"7401061001027","commune":"Linares","code":"07401","gse":"ABC1","quintil":"Q5","nse_score":861.9,"educ":16.4,"educ_score":893.3,"hacin":1.053,"hacin_class":"Hacinamiento Leve","hacin_score":839.9,"auto_score":500.0,"n_per":40,"n_hog":16,"source_year":2024},"geometry":{"type":"Polygon","coordinates":[[[-71.5882547289999,-35.8294565231041],[-71.5886641539999,-35.8293021291041],[-71.5882111199999,-35.8284240851041],[-71.5878075949999,-35.8285757011041],[-71.5882547289999,-35.8294565231041]]]}},{"type":"Feature","properties":{"id":"7401061001029","commune":"Linares","code":"07401","gse":"C3","quintil":"Q3","nse_score":697.0,"educ":10.8,"educ_score":520.0,"hacin":1.485,"hacin_class":"Hacinamiento Leve","hacin_score":747.9,"auto_score":93.8,"n_per":147,"n_hog":48,"source_year":2024},"geometry":{"type":"Polygon","coordinates":[[[-71.5930898389999,-35.8294051781042],[-71.5947785709999,-35.8287486241042],[-71.5947905309999,-35.8287123131041],[-71.5946388699999,-35.8284947641041],[-71.592969234,-35.8291392161041],[-71.5930898389999,-35.8294051781042]]]}},{"type":"Feature","properties":{"id":"7401061001030","commune":"Linares","code":"07401","gse":"C3","quintil":"Q2","nse_score":669.1,"educ":10.9,"educ_score":526.7,"hacin":1.304,"hacin_class":"Hacinamiento Leve","hacin_score":786.4,"auto_score":112.7,"n_per":176,"n_hog":62,"source_year":2024},"geometry":{"type":"Polygon","coordinates":[[[-71.5951543129999,-35.8285262161042],[-71.5953936409999,-35.8290653491042],[-71.5962274999999,-35.8305537521041],[-71.5971102429999,-35.8296623571042],[-71.5968771939999,-35.8295250151042],[-71.5963104009999,-35.8301295111041],[-71.5968311439999,-35.8294978771041],[-71.5965834279999,-35.8293518921041],[-71.596006971,-35.8299787581041],[-71.5965443009999,-35.8293288341042],[-71.5963102569999,-35.8291909061042],[-71.5958528239999,-35.8297003681041],[-71.596254971,-35.8291583241041],[-71.5960244889999,-35.8290224961041],[-71.5956709459999,-35.8294271211041],[-71.5959765289999,-35.8289942321042],[-71.5957292209999,-35.8288484871042],[-71.5954990379999,-35.8291173061042],[-71.5956775499999,-35.8288180361041],[-71.5951543129999,-35.8285262161042]]]}},{"type":"Feature","properties":{"id":"7401061001031","commune":"Linares","code":"07401","gse":"ABC1","quintil":"Q5","nse_score":876.1,"educ":16.2,"educ_score":880.0,"hacin":1.098,"hacin_class":"Hacinamiento Leve","hacin_score":830.2,"auto_score":675.0,"n_per":56,"n_hog":19,"source_year":2024},"geometry":{"type":"Polygon","coordinates":[[[-71.5878043949999,-35.8296063531041],[-71.5881798199999,-35.8294661051041],[-71.5877247529999,-35.8285853351042],[-71.5873600319999,-35.8287267901042],[-71.5878043949999,-35.8296063531041]]]}},{"type":"Feature","properties":{"id":"7401061001033","commune":"Linares","code":"07401","gse":"C1","quintil":"Q5","nse_score":797.8,"educ":16.3,"educ_score":886.7,"hacin":1.19,"hacin_class":"Hacinamiento Leve","hacin_score":810.5,"auto_score":600.0,"n_per":25,"n_hog":7,"source_year":2024},"geometry":{"type":"Polygon","coordinates":[[[-71.5870791119999,-35.8298447771041],[-71.5877291099999,-35.8296212771041],[-71.5872866059999,-35.8287367601041],[-71.5868800049999,-35.8288844341041],[-71.5870791119999,-35.8298447771041]]]}},{"type":"Feature","properties":{"id":"7401061001035","commune":"Linares","code":"07401","gse":"C3","quintil":"Q2","nse_score":663.8,"educ":10.0,"educ_score":466.7,"hacin":1.271,"hacin_class":"Hacinamiento Leve","hacin_score":793.5,"auto_score":122.0,"n_per":216,"n_hog":76,"source_year":2024},"geometry":{"type":"Polygon","coordinates":[[[-71.5931240119999,-35.8294738721041],[-71.5932442179999,-35.8296921021042],[-71.5935561559999,-35.8295952341042],[-71.5932899149999,-35.8297677281041],[-71.5934556409999,-35.8300030021041],[-71.5938115379999,-35.8298646241041],[-71.5937191379999,-35.8296187551042],[-71.5938640329999,-35.8298409571041],[-71.5951377949999,-35.8293177131042],[-71.5949694469999,-35.8290870051042],[-71.5939562829999,-35.8294874471042],[-71.5949603759999,-35.8290421351042],[-71.5948246239999,-35.8287926961042],[-71.5931240119999,-35.8294738721041]]]}},{"type":"Feature","properties":{"id":"7401061001039","commune":"Linares","code":"07401","gse":"C3","quintil":"Q3","nse_score":688.0,"educ":10.6,"educ_score":506.7,"hacin":1.314,"hacin_class":"Hacinamiento Leve","hacin_score":784.3,"auto_score":181.8,"n_per":134,"n_hog":43,"source_year":2024},"geometry":{"type":"Polygon","coordinates":[[[-71.5936003679999,-35.8302837951041],[-71.5952773749999,-35.8296526941041],[-71.5952989699999,-35.8295936411041],[-71.5951436929999,-35.8294032111041],[-71.593488266,-35.8300383501041],[-71.5936003679999,-35.8302837951041]]]}},{"type":"Feature","properties":{"id":"7401061001041","commune":"Linares","code":"07401","gse":"C3","quintil":"Q3","nse_score":692.2,"educ":10.7,"educ_score":513.3,"hacin":1.415,"hacin_class":"Hacinamiento Leve","hacin_score":762.7,"auto_score":241.9,"n_per":92,"n_hog":30,"source_year":2024},"geometry":{"type":"Polygon","coordinates":[[[-71.5930207099999,-35.8294986361041],[-71.5918813609999,-35.8299333321041],[-71.5918727089999,-35.8299650651041],[-71.5921072249999,-35.8301673091041],[-71.5931404539999,-35.8297664491041],[-71.5930207099999,-35.8294986361041]]]}},{"type":"Feature","properties":{"id":"7401061001042","commune":"Linares","code":"07401","gse":"C3","quintil":"Q3","nse_score":679.2,"educ":10.7,"educ_score":513.3,"hacin":1.371,"hacin_class":"Hacinamiento Leve","hacin_score":772.1,"auto_score":111.1,"n_per":133,"n_hog":39,"source_year":2024},"geometry":{"type":"Polygon","coordinates":[[[-71.5953373059999,-35.8296874521041],[-71.5936607389999,-35.8303320641041],[-71.5936454679999,-35.8303729531041],[-71.5938144119999,-35.8305901301041],[-71.595468863,-35.8299459941042],[-71.5953373059999,-35.8296874521041]]]}},{"type":"Feature","properties":{"id":"7401061001043","commune":"Linares","code":"07401","gse":"C3","quintil":"Q2","nse_score":664.2,"educ":10.4,"educ_score":493.3,"hacin":1.411,"hacin_class":"Hacinamiento Leve","hacin_score":763.6,"auto_score":211.1,"n_per":127,"n_hog":44,"source_year":2024},"geometry":{"type":"Polygon","coordinates":[[[-71.5932196349999,-35.8298188191042],[-71.5921707159999,-35.8301839651041],[-71.5921568789999,-35.8302158111041],[-71.5924054199999,-35.8304132451041],[-71.5931916909999,-35.8301078471042],[-71.5924532539999,-35.8304482661042],[-71.5926831739999,-35.8306686351041],[-71.5935016419999,-35.8303535261041],[-71.5932196349999,-35.8298188191042]]]}},{"type":"Feature","properties":{"id":"7401061001044","commune":"Linares","code":"07401","gse":"C3","quintil":"Q2","nse_score":666.1,"educ":10.1,"educ_score":473.3,"hacin":1.125,"hacin_class":"Hacinamiento Leve","hacin_score":824.5,"auto_score":58.8,"n_per":36,"n_hog":15,"source_year":2024},"geometry":{"type":"Polygon","coordinates":[[[-71.5955629039999,-35.8306560101041],[-71.5958611739999,-35.8305323911041],[-71.5954947229999,-35.8299859951041],[-71.5952541229999,-35.8301173801041],[-71.5955629039999,-35.8306560101041]]]}},{"type":"Feature","properties":{"id":"7401061001045","commune":"Linares","code":"07401","gse":"C2","quintil":"Q3","nse_score":717.4,"educ":11.5,"educ_score":566.7,"hacin":1.46,"hacin_class":"Hacinamiento Leve","hacin_score":753.3,"auto_score":117.6,"n_per":54,"n_hog":17,"source_year":2024},"geometry":{"type":"Polygon","coordinates":[[[-71.5951943649999,-35.8307991731041],[-71.5954923849999,-35.8306890801041],[-71.5951474689999,-35.8301241911041],[-71.5948769439999,-35.8302607281041],[-71.5951943649999,-35.8307991731041]]]}},{"type":"Feature","properties":{"id":"7401061001046","commune":"Linares","code":"07401","gse":"C3","quintil":"Q3","nse_score":707.1,"educ":10.9,"educ_score":526.7,"hacin":1.186,"hacin_class":"Hacinamiento Leve","hacin_score":811.5,"auto_score":205.9,"n_per":51,"n_hog":16,"source_year":2024},"geometry":{"type":"Polygon","coordinates":[[[-71.5944508309999,-35.8304096391041],[-71.5947754019999,-35.8309659571041],[-71.5951232999999,-35.8308367611041],[-71.5948220829999,-35.8302754331041],[-71.5944508309999,-35.8304096391041]]]}},{"type":"Feature","properties":{"id":"7401061001047","commune":"Linares","code":"07401","gse":"C3","quintil":"Q3","nse_score":688.0,"educ":10.5,"educ_score":500.0,"hacin":1.324,"hacin_class":"Hacinamiento Leve","hacin_score":782.1,"auto_score":161.0,"n_per":343,"n_hog":117,"source_year":2024},"geometry":{"type":"Polygon","coordinates":[[[-71.5927211819999,-35.8306993601041],[-71.5929560159999,-35.8309962361041],[-71.5923728039999,-35.8304950681041],[-71.5920992469999,-35.8306868091041],[-71.5928315159999,-35.8313584891041],[-71.5914952039999,-35.8318881311041],[-71.5915783249999,-35.8322067091041],[-71.5940490309999,-35.8312520451041],[-71.593901033,-35.8309983631041],[-71.5932477019999,-35.8312332961041],[-71.5938797179999,-35.8309492511041],[-71.5937150359999,-35.8306824091041],[-71.5930861949999,-35.8309258261041],[-71.5936881389999,-35.8306424301041],[-71.5935305179999,-35.8303799421041],[-71.5927211819999,-35.8306993601041]]]}},{"type":"Feature","properties":{"id":"7401061001049","commune":"Linares","code":"07401","gse":"D","quintil":"Q1","nse_score":615.4,"educ":9.9,"educ_score":460.0,"hacin":1.571,"hacin_class":"Hacinamiento Medio","hacin_score":729.5,"auto_score":125.0,"n_per":22,"n_hog":7,"source_year":2024},"geometry":{"type":"Polygon","coordinates":[[[-71.5952152859999,-35.8314837291041],[-71.5959809819999,-35.8307911871041],[-71.5959276549999,-35.8306301011041],[-71.5949390789999,-35.8309894601042],[-71.5952152859999,-35.8314837291041]]]}},{"type":"Feature","properties":{"id":"7401061001052","commune":"Linares","code":"07401","gse":"C3","quintil":"Q3","nse_score":686.9,"educ":10.8,"educ_score":520.0,"hacin":1.559,"hacin_class":"Hacinamiento Medio","hacin_score":732.1,"auto_score":185.2,"n_per":92,"n_hog":26,"source_year":2024},"geometry":{"type":"Polygon","coordinates":[[[-71.5923054829999,-35.8314922021041],[-71.5918701049999,-35.8307569551041],[-71.5915828329999,-35.8308382741041],[-71.5920126939999,-35.8316015351041],[-71.5923054829999,-35.8314922021041]]]}},{"type":"Feature","properties":{"id":"7401061001053","commune":"Linares","code":"07401","gse":"C3","quintil":"Q3","nse_score":696.3,"educ":10.0,"educ_score":466.7,"hacin":1.431,"hacin_class":"Hacinamiento Leve","hacin_score":759.3,"auto_score":204.5,"n_per":73,"n_hog":22,"source_year":2024},"geometry":{"type":"Polygon","coordinates":[[[-71.5917093989999,-35.8317329151041],[-71.5919774479999,-35.8316162981041],[-71.5915374449999,-35.8308833721041],[-71.5912556739999,-35.8309638841041],[-71.5917093989999,-35.8317329151041]]]}},{"type":"Feature","properties":{"id":"7401061001054","commune":"Linares","code":"07401","gse":"C2","quintil":"Q3","nse_score":709.4,"educ":11.9,"educ_score":593.3,"hacin":1.491,"hacin_class":"Hacinamiento Leve","hacin_score":746.5,"auto_score":185.2,"n_per":85,"n_hog":26,"source_year":2024},"geometry":{"type":"Polygon","coordinates":[[[-71.5913512479999,-35.8318473771041],[-71.5916428659999,-35.8317365241041],[-71.5911687079999,-35.8309960781041],[-71.5909156669999,-35.8311428341041],[-71.5913512479999,-35.8318473771041]]]}},{"type":"Feature","properties":{"id":"7401061001055","commune":"Linares","code":"07401","gse":"C3","quintil":"Q3","nse_score":694.8,"educ":10.5,"educ_score":500.0,"hacin":1.263,"hacin_class":"Hacinamiento Leve","hacin_score":795.1,"auto_score":218.8,"n_per":48,"n_hog":16,"source_year":2024},"geometry":{"type":"Polygon","coordinates":[[[-71.594865448,-35.8310225981041],[-71.5945642099999,-35.8311507851041],[-71.5949394289999,-35.8317645941041],[-71.5951723649999,-35.8315252161041],[-71.594865448,-35.8310225981041]]]}},{"type":"Feature","properties":{"id":"7401061001056","commune":"Linares","code":"07401","gse":"C2","quintil":"Q4","nse_score":730.6,"educ":11.5,"educ_score":566.7,"hacin":1.195,"hacin_class":"Hacinamiento Leve","hacin_score":809.5,"auto_score":111.1,"n_per":49,"n_hog":17,"source_year":2024},"geometry":{"type":"Polygon","coordinates":[[[-71.5946392799999,-35.8320324631041],[-71.5948894999999,-35.8317927121041],[-71.5944889559999,-35.8311659301041],[-71.5942056379999,-35.8313027421041],[-71.5946392799999,-35.8320324631041]]]}},{"type":"Feature","properties":{"id":"7401061001057","commune":"Linares","code":"07401","gse":"C3","quintil":"Q3","nse_score":695.6,"educ":10.8,"educ_score":520.0,"hacin":1.371,"hacin_class":"Hacinamiento Leve","hacin_score":772.2,"auto_score":147.6,"n_per":773,"n_hog":248,"source_year":2024},"geometry":{"type":"Polygon","coordinates":[[[-71.5942104339999,-35.8322039651041],[-71.5937059899999,-35.8314667591041],[-71.5934517039999,-35.8316029421041],[-71.5938793609999,-35.8323508211041],[-71.5933975319999,-35.8316176321041],[-71.5930818779999,-35.8317281001041],[-71.5935428929999,-35.8325338461041],[-71.5929758079999,-35.8317529231041],[-71.5927121859999,-35.8318893061041],[-71.5931439439999,-35.8326145671041],[-71.5926657649999,-35.8319083351041],[-71.5923710039999,-35.8319913101041],[-71.5927722799999,-35.8327577901041],[-71.5925990709999,-35.8325902771041],[-71.5923262709999,-35.8326998181041],[-71.5924111839999,-35.8328962771041],[-71.5922445419999,-35.8327286211041],[-71.5919806339999,-35.8328244501041],[-71.5920271449999,-35.8331163771041],[-71.5915263399999,-35.8323204971041],[-71.5912585659999,-35.8324569661041],[-71.5916636889999,-35.8332143531041],[-71.5911756109999,-35.8324587561041],[-71.5908751469999,-35.8326004371041],[-71.5912722649999,-35.8333670111041],[-71.5908280339999,-35.8326194801041],[-71.5905088629999,-35.8327390311041],[-71.5909328859999,-35.8335140391041],[-71.5904601679999,-35.8327626141041],[-71.5900704189999,-35.8329242451041],[-71.5909483229999,-35.8346583911041],[-71.5913993189999,-35.8351669241041],[-71.5945635449999,-35.8321602851041],[-71.5940646589999,-35.8313283201041],[-71.5938193599999,-35.8314643101041],[-71.5942104339999,-35.8322039651041]]]}},{"type":"Feature","properties":{"id":"7401061001013","commune":"Linares","code":"07401","gse":"ABC1","quintil":"Q5","nse_score":845.6,"educ":16.4,"educ_score":893.3,"hacin":1.267,"hacin_class":"Hacinamiento Leve","hacin_score":794.3,"auto_score":625.0,"n_per":19,"n_hog":7,"source_year":2024},"geometry":{"type":"MultiPolygon","coordinates":[[[[-71.5869087319999,-35.8287901391041],[-71.5874544119999,-35.8285999111041],[-71.5872457929999,-35.8277947841041],[-71.5867715469999,-35.8279655661042],[-71.5869087319999,-35.8287901391041]]],[[[-71.5873077389999,-35.8277723531042],[-71.5875263699999,-35.8285817031041],[-71.5881817929999,-35.8283606041042],[-71.5877449889999,-35.8274772741041],[-71.5873077389999,-35.8277723531042]]]]}},{"type":"Feature","properties":{"id":"7401061002001","commune":"Linares","code":"07401","gse":"C2","quintil":"Q4","nse_score":738.1,"educ":12.3,"educ_score":620.0,"hacin":1.381,"hacin_class":"Hacinamiento Leve","hacin_score":770.0,"auto_score":90.9,"n_per":58,"n_hog":21,"source_year":2024},"geometry":{"type":"Polygon","coordinates":[[[-71.6091715739999,-35.8344310141041],[-71.6094730859999,-35.8343429621041],[-71.6091071699999,-35.8332563341041],[-71.6088107919999,-35.8333965211041],[-71.6091715739999,-35.8344310141041]]]}},{"type":"Feature","properties":{"id":"7401061002002","commune":"Linares","code":"07401","gse":"C2","quintil":"Q4","nse_score":775.6,"educ":12.1,"educ_score":606.7,"hacin":1.137,"hacin_class":"Hacinamiento Leve","hacin_score":821.9,"auto_score":295.5,"n_per":58,"n_hog":22,"source_year":2024},"geometry":{"type":"Polygon","coordinates":[[[-71.6087682249999,-35.8345146391041],[-71.6090778409999,-35.8344281931041],[-71.6087319349999,-35.8334153121041],[-71.6084319039999,-35.8335573361041],[-71.6087682249999,-35.8345146391041]]]}},{"type":"Feature","properties":{"id":"7401061002003","commune":"Linares","code":"07401","gse":"C2","quintil":"Q4","nse_score":766.5,"educ":12.0,"educ_score":600.0,"hacin":1.175,"hacin_class":"Hacinamiento Leve","hacin_score":813.8,"auto_score":58.8,"n_per":47,"n_hog":17,"source_year":2024},"geometry":{"type":"Polygon","coordinates":[[[-71.6083724809999,-35.8345977031041],[-71.6086748639999,-35.8345110941041],[-71.6083538799999,-35.8335761441041],[-71.6080620179999,-35.8337133311041],[-71.6083724809999,-35.8345977031041]]]}},{"type":"Feature","properties":{"id":"7401061002004","commune":"Linares","code":"07401","gse":"C2","quintil":"Q4","nse_score":742.0,"educ":12.7,"educ_score":646.7,"hacin":1.171,"hacin_class":"Hacinamiento Leve","hacin_score":814.6,"auto_score":111.1,"n_per":41,"n_hog":16,"source_year":2024},"geometry":{"type":"Polygon","coordinates":[[[-71.6079690149999,-35.8337359601041],[-71.6077007919999,-35.8338666331041],[-71.60797758,-35.8346797541041],[-71.6082791469999,-35.8345950841041],[-71.6079690149999,-35.8337359601041]]]}},{"type":"Feature","properties":{"id":"7401061002005","commune":"Linares","code":"07401","gse":"C1","quintil":"Q5","nse_score":803.1,"educ":13.2,"educ_score":680.0,"hacin":1.195,"hacin_class":"Hacinamiento Leve","hacin_score":809.5,"auto_score":58.8,"n_per":49,"n_hog":17,"source_year":2024},"geometry":{"type":"Polygon","coordinates":[[[-71.6075975259999,-35.8347603581041],[-71.6078917589999,-35.8346780681041],[-71.6076243409999,-35.8338856221041],[-71.6073291879999,-35.8340227581041],[-71.6075975259999,-35.8347603581041]]]}},{"type":"Feature","properties":{"id":"7401061002006","commune":"Linares","code":"07401","gse":"ABC1","quintil":"Q5","nse_score":817.8,"educ":13.6,"educ_score":706.7,"hacin":1.02,"hacin_class":"Hacinamiento Leve","hacin_score":846.9,"auto_score":353.4,"n_per":155,"n_hog":56,"source_year":2024},"geometry":{"type":"Polygon","coordinates":[[[-71.6064119559999,-35.8344163451041],[-71.6072651069999,-35.8368207301041],[-71.607110212,-35.8366762921041],[-71.6058150999999,-35.8369895801041],[-71.6060267299999,-35.837623847104],[-71.6083859839999,-35.8370667001041],[-71.6081020009999,-35.8361205811041],[-71.6079423629999,-35.8360701561041],[-71.6080699869999,-35.836015645104],[-71.6077069919999,-35.8348269321041],[-71.6074451189999,-35.8348537531041],[-71.6072769789999,-35.8340541501041],[-71.6064119559999,-35.8344163451041]]]}},{"type":"Feature","properties":{"id":"7401061002008","commune":"Linares","code":"07401","gse":"C1","quintil":"Q5","nse_score":800.1,"educ":13.0,"educ_score":666.7,"hacin":1.2,"hacin_class":"Hacinamiento Leve","hacin_score":808.5,"auto_score":295.5,"n_per":60,"n_hog":22,"source_year":2024},"geometry":{"type":"Polygon","coordinates":[[[-71.6103190499999,-35.8351397491041],[-71.611605343,-35.8346639501041],[-71.6115172319999,-35.8343578231041],[-71.6101978039999,-35.8348202631041],[-71.6103190499999,-35.8351397491041]]]}},{"type":"Feature","properties":{"id":"7401061002009","commune":"Linares","code":"07401","gse":"ABC1","quintil":"Q5","nse_score":846.5,"educ":15.0,"educ_score":800.0,"hacin":1.278,"hacin_class":"Hacinamiento Leve","hacin_score":792.0,"auto_score":111.1,"n_per":23,"n_hog":9,"source_year":2024},"geometry":{"type":"Polygon","coordinates":[[[-71.6051725879999,-35.8351931251041],[-71.606463963,-35.8348962281041],[-71.6063437969999,-35.8344860241041],[-71.6051094189999,-35.8350569391041],[-71.6051725879999,-35.8351931251041]]]}},{"type":"Feature","properties":{"id":"7401061002010","commune":"Linares","code":"07401","gse":"C1","quintil":"Q5","nse_score":791.5,"educ":13.3,"educ_score":686.7,"hacin":1.389,"hacin_class":"Hacinamiento Leve","hacin_score":768.3,"auto_score":22.7,"n_per":50,"n_hog":22,"source_year":2024},"geometry":{"type":"Polygon","coordinates":[[[-71.6078760739999,-35.8350797621041],[-71.6091785489999,-35.8347893271041],[-71.6091941339999,-35.8347674531041],[-71.6090815559999,-35.8345105791041],[-71.6077808729999,-35.8347832651041],[-71.6078760739999,-35.8350797621041]]]}},{"type":"Feature","properties":{"id":"7401061002011","commune":"Linares","code":"07401","gse":"C1","quintil":"Q5","nse_score":786.8,"educ":13.4,"educ_score":693.3,"hacin":1.27,"hacin_class":"Hacinamiento Leve","hacin_score":793.6,"auto_score":242.9,"n_per":94,"n_hog":35,"source_year":2024},"geometry":{"type":"Polygon","coordinates":[[[-71.6092754619999,-35.8347858921041],[-71.6095759059999,-35.8357182661041],[-71.6103398519999,-35.835541742104],[-71.6102353789999,-35.8352253631041],[-71.6097635759999,-35.8353405991041],[-71.6102229199999,-35.8351675171041],[-71.6101129419999,-35.8348590451041],[-71.6096893779999,-35.8349595301041],[-71.6100955829999,-35.8348061941041],[-71.6100000929999,-35.8345172841041],[-71.6092754619999,-35.8347858921041]]]}},{"type":"Feature","properties":{"id":"7401061002012","commune":"Linares","code":"07401","gse":"C2","quintil":"Q4","nse_score":764.5,"educ":13.3,"educ_score":686.7,"hacin":0.963,"hacin_class":"Sin Hacinamiento","hacin_score":858.9,"auto_score":17.9,"n_per":52,"n_hog":25,"source_year":2024},"geometry":{"type":"Polygon","coordinates":[[[-71.6104392419999,-35.8355086301041],[-71.6117141539999,-35.8350288361041],[-71.6116344969999,-35.8347216141041],[-71.6103222339999,-35.8351884091041],[-71.6104392419999,-35.8355086301041]]]}},{"type":"Feature","properties":{"id":"7401061002013","commune":"Linares","code":"07401","gse":"C1","quintil":"Q5","nse_score":798.8,"educ":13.1,"educ_score":673.3,"hacin":1.115,"hacin_class":"Hacinamiento Leve","hacin_score":826.6,"auto_score":166.7,"n_per":68,"n_hog":27,"source_year":2024},"geometry":{"type":"Polygon","coordinates":[[[-71.607968991,-35.8353850341041],[-71.6092850079999,-35.8351096551041],[-71.609218972,-35.8348459901041],[-71.6078845439999,-35.8351249141041],[-71.607968991,-35.8353850341041]]]}},{"type":"Feature","properties":{"id":"7401061002014","commune":"Linares","code":"07401","gse":"ABC1","quintil":"Q5","nse_score":902.3,"educ":15.8,"educ_score":853.3,"hacin":0.912,"hacin_class":"Sin Hacinamiento","hacin_score":869.8,"auto_score":269.2,"n_per":31,"n_hog":13,"source_year":2024},"geometry":{"type":"Polygon","coordinates":[[[-71.6053277539999,-35.835617482104],[-71.6066090409999,-35.8353118901041],[-71.606508044,-35.8349604081041],[-71.6051789379999,-35.8352395001041],[-71.6053277539999,-35.835617482104]]]}},{"type":"Feature","properties":{"id":"7401061002015","commune":"Linares","code":"07401","gse":"ABC1","quintil":"Q5","nse_score":814.8,"educ":13.8,"educ_score":720.0,"hacin":1.0,"hacin_class":"Hacinamiento Leve","hacin_score":851.1,"auto_score":71.4,"n_per":41,"n_hog":20,"source_year":2024},"geometry":{"type":"Polygon","coordinates":[[[-71.6105484919999,-35.8358709061041],[-71.6118299279999,-35.8353918091041],[-71.6117465369999,-35.8350971951041],[-71.6104441409999,-35.8355668041041],[-71.6105484919999,-35.8358709061041]]]}},{"type":"Feature","properties":{"id":"7401061002016","commune":"Linares","code":"07401","gse":"C2","quintil":"Q4","nse_score":730.1,"educ":11.4,"educ_score":560.0,"hacin":1.13,"hacin_class":"Hacinamiento Leve","hacin_score":823.3,"auto_score":159.1,"n_per":52,"n_hog":21,"source_year":2024},"geometry":{"type":"Polygon","coordinates":[[[-71.6047930779999,-35.8366572581041],[-71.6055000089999,-35.8364707111041],[-71.6050122879999,-35.8351067721041],[-71.6043467949999,-35.8354456821041],[-71.6047930779999,-35.8366572581041]]]}},{"type":"Feature","properties":{"id":"7401061002017","commune":"Linares","code":"07401","gse":"C2","quintil":"Q4","nse_score":743.5,"educ":11.9,"educ_score":593.3,"hacin":1.378,"hacin_class":"Hacinamiento Leve","hacin_score":770.7,"auto_score":166.7,"n_per":62,"n_hog":24,"source_year":2024},"geometry":{"type":"Polygon","coordinates":[[[-71.6080652229999,-35.8357004591041],[-71.6093856379999,-35.8354234021041],[-71.6093206819999,-35.8351675881041],[-71.6079769829999,-35.8354301511041],[-71.6080652229999,-35.8357004591041]]]}},{"type":"Feature","properties":{"id":"7401061002018","commune":"Linares","code":"07401","gse":"ABC1","quintil":"Q5","nse_score":854.4,"educ":14.5,"educ_score":766.7,"hacin":0.771,"hacin_class":"Sin Hacinamiento","hacin_score":899.8,"auto_score":388.9,"n_per":37,"n_hog":18,"source_year":2024},"geometry":{"type":"Polygon","coordinates":[[[-71.6054852929999,-35.8360489501041],[-71.6067636759999,-35.8357389101041],[-71.606655095,-35.8353755671041],[-71.6053334539999,-35.8356641131041],[-71.6054852929999,-35.8360489501041]]]}},{"type":"Feature","properties":{"id":"7401061002019","commune":"Linares","code":"07401","gse":"C1","quintil":"Q5","nse_score":801.7,"educ":13.9,"educ_score":726.7,"hacin":0.952,"hacin_class":"Sin Hacinamiento","hacin_score":861.2,"auto_score":131.6,"n_per":40,"n_hog":18,"source_year":2024},"geometry":{"type":"Polygon","coordinates":[[[-71.6118300899999,-35.8354418671041],[-71.6105450659999,-35.8359234291041],[-71.6107210679999,-35.8365668101041],[-71.6111550839999,-35.8364766681041],[-71.6110299739999,-35.8360527951041],[-71.6112100289999,-35.8364648291041],[-71.6116141709999,-35.8363779481041],[-71.6114657649999,-35.8358736241041],[-71.6116715799999,-35.836360745104],[-71.6121148559999,-35.8362652261041],[-71.6118300899999,-35.8354418671041]]]}},{"type":"Feature","properties":{"id":"7401061002020","commune":"Linares","code":"07401","gse":"C1","quintil":"Q5","nse_score":799.0,"educ":13.0,"educ_score":666.7,"hacin":1.047,"hacin_class":"Hacinamiento Leve","hacin_score":841.1,"auto_score":180.0,"n_per":67,"n_hog":25,"source_year":2024},"geometry":{"type":"Polygon","coordinates":[[[-71.604019391,-35.8368438211041],[-71.6047129589999,-35.8366680481041],[-71.6042644259999,-35.8354654941041],[-71.6036212469999,-35.8357994101041],[-71.604019391,-35.8368438211041]]]}},{"type":"Feature","properties":{"id":"7401061002021","commune":"Linares","code":"07401","gse":"C1","quintil":"Q5","nse_score":803.1,"educ":13.2,"educ_score":680.0,"hacin":1.031,"hacin_class":"Hacinamiento Leve","hacin_score":844.5,"auto_score":203.7,"n_per":67,"n_hog":26,"source_year":2024},"geometry":{"type":"Polygon","coordinates":[[[-71.6081638229999,-35.8360235581041],[-71.6094875859999,-35.8357446711041],[-71.6094201499999,-35.8354820921041],[-71.6080733929999,-35.8357454771041],[-71.6081638229999,-35.8360235581041]]]}},{"type":"Feature","properties":{"id":"7401061002022","commune":"Linares","code":"07401","gse":"ABC1","quintil":"Q5","nse_score":817.3,"educ":13.8,"educ_score":720.0,"hacin":0.943,"hacin_class":"Sin Hacinamiento","hacin_score":863.2,"auto_score":370.4,"n_per":66,"n_hog":27,"source_year":2024},"geometry":{"type":"Polygon","coordinates":[[[-71.6095994249999,-35.8358064831041],[-71.6099011519999,-35.8367393531041],[-71.6106425969999,-35.8365882101041],[-71.6104681439999,-35.8359629251041],[-71.6099927929999,-35.8360784541041],[-71.6104489189999,-35.8359052351041],[-71.610363521,-35.8356055451041],[-71.6095994249999,-35.8358064831041]]]}},{"type":"Feature","properties":{"id":"7401061002023","commune":"Linares","code":"07401","gse":"ABC1","quintil":"Q5","nse_score":878.6,"educ":15.0,"educ_score":800.0,"hacin":0.949,"hacin_class":"Sin Hacinamiento","hacin_score":862.0,"auto_score":250.0,"n_per":37,"n_hog":14,"source_year":2024},"geometry":{"type":"Polygon","coordinates":[[[-71.6056425559999,-35.836480217104],[-71.6069220539999,-35.8361726291041],[-71.6068093129999,-35.8358022281041],[-71.605491851,-35.8360952961041],[-71.6056425559999,-35.836480217104]]]}},{"type":"Feature","properties":{"id":"7401061002024","commune":"Linares","code":"07401","gse":"C2","quintil":"Q4","nse_score":750.2,"educ":11.8,"educ_score":586.7,"hacin":1.275,"hacin_class":"Hacinamiento Leve","hacin_score":792.6,"auto_score":27.8,"n_per":51,"n_hog":18,"source_year":2024},"geometry":{"type":"Polygon","coordinates":[[[-71.6082649279999,-35.8363504881041],[-71.6095939579999,-35.8360774031041],[-71.6095254699999,-35.8358114661041],[-71.6081736939999,-35.8360776541041],[-71.6082649279999,-35.8363504881041]]]}},{"type":"Feature","properties":{"id":"7401061002025","commune":"Linares","code":"07401","gse":"ABC1","quintil":"Q5","nse_score":861.2,"educ":15.0,"educ_score":800.0,"hacin":1.091,"hacin_class":"Hacinamiento Leve","hacin_score":831.7,"auto_score":416.7,"n_per":36,"n_hog":12,"source_year":2024},"geometry":{"type":"Polygon","coordinates":[[[-71.6033784559999,-35.8374721221041],[-71.6041063579999,-35.8372850901041],[-71.6035379369999,-35.8358327621041],[-71.6028919859999,-35.836166733104],[-71.6033784559999,-35.8374721221041]]]}},{"type":"Feature","properties":{"id":"7401061002026","commune":"Linares","code":"07401","gse":"C2","quintil":"Q4","nse_score":746.6,"educ":12.5,"educ_score":633.3,"hacin":1.145,"hacin_class":"Hacinamiento Leve","hacin_score":820.2,"auto_score":152.8,"n_per":79,"n_hog":33,"source_year":2024},"geometry":{"type":"Polygon","coordinates":[[[-71.6083650899999,-35.8366630021041],[-71.6096906079999,-35.8363915471041],[-71.6097041879999,-35.8363699131041],[-71.6096084329999,-35.8361217451041],[-71.6082754859999,-35.8363948511041],[-71.6083650899999,-35.8366630021041]]]}},{"type":"Feature","properties":{"id":"7401061002027","commune":"Linares","code":"07401","gse":"C1","quintil":"Q5","nse_score":794.1,"educ":12.7,"educ_score":646.7,"hacin":1.237,"hacin_class":"Hacinamiento Leve","hacin_score":800.6,"auto_score":214.3,"n_per":73,"n_hog":21,"source_year":2024},"geometry":{"type":"Polygon","coordinates":[[[-71.6025802269999,-35.837687714104],[-71.6033325789999,-35.837486637104],[-71.6028095209999,-35.836173027104],[-71.6021579369999,-35.8364935971041],[-71.6025802269999,-35.837687714104]]]}},{"type":"Feature","properties":{"id":"7401061002028","commune":"Linares","code":"07401","gse":"ABC1","quintil":"Q5","nse_score":832.6,"educ":14.7,"educ_score":780.0,"hacin":1.423,"hacin_class":"Hacinamiento Leve","hacin_score":761.0,"auto_score":115.4,"n_per":37,"n_hog":13,"source_year":2024},"geometry":{"type":"Polygon","coordinates":[[[-71.6057975749999,-35.8369290861041],[-71.6070910129999,-35.8366176441041],[-71.6069674639999,-35.8362351591041],[-71.605648002,-35.8365270991041],[-71.6057975749999,-35.8369290861041]]]}},{"type":"Feature","properties":{"id":"7401061002029","commune":"Linares","code":"07401","gse":"C1","quintil":"Q5","nse_score":792.6,"educ":13.4,"educ_score":693.3,"hacin":1.221,"hacin_class":"Hacinamiento Leve","hacin_score":804.0,"auto_score":203.7,"n_per":138,"n_hog":53,"source_year":2024},"geometry":{"type":"Polygon","coordinates":[[[-71.6117802229999,-35.8367901621041],[-71.6116313609999,-35.8364393011041],[-71.6112314959999,-35.8365322411041],[-71.6113373169999,-35.836875983104],[-71.611174478,-35.8365442831041],[-71.6107453139999,-35.8366384491041],[-71.6110963289999,-35.8377467701041],[-71.6115292259999,-35.8376556421041],[-71.6113893349999,-35.8370851111041],[-71.6115868889999,-35.8376481481041],[-71.6120001009999,-35.837557024104],[-71.6118645709999,-35.8369991571041],[-71.6120512179999,-35.8375463311041],[-71.6124877679999,-35.837457730104],[-71.6121415509999,-35.8363328791041],[-71.6116950859999,-35.8364278681041],[-71.6117802229999,-35.8367901621041]]]}},{"type":"Feature","properties":{"id":"7401061002030","commune":"Linares","code":"07401","gse":"C2","quintil":"Q4","nse_score":761.2,"educ":12.3,"educ_score":620.0,"hacin":1.269,"hacin_class":"Hacinamiento Leve","hacin_score":793.9,"auto_score":303.6,"n_per":85,"n_hog":28,"source_year":2024},"geometry":{"type":"Polygon","coordinates":[[[-71.6084887039999,-35.8370478581041],[-71.6098144739999,-35.8367661951041],[-71.6097286329999,-35.836446994104],[-71.6083731569999,-35.8367083741041],[-71.6084887039999,-35.8370478581041]]]}},{"type":"Feature","properties":{"id":"7401061002031","commune":"Linares","code":"07401","gse":"ABC1","quintil":"Q5","nse_score":864.6,"educ":14.2,"educ_score":746.7,"hacin":0.833,"hacin_class":"Sin Hacinamiento","hacin_score":886.5,"auto_score":62.5,"n_per":15,"n_hog":8,"source_year":2024},"geometry":{"type":"Polygon","coordinates":[[[-71.6055201429999,-35.8365468871041],[-71.6048018339999,-35.8367202001041],[-71.605020426,-35.8373328651041],[-71.6057554789999,-35.837163694104],[-71.6055201429999,-35.8365468871041]]]}},{"type":"Feature","properties":{"id":"7401061002032","commune":"Linares","code":"07401","gse":"C1","quintil":"Q5","nse_score":792.8,"educ":13.0,"educ_score":666.7,"hacin":1.075,"hacin_class":"Hacinamiento Leve","hacin_score":835.0,"auto_score":109.8,"n_per":100,"n_hog":41,"source_year":2024},"geometry":{"type":"Polygon","coordinates":[[[-71.6099344309999,-35.836854198104],[-71.6102794789999,-35.837922749104],[-71.6110137279999,-35.8377682221041],[-71.6109109539999,-35.8374425121041],[-71.6104403219999,-35.837501918104],[-71.6108964789999,-35.8374005111041],[-71.610799589,-35.8370771961041],[-71.6103156219999,-35.8371383951041],[-71.6107801519999,-35.8370290981041],[-71.6106654189999,-35.8366586921041],[-71.6099344309999,-35.836854198104]]]}},{"type":"Feature","properties":{"id":"7401061002033","commune":"Linares","code":"07401","gse":"ABC1","quintil":"Q5","nse_score":814.8,"educ":14.0,"educ_score":733.3,"hacin":1.103,"hacin_class":"Hacinamiento Leve","hacin_score":829.1,"auto_score":181.8,"n_per":32,"n_hog":11,"source_year":2024},"geometry":{"type":"Polygon","coordinates":[[[-71.6040240679999,-35.8368947981041],[-71.6042587989999,-35.8375251421041],[-71.6049610689999,-35.8373476731041],[-71.6047276639999,-35.8367263151041],[-71.6040240679999,-35.8368947981041]]]}},{"type":"Feature","properties":{"id":"7401061002034","commune":"Linares","code":"07401","gse":"C2","quintil":"Q4","nse_score":771.1,"educ":13.0,"educ_score":666.7,"hacin":1.255,"hacin_class":"Hacinamiento Leve","hacin_score":796.7,"auto_score":173.1,"n_per":59,"n_hog":25,"source_year":2024},"geometry":{"type":"Polygon","coordinates":[[[-71.6098738299999,-35.8380158481041],[-71.6102027229999,-35.837932928104],[-71.6098315589999,-35.8368245931041],[-71.6094963889999,-35.8369094281041],[-71.6098738299999,-35.8380158481041]]]}},{"type":"Feature","properties":{"id":"7401061002035","commune":"Linares","code":"07401","gse":"C2","quintil":"Q4","nse_score":775.1,"educ":13.0,"educ_score":666.7,"hacin":1.511,"hacin_class":"Hacinamiento Medio","hacin_score":742.4,"auto_score":166.7,"n_per":71,"n_hog":21,"source_year":2024},"geometry":{"type":"Polygon","coordinates":[[[-71.6094601319999,-35.838101313104],[-71.609783192,-35.8380199091041],[-71.6094101389999,-35.8369126961041],[-71.6090864879999,-35.836996115104],[-71.6094601319999,-35.838101313104]]]}},{"type":"Feature","properties":{"id":"7401061002036","commune":"Linares","code":"07401","gse":"C1","quintil":"Q5","nse_score":789.2,"educ":13.3,"educ_score":686.7,"hacin":1.326,"hacin_class":"Hacinamiento Leve","hacin_score":781.7,"auto_score":120.0,"n_per":61,"n_hog":25,"source_year":2024},"geometry":{"type":"Polygon","coordinates":[[[-71.6090492189999,-35.838186200104],[-71.6093692139999,-35.8381048781041],[-71.6090002719999,-35.8369998201041],[-71.6086813759999,-35.8370838221041],[-71.6090492189999,-35.838186200104]]]}},{"type":"Feature","properties":{"id":"7401061002037","commune":"Linares","code":"07401","gse":"C1","quintil":"Q5","nse_score":792.6,"educ":12.7,"educ_score":646.7,"hacin":1.037,"hacin_class":"Hacinamiento Leve","hacin_score":843.2,"auto_score":190.5,"n_per":56,"n_hog":22,"source_year":2024},"geometry":{"type":"Polygon","coordinates":[[[-71.6086157279999,-35.837096457104],[-71.6060602079999,-35.8377015611041],[-71.6063893039999,-35.838738724104],[-71.608952186,-35.838203983104],[-71.6088629919999,-35.8379206111041],[-71.6085317679999,-35.8379784361041],[-71.6088503529999,-35.837867214104],[-71.6087270369999,-35.8374771571041],[-71.6084283729999,-35.8375628421041],[-71.6087118759999,-35.837426061104],[-71.6086157279999,-35.837096457104]]]}},{"type":"Feature","properties":{"id":"7401061002038","commune":"Linares","code":"07401","gse":"ABC1","quintil":"Q5","nse_score":851.5,"educ":14.7,"educ_score":780.0,"hacin":1.0,"hacin_class":"Hacinamiento Leve","hacin_score":851.1,"auto_score":210.5,"n_per":50,"n_hog":19,"source_year":2024},"geometry":{"type":"Polygon","coordinates":[[[-71.6059231519999,-35.837583678104],[-71.6057641479999,-35.837215950104],[-71.6042729069999,-35.8375969411041],[-71.6044379609999,-35.8379899451041],[-71.6059231519999,-35.837583678104]]]}},{"type":"Feature","properties":{"id":"7401061002039","commune":"Linares","code":"07401","gse":"ABC1","quintil":"Q5","nse_score":854.9,"educ":14.1,"educ_score":740.0,"hacin":0.87,"hacin_class":"Sin Hacinamiento","hacin_score":878.8,"auto_score":190.5,"n_per":60,"n_hog":22,"source_year":2024},"geometry":{"type":"Polygon","coordinates":[[[-71.6028350809999,-35.838394237104],[-71.6043375659999,-35.838019161104],[-71.6041421419999,-35.8373744461041],[-71.6026131549999,-35.837732067104],[-71.6028350809999,-35.838394237104]]]}},{"type":"Feature","properties":{"id":"7401061002040","commune":"Linares","code":"07401","gse":"ABC1","quintil":"Q5","nse_score":828.3,"educ":13.3,"educ_score":686.7,"hacin":0.765,"hacin_class":"Sin Hacinamiento","hacin_score":901.1,"auto_score":83.3,"n_per":13,"n_hog":6,"source_year":2024},"geometry":{"type":"Polygon","coordinates":[[[-71.6056190839999,-35.838950283104],[-71.6063018579999,-35.838733660104],[-71.6059708219999,-35.8377719221041],[-71.605295065,-35.8379668481041],[-71.6056190839999,-35.838950283104]]]}},{"type":"Feature","properties":{"id":"7401061002041","commune":"Linares","code":"07401","gse":"C2","quintil":"Q4","nse_score":775.8,"educ":12.8,"educ_score":653.3,"hacin":1.118,"hacin_class":"Hacinamiento Leve","hacin_score":826.0,"auto_score":133.3,"n_per":38,"n_hog":15,"source_year":2024},"geometry":{"type":"Polygon","coordinates":[[[-71.6052186729999,-35.837968505104],[-71.6045148179999,-35.838150516104],[-71.6048346189999,-35.839171089104],[-71.6055141879999,-35.838976083104],[-71.6052186729999,-35.837968505104]]]}},{"type":"Feature","properties":{"id":"7401061002042","commune":"Linares","code":"07401","gse":"ABC1","quintil":"Q5","nse_score":830.9,"educ":13.8,"educ_score":720.0,"hacin":0.909,"hacin_class":"Sin Hacinamiento","hacin_score":870.4,"auto_score":272.7,"n_per":30,"n_hog":11,"source_year":2024},"geometry":{"type":"Polygon","coordinates":[[[-71.6036922469999,-35.838330591104],[-71.6040019569999,-35.839391944104],[-71.6046839449999,-35.839228436104],[-71.6043832149999,-35.8381668901041],[-71.6036922469999,-35.838330591104]]]}},{"type":"Feature","properties":{"id":"7401061002043","commune":"Linares","code":"07401","gse":"ABC1","quintil":"Q5","nse_score":838.5,"educ":14.1,"educ_score":740.0,"hacin":0.977,"hacin_class":"Sin Hacinamiento","hacin_score":856.0,"auto_score":285.7,"n_per":42,"n_hog":14,"source_year":2024},"geometry":{"type":"Polygon","coordinates":[[[-71.6032734349999,-35.839624056104],[-71.6039282229999,-35.839411576104],[-71.6035715579999,-35.8383422201041],[-71.6028913919999,-35.838550748104],[-71.6032734349999,-35.839624056104]]]}},{"type":"Feature","properties":{"id":"7401061003002","commune":"Linares","code":"07401","gse":"C3","quintil":"Q3","nse_score":691.8,"educ":10.6,"educ_score":506.7,"hacin":1.351,"hacin_class":"Hacinamiento Leve","hacin_score":776.3,"auto_score":437.5,"n_per":50,"n_hog":16,"source_year":2024},"geometry":{"type":"Polygon","coordinates":[[[-71.5964571449999,-35.8308457951042],[-71.5964168079999,-35.8312254251041],[-71.5959759699999,-35.8316238411041],[-71.5967039599999,-35.8327887831041],[-71.597308284,-35.8325222281041],[-71.5964571449999,-35.8308457951042]]]}},{"type":"Feature","properties":{"id":"7401061003004","commune":"Linares","code":"07401","gse":"ABC1","quintil":"Q5","nse_score":830.4,"educ":13.9,"educ_score":726.7,"hacin":1.088,"hacin_class":"Hacinamiento Leve","hacin_score":832.4,"auto_score":325.0,"n_per":62,"n_hog":20,"source_year":2024},"geometry":{"type":"Polygon","coordinates":[[[-71.5962030319999,-35.8329782151041],[-71.5966119249999,-35.8327875051041],[-71.5959111399999,-35.8316940231041],[-71.595594091,-35.8320163391041],[-71.5962030319999,-35.8329782151041]]]}},{"type":"Feature","properties":{"id":"7401061003006","commune":"Linares","code":"07401","gse":"C1","quintil":"Q5","nse_score":809.3,"educ":13.5,"educ_score":700.0,"hacin":0.781,"hacin_class":"Sin Hacinamiento","hacin_score":897.6,"auto_score":160.0,"n_per":50,"n_hog":24,"source_year":2024},"geometry":{"type":"Polygon","coordinates":[[[-71.5955278039999,-35.8320943841041],[-71.5942813049999,-35.8332577731041],[-71.5942760469999,-35.8333156861041],[-71.5947229329999,-35.8335809371041],[-71.595795828,-35.8325708011041],[-71.5955278039999,-35.8320943841041]]]}},{"type":"Feature","properties":{"id":"7401061003007","commune":"Linares","code":"07401","gse":"C1","quintil":"Q5","nse_score":782.9,"educ":12.2,"educ_score":613.3,"hacin":0.917,"hacin_class":"Sin Hacinamiento","hacin_score":868.8,"auto_score":230.8,"n_per":33,"n_hog":13,"source_year":2024},"geometry":{"type":"Polygon","coordinates":[[[-71.5978020659999,-35.8335137961041],[-71.5973419069999,-35.8326009751041],[-71.5967337239999,-35.8328417741041],[-71.5972744199999,-35.8337389651041],[-71.5978020659999,-35.8335137961041]]]}},{"type":"Feature","properties":{"id":"7401061003009","commune":"Linares","code":"07401","gse":"C1","quintil":"Q5","nse_score":790.1,"educ":12.8,"educ_score":653.3,"hacin":0.955,"hacin_class":"Sin Hacinamiento","hacin_score":860.7,"auto_score":147.1,"n_per":42,"n_hog":17,"source_year":2024},"geometry":{"type":"Polygon","coordinates":[[[-71.5966576699999,-35.8328856621041],[-71.596245656,-35.8330748341041],[-71.5968191499999,-35.8339434681041],[-71.5972179109999,-35.8337523411041],[-71.5966576699999,-35.8328856621041]]]}},{"type":"Feature","properties":{"id":"7401061003010","commune":"Linares","code":"07401","gse":"C2","quintil":"Q4","nse_score":775.2,"educ":13.8,"educ_score":720.0,"hacin":1.154,"hacin_class":"Hacinamiento Leve","hacin_score":818.3,"auto_score":416.7,"n_per":30,"n_hog":11,"source_year":2024},"geometry":{"type":"Polygon","coordinates":[[[-71.5953524059999,-35.8334411441041],[-71.5956158579999,-35.8338410541041],[-71.5964010679999,-35.8335131241041],[-71.5961421519999,-35.8331041111041],[-71.5953524059999,-35.8334411441041]]]}},{"type":"Feature","properties":{"id":"7401061003011","commune":"Linares","code":"07401","gse":"ABC1","quintil":"Q5","nse_score":823.9,"educ":14.8,"educ_score":786.7,"hacin":1.025,"hacin_class":"Hacinamiento Leve","hacin_score":845.7,"auto_score":388.9,"n_per":41,"n_hog":17,"source_year":2024},"geometry":{"type":"Polygon","coordinates":[[[-71.5939596509999,-35.8341953601041],[-71.5947616719999,-35.8338144451041],[-71.5940515529999,-35.8332304031041],[-71.5934435179999,-35.8338158761041],[-71.5939596509999,-35.8341953601041]]]}},{"type":"Feature","properties":{"id":"7401061003012","commune":"Linares","code":"07401","gse":"C2","quintil":"Q4","nse_score":755.9,"educ":12.1,"educ_score":606.7,"hacin":0.955,"hacin_class":"Sin Hacinamiento","hacin_score":860.7,"auto_score":100.0,"n_per":42,"n_hog":19,"source_year":2024},"geometry":{"type":"Polygon","coordinates":[[[-71.5953564389999,-35.8345235271041],[-71.5958170359999,-35.8343144081041],[-71.5951351909999,-35.8332610721041],[-71.5947449299999,-35.8336615811041],[-71.5953564389999,-35.8345235271041]]]}},{"type":"Feature","properties":{"id":"7401061003013","commune":"Linares","code":"07401","gse":"C2","quintil":"Q4","nse_score":738.1,"educ":11.6,"educ_score":573.3,"hacin":1.073,"hacin_class":"Hacinamiento Leve","hacin_score":835.5,"auto_score":151.2,"n_per":103,"n_hog":42,"source_year":2024},"geometry":{"type":"Polygon","coordinates":[[[-71.6008027629999,-35.8337812151041],[-71.6005662629999,-35.8336404561041],[-71.6002159869999,-35.8339016341041],[-71.6003299139999,-35.8340726221041],[-71.6001603679999,-35.8339410081041],[-71.598591843,-35.8347450911041],[-71.5987638439999,-35.835009106104],[-71.6011960259999,-35.8340029541041],[-71.6009863629999,-35.8333579751041],[-71.6006217919999,-35.8336025401041],[-71.6008027629999,-35.8337812151041]]]}},{"type":"Feature","properties":{"id":"7401061003014","commune":"Linares","code":"07401","gse":"C1","quintil":"Q5","nse_score":794.0,"educ":12.1,"educ_score":606.7,"hacin":0.943,"hacin_class":"Sin Hacinamiento","hacin_score":863.2,"auto_score":76.9,"n_per":33,"n_hog":13,"source_year":2024},"geometry":{"type":"Polygon","coordinates":[[[-71.5964364679999,-35.8335799591041],[-71.5956465069999,-35.8338899651041],[-71.5958862139999,-35.8343039011041],[-71.596684605,-35.8339982171041],[-71.5964364679999,-35.8335799591041]]]}},{"type":"Feature","properties":{"id":"7401061003015","commune":"Linares","code":"07401","gse":"C2","quintil":"Q4","nse_score":759.6,"educ":11.8,"educ_score":586.7,"hacin":1.346,"hacin_class":"Hacinamiento Leve","hacin_score":777.4,"auto_score":166.7,"n_per":35,"n_hog":13,"source_year":2024},"geometry":{"type":"Polygon","coordinates":[[[-71.5981388679999,-35.8340688251041],[-71.5978433599999,-35.8336074421041],[-71.5973448259999,-35.8338042071041],[-71.5976360439999,-35.8342825361041],[-71.5981388679999,-35.8340688251041]]]}},{"type":"Feature","properties":{"id":"7401061003016","commune":"Linares","code":"07401","gse":"D","quintil":"Q1","nse_score":605.1,"educ":8.3,"educ_score":353.3,"hacin":1.52,"hacin_class":"Hacinamiento Medio","hacin_score":740.4,"auto_score":250.0,"n_per":38,"n_hog":12,"source_year":2024},"geometry":{"type":"Polygon","coordinates":[[[-71.5971464129999,-35.8345079551041],[-71.5975653379999,-35.8343213471041],[-71.5972605169999,-35.8338216311041],[-71.5968130259999,-35.8340151971041],[-71.5971464129999,-35.8345079551041]]]}},{"type":"Feature","properties":{"id":"7401061003017","commune":"Linares","code":"07401","gse":"ABC1","quintil":"Q5","nse_score":832.8,"educ":14.4,"educ_score":760.0,"hacin":0.893,"hacin_class":"Sin Hacinamiento","hacin_score":873.9,"auto_score":194.4,"n_per":50,"n_hog":17,"source_year":2024},"geometry":{"type":"Polygon","coordinates":[[[-71.5940626999999,-35.8344965261041],[-71.5933965929999,-35.8338619561041],[-71.5927802519999,-35.8344476051041],[-71.5933228979999,-35.8348279661041],[-71.5940626999999,-35.8344965261041]]]}},{"type":"Feature","properties":{"id":"7401061003018","commune":"Linares","code":"07401","gse":"ABC1","quintil":"Q5","nse_score":838.3,"educ":15.4,"educ_score":826.7,"hacin":1.3,"hacin_class":"Hacinamiento Leve","hacin_score":787.2,"auto_score":392.9,"n_per":39,"n_hog":14,"source_year":2024},"geometry":{"type":"Polygon","coordinates":[[[-71.5943016569999,-35.8341443531041],[-71.5946936379999,-35.8347307611041],[-71.5952415249999,-35.8344755651041],[-71.5948309709999,-35.8339030811041],[-71.5943016569999,-35.8341443531041]]]}},{"type":"Feature","properties":{"id":"7401061003019","commune":"Linares","code":"07401","gse":"C3","quintil":"Q2","nse_score":670.5,"educ":9.5,"educ_score":433.3,"hacin":1.029,"hacin_class":"Hacinamiento Leve","hacin_score":844.8,"auto_score":62.5,"n_per":35,"n_hog":16,"source_year":2024},"geometry":{"type":"Polygon","coordinates":[[[-71.5964721869999,-35.8347868851041],[-71.5970547329999,-35.8345362761041],[-71.5967502849999,-35.8340397291041],[-71.5961456459999,-35.8342894861041],[-71.5964721869999,-35.8347868851041]]]}},{"type":"Feature","properties":{"id":"7401061003020","commune":"Linares","code":"07401","gse":"ABC1","quintil":"Q5","nse_score":815.6,"educ":14.6,"educ_score":773.3,"hacin":1.421,"hacin_class":"Hacinamiento Leve","hacin_score":761.5,"auto_score":222.2,"n_per":27,"n_hog":9,"source_year":2024},"geometry":{"type":"Polygon","coordinates":[[[-71.6009993629999,-35.8346691561041],[-71.6013591299999,-35.8345099611041],[-71.6011981069999,-35.8340808131041],[-71.6007402229999,-35.8342845141041],[-71.6009993629999,-35.8346691561041]]]}},{"type":"Feature","properties":{"id":"7401061003021","commune":"Linares","code":"07401","gse":"C3","quintil":"Q3","nse_score":694.9,"educ":10.4,"educ_score":493.3,"hacin":1.192,"hacin_class":"Hacinamiento Leve","hacin_score":810.1,"auto_score":136.4,"n_per":31,"n_hog":11,"source_year":2024},"geometry":{"type":"Polygon","coordinates":[[[-71.5984795599999,-35.8346912841041],[-71.5981830689999,-35.8341578731041],[-71.5976803879999,-35.8343621401041],[-71.5979858859999,-35.8348850001041],[-71.5984795599999,-35.8346912841041]]]}},{"type":"Feature","properties":{"id":"7401061003023","commune":"Linares","code":"07401","gse":"ABC1","quintil":"Q5","nse_score":818.1,"educ":14.0,"educ_score":733.3,"hacin":1.13,"hacin_class":"Hacinamiento Leve","hacin_score":823.3,"auto_score":333.3,"n_per":26,"n_hog":9,"source_year":2024},"geometry":{"type":"Polygon","coordinates":[[[-71.600332707,-35.8344736031041],[-71.6005838529999,-35.8348557351041],[-71.6009246519999,-35.8346996361041],[-71.6006785429999,-35.8343128891041],[-71.600332707,-35.8344736031041]]]}},{"type":"Feature","properties":{"id":"7401061003025","commune":"Linares","code":"07401","gse":"ABC1","quintil":"Q5","nse_score":874.1,"educ":15.5,"educ_score":833.3,"hacin":0.78,"hacin_class":"Sin Hacinamiento","hacin_score":897.8,"auto_score":178.6,"n_per":32,"n_hog":14,"source_year":2024},"geometry":{"type":"Polygon","coordinates":[[[-71.5943811719999,-35.8344085271041],[-71.5935649189999,-35.8347821811041],[-71.5937813319999,-35.8351290241041],[-71.5946272099999,-35.8347727561041],[-71.5943811719999,-35.8344085271041]]]}},{"type":"Feature","properties":{"id":"7401061003026","commune":"Linares","code":"07401","gse":"D","quintil":"Q2","nse_score":637.2,"educ":8.2,"educ_score":346.7,"hacin":1.107,"hacin_class":"Hacinamiento Leve","hacin_score":828.3,"auto_score":83.3,"n_per":31,"n_hog":12,"source_year":2024},"geometry":{"type":"Polygon","coordinates":[[[-71.5975014589999,-35.8351072111041],[-71.5979292759999,-35.8349357191041],[-71.5975966539999,-35.8344201441041],[-71.5971928879999,-35.8345866081041],[-71.5975014589999,-35.8351072111041]]]}},{"type":"Feature","properties":{"id":"7401061003027","commune":"Linares","code":"07401","gse":"C3","quintil":"Q3","nse_score":692.4,"educ":10.4,"educ_score":493.3,"hacin":1.375,"hacin_class":"Hacinamiento Leve","hacin_score":771.3,"auto_score":0.0,"n_per":33,"n_hog":10,"source_year":2024},"geometry":{"type":"Polygon","coordinates":[[[-71.5956831499999,-35.8344859211041],[-71.5950279689999,-35.8346784111041],[-71.5953679849999,-35.8352268731041],[-71.5959863409999,-35.8349826521041],[-71.5956831499999,-35.8344859211041]]]}},{"type":"Feature","properties":{"id":"7401061003028","commune":"Linares","code":"07401","gse":"C2","quintil":"Q4","nse_score":746.9,"educ":11.7,"educ_score":580.0,"hacin":1.111,"hacin_class":"Hacinamiento Leve","hacin_score":827.4,"auto_score":291.7,"n_per":30,"n_hog":12,"source_year":2024},"geometry":{"type":"Polygon","coordinates":[[[-71.600256295,-35.8344977901041],[-71.5996404499999,-35.8347454661041],[-71.5998291339999,-35.8351109251041],[-71.6005220689999,-35.8349021391041],[-71.600256295,-35.8344977901041]]]}},{"type":"Feature","properties":{"id":"7401061003029","commune":"Linares","code":"07401","gse":"C2","quintil":"Q4","nse_score":770.2,"educ":14.7,"educ_score":780.0,"hacin":1.189,"hacin_class":"Hacinamiento Leve","hacin_score":810.8,"auto_score":150.0,"n_per":44,"n_hog":16,"source_year":2024},"geometry":{"type":"Polygon","coordinates":[[[-71.5919764049999,-35.8357763931041],[-71.5933867929999,-35.8351330381041],[-71.5934156299999,-35.8350641381041],[-71.5926989549999,-35.8345095911041],[-71.5916997209999,-35.8354630671041],[-71.5919764049999,-35.8357763931041]]]}},{"type":"Feature","properties":{"id":"7401061003030","commune":"Linares","code":"07401","gse":"C2","quintil":"Q4","nse_score":767.7,"educ":12.5,"educ_score":633.3,"hacin":1.232,"hacin_class":"Hacinamiento Leve","hacin_score":801.7,"auto_score":217.4,"n_per":69,"n_hog":24,"source_year":2024},"geometry":{"type":"Polygon","coordinates":[[[-71.6000756169999,-35.8355264841041],[-71.601490237,-35.8349127181041],[-71.601402763,-35.8345856291041],[-71.5998939479999,-35.8351681181041],[-71.6000756169999,-35.8355264841041]]]}},{"type":"Feature","properties":{"id":"7401061003031","commune":"Linares","code":"07401","gse":"D","quintil":"Q2","nse_score":635.8,"educ":9.0,"educ_score":400.0,"hacin":1.267,"hacin_class":"Hacinamiento Leve","hacin_score":794.3,"auto_score":93.8,"n_per":38,"n_hog":16,"source_year":2024},"geometry":{"type":"Polygon","coordinates":[[[-71.5968387709999,-35.8353904031041],[-71.5974208089999,-35.8351585281041],[-71.5970848449999,-35.8346284901041],[-71.5964978539999,-35.8348585141041],[-71.5968387709999,-35.8353904031041]]]}},{"type":"Feature","properties":{"id":"7401061003032","commune":"Linares","code":"07401","gse":"D","quintil":"Q1","nse_score":603.3,"educ":9.3,"educ_score":420.0,"hacin":1.192,"hacin_class":"Hacinamiento Leve","hacin_score":810.1,"auto_score":76.9,"n_per":31,"n_hog":12,"source_year":2024},"geometry":{"type":"Polygon","coordinates":[[[-71.5945808859999,-35.8355804441041],[-71.5953033029999,-35.8352673971041],[-71.5949713969999,-35.8347202531041],[-71.5942276999999,-35.8350382641041],[-71.5945808859999,-35.8355804441041]]]}},{"type":"Feature","properties":{"id":"7401061003033","commune":"Linares","code":"07401","gse":"C3","quintil":"Q3","nse_score":689.3,"educ":10.2,"educ_score":480.0,"hacin":1.283,"hacin_class":"Hacinamiento Leve","hacin_score":790.9,"auto_score":25.0,"n_per":59,"n_hog":21,"source_year":2024},"geometry":{"type":"Polygon","coordinates":[[[-71.5995570699999,-35.8356914251041],[-71.5999796869999,-35.8355267821041],[-71.5995227209999,-35.8347840681041],[-71.5991297169999,-35.8349728381041],[-71.5995570699999,-35.8356914251041]]]}},{"type":"Feature","properties":{"id":"7401061003037","commune":"Linares","code":"07401","gse":"C3","quintil":"Q3","nse_score":697.3,"educ":10.6,"educ_score":506.7,"hacin":1.265,"hacin_class":"Hacinamiento Leve","hacin_score":794.7,"auto_score":125.0,"n_per":43,"n_hog":16,"source_year":2024},"geometry":{"type":"Polygon","coordinates":[[[-71.5990898949999,-35.8358299591041],[-71.5985765369999,-35.8349068391041],[-71.5981079999999,-35.835107512104],[-71.5986573319999,-35.8360150781041],[-71.5990898949999,-35.8358299591041]]]}},{"type":"Feature","properties":{"id":"7401061003038","commune":"Linares","code":"07401","gse":"C2","quintil":"Q4","nse_score":740.2,"educ":11.8,"educ_score":586.7,"hacin":1.132,"hacin_class":"Hacinamiento Leve","hacin_score":822.9,"auto_score":137.9,"n_per":77,"n_hog":27,"source_year":2024},"geometry":{"type":"Polygon","coordinates":[[[-71.6003455979999,-35.8359894271041],[-71.6016530289999,-35.8353959061041],[-71.6015456629999,-35.8349819961041],[-71.6001145019999,-35.8355709531041],[-71.6003455979999,-35.8359894271041]]]}},{"type":"Feature","properties":{"id":"7401061003039","commune":"Linares","code":"07401","gse":"C2","quintil":"Q3","nse_score":712.1,"educ":11.3,"educ_score":553.3,"hacin":1.619,"hacin_class":"Hacinamiento Medio","hacin_score":719.4,"auto_score":187.5,"n_per":34,"n_hog":8,"source_year":2024},"geometry":{"type":"Polygon","coordinates":[[[-71.5991958649999,-35.8358231591041],[-71.5994656559999,-35.835695641104],[-71.5990322419999,-35.8349749481041],[-71.5987765719999,-35.8351111731041],[-71.5991958649999,-35.8358231591041]]]}},{"type":"Feature","properties":{"id":"7401061003041","commune":"Linares","code":"07401","gse":"D","quintil":"Q1","nse_score":619.4,"educ":8.8,"educ_score":386.7,"hacin":1.375,"hacin_class":"Hacinamiento Leve","hacin_score":771.3,"auto_score":125.0,"n_per":33,"n_hog":12,"source_year":2024},"geometry":{"type":"Polygon","coordinates":[[[-71.5954316329999,-35.8353096911041],[-71.5957559429999,-35.8358254501041],[-71.5963676759999,-35.8355868961041],[-71.5960351129999,-35.835062303104],[-71.5954316329999,-35.8353096911041]]]}},{"type":"Feature","properties":{"id":"7401061003043","commune":"Linares","code":"07401","gse":"C2","quintil":"Q4","nse_score":767.1,"educ":12.0,"educ_score":600.0,"hacin":0.966,"hacin_class":"Sin Hacinamiento","hacin_score":858.4,"auto_score":87.0,"n_per":56,"n_hog":23,"source_year":2024},"geometry":{"type":"Polygon","coordinates":[[[-71.5944740939999,-35.8364049351041],[-71.5949136209999,-35.8361636231041],[-71.5941355849999,-35.8350988521041],[-71.5936816909999,-35.8352663751041],[-71.5944740939999,-35.8364049351041]]]}},{"type":"Feature","properties":{"id":"7401061003044","commune":"Linares","code":"07401","gse":"C2","quintil":"Q4","nse_score":744.1,"educ":11.0,"educ_score":533.3,"hacin":0.963,"hacin_class":"Sin Hacinamiento","hacin_score":858.9,"auto_score":57.7,"n_per":52,"n_hog":25,"source_year":2024},"geometry":{"type":"Polygon","coordinates":[[[-71.5985914499999,-35.8360525561041],[-71.5980538809999,-35.835130690104],[-71.5976105269999,-35.8353205741041],[-71.598187176,-35.8362460751041],[-71.5985914499999,-35.8360525561041]]]}},{"type":"Feature","properties":{"id":"7401061003045","commune":"Linares","code":"07401","gse":"ABC1","quintil":"Q5","nse_score":858.6,"educ":15.1,"educ_score":806.7,"hacin":0.828,"hacin_class":"Sin Hacinamiento","hacin_score":887.7,"auto_score":152.2,"n_per":48,"n_hog":21,"source_year":2024},"geometry":{"type":"Polygon","coordinates":[[[-71.5923707149999,-35.8361827531041],[-71.5937312679999,-35.8355672491041],[-71.5937412599999,-35.8355129531041],[-71.5934464759999,-35.8351813221041],[-71.5920827999999,-35.835814650104],[-71.5923707149999,-35.8361827531041]]]}},{"type":"Feature","properties":{"id":"7401061003046","commune":"Linares","code":"07401","gse":"C1","quintil":"Q5","nse_score":782.6,"educ":13.5,"educ_score":700.0,"hacin":1.286,"hacin_class":"Hacinamiento Leve","hacin_score":790.3,"auto_score":224.1,"n_per":81,"n_hog":29,"source_year":2024},"geometry":{"type":"Polygon","coordinates":[[[-71.5957897369999,-35.8359283721041],[-71.5964834409999,-35.8370580611041],[-71.5970718399999,-35.8367614211041],[-71.5967019289999,-35.8360889181041],[-71.597705845,-35.8356255591041],[-71.5974219749999,-35.8352261021041],[-71.5957897369999,-35.8359283721041]]]}},{"type":"Feature","properties":{"id":"7401061003047","commune":"Linares","code":"07401","gse":"C3","quintil":"Q3","nse_score":707.7,"educ":10.5,"educ_score":500.0,"hacin":1.355,"hacin_class":"Hacinamiento Leve","hacin_score":775.6,"auto_score":166.7,"n_per":42,"n_hog":12,"source_year":2024},"geometry":{"type":"Polygon","coordinates":[[[-71.5946368109999,-35.8356513411041],[-71.5950117889999,-35.8361615021041],[-71.595682801,-35.8358630841041],[-71.5953481149999,-35.8353475481041],[-71.5946368109999,-35.8356513411041]]]}},{"type":"Feature","properties":{"id":"7401061003048","commune":"Linares","code":"07401","gse":"C1","quintil":"Q5","nse_score":788.9,"educ":12.9,"educ_score":660.0,"hacin":1.241,"hacin_class":"Hacinamiento Leve","hacin_score":799.8,"auto_score":0.0,"n_per":67,"n_hog":20,"source_year":2024},"geometry":{"type":"Polygon","coordinates":[[[-71.588450743,-35.839845305104],[-71.5884638669999,-35.841402955104],[-71.5925950559999,-35.840679768104],[-71.5925180769999,-35.840217247104],[-71.5927487369999,-35.840649735104],[-71.5932356889999,-35.840543734104],[-71.5932668469999,-35.840106442104],[-71.5934477839999,-35.8401728641041],[-71.5935988169999,-35.840495856104],[-71.5941126729999,-35.840394625104],[-71.5940477429999,-35.840058030104],[-71.5941501749999,-35.839955652104],[-71.5942934329999,-35.840009846104],[-71.5944113569999,-35.840340562104],[-71.5950226519999,-35.840199207104],[-71.5946387689999,-35.839193510104],[-71.5931794529999,-35.8370618471041],[-71.5914789289999,-35.8353988081041],[-71.589427698,-35.8375393811041],[-71.5888248399999,-35.838615943104],[-71.588450743,-35.839845305104]]]}},{"type":"Feature","properties":{"id":"7401061003049","commune":"Linares","code":"07401","gse":"C2","quintil":"Q4","nse_score":729.2,"educ":11.3,"educ_score":553.3,"hacin":1.127,"hacin_class":"Hacinamiento Leve","hacin_score":824.1,"auto_score":121.2,"n_per":80,"n_hog":31,"source_year":2024},"geometry":{"type":"Polygon","coordinates":[[[-71.6003778629999,-35.8360418011041],[-71.600660376,-35.8365846211041],[-71.6013884309999,-35.8363705621041],[-71.6019143959999,-35.8360482111041],[-71.6018113829999,-35.8358070851041],[-71.6013029219999,-35.8360181651041],[-71.6017965459999,-35.8357443141041],[-71.6016691169999,-35.8354509031041],[-71.6003778629999,-35.8360418011041]]]}},{"type":"Feature","properties":{"id":"7401061003050","commune":"Linares","code":"07401","gse":"C1","quintil":"Q5","nse_score":788.0,"educ":12.9,"educ_score":660.0,"hacin":0.864,"hacin_class":"Sin Hacinamiento","hacin_score":880.1,"auto_score":133.3,"n_per":38,"n_hog":15,"source_year":2024},"geometry":{"type":"Polygon","coordinates":[[[-71.5940686009999,-35.8365784621041],[-71.5943760919999,-35.8364185941041],[-71.5938116919999,-35.8356150851041],[-71.5934914769999,-35.8357346661041],[-71.5940686009999,-35.8365784621041]]]}},{"type":"Feature","properties":{"id":"7401061003051","commune":"Linares","code":"07401","gse":"C3","quintil":"Q3","nse_score":683.1,"educ":10.7,"educ_score":513.3,"hacin":1.3,"hacin_class":"Hacinamiento Leve","hacin_score":787.2,"auto_score":104.2,"n_per":65,"n_hog":24,"source_year":2024},"geometry":{"type":"Polygon","coordinates":[[[-71.6001510699999,-35.8367518171041],[-71.6005717389999,-35.8365820341041],[-71.5999790239999,-35.8356124231041],[-71.5995821189999,-35.835787759104],[-71.6001510699999,-35.8367518171041]]]}},{"type":"Feature","properties":{"id":"7401061003052","commune":"Linares","code":"07401","gse":"C2","quintil":"Q4","nse_score":723.6,"educ":12.1,"educ_score":606.7,"hacin":1.061,"hacin_class":"Hacinamiento Leve","hacin_score":838.2,"auto_score":88.2,"n_per":35,"n_hog":16,"source_year":2024},"geometry":{"type":"Polygon","coordinates":[[[-71.5971398579999,-35.8367120521041],[-71.5981005029999,-35.8362930161041],[-71.5977771199999,-35.8357321761041],[-71.5967755029999,-35.8360963411041],[-71.5971398579999,-35.8367120521041]]]}},{"type":"Feature","properties":{"id":"7401061003053","commune":"Linares","code":"07401","gse":"ABC1","quintil":"Q5","nse_score":838.2,"educ":15.3,"educ_score":820.0,"hacin":1.316,"hacin_class":"Hacinamiento Leve","hacin_score":783.9,"auto_score":208.3,"n_per":25,"n_hog":12,"source_year":2024},"geometry":{"type":"Polygon","coordinates":[[[-71.5936759269999,-35.8367715001041],[-71.5940035119999,-35.8365978941041],[-71.5933778389999,-35.8357821861041],[-71.5930939479999,-35.8359550611041],[-71.5936759269999,-35.8367715001041]]]}},{"type":"Feature","properties":{"id":"7401061003054","commune":"Linares","code":"07401","gse":"C3","quintil":"Q2","nse_score":657.5,"educ":10.1,"educ_score":473.3,"hacin":1.28,"hacin_class":"Hacinamiento Leve","hacin_score":791.5,"auto_score":153.8,"n_per":32,"n_hog":14,"source_year":2024},"geometry":{"type":"Polygon","coordinates":[[[-71.5997786439999,-35.8368260571041],[-71.6000627789999,-35.8367589521041],[-71.5995263649999,-35.8358069931041],[-71.5992424159999,-35.8358717251041],[-71.5997786439999,-35.8368260571041]]]}},{"type":"Feature","properties":{"id":"7401061003056","commune":"Linares","code":"07401","gse":"C3","quintil":"Q3","nse_score":690.6,"educ":13.4,"educ_score":693.3,"hacin":1.267,"hacin_class":"Hacinamiento Leve","hacin_score":794.3,"auto_score":187.5,"n_per":19,"n_hog":7,"source_year":2024},"geometry":{"type":"Polygon","coordinates":[[[-71.5952063169999,-35.8365099491041],[-71.5958617999999,-35.8361972131041],[-71.5957336359999,-35.8359476111041],[-71.5950401129999,-35.8362239831041],[-71.5952063169999,-35.8365099491041]]]}},{"type":"Feature","properties":{"id":"7401061003057","commune":"Linares","code":"07401","gse":"ABC1","quintil":"Q5","nse_score":830.4,"educ":14.1,"educ_score":740.0,"hacin":0.967,"hacin_class":"Sin Hacinamiento","hacin_score":858.2,"auto_score":76.9,"n_per":29,"n_hog":13,"source_year":2024},"geometry":{"type":"Polygon","coordinates":[[[-71.5932098039999,-35.8369822931041],[-71.5935961659999,-35.8367824501041],[-71.5930416479999,-35.8359742171041],[-71.5924436749999,-35.8362214711041],[-71.5932098039999,-35.8369822931041]]]}},{"type":"Feature","properties":{"id":"7401061003058","commune":"Linares","code":"07401","gse":"C2","quintil":"Q4","nse_score":774.6,"educ":11.8,"educ_score":586.7,"hacin":1.0,"hacin_class":"Hacinamiento Leve","hacin_score":851.1,"auto_score":192.3,"n_per":26,"n_hog":13,"source_year":2024},"geometry":{"type":"Polygon","coordinates":[[[-71.5985720199999,-35.8368845221041],[-71.5989977229999,-35.8367059681041],[-71.5986275719999,-35.8361419071041],[-71.5982424139999,-35.8363169861041],[-71.5985720199999,-35.8368845221041]]]}},{"type":"Feature","properties":{"id":"7401061003059","commune":"Linares","code":"07401","gse":"C2","quintil":"Q4","nse_score":767.6,"educ":12.5,"educ_score":633.3,"hacin":1.174,"hacin_class":"Hacinamiento Leve","hacin_score":814.1,"auto_score":200.0,"n_per":27,"n_hog":11,"source_year":2024},"geometry":{"type":"Polygon","coordinates":[[[-71.6011301969999,-35.8365090711041],[-71.6012980149999,-35.8367998521041],[-71.6020465919999,-35.836437496104],[-71.6019176729999,-35.8361738161041],[-71.6011301969999,-35.8365090711041]]]}},{"type":"Feature","properties":{"id":"7401061003060","commune":"Linares","code":"07401","gse":"C1","quintil":"Q5","nse_score":786.4,"educ":13.1,"educ_score":673.3,"hacin":1.152,"hacin_class":"Hacinamiento Leve","hacin_score":818.7,"auto_score":214.3,"n_per":53,"n_hog":20,"source_year":2024},"geometry":{"type":"Polygon","coordinates":[[[-71.5952951059999,-35.8365654841041],[-71.5958303539999,-35.8373335631041],[-71.5964339069999,-35.8370771581041],[-71.5959280969999,-35.8362678861041],[-71.5952951059999,-35.8365654841041]]]}},{"type":"Feature","properties":{"id":"7401061003062","commune":"Linares","code":"07401","gse":"C2","quintil":"Q4","nse_score":728.7,"educ":12.0,"educ_score":600.0,"hacin":0.971,"hacin_class":"Sin Hacinamiento","hacin_score":857.2,"auto_score":122.8,"n_per":135,"n_hog":58,"source_year":2024},"geometry":{"type":"Polygon","coordinates":[[[-71.5979499709999,-35.8371074651041],[-71.5976004959999,-35.8366057751041],[-71.5971896499999,-35.8367994331041],[-71.5984578299999,-35.838858568104],[-71.599232217,-35.8387066121041],[-71.5985262849999,-35.8369282521041],[-71.5981671459999,-35.8363636801041],[-71.5976739319999,-35.8365771471041],[-71.5979499709999,-35.8371074651041]]]}},{"type":"Feature","properties":{"id":"7401061003065","commune":"Linares","code":"07401","gse":"C2","quintil":"Q4","nse_score":746.3,"educ":13.3,"educ_score":686.7,"hacin":1.243,"hacin_class":"Hacinamiento Leve","hacin_score":799.3,"auto_score":90.9,"n_per":46,"n_hog":19,"source_year":2024},"geometry":{"type":"Polygon","coordinates":[[[-71.5952700249999,-35.8375259381041],[-71.5957250819999,-35.837308798104],[-71.5952452629999,-35.8366549341041],[-71.5948141619999,-35.8368765671041],[-71.5952700249999,-35.8375259381041]]]}},{"type":"Feature","properties":{"id":"7401061003069","commune":"Linares","code":"07401","gse":"C2","quintil":"Q4","nse_score":774.2,"educ":12.2,"educ_score":613.3,"hacin":1.091,"hacin_class":"Hacinamiento Leve","hacin_score":831.7,"auto_score":161.8,"n_per":84,"n_hog":34,"source_year":2024},"geometry":{"type":"Polygon","coordinates":[[[-71.5996404039999,-35.836816990104],[-71.5992252019999,-35.8369679381041],[-71.6004654269999,-35.8388556741041],[-71.6008482389999,-35.838820344104],[-71.5996404039999,-35.836816990104]]]}},{"type":"Feature","properties":{"id":"7401061003070","commune":"Linares","code":"07401","gse":"C1","quintil":"Q5","nse_score":788.5,"educ":14.4,"educ_score":760.0,"hacin":1.28,"hacin_class":"Hacinamiento Leve","hacin_score":791.4,"auto_score":252.1,"n_per":315,"n_hog":110,"source_year":2024},"geometry":{"type":"Polygon","coordinates":[[[-71.5960394139999,-35.8376913321041],[-71.5957615029999,-35.837383265104],[-71.5953450969999,-35.8376307291041],[-71.5954952339999,-35.837972403104],[-71.5952317489999,-35.8376268661041],[-71.5949234129999,-35.837769215104],[-71.5951239909999,-35.838140745104],[-71.5948873709999,-35.837786506104],[-71.5945897899999,-35.8379328771041],[-71.5947585409999,-35.8383256501041],[-71.594490446,-35.837988206104],[-71.5940506649999,-35.838200359104],[-71.5945046919999,-35.838897881104],[-71.5952425759999,-35.838696057104],[-71.5951033419999,-35.8384822251041],[-71.5946642119999,-35.838605715104],[-71.5950581389999,-35.8384361871041],[-71.5950533149999,-35.8382387931041],[-71.5953368699999,-35.838677886104],[-71.5958437789999,-35.838556111104],[-71.5955759049999,-35.837992407104],[-71.5959431149999,-35.838510467104],[-71.5963354659999,-35.8383309591041],[-71.5961095429999,-35.8377527941041],[-71.5969598039999,-35.8391106181041],[-71.5967514629999,-35.838957796104],[-71.5953911169999,-35.839304155104],[-71.5955553139999,-35.839805873104],[-71.5954652989999,-35.839827785104],[-71.595049318,-35.838845574104],[-71.5945383099999,-35.8389398521041],[-71.5951392399999,-35.840210207104],[-71.5994430529999,-35.839188764104],[-71.5992427259999,-35.838742438104],[-71.5984468039999,-35.838912886104],[-71.5971305329999,-35.836832257104],[-71.5958911299999,-35.8373728091041],[-71.5960394139999,-35.8376913321041]]]}},{"type":"Feature","properties":{"id":"7401061003071","commune":"Linares","code":"07401","gse":"C2","quintil":"Q4","nse_score":741.2,"educ":13.2,"educ_score":680.0,"hacin":1.353,"hacin_class":"Hacinamiento Leve","hacin_score":776.0,"auto_score":45.5,"n_per":23,"n_hog":9,"source_year":2024},"geometry":{"type":"Polygon","coordinates":[[[-71.5934866889999,-35.8373932101041],[-71.5939248549999,-35.837198975104],[-71.5936928169999,-35.8368546261041],[-71.5932574799999,-35.8370466421041],[-71.5934866889999,-35.8373932101041]]]}},{"type":"Feature","properties":{"id":"7401061003072","commune":"Linares","code":"07401","gse":"C2","quintil":"Q4","nse_score":758.5,"educ":13.5,"educ_score":700.0,"hacin":1.795,"hacin_class":"Hacinamiento Medio","hacin_score":681.9,"auto_score":173.9,"n_per":70,"n_hog":22,"source_year":2024},"geometry":{"type":"Polygon","coordinates":[[[-71.5948360769999,-35.837745694104],[-71.5952015739999,-35.8375589631041],[-71.5947061459999,-35.8368981801041],[-71.5943656599999,-35.8370858011041],[-71.5948360769999,-35.837745694104]]]}},{"type":"Feature","properties":{"id":"7401061003073","commune":"Linares","code":"07401","gse":"C1","quintil":"Q5","nse_score":789.2,"educ":13.1,"educ_score":673.3,"hacin":0.929,"hacin_class":"Sin Hacinamiento","hacin_score":866.3,"auto_score":200.0,"n_per":13,"n_hog":5,"source_year":2024},"geometry":{"type":"Polygon","coordinates":[[[-71.5987060159999,-35.8371677211041],[-71.5988646889999,-35.837493271104],[-71.5993597649999,-35.837347358104],[-71.5991441589999,-35.8370050141041],[-71.5987060159999,-35.8371677211041]]]}},{"type":"Feature","properties":{"id":"7401061003075","commune":"Linares","code":"07401","gse":"C2","quintil":"Q4","nse_score":769.1,"educ":13.2,"educ_score":680.0,"hacin":1.756,"hacin_class":"Hacinamiento Medio","hacin_score":690.2,"auto_score":300.0,"n_per":72,"n_hog":20,"source_year":2024},"geometry":{"type":"Polygon","coordinates":[[[-71.5940071329999,-35.8381230521041],[-71.5945169379999,-35.8378976321041],[-71.594035458,-35.8372281321041],[-71.5935382669999,-35.8374687091041],[-71.5940071329999,-35.8381230521041]]]}},{"type":"Feature","properties":{"id":"7401061003076","commune":"Linares","code":"07401","gse":"C2","quintil":"Q3","nse_score":716.8,"educ":10.9,"educ_score":526.7,"hacin":1.085,"hacin_class":"Hacinamiento Leve","hacin_score":832.9,"auto_score":140.6,"n_per":89,"n_hog":31,"source_year":2024},"geometry":{"type":"Polygon","coordinates":[[[-71.5999938419999,-35.839032629104],[-71.600403346,-35.838893071104],[-71.5994382149999,-35.837408752104],[-71.5990487299999,-35.8374937951041],[-71.5999938419999,-35.839032629104]]]}},{"type":"Feature","properties":{"id":"7401061003077","commune":"Linares","code":"07401","gse":"C2","quintil":"Q3","nse_score":710.7,"educ":12.3,"educ_score":620.0,"hacin":0.971,"hacin_class":"Sin Hacinamiento","hacin_score":857.3,"auto_score":83.3,"n_per":33,"n_hog":18,"source_year":2024},"geometry":{"type":"Polygon","coordinates":[[[-71.5995571999999,-35.839170836104],[-71.5999252519999,-35.839029607104],[-71.5989940549999,-35.8375355371041],[-71.5988871929999,-35.8375468631041],[-71.5995571999999,-35.839170836104]]]}},{"type":"Feature","properties":{"id":"7401061003078","commune":"Linares","code":"07401","gse":"ABC1","quintil":"Q5","nse_score":909.6,"educ":16.4,"educ_score":893.3,"hacin":0.864,"hacin_class":"Sin Hacinamiento","hacin_score":880.1,"auto_score":176.5,"n_per":38,"n_hog":17,"source_year":2024},"geometry":{"type":"Polygon","coordinates":[[[-71.5953292539999,-35.839223484104],[-71.5966555499999,-35.838894724104],[-71.5966935319999,-35.838842039104],[-71.5963611039999,-35.838406879104],[-71.5951475689999,-35.838799453104],[-71.5953292539999,-35.839223484104]]]}},{"type":"Feature","properties":{"id":"7401061003061","commune":"Linares","code":"07401","gse":"C2","quintil":"Q3","nse_score":716.0,"educ":12.2,"educ_score":613.3,"hacin":1.188,"hacin_class":"Hacinamiento Leve","hacin_score":811.2,"auto_score":136.4,"n_per":19,"n_hog":9,"source_year":2024},"geometry":{"type":"MultiPolygon","coordinates":[[[[-71.5940022799999,-35.837134963104],[-71.5946847349999,-35.8368355501041],[-71.5944725009999,-35.8365111511041],[-71.5937515569999,-35.836806134104],[-71.5940022799999,-35.837134963104]]],[[[-71.5947454869999,-35.8367891711041],[-71.5951590519999,-35.8366044771041],[-71.5949623209999,-35.8362887571041],[-71.5945154779999,-35.8364606501041],[-71.5947454869999,-35.8367891711041]]]]}},{"type":"Feature","properties":{"id":"7401061003055","commune":"Linares","code":"07401","gse":"C2","quintil":"Q4","nse_score":771.3,"educ":13.4,"educ_score":693.3,"hacin":0.864,"hacin_class":"Sin Hacinamiento","hacin_score":880.1,"auto_score":250.0,"n_per":19,"n_hog":9,"source_year":2024},"geometry":{"type":"MultiPolygon","coordinates":[[[[-71.6000786469999,-35.8367873471041],[-71.5997510749999,-35.8368492371041],[-71.5999369669999,-35.8371636121041],[-71.600232032,-35.837089624104],[-71.6000786469999,-35.8367873471041]]],[[[-71.5987126129999,-35.836108521104],[-71.5992114889999,-35.8369453761041],[-71.5996276509999,-35.8367940801041],[-71.5991036959999,-35.8359243001041],[-71.5987126129999,-35.836108521104]]]]}},{"type":"Feature","properties":{"id":"7401061004003","commune":"Linares","code":"07401","gse":"C2","quintil":"Q4","nse_score":757.7,"educ":12.5,"educ_score":633.3,"hacin":1.238,"hacin_class":"Hacinamiento Leve","hacin_score":800.4,"auto_score":239.3,"n_per":385,"n_hog":131,"source_year":2024},"geometry":{"type":"Polygon","coordinates":[[[-71.5985714369999,-35.8287545471042],[-71.5974685889999,-35.8298089671042],[-71.5975891169999,-35.8297183141041],[-71.5982635539999,-35.8300042911042],[-71.5979262049999,-35.8294282191042],[-71.5983032529999,-35.8299169641041],[-71.5985901499999,-35.8293111621042],[-71.5983020189999,-35.8292107061041],[-71.5986086589999,-35.8292639611041],[-71.5987221199999,-35.8290324321042],[-71.5983172779999,-35.8300280401041],[-71.5986937419999,-35.8301366481041],[-71.5991452899999,-35.8291683891042],[-71.5987439469999,-35.8301623481041],[-71.5991181069999,-35.8302694841041],[-71.5995680019999,-35.8293006731041],[-71.5991676099999,-35.8302958301041],[-71.5995435419999,-35.8304044421041],[-71.5999631489999,-35.8295085971041],[-71.5995937779999,-35.8304300921041],[-71.5999749179999,-35.8305425711042],[-71.6003025439999,-35.8299197551041],[-71.6000240449999,-35.8305644911042],[-71.6003720749999,-35.8306699901041],[-71.6005843149999,-35.8303546291041],[-71.6003224939999,-35.8307502841041],[-71.6015163039999,-35.8311294501041],[-71.6019190249999,-35.8304981881041],[-71.6018546419999,-35.8303881621041],[-71.6007398229999,-35.8300667651041],[-71.6010120039999,-35.8305322501041],[-71.6001499209999,-35.8293425401041],[-71.5992297509999,-35.8289062931041],[-71.5985714369999,-35.8287545471042]]]}},{"type":"Feature","properties":{"id":"7401061004004","commune":"Linares","code":"07401","gse":"C1","quintil":"Q5","nse_score":781.2,"educ":12.8,"educ_score":653.3,"hacin":1.2,"hacin_class":"Hacinamiento Leve","hacin_score":808.5,"auto_score":295.5,"n_per":138,"n_hog":44,"source_year":2024},"geometry":{"type":"Polygon","coordinates":[[[-71.6080221819999,-35.8306565111041],[-71.6076210089999,-35.8312600951041],[-71.6075926659999,-35.8316792141041],[-71.6074366199999,-35.8316595801041],[-71.6073399539999,-35.8322905441041],[-71.6077191609999,-35.8323208951041],[-71.6078075479999,-35.8314968921041],[-71.6082522029999,-35.8306961891041],[-71.6082266579999,-35.8308411831041],[-71.6094946139999,-35.8309218981041],[-71.6105947519999,-35.8309739511041],[-71.6106688669999,-35.8308298651041],[-71.6106168059999,-35.8319336781041],[-71.6109499639999,-35.8322469831041],[-71.6112276129999,-35.8320459271041],[-71.6112435289999,-35.8309255111041],[-71.61128414,-35.8320076151041],[-71.6133846399999,-35.8306284481041],[-71.6133162399999,-35.8299643751041],[-71.6102885709999,-35.8290326991041],[-71.6092601619999,-35.8297192861041],[-71.6090736949999,-35.8302776511042],[-71.6084633429999,-35.8304080801041],[-71.6080221819999,-35.8306565111041]]]}},{"type":"Feature","properties":{"id":"7401061004005","commune":"Linares","code":"07401","gse":"C2","quintil":"Q4","nse_score":753.5,"educ":11.9,"educ_score":593.3,"hacin":1.21,"hacin_class":"Hacinamiento Leve","hacin_score":806.3,"auto_score":222.8,"n_per":276,"n_hog":101,"source_year":2024},"geometry":{"type":"Polygon","coordinates":[[[-71.6006817529999,-35.8300056831042],[-71.601957233,-35.8304408491041],[-71.6022205449999,-35.8301210791041],[-71.6015671439999,-35.8311455231041],[-71.6032432849999,-35.8316598081041],[-71.6023540759999,-35.8313544831041],[-71.6037902169999,-35.8309370331041],[-71.6042248129999,-35.8311382341041],[-71.6043237999999,-35.8305629061041],[-71.6043642619999,-35.8310096901041],[-71.6041499419999,-35.8314602931041],[-71.6046502479999,-35.8316155371041],[-71.6041299599999,-35.8315023031041],[-71.6039868559999,-35.8318031741041],[-71.6054542709999,-35.8323009611041],[-71.6046511449999,-35.8308097531041],[-71.6055539199999,-35.8323333491041],[-71.6059463389999,-35.8324464621041],[-71.6060414159999,-35.8321164061041],[-71.6053657659999,-35.8311518451041],[-71.6051262769999,-35.8310340021041],[-71.6048074829999,-35.8304494961041],[-71.6003409529999,-35.8291460411042],[-71.6001623809999,-35.8293008801041],[-71.6006817529999,-35.8300056831042]]]}},{"type":"Feature","properties":{"id":"7401061004007","commune":"Linares","code":"07401","gse":"C1","quintil":"Q5","nse_score":811.2,"educ":14.8,"educ_score":786.7,"hacin":1.4,"hacin_class":"Hacinamiento Leve","hacin_score":766.0,"auto_score":333.3,"n_per":35,"n_hog":11,"source_year":2024},"geometry":{"type":"Polygon","coordinates":[[[-71.5967117989999,-35.8311172741041],[-71.5978231229999,-35.8300449041041],[-71.5978234229999,-35.8300272631041],[-71.5974538869999,-35.8298232611041],[-71.5965095779999,-35.8307614461041],[-71.5967117989999,-35.8311172741041]]]}},{"type":"Feature","properties":{"id":"7401061004009","commune":"Linares","code":"07401","gse":"ABC1","quintil":"Q5","nse_score":816.8,"educ":13.6,"educ_score":706.7,"hacin":1.133,"hacin_class":"Hacinamiento Leve","hacin_score":822.8,"auto_score":297.6,"n_per":341,"n_hog":127,"source_year":2024},"geometry":{"type":"Polygon","coordinates":[[[-71.5992920879999,-35.8323963391041],[-71.5989186549999,-35.8318721351041],[-71.5984490509999,-35.8320915281041],[-71.5987919599999,-35.8326135461041],[-71.5984021159999,-35.8321118871041],[-71.5979438369999,-35.8323144381041],[-71.5982900409999,-35.8328485391041],[-71.5978942679999,-35.8323414561041],[-71.5974041829999,-35.8325667151041],[-71.5978718129999,-35.8335054211041],[-71.598413348,-35.8332913741041],[-71.5981746409999,-35.8330030481041],[-71.5995729059999,-35.8342479351041],[-71.6001273369999,-35.8338744211041],[-71.5998421629999,-35.8335890261041],[-71.5995094299999,-35.8337731021041],[-71.5998079689999,-35.8335459441041],[-71.5995974259999,-35.8332770851041],[-71.5991827959999,-35.8334534481041],[-71.5995678459999,-35.8332394971041],[-71.5993986089999,-35.8329700131041],[-71.5989226589999,-35.8331579341041],[-71.598659972,-35.8327675831041],[-71.5991625449999,-35.8325296921041],[-71.5992859469999,-35.8326555181041],[-71.5997782179999,-35.8322953781041],[-71.5984025139999,-35.8302001011041],[-71.5978987749999,-35.8300564031042],[-71.5978116989999,-35.8301563221041],[-71.5992920879999,-35.8323963391041]]]}},{"type":"Feature","properties":{"id":"7401061004011","commune":"Linares","code":"07401","gse":"ABC1","quintil":"Q5","nse_score":867.6,"educ":15.7,"educ_score":846.7,"hacin":1.079,"hacin_class":"Hacinamiento Leve","hacin_score":834.3,"auto_score":285.7,"n_per":41,"n_hog":13,"source_year":2024},"geometry":{"type":"Polygon","coordinates":[[[-71.5979569369999,-35.8313145451041],[-71.5983780269999,-35.8311048681041],[-71.5977468579999,-35.8302114291041],[-71.597405825,-35.8305458841041],[-71.5979569369999,-35.8313145451041]]]}},{"type":"Feature","properties":{"id":"7401061004013","commune":"Linares","code":"07401","gse":"C1","quintil":"Q5","nse_score":792.7,"educ":12.7,"educ_score":646.7,"hacin":1.103,"hacin_class":"Hacinamiento Leve","hacin_score":829.1,"auto_score":279.4,"n_per":96,"n_hog":34,"source_year":2024},"geometry":{"type":"Polygon","coordinates":[[[-71.5985282859999,-35.8302455811041],[-71.5992533169999,-35.8313701451041],[-71.6001451219999,-35.8310160241041],[-71.5999397249999,-35.8306827581041],[-71.5993481179999,-35.8309313361041],[-71.5998480169999,-35.8306590711041],[-71.5985282859999,-35.8302455811041]]]}},{"type":"Feature","properties":{"id":"7401061004016","commune":"Linares","code":"07401","gse":"ABC1","quintil":"Q5","nse_score":876.2,"educ":16.4,"educ_score":893.3,"hacin":1.375,"hacin_class":"Hacinamiento Leve","hacin_score":771.3,"auto_score":187.5,"n_per":22,"n_hog":8,"source_year":2024},"geometry":{"type":"Polygon","coordinates":[[[-71.5974465039999,-35.8315444201041],[-71.5978769149999,-35.8313324261041],[-71.5973582459999,-35.8305886641041],[-71.5970053899999,-35.8309303471041],[-71.5974465039999,-35.8315444201041]]]}},{"type":"Feature","properties":{"id":"7401061004018","commune":"Linares","code":"07401","gse":"ABC1","quintil":"Q5","nse_score":838.8,"educ":14.5,"educ_score":766.7,"hacin":1.364,"hacin_class":"Hacinamiento Leve","hacin_score":773.7,"auto_score":300.0,"n_per":15,"n_hog":5,"source_year":2024},"geometry":{"type":"Polygon","coordinates":[[[-71.6001143559999,-35.8307470671041],[-71.6003639689999,-35.8313647011041],[-71.6010026049999,-35.8310354561041],[-71.6001143559999,-35.8307470671041]]]}},{"type":"Feature","properties":{"id":"7401061004019","commune":"Linares","code":"07401","gse":"C1","quintil":"Q5","nse_score":790.6,"educ":13.6,"educ_score":706.7,"hacin":1.172,"hacin_class":"Hacinamiento Leve","hacin_score":814.4,"auto_score":590.9,"n_per":34,"n_hog":11,"source_year":2024},"geometry":{"type":"Polygon","coordinates":[[[-71.6082644969999,-35.8314567451041],[-71.6086895549999,-35.8314758351041],[-71.6086843959999,-35.8309293171041],[-71.6082714109999,-35.8309101501042],[-71.6082644969999,-35.8314567451041]]]}},{"type":"Feature","properties":{"id":"7401061004021","commune":"Linares","code":"07401","gse":"ABC1","quintil":"Q5","nse_score":862.0,"educ":14.5,"educ_score":766.7,"hacin":1.0,"hacin_class":"Hacinamiento Leve","hacin_score":851.1,"auto_score":636.4,"n_per":28,"n_hog":11,"source_year":2024},"geometry":{"type":"Polygon","coordinates":[[[-71.6091587249999,-35.8315016821041],[-71.6091662299999,-35.8309660951041],[-71.6087620509999,-35.8309368711041],[-71.6087558279999,-35.8314816231041],[-71.6091587249999,-35.8315016821041]]]}},{"type":"Feature","properties":{"id":"7401061004022","commune":"Linares","code":"07401","gse":"C1","quintil":"Q5","nse_score":782.1,"educ":13.2,"educ_score":680.0,"hacin":1.238,"hacin_class":"Hacinamiento Leve","hacin_score":800.4,"auto_score":100.0,"n_per":26,"n_hog":10,"source_year":2024},"geometry":{"type":"Polygon","coordinates":[[[-71.6092266409999,-35.8309875421041],[-71.6092175599999,-35.8315337891041],[-71.6096220619999,-35.8316070191041],[-71.6096441599999,-35.8309961911041],[-71.6092266409999,-35.8309875421041]]]}},{"type":"Feature","properties":{"id":"7401061004023","commune":"Linares","code":"07401","gse":"ABC1","quintil":"Q5","nse_score":910.4,"educ":17.0,"educ_score":933.3,"hacin":1.286,"hacin_class":"Hacinamiento Leve","hacin_score":790.3,"auto_score":500.0,"n_per":18,"n_hog":5,"source_year":2024},"geometry":{"type":"Polygon","coordinates":[[[-71.5970298829999,-35.8317320431041],[-71.5973664859999,-35.8315624231041],[-71.5969579549999,-35.8309749741042],[-71.5967273249999,-35.8311985801041],[-71.5970298829999,-35.8317320431041]]]}},{"type":"Feature","properties":{"id":"7401061004024","commune":"Linares","code":"07401","gse":"C1","quintil":"Q5","nse_score":795.8,"educ":14.0,"educ_score":733.3,"hacin":1.226,"hacin_class":"Hacinamiento Leve","hacin_score":803.0,"auto_score":346.2,"n_per":38,"n_hog":12,"source_year":2024},"geometry":{"type":"Polygon","coordinates":[[[-71.6101124219999,-35.8317094811041],[-71.6101167699999,-35.8310197211041],[-71.6097189039999,-35.8309919111041],[-71.6096928679999,-35.8316252741041],[-71.6101124219999,-35.8317094811041]]]}},{"type":"Feature","properties":{"id":"7401061004025","commune":"Linares","code":"07401","gse":"C1","quintil":"Q5","nse_score":805.3,"educ":14.1,"educ_score":740.0,"hacin":1.286,"hacin_class":"Hacinamiento Leve","hacin_score":790.3,"auto_score":250.0,"n_per":54,"n_hog":18,"source_year":2024},"geometry":{"type":"Polygon","coordinates":[[[-71.6105718669999,-35.8318821331041],[-71.6106058079999,-35.8310470441041],[-71.6101935699999,-35.8310122731041],[-71.6101691909999,-35.8317542371041],[-71.6105718669999,-35.8318821331041]]]}},{"type":"Feature","properties":{"id":"7401061004026","commune":"Linares","code":"07401","gse":"C2","quintil":"Q4","nse_score":735.2,"educ":11.9,"educ_score":593.3,"hacin":1.256,"hacin_class":"Hacinamiento Leve","hacin_score":796.6,"auto_score":133.9,"n_per":162,"n_hog":56,"source_year":2024},"geometry":{"type":"Polygon","coordinates":[[[-71.603656569,-35.8310313881041],[-71.6027094869999,-35.8313537761041],[-71.6026937469999,-35.8313859571041],[-71.6039124149999,-35.8317716161041],[-71.6040458559999,-35.8314806451041],[-71.6034816649999,-35.8312535701041],[-71.6040674219999,-35.8314312151041],[-71.6041932709999,-35.8311877621041],[-71.603656569,-35.8310313881041]]]}},{"type":"Feature","properties":{"id":"7401061004027","commune":"Linares","code":"07401","gse":"ABC1","quintil":"Q5","nse_score":822.4,"educ":13.2,"educ_score":680.0,"hacin":1.077,"hacin_class":"Hacinamiento Leve","hacin_score":834.7,"auto_score":281.2,"n_per":42,"n_hog":16,"source_year":2024},"geometry":{"type":"Polygon","coordinates":[[[-71.6003936149999,-35.8313936411041],[-71.6004941069999,-35.8317337101041],[-71.6013432589999,-35.8313951811041],[-71.6011830409999,-35.8315138171041],[-71.6014377089999,-35.8318812271041],[-71.6020697599999,-35.8314448941041],[-71.6010658619999,-35.8310470251041],[-71.6003936149999,-35.8313936411041]]]}},{"type":"Feature","properties":{"id":"7401061004028","commune":"Linares","code":"07401","gse":"C1","quintil":"Q5","nse_score":808.2,"educ":13.0,"educ_score":666.7,"hacin":1.042,"hacin_class":"Hacinamiento Leve","hacin_score":842.2,"auto_score":83.3,"n_per":50,"n_hog":18,"source_year":2024},"geometry":{"type":"Polygon","coordinates":[[[-71.5994890279999,-35.8317158911041],[-71.6002759059999,-35.8313991241041],[-71.6001687949999,-35.8310706031041],[-71.599285532,-35.8314051391041],[-71.5994890279999,-35.8317158911041]]]}},{"type":"Feature","properties":{"id":"7401061004029","commune":"Linares","code":"07401","gse":"ABC1","quintil":"Q5","nse_score":836.7,"educ":13.3,"educ_score":686.7,"hacin":0.895,"hacin_class":"Sin Hacinamiento","hacin_score":873.5,"auto_score":166.7,"n_per":17,"n_hog":6,"source_year":2024},"geometry":{"type":"Polygon","coordinates":[[[-71.6061970879999,-35.8315792341041],[-71.6062397829999,-35.8314286741041],[-71.6054282149999,-35.8311716251041],[-71.6056107929999,-35.8314041191041],[-71.6061970879999,-35.8315792341041]]]}},{"type":"Feature","properties":{"id":"7401061004030","commune":"Linares","code":"07401","gse":"ABC1","quintil":"Q5","nse_score":869.3,"educ":16.3,"educ_score":886.7,"hacin":1.034,"hacin_class":"Hacinamiento Leve","hacin_score":843.7,"auto_score":384.6,"n_per":30,"n_hog":12,"source_year":2024},"geometry":{"type":"Polygon","coordinates":[[[-71.5984170819999,-35.8320291011041],[-71.5988611319999,-35.8318181771041],[-71.5984089019999,-35.8311761321041],[-71.5979717649999,-35.8313861801041],[-71.5984170819999,-35.8320291011041]]]}},{"type":"Feature","properties":{"id":"7401061004031","commune":"Linares","code":"07401","gse":"C2","quintil":"Q4","nse_score":732.2,"educ":11.6,"educ_score":573.3,"hacin":1.361,"hacin_class":"Hacinamiento Leve","hacin_score":774.2,"auto_score":205.9,"n_per":49,"n_hog":17,"source_year":2024},"geometry":{"type":"Polygon","coordinates":[[[-71.6026718479999,-35.8320431621041],[-71.6031571049999,-35.8317012371041],[-71.602166398,-35.8314030541041],[-71.6026718479999,-35.8320431621041]]]}},{"type":"Feature","properties":{"id":"7401061004032","commune":"Linares","code":"07401","gse":"ABC1","quintil":"Q5","nse_score":854.0,"educ":15.0,"educ_score":800.0,"hacin":1.333,"hacin_class":"Hacinamiento Leve","hacin_score":780.1,"auto_score":333.3,"n_per":32,"n_hog":12,"source_year":2024},"geometry":{"type":"Polygon","coordinates":[[[-71.5979089779999,-35.8322588121042],[-71.5983582059999,-35.8320455921041],[-71.5979071099999,-35.8314021251041],[-71.5974611489999,-35.8316161911041],[-71.5979089779999,-35.8322588121042]]]}},{"type":"Feature","properties":{"id":"7401061004033","commune":"Linares","code":"07401","gse":"C1","quintil":"Q5","nse_score":806.3,"educ":13.3,"educ_score":686.7,"hacin":1.267,"hacin_class":"Hacinamiento Leve","hacin_score":794.3,"auto_score":66.7,"n_per":38,"n_hog":15,"source_year":2024},"geometry":{"type":"Polygon","coordinates":[[[-71.5997090569999,-35.8320487861041],[-71.600410543,-35.8317674551041],[-71.6003013929999,-35.8314460481041],[-71.599513193,-35.8317500901041],[-71.5997090569999,-35.8320487861041]]]}},{"type":"Feature","properties":{"id":"7401061004034","commune":"Linares","code":"07401","gse":"C2","quintil":"Q4","nse_score":745.6,"educ":11.2,"educ_score":546.7,"hacin":1.25,"hacin_class":"Hacinamiento Leve","hacin_score":797.9,"auto_score":281.2,"n_per":50,"n_hog":16,"source_year":2024},"geometry":{"type":"Polygon","coordinates":[[[-71.6066370619999,-35.8315198291041],[-71.6063060939999,-35.8314475701041],[-71.6060858149999,-35.8320621401041],[-71.6064516699999,-35.8321420221041],[-71.6066370619999,-35.8315198291041]]]}},{"type":"Feature","properties":{"id":"7401061004035","commune":"Linares","code":"07401","gse":"ABC1","quintil":"Q5","nse_score":837.0,"educ":14.5,"educ_score":766.7,"hacin":1.0,"hacin_class":"Hacinamiento Leve","hacin_score":851.1,"auto_score":375.0,"n_per":9,"n_hog":4,"source_year":2024},"geometry":{"type":"Polygon","coordinates":[[[-71.6060366939999,-35.8320233701041],[-71.6061819579999,-35.8316169251041],[-71.6056264709999,-35.8314546191041],[-71.6059399929999,-35.8320143131041],[-71.6060366939999,-35.8320233701041]]]}},{"type":"Feature","properties":{"id":"7401061004036","commune":"Linares","code":"07401","gse":"C1","quintil":"Q5","nse_score":787.3,"educ":13.3,"educ_score":686.7,"hacin":1.208,"hacin_class":"Hacinamiento Leve","hacin_score":806.9,"auto_score":220.6,"n_per":93,"n_hog":32,"source_year":2024},"geometry":{"type":"Polygon","coordinates":[[[-71.6009031509999,-35.8327768241041],[-71.602328773,-35.8317720531041],[-71.6021218659999,-35.8314998031041],[-71.6007375749999,-35.8324165881041],[-71.6009031509999,-35.8327768241041]]]}},{"type":"Feature","properties":{"id":"7401061004037","commune":"Linares","code":"07401","gse":"C1","quintil":"Q5","nse_score":807.3,"educ":13.3,"educ_score":686.7,"hacin":1.071,"hacin_class":"Hacinamiento Leve","hacin_score":835.9,"auto_score":318.2,"n_per":30,"n_hog":11,"source_year":2024},"geometry":{"type":"Polygon","coordinates":[[[-71.6011101289999,-35.8321124271041],[-71.6013883889999,-35.8319099971041],[-71.6011210789999,-35.8315275491041],[-71.6007838359999,-35.8316764141041],[-71.6011101289999,-35.8321124271041]]]}},{"type":"Feature","properties":{"id":"7401061004038","commune":"Linares","code":"07401","gse":"C2","quintil":"Q4","nse_score":771.9,"educ":12.0,"educ_score":600.0,"hacin":1.17,"hacin_class":"Hacinamiento Leve","hacin_score":814.8,"auto_score":187.5,"n_per":55,"n_hog":16,"source_year":2024},"geometry":{"type":"Polygon","coordinates":[[[-71.6068671779999,-35.8322207031041],[-71.6070180839999,-35.8316041681041],[-71.6066796709999,-35.8315295831041],[-71.6064989799999,-35.8321545541041],[-71.6068671779999,-35.8322207031041]]]}},{"type":"Feature","properties":{"id":"7401061004039","commune":"Linares","code":"07401","gse":"C1","quintil":"Q5","nse_score":794.9,"educ":13.0,"educ_score":666.7,"hacin":1.182,"hacin_class":"Hacinamiento Leve","hacin_score":812.4,"auto_score":206.9,"n_per":156,"n_hog":59,"source_year":2024},"geometry":{"type":"Polygon","coordinates":[[[-71.6078863489999,-35.8315330381041],[-71.6077970629999,-35.8323306241041],[-71.6081849629999,-35.8323410401041],[-71.6082524979999,-35.8318286851041],[-71.6082371339999,-35.8323423241041],[-71.6085892329999,-35.8323577861041],[-71.6086423019999,-35.8318430121041],[-71.6086464869999,-35.8323582041041],[-71.6090105089999,-35.8323905511041],[-71.6091653659999,-35.8315916221041],[-71.6078863489999,-35.8315330381041]]]}},{"type":"Feature","properties":{"id":"7401061004040","commune":"Linares","code":"07401","gse":"C1","quintil":"Q5","nse_score":794.1,"educ":14.2,"educ_score":746.7,"hacin":1.234,"hacin_class":"Hacinamiento Leve","hacin_score":801.3,"auto_score":300.0,"n_per":58,"n_hog":19,"source_year":2024},"geometry":{"type":"Polygon","coordinates":[[[-71.6093945449999,-35.8324741981041],[-71.6096900409999,-35.8317002401041],[-71.6092346299999,-35.8316035861041],[-71.609056011,-35.8323986661041],[-71.6093945449999,-35.8324741981041]]]}},{"type":"Feature","properties":{"id":"7401061004041","commune":"Linares","code":"07401","gse":"C1","quintil":"Q5","nse_score":793.3,"educ":12.5,"educ_score":633.3,"hacin":0.927,"hacin_class":"Sin Hacinamiento","hacin_score":866.6,"auto_score":300.0,"n_per":38,"n_hog":15,"source_year":2024},"geometry":{"type":"Polygon","coordinates":[[[-71.6073930109999,-35.8316534081041],[-71.6070614579999,-35.8316113321041],[-71.6069171569999,-35.8322310491041],[-71.6072878929999,-35.8322796971041],[-71.6073930109999,-35.8316534081041]]]}},{"type":"Feature","properties":{"id":"7401061004042","commune":"Linares","code":"07401","gse":"ABC1","quintil":"Q5","nse_score":851.7,"educ":15.8,"educ_score":853.3,"hacin":1.182,"hacin_class":"Hacinamiento Leve","hacin_score":812.4,"auto_score":444.4,"n_per":26,"n_hog":8,"source_year":2024},"geometry":{"type":"Polygon","coordinates":[[[-71.5974062339999,-35.8324924911041],[-71.5978501019999,-35.8322752491041],[-71.5973954639999,-35.8316321161041],[-71.5970308509999,-35.8318097871041],[-71.5974062339999,-35.8324924911041]]]}},{"type":"Feature","properties":{"id":"7401061004044","commune":"Linares","code":"07401","gse":"ABC1","quintil":"Q5","nse_score":835.3,"educ":13.5,"educ_score":700.0,"hacin":1.0,"hacin_class":"Hacinamiento Leve","hacin_score":851.1,"auto_score":125.0,"n_per":12,"n_hog":4,"source_year":2024},"geometry":{"type":"Polygon","coordinates":[[[-71.6007518219999,-35.8323586751041],[-71.6010354209999,-35.8321505981041],[-71.6007152469999,-35.8316893591041],[-71.6004998959999,-35.8317912811041],[-71.6007518219999,-35.8323586751041]]]}},{"type":"Feature","properties":{"id":"7401061004045","commune":"Linares","code":"07401","gse":"C2","quintil":"Q4","nse_score":769.9,"educ":12.4,"educ_score":626.7,"hacin":1.23,"hacin_class":"Hacinamiento Leve","hacin_score":802.2,"auto_score":321.4,"n_per":75,"n_hog":28,"source_year":2024},"geometry":{"type":"Polygon","coordinates":[[[-71.6096402179999,-35.8320182101041],[-71.6102875309999,-35.8322387991041],[-71.6104917129999,-35.8321820451041],[-71.6097649799999,-35.8325566231041],[-71.6101130929999,-35.8327102151041],[-71.6108880099999,-35.8322865531041],[-71.6105600519999,-35.8319714341041],[-71.6097580519999,-35.8317079311041],[-71.6096402179999,-35.8320182101041]]]}},{"type":"Feature","properties":{"id":"7401061004046","commune":"Linares","code":"07401","gse":"C1","quintil":"Q5","nse_score":789.8,"educ":13.5,"educ_score":700.0,"hacin":1.231,"hacin_class":"Hacinamiento Leve","hacin_score":802.0,"auto_score":230.8,"n_per":32,"n_hog":12,"source_year":2024},"geometry":{"type":"Polygon","coordinates":[[[-71.6033578029999,-35.8323168351041],[-71.6039474669999,-35.8321107851041],[-71.6038807039999,-35.8319230181041],[-71.6032732659999,-35.8317340761041],[-71.6029848169999,-35.8319395381041],[-71.6033578029999,-35.8323168351041]]]}},{"type":"Feature","properties":{"id":"7401061004047","commune":"Linares","code":"07401","gse":"ABC1","quintil":"Q5","nse_score":828.8,"educ":14.1,"educ_score":740.0,"hacin":1.048,"hacin_class":"Hacinamiento Leve","hacin_score":840.8,"auto_score":347.2,"n_per":87,"n_hog":36,"source_year":2024},"geometry":{"type":"Polygon","coordinates":[[[-71.6010419349999,-35.8332252781041],[-71.6026234369999,-35.8321229721041],[-71.6023906349999,-35.8318134771041],[-71.6008887519999,-35.8328353311041],[-71.6010419349999,-35.8332252781041]]]}},{"type":"Feature","properties":{"id":"7401061004048","commune":"Linares","code":"07401","gse":"C1","quintil":"Q5","nse_score":795.5,"educ":12.8,"educ_score":653.3,"hacin":0.97,"hacin_class":"Sin Hacinamiento","hacin_score":857.5,"auto_score":230.8,"n_per":32,"n_hog":13,"source_year":2024},"geometry":{"type":"Polygon","coordinates":[[[-71.5999079649999,-35.8325262051041],[-71.6005034819999,-35.8320184331041],[-71.6004338819999,-35.8318130371041],[-71.5997316479999,-35.8320848001041],[-71.5999079649999,-35.8325262051041]]]}},{"type":"Feature","properties":{"id":"7401061004050","commune":"Linares","code":"07401","gse":"C1","quintil":"Q5","nse_score":797.6,"educ":13.6,"educ_score":706.7,"hacin":1.438,"hacin_class":"Hacinamiento Leve","hacin_score":758.0,"auto_score":0.0,"n_per":23,"n_hog":8,"source_year":2024},"geometry":{"type":"Polygon","coordinates":[[[-71.6042602709999,-35.8326787801041],[-71.6049299929999,-35.8324258591041],[-71.605033595,-35.8323033921041],[-71.6040030879999,-35.8319630381041],[-71.6042602709999,-35.8326787801041]]]}},{"type":"Feature","properties":{"id":"7401061004051","commune":"Linares","code":"07401","gse":"C1","quintil":"Q5","nse_score":805.0,"educ":13.8,"educ_score":720.0,"hacin":1.054,"hacin_class":"Hacinamiento Leve","hacin_score":839.7,"auto_score":226.7,"n_per":610,"n_hog":245,"source_year":2024},"geometry":{"type":"Polygon","coordinates":[[[-71.6029510959999,-35.8319857121041],[-71.6010496039999,-35.8333006461041],[-71.6012652889999,-35.8339563231041],[-71.6015530669999,-35.8338416961041],[-71.6013128099999,-35.8333762011041],[-71.6016061019999,-35.8338252681041],[-71.6019520069999,-35.8336743811041],[-71.6017145669999,-35.8332275491041],[-71.6019980829999,-35.8336544681041],[-71.6023462579999,-35.8335135461041],[-71.6021123599999,-35.8330445351041],[-71.602395209,-35.8334847181041],[-71.6027414779999,-35.8333442631041],[-71.6024440409999,-35.8327883731041],[-71.6027924239999,-35.8333155291041],[-71.6031298209999,-35.8331582901041],[-71.6029076489999,-35.8329934591041],[-71.6036547769999,-35.8332897691041],[-71.6042888709999,-35.8342195421041],[-71.6042409369999,-35.8343632931041],[-71.6040592879999,-35.8343609081041],[-71.6037518369999,-35.8339199071041],[-71.603340263,-35.8341077881041],[-71.6041682929999,-35.8354037871041],[-71.6049969419999,-35.8350403291041],[-71.6042241219999,-35.8328696221041],[-71.6037498319999,-35.8330401461041],[-71.6041983479999,-35.8328146351041],[-71.6040969699999,-35.8325068071041],[-71.6032489559999,-35.8328327621041],[-71.6040703079999,-35.8324565881041],[-71.6039744969999,-35.8321569261041],[-71.6028316709999,-35.8326012651041],[-71.6032999449999,-35.8323371221041],[-71.6029510959999,-35.8319857121041]]]}},{"type":"Feature","properties":{"id":"7401061004052","commune":"Linares","code":"07401","gse":"C1","quintil":"Q5","nse_score":800.7,"educ":12.5,"educ_score":633.3,"hacin":1.125,"hacin_class":"Hacinamiento Leve","hacin_score":824.5,"auto_score":583.3,"n_per":18,"n_hog":6,"source_year":2024},"geometry":{"type":"Polygon","coordinates":[[[-71.6096914839999,-35.8325449411041],[-71.6102276629999,-35.8322781691041],[-71.6102342399999,-35.8322561781041],[-71.6096101879999,-35.8320547761041],[-71.609456926,-35.8324782561041],[-71.6096914839999,-35.8325449411041]]]}},{"type":"Feature","properties":{"id":"7401061004053","commune":"Linares","code":"07401","gse":"C1","quintil":"Q5","nse_score":805.7,"educ":13.6,"educ_score":706.7,"hacin":1.375,"hacin_class":"Hacinamiento Leve","hacin_score":771.3,"auto_score":333.3,"n_per":33,"n_hog":12,"source_year":2024},"geometry":{"type":"Polygon","coordinates":[[[-71.600193267,-35.8327938361041],[-71.6006530669999,-35.8324240831041],[-71.6005246399999,-35.8320733531041],[-71.5999448769999,-35.8325568241041],[-71.600193267,-35.8327938361041]]]}},{"type":"Feature","properties":{"id":"7401061004054","commune":"Linares","code":"07401","gse":"C2","quintil":"Q4","nse_score":750.2,"educ":11.7,"educ_score":580.0,"hacin":1.079,"hacin_class":"Hacinamiento Leve","hacin_score":834.3,"auto_score":303.6,"n_per":82,"n_hog":28,"source_year":2024},"geometry":{"type":"Polygon","coordinates":[[[-71.6060834629999,-35.8322004631041],[-71.6060019859999,-35.8324718811041],[-71.6076870939999,-35.8327293401041],[-71.6076984439999,-35.8323857351041],[-71.6060834629999,-35.8322004631041]]]}},{"type":"Feature","properties":{"id":"7401061004055","commune":"Linares","code":"07401","gse":"C2","quintil":"Q4","nse_score":763.0,"educ":12.7,"educ_score":646.7,"hacin":1.232,"hacin_class":"Hacinamiento Leve","hacin_score":801.7,"auto_score":137.9,"n_per":154,"n_hog":59,"source_year":2024},"geometry":{"type":"Polygon","coordinates":[[[-71.6048054639999,-35.8342432701041],[-71.6049409819999,-35.8346041301041],[-71.6052696059999,-35.8345365661041],[-71.6049567779999,-35.8346534011041],[-71.6050851429999,-35.8349965861041],[-71.6066290969999,-35.8342307901041],[-71.6055877339999,-35.8325081361041],[-71.6051088389999,-35.8323293451041],[-71.6049884909999,-35.8324539811041],[-71.6058100239999,-35.8338068451041],[-71.6048054639999,-35.8342432701041]]]}},{"type":"Feature","properties":{"id":"7401061004056","commune":"Linares","code":"07401","gse":"C2","quintil":"Q4","nse_score":768.3,"educ":12.7,"educ_score":646.7,"hacin":1.258,"hacin_class":"Hacinamiento Leve","hacin_score":796.2,"auto_score":195.1,"n_per":117,"n_hog":41,"source_year":2024},"geometry":{"type":"Polygon","coordinates":[[[-71.6095966549999,-35.8329525481041],[-71.6100094459999,-35.8327404421041],[-71.6090152889999,-35.8324655801041],[-71.6077784279999,-35.8324080501041],[-71.6077672639999,-35.8327499431041],[-71.6095966549999,-35.8329525481041]]]}},{"type":"Feature","properties":{"id":"7401061004058","commune":"Linares","code":"07401","gse":"C1","quintil":"Q5","nse_score":792.5,"educ":12.8,"educ_score":653.3,"hacin":1.286,"hacin_class":"Hacinamiento Leve","hacin_score":790.3,"auto_score":529.4,"n_per":54,"n_hog":17,"source_year":2024},"geometry":{"type":"Polygon","coordinates":[[[-71.5993147599999,-35.8327264451041],[-71.5996343939999,-35.8331988061041],[-71.6001507249999,-35.8328273211041],[-71.5999053859999,-35.8325959541041],[-71.5995857659999,-35.8327818801041],[-71.5998657149999,-35.8325650301041],[-71.5997317989999,-35.8324326281041],[-71.5993147599999,-35.8327264451041]]]}},{"type":"Feature","properties":{"id":"7401061004059","commune":"Linares","code":"07401","gse":"C2","quintil":"Q4","nse_score":763.9,"educ":13.6,"educ_score":706.7,"hacin":1.077,"hacin_class":"Hacinamiento Leve","hacin_score":834.7,"auto_score":153.8,"n_per":28,"n_hog":11,"source_year":2024},"geometry":{"type":"Polygon","coordinates":[[[-71.6043925289999,-35.8330523341041],[-71.6051091189999,-35.8327611371041],[-71.6049454859999,-35.8324853021041],[-71.6042617879999,-35.8327293231041],[-71.6043925289999,-35.8330523341041]]]}},{"type":"Feature","properties":{"id":"7401061004060","commune":"Linares","code":"07401","gse":"ABC1","quintil":"Q5","nse_score":813.1,"educ":13.6,"educ_score":706.7,"hacin":1.077,"hacin_class":"Hacinamiento Leve","hacin_score":834.7,"auto_score":100.0,"n_per":14,"n_hog":5,"source_year":2024},"geometry":{"type":"Polygon","coordinates":[[[-71.6004873099999,-35.8330647481041],[-71.6008031679999,-35.8328415951041],[-71.6006631839999,-35.8324832661041],[-71.6002335629999,-35.8328246261041],[-71.6004873099999,-35.8330647481041]]]}},{"type":"Feature","properties":{"id":"7401061004062","commune":"Linares","code":"07401","gse":"C2","quintil":"Q4","nse_score":761.5,"educ":12.3,"educ_score":620.0,"hacin":1.133,"hacin_class":"Hacinamiento Leve","hacin_score":822.9,"auto_score":257.6,"n_per":94,"n_hog":32,"source_year":2024},"geometry":{"type":"Polygon","coordinates":[[[-71.6067140339999,-35.8342006201041],[-71.6071248339999,-35.8340087511041],[-71.6063168879999,-35.8326961591041],[-71.6057063309999,-35.8325462591041],[-71.6067140339999,-35.8342006201041]]]}},{"type":"Feature","properties":{"id":"7401061004063","commune":"Linares","code":"07401","gse":"C2","quintil":"Q4","nse_score":764.2,"educ":11.9,"educ_score":593.3,"hacin":1.185,"hacin_class":"Hacinamiento Leve","hacin_score":811.7,"auto_score":166.7,"n_per":32,"n_hog":12,"source_year":2024},"geometry":{"type":"Polygon","coordinates":[[[-71.5989461349999,-35.8331118271041],[-71.5993600749999,-35.8329212731041],[-71.5991318199999,-35.8325924831041],[-71.5987176379999,-35.8327772521041],[-71.5989461349999,-35.8331118271041]]]}},{"type":"Feature","properties":{"id":"7401061004066","commune":"Linares","code":"07401","gse":"C1","quintil":"Q5","nse_score":795.5,"educ":13.3,"educ_score":686.7,"hacin":1.102,"hacin_class":"Hacinamiento Leve","hacin_score":829.4,"auto_score":280.0,"n_per":65,"n_hog":24,"source_year":2024},"geometry":{"type":"Polygon","coordinates":[[[-71.6071940989999,-35.8339955901041],[-71.6074770949999,-35.8338610751041],[-71.6068372959999,-35.8327972941041],[-71.6064155439999,-35.8327194351041],[-71.6071940989999,-35.8339955901041]]]}},{"type":"Feature","properties":{"id":"7401061004067","commune":"Linares","code":"07401","gse":"ABC1","quintil":"Q5","nse_score":844.5,"educ":14.0,"educ_score":733.3,"hacin":1.065,"hacin_class":"Hacinamiento Leve","hacin_score":837.3,"auto_score":321.4,"n_per":33,"n_hog":14,"source_year":2024},"geometry":{"type":"Polygon","coordinates":[[[-71.6045324249999,-35.8334284041041],[-71.6053222539999,-35.8331080041041],[-71.6051538279999,-35.8328113541041],[-71.6043942729999,-35.8331032231041],[-71.6045324249999,-35.8334284041041]]]}},{"type":"Feature","properties":{"id":"7401061004068","commune":"Linares","code":"07401","gse":"C1","quintil":"Q5","nse_score":799.9,"educ":13.2,"educ_score":680.0,"hacin":0.964,"hacin_class":"Sin Hacinamiento","hacin_score":858.7,"auto_score":297.3,"n_per":81,"n_hog":37,"source_year":2024},"geometry":{"type":"Polygon","coordinates":[[[-71.606920698,-35.8328334051041],[-71.6071520069999,-35.8332011441041],[-71.6087799699999,-35.8333237241041],[-71.6093617269999,-35.8330592991041],[-71.606920698,-35.8328334051041]]]}},{"type":"Feature","properties":{"id":"7401061004070","commune":"Linares","code":"07401","gse":"C3","quintil":"Q3","nse_score":698.6,"educ":11.6,"educ_score":573.3,"hacin":1.143,"hacin_class":"Hacinamiento Leve","hacin_score":820.7,"auto_score":192.3,"n_per":24,"n_hog":11,"source_year":2024},"geometry":{"type":"Polygon","coordinates":[[[-71.5998958449999,-35.8334956531041],[-71.6004340269999,-35.8331078541041],[-71.6002017019999,-35.8328694601041],[-71.5996683079999,-35.8332337521041],[-71.5998958449999,-35.8334956531041]]]}},{"type":"Feature","properties":{"id":"7401061004071","commune":"Linares","code":"07401","gse":"C1","quintil":"Q5","nse_score":786.6,"educ":12.9,"educ_score":660.0,"hacin":1.077,"hacin_class":"Hacinamiento Leve","hacin_score":834.7,"auto_score":333.3,"n_per":42,"n_hog":18,"source_year":2024},"geometry":{"type":"Polygon","coordinates":[[[-71.6002130999999,-35.8338286591041],[-71.6009592689999,-35.8332882271041],[-71.6008259909999,-35.8329089411041],[-71.5999086029999,-35.8335364541041],[-71.6002130999999,-35.8338286591041]]]}},{"type":"Feature","properties":{"id":"7401061004072","commune":"Linares","code":"07401","gse":"ABC1","quintil":"Q5","nse_score":817.1,"educ":15.1,"educ_score":806.7,"hacin":1.125,"hacin_class":"Hacinamiento Leve","hacin_score":824.5,"auto_score":382.4,"n_per":36,"n_hog":15,"source_year":2024},"geometry":{"type":"Polygon","coordinates":[[[-71.6046739319999,-35.8338063391041],[-71.6055426229999,-35.8334674741041],[-71.6053719199999,-35.8331662731041],[-71.6045385479999,-35.8334875691041],[-71.6046739319999,-35.8338063391041]]]}},{"type":"Feature","properties":{"id":"7401061004073","commune":"Linares","code":"07401","gse":"C1","quintil":"Q5","nse_score":806.7,"educ":13.0,"educ_score":666.7,"hacin":0.879,"hacin_class":"Sin Hacinamiento","hacin_score":876.9,"auto_score":346.2,"n_per":29,"n_hog":13,"source_year":2024},"geometry":{"type":"Polygon","coordinates":[[[-71.6033210609999,-35.8340458021041],[-71.6037187989999,-35.8338562111041],[-71.6032210689999,-35.8331802531041],[-71.6028530279999,-35.8333720661041],[-71.6033210609999,-35.8340458021041]]]}},{"type":"Feature","properties":{"id":"7401061004076","commune":"Linares","code":"07401","gse":"C2","quintil":"Q4","nse_score":732.9,"educ":12.0,"educ_score":600.0,"hacin":1.333,"hacin_class":"Hacinamiento Leve","hacin_score":780.1,"auto_score":176.5,"n_per":48,"n_hog":15,"source_year":2024},"geometry":{"type":"Polygon","coordinates":[[[-71.6075544999999,-35.8338445461041],[-71.6086828719999,-35.8333666441041],[-71.6086911419999,-35.8333448841041],[-71.6079896279999,-35.8333037281041],[-71.6073814799999,-35.8335681861041],[-71.6075544999999,-35.8338445461041]]]}},{"type":"Feature","properties":{"id":"7401061004077","commune":"Linares","code":"07401","gse":"ABC1","quintil":"Q5","nse_score":866.3,"educ":15.8,"educ_score":853.3,"hacin":1.318,"hacin_class":"Hacinamiento Leve","hacin_score":783.4,"auto_score":450.0,"n_per":29,"n_hog":10,"source_year":2024},"geometry":{"type":"Polygon","coordinates":[[[-71.5982369119999,-35.8340672141041],[-71.5989167049999,-35.8337903301041],[-71.598925156,-35.8337683351041],[-71.5984460399999,-35.8333472651041],[-71.5979183279999,-35.8335601151041],[-71.5982369119999,-35.8340672141041]]]}},{"type":"Feature","properties":{"id":"7401061004078","commune":"Linares","code":"07401","gse":"C2","quintil":"Q4","nse_score":776.4,"educ":12.4,"educ_score":626.7,"hacin":1.216,"hacin_class":"Hacinamiento Leve","hacin_score":805.2,"auto_score":263.2,"n_per":62,"n_hog":19,"source_year":2024},"geometry":{"type":"Polygon","coordinates":[[[-71.6029063149999,-35.8342302061041],[-71.6032545489999,-35.8340621731041],[-71.6027929159999,-35.8333859651041],[-71.6024474199999,-35.8335463931041],[-71.6029063149999,-35.8342302061041]]]}},{"type":"Feature","properties":{"id":"7401061004079","commune":"Linares","code":"07401","gse":"ABC1","quintil":"Q5","nse_score":820.8,"educ":13.8,"educ_score":720.0,"hacin":1.353,"hacin_class":"Hacinamiento Leve","hacin_score":776.0,"auto_score":50.0,"n_per":46,"n_hog":20,"source_year":2024},"geometry":{"type":"Polygon","coordinates":[[[-71.6048069349999,-35.8341744461041],[-71.6057325749999,-35.8338308451041],[-71.6057535669999,-35.8337863451041],[-71.6055691479999,-35.8335102211041],[-71.6046817829999,-35.8338531631041],[-71.6048069349999,-35.8341744461041]]]}},{"type":"Feature","properties":{"id":"7401061004080","commune":"Linares","code":"07401","gse":"C2","quintil":"Q4","nse_score":756.6,"educ":11.8,"educ_score":586.7,"hacin":1.277,"hacin_class":"Hacinamiento Leve","hacin_score":792.2,"auto_score":184.2,"n_per":60,"n_hog":20,"source_year":2024},"geometry":{"type":"Polygon","coordinates":[[[-71.6025229209999,-35.8344058911041],[-71.6028399529999,-35.8342469441041],[-71.6023873279999,-35.8335600511041],[-71.6020540309999,-35.8337138451041],[-71.6025229209999,-35.8344058911041]]]}},{"type":"Feature","properties":{"id":"7401061004081","commune":"Linares","code":"07401","gse":"C2","quintil":"Q4","nse_score":759.9,"educ":12.1,"educ_score":606.7,"hacin":1.075,"hacin_class":"Hacinamiento Leve","hacin_score":835.1,"auto_score":166.7,"n_per":43,"n_hog":17,"source_year":2024},"geometry":{"type":"Polygon","coordinates":[[[-71.6018766979999,-35.8343303851041],[-71.6015938319999,-35.8339053951041],[-71.6012933339999,-35.8340266591041],[-71.6015970159999,-35.8348352921041],[-71.6024557539999,-35.8344319781041],[-71.6020089809999,-35.8337298531041],[-71.601639099,-35.8338839511041],[-71.6018766979999,-35.8343303851041]]]}},{"type":"Feature","properties":{"id":"7401061004082","commune":"Linares","code":"07401","gse":"ABC1","quintil":"Q5","nse_score":864.2,"educ":14.8,"educ_score":786.7,"hacin":1.091,"hacin_class":"Hacinamiento Leve","hacin_score":831.7,"auto_score":444.4,"n_per":24,"n_hog":9,"source_year":2024},"geometry":{"type":"Polygon","coordinates":[[[-71.5985911499999,-35.8346633081041],[-71.5994823349999,-35.8342906951041],[-71.5994905069999,-35.8342687851041],[-71.5989698039999,-35.8338122721041],[-71.5982528449999,-35.8341011671041],[-71.5985911499999,-35.8346633081041]]]}},{"type":"Feature","properties":{"id":"7401061004083","commune":"Linares","code":"07401","gse":"C2","quintil":"Q4","nse_score":772.4,"educ":12.6,"educ_score":640.0,"hacin":1.059,"hacin_class":"Hacinamiento Leve","hacin_score":838.5,"auto_score":108.1,"n_per":90,"n_hog":34,"source_year":2024},"geometry":{"type":"Polygon","coordinates":[[[-71.6029206939999,-35.8343311041041],[-71.6037554689999,-35.8355966631041],[-71.6041249639999,-35.8354385091041],[-71.6039750139999,-35.8351852971041],[-71.6038014439999,-35.8352115431041],[-71.6039409369999,-35.8351287971041],[-71.6033018479999,-35.8341331541041],[-71.6029206939999,-35.8343311041041]]]}},{"type":"Feature","properties":{"id":"7401061004084","commune":"Linares","code":"07401","gse":"C2","quintil":"Q4","nse_score":749.9,"educ":12.6,"educ_score":640.0,"hacin":1.271,"hacin_class":"Hacinamiento Leve","hacin_score":793.3,"auto_score":264.7,"n_per":89,"n_hog":31,"source_year":2024},"geometry":{"type":"Polygon","coordinates":[[[-71.6035043249999,-35.8357408311041],[-71.6037177719999,-35.8356169311041],[-71.6028694009999,-35.8343295231041],[-71.6025973729999,-35.8344338691041],[-71.6035043249999,-35.8357408311041]]]}},{"type":"Feature","properties":{"id":"7401061004085","commune":"Linares","code":"07401","gse":"C1","quintil":"Q5","nse_score":789.0,"educ":12.5,"educ_score":633.3,"hacin":1.186,"hacin_class":"Hacinamiento Leve","hacin_score":811.4,"auto_score":243.6,"n_per":121,"n_hog":41,"source_year":2024},"geometry":{"type":"Polygon","coordinates":[[[-71.6031854379999,-35.8358969561041],[-71.6034371009999,-35.8357552671041],[-71.6025533169999,-35.8344729201041],[-71.6022825559999,-35.8345789171041],[-71.6031854379999,-35.8358969561041]]]}},{"type":"Feature","properties":{"id":"7401061004086","commune":"Linares","code":"07401","gse":"C1","quintil":"Q5","nse_score":788.2,"educ":13.3,"educ_score":686.7,"hacin":1.263,"hacin_class":"Hacinamiento Leve","hacin_score":795.1,"auto_score":187.5,"n_per":24,"n_hog":8,"source_year":2024},"geometry":{"type":"Polygon","coordinates":[[[-71.6017721289999,-35.8353285711041],[-71.6024611669999,-35.8349824601041],[-71.6022136599999,-35.8346223161041],[-71.6016029879999,-35.8349043001041],[-71.6017721289999,-35.8353285711041]]]}},{"type":"Feature","properties":{"id":"7401061004087","commune":"Linares","code":"07401","gse":"C2","quintil":"Q4","nse_score":756.8,"educ":12.7,"educ_score":646.7,"hacin":1.019,"hacin_class":"Hacinamiento Leve","hacin_score":847.0,"auto_score":240.0,"n_per":53,"n_hog":23,"source_year":2024},"geometry":{"type":"Polygon","coordinates":[[[-71.6029299449999,-35.8360275351041],[-71.6031305679999,-35.8359106171041],[-71.6025252129999,-35.8350386111041],[-71.6023005139999,-35.8351276391041],[-71.6029299449999,-35.8360275351041]]]}},{"type":"Feature","properties":{"id":"7401061004088","commune":"Linares","code":"07401","gse":"C1","quintil":"Q5","nse_score":786.2,"educ":13.4,"educ_score":693.3,"hacin":1.518,"hacin_class":"Hacinamiento Medio","hacin_score":740.7,"auto_score":400.0,"n_per":41,"n_hog":15,"source_year":2024},"geometry":{"type":"Polygon","coordinates":[[[-71.6023671159999,-35.8358896841041],[-71.6026502349999,-35.8357378831041],[-71.6022341269999,-35.8351610861041],[-71.601924945,-35.8353244821041],[-71.6023671159999,-35.8358896841041]]]}},{"type":"Feature","properties":{"id":"7401061004090","commune":"Linares","code":"07401","gse":"C2","quintil":"Q4","nse_score":771.8,"educ":12.8,"educ_score":653.3,"hacin":1.031,"hacin_class":"Hacinamiento Leve","hacin_score":844.4,"auto_score":142.9,"n_per":33,"n_hog":14,"source_year":2024},"geometry":{"type":"Polygon","coordinates":[[[-71.6021508149999,-35.8364164321041],[-71.6028606239999,-35.8360610061041],[-71.6026875329999,-35.835790930104],[-71.6020216829999,-35.8361022711041],[-71.6021508149999,-35.8364164321041]]]}},{"type":"Feature","properties":{"id":"7401061005001","commune":"Linares","code":"07401","gse":"C3","quintil":"Q3","nse_score":697.6,"educ":11.5,"educ_score":566.7,"hacin":1.538,"hacin_class":"Hacinamiento Medio","hacin_score":736.5,"auto_score":83.3,"n_per":20,"n_hog":6,"source_year":2024},"geometry":{"type":"Polygon","coordinates":[[[-71.6137744299999,-35.8313363201041],[-71.6154889909999,-35.8306355321041],[-71.61340107,-35.8299937991042],[-71.6134534509999,-35.8306356271041],[-71.6137744299999,-35.8313363201041]]]}},{"type":"Feature","properties":{"id":"7401061005002","commune":"Linares","code":"07401","gse":"C2","quintil":"Q4","nse_score":774.4,"educ":12.8,"educ_score":653.3,"hacin":1.116,"hacin_class":"Hacinamiento Leve","hacin_score":826.5,"auto_score":202.2,"n_per":222,"n_hog":85,"source_year":2024},"geometry":{"type":"Polygon","coordinates":[[[-71.611469972,-35.8326606461041],[-71.611866958,-35.8340523871041],[-71.6123523549999,-35.8342889771041],[-71.612721845,-35.8337899621041],[-71.6128699889999,-35.8337007191041],[-71.6124196989999,-35.8343107301041],[-71.612749876,-35.8344820401041],[-71.6133708779999,-35.8337062131041],[-71.6128174589999,-35.8345022641041],[-71.6131315239999,-35.8346679611041],[-71.6137504389999,-35.8339104591041],[-71.6132004879999,-35.8346878191041],[-71.6135215319999,-35.8348579711041],[-71.6141477719999,-35.8341002101041],[-71.6135920019999,-35.8348780941041],[-71.6139190529999,-35.8350510061041],[-71.614440596,-35.8343361961041],[-71.6141516429999,-35.8335886801041],[-71.613701638,-35.8313117631041],[-71.6134073419999,-35.8307060331041],[-71.6109185269999,-35.8323497251041],[-71.611469972,-35.8326606461041]]]}},{"type":"Feature","properties":{"id":"7401061005003","commune":"Linares","code":"07401","gse":"C2","quintil":"Q4","nse_score":756.7,"educ":13.0,"educ_score":666.7,"hacin":1.214,"hacin_class":"Hacinamiento Leve","hacin_score":805.5,"auto_score":209.7,"n_per":85,"n_hog":26,"source_year":2024},"geometry":{"type":"Polygon","coordinates":[[[-71.6115990789999,-35.8334362291041],[-71.6113769839999,-35.8326317731041],[-71.6108606309999,-35.8323897631041],[-71.6102304909999,-35.8327346691041],[-71.6105965359999,-35.8329315861041],[-71.6108528899999,-35.8327837251041],[-71.6110429759999,-35.8328397351041],[-71.6111954399999,-35.8332349271041],[-71.6115990789999,-35.8334362291041]]]}},{"type":"Feature","properties":{"id":"7401061005004","commune":"Linares","code":"07401","gse":"E","quintil":"Q1","nse_score":594.6,"educ":11.1,"educ_score":540.0,"hacin":1.889,"hacin_class":"Hacinamiento Medio","hacin_score":661.9,"auto_score":100.0,"n_per":17,"n_hog":5,"source_year":2024},"geometry":{"type":"Polygon","coordinates":[[[-71.6315759009999,-35.8325101801041],[-71.6255475909999,-35.8346352781041],[-71.6257701879999,-35.8372723751041],[-71.626762487,-35.8367918211041],[-71.6306673189999,-35.8356844091041],[-71.6302984809999,-35.8350444271041],[-71.629920249,-35.8340730991041],[-71.6307093749999,-35.8356730561041],[-71.6319817549999,-35.8353054671041],[-71.6315759009999,-35.8325101801041]]]}},{"type":"Feature","properties":{"id":"7401061005007","commune":"Linares","code":"07401","gse":"ABC1","quintil":"Q5","nse_score":823.2,"educ":14.1,"educ_score":740.0,"hacin":1.23,"hacin_class":"Hacinamiento Leve","hacin_score":802.2,"auto_score":202.7,"n_per":107,"n_hog":37,"source_year":2024},"geometry":{"type":"Polygon","coordinates":[[[-71.6117702199999,-35.8339553571041],[-71.6116648359999,-35.8335386361041],[-71.6104041789999,-35.8329076101041],[-71.6101769559999,-35.8328211031041],[-71.6099915909999,-35.8330922091041],[-71.6117702199999,-35.8339553571041]]]}},{"type":"Feature","properties":{"id":"7401061005009","commune":"Linares","code":"07401","gse":"C2","quintil":"Q4","nse_score":762.6,"educ":13.0,"educ_score":666.7,"hacin":1.305,"hacin_class":"Hacinamiento Leve","hacin_score":786.2,"auto_score":254.5,"n_per":167,"n_hog":52,"source_year":2024},"geometry":{"type":"Polygon","coordinates":[[[-71.6194981469999,-35.8328972371041],[-71.6185165469999,-35.8346655221041],[-71.6162117299999,-35.835523461104],[-71.6162703589999,-35.8357090491041],[-71.6189319149999,-35.8346982851041],[-71.6189498959999,-35.8345305561041],[-71.6195073109999,-35.8357712261041],[-71.6199860219999,-35.8356495921041],[-71.6198991269999,-35.8352580751041],[-71.6200490379999,-35.8356315771041],[-71.6205340309999,-35.8355407261041],[-71.6203067889999,-35.8349761671041],[-71.6209100029999,-35.8347106871041],[-71.6194981469999,-35.8328972371041]]]}},{"type":"Feature","properties":{"id":"7401061005011","commune":"Linares","code":"07401","gse":"C2","quintil":"Q4","nse_score":776.4,"educ":13.0,"educ_score":666.7,"hacin":1.087,"hacin_class":"Hacinamiento Leve","hacin_score":832.6,"auto_score":250.0,"n_per":75,"n_hog":28,"source_year":2024},"geometry":{"type":"Polygon","coordinates":[[[-71.6095602529999,-35.8343457201041],[-71.6099162309999,-35.8342445711041],[-71.6097075569999,-35.8335597691041],[-71.6098127489999,-35.8332199811041],[-71.6094821379999,-35.8330827961041],[-71.6091861429999,-35.8332377131041],[-71.6095602529999,-35.8343457201041]]]}},{"type":"Feature","properties":{"id":"7401061005013","commune":"Linares","code":"07401","gse":"C2","quintil":"Q4","nse_score":774.9,"educ":14.1,"educ_score":740.0,"hacin":1.244,"hacin_class":"Hacinamiento Leve","hacin_score":799.2,"auto_score":304.3,"n_per":51,"n_hog":20,"source_year":2024},"geometry":{"type":"Polygon","coordinates":[[[-71.6108193999999,-35.8341092941041],[-71.6112648939999,-35.8339261501041],[-71.6098828149999,-35.8332572211041],[-71.6097922359999,-35.8336038541041],[-71.6108193999999,-35.8341092941041]]]}},{"type":"Feature","properties":{"id":"7401061005016","commune":"Linares","code":"07401","gse":"C2","quintil":"Q4","nse_score":756.0,"educ":12.8,"educ_score":653.3,"hacin":1.636,"hacin_class":"Hacinamiento Medio","hacin_score":715.7,"auto_score":350.0,"n_per":36,"n_hog":10,"source_year":2024},"geometry":{"type":"Polygon","coordinates":[[[-71.6100648309999,-35.8343891311041],[-71.6107106169999,-35.8341497841041],[-71.6107201049999,-35.8341278511041],[-71.6103551139999,-35.8339517181041],[-71.6099605309999,-35.8340920681041],[-71.6100648309999,-35.8343891311041]]]}},{"type":"Feature","properties":{"id":"7401061005017","commune":"Linares","code":"07401","gse":"C1","quintil":"Q5","nse_score":807.6,"educ":13.0,"educ_score":666.7,"hacin":0.984,"hacin_class":"Sin Hacinamiento","hacin_score":854.4,"auto_score":230.8,"n_per":62,"n_hog":26,"source_year":2024},"geometry":{"type":"Polygon","coordinates":[[[-71.6101941599999,-35.8347714841041],[-71.6114856849999,-35.8342999161041],[-71.6113973479999,-35.8339904571041],[-71.6100717229999,-35.8344524081041],[-71.6101941599999,-35.8347714841041]]]}},{"type":"Feature","properties":{"id":"7401061005018","commune":"Linares","code":"07401","gse":"ABC1","quintil":"Q5","nse_score":817.5,"educ":13.1,"educ_score":673.3,"hacin":0.955,"hacin_class":"Sin Hacinamiento","hacin_score":860.7,"auto_score":400.0,"n_per":21,"n_hog":10,"source_year":2024},"geometry":{"type":"Polygon","coordinates":[[[-71.6115150689999,-35.8340534841041],[-71.6116870909999,-35.8346277901041],[-71.6119426729999,-35.8345841101041],[-71.6117013619999,-35.8346799651041],[-71.6118021849999,-35.8349916131041],[-71.612623132,-35.8346092511041],[-71.6115150689999,-35.8340534841041]]]}},{"type":"Feature","properties":{"id":"7401061005019","commune":"Linares","code":"07401","gse":"C2","quintil":"Q4","nse_score":760.9,"educ":12.1,"educ_score":606.7,"hacin":1.111,"hacin_class":"Hacinamiento Leve","hacin_score":827.4,"auto_score":200.0,"n_per":20,"n_hog":10,"source_year":2024},"geometry":{"type":"Polygon","coordinates":[[[-71.6145597619999,-35.8344322061041],[-71.6147360429999,-35.8348728051041],[-71.6159063489999,-35.8345088021041],[-71.6156889929999,-35.8342341451041],[-71.6153314299999,-35.8342094131041],[-71.6145597619999,-35.8344322061041]]]}},{"type":"Feature","properties":{"id":"7401061005021","commune":"Linares","code":"07401","gse":"ABC1","quintil":"Q5","nse_score":815.1,"educ":13.9,"educ_score":726.7,"hacin":0.812,"hacin_class":"Sin Hacinamiento","hacin_score":891.0,"auto_score":142.9,"n_per":13,"n_hog":6,"source_year":2024},"geometry":{"type":"Polygon","coordinates":[[[-71.6148663889999,-35.8354673951041],[-71.6144893339999,-35.8344480291041],[-71.6144595529999,-35.8344367921041],[-71.6140071479999,-35.8350882401041],[-71.6148663889999,-35.8354673951041]]]}},{"type":"Feature","properties":{"id":"7401061005022","commune":"Linares","code":"07401","gse":"C3","quintil":"Q3","nse_score":682.5,"educ":10.8,"educ_score":520.0,"hacin":1.194,"hacin_class":"Hacinamiento Leve","hacin_score":809.7,"auto_score":105.3,"n_per":43,"n_hog":18,"source_year":2024},"geometry":{"type":"Polygon","coordinates":[[[-71.6147499539999,-35.8349409651041],[-71.6148878689999,-35.8352840261041],[-71.6160462989999,-35.8349098511041],[-71.6159234229999,-35.8345613681041],[-71.6147499539999,-35.8349409651041]]]}},{"type":"Feature","properties":{"id":"7401061005024","commune":"Linares","code":"07401","gse":"C1","quintil":"Q5","nse_score":788.4,"educ":13.5,"educ_score":700.0,"hacin":1.102,"hacin_class":"Hacinamiento Leve","hacin_score":829.4,"auto_score":308.5,"n_per":119,"n_hog":43,"source_year":2024},"geometry":{"type":"Polygon","coordinates":[[[-71.6125264789999,-35.8347713761041],[-71.6127170599999,-35.8353436671041],[-71.6132093449999,-35.8352568921041],[-71.6127370049999,-35.8353881281041],[-71.6128335859999,-35.835687137104],[-71.6135358989999,-35.8355026521041],[-71.6139187029999,-35.835812828104],[-71.6146704989999,-35.8356018731041],[-71.6127098269999,-35.8346370641041],[-71.6125264789999,-35.8347713761041]]]}},{"type":"Feature","properties":{"id":"7401061005026","commune":"Linares","code":"07401","gse":"C2","quintil":"Q4","nse_score":759.7,"educ":13.0,"educ_score":666.7,"hacin":1.338,"hacin_class":"Hacinamiento Leve","hacin_score":779.1,"auto_score":265.4,"n_per":467,"n_hog":156,"source_year":2024},"geometry":{"type":"Polygon","coordinates":[[[-71.6195350159999,-35.835847293104],[-71.6196697199999,-35.8361423161041],[-71.6205530269999,-35.835909988104],[-71.6196843119999,-35.8362004161041],[-71.6198155739999,-35.8364875451041],[-71.6206831709999,-35.8362600881041],[-71.6198300909999,-35.8365456131041],[-71.6200176219999,-35.8369291651041],[-71.6206978859999,-35.836730866104],[-71.6210892549999,-35.8379556081041],[-71.6192781669999,-35.839056175104],[-71.6193402089999,-35.839204934104],[-71.6191849419999,-35.839111162104],[-71.6180350569999,-35.8397861541041],[-71.6175549389999,-35.838476906104],[-71.6179166949999,-35.838345368104],[-71.6178193819999,-35.838050798104],[-71.6170071039999,-35.8382268171041],[-71.617294463,-35.839111854104],[-71.6169462579999,-35.838242626104],[-71.6160599859999,-35.838468756104],[-71.6161622399999,-35.838741250104],[-71.6165406929999,-35.838657099104],[-71.6161753639999,-35.838789394104],[-71.6164546139999,-35.839686783104],[-71.6173494929999,-35.839444905104],[-71.6164656919999,-35.8397389241041],[-71.6167300799999,-35.840590708104],[-71.6174929969999,-35.840444833104],[-71.6167446969999,-35.840638986104],[-71.6168015619999,-35.840802033104],[-71.6169354219999,-35.840783093104],[-71.6168167419999,-35.8408560831041],[-71.6172305039999,-35.842058748104],[-71.6181682039999,-35.841860404104],[-71.6219622879999,-35.839518802104],[-71.6210863239999,-35.837085894104],[-71.6214140599999,-35.837846384104],[-71.621923809,-35.837572224104],[-71.6216489409999,-35.8372097391041],[-71.6219749129999,-35.837547543104],[-71.6223403329999,-35.837357309104],[-71.6221000729999,-35.8369955261041],[-71.6223861479999,-35.8373343131041],[-71.6227890369999,-35.8371189591041],[-71.6209100029999,-35.8347106871041],[-71.6203067889999,-35.8349761671041],[-71.6205340309999,-35.8355407261041],[-71.6195350159999,-35.835847293104]]]}},{"type":"Feature","properties":{"id":"7401061005028","commune":"Linares","code":"07401","gse":"C2","quintil":"Q4","nse_score":750.9,"educ":12.9,"educ_score":660.0,"hacin":1.625,"hacin_class":"Hacinamiento Medio","hacin_score":718.1,"auto_score":214.3,"n_per":26,"n_hog":7,"source_year":2024},"geometry":{"type":"Polygon","coordinates":[[[-71.618856192,-35.8353684141041],[-71.6191958809999,-35.8352418901041],[-71.6189610559999,-35.8347564541041],[-71.6185986139999,-35.8348929301041],[-71.618856192,-35.8353684141041]]]}},{"type":"Feature","properties":{"id":"7401061005029","commune":"Linares","code":"07401","gse":"C1","quintil":"Q5","nse_score":783.2,"educ":13.5,"educ_score":700.0,"hacin":1.033,"hacin_class":"Hacinamiento Leve","hacin_score":844.1,"auto_score":232.1,"n_per":63,"n_hog":24,"source_year":2024},"geometry":{"type":"Polygon","coordinates":[[[-71.6118215569999,-35.8350489021041],[-71.6119154959999,-35.8353538861041],[-71.6121961629999,-35.8353050631041],[-71.6119281619999,-35.8354165971041],[-71.6121944679999,-35.8362385331041],[-71.6128800019999,-35.8360940001041],[-71.6124619689999,-35.8347950691041],[-71.6118215569999,-35.8350489021041]]]}},{"type":"Feature","properties":{"id":"7401061005030","commune":"Linares","code":"07401","gse":"C1","quintil":"Q5","nse_score":805.3,"educ":14.2,"educ_score":746.7,"hacin":1.273,"hacin_class":"Hacinamiento Leve","hacin_score":793.0,"auto_score":406.2,"n_per":42,"n_hog":15,"source_year":2024},"geometry":{"type":"Polygon","coordinates":[[[-71.6184763299999,-35.8354995621041],[-71.6187777039999,-35.8353849521041],[-71.6185312989999,-35.8349102711041],[-71.6182258189999,-35.8350285661041],[-71.6184763299999,-35.8354995621041]]]}},{"type":"Feature","properties":{"id":"7401061005032","commune":"Linares","code":"07401","gse":"C3","quintil":"Q3","nse_score":701.3,"educ":10.5,"educ_score":500.0,"hacin":1.25,"hacin_class":"Hacinamiento Leve","hacin_score":797.9,"auto_score":214.3,"n_per":60,"n_hog":21,"source_year":2024},"geometry":{"type":"Polygon","coordinates":[[[-71.6161961779999,-35.8357475061041],[-71.6160656179999,-35.8349617731041],[-71.6148999909999,-35.8353471311041],[-71.6151998809999,-35.836091579104],[-71.6161961779999,-35.8357475061041]]]}},{"type":"Feature","properties":{"id":"7401061005033","commune":"Linares","code":"07401","gse":"ABC1","quintil":"Q5","nse_score":827.9,"educ":14.1,"educ_score":740.0,"hacin":1.171,"hacin_class":"Hacinamiento Leve","hacin_score":814.6,"auto_score":375.0,"n_per":41,"n_hog":16,"source_year":2024},"geometry":{"type":"Polygon","coordinates":[[[-71.6181064149999,-35.8356272741041],[-71.6183978209999,-35.8355161601041],[-71.6181586629999,-35.8350447841041],[-71.6178562449999,-35.8351619701041],[-71.6181064149999,-35.8356272741041]]]}},{"type":"Feature","properties":{"id":"7401061005035","commune":"Linares","code":"07401","gse":"C2","quintil":"Q4","nse_score":735.4,"educ":13.5,"educ_score":700.0,"hacin":1.52,"hacin_class":"Hacinamiento Medio","hacin_score":740.4,"auto_score":233.3,"n_per":38,"n_hog":12,"source_year":2024},"geometry":{"type":"Polygon","coordinates":[[[-71.6177061299999,-35.8357622051041],[-71.6180277659999,-35.8356450281041],[-71.6177906769999,-35.8351783591041],[-71.6174645279999,-35.8353108551041],[-71.6177061299999,-35.8357622051041]]]}},{"type":"Feature","properties":{"id":"7401061005036","commune":"Linares","code":"07401","gse":"C2","quintil":"Q4","nse_score":769.8,"educ":12.8,"educ_score":653.3,"hacin":1.269,"hacin_class":"Hacinamiento Leve","hacin_score":793.8,"auto_score":361.1,"n_per":165,"n_hog":52,"source_year":2024},"geometry":{"type":"Polygon","coordinates":[[[-71.6192124709999,-35.8353100521041],[-71.6164906779999,-35.8361968731041],[-71.6165770009999,-35.8365088481041],[-71.6185145759999,-35.8360301201041],[-71.6184716209999,-35.8358712941041],[-71.6185892999999,-35.8360097321041],[-71.6189376329999,-35.8359222681041],[-71.6188945709999,-35.8357645071041],[-71.6190152279999,-35.8359018141041],[-71.6194234929999,-35.8357982681041],[-71.6192124709999,-35.8353100521041]]]}},{"type":"Feature","properties":{"id":"7401061005037","commune":"Linares","code":"07401","gse":"C2","quintil":"Q3","nse_score":720.3,"educ":10.9,"educ_score":526.7,"hacin":1.156,"hacin_class":"Hacinamiento Leve","hacin_score":817.8,"auto_score":178.6,"n_per":37,"n_hog":14,"source_year":2024},"geometry":{"type":"Polygon","coordinates":[[[-71.6163066959999,-35.8357879131041],[-71.6164780979999,-35.8361342641041],[-71.6176199949999,-35.8357396851041],[-71.6174040069999,-35.8353609001041],[-71.6163066959999,-35.8357879131041]]]}},{"type":"Feature","properties":{"id":"7401061005038","commune":"Linares","code":"07401","gse":"C1","quintil":"Q5","nse_score":784.3,"educ":13.3,"educ_score":686.7,"hacin":1.156,"hacin_class":"Hacinamiento Leve","hacin_score":817.8,"auto_score":464.3,"n_per":37,"n_hog":13,"source_year":2024},"geometry":{"type":"Polygon","coordinates":[[[-71.6129753829999,-35.8360737341041],[-71.6138437539999,-35.835834456104],[-71.6138554689999,-35.8358125561041],[-71.6135305119999,-35.8355419991041],[-71.612854765,-35.8357241661041],[-71.6129753829999,-35.8360737341041]]]}},{"type":"Feature","properties":{"id":"7401061005039","commune":"Linares","code":"07401","gse":"C2","quintil":"Q4","nse_score":769.2,"educ":12.7,"educ_score":646.7,"hacin":1.117,"hacin_class":"Hacinamiento Leve","hacin_score":826.2,"auto_score":228.9,"n_per":210,"n_hog":82,"source_year":2024},"geometry":{"type":"Polygon","coordinates":[[[-71.612218632,-35.8363257151041],[-71.6123252229999,-35.8366567111041],[-71.6126252219999,-35.8366364541041],[-71.6123415939999,-35.8367063751041],[-71.6124413769999,-35.8370378911041],[-71.612779557,-35.8370069391041],[-71.6124610729999,-35.8370907951041],[-71.6125778629999,-35.837441896104],[-71.6132663729999,-35.837296629104],[-71.6132576779999,-35.8370400281041],[-71.6133385229999,-35.8372771201041],[-71.6136403169999,-35.8372177121041],[-71.6135654459999,-35.8369355071041],[-71.6137154889999,-35.8371981401041],[-71.6140171169999,-35.837138076104],[-71.6139718929999,-35.8367901781041],[-71.6140898129999,-35.837116812104],[-71.6144063869999,-35.8370552041041],[-71.6142836639999,-35.8366029221041],[-71.6144773519999,-35.8370332761041],[-71.6147783209999,-35.8369764271041],[-71.6146856769999,-35.8364446851041],[-71.6148489539999,-35.836954001104],[-71.6152546289999,-35.8368754911041],[-71.6151144099999,-35.836297524104],[-71.6153906439999,-35.8368233751041],[-71.6149101589999,-35.8356154841041],[-71.612218632,-35.8363257151041]]]}},{"type":"Feature","properties":{"id":"7401061005040","commune":"Linares","code":"07401","gse":"C3","quintil":"Q3","nse_score":705.4,"educ":11.0,"educ_score":533.3,"hacin":1.083,"hacin_class":"Hacinamiento Leve","hacin_score":833.3,"auto_score":26.3,"n_per":39,"n_hog":17,"source_year":2024},"geometry":{"type":"Polygon","coordinates":[[[-71.6163522659999,-35.8361803911041],[-71.6162172129999,-35.8358072151041],[-71.6152191549999,-35.8361618001041],[-71.6153808129999,-35.836516406104],[-71.6163522659999,-35.8361803911041]]]}},{"type":"Feature","properties":{"id":"7401061005041","commune":"Linares","code":"07401","gse":"C2","quintil":"Q4","nse_score":749.7,"educ":12.6,"educ_score":640.0,"hacin":1.219,"hacin_class":"Hacinamiento Leve","hacin_score":804.5,"auto_score":178.6,"n_per":117,"n_hog":37,"source_year":2024},"geometry":{"type":"Polygon","coordinates":[[[-71.6176339619999,-35.8366617711041],[-71.6195710899999,-35.8361689591041],[-71.619584733,-35.8361481001041],[-71.6194435779999,-35.8358559511041],[-71.6175086829999,-35.836348833104],[-71.6176339619999,-35.8366617711041]]]}},{"type":"Feature","properties":{"id":"7401061005042","commune":"Linares","code":"07401","gse":"D","quintil":"Q1","nse_score":608.2,"educ":10.0,"educ_score":466.7,"hacin":1.245,"hacin_class":"Hacinamiento Leve","hacin_score":799.0,"auto_score":181.8,"n_per":61,"n_hog":22,"source_year":2024},"geometry":{"type":"Polygon","coordinates":[[[-71.6261947519999,-35.8371504461041],[-71.6264060969999,-35.8376499951041],[-71.6261402209999,-35.8371316001041],[-71.6249927569999,-35.837808001104],[-71.625977841,-35.8402650721041],[-71.6284508189999,-35.839673519104],[-71.6301644779999,-35.8385960271041],[-71.6296208399999,-35.837331900104],[-71.6289534949999,-35.837470020104],[-71.629609651,-35.837296913104],[-71.6295589979999,-35.8371498821041],[-71.6292679969999,-35.8371962411041],[-71.6295507699999,-35.8371144651041],[-71.6292265129999,-35.8361619961041],[-71.6267899729999,-35.8368450431041],[-71.6261947519999,-35.8371504461041]]]}},{"type":"Feature","properties":{"id":"7401061005043","commune":"Linares","code":"07401","gse":"C2","quintil":"Q4","nse_score":734.3,"educ":12.1,"educ_score":606.7,"hacin":1.425,"hacin_class":"Hacinamiento Leve","hacin_score":760.6,"auto_score":109.8,"n_per":124,"n_hog":38,"source_year":2024},"geometry":{"type":"Polygon","coordinates":[[[-71.6177686309999,-35.8370126431041],[-71.6197169979999,-35.8365142341041],[-71.6197305849999,-35.836493262104],[-71.6195934619999,-35.836210679104],[-71.6176457899999,-35.8367061021041],[-71.6177686309999,-35.8370126431041]]]}},{"type":"Feature","properties":{"id":"7401061005044","commune":"Linares","code":"07401","gse":"C2","quintil":"Q4","nse_score":745.4,"educ":11.8,"educ_score":586.7,"hacin":1.35,"hacin_class":"Hacinamiento Leve","hacin_score":776.6,"auto_score":55.6,"n_per":27,"n_hog":9,"source_year":2024},"geometry":{"type":"Polygon","coordinates":[[[-71.6154960989999,-35.8368006381041],[-71.616490558,-35.836544932104],[-71.6164195849999,-35.8362506281041],[-71.6154053429999,-35.8365747991041],[-71.6154960989999,-35.8368006381041]]]}},{"type":"Feature","properties":{"id":"7401061005045","commune":"Linares","code":"07401","gse":"C2","quintil":"Q4","nse_score":760.2,"educ":12.3,"educ_score":620.0,"hacin":1.245,"hacin_class":"Hacinamiento Leve","hacin_score":799.0,"auto_score":187.5,"n_per":117,"n_hog":39,"source_year":2024},"geometry":{"type":"Polygon","coordinates":[[[-71.6156148489999,-35.837175539104],[-71.6175307359999,-35.836688151104],[-71.6175428709999,-35.8366660711041],[-71.6174123339999,-35.8363734931041],[-71.6155002709999,-35.836861904104],[-71.6156148489999,-35.837175539104]]]}},{"type":"Feature","properties":{"id":"7401061005046","commune":"Linares","code":"07401","gse":"C2","quintil":"Q4","nse_score":765.0,"educ":12.6,"educ_score":640.0,"hacin":1.188,"hacin_class":"Hacinamiento Leve","hacin_score":811.1,"auto_score":225.0,"n_per":367,"n_hog":134,"source_year":2024},"geometry":{"type":"Polygon","coordinates":[[[-71.6197392399999,-35.8365559651041],[-71.6157446869999,-35.837578245104],[-71.6160317689999,-35.8383945841041],[-71.616481512,-35.838287498104],[-71.6162928989999,-35.8377519601041],[-71.6165613219999,-35.838274195104],[-71.6169205849999,-35.8381729721041],[-71.6167246969999,-35.837629120104],[-71.6169994759999,-35.8381618161041],[-71.6174373899999,-35.838042456104],[-71.617261992,-35.8375573351041],[-71.6175170609999,-35.838029061104],[-71.6179471159999,-35.8379117261041],[-71.6177623629999,-35.8373992471041],[-71.618026761,-35.8378985681041],[-71.6184596889999,-35.837782701104],[-71.61828191,-35.8372854951041],[-71.6185394459999,-35.837769699104],[-71.6189628969999,-35.837657328104],[-71.6188318499999,-35.8372030021041],[-71.6199031199999,-35.836907604104],[-71.6197392399999,-35.8365559651041]]]}},{"type":"Feature","properties":{"id":"7401061005047","commune":"Linares","code":"07401","gse":"C1","quintil":"Q5","nse_score":801.0,"educ":13.4,"educ_score":693.3,"hacin":1.26,"hacin_class":"Hacinamiento Leve","hacin_score":795.7,"auto_score":225.0,"n_per":121,"n_hog":39,"source_year":2024},"geometry":{"type":"Polygon","coordinates":[[[-71.6157390119999,-35.8375308921041],[-71.6176654359999,-35.8370391061041],[-71.6176775519999,-35.8370170341041],[-71.6175494299999,-35.8367307331041],[-71.6156254249999,-35.8372200371041],[-71.6157390119999,-35.8375308921041]]]}},{"type":"Feature","properties":{"id":"7401061005048","commune":"Linares","code":"07401","gse":"C1","quintil":"Q5","nse_score":789.5,"educ":14.0,"educ_score":733.3,"hacin":1.429,"hacin_class":"Hacinamiento Leve","hacin_score":759.9,"auto_score":250.0,"n_per":60,"n_hog":21,"source_year":2024},"geometry":{"type":"Polygon","coordinates":[[[-71.6209401439999,-35.8375550581041],[-71.6206498019999,-35.8367846241041],[-71.6203385699999,-35.8368252921041],[-71.6206142749999,-35.837640310104],[-71.6209401439999,-35.8375550581041]]]}},{"type":"Feature","properties":{"id":"7401061005049","commune":"Linares","code":"07401","gse":"C2","quintil":"Q3","nse_score":712.7,"educ":11.2,"educ_score":546.7,"hacin":1.285,"hacin_class":"Hacinamiento Leve","hacin_score":790.5,"auto_score":127.5,"n_per":564,"n_hog":201,"source_year":2024},"geometry":{"type":"Polygon","coordinates":[[[-71.6154305669999,-35.8373300051041],[-71.6152927269999,-35.8369292241041],[-71.6147017829999,-35.8370546161041],[-71.6147962359999,-35.8373625501041],[-71.6151288369999,-35.837309239104],[-71.6148104579999,-35.8373966791041],[-71.6149086909999,-35.8378804621041],[-71.6134465139999,-35.8383993991041],[-71.6140629779999,-35.840401618104],[-71.6145796799999,-35.840348109104],[-71.6135780579999,-35.840571347104],[-71.6137089549999,-35.840976932104],[-71.614000502,-35.840914978104],[-71.6137202049999,-35.841011789104],[-71.6138507499999,-35.841416276104],[-71.6141695489999,-35.841350070104],[-71.6138619999999,-35.841451134104],[-71.6142460659999,-35.842682136104],[-71.6171539709999,-35.842077257104],[-71.6163197549999,-35.839466840104],[-71.6162890579999,-35.839572068104],[-71.6161915669999,-35.8394810451041],[-71.615234702,-35.839659044104],[-71.616180444,-35.8394369041041],[-71.6160953879999,-35.839171175104],[-71.6151411659999,-35.8393285111041],[-71.6160814109999,-35.839127515104],[-71.6159907009999,-35.838852122104],[-71.614751355,-35.839076317104],[-71.6140337909999,-35.839385880104],[-71.6146811609999,-35.839050898104],[-71.6145880979999,-35.838797728104],[-71.6138288679999,-35.839051752104],[-71.6145720119999,-35.8387539651041],[-71.614465547,-35.838464334104],[-71.6136973399999,-35.8387163401041],[-71.6156602599999,-35.8379325921041],[-71.6156110549999,-35.837802288104],[-71.6157738999999,-35.8378989301041],[-71.6154152649999,-35.8368891101041],[-71.6154305669999,-35.8373300051041]]]}},{"type":"Feature","properties":{"id":"7401061005051","commune":"Linares","code":"07401","gse":"ABC1","quintil":"Q5","nse_score":828.8,"educ":14.2,"educ_score":746.7,"hacin":1.395,"hacin_class":"Hacinamiento Leve","hacin_score":766.9,"auto_score":184.2,"n_per":60,"n_hog":21,"source_year":2024},"geometry":{"type":"Polygon","coordinates":[[[-71.6190448669999,-35.8376424041041],[-71.6200748389999,-35.8373777051041],[-71.6199309869999,-35.8369763851041],[-71.618895285,-35.8372333541041],[-71.6190448669999,-35.8376424041041]]]}},{"type":"Feature","properties":{"id":"7401061005052","commune":"Linares","code":"07401","gse":"C2","quintil":"Q4","nse_score":765.5,"educ":12.6,"educ_score":640.0,"hacin":1.172,"hacin_class":"Hacinamiento Leve","hacin_score":814.4,"auto_score":239.1,"n_per":68,"n_hog":22,"source_year":2024},"geometry":{"type":"Polygon","coordinates":[[[-71.6146093249999,-35.8379542381041],[-71.6148739179999,-35.837805922104],[-71.6146249729999,-35.8370716751041],[-71.6143189419999,-35.8371562721041],[-71.6146093249999,-35.8379542381041]]]}},{"type":"Feature","properties":{"id":"7401061005053","commune":"Linares","code":"07401","gse":"C2","quintil":"Q4","nse_score":749.5,"educ":12.2,"educ_score":613.3,"hacin":1.018,"hacin_class":"Hacinamiento Leve","hacin_score":847.1,"auto_score":62.5,"n_per":55,"n_hog":22,"source_year":2024},"geometry":{"type":"Polygon","coordinates":[[[-71.6142343299999,-35.8381066791041],[-71.6145160679999,-35.8379753291041],[-71.6142347879999,-35.837154464104],[-71.6139424199999,-35.8372373981041],[-71.6142343299999,-35.8381066791041]]]}},{"type":"Feature","properties":{"id":"7401061005054","commune":"Linares","code":"07401","gse":"C3","quintil":"Q3","nse_score":693.3,"educ":11.1,"educ_score":540.0,"hacin":1.179,"hacin_class":"Hacinamiento Leve","hacin_score":813.1,"auto_score":166.7,"n_per":33,"n_hog":11,"source_year":2024},"geometry":{"type":"Polygon","coordinates":[[[-71.6221747979999,-35.8381089071041],[-71.6217860989999,-35.8376964501041],[-71.6214249439999,-35.837902607104],[-71.6220048429999,-35.839486627104],[-71.62353823,-35.8385751751041],[-71.6232561869999,-35.837834523104],[-71.6228200269999,-35.8371690671041],[-71.6218346909999,-35.837666148104],[-71.6221747979999,-35.8381089071041]]]}},{"type":"Feature","properties":{"id":"7401061005055","commune":"Linares","code":"07401","gse":"C1","quintil":"Q5","nse_score":783.3,"educ":12.4,"educ_score":626.7,"hacin":1.076,"hacin_class":"Hacinamiento Leve","hacin_score":834.9,"auto_score":250.0,"n_per":71,"n_hog":28,"source_year":2024},"geometry":{"type":"Polygon","coordinates":[[[-71.6138754059999,-35.8382525861041],[-71.6141402239999,-35.8381319471041],[-71.6138584089999,-35.8372343301041],[-71.6135527159999,-35.8373203991041],[-71.6138754059999,-35.8382525861041]]]}},{"type":"Feature","properties":{"id":"7401061005056","commune":"Linares","code":"07401","gse":"C2","quintil":"Q4","nse_score":761.5,"educ":12.2,"educ_score":613.3,"hacin":1.091,"hacin_class":"Hacinamiento Leve","hacin_score":831.7,"auto_score":133.3,"n_per":72,"n_hog":31,"source_year":2024},"geometry":{"type":"Polygon","coordinates":[[[-71.6135404379999,-35.8383781681041],[-71.6137818029999,-35.8382716471041],[-71.6134999869999,-35.8373379551041],[-71.6131752539999,-35.837378689104],[-71.6135404379999,-35.8383781681041]]]}},{"type":"Feature","properties":{"id":"7401061005058","commune":"Linares","code":"07401","gse":"ABC1","quintil":"Q5","nse_score":833.2,"educ":14.3,"educ_score":753.3,"hacin":1.2,"hacin_class":"Hacinamiento Leve","hacin_score":808.5,"auto_score":138.3,"n_per":120,"n_hog":48,"source_year":2024},"geometry":{"type":"Polygon","coordinates":[[[-71.6125869179999,-35.837511723104],[-71.612704946,-35.8378731541041],[-71.6131290269999,-35.837785937104],[-71.6127191639999,-35.8379166941041],[-71.6128495889999,-35.838316083104],[-71.6131486969999,-35.838255867104],[-71.6128609649999,-35.8383509171041],[-71.6129916149999,-35.838750992104],[-71.6132943079999,-35.838686303104],[-71.6130029899999,-35.838785822104],[-71.6131340289999,-35.8391870821041],[-71.6135359879999,-35.839137764104],[-71.6131452389999,-35.839221948104],[-71.6132740769999,-35.839623773104],[-71.6135836569999,-35.839610461104],[-71.6132908499999,-35.839676085104],[-71.6134120539999,-35.840054094104],[-71.6137393879999,-35.840029609104],[-71.6134260299999,-35.840097684104],[-71.6135594949999,-35.840513832104],[-71.6140629779999,-35.840401618104],[-71.6130966999999,-35.837395181104],[-71.6125869179999,-35.837511723104]]]}},{"type":"Feature","properties":{"id":"7401061005059","commune":"Linares","code":"07401","gse":"ABC1","quintil":"Q5","nse_score":812.7,"educ":14.2,"educ_score":746.7,"hacin":1.318,"hacin_class":"Hacinamiento Leve","hacin_score":783.5,"auto_score":381.6,"n_per":112,"n_hog":39,"source_year":2024},"geometry":{"type":"Polygon","coordinates":[[[-71.620093187,-35.837436466104],[-71.6179412889999,-35.8379825751041],[-71.6179072189999,-35.838024246104],[-71.6180924539999,-35.838320336104],[-71.6201933099999,-35.8377806031041],[-71.620093187,-35.837436466104]]]}},{"type":"Feature","properties":{"id":"7401061005061","commune":"Linares","code":"07401","gse":"C2","quintil":"Q4","nse_score":739.8,"educ":12.2,"educ_score":613.3,"hacin":1.3,"hacin_class":"Hacinamiento Leve","hacin_score":787.2,"auto_score":166.7,"n_per":26,"n_hog":11,"source_year":2024},"geometry":{"type":"Polygon","coordinates":[[[-71.620601974,-35.8381624741041],[-71.6204522169999,-35.8377899981041],[-71.620154264,-35.8378503691041],[-71.6203332989999,-35.8383248431041],[-71.620601974,-35.8381624741041]]]}},{"type":"Feature","properties":{"id":"7401061005063","commune":"Linares","code":"07401","gse":"C2","quintil":"Q3","nse_score":709.6,"educ":13.2,"educ_score":680.0,"hacin":1.278,"hacin_class":"Hacinamiento Leve","hacin_score":792.0,"auto_score":125.0,"n_per":23,"n_hog":9,"source_year":2024},"geometry":{"type":"Polygon","coordinates":[[[-71.6202603829999,-35.838394888104],[-71.6200727529999,-35.8378831491041],[-71.6197702989999,-35.8379479351041],[-71.619980241,-35.838542880104],[-71.6202603829999,-35.838394888104]]]}},{"type":"Feature","properties":{"id":"7401061005065","commune":"Linares","code":"07401","gse":"C2","quintil":"Q4","nse_score":774.0,"educ":13.3,"educ_score":686.7,"hacin":1.387,"hacin_class":"Hacinamiento Leve","hacin_score":768.7,"auto_score":250.0,"n_per":43,"n_hog":16,"source_year":2024},"geometry":{"type":"Polygon","coordinates":[[[-71.6199326589999,-35.838551135104],[-71.6196874449999,-35.837975497104],[-71.6193801659999,-35.838050308104],[-71.6196476509999,-35.838738557104],[-71.6199326589999,-35.838551135104]]]}},{"type":"Feature","properties":{"id":"7401061005066","commune":"Linares","code":"07401","gse":"C3","quintil":"Q3","nse_score":706.7,"educ":11.3,"educ_score":553.3,"hacin":1.269,"hacin_class":"Hacinamiento Leve","hacin_score":793.9,"auto_score":125.0,"n_per":85,"n_hog":34,"source_year":2024},"geometry":{"type":"Polygon","coordinates":[[[-71.614673723,-35.838712495104],[-71.6157658639999,-35.838263417104],[-71.6156876009999,-35.8380071171041],[-71.6145501329999,-35.838431176104],[-71.614673723,-35.838712495104]]]}},{"type":"Feature","properties":{"id":"7401061005067","commune":"Linares","code":"07401","gse":"ABC1","quintil":"Q5","nse_score":821.8,"educ":16.3,"educ_score":886.7,"hacin":1.5,"hacin_class":"Hacinamiento Medio","hacin_score":744.7,"auto_score":187.5,"n_per":33,"n_hog":13,"source_year":2024},"geometry":{"type":"Polygon","coordinates":[[[-71.6195653839999,-35.8388018521041],[-71.6193111939999,-35.838084957104],[-71.6189676159999,-35.838156363104],[-71.6192551059999,-35.838957071104],[-71.6195653839999,-35.8388018521041]]]}},{"type":"Feature","properties":{"id":"7401061005068","commune":"Linares","code":"07401","gse":"C2","quintil":"Q4","nse_score":772.3,"educ":14.8,"educ_score":786.7,"hacin":1.237,"hacin_class":"Hacinamiento Leve","hacin_score":800.7,"auto_score":152.2,"n_per":47,"n_hog":19,"source_year":2024},"geometry":{"type":"Polygon","coordinates":[[[-71.6191710809999,-35.839043636104],[-71.6188768489999,-35.838229105104],[-71.6185079749999,-35.838276114104],[-71.6188327639999,-35.839191228104],[-71.6191710809999,-35.839043636104]]]}},{"type":"Feature","properties":{"id":"7401061005071","commune":"Linares","code":"07401","gse":"C2","quintil":"Q4","nse_score":751.4,"educ":13.8,"educ_score":720.0,"hacin":1.5,"hacin_class":"Hacinamiento Medio","hacin_score":744.7,"auto_score":180.0,"n_per":69,"n_hog":23,"source_year":2024},"geometry":{"type":"Polygon","coordinates":[[[-71.6184768929999,-35.839445894104],[-71.6187657939999,-35.839268537104],[-71.6183969349999,-35.838290009104],[-71.6180499659999,-35.8384153011041],[-71.6184768929999,-35.839445894104]]]}},{"type":"Feature","properties":{"id":"7401061005072","commune":"Linares","code":"07401","gse":"D","quintil":"Q2","nse_score":630.9,"educ":10.4,"educ_score":493.3,"hacin":1.514,"hacin_class":"Hacinamiento Medio","hacin_score":741.6,"auto_score":194.4,"n_per":53,"n_hog":14,"source_year":2024},"geometry":{"type":"Polygon","coordinates":[[[-71.6147824539999,-35.839009465104],[-71.6158765619999,-35.8385740191041],[-71.6158083719999,-35.8383267821041],[-71.6146728449999,-35.8387637331041],[-71.6147824539999,-35.839009465104]]]}},{"type":"Feature","properties":{"id":"7401061005073","commune":"Linares","code":"07401","gse":"C2","quintil":"Q4","nse_score":740.6,"educ":13.7,"educ_score":713.3,"hacin":1.357,"hacin_class":"Hacinamiento Leve","hacin_score":775.1,"auto_score":136.4,"n_per":57,"n_hog":19,"source_year":2024},"geometry":{"type":"Polygon","coordinates":[[[-71.6183813309999,-35.839511116104],[-71.6179523349999,-35.8384031731041],[-71.6176162669999,-35.838488714104],[-71.6180512829999,-35.839665975104],[-71.6183813309999,-35.839511116104]]]}},{"type":"Feature","properties":{"id":"7401061005062","commune":"Linares","code":"07401","gse":"C3","quintil":"Q3","nse_score":702.4,"educ":11.7,"educ_score":580.0,"hacin":1.077,"hacin_class":"Hacinamiento Leve","hacin_score":834.7,"auto_score":300.0,"n_per":14,"n_hog":5,"source_year":2024},"geometry":{"type":"MultiPolygon","coordinates":[[[[-71.6184302909999,-35.841811644104],[-71.6240554589999,-35.840632308104],[-71.6241804049999,-35.840356007104],[-71.6235792209999,-35.838671531104],[-71.6183755799999,-35.841736960104],[-71.6184302909999,-35.841811644104]]],[[[-71.6246992489999,-35.840496647104],[-71.6259132629999,-35.840278598104],[-71.6249358159999,-35.837841129104],[-71.6236237499999,-35.838598484104],[-71.6244366529999,-35.840345464104],[-71.6246992489999,-35.840496647104]]]]}},{"type":"Feature","properties":{"id":"7401061005057","commune":"Linares","code":"07401","gse":"C2","quintil":"Q4","nse_score":758.3,"educ":14.6,"educ_score":773.3,"hacin":1.1,"hacin_class":"Hacinamiento Leve","hacin_score":829.8,"auto_score":214.3,"n_per":11,"n_hog":5,"source_year":2024},"geometry":{"type":"MultiPolygon","coordinates":[[[[-71.6206700349999,-35.8381208871041],[-71.6210581859999,-35.8378975091041],[-71.6209815949999,-35.8376650491041],[-71.6205198579999,-35.8377641721041],[-71.6206700349999,-35.8381208871041]]],[[[-71.6203040339999,-35.837745230104],[-71.6205530559999,-35.8376718261041],[-71.62042808,-35.8373440191041],[-71.6201751679999,-35.837401867104],[-71.6203040339999,-35.837745230104]]]]}},{"type":"Feature","properties":{"id":"7401061005008","commune":"Linares","code":"07401","gse":"E","quintil":"Q1","nse_score":541.2,"educ":9.1,"educ_score":406.7,"hacin":1.333,"hacin_class":"Hacinamiento Leve","hacin_score":780.1,"auto_score":166.7,"n_per":20,"n_hog":7,"source_year":2024},"geometry":{"type":"MultiPolygon","coordinates":[[[[-71.623973884,-35.8364876181041],[-71.6242795429999,-35.838149265104],[-71.6257067509999,-35.8373082851041],[-71.6254838689999,-35.8346715531041],[-71.6246963599999,-35.8351198521041],[-71.623973884,-35.8364876181041]]],[[[-71.6255383529999,-35.8345145501041],[-71.6270034649999,-35.8340411001041],[-71.6269016649999,-35.8328233621041],[-71.6263273959999,-35.8328852071041],[-71.6254436939999,-35.8333923561041],[-71.6255383529999,-35.8345145501041]]]]}},{"type":"Feature","properties":{"id":"7401061006001","commune":"Linares","code":"07401","gse":"D","quintil":"Q1","nse_score":621.3,"educ":9.8,"educ_score":453.3,"hacin":1.185,"hacin_class":"Hacinamiento Leve","hacin_score":811.7,"auto_score":125.0,"n_per":64,"n_hog":27,"source_year":2024},"geometry":{"type":"Polygon","coordinates":[[[-71.6569738579999,-35.7923569421045],[-71.6535608709999,-35.7944706811045],[-71.654958458,-35.7937206471045],[-71.6550631779999,-35.7937542381045],[-71.6554076469999,-35.7943116441045],[-71.6551305839999,-35.7944451841045],[-71.6553495489999,-35.7942977721045],[-71.6549707339999,-35.7937564291045],[-71.6545851659999,-35.7939709731045],[-71.6548351959999,-35.7943967031045],[-71.6545485909999,-35.7939915881045],[-71.6536001799999,-35.7945261671045],[-71.6538851789999,-35.7951774371045],[-71.6545659009999,-35.7949050061045],[-71.6539000209999,-35.7952114681045],[-71.6558269149999,-35.7996207831045],[-71.6567091399999,-35.7982877831044],[-71.6562246239999,-35.7975710431045],[-71.6559101799999,-35.7969419761044],[-71.6554140239999,-35.7955659891045],[-71.6556466609999,-35.7959263411045],[-71.6559519559999,-35.7969299961045],[-71.6567336169999,-35.7982505791045],[-71.6574248059999,-35.7971432421045],[-71.6563132339999,-35.7951847911045],[-71.6558752059999,-35.7941803291045],[-71.6564614089999,-35.7952674031045],[-71.6564455299999,-35.7949586421045],[-71.6570666209999,-35.7947704951045],[-71.6564814939999,-35.7949861981045],[-71.6564663679999,-35.7950952061045],[-71.6574427149999,-35.7970865441045],[-71.6579109779999,-35.7962001901045],[-71.6579963759999,-35.7951741381045],[-71.6578685729999,-35.7950021031045],[-71.6574139699999,-35.7949655621045],[-71.6579313109999,-35.7949107411045],[-71.6571418929999,-35.7931547041045],[-71.6569738579999,-35.7923569421045]]]}},{"type":"Feature","properties":{"id":"7401061006003","commune":"Linares","code":"07401","gse":"E","quintil":"Q1","nse_score":573.1,"educ":9.0,"educ_score":400.0,"hacin":1.269,"hacin_class":"Hacinamiento Leve","hacin_score":793.8,"auto_score":166.7,"n_per":33,"n_hog":12,"source_year":2024},"geometry":{"type":"Polygon","coordinates":[[[-71.6541097489999,-35.8021546091044],[-71.6557905249999,-35.7996754721044],[-71.6546283799999,-35.7968636381045],[-71.6543643399999,-35.7969766771044],[-71.6542150079999,-35.7973560881045],[-71.6539050799999,-35.7975417701045],[-71.6536991249999,-35.7979016221045],[-71.6537404459999,-35.7982238421044],[-71.6540280149999,-35.7985673801045],[-71.6509894459999,-35.8020561711044],[-71.6541097489999,-35.8021546091044]]]}},{"type":"Feature","properties":{"id":"7401061007001","commune":"Linares","code":"07401","gse":"C2","quintil":"Q4","nse_score":778.6,"educ":13.2,"educ_score":680.0,"hacin":1.177,"hacin_class":"Hacinamiento Leve","hacin_score":813.5,"auto_score":291.7,"n_per":60,"n_hog":24,"source_year":2024},"geometry":{"type":"Polygon","coordinates":[[[-71.6112545129999,-35.838171437104],[-71.6126186949999,-35.8378903811041],[-71.6125186189999,-35.837534664104],[-71.6111274429999,-35.837809596104],[-71.6112545129999,-35.838171437104]]]}},{"type":"Feature","properties":{"id":"7401061007002","commune":"Linares","code":"07401","gse":"C1","quintil":"Q5","nse_score":781.4,"educ":13.1,"educ_score":673.3,"hacin":1.26,"hacin_class":"Hacinamiento Leve","hacin_score":795.8,"auto_score":66.7,"n_per":165,"n_hog":74,"source_year":2024},"geometry":{"type":"Polygon","coordinates":[[[-71.6103100509999,-35.8379876271041],[-71.6109634419999,-35.839861380104],[-71.6116491449999,-35.839732250104],[-71.6115393619999,-35.839373214104],[-71.6110865159999,-35.839424884104],[-71.6115241049999,-35.839329643104],[-71.6114237219999,-35.838998640104],[-71.610951526,-35.839085250104],[-71.6114033809999,-35.8389515211041],[-71.6113043639999,-35.838622530104],[-71.6108168079999,-35.838712177104],[-71.611284511,-35.838566713104],[-71.6111710589999,-35.8382369941041],[-71.6107186059999,-35.8382997791041],[-71.611155633,-35.8381934241041],[-71.6110446049999,-35.8378391641041],[-71.6103100509999,-35.8379876271041]]]}},{"type":"Feature","properties":{"id":"7401061007003","commune":"Linares","code":"07401","gse":"C2","quintil":"Q4","nse_score":768.5,"educ":12.9,"educ_score":660.0,"hacin":1.184,"hacin_class":"Hacinamiento Leve","hacin_score":812.0,"auto_score":163.0,"n_per":116,"n_hog":44,"source_year":2024},"geometry":{"type":"Polygon","coordinates":[[[-71.6119929789999,-35.8381047441041],[-71.6122664519999,-35.838947550104],[-71.6123856129999,-35.838977730104],[-71.6115651949999,-35.839156771104],[-71.6116620409999,-35.839492855104],[-71.613052562,-35.8392018231041],[-71.6129314609999,-35.838809767104],[-71.6126084859999,-35.8388328711041],[-71.6129158709999,-35.838753979104],[-71.6127879549999,-35.8383729271041],[-71.6124819779999,-35.8384272121041],[-71.6127725549999,-35.8383226451041],[-71.6126497219999,-35.837942077104],[-71.6119929789999,-35.8381047441041]]]}},{"type":"Feature","properties":{"id":"7401061007004","commune":"Linares","code":"07401","gse":"C2","quintil":"Q4","nse_score":742.5,"educ":12.2,"educ_score":613.3,"hacin":1.165,"hacin_class":"Hacinamiento Leve","hacin_score":816.1,"auto_score":0.0,"n_per":92,"n_hog":40,"source_year":2024},"geometry":{"type":"Polygon","coordinates":[[[-71.6105639429999,-35.839955966104],[-71.6108889399999,-35.839872436104],[-71.6102319669999,-35.8380216591041],[-71.6098905349999,-35.8380738591041],[-71.6105639429999,-35.839955966104]]]}},{"type":"Feature","properties":{"id":"7401061007005","commune":"Linares","code":"07401","gse":"C2","quintil":"Q4","nse_score":738.5,"educ":13.8,"educ_score":720.0,"hacin":1.467,"hacin_class":"Hacinamiento Leve","hacin_score":751.8,"auto_score":437.5,"n_per":22,"n_hog":7,"source_year":2024},"geometry":{"type":"Polygon","coordinates":[[[-71.6114109669999,-35.838642640104],[-71.6120650469999,-35.838500034104],[-71.6119384739999,-35.8380870561041],[-71.6112577499999,-35.8382207651041],[-71.6114109669999,-35.838642640104]]]}},{"type":"Feature","properties":{"id":"7401061007006","commune":"Linares","code":"07401","gse":"C2","quintil":"Q4","nse_score":742.9,"educ":12.1,"educ_score":606.7,"hacin":1.148,"hacin_class":"Hacinamiento Leve","hacin_score":819.6,"auto_score":130.4,"n_per":101,"n_hog":44,"source_year":2024},"geometry":{"type":"Polygon","coordinates":[[[-71.6101483329999,-35.840040818104],[-71.6104715989999,-35.839957437104],[-71.6098147989999,-35.838107403104],[-71.6094759059999,-35.838159518104],[-71.6101483329999,-35.840040818104]]]}},{"type":"Feature","properties":{"id":"7401061007007","commune":"Linares","code":"07401","gse":"C1","quintil":"Q5","nse_score":781.9,"educ":12.4,"educ_score":626.7,"hacin":1.079,"hacin_class":"Hacinamiento Leve","hacin_score":834.1,"auto_score":154.8,"n_per":95,"n_hog":43,"source_year":2024},"geometry":{"type":"Polygon","coordinates":[[[-71.6097302449999,-35.840126176104],[-71.6100567139999,-35.8400407561041],[-71.609399617,-35.838192082104],[-71.6090619259999,-35.8382450391041],[-71.6097302449999,-35.840126176104]]]}},{"type":"Feature","properties":{"id":"7401061007008","commune":"Linares","code":"07401","gse":"C2","quintil":"Q3","nse_score":714.5,"educ":11.1,"educ_score":540.0,"hacin":1.212,"hacin_class":"Hacinamiento Leve","hacin_score":805.9,"auto_score":103.6,"n_per":291,"n_hog":106,"source_year":2024},"geometry":{"type":"Polygon","coordinates":[[[-71.6089594329999,-35.8382664211041],[-71.6064178729999,-35.838818311104],[-71.6069382009999,-35.840517546104],[-71.6075818829999,-35.840400296104],[-71.6069536299999,-35.840580861104],[-71.6070736479999,-35.840964366104],[-71.6076926939999,-35.840846200104],[-71.6070797399999,-35.841019390104],[-71.607196842,-35.841403971104],[-71.6078262089999,-35.841284055104],[-71.6072035459999,-35.841458292104],[-71.6073233779999,-35.841845646104],[-71.6079183359999,-35.841734193104],[-71.6073307199999,-35.841900238104],[-71.6074485959999,-35.842291681104],[-71.608057099,-35.842173763104],[-71.6074563859999,-35.842345445104],[-71.6075760299999,-35.842719907104],[-71.6081803189999,-35.842604320104],[-71.6075830649999,-35.842771548104],[-71.6076584389999,-35.843001004104],[-71.6082534939999,-35.842894265104],[-71.6076604599999,-35.843050979104],[-71.6079071119999,-35.843863001104],[-71.6080329879999,-35.843957655104],[-71.6103332189999,-35.843484893104],[-71.6100653819999,-35.842763286104],[-71.6098797219999,-35.842798518104],[-71.6100416809999,-35.842699045104],[-71.6095824879999,-35.841693184104],[-71.6096376719999,-35.841356174104],[-71.6098345799999,-35.841269780104],[-71.6095134849999,-35.8402473881041],[-71.6093071859999,-35.8402125471041],[-71.609638248,-35.840126292104],[-71.6094162219999,-35.839668479104],[-71.6091897189999,-35.839696384104],[-71.6094021079999,-35.839614192104],[-71.6093129319999,-35.839324165104],[-71.6089753059999,-35.839368371104],[-71.6092953339999,-35.839267749104],[-71.6092030489999,-35.838980082104],[-71.6088842299999,-35.839035181104],[-71.6091882639999,-35.838932712104],[-71.6091026579999,-35.838648519104],[-71.6087562029999,-35.8386679211041],[-71.6090811609999,-35.838593253104],[-71.6089594329999,-35.8382664211041]]]}},{"type":"Feature","properties":{"id":"7401061007009","commune":"Linares","code":"07401","gse":"ABC1","quintil":"Q5","nse_score":843.6,"educ":13.9,"educ_score":726.7,"hacin":1.038,"hacin_class":"Hacinamiento Leve","hacin_score":842.9,"auto_score":300.0,"n_per":27,"n_hog":10,"source_year":2024},"geometry":{"type":"Polygon","coordinates":[[[-71.6115632839999,-35.839118328104],[-71.6122200089999,-35.838972378104],[-71.6120871649999,-35.8385452841041],[-71.6114106839999,-35.8386834301041],[-71.6115632839999,-35.839118328104]]]}},{"type":"Feature","properties":{"id":"7401061007010","commune":"Linares","code":"07401","gse":"C1","quintil":"Q5","nse_score":789.1,"educ":12.9,"educ_score":660.0,"hacin":1.16,"hacin_class":"Hacinamiento Leve","hacin_score":817.0,"auto_score":100.0,"n_per":29,"n_hog":10,"source_year":2024},"geometry":{"type":"Polygon","coordinates":[[[-71.6062837669999,-35.8388467181041],[-71.605599949,-35.839059848104],[-71.60575911,-35.8396107081041],[-71.606509189,-35.839477259104],[-71.6062837669999,-35.8388467181041]]]}},{"type":"Feature","properties":{"id":"7401061007011","commune":"Linares","code":"07401","gse":"ABC1","quintil":"Q5","nse_score":867.9,"educ":15.1,"educ_score":806.7,"hacin":0.888,"hacin_class":"Sin Hacinamiento","hacin_score":875.0,"auto_score":293.1,"n_per":79,"n_hog":28,"source_year":2024},"geometry":{"type":"Polygon","coordinates":[[[-71.6055120479999,-35.8390797811041],[-71.6033439389999,-35.839685620104],[-71.6033595659999,-35.840068344104],[-71.603488491,-35.840128642104],[-71.6056730269999,-35.839675669104],[-71.6055120479999,-35.8390797811041]]]}},{"type":"Feature","properties":{"id":"7401061007012","commune":"Linares","code":"07401","gse":"C1","quintil":"Q5","nse_score":792.5,"educ":13.2,"educ_score":680.0,"hacin":0.886,"hacin_class":"Sin Hacinamiento","hacin_score":875.2,"auto_score":157.9,"n_per":39,"n_hog":18,"source_year":2024},"geometry":{"type":"Polygon","coordinates":[[[-71.6118282269999,-35.839947807104],[-71.6131894879999,-35.839642053104],[-71.6130795699999,-35.839253252104],[-71.6116888429999,-35.839536385104],[-71.6118282269999,-35.839947807104]]]}},{"type":"Feature","properties":{"id":"7401061007013","commune":"Linares","code":"07401","gse":"C2","quintil":"Q4","nse_score":777.4,"educ":13.8,"educ_score":720.0,"hacin":1.242,"hacin_class":"Hacinamiento Leve","hacin_score":799.7,"auto_score":175.2,"n_per":1028,"n_hog":477,"source_year":2024},"geometry":{"type":"Polygon","coordinates":[[[-71.6064892569999,-35.839561119104],[-71.6053901939999,-35.839817003104],[-71.6056306309999,-35.840695084104],[-71.6054763849999,-35.840558725104],[-71.6044913689999,-35.840764863104],[-71.6045623569999,-35.841168919104],[-71.6044024939999,-35.841230972104],[-71.6042054819999,-35.840834155104],[-71.6036456219999,-35.840983203104],[-71.603879876,-35.841751552104],[-71.6048349959999,-35.841576429104],[-71.6038987169999,-35.841872822104],[-71.6040661229999,-35.842327772104],[-71.6049881559999,-35.842151138104],[-71.6040684359999,-35.842450495104],[-71.6042249939999,-35.842911282104],[-71.6051705639999,-35.842720729104],[-71.6042603839999,-35.843009660104],[-71.6044175339999,-35.843488460104],[-71.6053705829999,-35.843303875104],[-71.6052393449999,-35.843421061104],[-71.6056083149999,-35.844463097104],[-71.6058352019999,-35.844377055104],[-71.6053557399999,-35.842580306104],[-71.6054702949999,-35.842951870104],[-71.6056199829999,-35.842917076104],[-71.6057241519999,-35.843250983104],[-71.6055905869999,-35.843287256104],[-71.6059423149999,-35.844383744104],[-71.6078056989999,-35.843987271104],[-71.6075854389999,-35.843063628104],[-71.6069800759999,-35.843126232104],[-71.6075599209999,-35.843018587104],[-71.6075097909999,-35.842787466104],[-71.6068984529999,-35.842857125104],[-71.6074881679999,-35.842738152104],[-71.607386705,-35.842366036104],[-71.6067556699999,-35.842434799104],[-71.6073624649999,-35.842299189104],[-71.6072485209999,-35.841906480104],[-71.6066356069999,-35.841983321104],[-71.6072334269999,-35.841862821104],[-71.6071366139999,-35.841487745104],[-71.6065040049999,-35.841543576104],[-71.6070875499999,-35.841421434104],[-71.6070162959999,-35.8410642091041],[-71.6063632009999,-35.841107839104],[-71.6069663219999,-35.840981578104],[-71.6068879979999,-35.840616152104],[-71.6062410029999,-35.840671721104],[-71.6068368199999,-35.840524695104],[-71.6067262299999,-35.840078615104],[-71.6058371769999,-35.840230927104],[-71.6066889359999,-35.840020144104],[-71.6064892569999,-35.839561119104]]]}},{"type":"Feature","properties":{"id":"7401061007014","commune":"Linares","code":"07401","gse":"ABC1","quintil":"Q5","nse_score":861.8,"educ":14.7,"educ_score":780.0,"hacin":1.087,"hacin_class":"Hacinamiento Leve","hacin_score":832.6,"auto_score":100.0,"n_per":25,"n_hog":10,"source_year":2024},"geometry":{"type":"Polygon","coordinates":[[[-71.6119605779999,-35.840369404104],[-71.6133271599999,-35.8400718551041],[-71.6132254139999,-35.839708126104],[-71.6118371169999,-35.840002568104],[-71.6119605779999,-35.840369404104]]]}},{"type":"Feature","properties":{"id":"7401061007015","commune":"Linares","code":"07401","gse":"C1","quintil":"Q5","nse_score":793.2,"educ":13.3,"educ_score":686.7,"hacin":0.92,"hacin_class":"Sin Hacinamiento","hacin_score":868.1,"auto_score":225.8,"n_per":69,"n_hog":31,"source_year":2024},"geometry":{"type":"Polygon","coordinates":[[[-71.610995279,-35.839969517104],[-71.6114797019999,-35.840945735104],[-71.6120016619999,-35.840840960104],[-71.6119078929999,-35.840527303104],[-71.6116172439999,-35.840545268104],[-71.6118911519999,-35.840477838104],[-71.611799888,-35.840177762104],[-71.6114737449999,-35.840231454104],[-71.6117810129999,-35.840125236104],[-71.611679293,-35.839799363104],[-71.610995279,-35.839969517104]]]}},{"type":"Feature","properties":{"id":"7401061007016","commune":"Linares","code":"07401","gse":"ABC1","quintil":"Q5","nse_score":850.3,"educ":14.4,"educ_score":760.0,"hacin":0.891,"hacin_class":"Sin Hacinamiento","hacin_score":874.3,"auto_score":260.0,"n_per":57,"n_hog":24,"source_year":2024},"geometry":{"type":"Polygon","coordinates":[[[-71.6053715739999,-35.840333660104],[-71.6052444159999,-35.8398336861041],[-71.6034270829999,-35.8402606651041],[-71.6036249199999,-35.840693518104],[-71.6053715739999,-35.840333660104]]]}},{"type":"Feature","properties":{"id":"7401061007017","commune":"Linares","code":"07401","gse":"C2","quintil":"Q4","nse_score":754.0,"educ":12.7,"educ_score":646.7,"hacin":0.896,"hacin_class":"Sin Hacinamiento","hacin_score":873.2,"auto_score":83.3,"n_per":43,"n_hog":20,"source_year":2024},"geometry":{"type":"Polygon","coordinates":[[[-71.6110443709999,-35.841047860104],[-71.6114099229999,-35.840954837104],[-71.6109195099999,-35.839960997104],[-71.6105275829999,-35.840025417104],[-71.6110443709999,-35.841047860104]]]}},{"type":"Feature","properties":{"id":"7401061007018","commune":"Linares","code":"07401","gse":"ABC1","quintil":"Q5","nse_score":839.0,"educ":14.1,"educ_score":740.0,"hacin":0.931,"hacin_class":"Sin Hacinamiento","hacin_score":865.7,"auto_score":166.7,"n_per":27,"n_hog":12,"source_year":2024},"geometry":{"type":"Polygon","coordinates":[[[-71.6102581529999,-35.840799654104],[-71.6107587889999,-35.840687754104],[-71.6104305949999,-35.840046680104],[-71.6100397869999,-35.840134904104],[-71.6102581529999,-35.840799654104]]]}},{"type":"Feature","properties":{"id":"7401061007019","commune":"Linares","code":"07401","gse":"ABC1","quintil":"Q5","nse_score":823.9,"educ":14.5,"educ_score":766.7,"hacin":1.0,"hacin_class":"Hacinamiento Leve","hacin_score":851.1,"auto_score":238.1,"n_per":44,"n_hog":20,"source_year":2024},"geometry":{"type":"Polygon","coordinates":[[[-71.612103036,-35.840823244104],[-71.6134743369999,-35.840531194104],[-71.6133604069999,-35.840129140104],[-71.6119669389999,-35.8404153321041],[-71.612103036,-35.840823244104]]]}},{"type":"Feature","properties":{"id":"7401061007020","commune":"Linares","code":"07401","gse":"C1","quintil":"Q5","nse_score":794.8,"educ":13.8,"educ_score":720.0,"hacin":0.977,"hacin_class":"Sin Hacinamiento","hacin_score":856.0,"auto_score":150.0,"n_per":42,"n_hog":18,"source_year":2024},"geometry":{"type":"Polygon","coordinates":[[[-71.6099169539999,-35.841268922104],[-71.6102939019999,-35.841182296104],[-71.6099544449999,-35.840142207104],[-71.6095786199999,-35.840232908104],[-71.6099169539999,-35.841268922104]]]}},{"type":"Feature","properties":{"id":"7401061007022","commune":"Linares","code":"07401","gse":"C2","quintil":"Q4","nse_score":737.9,"educ":13.6,"educ_score":706.7,"hacin":1.052,"hacin_class":"Hacinamiento Leve","hacin_score":840.1,"auto_score":142.9,"n_per":122,"n_hog":49,"source_year":2024},"geometry":{"type":"Polygon","coordinates":[[[-71.6129253979999,-35.8409813471041],[-71.6128187599999,-35.840733532104],[-71.612432769,-35.840816090104],[-71.6125000219999,-35.841060285104],[-71.6123815819999,-35.840827809104],[-71.6121030139999,-35.840890961104],[-71.6122737619999,-35.841457131104],[-71.6122032729999,-35.841748190104],[-71.6128072209999,-35.841648812104],[-71.6127214599999,-35.841222032104],[-71.6129026639999,-35.841894973104],[-71.61281829,-35.841685792104],[-71.6122716619999,-35.841813139104],[-71.6121659689999,-35.841767594104],[-71.6121126399999,-35.841614899104],[-71.6115875079999,-35.841724059104],[-71.6114337169999,-35.841027378104],[-71.6096891829999,-35.841388102104],[-71.6096277159999,-35.841689484104],[-71.6103813369999,-35.843481404104],[-71.6141700899999,-35.842696425104],[-71.6137928699999,-35.841472482104],[-71.613328824,-35.841561859104],[-71.6137772299999,-35.841425864104],[-71.6136478169999,-35.841030351104],[-71.6132415679999,-35.841113499104],[-71.6136347969999,-35.840989201104],[-71.6135091539999,-35.840593377104],[-71.6128743639999,-35.840721579104],[-71.6129253979999,-35.8409813471041]]]}},{"type":"Feature","properties":{"id":"7401061007024","commune":"Linares","code":"07401","gse":"C3","quintil":"Q3","nse_score":700.2,"educ":11.2,"educ_score":546.7,"hacin":1.111,"hacin_class":"Hacinamiento Leve","hacin_score":827.4,"auto_score":83.3,"n_per":10,"n_hog":5,"source_year":2024},"geometry":{"type":"Polygon","coordinates":[[[-71.6103762069999,-35.841178977104],[-71.6109407709999,-35.841066620104],[-71.6107874609999,-35.840739260104],[-71.6102657949999,-35.840840349104],[-71.6103762069999,-35.841178977104]]]}},{"type":"Feature","properties":{"id":"7401061007026","commune":"Linares","code":"07401","gse":"C2","quintil":"Q4","nse_score":747.4,"educ":15.2,"educ_score":813.3,"hacin":0.933,"hacin_class":"Sin Hacinamiento","hacin_score":865.2,"auto_score":125.0,"n_per":14,"n_hog":5,"source_year":2024},"geometry":{"type":"Polygon","coordinates":[[[-71.6117759519999,-35.841628813104],[-71.6121975829999,-35.841495582104],[-71.6120220649999,-35.840905320104],[-71.6115174259999,-35.841017348104],[-71.6117759519999,-35.841628813104]]]}},{"type":"Feature","properties":{"id":"7401061007028","commune":"Linares","code":"07401","gse":"C2","quintil":"Q4","nse_score":768.5,"educ":14.1,"educ_score":740.0,"hacin":1.3,"hacin_class":"Hacinamiento Leve","hacin_score":787.2,"auto_score":204.5,"n_per":52,"n_hog":19,"source_year":2024},"geometry":{"type":"Polygon","coordinates":[[[-71.6029739339999,-35.843763116104],[-71.6042949609999,-35.843495625104],[-71.6039477489999,-35.842302809104],[-71.6025046759999,-35.842615086104],[-71.6029739339999,-35.843763116104]]]}},{"type":"Feature","properties":{"id":"7401061007029","commune":"Linares","code":"07401","gse":"ABC1","quintil":"Q5","nse_score":813.7,"educ":14.5,"educ_score":766.7,"hacin":1.13,"hacin_class":"Hacinamiento Leve","hacin_score":823.3,"auto_score":350.0,"n_per":26,"n_hog":9,"source_year":2024},"geometry":{"type":"Polygon","coordinates":[[[-71.6054533629999,-35.844471990104],[-71.605282353,-35.843798485104],[-71.6049875259999,-35.843760013104],[-71.6052345069999,-35.843696070104],[-71.6051607409999,-35.843419943104],[-71.6044434489999,-35.843550990104],[-71.6046345169999,-35.844257756104],[-71.6054533629999,-35.844471990104]]]}},{"type":"Feature","properties":{"id":"7401061007031","commune":"Linares","code":"07401","gse":"ABC1","quintil":"Q5","nse_score":840.6,"educ":15.2,"educ_score":813.3,"hacin":1.0,"hacin_class":"Hacinamiento Leve","hacin_score":851.1,"auto_score":100.0,"n_per":14,"n_hog":5,"source_year":2024},"geometry":{"type":"MultiPolygon","coordinates":[[[[-71.6032217299999,-35.843832314104],[-71.6030226809999,-35.844001139104],[-71.6033008479999,-35.844741947104],[-71.6034591359999,-35.844840958104],[-71.6038009039999,-35.844870267104],[-71.6052937609999,-35.844563293104],[-71.6038550709999,-35.843931811104],[-71.6032217299999,-35.843832314104]]],[[[-71.6034355269999,-35.843766880104],[-71.603921409,-35.843876995104],[-71.6045442029999,-35.844183631104],[-71.604350124,-35.843557258104],[-71.6034355269999,-35.843766880104]]]]}},{"type":"Feature","properties":{"id":"7401061008010","commune":"Linares","code":"07401","gse":"ABC1","quintil":"Q5","nse_score":839.9,"educ":14.7,"educ_score":780.0,"hacin":1.107,"hacin_class":"Hacinamiento Leve","hacin_score":828.4,"auto_score":419.1,"n_per":197,"n_hog":66,"source_year":2024},"geometry":{"type":"Polygon","coordinates":[[[-71.6172177959999,-35.842376861104],[-71.6175916159999,-35.843523179104],[-71.6175998459999,-35.843914677104],[-71.6178600629999,-35.844058213104],[-71.6193726989999,-35.843771456104],[-71.619232726,-35.843064790104],[-71.6193144819999,-35.843168482104],[-71.6200424379999,-35.843018383104],[-71.6208145169999,-35.844968999104],[-71.6200096629999,-35.845272853104],[-71.6200367149999,-35.845507699104],[-71.6223777009999,-35.844825864104],[-71.622169014,-35.844445655104],[-71.6213826529999,-35.844700777104],[-71.6213458389999,-35.844848407104],[-71.6200860159999,-35.841775178104],[-71.6172177959999,-35.842376861104]]]}},{"type":"Feature","properties":{"id":"7401061008011","commune":"Linares","code":"07401","gse":"C2","quintil":"Q4","nse_score":778.3,"educ":13.4,"educ_score":693.3,"hacin":1.204,"hacin_class":"Hacinamiento Leve","hacin_score":807.5,"auto_score":206.3,"n_per":159,"n_hog":59,"source_year":2024},"geometry":{"type":"Polygon","coordinates":[[[-71.6154934399999,-35.842677715104],[-71.6160771609999,-35.845022085104],[-71.6163657909999,-35.844838105104],[-71.6161109179999,-35.843777596104],[-71.6162354359999,-35.843870483104],[-71.6170874469999,-35.843695534104],[-71.6170419759999,-35.843457875104],[-71.6168570099999,-35.843432875104],[-71.6170565529999,-35.843390975104],[-71.6171770419999,-35.843672499104],[-71.617530686,-35.843587375104],[-71.6171098379999,-35.842345573104],[-71.6154934399999,-35.842677715104]]]}},{"type":"Feature","properties":{"id":"7401061008012","commune":"Linares","code":"07401","gse":"C2","quintil":"Q4","nse_score":779.2,"educ":14.2,"educ_score":746.7,"hacin":1.098,"hacin_class":"Hacinamiento Leve","hacin_score":830.2,"auto_score":188.6,"n_per":359,"n_hog":153,"source_year":2024},"geometry":{"type":"Polygon","coordinates":[[[-71.6153538829999,-35.842704368104],[-71.6139577579999,-35.843079333104],[-71.6140342369999,-35.843404905104],[-71.6147223499999,-35.843572337104],[-71.6151997839999,-35.845601275104],[-71.6159846579999,-35.845049465104],[-71.6158686199999,-35.844727388104],[-71.6155533779999,-35.844769059104],[-71.6155393029999,-35.844998660104],[-71.6154792799999,-35.844669441104],[-71.6158823169999,-35.844643294104],[-71.6157884379999,-35.844371366104],[-71.6154059679999,-35.844417313104],[-71.6157776419999,-35.844302094104],[-71.6157213879999,-35.844017238104],[-71.6153080979999,-35.844072991104],[-71.615703676,-35.843923540104],[-71.6156191719999,-35.843650562104],[-71.6152235799999,-35.843710048104],[-71.6156168169999,-35.843560719104],[-71.6155337119999,-35.843290154104],[-71.6151440759999,-35.843339837104],[-71.6155262809999,-35.843210399104],[-71.6154433279999,-35.842926740104],[-71.6150727579999,-35.842982472104],[-71.6154313489999,-35.842861804104],[-71.6153538829999,-35.842704368104]]]}},{"type":"Feature","properties":{"id":"7401061008014","commune":"Linares","code":"07401","gse":"C1","quintil":"Q5","nse_score":801.7,"educ":14.7,"educ_score":780.0,"hacin":1.357,"hacin_class":"Hacinamiento Leve","hacin_score":775.1,"auto_score":428.6,"n_per":38,"n_hog":13,"source_year":2024},"geometry":{"type":"Polygon","coordinates":[[[-71.6194441299999,-35.843495137104],[-71.6200974559999,-35.843344916104],[-71.6200061349999,-35.843071888104],[-71.6193418289999,-35.843210625104],[-71.6194441299999,-35.843495137104]]]}},{"type":"Feature","properties":{"id":"7401061008015","commune":"Linares","code":"07401","gse":"C1","quintil":"Q5","nse_score":795.0,"educ":13.9,"educ_score":726.7,"hacin":1.128,"hacin_class":"Hacinamiento Leve","hacin_score":823.9,"auto_score":238.1,"n_per":53,"n_hog":19,"source_year":2024},"geometry":{"type":"Polygon","coordinates":[[[-71.6201141879999,-35.844262734104],[-71.6204279279999,-35.844172551104],[-71.620108979,-35.843406322104],[-71.6198047269999,-35.843489235104],[-71.6201141879999,-35.844262734104]]]}},{"type":"Feature","properties":{"id":"7401061008016","commune":"Linares","code":"07401","gse":"ABC1","quintil":"Q5","nse_score":838.0,"educ":15.2,"educ_score":813.3,"hacin":0.936,"hacin_class":"Sin Hacinamiento","hacin_score":864.7,"auto_score":233.9,"n_per":131,"n_hog":58,"source_year":2024},"geometry":{"type":"Polygon","coordinates":[[[-71.6144955109999,-35.845913810104],[-71.6150963839999,-35.845669705104],[-71.6146543379999,-35.843594017104],[-71.6140404159999,-35.843472744104],[-71.6144955109999,-35.845913810104]]]}},{"type":"Feature","properties":{"id":"7401061008017","commune":"Linares","code":"07401","gse":"ABC1","quintil":"Q5","nse_score":851.1,"educ":14.5,"educ_score":766.7,"hacin":1.089,"hacin_class":"Hacinamiento Leve","hacin_score":832.2,"auto_score":131.6,"n_per":49,"n_hog":19,"source_year":2024},"geometry":{"type":"Polygon","coordinates":[[[-71.6194476059999,-35.843560010104],[-71.6196891899999,-35.844355363104],[-71.6200294309999,-35.844280385104],[-71.6197462509999,-35.843498334104],[-71.6194476059999,-35.843560010104]]]}},{"type":"Feature","properties":{"id":"7401061008018","commune":"Linares","code":"07401","gse":"C1","quintil":"Q5","nse_score":793.4,"educ":13.4,"educ_score":693.3,"hacin":1.167,"hacin_class":"Hacinamiento Leve","hacin_score":815.6,"auto_score":178.6,"n_per":105,"n_hog":40,"source_year":2024},"geometry":{"type":"Polygon","coordinates":[[[-71.6166563789999,-35.844340976104],[-71.6166061149999,-35.844163395104],[-71.6162984819999,-35.844239433104],[-71.6164365729999,-35.844784302104],[-71.6173162829999,-35.844227449104],[-71.6175371109999,-35.843669962104],[-71.6171861299999,-35.843725786104],[-71.617023119,-35.844056597104],[-71.6166854459999,-35.844145790104],[-71.6166563789999,-35.844340976104]]]}},{"type":"Feature","properties":{"id":"7401061008019","commune":"Linares","code":"07401","gse":"C1","quintil":"Q5","nse_score":782.8,"educ":13.1,"educ_score":673.3,"hacin":1.244,"hacin_class":"Hacinamiento Leve","hacin_score":799.2,"auto_score":394.7,"n_per":51,"n_hog":19,"source_year":2024},"geometry":{"type":"Polygon","coordinates":[[[-71.6163155639999,-35.844177421104],[-71.6169829869999,-35.844023392104],[-71.6171185979999,-35.843759603104],[-71.6162398639999,-35.843917062104],[-71.6163155639999,-35.844177421104]]]}},{"type":"Feature","properties":{"id":"7401061008020","commune":"Linares","code":"07401","gse":"C1","quintil":"Q5","nse_score":800.5,"educ":14.2,"educ_score":746.7,"hacin":1.286,"hacin_class":"Hacinamiento Leve","hacin_score":790.3,"auto_score":117.6,"n_per":45,"n_hog":15,"source_year":2024},"geometry":{"type":"Polygon","coordinates":[[[-71.6186936169999,-35.844274309104],[-71.6195093389999,-35.844094659104],[-71.6194383149999,-35.843835069104],[-71.6185959999999,-35.844005711104],[-71.6186936169999,-35.844274309104]]]}},{"type":"Feature","properties":{"id":"7401061008023","commune":"Linares","code":"07401","gse":"C1","quintil":"Q5","nse_score":799.8,"educ":13.8,"educ_score":720.0,"hacin":1.277,"hacin_class":"Hacinamiento Leve","hacin_score":792.1,"auto_score":301.1,"n_per":249,"n_hog":90,"source_year":2024},"geometry":{"type":"Polygon","coordinates":[[[-71.6185145139999,-35.844037052104],[-71.6176718269999,-35.844065404104],[-71.6175539039999,-35.844240430104],[-71.61773525,-35.844397868104],[-71.6181589089999,-35.8457689341039],[-71.6185845859999,-35.845686645104],[-71.6186085479999,-35.845547022104],[-71.6186644899999,-35.845668314104],[-71.6190132549999,-35.845590158104],[-71.6189094479999,-35.845256878104],[-71.6183186249999,-35.845342535104],[-71.6188903979999,-35.845208247104],[-71.6188140039999,-35.844954215104],[-71.6182120679999,-35.845034318104],[-71.6187959109999,-35.844894684104],[-71.6187069709999,-35.844647497104],[-71.6181159029999,-35.844733103104],[-71.6186948639999,-35.844594213104],[-71.6186068809999,-35.844342691104],[-71.6180215869999,-35.844421747104],[-71.6185906409999,-35.844294166104],[-71.6185145139999,-35.844037052104]]]}},{"type":"Feature","properties":{"id":"7401061008024","commune":"Linares","code":"07401","gse":"C1","quintil":"Q5","nse_score":799.8,"educ":13.6,"educ_score":706.7,"hacin":1.163,"hacin_class":"Hacinamiento Leve","hacin_score":816.4,"auto_score":166.7,"n_per":50,"n_hog":18,"source_year":2024},"geometry":{"type":"Polygon","coordinates":[[[-71.6187937529999,-35.844578122104],[-71.6196074669999,-35.844391393104],[-71.6195431639999,-35.844151710104],[-71.6187009129999,-35.844320055104],[-71.6187937529999,-35.844578122104]]]}},{"type":"Feature","properties":{"id":"7401061008027","commune":"Linares","code":"07401","gse":"ABC1","quintil":"Q5","nse_score":816.8,"educ":14.2,"educ_score":746.7,"hacin":1.192,"hacin_class":"Hacinamiento Leve","hacin_score":810.3,"auto_score":350.0,"n_per":56,"n_hog":19,"source_year":2024},"geometry":{"type":"Polygon","coordinates":[[[-71.6203838199999,-35.845104363104],[-71.6207413469999,-35.844972381104],[-71.6204447499999,-35.844245790104],[-71.6201189039999,-35.844335794104],[-71.6203838199999,-35.845104363104]]]}},{"type":"Feature","properties":{"id":"7401061008028","commune":"Linares","code":"07401","gse":"C1","quintil":"Q5","nse_score":789.3,"educ":13.1,"educ_score":673.3,"hacin":1.106,"hacin_class":"Hacinamiento Leve","hacin_score":828.5,"auto_score":166.7,"n_per":94,"n_hog":41,"source_year":2024},"geometry":{"type":"Polygon","coordinates":[[[-71.6175173699999,-35.845006913104],[-71.6178303679999,-35.844942910104],[-71.6176653009999,-35.844415109104],[-71.6175039049999,-35.844291391104],[-71.6164816429999,-35.844977940104],[-71.6165462219999,-35.845205490104],[-71.6171120169999,-35.845089799104],[-71.6170703129999,-35.844944229104],[-71.6171656889999,-35.845078824104],[-71.617463702,-35.845017887104],[-71.6174245149999,-35.844719363104],[-71.6175173699999,-35.845006913104]]]}},{"type":"Feature","properties":{"id":"7401061008029","commune":"Linares","code":"07401","gse":"C1","quintil":"Q5","nse_score":788.0,"educ":14.1,"educ_score":740.0,"hacin":1.444,"hacin_class":"Hacinamiento Leve","hacin_score":756.5,"auto_score":325.0,"n_per":52,"n_hog":19,"source_year":2024},"geometry":{"type":"Polygon","coordinates":[[[-71.6199744099999,-35.845216811104],[-71.62031049,-35.845113355104],[-71.6200466899999,-35.844342030104],[-71.6197134599999,-35.844433743104],[-71.6199744099999,-35.845216811104]]]}},{"type":"Feature","properties":{"id":"7401061008030","commune":"Linares","code":"07401","gse":"ABC1","quintil":"Q5","nse_score":838.5,"educ":14.2,"educ_score":746.7,"hacin":1.132,"hacin_class":"Hacinamiento Leve","hacin_score":823.1,"auto_score":357.1,"n_per":43,"n_hog":14,"source_year":2024},"geometry":{"type":"Polygon","coordinates":[[[-71.618893538,-35.844882014104],[-71.6197059239999,-35.844699781104],[-71.6196402289999,-35.844447322104],[-71.6188006719999,-35.844624020104],[-71.618893538,-35.844882014104]]]}},{"type":"Feature","properties":{"id":"7401061008032","commune":"Linares","code":"07401","gse":"C1","quintil":"Q5","nse_score":794.8,"educ":14.6,"educ_score":773.3,"hacin":1.423,"hacin_class":"Hacinamiento Leve","hacin_score":761.0,"auto_score":392.9,"n_per":37,"n_hog":12,"source_year":2024},"geometry":{"type":"Polygon","coordinates":[[[-71.6189937019999,-35.845187333104],[-71.6197992209999,-35.845013573104],[-71.6197368109999,-35.844756372104],[-71.6189006669999,-35.844927824104],[-71.6189937019999,-35.845187333104]]]}},{"type":"Feature","properties":{"id":"7401061008034","commune":"Linares","code":"07401","gse":"C1","quintil":"Q5","nse_score":788.3,"educ":13.4,"educ_score":693.3,"hacin":0.96,"hacin_class":"Sin Hacinamiento","hacin_score":859.6,"auto_score":15.6,"n_per":72,"n_hog":31,"source_year":2024},"geometry":{"type":"Polygon","coordinates":[[[-71.6166527229999,-35.845490761104],[-71.6179023319999,-35.845237417104],[-71.6178490699999,-35.845004157104],[-71.616575027,-35.845246168104],[-71.6166527229999,-35.845490761104]]]}},{"type":"Feature","properties":{"id":"7401061008035","commune":"Linares","code":"07401","gse":"C1","quintil":"Q5","nse_score":801.6,"educ":13.9,"educ_score":726.7,"hacin":1.23,"hacin_class":"Hacinamiento Leve","hacin_score":802.1,"auto_score":326.3,"n_per":310,"n_hog":113,"source_year":2024},"geometry":{"type":"Polygon","coordinates":[[[-71.6165126619999,-35.846829124104],[-71.6164556879999,-35.846730260104],[-71.6159148109999,-35.8468545251039],[-71.6156379589999,-35.845536784104],[-71.6151944209999,-35.845929961104],[-71.6154359069999,-35.847314046104],[-71.6152754979999,-35.847390362104],[-71.6152099349999,-35.847282316104],[-71.6153380189999,-35.847178773104],[-71.6151275199999,-35.845998987104],[-71.6147684069999,-35.846088669104],[-71.6150944739999,-35.845814585104],[-71.6144990699999,-35.846104676104],[-71.6149059609999,-35.848193874104],[-71.6156802929999,-35.8477998451039],[-71.6161902509999,-35.8480005461039],[-71.6169896659999,-35.847945358104],[-71.6167591679999,-35.846836800104],[-71.6168879849999,-35.846810704104],[-71.6167537409999,-35.846134284104],[-71.6163945269999,-35.845037144104],[-71.6161118179999,-35.845243756104],[-71.6165126619999,-35.846829124104]]]}},{"type":"Feature","properties":{"id":"7401061008036","commune":"Linares","code":"07401","gse":"ABC1","quintil":"Q5","nse_score":832.0,"educ":14.2,"educ_score":746.7,"hacin":0.976,"hacin_class":"Sin Hacinamiento","hacin_score":856.1,"auto_score":441.2,"n_per":41,"n_hog":16,"source_year":2024},"geometry":{"type":"Polygon","coordinates":[[[-71.6195299059999,-35.845455520104],[-71.6199165279999,-35.845383864104],[-71.6198239419999,-35.845063176104],[-71.6189932289999,-35.845242039104],[-71.6191030849999,-35.845566600104],[-71.6194680519999,-35.845488242104],[-71.6194481459999,-35.845368159104],[-71.6195299059999,-35.845455520104]]]}},{"type":"Feature","properties":{"id":"7401061008039","commune":"Linares","code":"07401","gse":"C2","quintil":"Q4","nse_score":773.9,"educ":13.2,"educ_score":680.0,"hacin":1.533,"hacin_class":"Hacinamiento Medio","hacin_score":737.6,"auto_score":419.4,"n_per":92,"n_hog":31,"source_year":2024},"geometry":{"type":"Polygon","coordinates":[[[-71.6167414439999,-35.8457756371039],[-71.6179872539999,-35.845514096104],[-71.6179380649999,-35.845295594104],[-71.6166616949999,-35.845535492104],[-71.6167414439999,-35.8457756371039]]]}},{"type":"Feature","properties":{"id":"7401061008041","commune":"Linares","code":"07401","gse":"C2","quintil":"Q4","nse_score":774.4,"educ":12.6,"educ_score":640.0,"hacin":1.333,"hacin_class":"Hacinamiento Leve","hacin_score":780.1,"auto_score":109.4,"n_per":88,"n_hog":33,"source_year":2024},"geometry":{"type":"Polygon","coordinates":[[[-71.6180708809999,-35.845803279104],[-71.6180001089999,-35.845558255104],[-71.6167384709999,-35.845837581104],[-71.6168312539999,-35.8460816611039],[-71.6180708809999,-35.845803279104]]]}},{"type":"Feature","properties":{"id":"7401061008042","commune":"Linares","code":"07401","gse":"C2","quintil":"Q4","nse_score":773.8,"educ":12.8,"educ_score":653.3,"hacin":1.111,"hacin_class":"Hacinamiento Leve","hacin_score":827.4,"auto_score":35.7,"n_per":30,"n_hog":13,"source_year":2024},"geometry":{"type":"Polygon","coordinates":[[[-71.6158775469999,-35.846183144104],[-71.6162806249999,-35.8461226081039],[-71.6161268769999,-35.845612742104],[-71.6157680179999,-35.845657892104],[-71.6158775469999,-35.846183144104]]]}},{"type":"Feature","properties":{"id":"7401061008043","commune":"Linares","code":"07401","gse":"ABC1","quintil":"Q5","nse_score":844.3,"educ":14.5,"educ_score":766.7,"hacin":1.156,"hacin_class":"Hacinamiento Leve","hacin_score":817.8,"auto_score":346.2,"n_per":37,"n_hog":13,"source_year":2024},"geometry":{"type":"Polygon","coordinates":[[[-71.6186128239999,-35.845957476104],[-71.6185004179999,-35.8457726861039],[-71.618192254,-35.845860432104],[-71.618425698,-35.846556645104],[-71.6186539529999,-35.8465000441039],[-71.6185451929999,-35.846105834104],[-71.619108449,-35.845876523104],[-71.6190450109999,-35.845645789104],[-71.6186000339999,-35.845749273104],[-71.6186128239999,-35.845957476104]]]}},{"type":"Feature","properties":{"id":"7401061008045","commune":"Linares","code":"07401","gse":"C2","quintil":"Q4","nse_score":778.4,"educ":13.3,"educ_score":686.7,"hacin":1.381,"hacin_class":"Hacinamiento Leve","hacin_score":770.0,"auto_score":295.5,"n_per":58,"n_hog":21,"source_year":2024},"geometry":{"type":"Polygon","coordinates":[[[-71.6173002719999,-35.8464980171039],[-71.6182478269999,-35.846298202104],[-71.6181765379999,-35.846047705104],[-71.6172303529999,-35.846238681104],[-71.6173002719999,-35.8464980171039]]]}},{"type":"Feature","properties":{"id":"7401061008046","commune":"Linares","code":"07401","gse":"C2","quintil":"Q4","nse_score":763.4,"educ":12.9,"educ_score":660.0,"hacin":1.213,"hacin_class":"Hacinamiento Leve","hacin_score":805.7,"auto_score":269.2,"n_per":74,"n_hog":24,"source_year":2024},"geometry":{"type":"Polygon","coordinates":[[[-71.6168879849999,-35.846810704104],[-71.6167591679999,-35.846836800104],[-71.6169896659999,-35.847945358104],[-71.6171805049999,-35.8477311051039],[-71.6174058699999,-35.846851913104],[-71.6177669319999,-35.846659272104],[-71.6183551759999,-35.8465686091039],[-71.6182774459999,-35.8463391961039],[-71.617249162,-35.8466237731039],[-71.6170820969999,-35.8460874491039],[-71.6168365919999,-35.846167738104],[-71.6168879849999,-35.846810704104]]]}},{"type":"Feature","properties":{"id":"7401061008047","commune":"Linares","code":"07401","gse":"C2","quintil":"Q3","nse_score":710.9,"educ":12.0,"educ_score":600.0,"hacin":1.278,"hacin_class":"Hacinamiento Leve","hacin_score":792.0,"auto_score":83.3,"n_per":23,"n_hog":11,"source_year":2024},"geometry":{"type":"Polygon","coordinates":[[[-71.6159209369999,-35.846449805104],[-71.6163759959999,-35.846392461104],[-71.6163158619999,-35.846184915104],[-71.6158803849999,-35.846231116104],[-71.6159209369999,-35.846449805104]]]}},{"type":"Feature","properties":{"id":"7401061008048","commune":"Linares","code":"07401","gse":"C2","quintil":"Q3","nse_score":721.3,"educ":12.1,"educ_score":606.7,"hacin":1.105,"hacin_class":"Hacinamiento Leve","hacin_score":828.7,"auto_score":100.0,"n_per":21,"n_hog":10,"source_year":2024},"geometry":{"type":"Polygon","coordinates":[[[-71.6159703129999,-35.846753250104],[-71.6164351879999,-35.846685679104],[-71.6163975009999,-35.846449671104],[-71.6159228139999,-35.8464984371039],[-71.6159703129999,-35.846753250104]]]}},{"type":"Feature","properties":{"id":"7401061008004","commune":"Linares","code":"07401","gse":"C1","quintil":"Q5","nse_score":806.1,"educ":14.5,"educ_score":766.7,"hacin":1.394,"hacin_class":"Hacinamiento Leve","hacin_score":767.2,"auto_score":384.6,"n_per":46,"n_hog":14,"source_year":2024},"geometry":{"type":"MultiPolygon","coordinates":[[[[-71.6260205829999,-35.840512009104],[-71.6201492039999,-35.841719240104],[-71.6202224699999,-35.841881380104],[-71.6221624629999,-35.841480377104],[-71.6202378839999,-35.841915267104],[-71.6213266889999,-35.844430873104],[-71.621733951,-35.844517720104],[-71.6233422119999,-35.843887728104],[-71.6233995189999,-35.844111404104],[-71.6222728739999,-35.844417729104],[-71.6224298389999,-35.844812644104],[-71.624201405,-35.844409774104],[-71.6236946129999,-35.843506505104],[-71.6253203539999,-35.843065128104],[-71.6251043439999,-35.842580867104],[-71.626315841,-35.842282517104],[-71.626429459,-35.842530430104],[-71.6267792809999,-35.842432281104],[-71.6260205829999,-35.840512009104]]],[[[-71.6260847549999,-35.840497998104],[-71.6268420549999,-35.842414669104],[-71.6284443179999,-35.841965116104],[-71.628567029,-35.842370763104],[-71.6297334629999,-35.842085391104],[-71.6297895949999,-35.841333672104],[-71.6295664489999,-35.840730258104],[-71.6290487809999,-35.840250469104],[-71.6284588169999,-35.8400881571041],[-71.6277464379999,-35.840121943104],[-71.6260847549999,-35.840497998104]]]]}},{"type":"Feature","properties":{"id":"7401071001001","commune":"Linares","code":"07401","gse":"C2","quintil":"Q3","nse_score":712.7,"educ":11.3,"educ_score":553.3,"hacin":0.905,"hacin_class":"Sin Hacinamiento","hacin_score":871.3,"auto_score":100.0,"n_per":19,"n_hog":9,"source_year":2024},"geometry":{"type":"Polygon","coordinates":[[[-71.5839238489999,-35.836130170104],[-71.5840888829999,-35.8364510981041],[-71.5850829609999,-35.836114643104],[-71.5848920959999,-35.8357803501041],[-71.5839238489999,-35.836130170104]]]}},{"type":"Feature","properties":{"id":"7401071001002","commune":"Linares","code":"07401","gse":"C3","quintil":"Q3","nse_score":693.8,"educ":10.4,"educ_score":493.3,"hacin":1.121,"hacin_class":"Hacinamiento Leve","hacin_score":825.3,"auto_score":133.3,"n_per":102,"n_hog":42,"source_year":2024},"geometry":{"type":"Polygon","coordinates":[[[-71.5836307519999,-35.8366277001041],[-71.5840196339999,-35.837376449104],[-71.5842865049999,-35.837339161104],[-71.5840559949999,-35.837452280104],[-71.5844270709999,-35.838174371104],[-71.5848346589999,-35.838070960104],[-71.5838725449999,-35.8361267671041],[-71.5835545449999,-35.8362192351041],[-71.5836989839999,-35.8365451121041],[-71.5836307519999,-35.8366277001041]]]}},{"type":"Feature","properties":{"id":"7401071001003","commune":"Linares","code":"07401","gse":"C3","quintil":"Q2","nse_score":656.2,"educ":10.2,"educ_score":480.0,"hacin":1.308,"hacin_class":"Hacinamiento Leve","hacin_score":785.6,"auto_score":142.9,"n_per":17,"n_hog":7,"source_year":2024},"geometry":{"type":"Polygon","coordinates":[[[-71.5843022749999,-35.836835755104],[-71.58525635,-35.836516105104],[-71.5850958199999,-35.8361395631041],[-71.5841017119999,-35.8364733551041],[-71.5843022749999,-35.836835755104]]]}},{"type":"Feature","properties":{"id":"7401071001004","commune":"Linares","code":"07401","gse":"C2","quintil":"Q4","nse_score":764.2,"educ":13.0,"educ_score":666.7,"hacin":1.082,"hacin_class":"Hacinamiento Leve","hacin_score":833.7,"auto_score":210.5,"n_per":53,"n_hog":18,"source_year":2024},"geometry":{"type":"Polygon","coordinates":[[[-71.5826447729999,-35.8368540911041],[-71.5835865249999,-35.836537132104],[-71.5835021119999,-35.8362751651041],[-71.5825081659999,-35.8365707241041],[-71.5826447729999,-35.8368540911041]]]}},{"type":"Feature","properties":{"id":"7401071001005","commune":"Linares","code":"07401","gse":"C2","quintil":"Q4","nse_score":770.8,"educ":12.5,"educ_score":633.3,"hacin":1.07,"hacin_class":"Hacinamiento Leve","hacin_score":836.2,"auto_score":250.0,"n_per":46,"n_hog":18,"source_year":2024},"geometry":{"type":"Polygon","coordinates":[[[-71.585196343,-35.8374846841041],[-71.5856825659999,-35.837295592104],[-71.5852872399999,-35.8365450601041],[-71.5847966269999,-35.8367287991041],[-71.585196343,-35.8374846841041]]]}},{"type":"Feature","properties":{"id":"7401071001006","commune":"Linares","code":"07401","gse":"D","quintil":"Q2","nse_score":646.5,"educ":9.6,"educ_score":440.0,"hacin":1.21,"hacin_class":"Hacinamiento Leve","hacin_score":806.5,"auto_score":107.1,"n_per":75,"n_hog":27,"source_year":2024},"geometry":{"type":"Polygon","coordinates":[[[-71.5811982679999,-35.837388301104],[-71.5825512519999,-35.836939343104],[-71.5825760629999,-35.8368937431041],[-71.5824099829999,-35.8366043821041],[-71.5810724949999,-35.8370567581041],[-71.5811982679999,-35.837388301104]]]}},{"type":"Feature","properties":{"id":"7401071001007","commune":"Linares","code":"07401","gse":"C3","quintil":"Q2","nse_score":669.5,"educ":9.2,"educ_score":413.3,"hacin":1.123,"hacin_class":"Hacinamiento Leve","hacin_score":824.9,"auto_score":66.7,"n_per":64,"n_hog":30,"source_year":2024},"geometry":{"type":"Polygon","coordinates":[[[-71.5835875519999,-35.837533181104],[-71.5839713869999,-35.8373819941041],[-71.5835366389999,-35.8366162041041],[-71.5831708139999,-35.8367592731041],[-71.5835875519999,-35.837533181104]]]}},{"type":"Feature","properties":{"id":"7401071001008","commune":"Linares","code":"07401","gse":"C2","quintil":"Q4","nse_score":755.4,"educ":12.6,"educ_score":640.0,"hacin":1.093,"hacin_class":"Hacinamiento Leve","hacin_score":831.3,"auto_score":361.1,"n_per":47,"n_hog":17,"source_year":2024},"geometry":{"type":"Polygon","coordinates":[[[-71.5847296669999,-35.8376405821041],[-71.5851273939999,-35.837487809104],[-71.5847290229999,-35.8367347611041],[-71.5843248699999,-35.8369011911041],[-71.5847296669999,-35.8376405821041]]]}},{"type":"Feature","properties":{"id":"7401071001009","commune":"Linares","code":"07401","gse":"C3","quintil":"Q3","nse_score":700.4,"educ":11.1,"educ_score":540.0,"hacin":1.241,"hacin_class":"Hacinamiento Leve","hacin_score":799.8,"auto_score":203.7,"n_per":67,"n_hog":26,"source_year":2024},"geometry":{"type":"Polygon","coordinates":[[[-71.5830863079999,-35.8367746101041],[-71.5826694179999,-35.836945815104],[-71.5831132009999,-35.8377024001041],[-71.5835111389999,-35.8375361081041],[-71.5830863079999,-35.8367746101041]]]}},{"type":"Feature","properties":{"id":"7401071001010","commune":"Linares","code":"07401","gse":"C3","quintil":"Q3","nse_score":686.0,"educ":10.1,"educ_score":473.3,"hacin":1.238,"hacin_class":"Hacinamiento Leve","hacin_score":800.4,"auto_score":195.7,"n_per":52,"n_hog":22,"source_year":2024},"geometry":{"type":"Polygon","coordinates":[[[-71.5813736399999,-35.8377352961041],[-71.5827166379999,-35.8372912881041],[-71.5827478989999,-35.837232552104],[-71.5825744519999,-35.8369613771041],[-71.5812500939999,-35.837413473104],[-71.5813736399999,-35.8377352961041]]]}},{"type":"Feature","properties":{"id":"7401071001011","commune":"Linares","code":"07401","gse":"E","quintil":"Q1","nse_score":558.7,"educ":7.3,"educ_score":286.7,"hacin":1.333,"hacin_class":"Hacinamiento Leve","hacin_score":780.1,"auto_score":225.0,"n_per":48,"n_hog":19,"source_year":2024},"geometry":{"type":"Polygon","coordinates":[[[-71.5810464099999,-35.838152037104],[-71.5814051209999,-35.8379914981041],[-71.5809050699999,-35.8371099291041],[-71.5805521369999,-35.8372332231041],[-71.5810464099999,-35.838152037104]]]}},{"type":"Feature","properties":{"id":"7401071001012","commune":"Linares","code":"07401","gse":"D","quintil":"Q2","nse_score":651.2,"educ":9.6,"educ_score":440.0,"hacin":1.514,"hacin_class":"Hacinamiento Medio","hacin_score":741.8,"auto_score":157.9,"n_per":56,"n_hog":20,"source_year":2024},"geometry":{"type":"Polygon","coordinates":[[[-71.5801359249999,-35.837392348104],[-71.5805744399999,-35.838275242104],[-71.5809645519999,-35.838176726104],[-71.5805175019999,-35.8372468901041],[-71.5801359249999,-35.837392348104]]]}},{"type":"Feature","properties":{"id":"7401071001013","commune":"Linares","code":"07401","gse":"C3","quintil":"Q2","nse_score":664.5,"educ":10.4,"educ_score":493.3,"hacin":1.378,"hacin_class":"Hacinamiento Leve","hacin_score":770.7,"auto_score":100.0,"n_per":62,"n_hog":25,"source_year":2024},"geometry":{"type":"Polygon","coordinates":[[[-71.5815746609999,-35.838099646104],[-71.5828974229999,-35.8376626051041],[-71.5829299459999,-35.8375981821041],[-71.5827378309999,-35.8373274081041],[-71.5814377199999,-35.837769972104],[-71.5815746609999,-35.838099646104]]]}},{"type":"Feature","properties":{"id":"7401071001014","commune":"Linares","code":"07401","gse":"C1","quintil":"Q5","nse_score":809.2,"educ":13.5,"educ_score":700.0,"hacin":1.148,"hacin_class":"Hacinamiento Leve","hacin_score":819.5,"auto_score":0.0,"n_per":31,"n_hog":12,"source_year":2024},"geometry":{"type":"Polygon","coordinates":[[[-71.5849331889999,-35.8380372931041],[-71.5858843689999,-35.8376833251041],[-71.5857001679999,-35.8373583061041],[-71.5847293939999,-35.837694668104],[-71.5849331889999,-35.8380372931041]]]}},{"type":"Feature","properties":{"id":"7401071001015","commune":"Linares","code":"07401","gse":"C3","quintil":"Q2","nse_score":660.7,"educ":9.3,"educ_score":420.0,"hacin":1.16,"hacin_class":"Hacinamiento Leve","hacin_score":817.0,"auto_score":71.4,"n_per":58,"n_hog":21,"source_year":2024},"geometry":{"type":"Polygon","coordinates":[[[-71.5796377359999,-35.8375607821041],[-71.5800876549999,-35.8384434331041],[-71.580531016,-35.8383122281041],[-71.5800967029999,-35.8374202301041],[-71.5796377359999,-35.8375607821041]]]}},{"type":"Feature","properties":{"id":"7401071001017","commune":"Linares","code":"07401","gse":"C3","quintil":"Q2","nse_score":659.4,"educ":9.9,"educ_score":460.0,"hacin":1.273,"hacin_class":"Hacinamiento Leve","hacin_score":793.0,"auto_score":78.1,"n_per":84,"n_hog":32,"source_year":2024},"geometry":{"type":"Polygon","coordinates":[[[-71.5839929819999,-35.8383459511041],[-71.5843777329999,-35.838188953104],[-71.5839695969999,-35.8374477841041],[-71.5835932289999,-35.8375929281041],[-71.5839929819999,-35.8383459511041]]]}},{"type":"Feature","properties":{"id":"7401071001018","commune":"Linares","code":"07401","gse":"C3","quintil":"Q3","nse_score":693.6,"educ":11.2,"educ_score":546.7,"hacin":1.253,"hacin_class":"Hacinamiento Leve","hacin_score":797.2,"auto_score":119.0,"n_per":99,"n_hog":38,"source_year":2024},"geometry":{"type":"Polygon","coordinates":[[[-71.5795670139999,-35.838463630104],[-71.5799575429999,-35.838324549104],[-71.5795662739999,-35.837575837104],[-71.579180188,-35.8377238351041],[-71.5795670139999,-35.838463630104]]]}},{"type":"Feature","properties":{"id":"7401071001019","commune":"Linares","code":"07401","gse":"D","quintil":"Q2","nse_score":651.8,"educ":9.8,"educ_score":453.3,"hacin":1.322,"hacin_class":"Hacinamiento Leve","hacin_score":782.5,"auto_score":125.0,"n_per":78,"n_hog":29,"source_year":2024},"geometry":{"type":"Polygon","coordinates":[[[-71.5830997449999,-35.8377567691041],[-71.5834954879999,-35.838514386104],[-71.583918648,-35.838379096104],[-71.5835542649999,-35.837607287104],[-71.5830997449999,-35.8377567691041]]]}},{"type":"Feature","properties":{"id":"7401071001020","commune":"Linares","code":"07401","gse":"C3","quintil":"Q2","nse_score":662.8,"educ":9.9,"educ_score":460.0,"hacin":1.213,"hacin_class":"Hacinamiento Leve","hacin_score":805.7,"auto_score":85.7,"n_per":91,"n_hog":34,"source_year":2024},"geometry":{"type":"Polygon","coordinates":[[[-71.5829183369999,-35.8377140091041],[-71.5815982729999,-35.838176617104],[-71.5822210679999,-35.839429603104],[-71.5837376219999,-35.838919281104],[-71.5829183369999,-35.8377140091041]]]}},{"type":"Feature","properties":{"id":"7401071001022","commune":"Linares","code":"07401","gse":"D","quintil":"Q2","nse_score":641.9,"educ":9.6,"educ_score":440.0,"hacin":1.289,"hacin_class":"Hacinamiento Leve","hacin_score":789.5,"auto_score":87.2,"n_per":205,"n_hog":79,"source_year":2024},"geometry":{"type":"Polygon","coordinates":[[[-71.5791385989999,-35.8377427551041],[-71.5778492419999,-35.8382313051041],[-71.5792635279999,-35.839421051104],[-71.5801532449999,-35.840830546104],[-71.5806282989999,-35.840748232104],[-71.580475438,-35.840386479104],[-71.5806250489999,-35.840221025104],[-71.5805268369999,-35.840403401104],[-71.5806928119999,-35.840710793104],[-71.5812455669999,-35.840581741104],[-71.5798479579999,-35.8391380991041],[-71.5793257639999,-35.8381149361041],[-71.5789172159999,-35.8382240231041],[-71.5792879159999,-35.8380595201041],[-71.5791385989999,-35.8377427551041]]]}},{"type":"Feature","properties":{"id":"7401071001025","commune":"Linares","code":"07401","gse":"C3","quintil":"Q3","nse_score":698.5,"educ":11.7,"educ_score":580.0,"hacin":1.273,"hacin_class":"Hacinamiento Leve","hacin_score":793.0,"auto_score":142.9,"n_per":70,"n_hog":23,"source_year":2024},"geometry":{"type":"Polygon","coordinates":[[[-71.5860289529999,-35.8380452491041],[-71.5848900059999,-35.838432627104],[-71.5850433709999,-35.838810063104],[-71.5862035059999,-35.8384245551041],[-71.5860289529999,-35.8380452491041]]]}},{"type":"Feature","properties":{"id":"7401071001026","commune":"Linares","code":"07401","gse":"D","quintil":"Q1","nse_score":624.7,"educ":9.3,"educ_score":420.0,"hacin":1.354,"hacin_class":"Hacinamiento Leve","hacin_score":775.7,"auto_score":60.0,"n_per":65,"n_hog":24,"source_year":2024},"geometry":{"type":"Polygon","coordinates":[[[-71.5802945249999,-35.838821796104],[-71.5815685749999,-35.838402596104],[-71.5814546529999,-35.8380895791041],[-71.5801494989999,-35.838488403104],[-71.5802945249999,-35.838821796104]]]}},{"type":"Feature","properties":{"id":"7401071001028","commune":"Linares","code":"07401","gse":"D","quintil":"Q2","nse_score":647.5,"educ":10.0,"educ_score":466.7,"hacin":1.403,"hacin_class":"Hacinamiento Leve","hacin_score":765.2,"auto_score":78.1,"n_per":80,"n_hog":29,"source_year":2024},"geometry":{"type":"Polygon","coordinates":[[[-71.5795953829999,-35.838517101104],[-71.5800075599999,-35.8392383231041],[-71.5803953719999,-35.839207458104],[-71.5799944999999,-35.838386848104],[-71.5795953829999,-35.838517101104]]]}},{"type":"Feature","properties":{"id":"7401071001029","commune":"Linares","code":"07401","gse":"C3","quintil":"Q3","nse_score":678.9,"educ":9.8,"educ_score":453.3,"hacin":1.267,"hacin_class":"Hacinamiento Leve","hacin_score":794.3,"auto_score":148.1,"n_per":76,"n_hog":26,"source_year":2024},"geometry":{"type":"Polygon","coordinates":[[[-71.5804629939999,-35.8391699521041],[-71.5817256789999,-35.8387777771041],[-71.5817585469999,-35.838713977104],[-71.5815828889999,-35.8384384821041],[-71.5803384309999,-35.838851675104],[-71.5804629939999,-35.8391699521041]]]}},{"type":"Feature","properties":{"id":"7401071001031","commune":"Linares","code":"07401","gse":"C2","quintil":"Q4","nse_score":761.3,"educ":12.8,"educ_score":653.3,"hacin":1.107,"hacin_class":"Hacinamiento Leve","hacin_score":828.4,"auto_score":142.9,"n_per":83,"n_hog":32,"source_year":2024},"geometry":{"type":"Polygon","coordinates":[[[-71.5848638229999,-35.839715256104],[-71.5853791899999,-35.839564456104],[-71.5847904869999,-35.838468495104],[-71.5843214679999,-35.8386615901041],[-71.5848638229999,-35.839715256104]]]}},{"type":"Feature","properties":{"id":"7401071001032","commune":"Linares","code":"07401","gse":"C3","quintil":"Q3","nse_score":704.9,"educ":11.3,"educ_score":553.3,"hacin":1.1,"hacin_class":"Hacinamiento Leve","hacin_score":829.8,"auto_score":192.3,"n_per":55,"n_hog":23,"source_year":2024},"geometry":{"type":"Polygon","coordinates":[[[-71.5842017229999,-35.838670444104],[-71.5837954579999,-35.8388394051041],[-71.5843005099999,-35.839849058104],[-71.5847561969999,-35.839767145104],[-71.5842017229999,-35.838670444104]]]}},{"type":"Feature","properties":{"id":"7401071001033","commune":"Linares","code":"07401","gse":"C2","quintil":"Q4","nse_score":773.0,"educ":12.9,"educ_score":660.0,"hacin":1.044,"hacin_class":"Hacinamiento Leve","hacin_score":841.6,"auto_score":108.7,"n_per":47,"n_hog":22,"source_year":2024},"geometry":{"type":"Polygon","coordinates":[[[-71.5854768359999,-35.839561145104],[-71.5865083829999,-35.839269744104],[-71.5863941469999,-35.838830553104],[-71.5852962959999,-35.839174163104],[-71.5854768359999,-35.839561145104]]]}},{"type":"Feature","properties":{"id":"7401071001034","commune":"Linares","code":"07401","gse":"D","quintil":"Q1","nse_score":613.7,"educ":8.3,"educ_score":353.3,"hacin":1.349,"hacin_class":"Hacinamiento Leve","hacin_score":776.8,"auto_score":53.6,"n_per":85,"n_hog":29,"source_year":2024},"geometry":{"type":"Polygon","coordinates":[[[-71.5806563469999,-35.839558610104],[-71.5819334509999,-35.8391473611041],[-71.5819483829999,-35.839106481104],[-71.5817661999999,-35.838821972104],[-71.580507011,-35.839236606104],[-71.5806563469999,-35.839558610104]]]}},{"type":"Feature","properties":{"id":"7401071001035","commune":"Linares","code":"07401","gse":"C2","quintil":"Q4","nse_score":748.3,"educ":11.7,"educ_score":580.0,"hacin":1.172,"hacin_class":"Hacinamiento Leve","hacin_score":814.4,"auto_score":140.0,"n_per":68,"n_hog":26,"source_year":2024},"geometry":{"type":"Polygon","coordinates":[[[-71.5837737709999,-35.840022631104],[-71.584222081,-35.8398732791041],[-71.5837659389999,-35.838981765104],[-71.5833108519999,-35.839167314104],[-71.5837737709999,-35.840022631104]]]}},{"type":"Feature","properties":{"id":"7401071001036","commune":"Linares","code":"07401","gse":"D","quintil":"Q1","nse_score":617.6,"educ":8.8,"educ_score":386.7,"hacin":1.475,"hacin_class":"Hacinamiento Leve","hacin_score":749.9,"auto_score":51.7,"n_per":90,"n_hog":30,"source_year":2024},"geometry":{"type":"Polygon","coordinates":[[[-71.5808259439999,-35.839905447104],[-71.5820918859999,-35.839493174104],[-71.5821206219999,-35.839436269104],[-71.5819472499999,-35.839174136104],[-71.5806919259999,-35.839584151104],[-71.5808259439999,-35.839905447104]]]}},{"type":"Feature","properties":{"id":"7401071001037","commune":"Linares","code":"07401","gse":"C2","quintil":"Q4","nse_score":730.7,"educ":11.3,"educ_score":553.3,"hacin":1.167,"hacin_class":"Hacinamiento Leve","hacin_score":815.6,"auto_score":58.8,"n_per":84,"n_hog":34,"source_year":2024},"geometry":{"type":"Polygon","coordinates":[[[-71.5832456079999,-35.840173697104],[-71.5836643359999,-35.840029492104],[-71.5831964419999,-35.839174663104],[-71.5827943919999,-35.8393271411041],[-71.5832456079999,-35.840173697104]]]}},{"type":"Feature","properties":{"id":"7401071001039","commune":"Linares","code":"07401","gse":"C2","quintil":"Q4","nse_score":756.5,"educ":12.3,"educ_score":620.0,"hacin":1.083,"hacin_class":"Hacinamiento Leve","hacin_score":833.3,"auto_score":195.1,"n_per":91,"n_hog":41,"source_year":2024},"geometry":{"type":"Polygon","coordinates":[[[-71.5826812709999,-35.840333952104],[-71.5831533099999,-35.840175684104],[-71.5827038239999,-35.839329089104],[-71.5822457279999,-35.839496672104],[-71.5826812709999,-35.840333952104]]]}},{"type":"Feature","properties":{"id":"7401071001040","commune":"Linares","code":"07401","gse":"C2","quintil":"Q4","nse_score":727.0,"educ":11.4,"educ_score":560.0,"hacin":1.13,"hacin_class":"Hacinamiento Leve","hacin_score":823.5,"auto_score":160.0,"n_per":61,"n_hog":25,"source_year":2024},"geometry":{"type":"Polygon","coordinates":[[[-71.5857661509999,-35.840615185104],[-71.5869523929999,-35.840319240104],[-71.5866066219999,-35.839344241104],[-71.5853512429999,-35.839673217104],[-71.5857661509999,-35.840615185104]]]}},{"type":"Feature","properties":{"id":"7401071001041","commune":"Linares","code":"07401","gse":"D","quintil":"Q1","nse_score":601.2,"educ":9.1,"educ_score":406.7,"hacin":1.263,"hacin_class":"Hacinamiento Leve","hacin_score":795.1,"auto_score":78.9,"n_per":48,"n_hog":18,"source_year":2024},"geometry":{"type":"Polygon","coordinates":[[[-71.5813660769999,-35.840129808104],[-71.5822924329999,-35.839838173104],[-71.5821790889999,-35.839543171104],[-71.5812320089999,-35.839811396104],[-71.5813660769999,-35.840129808104]]]}},{"type":"Feature","properties":{"id":"7401071001043","commune":"Linares","code":"07401","gse":"C2","quintil":"Q4","nse_score":735.7,"educ":12.2,"educ_score":613.3,"hacin":0.946,"hacin_class":"Sin Hacinamiento","hacin_score":862.6,"auto_score":184.2,"n_per":35,"n_hog":17,"source_year":2024},"geometry":{"type":"Polygon","coordinates":[[[-71.5843148809999,-35.839961415104],[-71.5847494429999,-35.840880430104],[-71.5856607039999,-35.840649002104],[-71.5852603689999,-35.839697707104],[-71.5843148809999,-35.839961415104]]]}},{"type":"Feature","properties":{"id":"7401071001045","commune":"Linares","code":"07401","gse":"C3","quintil":"Q3","nse_score":680.5,"educ":10.7,"educ_score":513.3,"hacin":1.333,"hacin_class":"Hacinamiento Leve","hacin_score":780.1,"auto_score":147.1,"n_per":44,"n_hog":17,"source_year":2024},"geometry":{"type":"Polygon","coordinates":[[[-71.5815664249999,-35.840501130104],[-71.5824682089999,-35.840212951104],[-71.5823537349999,-35.8399044541041],[-71.5814054679999,-35.840168199104],[-71.5815664249999,-35.840501130104]]]}},{"type":"Feature","properties":{"id":"7401071001046","commune":"Linares","code":"07401","gse":"C2","quintil":"Q4","nse_score":769.9,"educ":11.9,"educ_score":593.3,"hacin":0.983,"hacin_class":"Sin Hacinamiento","hacin_score":854.6,"auto_score":214.3,"n_per":59,"n_hog":23,"source_year":2024},"geometry":{"type":"Polygon","coordinates":[[[-71.5839494969999,-35.841082484104],[-71.5846449919999,-35.8408916911041],[-71.5841937859999,-35.839982047104],[-71.5834965569999,-35.8401998471041],[-71.5839494969999,-35.841082484104]]]}},{"type":"Feature","properties":{"id":"7401071001048","commune":"Linares","code":"07401","gse":"C2","quintil":"Q4","nse_score":749.3,"educ":12.1,"educ_score":606.7,"hacin":1.02,"hacin_class":"Hacinamiento Leve","hacin_score":846.8,"auto_score":105.3,"n_per":51,"n_hog":19,"source_year":2024},"geometry":{"type":"Polygon","coordinates":[[[-71.5833478599999,-35.8402120591041],[-71.5827109759999,-35.840424049104],[-71.583153594,-35.841293324104],[-71.5838299859999,-35.841094001104],[-71.5833478599999,-35.8402120591041]]]}},{"type":"Feature","properties":{"id":"7401071001049","commune":"Linares","code":"07401","gse":"C3","quintil":"Q3","nse_score":686.2,"educ":11.2,"educ_score":546.7,"hacin":1.166,"hacin_class":"Hacinamiento Leve","hacin_score":815.8,"auto_score":163.4,"n_per":246,"n_hog":103,"source_year":2024},"geometry":{"type":"Polygon","coordinates":[[[-71.5808098759999,-35.840757850104],[-71.5810134179999,-35.841199634104],[-71.5817570179999,-35.841120557104],[-71.580986332,-35.841249789104],[-71.5806977519999,-35.840809833104],[-71.5802239019999,-35.840950707104],[-71.5806211269999,-35.841690275104],[-71.5811855524999,-35.841515909604],[-71.5806585229999,-35.841766084104],[-71.5813227129999,-35.842950576104],[-71.5851583119999,-35.842083915104],[-71.5849139819999,-35.841579924104],[-71.5838330409999,-35.841774438104],[-71.5848770199999,-35.841517627104],[-71.5847148199999,-35.841007361104],[-71.5830832299999,-35.841377474104],[-71.5825050749999,-35.840261731104],[-71.5808098759999,-35.840757850104]]]}},{"type":"Feature","properties":{"id":"7401071001050","commune":"Linares","code":"07401","gse":"C1","quintil":"Q5","nse_score":785.0,"educ":12.5,"educ_score":633.3,"hacin":0.923,"hacin_class":"Sin Hacinamiento","hacin_score":867.4,"auto_score":71.4,"n_per":36,"n_hog":15,"source_year":2024},"geometry":{"type":"Polygon","coordinates":[[[-71.586046371,-35.841229995104],[-71.5871781089999,-35.840963333104],[-71.5870240049999,-35.840425857104],[-71.5858186119999,-35.8406861601041],[-71.586046371,-35.841229995104]]]}},{"type":"Feature","properties":{"id":"7401071001051","commune":"Linares","code":"07401","gse":"C2","quintil":"Q4","nse_score":744.6,"educ":12.4,"educ_score":626.7,"hacin":1.514,"hacin_class":"Hacinamiento Medio","hacin_score":741.6,"auto_score":321.4,"n_per":53,"n_hog":15,"source_year":2024},"geometry":{"type":"Polygon","coordinates":[[[-71.5850191639999,-35.841474008104],[-71.5859064199999,-35.841270134104],[-71.5857127159999,-35.840738015104],[-71.5848079289999,-35.840955784104],[-71.5850191639999,-35.841474008104]]]}},{"type":"Feature","properties":{"id":"7401071001052","commune":"Linares","code":"07401","gse":"C2","quintil":"Q4","nse_score":768.3,"educ":12.5,"educ_score":633.3,"hacin":1.24,"hacin_class":"Hacinamiento Leve","hacin_score":800.0,"auto_score":166.7,"n_per":31,"n_hog":12,"source_year":2024},"geometry":{"type":"Polygon","coordinates":[[[-71.5862880089999,-35.841834607104],[-71.5873682749999,-35.841599178104],[-71.5872560489999,-35.841051787104],[-71.5860868539999,-35.841297795104],[-71.5862880089999,-35.841834607104]]]}},{"type":"Feature","properties":{"id":"7401071001053","commune":"Linares","code":"07401","gse":"C3","quintil":"Q3","nse_score":702.7,"educ":10.8,"educ_score":520.0,"hacin":0.905,"hacin_class":"Sin Hacinamiento","hacin_score":871.3,"auto_score":266.7,"n_per":38,"n_hog":14,"source_year":2024},"geometry":{"type":"Polygon","coordinates":[[[-71.5853036179999,-35.842077987104],[-71.5861498659999,-35.841895821104],[-71.5859610519999,-35.841354584104],[-71.5850564179999,-35.841545312104],[-71.5853036179999,-35.842077987104]]]}},{"type":"Feature","properties":{"id":"7401071002001","commune":"Linares","code":"07401","gse":"C2","quintil":"Q4","nse_score":748.9,"educ":12.4,"educ_score":626.7,"hacin":1.236,"hacin_class":"Hacinamiento Leve","hacin_score":800.9,"auto_score":214.3,"n_per":309,"n_hog":119,"source_year":2024},"geometry":{"type":"Polygon","coordinates":[[[-71.5713984989999,-35.8498650291039],[-71.5695059059999,-35.845620920104],[-71.5748916729999,-35.844391058104],[-71.5747449049999,-35.844069942104],[-71.5740784029999,-35.844154143104],[-71.5747203689999,-35.843997163104],[-71.5745700109999,-35.843718168104],[-71.5739425419999,-35.843849276104],[-71.5745464859999,-35.843654862104],[-71.5744303439999,-35.843368926104],[-71.5737490959999,-35.843497313104],[-71.5743823089999,-35.843252783104],[-71.5742114129999,-35.842764846104],[-71.567941689,-35.846169762104],[-71.5698262709999,-35.8495475621039],[-71.569569897,-35.8509308491039],[-71.5713984989999,-35.8498650291039]]]}},{"type":"Feature","properties":{"id":"7401071002004","commune":"Linares","code":"07401","gse":"C2","quintil":"Q4","nse_score":747.1,"educ":11.9,"educ_score":593.3,"hacin":1.22,"hacin_class":"Hacinamiento Leve","hacin_score":804.4,"auto_score":236.8,"n_per":50,"n_hog":18,"source_year":2024},"geometry":{"type":"Polygon","coordinates":[[[-71.5764207579999,-35.844506213104],[-71.5762385419999,-35.844243988104],[-71.5752128149999,-35.844501345104],[-71.5753437139999,-35.844741881104],[-71.5764207579999,-35.844506213104]]]}},{"type":"Feature","properties":{"id":"7401071002007","commune":"Linares","code":"07401","gse":"C2","quintil":"Q3","nse_score":720.7,"educ":11.4,"educ_score":560.0,"hacin":1.399,"hacin_class":"Hacinamiento Leve","hacin_score":766.2,"auto_score":150.3,"n_per":491,"n_hog":160,"source_year":2024},"geometry":{"type":"Polygon","coordinates":[[[-71.5740703499999,-35.844722216104],[-71.5752604799999,-35.847206651104],[-71.5762213179999,-35.846946516104],[-71.5760807299999,-35.846736554104],[-71.5754783719999,-35.846891326104],[-71.576059761,-35.846700059104],[-71.5759275819999,-35.846445754104],[-71.5753059849999,-35.846591790104],[-71.5759154059999,-35.846402142104],[-71.5757787239999,-35.8461211841039],[-71.5751525819999,-35.846283094104],[-71.5757623789999,-35.846087585104],[-71.5756221669999,-35.845799368104],[-71.5749729079999,-35.845958968104],[-71.5756057229999,-35.845765566104],[-71.575467021,-35.845480448104],[-71.5748578349999,-35.845617473104],[-71.5754506089999,-35.845446712104],[-71.5753110729999,-35.845159877104],[-71.5746830889999,-35.845290088104],[-71.5752946849999,-35.845126190104],[-71.5751550979999,-35.844839248104],[-71.5745304329999,-35.844971118104],[-71.5751387279999,-35.844805596104],[-71.5749998999999,-35.844520213104],[-71.5740703499999,-35.844722216104]]]}},{"type":"Feature","properties":{"id":"7401071002008","commune":"Linares","code":"07401","gse":"C2","quintil":"Q4","nse_score":734.6,"educ":11.3,"educ_score":553.3,"hacin":1.237,"hacin_class":"Hacinamiento Leve","hacin_score":800.6,"auto_score":38.5,"n_per":73,"n_hog":26,"source_year":2024},"geometry":{"type":"Polygon","coordinates":[[[-71.57536583,-35.844774365104],[-71.5755310009999,-35.845064521104],[-71.5766779849999,-35.844771862104],[-71.5764705509999,-35.844533103104],[-71.57536583,-35.844774365104]]]}},{"type":"Feature","properties":{"id":"7401071002011","commune":"Linares","code":"07401","gse":"C2","quintil":"Q3","nse_score":723.0,"educ":11.3,"educ_score":553.3,"hacin":1.213,"hacin_class":"Hacinamiento Leve","hacin_score":805.7,"auto_score":220.0,"n_per":74,"n_hog":25,"source_year":2024},"geometry":{"type":"Polygon","coordinates":[[[-71.5769674059999,-35.845120185104],[-71.5767051539999,-35.844840559104],[-71.5755122249999,-35.8451277331039],[-71.5756695099999,-35.845386480104],[-71.5769674059999,-35.845120185104]]]}},{"type":"Feature","properties":{"id":"7401071002012","commune":"Linares","code":"07401","gse":"C1","quintil":"Q5","nse_score":802.0,"educ":14.1,"educ_score":740.0,"hacin":1.424,"hacin_class":"Hacinamiento Leve","hacin_score":760.8,"auto_score":55.6,"n_per":47,"n_hog":17,"source_year":2024},"geometry":{"type":"Polygon","coordinates":[[[-71.5741245139999,-35.844984072104],[-71.5730986419999,-35.845279059104],[-71.5732526629999,-35.845602665104],[-71.5742694379999,-35.845286613104],[-71.5741245139999,-35.844984072104]]]}},{"type":"Feature","properties":{"id":"7401071002013","commune":"Linares","code":"07401","gse":"C2","quintil":"Q4","nse_score":771.9,"educ":14.1,"educ_score":740.0,"hacin":1.5,"hacin_class":"Hacinamiento Medio","hacin_score":744.7,"auto_score":137.5,"n_per":231,"n_hog":71,"source_year":2024},"geometry":{"type":"Polygon","coordinates":[[[-71.5742330069999,-35.847793382104],[-71.5728909259999,-35.844992249104],[-71.5724768889999,-35.8450764551039],[-71.5738759569999,-35.8480001161039],[-71.5742330069999,-35.847793382104]]]}},{"type":"Feature","properties":{"id":"7401071002016","commune":"Linares","code":"07401","gse":"C3","quintil":"Q2","nse_score":656.4,"educ":10.6,"educ_score":506.7,"hacin":1.492,"hacin_class":"Hacinamiento Leve","hacin_score":746.3,"auto_score":111.9,"n_per":197,"n_hog":62,"source_year":2024},"geometry":{"type":"Polygon","coordinates":[[[-71.5768865229999,-35.845174823104],[-71.5756540239999,-35.845426806104],[-71.5759887909999,-35.846086055104],[-71.5763357399999,-35.846008376104],[-71.5761058169999,-35.845454005104],[-71.5763789639999,-35.845998699104],[-71.5767315059999,-35.845919766104],[-71.5765237629999,-35.845367637104],[-71.5767743649999,-35.845910170104],[-71.5771267169999,-35.845831279104],[-71.5769107379999,-35.845292234104],[-71.5771696599999,-35.8458216641039],[-71.5773501119999,-35.845781261104],[-71.5770818819999,-35.845236671104],[-71.5768865229999,-35.845174823104]]]}},{"type":"Feature","properties":{"id":"7401071002017","commune":"Linares","code":"07401","gse":"C1","quintil":"Q5","nse_score":790.4,"educ":13.9,"educ_score":726.7,"hacin":1.2,"hacin_class":"Hacinamiento Leve","hacin_score":808.5,"auto_score":119.0,"n_per":54,"n_hog":20,"source_year":2024},"geometry":{"type":"Polygon","coordinates":[[[-71.5724986869999,-35.846331645104],[-71.5729387279999,-35.846190513104],[-71.5725215069999,-35.8453186171039],[-71.5720799699999,-35.845455734104],[-71.5724986869999,-35.846331645104]]]}},{"type":"Feature","properties":{"id":"7401071002018","commune":"Linares","code":"07401","gse":"C2","quintil":"Q4","nse_score":766.0,"educ":13.1,"educ_score":673.3,"hacin":1.42,"hacin_class":"Hacinamiento Leve","hacin_score":761.7,"auto_score":386.4,"n_per":71,"n_hog":21,"source_year":2024},"geometry":{"type":"Polygon","coordinates":[[[-71.5744402029999,-35.8456430981039],[-71.5742855219999,-35.845320191104],[-71.5732686579999,-35.845636271104],[-71.5734184369999,-35.845950960104],[-71.5744402029999,-35.8456430981039]]]}},{"type":"Feature","properties":{"id":"7401071002019","commune":"Linares","code":"07401","gse":"C1","quintil":"Q5","nse_score":800.0,"educ":13.5,"educ_score":700.0,"hacin":1.345,"hacin_class":"Hacinamiento Leve","hacin_score":777.7,"auto_score":166.7,"n_per":39,"n_hog":15,"source_year":2024},"geometry":{"type":"Polygon","coordinates":[[[-71.5704806399999,-35.845522730104],[-71.5710983159999,-35.846787969104],[-71.5714976769999,-35.846652688104],[-71.5709025439999,-35.845427136104],[-71.5704806399999,-35.845522730104]]]}},{"type":"Feature","properties":{"id":"7401071002021","commune":"Linares","code":"07401","gse":"ABC1","quintil":"Q5","nse_score":821.0,"educ":14.8,"educ_score":786.7,"hacin":1.171,"hacin_class":"Hacinamiento Leve","hacin_score":814.7,"auto_score":0.0,"n_per":48,"n_hog":19,"source_year":2024},"geometry":{"type":"Polygon","coordinates":[[[-71.5720114499999,-35.845477013104],[-71.5716058489999,-35.8456029691039],[-71.5720271079999,-35.846482890104],[-71.5724575009999,-35.846344855104],[-71.5720114499999,-35.845477013104]]]}},{"type":"Feature","properties":{"id":"7401071002023","commune":"Linares","code":"07401","gse":"C1","quintil":"Q5","nse_score":800.2,"educ":13.6,"educ_score":706.7,"hacin":1.235,"hacin_class":"Hacinamiento Leve","hacin_score":801.0,"auto_score":45.5,"n_per":63,"n_hog":21,"source_year":2024},"geometry":{"type":"Polygon","coordinates":[[[-71.5715644889999,-35.845615813104],[-71.5711102659999,-35.8457568661039],[-71.5715388639999,-35.8466394791039],[-71.5719859209999,-35.846496099104],[-71.5715644889999,-35.845615813104]]]}},{"type":"Feature","properties":{"id":"7401071002024","commune":"Linares","code":"07401","gse":"C1","quintil":"Q5","nse_score":800.7,"educ":14.2,"educ_score":746.7,"hacin":1.478,"hacin_class":"Hacinamiento Leve","hacin_score":749.3,"auto_score":454.5,"n_per":68,"n_hog":21,"source_year":2024},"geometry":{"type":"Polygon","coordinates":[[[-71.5744163819999,-35.845688705104],[-71.5734344339999,-35.845984569104],[-71.5735857839999,-35.846302558104],[-71.5746018039999,-35.845980447104],[-71.5744163819999,-35.845688705104]]]}},{"type":"Feature","properties":{"id":"7401071002027","commune":"Linares","code":"07401","gse":"C3","quintil":"Q2","nse_score":671.9,"educ":9.3,"educ_score":420.0,"hacin":1.196,"hacin_class":"Hacinamiento Leve","hacin_score":809.4,"auto_score":194.4,"n_per":55,"n_hog":18,"source_year":2024},"geometry":{"type":"Polygon","coordinates":[[[-71.5773914089999,-35.846315222104],[-71.5771439389999,-35.845864801104],[-71.576815758,-35.8459415871039],[-71.5771338519999,-35.846541775104],[-71.5773914089999,-35.846315222104]]]}},{"type":"Feature","properties":{"id":"7401071002029","commune":"Linares","code":"07401","gse":"C3","quintil":"Q3","nse_score":694.3,"educ":10.5,"educ_score":500.0,"hacin":1.564,"hacin_class":"Hacinamiento Medio","hacin_score":731.0,"auto_score":75.0,"n_per":61,"n_hog":20,"source_year":2024},"geometry":{"type":"Polygon","coordinates":[[[-71.5770311399999,-35.846600920104],[-71.5767485889999,-35.845953320104],[-71.5763978009999,-35.846031859104],[-71.5767992559999,-35.846734447104],[-71.5770311399999,-35.846600920104]]]}},{"type":"Feature","properties":{"id":"7401071002030","commune":"Linares","code":"07401","gse":"C1","quintil":"Q5","nse_score":807.9,"educ":14.1,"educ_score":740.0,"hacin":1.395,"hacin_class":"Hacinamiento Leve","hacin_score":766.9,"auto_score":386.4,"n_per":60,"n_hog":21,"source_year":2024},"geometry":{"type":"Polygon","coordinates":[[[-71.5746178879999,-35.846014024104],[-71.5736017789999,-35.846336163104],[-71.5737477999999,-35.846642949104],[-71.5747728469999,-35.846337504104],[-71.5746178879999,-35.846014024104]]]}},{"type":"Feature","properties":{"id":"7401071002031","commune":"Linares","code":"07401","gse":"C2","quintil":"Q4","nse_score":730.0,"educ":11.7,"educ_score":580.0,"hacin":1.396,"hacin_class":"Hacinamiento Leve","hacin_score":766.8,"auto_score":0.0,"n_per":74,"n_hog":25,"source_year":2024},"geometry":{"type":"Polygon","coordinates":[[[-71.5767470239999,-35.846737792104],[-71.5763545329999,-35.846041546104],[-71.5760159479999,-35.846119212104],[-71.5764497849999,-35.8469356811039],[-71.5767470239999,-35.846737792104]]]}},{"type":"Feature","properties":{"id":"7401071002033","commune":"Linares","code":"07401","gse":"ABC1","quintil":"Q5","nse_score":830.7,"educ":14.8,"educ_score":786.7,"hacin":1.302,"hacin_class":"Hacinamiento Leve","hacin_score":786.7,"auto_score":100.0,"n_per":56,"n_hog":19,"source_year":2024},"geometry":{"type":"Polygon","coordinates":[[[-71.5729547979999,-35.846224095104],[-71.5725147429999,-35.846365231104],[-71.5729395419999,-35.8472409261039],[-71.573375112,-35.8471024321039],[-71.5729547979999,-35.846224095104]]]}},{"type":"Feature","properties":{"id":"7401071002035","commune":"Linares","code":"07401","gse":"C2","quintil":"Q4","nse_score":750.8,"educ":13.0,"educ_score":666.7,"hacin":1.556,"hacin_class":"Hacinamiento Medio","hacin_score":732.9,"auto_score":285.7,"n_per":42,"n_hog":13,"source_year":2024},"geometry":{"type":"Polygon","coordinates":[[[-71.5749464279999,-35.846699855104],[-71.5747889359999,-35.846371089104],[-71.5737637979999,-35.846676561104],[-71.5739228369999,-35.847010695104],[-71.5749464279999,-35.846699855104]]]}},{"type":"Feature","properties":{"id":"7401071002036","commune":"Linares","code":"07401","gse":"C2","quintil":"Q4","nse_score":780.7,"educ":14.4,"educ_score":760.0,"hacin":1.56,"hacin_class":"Hacinamiento Medio","hacin_score":731.9,"auto_score":357.1,"n_per":39,"n_hog":13,"source_year":2024},"geometry":{"type":"Polygon","coordinates":[[[-71.5724626219999,-35.847392565104],[-71.5728929479999,-35.8472557411039],[-71.5724735559999,-35.846378441104],[-71.5720431839999,-35.846516469104],[-71.5724626219999,-35.847392565104]]]}},{"type":"Feature","properties":{"id":"7401071002037","commune":"Linares","code":"07401","gse":"ABC1","quintil":"Q5","nse_score":824.8,"educ":14.7,"educ_score":780.0,"hacin":1.381,"hacin_class":"Hacinamiento Leve","hacin_score":770.0,"auto_score":227.3,"n_per":58,"n_hog":21,"source_year":2024},"geometry":{"type":"Polygon","coordinates":[[[-71.5719792119999,-35.8475462661039],[-71.572421388,-35.8474056761039],[-71.5720019979999,-35.846529678104],[-71.5715551399999,-35.846672995104],[-71.5719792119999,-35.8475462661039]]]}},{"type":"Feature","properties":{"id":"7401071002039","commune":"Linares","code":"07401","gse":"C1","quintil":"Q5","nse_score":805.7,"educ":13.7,"educ_score":713.3,"hacin":1.391,"hacin_class":"Hacinamiento Leve","hacin_score":767.8,"auto_score":200.0,"n_per":32,"n_hog":11,"source_year":2024},"geometry":{"type":"Polygon","coordinates":[[[-71.5711075679999,-35.846823888104],[-71.5715251749999,-35.8476906251039],[-71.5719379769999,-35.8475593771039],[-71.5715139529999,-35.8466862051039],[-71.5711075679999,-35.846823888104]]]}},{"type":"Feature","properties":{"id":"7401071002040","commune":"Linares","code":"07401","gse":"C1","quintil":"Q5","nse_score":803.4,"educ":13.6,"educ_score":706.7,"hacin":1.346,"hacin_class":"Hacinamiento Leve","hacin_score":777.4,"auto_score":270.8,"n_per":70,"n_hog":24,"source_year":2024},"geometry":{"type":"Polygon","coordinates":[[[-71.5749625149999,-35.846733436104],[-71.5739388329999,-35.847044303104],[-71.5740855559999,-35.847352559104],[-71.5751147169999,-35.8470511551039],[-71.5749625149999,-35.846733436104]]]}},{"type":"Feature","properties":{"id":"7401071002045","commune":"Linares","code":"07401","gse":"C2","quintil":"Q4","nse_score":759.7,"educ":13.4,"educ_score":693.3,"hacin":1.4,"hacin_class":"Hacinamiento Leve","hacin_score":766.0,"auto_score":236.8,"n_per":56,"n_hog":17,"source_year":2024},"geometry":{"type":"Polygon","coordinates":[[[-71.5732837619999,-35.847973878104],[-71.5737240889999,-35.8478316781039],[-71.5733911829999,-35.847136014104],[-71.5729502379999,-35.847276217104],[-71.5732837619999,-35.847973878104]]]}},{"type":"Feature","properties":{"id":"7401071002046","commune":"Linares","code":"07401","gse":"C2","quintil":"Q4","nse_score":746.4,"educ":13.8,"educ_score":720.0,"hacin":1.55,"hacin_class":"Hacinamiento Medio","hacin_score":734.0,"auto_score":397.1,"n_per":93,"n_hog":29,"source_year":2024},"geometry":{"type":"Polygon","coordinates":[[[-71.5713196819999,-35.8495499011039],[-71.571461413,-35.8498285871039],[-71.5756096419999,-35.8474194481039],[-71.5754705539999,-35.8471611771039],[-71.5713196819999,-35.8495499011039]]]}},{"type":"Feature","properties":{"id":"7401071002047","commune":"Linares","code":"07401","gse":"ABC1","quintil":"Q5","nse_score":837.6,"educ":14.7,"educ_score":780.0,"hacin":1.281,"hacin_class":"Hacinamiento Leve","hacin_score":791.2,"auto_score":323.5,"n_per":41,"n_hog":17,"source_year":2024},"geometry":{"type":"Polygon","coordinates":[[[-71.5728136259999,-35.848125701104],[-71.5732426129999,-35.8479871661039],[-71.5729090039999,-35.847289328104],[-71.5724786989999,-35.8474261451039],[-71.5728136259999,-35.848125701104]]]}},{"type":"Feature","properties":{"id":"7401071002048","commune":"Linares","code":"07401","gse":"ABC1","quintil":"Q5","nse_score":853.1,"educ":15.5,"educ_score":833.3,"hacin":1.333,"hacin_class":"Hacinamiento Leve","hacin_score":780.1,"auto_score":321.4,"n_per":32,"n_hog":14,"source_year":2024},"geometry":{"type":"Polygon","coordinates":[[[-71.5723879629999,-35.847454995104],[-71.5719954879999,-35.847579783104],[-71.57233557,-35.8482800801039],[-71.5727724769999,-35.8481389901039],[-71.5723879629999,-35.847454995104]]]}},{"type":"Feature","properties":{"id":"7401071002049","commune":"Linares","code":"07401","gse":"C3","quintil":"Q3","nse_score":697.1,"educ":11.0,"educ_score":533.3,"hacin":1.552,"hacin_class":"Hacinamiento Medio","hacin_score":733.7,"auto_score":363.6,"n_per":45,"n_hog":11,"source_year":2024},"geometry":{"type":"Polygon","coordinates":[[[-71.5715413409999,-35.8477241771039],[-71.5721525599999,-35.8489927661039],[-71.5725280369999,-35.848774422104],[-71.5719542529999,-35.847592893104],[-71.5715413409999,-35.8477241771039]]]}},{"type":"Feature","properties":{"id":"7401071002053","commune":"Linares","code":"07401","gse":"C2","quintil":"Q4","nse_score":725.1,"educ":12.0,"educ_score":600.0,"hacin":1.252,"hacin_class":"Hacinamiento Leve","hacin_score":797.4,"auto_score":273.9,"n_per":447,"n_hog":161,"source_year":2024},"geometry":{"type":"Polygon","coordinates":[[[-71.5761857809999,-35.8537957081039],[-71.5750655619999,-35.8544822131039],[-71.5746548499999,-35.8556897871039],[-71.5734999009999,-35.8560525441039],[-71.5731226479999,-35.8560380961039],[-71.5727636829999,-35.8558294691039],[-71.5710576429999,-35.8568887691039],[-71.5726071649999,-35.8598310661038],[-71.5723322059999,-35.8592322151039],[-71.5729207159999,-35.8590168061038],[-71.5723941889999,-35.8592444071038],[-71.5727271849999,-35.8598051091038],[-71.5758851099999,-35.8590433801038],[-71.5745413059999,-35.8572920791038],[-71.5729914609999,-35.8580373491038],[-71.5733343739999,-35.8586158641038],[-71.5729141389999,-35.8580750591038],[-71.5723260899999,-35.8583580571038],[-71.5725355279999,-35.8588538091038],[-71.5720878949999,-35.8580431881039],[-71.5723058709999,-35.8582999041038],[-71.5745009229999,-35.8572523851038],[-71.5745131119999,-35.8570943911038],[-71.5759514969999,-35.8590419561038],[-71.5768957649999,-35.8587648161039],[-71.5753326739999,-35.8568559901038],[-71.5753391989999,-35.8566620651039],[-71.5759905319999,-35.8563146021039],[-71.5777134559999,-35.8549436621039],[-71.5787041289999,-35.8547015661039],[-71.5786714879999,-35.8542921631039],[-71.5788095969999,-35.8546677541039],[-71.5791920219999,-35.8545964471039],[-71.5791442499999,-35.8541152631039],[-71.5793415989999,-35.8545571811039],[-71.5795929469999,-35.8544661561039],[-71.5794476059999,-35.8540276281039],[-71.5795613089999,-35.8539018451039],[-71.5823959659999,-35.8532567141039],[-71.58198067,-35.8521119461039],[-71.5805977019999,-35.8501365161039],[-71.5803226699999,-35.850275881104],[-71.5800762119999,-35.8508459571039],[-71.5766533229999,-35.8532223461039],[-71.5761857809999,-35.8537957081039]]]}},{"type":"Feature","properties":{"id":"7401071002054","commune":"Linares","code":"07401","gse":"D","quintil":"Q1","nse_score":622.3,"educ":11.2,"educ_score":546.7,"hacin":1.441,"hacin_class":"Hacinamiento Leve","hacin_score":757.2,"auto_score":117.6,"n_per":49,"n_hog":16,"source_year":2024},"geometry":{"type":"Polygon","coordinates":[[[-71.5815208659999,-35.8547606651039],[-71.5828306069999,-35.8544641571039],[-71.5824373039999,-35.8533684911039],[-71.5810420649999,-35.8536679391039],[-71.5815208659999,-35.8547606651039]]]}},{"type":"Feature","properties":{"id":"7401071002055","commune":"Linares","code":"07401","gse":"C3","quintil":"Q2","nse_score":659.5,"educ":12.0,"educ_score":600.0,"hacin":1.202,"hacin_class":"Hacinamiento Leve","hacin_score":808.0,"auto_score":185.7,"n_per":101,"n_hog":33,"source_year":2024},"geometry":{"type":"Polygon","coordinates":[[[-71.5800217169999,-35.8551059001039],[-71.5813516139999,-35.8547860071039],[-71.5809424129999,-35.8536910021039],[-71.5795152399999,-35.8539901221038],[-71.5800217169999,-35.8551059001039]]]}},{"type":"Feature","properties":{"id":"7401071002003","commune":"Linares","code":"07401","gse":"D","quintil":"Q1","nse_score":604.0,"educ":9.0,"educ_score":400.0,"hacin":1.526,"hacin_class":"Hacinamiento Medio","hacin_score":739.1,"auto_score":111.1,"n_per":29,"n_hog":9,"source_year":2024},"geometry":{"type":"MultiPolygon","coordinates":[[[[-71.5775417439999,-35.845798416104],[-71.5771871199999,-35.845855133104],[-71.5774609039999,-35.846353447104],[-71.5777786909999,-35.846170453104],[-71.5775417439999,-35.845798416104]]],[[[-71.5774086939999,-35.8457549541039],[-71.5777595429999,-35.845672984104],[-71.5767534199999,-35.844249350104],[-71.5763103769999,-35.844225917104],[-71.5771465719999,-35.845222763104],[-71.5774086939999,-35.8457549541039]]]]}},{"type":"Feature","properties":{"id":"7401071003001","commune":"Linares","code":"07401","gse":"ABC1","quintil":"Q5","nse_score":815.8,"educ":14.8,"educ_score":786.7,"hacin":1.251,"hacin_class":"Hacinamiento Leve","hacin_score":797.7,"auto_score":387.3,"n_per":494,"n_hog":161,"source_year":2024},"geometry":{"type":"Polygon","coordinates":[[[-71.5818844809999,-35.8296985561041],[-71.5821936299999,-35.8313593781041],[-71.582409621,-35.8312845551042],[-71.5823333839999,-35.8310682361042],[-71.5822527669999,-35.8311794331041],[-71.5821060039999,-35.8304477961041],[-71.5827386889999,-35.8303592311041],[-71.5830612899999,-35.8311420651041],[-71.5834315549999,-35.8310307261041],[-71.5831377689999,-35.8302452741041],[-71.5835169389999,-35.8310274221041],[-71.5838852749999,-35.8309182931042],[-71.5836196609999,-35.8301317491041],[-71.5839686799999,-35.8309132651041],[-71.5843433539999,-35.8308028361041],[-71.584045553,-35.8300304811041],[-71.5844022579999,-35.8307884951041],[-71.5847319359999,-35.8307131111041],[-71.5844863609999,-35.8299157821042],[-71.5848047009999,-35.8306970741041],[-71.5851325819999,-35.8306027261041],[-71.5848480859999,-35.8298260791041],[-71.5851904389999,-35.8305889541041],[-71.5855276359999,-35.8305129031041],[-71.585288095,-35.8297150011041],[-71.5855867789999,-35.8304871271041],[-71.5859147489999,-35.8304222831042],[-71.5856380389999,-35.8296254921041],[-71.5859942239999,-35.8303975341041],[-71.5870481419999,-35.8301391811041],[-71.5868046969999,-35.8288990101041],[-71.5850715149999,-35.8294624591042],[-71.5825781649999,-35.8300290491042],[-71.5827731049999,-35.8299787471041],[-71.5829097099999,-35.8294913401042],[-71.583771382,-35.8292462321041],[-71.5866825079999,-35.8279187121041],[-71.586643997,-35.8275925491041],[-71.5836264839999,-35.8290870201041],[-71.582069584,-35.8294304911041],[-71.5818844809999,-35.8296985561041]]]}},{"type":"Feature","properties":{"id":"7401071003007","commune":"Linares","code":"07401","gse":"ABC1","quintil":"Q5","nse_score":825.8,"educ":15.7,"educ_score":846.7,"hacin":1.143,"hacin_class":"Hacinamiento Leve","hacin_score":820.7,"auto_score":454.5,"n_per":56,"n_hog":19,"source_year":2024},"geometry":{"type":"Polygon","coordinates":[[[-71.5846628959999,-35.8294910911042],[-71.5845878779999,-35.8289228991042],[-71.5838077779999,-35.8293120381041],[-71.5829622539999,-35.8295524021041],[-71.5828364489999,-35.8298684371041],[-71.5828776269999,-35.8299517761041],[-71.5846628959999,-35.8294910911042]]]}},{"type":"Feature","properties":{"id":"7401071003008","commune":"Linares","code":"07401","gse":"C2","quintil":"Q4","nse_score":770.0,"educ":13.6,"educ_score":706.7,"hacin":1.298,"hacin_class":"Hacinamiento Leve","hacin_score":787.7,"auto_score":269.6,"n_per":279,"n_hog":92,"source_year":2024},"geometry":{"type":"Polygon","coordinates":[[[-71.5813948989999,-35.8294923981041],[-71.5799331349999,-35.8298406341041],[-71.5776587839999,-35.8314958001041],[-71.5723493579999,-35.8336433491041],[-71.5724157179999,-35.8337400161041],[-71.5751873219999,-35.8326169631041],[-71.5746190909999,-35.8329509061041],[-71.5747946629999,-35.8332120251041],[-71.5753041119999,-35.8330716411041],[-71.5752714249999,-35.8331745791041],[-71.5751720609999,-35.8331127651041],[-71.5748260919999,-35.8332809341041],[-71.5755102339999,-35.8343004051041],[-71.5758671819999,-35.8341460541041],[-71.5753559349999,-35.8332922061041],[-71.5759199789999,-35.8341236621041],[-71.5762410509999,-35.8340115841041],[-71.5757136009999,-35.8331478871041],[-71.5763241719999,-35.8339185371041],[-71.5765279989999,-35.8335969151041],[-71.5761198479999,-35.8329876881041],[-71.5765807749999,-35.8335362571041],[-71.5767855439999,-35.8332332131041],[-71.576504671,-35.8327993121041],[-71.5768460319999,-35.8331789551041],[-71.5770542699999,-35.8328760191041],[-71.5769128409999,-35.8326488391041],[-71.5771035839999,-35.8328030251041],[-71.5773783049999,-35.8325461061041],[-71.5765047049999,-35.8338095841041],[-71.5765172139999,-35.8338573391041],[-71.5775001869999,-35.8325006411041],[-71.577479336,-35.8320594371041],[-71.5779892619999,-35.8317735871041],[-71.5803055039999,-35.8298896421041],[-71.5806735389999,-35.8297194961041],[-71.5819066149999,-35.8303509661041],[-71.581759959,-35.8295382561041],[-71.5813948989999,-35.8294923981041]]]}},{"type":"Feature","properties":{"id":"7401071003009","commune":"Linares","code":"07401","gse":"ABC1","quintil":"Q5","nse_score":857.0,"educ":16.2,"educ_score":880.0,"hacin":0.988,"hacin_class":"Sin Hacinamiento","hacin_score":853.7,"auto_score":494.6,"n_per":241,"n_hog":80,"source_year":2024},"geometry":{"type":"Polygon","coordinates":[[[-71.5803055039999,-35.8298896421041],[-71.5779892619999,-35.8317735871041],[-71.577479336,-35.8320594371041],[-71.5775001869999,-35.8325006411041],[-71.5765172139999,-35.8338573391041],[-71.5773101039999,-35.8335306711041],[-71.5771811839999,-35.8332688161041],[-71.57740881,-35.8334821371041],[-71.5778556349999,-35.8332845451041],[-71.5775118109999,-35.8327038141041],[-71.5779373939999,-35.8332305731041],[-71.5784586049999,-35.8330119621041],[-71.5780057779999,-35.8322212701041],[-71.5785392579999,-35.8329543701041],[-71.5789900269999,-35.8327770731041],[-71.5785274519999,-35.8319675051041],[-71.5790873449999,-35.8327225811041],[-71.5795272969999,-35.8325058731041],[-71.5790529989999,-35.8317494751041],[-71.5795960489999,-35.8324907491041],[-71.5802824759999,-35.8322032821041],[-71.5801592759999,-35.8319160691041],[-71.5799323319999,-35.8319723901041],[-71.5796263869999,-35.8316048661041],[-71.5794769259999,-35.8316194721041],[-71.5798567889999,-35.8314521791041],[-71.5797633199999,-35.8313088351041],[-71.5804083109999,-35.8321082541041],[-71.5808320319999,-35.8319076341041],[-71.5803732119999,-35.8312972341041],[-71.5804294859999,-35.8311676941041],[-71.5807390559999,-35.8311057041041],[-71.5804164799999,-35.8312517771041],[-71.5807480969999,-35.8316137671041],[-71.5810604189999,-35.8314979281041],[-71.5807711879999,-35.8316547181041],[-71.5809062569999,-35.8318832201041],[-71.5820596219999,-35.8314097021041],[-71.5819066149999,-35.8303509661041],[-71.5806735389999,-35.8297194961041],[-71.5803055039999,-35.8298896421041]]]}},{"type":"Feature","properties":{"id":"7401071003011","commune":"Linares","code":"07401","gse":"ABC1","quintil":"Q5","nse_score":872.8,"educ":16.0,"educ_score":866.7,"hacin":1.097,"hacin_class":"Hacinamiento Leve","hacin_score":830.5,"auto_score":576.9,"n_per":34,"n_hog":12,"source_year":2024},"geometry":{"type":"Polygon","coordinates":[[[-71.5821484819999,-35.8304695401042],[-71.5823088829999,-35.8306816041041],[-71.5824735979999,-35.8312791761041],[-71.5829709889999,-35.8311590851042],[-71.5826861159999,-35.8303732961042],[-71.5821484819999,-35.8304695401042]]]}},{"type":"Feature","properties":{"id":"7401071003015","commune":"Linares","code":"07401","gse":"ABC1","quintil":"Q5","nse_score":851.0,"educ":16.3,"educ_score":886.7,"hacin":0.935,"hacin_class":"Sin Hacinamiento","hacin_score":864.9,"auto_score":473.7,"n_per":43,"n_hog":15,"source_year":2024},"geometry":{"type":"Polygon","coordinates":[[[-71.5823836199999,-35.8332224671041],[-71.5830060199999,-35.8329298991041],[-71.5821040459999,-35.8315815161041],[-71.5814603189999,-35.8318815071041],[-71.5823836199999,-35.8332224671041]]]}},{"type":"Feature","properties":{"id":"7401071003018","commune":"Linares","code":"07401","gse":"ABC1","quintil":"Q5","nse_score":841.0,"educ":15.5,"educ_score":833.3,"hacin":1.109,"hacin_class":"Hacinamiento Leve","hacin_score":828.0,"auto_score":252.2,"n_per":296,"n_hog":101,"source_year":2024},"geometry":{"type":"Polygon","coordinates":[[[-71.5812713789999,-35.8328294021041],[-71.5811167349999,-35.8326527001041],[-71.5806908979999,-35.8328435611041],[-71.5807687249999,-35.8331341121041],[-71.5806270269999,-35.8328382651041],[-71.5810726649999,-35.8326011971041],[-71.5807550769999,-35.8321713861041],[-71.5783452709999,-35.8332392651041],[-71.5793457679999,-35.8347808491041],[-71.5781500289999,-35.8354051561041],[-71.5784886549999,-35.8360060551041],[-71.5800874379999,-35.8354035521041],[-71.5800533259999,-35.8352029521041],[-71.5801623339999,-35.8353847081041],[-71.5815249259999,-35.8348431751041],[-71.5819143449999,-35.8344469391041],[-71.5836361359999,-35.8337498751041],[-71.58304985,-35.8330049141041],[-71.5811925319999,-35.8338194001041],[-71.5813331109999,-35.8336662141041],[-71.5810786769999,-35.8332553071041],[-71.5814061419999,-35.8336488811041],[-71.5817960169999,-35.8334705421041],[-71.5815423099999,-35.8330621451041],[-71.5818611429999,-35.8334450281041],[-71.5822743509999,-35.8332577031041],[-71.5813709909999,-35.8319064391041],[-71.5808545989999,-35.8321394781041],[-71.5812713789999,-35.8328294021041]]]}},{"type":"Feature","properties":{"id":"7401071003023","commune":"Linares","code":"07401","gse":"C1","quintil":"Q5","nse_score":800.2,"educ":13.6,"educ_score":706.7,"hacin":1.228,"hacin_class":"Hacinamiento Leve","hacin_score":802.6,"auto_score":287.7,"n_per":399,"n_hog":145,"source_year":2024},"geometry":{"type":"Polygon","coordinates":[[[-71.573645257,-35.8333474491041],[-71.5739166839999,-35.8337336511041],[-71.5735624939999,-35.8333502751041],[-71.5731522479999,-35.8335235341041],[-71.5734144509999,-35.8339324081041],[-71.5730807119999,-35.8335479191041],[-71.5725014429999,-35.8337900501041],[-71.5734738039999,-35.8352311361041],[-71.57382616,-35.8350685541041],[-71.5732761619999,-35.8342410911041],[-71.5738803349999,-35.8350474431041],[-71.5742227639999,-35.8349011891041],[-71.5736264639999,-35.8339811941041],[-71.5742883969999,-35.8348767881041],[-71.5746307309999,-35.8347119051041],[-71.5740737829999,-35.8338643791041],[-71.5746918439999,-35.8346940661041],[-71.5750356929999,-35.8345318431041],[-71.574527052,-35.8336750041041],[-71.5750867099999,-35.8345072501041],[-71.5754471919999,-35.8343621651041],[-71.5747518779999,-35.8333088851041],[-71.5742572909999,-35.8335115901041],[-71.5747046359999,-35.8332517801041],[-71.5745341159999,-35.8329672591041],[-71.573645257,-35.8333474491041]]]}},{"type":"Feature","properties":{"id":"7401071003027","commune":"Linares","code":"07401","gse":"ABC1","quintil":"Q5","nse_score":878.0,"educ":15.7,"educ_score":846.7,"hacin":1.027,"hacin_class":"Hacinamiento Leve","hacin_score":845.3,"auto_score":500.0,"n_per":38,"n_hog":14,"source_year":2024},"geometry":{"type":"Polygon","coordinates":[[[-71.5783016759999,-35.8343236151041],[-71.5788022239999,-35.8340862881041],[-71.5782435749999,-35.8332842191041],[-71.5777412719999,-35.8335235621041],[-71.5783016759999,-35.8343236151041]]]}},{"type":"Feature","properties":{"id":"7401071003029","commune":"Linares","code":"07401","gse":"ABC1","quintil":"Q5","nse_score":866.7,"educ":15.2,"educ_score":813.3,"hacin":0.957,"hacin_class":"Sin Hacinamiento","hacin_score":860.3,"auto_score":250.0,"n_per":44,"n_hog":18,"source_year":2024},"geometry":{"type":"Polygon","coordinates":[[[-71.5777492659999,-35.8345691011041],[-71.5782120419999,-35.8343453101041],[-71.5776641399999,-35.8335422391041],[-71.5771797039999,-35.8337741031041],[-71.5777492659999,-35.8345691011041]]]}},{"type":"Feature","properties":{"id":"7401071003030","commune":"Linares","code":"07401","gse":"C1","quintil":"Q5","nse_score":800.9,"educ":13.5,"educ_score":700.0,"hacin":1.288,"hacin_class":"Hacinamiento Leve","hacin_score":789.8,"auto_score":340.0,"n_per":76,"n_hog":25,"source_year":2024},"geometry":{"type":"Polygon","coordinates":[[[-71.5679921579999,-35.8351797181041],[-71.5679615969999,-35.835526133104],[-71.5684596409999,-35.8367252211041],[-71.5716875479999,-35.836864340104],[-71.5685643469999,-35.8366691491041],[-71.5693618839999,-35.8366387451041],[-71.5694218529999,-35.8363393471041],[-71.5685263139999,-35.8362180681041],[-71.5680772099999,-35.8352325241041],[-71.5699957969999,-35.8346884861041],[-71.5724157179999,-35.8337400161041],[-71.5723493579999,-35.8336433491041],[-71.5699351759999,-35.8346053521041],[-71.5679921579999,-35.8351797181041]]]}},{"type":"Feature","properties":{"id":"7401071003032","commune":"Linares","code":"07401","gse":"ABC1","quintil":"Q5","nse_score":858.7,"educ":14.8,"educ_score":786.7,"hacin":1.102,"hacin_class":"Hacinamiento Leve","hacin_score":829.4,"auto_score":333.3,"n_per":54,"n_hog":21,"source_year":2024},"geometry":{"type":"Polygon","coordinates":[[[-71.5771554299999,-35.8348332231041],[-71.5776597159999,-35.8345924641041],[-71.5771026189999,-35.8337926621041],[-71.5766018409999,-35.8340301941041],[-71.5771554299999,-35.8348332231041]]]}},{"type":"Feature","properties":{"id":"7401071003033","commune":"Linares","code":"07401","gse":"C2","quintil":"Q3","nse_score":715.9,"educ":11.1,"educ_score":540.0,"hacin":1.121,"hacin_class":"Hacinamiento Leve","hacin_score":825.4,"auto_score":261.4,"n_per":130,"n_hog":44,"source_year":2024},"geometry":{"type":"Polygon","coordinates":[[[-71.580658808,-35.836299518104],[-71.5820152429999,-35.835855753104],[-71.5819319809999,-35.8355601041041],[-71.5842548819999,-35.8345952961041],[-71.5836737509999,-35.8338056161041],[-71.5819061639999,-35.8344970911041],[-71.5816074969999,-35.834855030104],[-71.5801980729999,-35.8354351281041],[-71.580658808,-35.836299518104]]]}},{"type":"Feature","properties":{"id":"7401071003034","commune":"Linares","code":"07401","gse":"C1","quintil":"Q5","nse_score":801.1,"educ":13.5,"educ_score":700.0,"hacin":1.171,"hacin_class":"Hacinamiento Leve","hacin_score":814.8,"auto_score":387.9,"n_per":302,"n_hog":103,"source_year":2024},"geometry":{"type":"Polygon","coordinates":[[[-71.5721868189999,-35.8344232191041],[-71.5719844509999,-35.8339913251041],[-71.5715750769999,-35.8341455031041],[-71.5717540759999,-35.8345925931041],[-71.5714781009999,-35.8341898741041],[-71.5713879989999,-35.8355773041041],[-71.5720340399999,-35.8355818171041],[-71.5716742649999,-35.8349464201041],[-71.5722424909999,-35.8357704111041],[-71.5725701379999,-35.8356443371041],[-71.572061791,-35.8347469191041],[-71.5726253649999,-35.8356001241041],[-71.5729691909999,-35.8354688281041],[-71.5724625589999,-35.8345582651041],[-71.5730272299999,-35.835422690104],[-71.573393484,-35.8352780971041],[-71.5724177819999,-35.8338196751041],[-71.5720514529999,-35.8339638601041],[-71.5722647449999,-35.8343529321041],[-71.5721868189999,-35.8344232191041]]]}},{"type":"Feature","properties":{"id":"7401071003035","commune":"Linares","code":"07401","gse":"C2","quintil":"Q3","nse_score":717.3,"educ":11.5,"educ_score":566.7,"hacin":1.21,"hacin_class":"Hacinamiento Leve","hacin_score":806.4,"auto_score":217.9,"n_per":317,"n_hog":114,"source_year":2024},"geometry":{"type":"Polygon","coordinates":[[[-71.5761717649999,-35.8343227901041],[-71.5746828619999,-35.837059439104],[-71.5763007669999,-35.8374524821041],[-71.5778263849999,-35.838211889104],[-71.578643988,-35.8378108531041],[-71.5783079289999,-35.8370486341041],[-71.5792229819999,-35.8366886801041],[-71.579664266,-35.837473152104],[-71.5800449069999,-35.8373223501041],[-71.5797273069999,-35.8367016201041],[-71.579541435,-35.836689893104],[-71.5805568439999,-35.8363393891041],[-71.5803061529999,-35.8358721501041],[-71.5786947819999,-35.8364432061041],[-71.5780651469999,-35.8354433911041],[-71.5768017439999,-35.8359978201041],[-71.5769224679999,-35.8358487451041],[-71.5765357429999,-35.8352305241041],[-71.5770459679999,-35.8348623001041],[-71.5765135269999,-35.8340590041041],[-71.5761717649999,-35.8343227901041]]]}},{"type":"Feature","properties":{"id":"7401071003037","commune":"Linares","code":"07401","gse":"C1","quintil":"Q5","nse_score":807.0,"educ":13.6,"educ_score":706.7,"hacin":1.266,"hacin_class":"Hacinamiento Leve","hacin_score":794.4,"auto_score":320.0,"n_per":157,"n_hog":50,"source_year":2024},"geometry":{"type":"Polygon","coordinates":[[[-71.5755361839999,-35.8352446561041],[-71.5751449339999,-35.8346826771041],[-71.5747983659999,-35.8348276001041],[-71.5752817389999,-35.8355459001041],[-71.5754563839999,-35.8355666961041],[-71.5749424409999,-35.8358036191041],[-71.5750648679999,-35.8360909191041],[-71.5748708969999,-35.8358401741041],[-71.5745475069999,-35.8359838121041],[-71.5748557399999,-35.836473207104],[-71.5744848479999,-35.8360216891041],[-71.5741364989999,-35.8361706561041],[-71.5745516919999,-35.8369360471041],[-71.5720774229999,-35.8368720611041],[-71.5746828619999,-35.837059439104],[-71.5763711369999,-35.8341164061041],[-71.5752046799999,-35.8346412731041],[-71.5755361839999,-35.8352446561041]]]}},{"type":"Feature","properties":{"id":"7401071003038","commune":"Linares","code":"07401","gse":"ABC1","quintil":"Q5","nse_score":856.2,"educ":15.3,"educ_score":820.0,"hacin":1.24,"hacin_class":"Hacinamiento Leve","hacin_score":800.0,"auto_score":117.6,"n_per":62,"n_hog":17,"source_year":2024},"geometry":{"type":"Polygon","coordinates":[[[-71.5788894589999,-35.8350013951041],[-71.5792702779999,-35.8347868891041],[-71.5788353909999,-35.8341624131041],[-71.5784239669999,-35.8343596761041],[-71.5788894589999,-35.8350013951041]]]}},{"type":"Feature","properties":{"id":"7401071003040","commune":"Linares","code":"07401","gse":"C1","quintil":"Q5","nse_score":787.9,"educ":13.3,"educ_score":686.7,"hacin":1.283,"hacin_class":"Hacinamiento Leve","hacin_score":790.8,"auto_score":200.0,"n_per":68,"n_hog":25,"source_year":2024},"geometry":{"type":"Polygon","coordinates":[[[-71.5712617489999,-35.8359467221041],[-71.5713919979999,-35.8342634291041],[-71.5713612929999,-35.8342340241041],[-71.5709043549999,-35.8344231701041],[-71.5707679919999,-35.8359054471041],[-71.5712617489999,-35.8359467221041]]]}},{"type":"Feature","properties":{"id":"7401071003041","commune":"Linares","code":"07401","gse":"ABC1","quintil":"Q5","nse_score":865.8,"educ":15.2,"educ_score":813.3,"hacin":0.939,"hacin_class":"Sin Hacinamiento","hacin_score":864.1,"auto_score":312.5,"n_per":46,"n_hog":16,"source_year":2024},"geometry":{"type":"Polygon","coordinates":[[[-71.5784235719999,-35.8352077241041],[-71.5787996299999,-35.8350228691041],[-71.5783469679999,-35.8343778891041],[-71.5779536439999,-35.8345684251041],[-71.5784235719999,-35.8352077241041]]]}},{"type":"Feature","properties":{"id":"7401071003043","commune":"Linares","code":"07401","gse":"ABC1","quintil":"Q5","nse_score":855.0,"educ":14.7,"educ_score":780.0,"hacin":1.037,"hacin_class":"Hacinamiento Leve","hacin_score":843.2,"auto_score":550.0,"n_per":28,"n_hog":10,"source_year":2024},"geometry":{"type":"Polygon","coordinates":[[[-71.5704011049999,-35.8350919401041],[-71.570760634,-35.835095865104],[-71.5708039069999,-35.8344658631041],[-71.5704057319999,-35.8346136461041],[-71.5704011049999,-35.8350919401041]]]}},{"type":"Feature","properties":{"id":"7401071003044","commune":"Linares","code":"07401","gse":"ABC1","quintil":"Q5","nse_score":852.4,"educ":15.6,"educ_score":840.0,"hacin":1.262,"hacin_class":"Hacinamiento Leve","hacin_score":795.3,"auto_score":166.7,"n_per":53,"n_hog":18,"source_year":2024},"geometry":{"type":"Polygon","coordinates":[[[-71.5779543749999,-35.8354155161041],[-71.5783338139999,-35.8352299311041],[-71.5778767929999,-35.8345868351041],[-71.5774905489999,-35.8347742381041],[-71.5779543749999,-35.8354155161041]]]}},{"type":"Feature","properties":{"id":"7401071003046","commune":"Linares","code":"07401","gse":"ABC1","quintil":"Q5","nse_score":857.0,"educ":15.6,"educ_score":840.0,"hacin":1.381,"hacin_class":"Hacinamiento Leve","hacin_score":770.0,"auto_score":600.0,"n_per":58,"n_hog":20,"source_year":2024},"geometry":{"type":"Polygon","coordinates":[[[-71.5706936559999,-35.8355182881041],[-71.5707544469999,-35.835171836104],[-71.5703269199999,-35.8351052701041],[-71.5703278039999,-35.8346531721041],[-71.5696350109999,-35.8348817391041],[-71.5695987139999,-35.8354561901041],[-71.5706936559999,-35.8355182881041]]]}},{"type":"Feature","properties":{"id":"7401071003047","commune":"Linares","code":"07401","gse":"C2","quintil":"Q4","nse_score":733.0,"educ":11.4,"educ_score":560.0,"hacin":0.943,"hacin_class":"Sin Hacinamiento","hacin_score":863.2,"auto_score":125.0,"n_per":33,"n_hog":16,"source_year":2024},"geometry":{"type":"Polygon","coordinates":[[[-71.5835173209999,-35.8353277201041],[-71.5844777419999,-35.8350141251041],[-71.5844925799999,-35.8349597261041],[-71.5842962119999,-35.8347070731041],[-71.5833944089999,-35.8350148991041],[-71.5835173209999,-35.8353277201041]]]}},{"type":"Feature","properties":{"id":"7401071003048","commune":"Linares","code":"07401","gse":"C3","quintil":"Q3","nse_score":684.8,"educ":10.7,"educ_score":513.3,"hacin":1.108,"hacin_class":"Hacinamiento Leve","hacin_score":828.2,"auto_score":258.6,"n_per":72,"n_hog":30,"source_year":2024},"geometry":{"type":"Polygon","coordinates":[[[-71.5892264389999,-35.8374168611041],[-71.5913577839999,-35.8353255531041],[-71.5909370699999,-35.8347803131041],[-71.5882925859999,-35.8356395151041],[-71.5892264389999,-35.8374168611041]]]}},{"type":"Feature","properties":{"id":"7401071003050","commune":"Linares","code":"07401","gse":"ABC1","quintil":"Q5","nse_score":877.2,"educ":15.4,"educ_score":826.7,"hacin":1.026,"hacin_class":"Hacinamiento Leve","hacin_score":845.6,"auto_score":214.3,"n_per":40,"n_hog":14,"source_year":2024},"geometry":{"type":"Polygon","coordinates":[[[-71.5774881319999,-35.8356219981041],[-71.5778644579999,-35.8354371191041],[-71.5774132359999,-35.8347928361041],[-71.5770231999999,-35.8349821461041],[-71.5774881319999,-35.8356219981041]]]}},{"type":"Feature","properties":{"id":"7401071003052","commune":"Linares","code":"07401","gse":"C2","quintil":"Q4","nse_score":777.9,"educ":12.6,"educ_score":640.0,"hacin":1.132,"hacin_class":"Hacinamiento Leve","hacin_score":823.0,"auto_score":300.0,"n_per":60,"n_hog":20,"source_year":2024},"geometry":{"type":"Polygon","coordinates":[[[-71.5749156289999,-35.8357402591041],[-71.5752348839999,-35.8355732401041],[-71.5747137259999,-35.8348599771041],[-71.574392799,-35.8350247521041],[-71.5749156289999,-35.8357402591041]]]}},{"type":"Feature","properties":{"id":"7401071003053","commune":"Linares","code":"07401","gse":"C1","quintil":"Q5","nse_score":805.1,"educ":14.1,"educ_score":740.0,"hacin":1.239,"hacin_class":"Hacinamiento Leve","hacin_score":800.3,"auto_score":297.6,"n_per":109,"n_hog":39,"source_year":2024},"geometry":{"type":"Polygon","coordinates":[[[-71.5682361489999,-35.8352832111041],[-71.5685836299999,-35.8361755441041],[-71.5694312209999,-35.8362303311041],[-71.5694555599999,-35.8359226371041],[-71.5688768129999,-35.8358720851041],[-71.5687164419999,-35.8354782251041],[-71.5694956569999,-35.8354467401041],[-71.5695400209999,-35.8349170571041],[-71.5682361489999,-35.8352832111041]]]}},{"type":"Feature","properties":{"id":"7401071003055","commune":"Linares","code":"07401","gse":"D","quintil":"Q1","nse_score":628.1,"educ":10.3,"educ_score":486.7,"hacin":1.5,"hacin_class":"Hacinamiento Medio","hacin_score":744.7,"auto_score":150.0,"n_per":36,"n_hog":11,"source_year":2024},"geometry":{"type":"Polygon","coordinates":[[[-71.5852784329999,-35.8356471141041],[-71.585600386,-35.8356834531041],[-71.5853630029999,-35.8358033781041],[-71.5855679849999,-35.8361885191041],[-71.5860895679999,-35.8359981641041],[-71.5857657359999,-35.8356008211041],[-71.5858179439999,-35.8355081511041],[-71.5855255779999,-35.8349960781041],[-71.5850316359999,-35.8351580851041],[-71.5852784329999,-35.8356471141041]]]}},{"type":"Feature","properties":{"id":"7401071003056","commune":"Linares","code":"07401","gse":"ABC1","quintil":"Q5","nse_score":877.6,"educ":15.5,"educ_score":833.3,"hacin":1.031,"hacin_class":"Hacinamiento Leve","hacin_score":844.4,"auto_score":272.7,"n_per":33,"n_hog":11,"source_year":2024},"geometry":{"type":"Polygon","coordinates":[[[-71.5770328519999,-35.835823621104],[-71.5773982089999,-35.8356435581041],[-71.5769456859999,-35.8350005791041],[-71.5766113919999,-35.8352539351041],[-71.5770328519999,-35.835823621104]]]}},{"type":"Feature","properties":{"id":"7401071003057","commune":"Linares","code":"07401","gse":"C2","quintil":"Q4","nse_score":774.6,"educ":14.5,"educ_score":766.7,"hacin":1.297,"hacin_class":"Hacinamiento Leve","hacin_score":787.8,"auto_score":315.8,"n_per":48,"n_hog":15,"source_year":2024},"geometry":{"type":"Polygon","coordinates":[[[-71.5745224919999,-35.8359188571041],[-71.5748257939999,-35.8357610651041],[-71.5743479729999,-35.8350548181041],[-71.573995066,-35.8351832921041],[-71.5745224919999,-35.8359188571041]]]}},{"type":"Feature","properties":{"id":"7401071003058","commune":"Linares","code":"07401","gse":"C2","quintil":"Q4","nse_score":746.0,"educ":11.5,"educ_score":566.7,"hacin":1.279,"hacin_class":"Hacinamiento Leve","hacin_score":791.7,"auto_score":136.4,"n_per":55,"n_hog":22,"source_year":2024},"geometry":{"type":"Polygon","coordinates":[[[-71.5846827649999,-35.8353522181041],[-71.5845098739999,-35.8350449801041],[-71.5835478039999,-35.8354036771041],[-71.5837336399999,-35.8356835981041],[-71.5846827649999,-35.8353522181041]]]}},{"type":"Feature","properties":{"id":"7401071003059","commune":"Linares","code":"07401","gse":"C2","quintil":"Q4","nse_score":739.4,"educ":12.0,"educ_score":600.0,"hacin":0.935,"hacin_class":"Sin Hacinamiento","hacin_score":864.8,"auto_score":133.3,"n_per":29,"n_hog":14,"source_year":2024},"geometry":{"type":"Polygon","coordinates":[[[-71.5829947559999,-35.8351812271041],[-71.5833026509999,-35.835801029104],[-71.5836398599999,-35.8357036421041],[-71.5833253559999,-35.8350614511041],[-71.5829947559999,-35.8351812271041]]]}},{"type":"Feature","properties":{"id":"7401071003062","commune":"Linares","code":"07401","gse":"C2","quintil":"Q4","nse_score":731.4,"educ":12.5,"educ_score":633.3,"hacin":1.306,"hacin_class":"Hacinamiento Leve","hacin_score":785.9,"auto_score":230.8,"n_per":64,"n_hog":24,"source_year":2024},"geometry":{"type":"Polygon","coordinates":[[[-71.5821182359999,-35.8358505381041],[-71.5830837229999,-35.8355353391041],[-71.5829432379999,-35.8352138821041],[-71.5819953819999,-35.835563248104],[-71.5821182359999,-35.8358505381041]]]}},{"type":"Feature","properties":{"id":"7401071003063","commune":"Linares","code":"07401","gse":"C2","quintil":"Q4","nse_score":743.3,"educ":13.1,"educ_score":673.3,"hacin":1.178,"hacin_class":"Hacinamiento Leve","hacin_score":813.2,"auto_score":225.0,"n_per":53,"n_hog":17,"source_year":2024},"geometry":{"type":"Polygon","coordinates":[[[-71.5741114989999,-35.8361056411041],[-71.5744296859999,-35.8359314941041],[-71.5739318989999,-35.8352300361041],[-71.5735894949999,-35.8353625541041],[-71.5741114989999,-35.8361056411041]]]}},{"type":"Feature","properties":{"id":"7401071003065","commune":"Linares","code":"07401","gse":"D","quintil":"Q1","nse_score":603.2,"educ":9.5,"educ_score":433.3,"hacin":1.277,"hacin_class":"Hacinamiento Leve","hacin_score":792.2,"auto_score":161.1,"n_per":226,"n_hog":83,"source_year":2024},"geometry":{"type":"Polygon","coordinates":[[[-71.5890411599999,-35.8375026471041],[-71.5886654669999,-35.838150688104],[-71.5885870529999,-35.8373772371041],[-71.5884832719999,-35.8373344071041],[-71.5890146389999,-35.8372508471041],[-71.588879329,-35.837014912104],[-71.5884403739999,-35.8370469071041],[-71.5888302279999,-35.836930345104],[-71.5886998509999,-35.836707823104],[-71.58839201,-35.8367189651041],[-71.5886710919999,-35.8366318301041],[-71.5883723199999,-35.8363047791041],[-71.5883653919999,-35.8362193021041],[-71.588514185,-35.8363062341041],[-71.5881705549999,-35.8356736911041],[-71.5855115699999,-35.8365782111041],[-71.5878763769999,-35.841480071104],[-71.5884638669999,-35.841402955104],[-71.588450743,-35.839845305104],[-71.5886739399999,-35.8389752201041],[-71.5892215599999,-35.837859289104],[-71.5900713589999,-35.8367819061041],[-71.5914789289999,-35.8353988081041],[-71.5913681839999,-35.8353794081041],[-71.5904220469999,-35.8362695991041],[-71.5893035329999,-35.837465444104],[-71.5890411599999,-35.8375026471041]]]}},{"type":"Feature","properties":{"id":"7401071003066","commune":"Linares","code":"07401","gse":"ABC1","quintil":"Q5","nse_score":824.6,"educ":14.1,"educ_score":740.0,"hacin":1.262,"hacin_class":"Hacinamiento Leve","hacin_score":795.3,"auto_score":425.0,"n_per":53,"n_hog":20,"source_year":2024},"geometry":{"type":"Polygon","coordinates":[[[-71.5737222899999,-35.8362825491041],[-71.5740212919999,-35.8361246741041],[-71.5735334469999,-35.8354174521041],[-71.5731979059999,-35.8355362351041],[-71.5737222899999,-35.8362825491041]]]}},{"type":"Feature","properties":{"id":"7401071003067","commune":"Linares","code":"07401","gse":"C3","quintil":"Q3","nse_score":700.1,"educ":10.9,"educ_score":526.7,"hacin":1.212,"hacin_class":"Hacinamiento Leve","hacin_score":806.1,"auto_score":166.7,"n_per":63,"n_hog":20,"source_year":2024},"geometry":{"type":"Polygon","coordinates":[[[-71.5847042219999,-35.8354058361041],[-71.58374054,-35.8357149961041],[-71.5838757519999,-35.8360230461041],[-71.5848513349999,-35.8357181341041],[-71.5847042219999,-35.8354058361041]]]}},{"type":"Feature","properties":{"id":"7401071003068","commune":"Linares","code":"07401","gse":"C1","quintil":"Q5","nse_score":807.6,"educ":13.1,"educ_score":673.3,"hacin":0.954,"hacin_class":"Sin Hacinamiento","hacin_score":861.0,"auto_score":333.3,"n_per":41,"n_hog":15,"source_year":2024},"geometry":{"type":"Polygon","coordinates":[[[-71.5794669229999,-35.8361455881041],[-71.5802855539999,-35.8358266511041],[-71.5801288059999,-35.8354812051041],[-71.57929809,-35.8357823001041],[-71.5794669229999,-35.8361455881041]]]}},{"type":"Feature","properties":{"id":"7401071003071","commune":"Linares","code":"07401","gse":"ABC1","quintil":"Q5","nse_score":840.8,"educ":15.1,"educ_score":806.7,"hacin":1.214,"hacin_class":"Hacinamiento Leve","hacin_score":805.5,"auto_score":500.0,"n_per":85,"n_hog":33,"source_year":2024},"geometry":{"type":"Polygon","coordinates":[[[-71.5706187339999,-35.8366828501041],[-71.5706315899999,-35.8363606531041],[-71.5699153339999,-35.836311300104],[-71.569978767,-35.8355526661041],[-71.5695845239999,-35.8355322351041],[-71.5694888279999,-35.8366437701041],[-71.5706187339999,-35.8366828501041]]]}},{"type":"Feature","properties":{"id":"7401071003073","commune":"Linares","code":"07401","gse":"ABC1","quintil":"Q5","nse_score":828.3,"educ":14.3,"educ_score":753.3,"hacin":1.108,"hacin_class":"Hacinamiento Leve","hacin_score":828.1,"auto_score":321.4,"n_per":41,"n_hog":14,"source_year":2024},"geometry":{"type":"Polygon","coordinates":[[[-71.5706493419999,-35.8362997241041],[-71.5707154009999,-35.8356000661041],[-71.5703428189999,-35.8355658681041],[-71.5702670399999,-35.8362775101041],[-71.5706493419999,-35.8362997241041]]]}},{"type":"Feature","properties":{"id":"7401071003074","commune":"Linares","code":"07401","gse":"C2","quintil":"Q3","nse_score":713.6,"educ":11.9,"educ_score":593.3,"hacin":1.367,"hacin_class":"Hacinamiento Leve","hacin_score":772.9,"auto_score":148.1,"n_per":67,"n_hog":26,"source_year":2024},"geometry":{"type":"Polygon","coordinates":[[[-71.5822951219999,-35.8361646061041],[-71.5832472229999,-35.8358517941041],[-71.5831549009999,-35.8355969011041],[-71.582159369,-35.8358842011041],[-71.5822951219999,-35.8361646061041]]]}},{"type":"Feature","properties":{"id":"7401071003075","commune":"Linares","code":"07401","gse":"C1","quintil":"Q5","nse_score":792.0,"educ":13.9,"educ_score":726.7,"hacin":1.397,"hacin_class":"Hacinamiento Leve","hacin_score":766.5,"auto_score":428.6,"n_per":102,"n_hog":34,"source_year":2024},"geometry":{"type":"Polygon","coordinates":[[[-71.5724658629999,-35.835862655104],[-71.5729589729999,-35.836621602104],[-71.5736324139999,-35.836311596104],[-71.5733932009999,-35.8359664551041],[-71.5730260459999,-35.836116331104],[-71.5733542109999,-35.8359085341041],[-71.5731199529999,-35.8355780051041],[-71.5724658629999,-35.835862655104]]]}},{"type":"Feature","properties":{"id":"7401071003076","commune":"Linares","code":"07401","gse":"C1","quintil":"Q5","nse_score":811.1,"educ":14.0,"educ_score":733.3,"hacin":0.935,"hacin_class":"Sin Hacinamiento","hacin_score":864.8,"auto_score":416.7,"n_per":29,"n_hog":11,"source_year":2024},"geometry":{"type":"Polygon","coordinates":[[[-71.5719389019999,-35.8359923911041],[-71.5721899689999,-35.8358096541041],[-71.5720913459999,-35.8356510891041],[-71.5713722829999,-35.8356428101041],[-71.5713609419999,-35.8359585111041],[-71.5719389019999,-35.8359923911041]]]}},{"type":"Feature","properties":{"id":"7401071003078","commune":"Linares","code":"07401","gse":"C2","quintil":"Q3","nse_score":712.9,"educ":11.5,"educ_score":566.7,"hacin":1.188,"hacin_class":"Hacinamiento Leve","hacin_score":811.2,"auto_score":142.9,"n_per":19,"n_hog":7,"source_year":2024},"geometry":{"type":"Polygon","coordinates":[[[-71.5833378799999,-35.8358633641041],[-71.5835048909999,-35.8361707301041],[-71.5838219599999,-35.8360602561041],[-71.5836762319999,-35.8357479261041],[-71.5833378799999,-35.8358633641041]]]}},{"type":"Feature","properties":{"id":"7401071003079","commune":"Linares","code":"07401","gse":"ABC1","quintil":"Q5","nse_score":852.8,"educ":15.4,"educ_score":826.7,"hacin":1.129,"hacin_class":"Hacinamiento Leve","hacin_score":823.6,"auto_score":333.3,"n_per":35,"n_hog":12,"source_year":2024},"geometry":{"type":"Polygon","coordinates":[[[-71.5787657549999,-35.8363930401041],[-71.579332168,-35.8361646601041],[-71.5792037069999,-35.8358229011041],[-71.5785415269999,-35.8360610451041],[-71.5787657549999,-35.8363930401041]]]}},{"type":"Feature","properties":{"id":"7401071003081","commune":"Linares","code":"07401","gse":"C2","quintil":"Q4","nse_score":752.8,"educ":12.3,"educ_score":620.0,"hacin":1.069,"hacin_class":"Hacinamiento Leve","hacin_score":836.4,"auto_score":115.4,"n_per":62,"n_hog":23,"source_year":2024},"geometry":{"type":"Polygon","coordinates":[[[-71.5824630389999,-35.8365160031041],[-71.5834143129999,-35.8362042251041],[-71.5832910549999,-35.8358914111041],[-71.5823192099999,-35.8362052431041],[-71.5824630389999,-35.8365160031041]]]}},{"type":"Feature","properties":{"id":"7401071003082","commune":"Linares","code":"07401","gse":"D","quintil":"Q1","nse_score":625.0,"educ":10.2,"educ_score":480.0,"hacin":1.552,"hacin_class":"Hacinamiento Medio","hacin_score":733.7,"auto_score":177.4,"n_per":90,"n_hog":29,"source_year":2024},"geometry":{"type":"Polygon","coordinates":[[[-71.5808404359999,-35.8366582411041],[-71.5821698299999,-35.836217468104],[-71.5821993869999,-35.8361582461041],[-71.5820188309999,-35.8358917291041],[-71.5807009629999,-35.8363301591041],[-71.5808404359999,-35.8366582411041]]]}},{"type":"Feature","properties":{"id":"7401071003084","commune":"Linares","code":"07401","gse":"C1","quintil":"Q5","nse_score":791.9,"educ":13.5,"educ_score":700.0,"hacin":1.22,"hacin_class":"Hacinamiento Leve","hacin_score":804.4,"auto_score":411.8,"n_per":50,"n_hog":16,"source_year":2024},"geometry":{"type":"Polygon","coordinates":[[[-71.5712031839999,-35.8367284881041],[-71.5712588949999,-35.8360156931041],[-71.5707745789999,-35.8359816081041],[-71.5706998459999,-35.836699788104],[-71.5712031839999,-35.8367284881041]]]}},{"type":"Feature","properties":{"id":"7401071003085","commune":"Linares","code":"07401","gse":"C1","quintil":"Q5","nse_score":795.4,"educ":12.8,"educ_score":653.3,"hacin":1.333,"hacin_class":"Hacinamiento Leve","hacin_score":780.1,"auto_score":176.5,"n_per":48,"n_hog":17,"source_year":2024},"geometry":{"type":"Polygon","coordinates":[[[-71.5717767519999,-35.836766654104],[-71.5719025619999,-35.836050142104],[-71.5713555299999,-35.8360120671041],[-71.5712931219999,-35.836729259104],[-71.5717767519999,-35.836766654104]]]}},{"type":"Feature","properties":{"id":"7401071003087","commune":"Linares","code":"07401","gse":"C2","quintil":"Q4","nse_score":769.0,"educ":13.3,"educ_score":686.7,"hacin":1.467,"hacin_class":"Hacinamiento Leve","hacin_score":751.8,"auto_score":406.2,"n_per":44,"n_hog":15,"source_year":2024},"geometry":{"type":"Polygon","coordinates":[[[-71.5745205079999,-35.8369034901041],[-71.5740806539999,-35.836212249104],[-71.5737486169999,-35.8363436841041],[-71.5740945619999,-35.8368816441041],[-71.5745205079999,-35.8369034901041]]]}},{"type":"Feature","properties":{"id":"7401071003088","commune":"Linares","code":"07401","gse":"C3","quintil":"Q3","nse_score":675.9,"educ":10.5,"educ_score":500.0,"hacin":1.241,"hacin_class":"Hacinamiento Leve","hacin_score":799.8,"auto_score":200.0,"n_per":67,"n_hog":24,"source_year":2024},"geometry":{"type":"Polygon","coordinates":[[[-71.5810276619999,-35.837015788104],[-71.5823649689999,-35.836560284104],[-71.5822554329999,-35.8362652001041],[-71.5808727369999,-35.836677986104],[-71.5810276619999,-35.837015788104]]]}},{"type":"Feature","properties":{"id":"7401071003089","commune":"Linares","code":"07401","gse":"ABC1","quintil":"Q5","nse_score":819.9,"educ":13.5,"educ_score":700.0,"hacin":0.615,"hacin_class":"Sin Hacinamiento","hacin_score":932.9,"auto_score":400.0,"n_per":8,"n_hog":5,"source_year":2024},"geometry":{"type":"Polygon","coordinates":[[[-71.5725179719999,-35.8368032761041],[-71.5728855469999,-35.8366527971041],[-71.5727048399999,-35.8363644031041],[-71.5719931449999,-35.836671074104],[-71.5720091199999,-35.8367776641041],[-71.5725179719999,-35.8368032761041]]]}},{"type":"Feature","properties":{"id":"7401071003090","commune":"Linares","code":"07401","gse":"ABC1","quintil":"Q5","nse_score":839.4,"educ":14.9,"educ_score":793.3,"hacin":1.379,"hacin_class":"Hacinamiento Leve","hacin_score":770.4,"auto_score":545.5,"n_per":40,"n_hog":11,"source_year":2024},"geometry":{"type":"Polygon","coordinates":[[[-71.5740017019999,-35.8368412611041],[-71.5736844699999,-35.8363852061041],[-71.5733352329999,-35.8365353801041],[-71.5735379729999,-35.836856648104],[-71.5740017019999,-35.8368412611041]]]}},{"type":"Feature","properties":{"id":"7401071003091","commune":"Linares","code":"07401","gse":"C3","quintil":"Q3","nse_score":676.4,"educ":10.2,"educ_score":480.0,"hacin":1.25,"hacin_class":"Hacinamiento Leve","hacin_score":797.9,"auto_score":100.0,"n_per":50,"n_hog":18,"source_year":2024},"geometry":{"type":"Polygon","coordinates":[[[-71.5805658639999,-35.8371666751041],[-71.5809094609999,-35.8370317311041],[-71.5805710859999,-35.836402112104],[-71.5802297429999,-35.8365307521041],[-71.5805658639999,-35.8371666751041]]]}},{"type":"Feature","properties":{"id":"7401071003092","commune":"Linares","code":"07401","gse":"C3","quintil":"Q3","nse_score":700.9,"educ":11.1,"educ_score":540.0,"hacin":1.254,"hacin_class":"Hacinamiento Leve","hacin_score":796.9,"auto_score":166.7,"n_per":69,"n_hog":24,"source_year":2024},"geometry":{"type":"Polygon","coordinates":[[[-71.5801370519999,-35.8373124501041],[-71.5804741239999,-35.837180178104],[-71.5801512929999,-35.836541240104],[-71.5797796139999,-35.8366777531041],[-71.5801370519999,-35.8373124501041]]]}},{"type":"Feature","properties":{"id":"7401071003094","commune":"Linares","code":"07401","gse":"D","quintil":"Q2","nse_score":642.1,"educ":9.9,"educ_score":460.0,"hacin":1.18,"hacin_class":"Hacinamiento Leve","hacin_score":812.7,"auto_score":100.0,"n_per":72,"n_hog":33,"source_year":2024},"geometry":{"type":"Polygon","coordinates":[[[-71.5792053709999,-35.8376291661041],[-71.5795745199999,-35.8374842111041],[-71.5791804279999,-35.836736500104],[-71.5787988309999,-35.836888420104],[-71.5792053709999,-35.8376291661041]]]}},{"type":"Feature","properties":{"id":"7401071003095","commune":"Linares","code":"07401","gse":"C3","quintil":"Q3","nse_score":695.6,"educ":10.6,"educ_score":506.7,"hacin":1.123,"hacin_class":"Hacinamiento Leve","hacin_score":824.9,"auto_score":136.4,"n_per":73,"n_hog":31,"source_year":2024},"geometry":{"type":"Polygon","coordinates":[[[-71.5787378209999,-35.837788102104],[-71.5791133899999,-35.837640924104],[-71.5787188469999,-35.8369020401041],[-71.5783538619999,-35.8370923011041],[-71.5787378209999,-35.837788102104]]]}},{"type":"Feature","properties":{"id":"7401071003097","commune":"Linares","code":"07401","gse":"D","quintil":"Q1","nse_score":606.8,"educ":9.2,"educ_score":413.3,"hacin":2.0,"hacin_class":"Hacinamiento Medio","hacin_score":638.3,"auto_score":250.0,"n_per":22,"n_hog":5,"source_year":2024},"geometry":{"type":"Polygon","coordinates":[[[-71.5887220839999,-35.837955682104],[-71.5889713389999,-35.837621325104],[-71.5889331319999,-35.837329217104],[-71.5886349549999,-35.837371698104],[-71.5887220839999,-35.837955682104]]]}},{"type":"Feature","properties":{"id":"7401071003003","commune":"Linares","code":"07401","gse":"ABC1","quintil":"Q5","nse_score":863.1,"educ":16.2,"educ_score":880.0,"hacin":0.909,"hacin_class":"Sin Hacinamiento","hacin_score":870.4,"auto_score":416.7,"n_per":10,"n_hog":5,"source_year":2024},"geometry":{"type":"MultiPolygon","coordinates":[[[[-71.5855921359999,-35.8284753881042],[-71.5856930959999,-35.8291815891041],[-71.5860972839999,-35.8290506291041],[-71.5859863449999,-35.8282694671041],[-71.5855921359999,-35.8284753881042]]],[[[-71.5860497159999,-35.8282451401041],[-71.5861611709999,-35.8290299301042],[-71.5865784269999,-35.8288947361041],[-71.5864460649999,-35.8280882401042],[-71.5860497159999,-35.8282451401041]]]]}},{"type":"Feature","properties":{"id":"7401071003005","commune":"Linares","code":"07401","gse":"ABC1","quintil":"Q5","nse_score":884.0,"educ":16.6,"educ_score":906.7,"hacin":1.533,"hacin_class":"Hacinamiento Medio","hacin_score":737.6,"auto_score":714.3,"n_per":23,"n_hog":7,"source_year":2024},"geometry":{"type":"MultiPolygon","coordinates":[[[[-71.5846633259999,-35.8289797631041],[-71.5847274879999,-35.8294744221041],[-71.5851764789999,-35.8293497291041],[-71.5850417879999,-35.8286801761041],[-71.5846633259999,-35.8289797631041]]],[[[-71.5851028139999,-35.8286491471042],[-71.5852395339999,-35.8293287751042],[-71.5856292209999,-35.8292022851042],[-71.5855219769999,-35.8284521101042],[-71.5851028139999,-35.8286491471042]]]]}},{"type":"Feature","properties":{"id":"7401071003010","commune":"Linares","code":"07401","gse":"C1","quintil":"Q5","nse_score":790.4,"educ":13.3,"educ_score":686.7,"hacin":0.968,"hacin_class":"Sin Hacinamiento","hacin_score":857.9,"auto_score":166.7,"n_per":30,"n_hog":12,"source_year":2024},"geometry":{"type":"MultiPolygon","coordinates":[[[[-71.5842635749999,-35.8330469041041],[-71.5848789259999,-35.8328062491041],[-71.5845612189999,-35.8322677831041],[-71.5839612769999,-35.8324970101041],[-71.5842635749999,-35.8330469041041]]],[[[-71.5822314079999,-35.8314177371041],[-71.5826095539999,-35.8322918991041],[-71.5840545869999,-35.8340723281041],[-71.5841074079999,-35.8339945791041],[-71.5830809119999,-35.8325159471041],[-71.5837483479999,-35.8332902541041],[-71.5841997059999,-35.8330867581041],[-71.5837277869999,-35.8322406491041],[-71.58393602,-35.8324434741041],[-71.5846043859999,-35.8322443211041],[-71.5854700069999,-35.8318245991041],[-71.5855377139999,-35.8316834351041],[-71.5857872869999,-35.8333725601041],[-71.5841313059999,-35.8342193971041],[-71.5847796719999,-35.8351833861041],[-71.5860889069999,-35.8347360851041],[-71.5860370049999,-35.8343946981041],[-71.5868994229999,-35.8360099431041],[-71.5908576149999,-35.8346558411041],[-71.5897321709999,-35.8325529821041],[-71.5871410339999,-35.8301820251041],[-71.5822314079999,-35.8314177371041]]]]}},{"type":"Feature","properties":{"id":"7401071004001","commune":"Linares","code":"07401","gse":"D","quintil":"Q2","nse_score":644.9,"educ":9.9,"educ_score":460.0,"hacin":1.174,"hacin_class":"Hacinamiento Leve","hacin_score":814.1,"auto_score":41.7,"n_per":27,"n_hog":12,"source_year":2024},"geometry":{"type":"Polygon","coordinates":[[[-71.5666094739999,-35.839120836104],[-71.5702316549999,-35.8375055701041],[-71.5720504999999,-35.8371106061041],[-71.5720987139999,-35.8369969071041],[-71.5649170069999,-35.8366232181041],[-71.5662087689999,-35.838677701104],[-71.5666094739999,-35.839120836104]]]}},{"type":"Feature","properties":{"id":"7401071004002","commune":"Linares","code":"07401","gse":"D","quintil":"Q2","nse_score":637.2,"educ":9.7,"educ_score":446.7,"hacin":1.373,"hacin_class":"Hacinamiento Leve","hacin_score":771.6,"auto_score":141.9,"n_per":217,"n_hog":76,"source_year":2024},"geometry":{"type":"Polygon","coordinates":[[[-71.5723737359999,-35.837026866104],[-71.5705064479999,-35.837445609104],[-71.5693537839999,-35.8380110731041],[-71.5716489139999,-35.840688476104],[-71.5720087539999,-35.840797943104],[-71.5729929259999,-35.840348729104],[-71.5733102089999,-35.840350945104],[-71.5745705019999,-35.841824684104],[-71.5771720129999,-35.841160451104],[-71.5760599229999,-35.839343280104],[-71.5754857089999,-35.8394272191041],[-71.5760044969999,-35.8392830071041],[-71.5756142839999,-35.8387043771041],[-71.5750476269999,-35.8390083141041],[-71.5748459999999,-35.8387001391041],[-71.5750633959999,-35.837870761104],[-71.5756946919999,-35.837411065104],[-71.576789818,-35.837733948104],[-71.5749653819999,-35.8371727531041],[-71.5723737359999,-35.837026866104]]]}},{"type":"Feature","properties":{"id":"7401071004003","commune":"Linares","code":"07401","gse":"D","quintil":"Q1","nse_score":611.9,"educ":9.1,"educ_score":406.7,"hacin":1.487,"hacin_class":"Hacinamiento Leve","hacin_score":747.4,"auto_score":100.0,"n_per":58,"n_hog":21,"source_year":2024},"geometry":{"type":"Polygon","coordinates":[[[-71.5757425859999,-35.8374493861041],[-71.5750899409999,-35.837910752104],[-71.5749574379999,-35.838403042104],[-71.576202254,-35.837639031104],[-71.5757425859999,-35.8374493861041]]]}},{"type":"Feature","properties":{"id":"7401071004004","commune":"Linares","code":"07401","gse":"D","quintil":"Q1","nse_score":605.1,"educ":8.0,"educ_score":333.3,"hacin":1.312,"hacin_class":"Hacinamiento Leve","hacin_score":784.6,"auto_score":197.0,"n_per":105,"n_hog":33,"source_year":2024},"geometry":{"type":"Polygon","coordinates":[[[-71.5750801549999,-35.8389272791041],[-71.5766785209999,-35.837851173104],[-71.5766850559999,-35.8378179531041],[-71.5762673409999,-35.8376506861041],[-71.5749397899999,-35.838530269104],[-71.5750801549999,-35.8389272791041]]]}},{"type":"Feature","properties":{"id":"7401071004005","commune":"Linares","code":"07401","gse":"D","quintil":"Q2","nse_score":648.6,"educ":9.6,"educ_score":440.0,"hacin":1.341,"hacin_class":"Hacinamiento Leve","hacin_score":778.5,"auto_score":158.5,"n_per":114,"n_hog":43,"source_year":2024},"geometry":{"type":"Polygon","coordinates":[[[-71.5756728579999,-35.8386824091041],[-71.5760389129999,-35.8392140281041],[-71.5763015929999,-35.8391825791041],[-71.5761143679999,-35.8393262331041],[-71.5767972649999,-35.840323779104],[-71.5793694919999,-35.839734240104],[-71.5784234469999,-35.8387315471041],[-71.5768992909999,-35.8377863161041],[-71.5756728579999,-35.8386824091041]]]}},{"type":"Feature","properties":{"id":"7401071004006","commune":"Linares","code":"07401","gse":"C3","quintil":"Q3","nse_score":683.8,"educ":11.2,"educ_score":546.7,"hacin":1.173,"hacin_class":"Hacinamiento Leve","hacin_score":814.2,"auto_score":187.5,"n_per":61,"n_hog":24,"source_year":2024},"geometry":{"type":"Polygon","coordinates":[[[-71.5692483479999,-35.8380989551041],[-71.5665516919999,-35.8391683251041],[-71.5664994399999,-35.8393935441041],[-71.5666424269999,-35.839591004104],[-71.5674678149999,-35.8391724351041],[-71.5697566709999,-35.841841730104],[-71.5706224659999,-35.841139439104],[-71.5713235619999,-35.842029180104],[-71.5711347369999,-35.842140654104],[-71.5717313819999,-35.842867042104],[-71.57279123,-35.842128909104],[-71.5736191579999,-35.843054368104],[-71.5747312089999,-35.842371014104],[-71.5733980319999,-35.840488769104],[-71.5730177419999,-35.8403887581041],[-71.5720177589999,-35.840851830104],[-71.5716833719999,-35.840791391104],[-71.5692483479999,-35.8380989551041]]]}},{"type":"Feature","properties":{"id":"7401071004007","commune":"Linares","code":"07401","gse":"D","quintil":"Q1","nse_score":613.6,"educ":10.1,"educ_score":473.3,"hacin":1.165,"hacin_class":"Hacinamiento Leve","hacin_score":816.0,"auto_score":141.0,"n_per":106,"n_hog":39,"source_year":2024},"geometry":{"type":"Polygon","coordinates":[[[-71.5775298919999,-35.841467385104],[-71.5800048949999,-35.840902038104],[-71.5800510219999,-35.840840362104],[-71.5794225879999,-35.839814219104],[-71.5768733129999,-35.840364185104],[-71.5775298919999,-35.841467385104]]]}},{"type":"Feature","properties":{"id":"7401071004008","commune":"Linares","code":"07401","gse":"C3","quintil":"Q2","nse_score":659.1,"educ":9.9,"educ_score":460.0,"hacin":1.177,"hacin_class":"Hacinamiento Leve","hacin_score":813.5,"auto_score":241.4,"n_per":80,"n_hog":31,"source_year":2024},"geometry":{"type":"Polygon","coordinates":[[[-71.5782794649999,-35.842542754104],[-71.5805596479999,-35.842060634104],[-71.5806490259999,-35.841942848104],[-71.5800566799999,-35.840944637104],[-71.5775766929999,-35.841511195104],[-71.5782794649999,-35.842542754104]]]}},{"type":"Feature","properties":{"id":"7401071004009","commune":"Linares","code":"07401","gse":"C2","quintil":"Q3","nse_score":714.2,"educ":11.2,"educ_score":546.7,"hacin":1.255,"hacin_class":"Hacinamiento Leve","hacin_score":796.8,"auto_score":241.9,"n_per":192,"n_hog":64,"source_year":2024},"geometry":{"type":"Polygon","coordinates":[[[-71.5779007529999,-35.842609470104],[-71.5777372819999,-35.841976715104],[-71.577166486,-35.841246196104],[-71.5762929019999,-35.841475485104],[-71.5765245489999,-35.8418052741041],[-71.5756259159999,-35.842342815104],[-71.5749889889999,-35.842469140104],[-71.5753356979999,-35.842780269104],[-71.5765533619999,-35.842514489104],[-71.5765890319999,-35.842290608104],[-71.5768516229999,-35.842882764104],[-71.5772892549999,-35.842765246104],[-71.5771084879999,-35.842028615104],[-71.5773705289999,-35.842753899104],[-71.5779007529999,-35.842609470104]]]}},{"type":"Feature","properties":{"id":"7401071004010","commune":"Linares","code":"07401","gse":"C3","quintil":"Q2","nse_score":670.3,"educ":9.7,"educ_score":446.7,"hacin":1.345,"hacin_class":"Hacinamiento Leve","hacin_score":777.7,"auto_score":166.7,"n_per":39,"n_hog":12,"source_year":2024},"geometry":{"type":"Polygon","coordinates":[[[-71.5757365169999,-35.842211526104],[-71.57630445,-35.841877998104],[-71.5761792669999,-35.841515243104],[-71.5755292959999,-35.841684117104],[-71.5757365169999,-35.842211526104]]]}},{"type":"Feature","properties":{"id":"7401071004011","commune":"Linares","code":"07401","gse":"D","quintil":"Q2","nse_score":642.1,"educ":9.1,"educ_score":406.7,"hacin":1.21,"hacin_class":"Hacinamiento Leve","hacin_score":806.3,"auto_score":187.5,"n_per":23,"n_hog":8,"source_year":2024},"geometry":{"type":"Polygon","coordinates":[[[-71.5752569399999,-35.842353845104],[-71.5756859479999,-35.842245522104],[-71.575458238,-35.841699895104],[-71.5750568579999,-35.841818727104],[-71.5752569399999,-35.842353845104]]]}},{"type":"Feature","properties":{"id":"7401071004013","commune":"Linares","code":"07401","gse":"C3","quintil":"Q3","nse_score":695.2,"educ":10.3,"educ_score":486.7,"hacin":1.188,"hacin_class":"Hacinamiento Leve","hacin_score":811.2,"auto_score":285.7,"n_per":19,"n_hog":7,"source_year":2024},"geometry":{"type":"Polygon","coordinates":[[[-71.5748484119999,-35.842359055104],[-71.575172946,-35.842345652104],[-71.5749804459999,-35.841828188104],[-71.57455841,-35.841937573104],[-71.5748484119999,-35.842359055104]]]}},{"type":"Feature","properties":{"id":"7401071004016","commune":"Linares","code":"07401","gse":"C2","quintil":"Q4","nse_score":739.8,"educ":11.4,"educ_score":560.0,"hacin":1.096,"hacin_class":"Hacinamiento Leve","hacin_score":830.6,"auto_score":33.3,"n_per":91,"n_hog":30,"source_year":2024},"geometry":{"type":"Polygon","coordinates":[[[-71.5788499379999,-35.842980451104],[-71.5800090549999,-35.842721927104],[-71.5799225789999,-35.842327200104],[-71.5787035979999,-35.842540279104],[-71.5788499379999,-35.842980451104]]]}},{"type":"Feature","properties":{"id":"7401071004017","commune":"Linares","code":"07401","gse":"C2","quintil":"Q4","nse_score":726.2,"educ":11.8,"educ_score":586.7,"hacin":1.388,"hacin_class":"Hacinamiento Leve","hacin_score":768.5,"auto_score":152.4,"n_per":254,"n_hog":81,"source_year":2024},"geometry":{"type":"Polygon","coordinates":[[[-71.5743790059999,-35.842698823104],[-71.5744575379999,-35.842872612104],[-71.5750389399999,-35.842783534104],[-71.5744758419999,-35.842903766104],[-71.5746091039999,-35.843216375104],[-71.575362519,-35.843119100104],[-71.5746534089999,-35.843292038104],[-71.5747716119999,-35.843600280104],[-71.5756138679999,-35.843424669104],[-71.5748132589999,-35.843666044104],[-71.5749642459999,-35.843968301104],[-71.5757781229999,-35.843786184104],[-71.5749952929999,-35.844017230104],[-71.5751324619999,-35.844327309104],[-71.5763131669999,-35.844049612104],[-71.5748817329999,-35.842457919104],[-71.5743790059999,-35.842698823104]]]}},{"type":"Feature","properties":{"id":"7401071004018","commune":"Linares","code":"07401","gse":"C2","quintil":"Q4","nse_score":765.5,"educ":11.8,"educ_score":586.7,"hacin":1.07,"hacin_class":"Hacinamiento Leve","hacin_score":836.1,"auto_score":325.0,"n_per":61,"n_hog":21,"source_year":2024},"geometry":{"type":"Polygon","coordinates":[[[-71.575701938,-35.843132516104],[-71.5766951549999,-35.842915390104],[-71.5766102219999,-35.842560553104],[-71.575399537,-35.842798335104],[-71.575701938,-35.843132516104]]]}},{"type":"Feature","properties":{"id":"7401071004019","commune":"Linares","code":"07401","gse":"C3","quintil":"Q3","nse_score":695.5,"educ":10.8,"educ_score":520.0,"hacin":1.136,"hacin_class":"Hacinamiento Leve","hacin_score":822.1,"auto_score":113.6,"n_per":50,"n_hog":20,"source_year":2024},"geometry":{"type":"Polygon","coordinates":[[[-71.5775884639999,-35.843262718104],[-71.5787457099999,-35.843010447104],[-71.5786155529999,-35.842580604104],[-71.5774355499999,-35.842804228104],[-71.5775884639999,-35.843262718104]]]}},{"type":"Feature","properties":{"id":"7401071004020","commune":"Linares","code":"07401","gse":"C2","quintil":"Q4","nse_score":748.3,"educ":11.7,"educ_score":580.0,"hacin":1.22,"hacin_class":"Hacinamiento Leve","hacin_score":804.4,"auto_score":125.0,"n_per":50,"n_hog":20,"source_year":2024},"geometry":{"type":"Polygon","coordinates":[[[-71.5790080629999,-35.843462244104],[-71.580159852,-35.843209342104],[-71.5800861849999,-35.842818829104],[-71.578899223,-35.843026966104],[-71.5790080629999,-35.843462244104]]]}},{"type":"Feature","properties":{"id":"7401071004022","commune":"Linares","code":"07401","gse":"C2","quintil":"Q4","nse_score":751.0,"educ":12.5,"educ_score":633.3,"hacin":1.316,"hacin_class":"Hacinamiento Leve","hacin_score":783.9,"auto_score":187.5,"n_per":75,"n_hog":23,"source_year":2024},"geometry":{"type":"Polygon","coordinates":[[[-71.5761064239999,-35.843593094104],[-71.5774466999999,-35.843294122104],[-71.5773532389999,-35.842866556104],[-71.575743858,-35.843181765104],[-71.5761064239999,-35.843593094104]]]}},{"type":"Feature","properties":{"id":"7401071004023","commune":"Linares","code":"07401","gse":"C2","quintil":"Q4","nse_score":762.0,"educ":12.3,"educ_score":620.0,"hacin":1.02,"hacin_class":"Hacinamiento Leve","hacin_score":846.8,"auto_score":150.0,"n_per":51,"n_hog":20,"source_year":2024},"geometry":{"type":"Polygon","coordinates":[[[-71.5777486769999,-35.843739730104],[-71.5788886799999,-35.843494094104],[-71.5787970239999,-35.843099478104],[-71.5775924839999,-35.843319606104],[-71.5777486769999,-35.843739730104]]]}},{"type":"Feature","properties":{"id":"7401071004025","commune":"Linares","code":"07401","gse":"C1","quintil":"Q5","nse_score":788.7,"educ":12.9,"educ_score":660.0,"hacin":1.088,"hacin_class":"Hacinamiento Leve","hacin_score":832.4,"auto_score":350.0,"n_per":62,"n_hog":22,"source_year":2024},"geometry":{"type":"Polygon","coordinates":[[[-71.5764728439999,-35.844023809104],[-71.5776156329999,-35.843762288104],[-71.577522315,-35.843379216104],[-71.5761466139999,-35.843632097104],[-71.5764728439999,-35.844023809104]]]}},{"type":"Feature","properties":{"id":"7401081002001","commune":"Linares","code":"07401","gse":"D","quintil":"Q2","nse_score":636.3,"educ":11.0,"educ_score":533.3,"hacin":1.05,"hacin_class":"Hacinamiento Leve","hacin_score":840.4,"auto_score":270.8,"n_per":63,"n_hog":21,"source_year":2024},"geometry":{"type":"Polygon","coordinates":[[[-71.5276723039999,-35.8284140251041],[-71.5251049929999,-35.8300133781041],[-71.5233587839999,-35.8278608221042],[-71.5216437809999,-35.8286307511041],[-71.5229989489999,-35.8303371291041],[-71.5251458289999,-35.8306127221041],[-71.526679096,-35.8299098411042],[-71.5292748239999,-35.8290376011041],[-71.5279253489999,-35.8271738451042],[-71.5270710889999,-35.8277398511041],[-71.5276723039999,-35.8284140251041]]]}},{"type":"Feature","properties":{"id":"7401081002002","commune":"Linares","code":"07401","gse":"D","quintil":"Q1","nse_score":613.1,"educ":10.8,"educ_score":520.0,"hacin":1.288,"hacin_class":"Hacinamiento Leve","hacin_score":789.7,"auto_score":340.9,"n_per":67,"n_hog":22,"source_year":2024},"geometry":{"type":"Polygon","coordinates":[[[-71.5076631869999,-35.8276923781042],[-71.5090495159999,-35.8296854601042],[-71.5096403849999,-35.8297620541042],[-71.5091552209999,-35.8289433211041],[-71.509695012,-35.8297678921041],[-71.510730254,-35.8298992871041],[-71.5105064889999,-35.8295236061042],[-71.5107827979999,-35.8299058731041],[-71.5112609189999,-35.8299658041041],[-71.5110534819999,-35.8295858181041],[-71.5113173889999,-35.8299728821041],[-71.5118881719999,-35.8300418711041],[-71.5125000119999,-35.8299028221041],[-71.5120702099999,-35.8292640011042],[-71.5114084979999,-35.8295243651041],[-71.5109906539999,-35.8289035091041],[-71.5106669399999,-35.8290390561041],[-71.5098393819999,-35.8278687131041],[-71.5086657879999,-35.8283558841042],[-71.5081037769999,-35.8274928711042],[-71.5076631869999,-35.8276923781042]]]}},{"type":"Feature","properties":{"id":"7401081002004","commune":"Linares","code":"07401","gse":"C2","quintil":"Q4","nse_score":755.0,"educ":14.1,"educ_score":740.0,"hacin":1.333,"hacin_class":"Hacinamiento Leve","hacin_score":780.1,"auto_score":125.0,"n_per":12,"n_hog":4,"source_year":2024},"geometry":{"type":"Polygon","coordinates":[[[-71.5138009619999,-35.8287413371042],[-71.513687951,-35.8284713981041],[-71.5132536719999,-35.8285607011042],[-71.5131670509999,-35.8283006851041],[-71.5117566949999,-35.8287056431041],[-71.5119417439999,-35.8289617341042],[-71.5138009619999,-35.8287413371042]]]}},{"type":"Feature","properties":{"id":"7401081002005","commune":"Linares","code":"07401","gse":"E","quintil":"Q1","nse_score":537.2,"educ":6.8,"educ_score":253.3,"hacin":0.857,"hacin_class":"Sin Hacinamiento","hacin_score":881.5,"auto_score":0.0,"n_per":12,"n_hog":7,"source_year":2024},"geometry":{"type":"Polygon","coordinates":[[[-71.5203027599999,-35.8285419341041],[-71.5190476849999,-35.8291850511042],[-71.5194874699999,-35.8300000341042],[-71.5229279949999,-35.8303304621041],[-71.5216056979999,-35.8286491591042],[-71.5207447409999,-35.8290961891041],[-71.5203027599999,-35.8285419341041]]]}},{"type":"Feature","properties":{"id":"7401081002006","commune":"Linares","code":"07401","gse":"D","quintil":"Q1","nse_score":617.4,"educ":9.7,"educ_score":446.7,"hacin":1.238,"hacin_class":"Hacinamiento Leve","hacin_score":800.5,"auto_score":239.1,"n_per":198,"n_hog":70,"source_year":2024},"geometry":{"type":"Polygon","coordinates":[[[-71.5150208779999,-35.8286724381042],[-71.5119599259999,-35.8289868951042],[-71.5125929259999,-35.8298945011041],[-71.5194203539999,-35.8299823131042],[-71.5193164529999,-35.8296184881041],[-71.5185963439999,-35.8286313911041],[-71.5168291259999,-35.8292172911042],[-71.5150286189999,-35.8291555351041],[-71.5150208779999,-35.8286724381042]]]}},{"type":"Feature","properties":{"id":"7401081002007","commune":"Linares","code":"07401","gse":"E","quintil":"Q1","nse_score":575.7,"educ":10.5,"educ_score":500.0,"hacin":1.308,"hacin_class":"Hacinamiento Leve","hacin_score":785.6,"auto_score":350.0,"n_per":34,"n_hog":9,"source_year":2024},"geometry":{"type":"Polygon","coordinates":[[[-71.531952267,-35.8326287361041],[-71.5293090999999,-35.8290842861042],[-71.5266913329999,-35.8299664831042],[-71.5282873319999,-35.8321452431041],[-71.531952267,-35.8326287361041]]]}},{"type":"Feature","properties":{"id":"7401081002010","commune":"Linares","code":"07401","gse":"E","quintil":"Q1","nse_score":531.3,"educ":9.4,"educ_score":426.7,"hacin":1.7,"hacin_class":"Hacinamiento Medio","hacin_score":702.1,"auto_score":125.0,"n_per":17,"n_hog":4,"source_year":2024},"geometry":{"type":"Polygon","coordinates":[[[-71.5121579119999,-35.8300540841041],[-71.5140917969999,-35.8303629671041],[-71.514089124,-35.8299066381042],[-71.5121579119999,-35.8300540841041]]]}},{"type":"Feature","properties":{"id":"7401081002012","commune":"Linares","code":"07401","gse":"D","quintil":"Q1","nse_score":617.7,"educ":10.8,"educ_score":520.0,"hacin":1.267,"hacin_class":"Hacinamiento Leve","hacin_score":794.2,"auto_score":314.3,"n_per":109,"n_hog":34,"source_year":2024},"geometry":{"type":"Polygon","coordinates":[[[-71.5266309079999,-35.8313596321041],[-71.5258167199999,-35.8304141811041],[-71.5251460809999,-35.8306671061042],[-71.5230402129999,-35.8303954271041],[-71.5234251129999,-35.8315417291041],[-71.5251154009999,-35.8317473881041],[-71.5250498159999,-35.8311565971041],[-71.5251824929999,-35.8317555551041],[-71.5282346829999,-35.8321386311041],[-71.5266529669999,-35.8299844651041],[-71.5258540749999,-35.8303948441041],[-71.5266309079999,-35.8313596321041]]]}},{"type":"Feature","properties":{"id":"7401081002014","commune":"Linares","code":"07401","gse":"E","quintil":"Q1","nse_score":588.8,"educ":9.7,"educ_score":446.7,"hacin":1.187,"hacin_class":"Hacinamiento Leve","hacin_score":811.4,"auto_score":182.5,"n_per":159,"n_hog":57,"source_year":2024},"geometry":{"type":"Polygon","coordinates":[[[-71.5119830939999,-35.8359272321041],[-71.5131151249999,-35.8353824431041],[-71.5112818539999,-35.8327363061041],[-71.5134379329999,-35.8317526251041],[-71.5124195339999,-35.8302309761041],[-71.5118894809999,-35.8301238831042],[-71.5086092869999,-35.8311714281041],[-71.5105199499999,-35.8339044401041],[-71.5108221309999,-35.8337863271041],[-71.5105424269999,-35.8339354981041],[-71.5119830939999,-35.8359272321041]]]}},{"type":"Feature","properties":{"id":"7401081002016","commune":"Linares","code":"07401","gse":"C2","quintil":"Q4","nse_score":726.7,"educ":13.2,"educ_score":680.0,"hacin":1.167,"hacin_class":"Hacinamiento Leve","hacin_score":815.6,"auto_score":150.0,"n_per":21,"n_hog":10,"source_year":2024},"geometry":{"type":"Polygon","coordinates":[[[-71.5068512509999,-35.8313278871041],[-71.5095890029999,-35.8359086231041],[-71.5113778739999,-35.8351874581041],[-71.5085250179999,-35.8312305761041],[-71.5068512509999,-35.8313278871041]]]}},{"type":"Feature","properties":{"id":"7401081002017","commune":"Linares","code":"07401","gse":"E","quintil":"Q1","nse_score":562.0,"educ":9.9,"educ_score":460.0,"hacin":1.167,"hacin_class":"Hacinamiento Leve","hacin_score":815.6,"auto_score":200.0,"n_per":35,"n_hog":11,"source_year":2024},"geometry":{"type":"Polygon","coordinates":[[[-71.5225441879999,-35.8340084991041],[-71.5227370189999,-35.8340351721041],[-71.5236164479999,-35.8335225251041],[-71.5253047759999,-35.8328225391041],[-71.5253722839999,-35.8318611941041],[-71.5224374179999,-35.8315000831041],[-71.5224316039999,-35.8316806791041],[-71.5222320499999,-35.8318908721041],[-71.5222457009999,-35.8325732061041],[-71.5219743339999,-35.8327261381041],[-71.5218332949999,-35.8326745451041],[-71.5222039449999,-35.8325600791041],[-71.5221880759999,-35.8318841201041],[-71.5223929569999,-35.8314941961041],[-71.5206910069999,-35.8312660771041],[-71.5225441879999,-35.8340084991041]]]}},{"type":"Feature","properties":{"id":"7401081002018","commune":"Linares","code":"07401","gse":"E","quintil":"Q1","nse_score":572.9,"educ":10.8,"educ_score":520.0,"hacin":1.297,"hacin_class":"Hacinamiento Leve","hacin_score":787.9,"auto_score":303.6,"n_per":83,"n_hog":26,"source_year":2024},"geometry":{"type":"Polygon","coordinates":[[[-71.5254162269999,-35.8318667131041],[-71.5253539909999,-35.8327863531041],[-71.5256000369999,-35.8329943391041],[-71.5253492779999,-35.8328272631041],[-71.5247273439999,-35.8330539571041],[-71.5252892739999,-35.8338584221041],[-71.5259919649999,-35.8337710111041],[-71.5281311829999,-35.8365867631041],[-71.5294912979999,-35.8357854011041],[-71.5266462679999,-35.8320212031041],[-71.5259998179999,-35.8319400131041],[-71.5265145799999,-35.8327359451041],[-71.5259492119999,-35.8319336571041],[-71.5254162269999,-35.8318667131041]]]}},{"type":"Feature","properties":{"id":"7401081002019","commune":"Linares","code":"07401","gse":"D","quintil":"Q2","nse_score":631.4,"educ":11.3,"educ_score":553.3,"hacin":1.261,"hacin_class":"Hacinamiento Leve","hacin_score":795.6,"auto_score":381.0,"n_per":58,"n_hog":20,"source_year":2024},"geometry":{"type":"Polygon","coordinates":[[[-71.5266902379999,-35.8320267251041],[-71.5311813249999,-35.838017294104],[-71.5319227889999,-35.8376325251041],[-71.5307419359999,-35.8360390561041],[-71.5309898259999,-35.8358209801041],[-71.5283792519999,-35.8322435531041],[-71.5266902379999,-35.8320267251041]]]}},{"type":"Feature","properties":{"id":"7401081002020","commune":"Linares","code":"07401","gse":"D","quintil":"Q1","nse_score":625.6,"educ":10.0,"educ_score":466.7,"hacin":1.227,"hacin_class":"Hacinamiento Leve","hacin_score":802.7,"auto_score":314.8,"n_per":162,"n_hog":54,"source_year":2024},"geometry":{"type":"Polygon","coordinates":[[[-71.5284270629999,-35.8322448421041],[-71.5310521379999,-35.8358371021041],[-71.5307858739999,-35.8360284181041],[-71.5319227889999,-35.8376325251041],[-71.5338535399999,-35.8366286991041],[-71.5345924649999,-35.8375193691041],[-71.535317603,-35.837169982104],[-71.5338888279999,-35.8352464351041],[-71.5330367089999,-35.835701989104],[-71.5332038309999,-35.8360008071041],[-71.5329864489999,-35.8356922111041],[-71.5338693799999,-35.8352201831041],[-71.5337583599999,-35.8350703211041],[-71.5325279749999,-35.8356047411041],[-71.5337388999999,-35.8350440531041],[-71.5333895629999,-35.8345724911041],[-71.5321970299999,-35.8351652221041],[-71.5333701199999,-35.8345462451041],[-71.5320305919999,-35.8327214531041],[-71.5305940729999,-35.8325283861041],[-71.5318377509999,-35.8343652331041],[-71.5305372809999,-35.8325207531041],[-71.5299346369999,-35.8324397511041],[-71.5316852659999,-35.8347634441041],[-71.5315963119999,-35.8349570071041],[-71.531645894,-35.8347802061041],[-71.5298898909999,-35.8324337371041],[-71.5284270629999,-35.8322448421041]]]}},{"type":"Feature","properties":{"id":"7401081002021","commune":"Linares","code":"07401","gse":"E","quintil":"Q1","nse_score":566.1,"educ":9.8,"educ_score":453.3,"hacin":1.583,"hacin_class":"Hacinamiento Medio","hacin_score":727.0,"auto_score":277.8,"n_per":19,"n_hog":8,"source_year":2024},"geometry":{"type":"Polygon","coordinates":[[[-71.5321058639999,-35.8327315691041],[-71.5333438229999,-35.8344235281041],[-71.5340642059999,-35.8340880821041],[-71.5360780649999,-35.8343779851041],[-71.5359285709999,-35.8339776061041],[-71.5362946949999,-35.8338847061041],[-71.5360254899999,-35.8332219001041],[-71.5336637769999,-35.8329386381041],[-71.5339996519999,-35.8337533291041],[-71.5336134339999,-35.8329319511041],[-71.5321058639999,-35.8327315691041]]]}},{"type":"Feature","properties":{"id":"7401081002022","commune":"Linares","code":"07401","gse":"D","quintil":"Q2","nse_score":635.6,"educ":10.6,"educ_score":506.7,"hacin":1.217,"hacin_class":"Hacinamiento Leve","hacin_score":804.8,"auto_score":170.2,"n_per":112,"n_hog":42,"source_year":2024},"geometry":{"type":"Polygon","coordinates":[[[-71.5228002599999,-35.8342029591041],[-71.524185412,-35.8360687311041],[-71.5252945629999,-35.8349157111041],[-71.5260913049999,-35.8359925331041],[-71.5271512569999,-35.8354076921041],[-71.5268040589999,-35.8349537261041],[-71.52590921,-35.8354266361041],[-71.5267780329999,-35.834919955104],[-71.5264597659999,-35.8345070031041],[-71.5255931569999,-35.8349564401041],[-71.5264304159999,-35.8344690021041],[-71.5262549759999,-35.8342418521041],[-71.5254671469999,-35.8346400031041],[-71.5250472149999,-35.8340130431041],[-71.5252248749999,-35.8338391231041],[-71.5246854749999,-35.8330669131041],[-71.5228049069999,-35.8339868111041],[-71.5228002599999,-35.8342029591041]]]}},{"type":"Feature","properties":{"id":"7401081002024","commune":"Linares","code":"07401","gse":"C2","quintil":"Q4","nse_score":741.1,"educ":14.1,"educ_score":740.0,"hacin":0.533,"hacin_class":"Sin Hacinamiento","hacin_score":950.4,"auto_score":100.0,"n_per":8,"n_hog":4,"source_year":2024},"geometry":{"type":"Polygon","coordinates":[[[-71.5224661899999,-35.8340855401041],[-71.5215883049999,-35.8346506321041],[-71.5228301989999,-35.836327957104],[-71.5235632529999,-35.8359576621041],[-71.5238368459999,-35.8356688881041],[-71.5227320309999,-35.8340655671041],[-71.5224661899999,-35.8340855401041]]]}},{"type":"Feature","properties":{"id":"7401081002026","commune":"Linares","code":"07401","gse":"C3","quintil":"Q2","nse_score":672.1,"educ":12.0,"educ_score":600.0,"hacin":1.364,"hacin_class":"Hacinamiento Leve","hacin_score":773.7,"auto_score":200.0,"n_per":30,"n_hog":10,"source_year":2024},"geometry":{"type":"Polygon","coordinates":[[[-71.5364953719999,-35.8344886231041],[-71.5350648339999,-35.8352141821041],[-71.5345565579999,-35.8345205561041],[-71.5337309189999,-35.8349286161041],[-71.5351810409999,-35.836882314104],[-71.5371004269999,-35.8359329871041],[-71.5352039899999,-35.8369131341041],[-71.5360447059999,-35.8380244211041],[-71.5368858579999,-35.8376773841041],[-71.5364309919999,-35.8367414821041],[-71.5375171809999,-35.8361663941041],[-71.5371290009999,-35.8354269611041],[-71.5369217659999,-35.8353974771041],[-71.5364953719999,-35.8344886231041]]]}},{"type":"Feature","properties":{"id":"7401081002027","commune":"Linares","code":"07401","gse":"E","quintil":"Q1","nse_score":498.0,"educ":8.6,"educ_score":373.3,"hacin":1.3,"hacin_class":"Hacinamiento Leve","hacin_score":787.2,"auto_score":250.0,"n_per":13,"n_hog":4,"source_year":2024},"geometry":{"type":"Polygon","coordinates":[[[-71.5228377489999,-35.8373356771041],[-71.5238501919999,-35.8361180691041],[-71.5241411889999,-35.836078727104],[-71.5239014549999,-35.835754853104],[-71.5224316199999,-35.8365954581041],[-71.5228366399999,-35.8371404321041],[-71.5228377489999,-35.8373356771041]]]}},{"type":"Feature","properties":{"id":"7401081002028","commune":"Linares","code":"07401","gse":"D","quintil":"Q2","nse_score":633.1,"educ":10.3,"educ_score":486.7,"hacin":1.323,"hacin_class":"Hacinamiento Leve","hacin_score":782.3,"auto_score":314.8,"n_per":86,"n_hog":27,"source_year":2024},"geometry":{"type":"Polygon","coordinates":[[[-71.5222617879999,-35.836563848104],[-71.5184613259999,-35.838663103104],[-71.5187692719999,-35.839088066104],[-71.5207867569999,-35.8379910241041],[-71.5209128679999,-35.837680769104],[-71.5225013869999,-35.8367937541041],[-71.5223444959999,-35.8365826481041],[-71.5228301989999,-35.836327957104],[-71.5222617879999,-35.836563848104]]]}},{"type":"Feature","properties":{"id":"7401081002029","commune":"Linares","code":"07401","gse":"E","quintil":"Q1","nse_score":573.4,"educ":9.9,"educ_score":460.0,"hacin":1.552,"hacin_class":"Hacinamiento Medio","hacin_score":733.7,"auto_score":269.2,"n_per":45,"n_hog":13,"source_year":2024},"geometry":{"type":"Polygon","coordinates":[[[-71.5190459919999,-35.839606169104],[-71.516968877,-35.8366672121041],[-71.5162191179999,-35.8370150041041],[-71.5182864469999,-35.839966993104],[-71.5190459919999,-35.839606169104]]]}},{"type":"Feature","properties":{"id":"7401081002030","commune":"Linares","code":"07401","gse":"D","quintil":"Q1","nse_score":618.3,"educ":9.9,"educ_score":460.0,"hacin":1.267,"hacin_class":"Hacinamiento Leve","hacin_score":794.3,"auto_score":280.0,"n_per":76,"n_hog":23,"source_year":2024},"geometry":{"type":"Polygon","coordinates":[[[-71.5226163839999,-35.837490271104],[-71.52279526,-35.8372121161041],[-71.5225358549999,-35.8368401321041],[-71.5212983279999,-35.8375364041041],[-71.5216703299999,-35.838019720104],[-71.5226163839999,-35.837490271104]]]}},{"type":"Feature","properties":{"id":"7401081002031","commune":"Linares","code":"07401","gse":"D","quintil":"Q2","nse_score":633.1,"educ":10.1,"educ_score":473.3,"hacin":1.349,"hacin_class":"Hacinamiento Leve","hacin_score":776.9,"auto_score":285.7,"n_per":178,"n_hog":55,"source_year":2024},"geometry":{"type":"Polygon","coordinates":[[[-71.5209134599999,-35.838505964104],[-71.5206105019999,-35.8381456221041],[-71.5201024939999,-35.8384217551041],[-71.5203311899999,-35.838743675104],[-71.5200656769999,-35.8384417671041],[-71.5195857099999,-35.838702658104],[-71.5198535999999,-35.839073924104],[-71.5195488919999,-35.838722671104],[-71.5190789939999,-35.8389780891041],[-71.5193359279999,-35.839335565104],[-71.5190421749999,-35.838998102104],[-71.5188041959999,-35.8391342361041],[-71.5194941029999,-35.8401535931041],[-71.5215063189999,-35.839083763104],[-71.5206718259999,-35.8395455071041],[-71.5213040509999,-35.840288473104],[-71.5206351709999,-35.839565789104],[-71.5195140659999,-35.840186122104],[-71.5203830299999,-35.841590464104],[-71.5209263489999,-35.841168998104],[-71.5215557209999,-35.840325873104],[-71.5220014649999,-35.839233812104],[-71.5218948229999,-35.838825865104],[-71.5220210009999,-35.8385701301041],[-71.5212431549999,-35.8375665241041],[-71.520960698,-35.8377197931041],[-71.5209168329999,-35.837952838104],[-71.5206476559999,-35.838126033104],[-71.5209134599999,-35.838505964104]]]}},{"type":"Feature","properties":{"id":"7401081002033","commune":"Linares","code":"07401","gse":"C3","quintil":"Q3","nse_score":678.6,"educ":12.6,"educ_score":640.0,"hacin":1.2,"hacin_class":"Hacinamiento Leve","hacin_score":808.5,"auto_score":200.0,"n_per":12,"n_hog":4,"source_year":2024},"geometry":{"type":"Polygon","coordinates":[[[-71.522053045,-35.8385169571041],[-71.5224046569999,-35.8379905951041],[-71.5222334119999,-35.837781958104],[-71.5217055979999,-35.838065541104],[-71.522053045,-35.8385169571041]]]}},{"type":"Feature","properties":{"id":"7401081002011","commune":"Linares","code":"07401","gse":"C3","quintil":"Q3","nse_score":692.4,"educ":11.6,"educ_score":573.3,"hacin":1.053,"hacin_class":"Hacinamiento Leve","hacin_score":839.9,"auto_score":111.1,"n_per":20,"n_hog":9,"source_year":2024},"geometry":{"type":"MultiPolygon","coordinates":[[[[-71.5142848559999,-35.8328729731041],[-71.5162859359999,-35.8319900611041],[-71.5153072129999,-35.8305659761041],[-71.5124660809999,-35.8302172491041],[-71.5142848559999,-35.8328729731041]]],[[[-71.5191047619999,-35.8309686531041],[-71.5215540129999,-35.8313009431041],[-71.5215947749999,-35.8310839261041],[-71.5216002159999,-35.8313070621041],[-71.5233651189999,-35.8315347401041],[-71.522983242,-35.8303900741041],[-71.5195419519999,-35.8300628981041],[-71.5194030529999,-35.8306224341041],[-71.5191047619999,-35.8309686531041]]],[[[-71.5190267639999,-35.8309553341041],[-71.5193625589999,-35.8306076011041],[-71.5195028129999,-35.8300612101041],[-71.5147398939999,-35.8299184361042],[-71.5151024339999,-35.8304643151041],[-71.5190267639999,-35.8309553341041]]]]}},{"type":"Feature","properties":{"id":"7401081002003","commune":"Linares","code":"07401","gse":"C3","quintil":"Q3","nse_score":681.3,"educ":13.3,"educ_score":686.7,"hacin":1.021,"hacin_class":"Hacinamiento Leve","hacin_score":846.6,"auto_score":500.0,"n_per":49,"n_hog":19,"source_year":2024},"geometry":{"type":"MultiPolygon","coordinates":[[[[-71.5061416169999,-35.8303363461042],[-71.5066786039999,-35.8312867171041],[-71.5084869949999,-35.8311421011041],[-71.5116980519999,-35.8301210881041],[-71.5072947219999,-35.8295304191041],[-71.5077276569999,-35.8302290041041],[-71.5061416169999,-35.8303363461042]]],[[[-71.5073257969999,-35.8294656491041],[-71.5090056149999,-35.8296838271041],[-71.5076401399999,-35.8277132831041],[-71.5069643659999,-35.8283414951042],[-71.5072753439999,-35.8287685991042],[-71.5073257969999,-35.8294656491041]]]]}},{"type":"Feature","properties":{"id":"7401081002023","commune":"Linares","code":"07401","gse":"D","quintil":"Q2","nse_score":641.6,"educ":10.5,"educ_score":500.0,"hacin":1.389,"hacin_class":"Hacinamiento Leve","hacin_score":768.3,"auto_score":388.9,"n_per":25,"n_hog":9,"source_year":2024},"geometry":{"type":"MultiPolygon","coordinates":[[[[-71.5255576729999,-35.8345404961041],[-71.5261975069999,-35.8342282271041],[-71.5261332009999,-35.8340609661041],[-71.5254116429999,-35.8343628691041],[-71.5255576729999,-35.8345404961041]]],[[[-71.5255315199999,-35.8339388741041],[-71.5253357729999,-35.8338812961041],[-71.5251553029999,-35.8339832821041],[-71.5253572769999,-35.8343060561041],[-71.52607237,-35.8339838831041],[-71.5258908889999,-35.8337970391041],[-71.5255315199999,-35.8339388741041]]]]}},{"type":"Feature","properties":{"id":"7401111001001","commune":"Linares","code":"07401","gse":"D","quintil":"Q1","nse_score":609.3,"educ":10.5,"educ_score":500.0,"hacin":1.247,"hacin_class":"Hacinamiento Leve","hacin_score":798.4,"auto_score":151.2,"n_per":116,"n_hog":45,"source_year":2024},"geometry":{"type":"Polygon","coordinates":[[[-71.6589628909999,-35.7953493381045],[-71.6562243569999,-35.7995940741044],[-71.6564099859999,-35.7997312301045],[-71.6565744959999,-35.8000836821044],[-71.6570498479999,-35.8005028451044],[-71.6572572069999,-35.8008647751044],[-71.6565370739999,-35.8001035941044],[-71.6562035709999,-35.7996258951045],[-71.6559689659999,-35.7999850431044],[-71.6560888499999,-35.8000959781044],[-71.6562142919999,-35.8005232071044],[-71.6559468709999,-35.8000193371044],[-71.6545541679999,-35.8021852501044],[-71.6568921059999,-35.8023093581044],[-71.6567301359999,-35.8019816491044],[-71.6569371149999,-35.8023151231044],[-71.6585154609999,-35.8023586361044],[-71.6594604789999,-35.7986921761044],[-71.6604257039999,-35.7958825591045],[-71.6589628909999,-35.7953493381045]]]}},{"type":"Feature","properties":{"id":"7401111001003","commune":"Linares","code":"07401","gse":"D","quintil":"Q1","nse_score":627.0,"educ":9.1,"educ_score":406.7,"hacin":1.485,"hacin_class":"Hacinamiento Leve","hacin_score":747.9,"auto_score":233.3,"n_per":49,"n_hog":16,"source_year":2024},"geometry":{"type":"Polygon","coordinates":[[[-71.6661955159999,-35.8003480101044],[-71.6669091269999,-35.8016886821045],[-71.6673657109999,-35.8014764451044],[-71.6666693199999,-35.8000575031045],[-71.6661955159999,-35.8003480101044]]]}},{"type":"Feature","properties":{"id":"7401111001004","commune":"Linares","code":"07401","gse":"D","quintil":"Q2","nse_score":636.8,"educ":10.3,"educ_score":486.7,"hacin":1.27,"hacin_class":"Hacinamiento Leve","hacin_score":793.7,"auto_score":200.0,"n_per":146,"n_hog":50,"source_year":2024},"geometry":{"type":"Polygon","coordinates":[[[-71.6661955159999,-35.8003480101044],[-71.6635784389999,-35.8018963171044],[-71.6645131249999,-35.8032307901044],[-71.6656292789999,-35.8025782721044],[-71.6655120039999,-35.8024570441044],[-71.6651250139999,-35.8026635691044],[-71.6645493659999,-35.8017663241044],[-71.6657535009999,-35.8010570951044],[-71.6652750619999,-35.8014381851044],[-71.6658244499999,-35.8022113651044],[-71.6656104449999,-35.8023815891044],[-71.6657011689999,-35.8025444471044],[-71.6668624019999,-35.8017657441045],[-71.6661955159999,-35.8003480101044]]]}},{"type":"Feature","properties":{"id":"7401111001005","commune":"Linares","code":"07401","gse":"C2","quintil":"Q4","nse_score":731.4,"educ":12.9,"educ_score":660.0,"hacin":1.333,"hacin_class":"Hacinamiento Leve","hacin_score":780.1,"auto_score":222.2,"n_per":28,"n_hog":9,"source_year":2024},"geometry":{"type":"Polygon","coordinates":[[[-71.6651780439999,-35.8025860811044],[-71.6657358699999,-35.8022626171044],[-71.6652063719999,-35.8014850191044],[-71.6646117739999,-35.8018249161044],[-71.6651780439999,-35.8025860811044]]]}},{"type":"Feature","properties":{"id":"7401111001006","commune":"Linares","code":"07401","gse":"D","quintil":"Q1","nse_score":611.9,"educ":8.1,"educ_score":340.0,"hacin":1.2,"hacin_class":"Hacinamiento Leve","hacin_score":808.5,"auto_score":0.0,"n_per":18,"n_hog":6,"source_year":2024},"geometry":{"type":"Polygon","coordinates":[[[-71.6687734489999,-35.8043430281044],[-71.66682943,-35.8018711441045],[-71.6640965599999,-35.8036108071044],[-71.6687734489999,-35.8043430281044]]]}},{"type":"Feature","properties":{"id":"7401111001007","commune":"Linares","code":"07401","gse":"D","quintil":"Q2","nse_score":634.8,"educ":10.2,"educ_score":480.0,"hacin":1.419,"hacin_class":"Hacinamiento Leve","hacin_score":761.8,"auto_score":375.0,"n_per":88,"n_hog":34,"source_year":2024},"geometry":{"type":"Polygon","coordinates":[[[-71.6644391279999,-35.8032295621044],[-71.6635784389999,-35.8018963171044],[-71.6621142739999,-35.8027704621044],[-71.6619571329999,-35.8030126831044],[-71.6640490029999,-35.8035164941044],[-71.6643919339999,-35.8033453641044],[-71.6644391279999,-35.8032295621044]]]}},{"type":"Feature","properties":{"id":"7401111001008","commune":"Linares","code":"07401","gse":"C3","quintil":"Q2","nse_score":662.8,"educ":11.5,"educ_score":566.7,"hacin":1.3,"hacin_class":"Hacinamiento Leve","hacin_score":787.2,"auto_score":200.0,"n_per":13,"n_hog":5,"source_year":2024},"geometry":{"type":"Polygon","coordinates":[[[-71.6543914409999,-35.8024079031045],[-71.6534956819999,-35.8037762121044],[-71.6560610419999,-35.8049235691044],[-71.6579177219999,-35.8050357691044],[-71.6584672399999,-35.8025801121044],[-71.6578956809999,-35.8026630731044],[-71.6584757499999,-35.8025366541044],[-71.6584612549999,-35.8024504331044],[-71.6545960699999,-35.8022722181044],[-71.6543914409999,-35.8024079031045]]]}},{"type":"Feature","properties":{"id":"7401111001009","commune":"Linares","code":"07401","gse":"D","quintil":"Q1","nse_score":628.3,"educ":9.1,"educ_score":406.7,"hacin":1.278,"hacin_class":"Hacinamiento Leve","hacin_score":792.0,"auto_score":140.0,"n_per":69,"n_hog":25,"source_year":2024},"geometry":{"type":"Polygon","coordinates":[[[-71.6582222359999,-35.8039136191044],[-71.6587142879999,-35.8040836001044],[-71.6581983899999,-35.8039793511044],[-71.6585928089999,-35.8045391101044],[-71.6589037959999,-35.8044755841044],[-71.6586342909999,-35.8046082261044],[-71.6581782549999,-35.8040711221044],[-71.6580237319999,-35.8048609021044],[-71.6593105119999,-35.8067409721044],[-71.6596862899999,-35.8064691931044],[-71.6592508069999,-35.8057010901044],[-71.6592323959999,-35.8054332431044],[-71.6597304989999,-35.8064450561044],[-71.6640081549999,-35.8035789631044],[-71.6599731619999,-35.8025345591044],[-71.6586245939999,-35.8024457211044],[-71.6582222359999,-35.8039136191044]]]}},{"type":"Feature","properties":{"id":"7401111001010","commune":"Linares","code":"07401","gse":"E","quintil":"Q1","nse_score":592.7,"educ":9.0,"educ_score":400.0,"hacin":1.189,"hacin_class":"Hacinamiento Leve","hacin_score":810.8,"auto_score":26.3,"n_per":44,"n_hog":18,"source_year":2024},"geometry":{"type":"Polygon","coordinates":[[[-71.6621102529999,-35.8082908731043],[-71.6627039769999,-35.8089973901044],[-71.6640766269999,-35.8079312781044],[-71.6627741679999,-35.8068011741044],[-71.6641907469999,-35.8060901201044],[-71.6632297219999,-35.8051447491044],[-71.6656490759999,-35.8039206731044],[-71.6640752569999,-35.8036241581044],[-71.6606617689999,-35.8058831021044],[-71.661440921,-35.8069859741044],[-71.6622783419999,-35.8077987831044],[-71.6621102529999,-35.8082908731043]]]}},{"type":"Feature","properties":{"id":"7401111001011","commune":"Linares","code":"07401","gse":"E","quintil":"Q1","nse_score":514.6,"educ":7.8,"educ_score":320.0,"hacin":1.182,"hacin_class":"Hacinamiento Leve","hacin_score":812.4,"auto_score":0.0,"n_per":13,"n_hog":6,"source_year":2024},"geometry":{"type":"Polygon","coordinates":[[[-71.6592842989999,-35.8067595421044],[-71.6580168609999,-35.8048979391044],[-71.6571480729999,-35.8082912071044],[-71.6582237289999,-35.8075108951044],[-71.6592842989999,-35.8067595421044]]]}},{"type":"Feature","properties":{"id":"7401111001012","commune":"Linares","code":"07401","gse":"D","quintil":"Q1","nse_score":606.0,"educ":9.3,"educ_score":420.0,"hacin":1.395,"hacin_class":"Hacinamiento Leve","hacin_score":767.1,"auto_score":118.4,"n_per":106,"n_hog":38,"source_year":2024},"geometry":{"type":"Polygon","coordinates":[[[-71.6638340469999,-35.8101911291043],[-71.6615002079999,-35.8079259421044],[-71.6624067649999,-35.8087259841043],[-71.6620615729999,-35.8082734951043],[-71.6622393779999,-35.8078162551043],[-71.6614044749999,-35.8070064161044],[-71.6606141939999,-35.8059566731044],[-71.6597439949999,-35.8065191871044],[-71.6604021539999,-35.8072434931044],[-71.6604504409999,-35.8075029611044],[-71.660394934,-35.8073822931044],[-71.6597934749999,-35.8077225301043],[-71.6603910809999,-35.8072935541044],[-71.6597050139999,-35.8065387001043],[-71.6575976479999,-35.8080478011043],[-71.6586963329999,-35.8090346771044],[-71.6591397059999,-35.8088731881044],[-71.6591426359999,-35.8085583261044],[-71.6591861219999,-35.8088667591044],[-71.6598512009999,-35.8088174051044],[-71.6604465849999,-35.8085707941043],[-71.661007062,-35.8089954351043],[-71.6620191079999,-35.8089794621044],[-71.6611509889999,-35.8090329731044],[-71.6618505229999,-35.8091664701043],[-71.6620724079999,-35.8092716601043],[-71.6609912949999,-35.8090345231043],[-71.6619102059999,-35.8098880981043],[-71.6621251649999,-35.8096683631044],[-71.6622775229999,-35.8096055801043],[-71.6619482489999,-35.8099096101043],[-71.6620442019999,-35.8099638691043],[-71.6630482259999,-35.8098258371044],[-71.6638340469999,-35.8101911291043]]]}},{"type":"Feature","properties":{"id":"7401111001013","commune":"Linares","code":"07401","gse":"D","quintil":"Q1","nse_score":626.7,"educ":9.0,"educ_score":400.0,"hacin":1.083,"hacin_class":"Hacinamiento Leve","hacin_score":833.3,"auto_score":83.3,"n_per":13,"n_hog":6,"source_year":2024},"geometry":{"type":"Polygon","coordinates":[[[-71.6554273739999,-35.8092157761043],[-71.6570326639999,-35.8083558391044],[-71.6574837269999,-35.8067155331044],[-71.6558942589999,-35.8074745821044],[-71.6554273739999,-35.8092157761043]]]}},{"type":"Feature","properties":{"id":"7401111001014","commune":"Linares","code":"07401","gse":"E","quintil":"Q1","nse_score":438.3,"educ":6.2,"educ_score":213.3,"hacin":1.429,"hacin_class":"Hacinamiento Leve","hacin_score":759.9,"auto_score":250.0,"n_per":10,"n_hog":4,"source_year":2024},"geometry":{"type":"Polygon","coordinates":[[[-71.6600767689999,-35.8108192351043],[-71.6603020089999,-35.8105963671044],[-71.6575860699999,-35.8081394411043],[-71.6571401259999,-35.8083698191044],[-71.6569050909999,-35.8090743061044],[-71.6575184369999,-35.8090369001044],[-71.6601222029999,-35.8114638861043],[-71.6603193729999,-35.8112143021043],[-71.6600767689999,-35.8108192351043]]]}},{"type":"Feature","properties":{"id":"7401111001015","commune":"Linares","code":"07401","gse":"E","quintil":"Q1","nse_score":544.0,"educ":9.0,"educ_score":400.0,"hacin":1.222,"hacin_class":"Hacinamiento Leve","hacin_score":803.8,"auto_score":142.9,"n_per":11,"n_hog":5,"source_year":2024},"geometry":{"type":"Polygon","coordinates":[[[-71.6569625959999,-35.8085411921043],[-71.6554034689999,-35.8093114041043],[-71.6545916349999,-35.8119752401043],[-71.6560837319999,-35.8119630911043],[-71.6563060809999,-35.8110874951043],[-71.6559497479999,-35.8110164801043],[-71.6563169189999,-35.8110427891043],[-71.6569625959999,-35.8085411921043]]]}},{"type":"Feature","properties":{"id":"7401111001016","commune":"Linares","code":"07401","gse":"E","quintil":"Q1","nse_score":548.8,"educ":8.8,"educ_score":386.7,"hacin":1.382,"hacin_class":"Hacinamiento Leve","hacin_score":769.9,"auto_score":157.9,"n_per":105,"n_hog":37,"source_year":2024},"geometry":{"type":"Polygon","coordinates":[[[-71.6603718379999,-35.8105959271043],[-71.6628912759999,-35.8129445731043],[-71.6630541609999,-35.8127430831043],[-71.6629895419999,-35.8125024881043],[-71.6635265009999,-35.8123037071043],[-71.6637900299999,-35.8119734161043],[-71.6637463389999,-35.8118436181043],[-71.6643341749999,-35.8117141261043],[-71.6646166879999,-35.8119579031043],[-71.6648073929999,-35.8118788841043],[-71.6649699009999,-35.8121490031043],[-71.6649625509999,-35.8119308171043],[-71.6653776709999,-35.8117007391043],[-71.6638408139999,-35.8102482651043],[-71.6632138579999,-35.8105537011043],[-71.6637315809999,-35.8102819761043],[-71.6636365229999,-35.8101013161043],[-71.6630407289999,-35.8098612321043],[-71.6621203749999,-35.8100416821044],[-71.6604520969999,-35.8086262961044],[-71.6587952719999,-35.8090761931044],[-71.6603411709999,-35.8105698161043],[-71.6606223159999,-35.8103409591043],[-71.6605718159999,-35.8101630031044],[-71.6608190229999,-35.8104176441043],[-71.6605415309999,-35.8104614171043],[-71.6603718379999,-35.8105959271043]]]}},{"type":"Feature","properties":{"id":"7401111001017","commune":"Linares","code":"07401","gse":"C3","quintil":"Q2","nse_score":657.7,"educ":10.4,"educ_score":493.3,"hacin":1.391,"hacin_class":"Hacinamiento Leve","hacin_score":767.8,"auto_score":100.0,"n_per":32,"n_hog":10,"source_year":2024},"geometry":{"type":"Polygon","coordinates":[[[-71.6581877019999,-35.8114135151043],[-71.6588097359999,-35.8108804901043],[-71.6593593619999,-35.8108095471043],[-71.6574825009999,-35.8090610341044],[-71.6568942619999,-35.8091152711043],[-71.6566660269999,-35.8099263011044],[-71.6581877019999,-35.8114135151043]]]}},{"type":"Feature","properties":{"id":"7401111001018","commune":"Linares","code":"07401","gse":"E","quintil":"Q1","nse_score":590.0,"educ":11.5,"educ_score":566.7,"hacin":0.875,"hacin_class":"Sin Hacinamiento","hacin_score":877.7,"auto_score":83.3,"n_per":14,"n_hog":6,"source_year":2024},"geometry":{"type":"Polygon","coordinates":[[[-71.6559296289999,-35.8128743831043],[-71.6568346549999,-35.8125486281043],[-71.6581552919999,-35.8114381421043],[-71.6566797999999,-35.8099980981043],[-71.6559296289999,-35.8128743831043]]]}},{"type":"Feature","properties":{"id":"7401111001019","commune":"Linares","code":"07401","gse":"E","quintil":"Q1","nse_score":505.4,"educ":9.0,"educ_score":400.0,"hacin":1.417,"hacin_class":"Hacinamiento Leve","hacin_score":762.4,"auto_score":83.3,"n_per":17,"n_hog":6,"source_year":2024},"geometry":{"type":"Polygon","coordinates":[[[-71.6607643919999,-35.8123446261043],[-71.6603197859999,-35.8118413311043],[-71.6602852879999,-35.8114211991043],[-71.6601012249999,-35.8114990531043],[-71.6593765979999,-35.8108261911043],[-71.6588223919999,-35.8108953241043],[-71.6582018689999,-35.8114273921043],[-71.6600527519999,-35.8133332111043],[-71.6602403619999,-35.8144554481043],[-71.661343041,-35.8156793861043],[-71.6613587209999,-35.8159782011043],[-71.6617009979999,-35.8159670151043],[-71.6615776989999,-35.8161599671043],[-71.6616392179999,-35.8163122571043],[-71.6616920409999,-35.8161677041043],[-71.6619118359999,-35.8161499331043],[-71.6619381929999,-35.8159262421043],[-71.6621773749999,-35.8156764901043],[-71.6623999699999,-35.8156319491043],[-71.6623459469999,-35.8153652601043],[-71.6628933499999,-35.8149153771043],[-71.6629262369999,-35.8141694011043],[-71.6625568149999,-35.8137073241043],[-71.6628398489999,-35.8129787921043],[-71.6620850649999,-35.8122829801043],[-71.6616655509999,-35.8126072931043],[-71.6618071229999,-35.8128088251043],[-71.6617943899999,-35.8134844671043],[-71.6617415099999,-35.8135734261043],[-71.6617626909999,-35.8128136511043],[-71.6616207849999,-35.8125922131043],[-71.6620556989999,-35.8122559961043],[-71.6603232329999,-35.8106331091043],[-71.6601128749999,-35.8108644501043],[-71.6603597389999,-35.8111701591043],[-71.6603464499999,-35.8117787551043],[-71.6607643919999,-35.8123446261043]]]}},{"type":"Feature","properties":{"id":"7401111001020","commune":"Linares","code":"07401","gse":"E","quintil":"Q1","nse_score":577.3,"educ":8.4,"educ_score":360.0,"hacin":1.396,"hacin_class":"Hacinamiento Leve","hacin_score":766.8,"auto_score":241.9,"n_per":74,"n_hog":27,"source_year":2024},"geometry":{"type":"Polygon","coordinates":[[[-71.6584280849999,-35.8166068031043],[-71.6612748919999,-35.8158774391043],[-71.6613224709999,-35.8156865511043],[-71.6602192849999,-35.8144617621043],[-71.6600364539999,-35.8133165981043],[-71.6581694649999,-35.8114520161043],[-71.6568478199999,-35.8125631581043],[-71.6559198429999,-35.8129550901043],[-71.6575951879999,-35.8125823001043],[-71.6574825999999,-35.8122778601043],[-71.659525045,-35.8143553541043],[-71.6600396979999,-35.8155644801043],[-71.6588394409999,-35.8159017121043],[-71.6587069649999,-35.8157499841043],[-71.6580324459999,-35.8158287741043],[-71.6584280849999,-35.8166068031043]]]}},{"type":"Feature","properties":{"id":"7401111001021","commune":"Linares","code":"07401","gse":"D","quintil":"Q2","nse_score":631.4,"educ":8.7,"educ_score":380.0,"hacin":1.25,"hacin_class":"Hacinamiento Leve","hacin_score":797.9,"auto_score":200.0,"n_per":35,"n_hog":10,"source_year":2024},"geometry":{"type":"Polygon","coordinates":[[[-71.6582175989999,-35.8131083911043],[-71.6576874259999,-35.8126055891043],[-71.6569012729999,-35.8128375341043],[-71.6571415609999,-35.8134242291043],[-71.6582175989999,-35.8131083911043]]]}},{"type":"Feature","properties":{"id":"7401111001022","commune":"Linares","code":"07401","gse":"E","quintil":"Q1","nse_score":591.0,"educ":10.5,"educ_score":500.0,"hacin":1.722,"hacin_class":"Hacinamiento Medio","hacin_score":697.4,"auto_score":136.4,"n_per":31,"n_hog":9,"source_year":2024},"geometry":{"type":"Polygon","coordinates":[[[-71.6559883739999,-35.8137124611043],[-71.6570842719999,-35.8134433771043],[-71.6568653599999,-35.8128576971043],[-71.6561275579999,-35.8130220161043],[-71.6559883739999,-35.8137124611043]]]}},{"type":"Feature","properties":{"id":"7401111001024","commune":"Linares","code":"07401","gse":"C3","quintil":"Q2","nse_score":658.2,"educ":9.5,"educ_score":433.3,"hacin":1.182,"hacin_class":"Hacinamiento Leve","hacin_score":812.4,"auto_score":147.1,"n_per":52,"n_hog":18,"source_year":2024},"geometry":{"type":"Polygon","coordinates":[[[-71.6587900789999,-35.8136728331043],[-71.6582887859999,-35.8131952201043],[-71.6571534939999,-35.8134895241043],[-71.6573974749999,-35.8140771311043],[-71.6587900789999,-35.8136728331043]]]}},{"type":"Feature","properties":{"id":"7401111001025","commune":"Linares","code":"07401","gse":"C3","quintil":"Q3","nse_score":677.9,"educ":10.4,"educ_score":493.3,"hacin":1.5,"hacin_class":"Hacinamiento Medio","hacin_score":744.7,"auto_score":321.4,"n_per":45,"n_hog":14,"source_year":2024},"geometry":{"type":"Polygon","coordinates":[[[-71.6557733669999,-35.8144880211043],[-71.6573112869999,-35.8141073471043],[-71.6571093199999,-35.8135102691043],[-71.6559472999999,-35.8137973041043],[-71.6557733669999,-35.8144880211043]]]}},{"type":"Feature","properties":{"id":"7401111001026","commune":"Linares","code":"07401","gse":"D","quintil":"Q1","nse_score":614.6,"educ":9.7,"educ_score":446.7,"hacin":1.304,"hacin_class":"Hacinamiento Leve","hacin_score":786.3,"auto_score":45.5,"n_per":30,"n_hog":10,"source_year":2024},"geometry":{"type":"Polygon","coordinates":[[[-71.6593586499999,-35.8142477881043],[-71.6588821199999,-35.8137815491043],[-71.6580708929999,-35.8139931971043],[-71.6583212729999,-35.8145896001043],[-71.6593586499999,-35.8142477881043]]]}},{"type":"Feature","properties":{"id":"7401111001027","commune":"Linares","code":"07401","gse":"C3","quintil":"Q3","nse_score":674.6,"educ":10.5,"educ_score":500.0,"hacin":1.462,"hacin_class":"Hacinamiento Leve","hacin_score":752.7,"auto_score":186.0,"n_per":136,"n_hog":43,"source_year":2024},"geometry":{"type":"Polygon","coordinates":[[[-71.6587069649999,-35.8157499841043],[-71.6579961639999,-35.8140013071043],[-71.6555648329999,-35.8145979221043],[-71.6554283009999,-35.8149767301043],[-71.6567957479999,-35.8146580181043],[-71.6570793739999,-35.8146637631043],[-71.6571858899999,-35.8148635031043],[-71.6570033929999,-35.8146661751043],[-71.6565459079999,-35.8147517491043],[-71.6570907809999,-35.8157829171043],[-71.6565118669999,-35.8147601611043],[-71.6554231129999,-35.8150064371043],[-71.6550668979999,-35.8173129681043],[-71.6562894729999,-35.8171434271043],[-71.6584280849999,-35.8166068031043],[-71.6580324459999,-35.8158287741043],[-71.6587069649999,-35.8157499841043]]]}},{"type":"Feature","properties":{"id":"7401111001028","commune":"Linares","code":"07401","gse":"D","quintil":"Q2","nse_score":631.1,"educ":9.6,"educ_score":440.0,"hacin":1.371,"hacin_class":"Hacinamiento Leve","hacin_score":772.0,"auto_score":352.9,"n_per":48,"n_hog":16,"source_year":2024},"geometry":{"type":"Polygon","coordinates":[[[-71.6593614519999,-35.8143500371043],[-71.6583471349999,-35.8146337271043],[-71.6585582589999,-35.8152230511043],[-71.6597618629999,-35.8149287121043],[-71.6595424159999,-35.8144374141043],[-71.6593614519999,-35.8143500371043]]]}},{"type":"Feature","properties":{"id":"7401111001029","commune":"Linares","code":"07401","gse":"E","quintil":"Q1","nse_score":585.4,"educ":9.4,"educ_score":426.7,"hacin":1.636,"hacin_class":"Hacinamiento Medio","hacin_score":715.7,"auto_score":200.0,"n_per":18,"n_hog":4,"source_year":2024},"geometry":{"type":"Polygon","coordinates":[[[-71.6599941859999,-35.8155483661043],[-71.6597655919999,-35.8149673681043],[-71.6585876519999,-35.8152998791043],[-71.6588079979999,-35.8158731051043],[-71.6599941859999,-35.8155483661043]]]}},{"type":"Feature","properties":{"id":"7401033123003","commune":"Linares","code":"07401","gse":"D","quintil":"Q1","nse_score":619.3,"educ":10.5,"educ_score":500.0,"hacin":1.368,"hacin_class":"Hacinamiento Leve","hacin_score":772.7,"auto_score":125.0,"n_per":26,"n_hog":8,"source_year":2024},"geometry":{"type":"Polygon","coordinates":[[[-71.5544623659999,-35.8667084911038],[-71.5538550339999,-35.8662689701038],[-71.5521932479999,-35.8672623501037],[-71.5507834089999,-35.8686657441037],[-71.550793542,-35.8690019801037],[-71.5511281209999,-35.8697433711037],[-71.5513485249999,-35.8698700491037],[-71.5516245269999,-35.8703735331038],[-71.5519797389999,-35.8701886271037],[-71.5518135579999,-35.8698067621037],[-71.5514546359999,-35.8694936091037],[-71.5514452569999,-35.8692263051037],[-71.5516860519999,-35.8687347631038],[-71.5528927319999,-35.8682077521037],[-71.552806787,-35.8680436141037],[-71.5530244429999,-35.8678778261037],[-71.5550529899999,-35.8667844261037],[-71.5544620469999,-35.8659387691038],[-71.5539103979999,-35.8662384241038],[-71.5544623659999,-35.8667084911038]]]}},{"type":"Feature","properties":{"id":"7401033123004","commune":"Linares","code":"07401","gse":"D","quintil":"Q1","nse_score":616.3,"educ":10.9,"educ_score":526.7,"hacin":1.361,"hacin_class":"Hacinamiento Leve","hacin_score":774.2,"auto_score":133.3,"n_per":49,"n_hog":13,"source_year":2024},"geometry":{"type":"Polygon","coordinates":[[[-71.5470861939999,-35.8723271641037],[-71.5476743539999,-35.8733489731037],[-71.5518756749999,-35.8709816161037],[-71.5512928799999,-35.8699007171037],[-71.5511181099999,-35.8698014321037],[-71.550965576,-35.8700268671037],[-71.5470861939999,-35.8723271641037]]]}},{"type":"Feature","properties":{"id":"7401033123001","commune":"Linares","code":"07401","gse":"E","quintil":"Q1","nse_score":552.4,"educ":10.2,"educ_score":480.0,"hacin":1.204,"hacin_class":"Hacinamiento Leve","hacin_score":807.5,"auto_score":45.5,"n_per":53,"n_hog":18,"source_year":2024},"geometry":{"type":"MultiPolygon","coordinates":[[[[-71.5551362809999,-35.8668679321037],[-71.5550090669999,-35.8668439591038],[-71.5553335579999,-35.8672970021037],[-71.5577298419999,-35.8661958371038],[-71.5575056269999,-35.8655780731038],[-71.5569024989999,-35.8647948561038],[-71.5545184549999,-35.8659101671037],[-71.5551362809999,-35.8668679321037]]],[[[-71.5569801049999,-35.8647769001038],[-71.5573593729999,-35.8652700271038],[-71.5578703539999,-35.8650325711038],[-71.5575578089999,-35.8646603801038],[-71.5569801049999,-35.8647769001038]]]]}},{"type":"Feature","properties":{"id":"7401033129001","commune":"Linares","code":"07401","gse":"D","quintil":"Q1","nse_score":602.4,"educ":10.2,"educ_score":480.0,"hacin":1.227,"hacin_class":"Hacinamiento Leve","hacin_score":802.7,"auto_score":62.5,"n_per":135,"n_hog":49,"source_year":2024},"geometry":{"type":"Polygon","coordinates":[[[-71.5409986319999,-35.8761924601036],[-71.5436750189999,-35.8802183701036],[-71.543964135,-35.8812179261036],[-71.5449038459999,-35.8807916621036],[-71.5446062749999,-35.8803627371036],[-71.5449413959999,-35.8807724801036],[-71.5453877989999,-35.8805444311036],[-71.5451027299999,-35.8800560991036],[-71.5451911169999,-35.8799793741036],[-71.5451219989999,-35.8798147691036],[-71.5454255669999,-35.8805251381036],[-71.545786958,-35.8803476461036],[-71.5456410879999,-35.8794629901036],[-71.5457494979999,-35.8791857861036],[-71.5458590219999,-35.8802749831036],[-71.5458007359999,-35.8808404531036],[-71.5461362479999,-35.8804511931036],[-71.5471136799999,-35.8802725851036],[-71.5461767119999,-35.8804985511036],[-71.5457857569999,-35.8809401141036],[-71.5457243659999,-35.8814305121036],[-71.5460961129999,-35.8819265031036],[-71.5470721699999,-35.8816139291036],[-71.5485499929999,-35.8804265801036],[-71.5480253429999,-35.8796142191036],[-71.547590667,-35.8799256291036],[-71.5467178389999,-35.8783573001037],[-71.5454898349999,-35.8788306831036],[-71.5455062809999,-35.8789553441037],[-71.5446839389999,-35.8793390911037],[-71.543959889,-35.8781558361037],[-71.544713295,-35.8778000371036],[-71.5443398979999,-35.8772570681037],[-71.5437861659999,-35.8775465511037],[-71.54279865,-35.8762046491036],[-71.5423610319999,-35.8764476261037],[-71.5416575329999,-35.8755397681037],[-71.5410224239999,-35.8759184431037],[-71.5409986319999,-35.8761924601036]]]}},{"type":"Feature","properties":{"id":"7401033129002","commune":"Linares","code":"07401","gse":"D","quintil":"Q1","nse_score":609.2,"educ":9.5,"educ_score":433.3,"hacin":1.5,"hacin_class":"Hacinamiento Medio","hacin_score":744.7,"auto_score":125.0,"n_per":24,"n_hog":9,"source_year":2024},"geometry":{"type":"Polygon","coordinates":[[[-71.5490625379999,-35.8799865471036],[-71.5470721699999,-35.8816139291036],[-71.5482171099999,-35.8808495791036],[-71.5487037439999,-35.8814538091036],[-71.5500490859999,-35.8816644651036],[-71.5503896529999,-35.8819473481036],[-71.5514611419999,-35.8816023541036],[-71.5508390379999,-35.8805633681036],[-71.5497421149999,-35.8810545661036],[-71.5490625379999,-35.8799865471036]]]}},{"type":"Feature","properties":{"id":"7401033129003","commune":"Linares","code":"07401","gse":"D","quintil":"Q2","nse_score":648.5,"educ":11.1,"educ_score":540.0,"hacin":1.357,"hacin_class":"Hacinamiento Leve","hacin_score":775.1,"auto_score":71.4,"n_per":19,"n_hog":7,"source_year":2024},"geometry":{"type":"Polygon","coordinates":[[[-71.5439753699999,-35.8812743631036],[-71.5440174279999,-35.8814856451036],[-71.5457235079999,-35.8809090071036],[-71.5457864999999,-35.8804099811036],[-71.5439753699999,-35.8812743631036]]]}},{"type":"Feature","properties":{"id":"7401033129004","commune":"Linares","code":"07401","gse":"D","quintil":"Q2","nse_score":647.0,"educ":13.0,"educ_score":666.7,"hacin":1.0,"hacin_class":"Hacinamiento Leve","hacin_score":851.1,"auto_score":125.0,"n_per":15,"n_hog":6,"source_year":2024},"geometry":{"type":"Polygon","coordinates":[[[-71.5394686269999,-35.8836650931036],[-71.5439849819999,-35.8816607041036],[-71.5437185529999,-35.8806621681036],[-71.5406260969999,-35.8821551011036],[-71.5406755919999,-35.8823018991036],[-71.5405587999999,-35.8824838821036],[-71.5405861739999,-35.8821728971036],[-71.5393550209999,-35.8827193621036],[-71.5394686269999,-35.8836650931036]]]}},{"type":"Feature","properties":{"id":"7401033129005","commune":"Linares","code":"07401","gse":"E","quintil":"Q1","nse_score":458.6,"educ":4.4,"educ_score":93.3,"hacin":0.75,"hacin_class":"Sin Hacinamiento","hacin_score":904.3,"auto_score":0.0,"n_per":6,"n_hog":4,"source_year":2024},"geometry":{"type":"Polygon","coordinates":[[[-71.547691401,-35.8812398811036],[-71.5482669959999,-35.8823760281036],[-71.5484011539999,-35.8823575501036],[-71.5490799209999,-35.8821085771036],[-71.5482007019999,-35.8809048251036],[-71.547691401,-35.8812398811036]]]}},{"type":"Feature","properties":{"id":"7401033129007","commune":"Linares","code":"07401","gse":"D","quintil":"Q2","nse_score":635.8,"educ":10.1,"educ_score":473.3,"hacin":1.139,"hacin_class":"Hacinamiento Leve","hacin_score":821.5,"auto_score":142.9,"n_per":41,"n_hog":13,"source_year":2024},"geometry":{"type":"Polygon","coordinates":[[[-71.5471672589999,-35.8821603901036],[-71.5470331939999,-35.8822229831036],[-71.5471243519999,-35.8821347841036],[-71.547017175,-35.8819904431036],[-71.5469643599999,-35.8817102351036],[-71.5461371389999,-35.8819980401036],[-71.5458137839999,-35.8815381681036],[-71.5452810989999,-35.8815547661036],[-71.5458575999999,-35.8828687991036],[-71.5452376639999,-35.8815632431036],[-71.5441606319999,-35.8817478911036],[-71.5444593799999,-35.8838087801036],[-71.5462108829999,-35.8830596271036],[-71.5462938769999,-35.8834694161036],[-71.5468402619999,-35.8833133701036],[-71.5470860049999,-35.8836600931036],[-71.5485238439999,-35.8828042111036],[-71.5476564069999,-35.8812640031036],[-71.5470069389999,-35.8816996501036],[-71.5471672589999,-35.8821603901036]]]}},{"type":"Feature","properties":{"id":"7401033129011","commune":"Linares","code":"07401","gse":"C3","quintil":"Q3","nse_score":705.7,"educ":13.2,"educ_score":680.0,"hacin":1.143,"hacin_class":"Hacinamiento Leve","hacin_score":820.7,"auto_score":156.2,"n_per":40,"n_hog":13,"source_year":2024},"geometry":{"type":"Polygon","coordinates":[[[-71.5437156489999,-35.8818418151036],[-71.5394775529999,-35.8837227101036],[-71.539629654,-35.8846119521036],[-71.5420797419999,-35.8835654631036],[-71.5406333559999,-35.8842356611036],[-71.5408166379999,-35.8853589781036],[-71.5405915149999,-35.8842530351035],[-71.5396359839999,-35.8846497841036],[-71.5400788219999,-35.8873903671036],[-71.5414183889999,-35.8855875391035],[-71.5421735909999,-35.8851208821036],[-71.542831454,-35.8839487361036],[-71.5438923519999,-35.8832001451036],[-71.5437156489999,-35.8818418151036]]]}},{"type":"Feature","properties":{"id":"7401033129012","commune":"Linares","code":"07401","gse":"E","quintil":"Q1","nse_score":573.3,"educ":9.2,"educ_score":413.3,"hacin":1.35,"hacin_class":"Hacinamiento Leve","hacin_score":776.6,"auto_score":0.0,"n_per":27,"n_hog":8,"source_year":2024},"geometry":{"type":"Polygon","coordinates":[[[-71.5395107519999,-35.8875162501035],[-71.5400418709999,-35.8874788101035],[-71.5392916579999,-35.8827475371036],[-71.5388169559999,-35.8829587821036],[-71.5395107519999,-35.8875162501035]]]}},{"type":"Feature","properties":{"id":"7401033129013","commune":"Linares","code":"07401","gse":"E","quintil":"Q1","nse_score":547.5,"educ":9.2,"educ_score":413.3,"hacin":1.389,"hacin_class":"Hacinamiento Leve","hacin_score":768.3,"auto_score":103.4,"n_per":75,"n_hog":25,"source_year":2024},"geometry":{"type":"Polygon","coordinates":[[[-71.5369831909999,-35.8844631461035],[-71.5367956829999,-35.8843235491036],[-71.5364762049999,-35.8846391261036],[-71.5367529089999,-35.8843122901036],[-71.536548003,-35.8839783681036],[-71.5358413969999,-35.8843061741036],[-71.536566649,-35.8856311701036],[-71.5383032439999,-35.8845592391036],[-71.538727762,-35.8876789731035],[-71.5394555349999,-35.8875898451035],[-71.5387538559999,-35.8829868611036],[-71.5365864919999,-35.8839605121036],[-71.5369831909999,-35.8844631461035]]]}},{"type":"Feature","properties":{"id":"7401033129008","commune":"Linares","code":"07401","gse":"E","quintil":"Q1","nse_score":565.8,"educ":10.3,"educ_score":486.7,"hacin":1.2,"hacin_class":"Hacinamiento Leve","hacin_score":808.5,"auto_score":142.9,"n_per":12,"n_hog":4,"source_year":2024},"geometry":{"type":"MultiPolygon","coordinates":[[[[-71.5501186269999,-35.8817712371036],[-71.5489784079999,-35.8822429201036],[-71.548296837,-35.8824267491036],[-71.5485597539999,-35.8827858521036],[-71.5491423529999,-35.8825757661036],[-71.5492620309999,-35.8828463411036],[-71.5506351269999,-35.8823759761036],[-71.5501186269999,-35.8817712371036]]],[[[-71.5487567329999,-35.8815293271036],[-71.5491388789999,-35.8820836081036],[-71.5500635329999,-35.8817357521036],[-71.5487567329999,-35.8815293271036]]]]}},{"type":"Feature","properties":{"id":"7401033129006","commune":"Linares","code":"07401","gse":"C3","quintil":"Q2","nse_score":667.9,"educ":10.7,"educ_score":513.3,"hacin":1.333,"hacin_class":"Hacinamiento Leve","hacin_score":780.1,"auto_score":0.0,"n_per":24,"n_hog":7,"source_year":2024},"geometry":{"type":"MultiPolygon","coordinates":[[[[-71.5437573709999,-35.8818232981036],[-71.5439349529999,-35.8831692071036],[-71.5443470779999,-35.8829342911036],[-71.5441154079999,-35.8817460191036],[-71.5440086399999,-35.8817117821036],[-71.5437573709999,-35.8818232981036]]],[[[-71.5440661109999,-35.8816846571036],[-71.5456583999999,-35.8814240541036],[-71.5457142039999,-35.8809709081036],[-71.5440282119999,-35.8815398181036],[-71.5440661109999,-35.8816846571036]]]]}},{"type":"Feature","properties":{"id":"7401053103001","commune":"Linares","code":"07401","gse":"D","quintil":"Q1","nse_score":602.5,"educ":8.6,"educ_score":373.3,"hacin":1.381,"hacin_class":"Hacinamiento Leve","hacin_score":770.0,"auto_score":305.6,"n_per":58,"n_hog":18,"source_year":2024},"geometry":{"type":"Polygon","coordinates":[[[-71.7386375259999,-35.8030370581044],[-71.7424746259999,-35.8052843251044],[-71.7427995909999,-35.8048770301044],[-71.7389694899999,-35.8027050921044],[-71.7386375259999,-35.8030370581044]]]}},{"type":"Feature","properties":{"id":"7401053103002","commune":"Linares","code":"07401","gse":"E","quintil":"Q1","nse_score":568.8,"educ":8.2,"educ_score":346.7,"hacin":1.5,"hacin_class":"Hacinamiento Medio","hacin_score":744.7,"auto_score":100.0,"n_per":42,"n_hog":15,"source_year":2024},"geometry":{"type":"Polygon","coordinates":[[[-71.7417500809999,-35.8058564631044],[-71.7419889609999,-35.8058204831044],[-71.7424432699999,-35.8053103471044],[-71.7386651689999,-35.8030998551044],[-71.7384795809999,-35.8031950051044],[-71.7417809159999,-35.8052056091044],[-71.7413951769999,-35.8056778071044],[-71.7417500809999,-35.8058564631044]]]}},{"type":"Feature","properties":{"id":"7401053103003","commune":"Linares","code":"07401","gse":"D","quintil":"Q2","nse_score":635.8,"educ":9.7,"educ_score":446.7,"hacin":1.286,"hacin_class":"Hacinamiento Leve","hacin_score":790.3,"auto_score":0.0,"n_per":9,"n_hog":5,"source_year":2024},"geometry":{"type":"Polygon","coordinates":[[[-71.7419928149999,-35.8037805041044],[-71.7431795479999,-35.8044288081044],[-71.7435479569999,-35.8039904131044],[-71.7424017629999,-35.8032800351044],[-71.7419928149999,-35.8037805041044]]]}},{"type":"Feature","properties":{"id":"7401053103006","commune":"Linares","code":"07401","gse":"E","quintil":"Q1","nse_score":565.6,"educ":7.4,"educ_score":293.3,"hacin":1.111,"hacin_class":"Hacinamiento Leve","hacin_score":827.4,"auto_score":291.7,"n_per":30,"n_hog":11,"source_year":2024},"geometry":{"type":"Polygon","coordinates":[[[-71.7368468019999,-35.8059832111044],[-71.7371589609999,-35.8062444601044],[-71.7374788749999,-35.8060212771044],[-71.7390205979999,-35.8071638541044],[-71.7392655019999,-35.8069492861044],[-71.737096747,-35.8053251371044],[-71.7368468019999,-35.8059832111044]]]}},{"type":"Feature","properties":{"id":"7401053103007","commune":"Linares","code":"07401","gse":"E","quintil":"Q1","nse_score":486.4,"educ":6.8,"educ_score":253.3,"hacin":1.056,"hacin_class":"Hacinamiento Leve","hacin_score":839.2,"auto_score":125.0,"n_per":19,"n_hog":10,"source_year":2024},"geometry":{"type":"Polygon","coordinates":[[[-71.7407130149999,-35.8058544431044],[-71.7387732959999,-35.8074785191043],[-71.7395151439999,-35.8082914221044],[-71.7404583649999,-35.8076292791044],[-71.7419397349999,-35.8059123771044],[-71.7416576169999,-35.8059065281044],[-71.7411494289999,-35.8056575051044],[-71.7407130149999,-35.8058544431044]]]}},{"type":"Feature","properties":{"id":"7401053103010","commune":"Linares","code":"07401","gse":"E","quintil":"Q1","nse_score":589.5,"educ":9.5,"educ_score":433.3,"hacin":1.3,"hacin_class":"Hacinamiento Leve","hacin_score":787.2,"auto_score":200.0,"n_per":13,"n_hog":5,"source_year":2024},"geometry":{"type":"Polygon","coordinates":[[[-71.7401871869999,-35.8085107601043],[-71.7407462079999,-35.8088573681044],[-71.7428817399999,-35.8078972561043],[-71.7412767849999,-35.8068478311043],[-71.7405256709999,-35.8076760951043],[-71.7399080139999,-35.8081467621043],[-71.7401871869999,-35.8085107601043]]]}},{"type":"Feature","properties":{"id":"7401053103012","commune":"Linares","code":"07401","gse":"E","quintil":"Q1","nse_score":576.9,"educ":9.7,"educ_score":446.7,"hacin":0.72,"hacin_class":"Sin Hacinamiento","hacin_score":910.6,"auto_score":83.3,"n_per":18,"n_hog":10,"source_year":2024},"geometry":{"type":"Polygon","coordinates":[[[-71.7374382319999,-35.8083368401043],[-71.7381681519999,-35.8091040471043],[-71.7394613679999,-35.8083231041044],[-71.7387256449999,-35.8075169131044],[-71.7374382319999,-35.8083368401043]]]}},{"type":"Feature","properties":{"id":"7401053103013","commune":"Linares","code":"07401","gse":"E","quintil":"Q1","nse_score":572.3,"educ":9.2,"educ_score":413.3,"hacin":1.105,"hacin_class":"Hacinamiento Leve","hacin_score":828.7,"auto_score":125.0,"n_per":21,"n_hog":11,"source_year":2024},"geometry":{"type":"Polygon","coordinates":[[[-71.7398554679999,-35.8081798681044],[-71.7378826069999,-35.8093703151044],[-71.7382680249999,-35.8098317941043],[-71.7378296619999,-35.8094029081043],[-71.7367583849999,-35.8100628341044],[-71.7377357369999,-35.8113766091043],[-71.7381940849999,-35.8111088811043],[-71.737866719,-35.8107407551043],[-71.7378321639999,-35.8105354421043],[-71.7387154689999,-35.8106318571043],[-71.7391259379999,-35.8100591881044],[-71.7407059169999,-35.8088757251044],[-71.7401827619999,-35.8085535381044],[-71.7402397499999,-35.8087780471043],[-71.7400930539999,-35.8083956611044],[-71.7398554679999,-35.8081798681044]]]}},{"type":"Feature","properties":{"id":"7401053103016","commune":"Linares","code":"07401","gse":"D","quintil":"Q1","nse_score":604.7,"educ":9.6,"educ_score":440.0,"hacin":1.215,"hacin_class":"Hacinamiento Leve","hacin_score":805.3,"auto_score":177.4,"n_per":147,"n_hog":56,"source_year":2024},"geometry":{"type":"Polygon","coordinates":[[[-71.7322083449999,-35.8104238161044],[-71.7338731749999,-35.8120934561043],[-71.7321426099999,-35.8104377121043],[-71.7313895269999,-35.8105945011044],[-71.7331906879999,-35.8123940651043],[-71.7313275159999,-35.8106011511043],[-71.7299638119999,-35.8109075421043],[-71.7302215249999,-35.8112856011043],[-71.7314497549999,-35.8110078601044],[-71.7329974559999,-35.8126398911043],[-71.7336467149999,-35.8123243101043],[-71.7339971929999,-35.8126405481043],[-71.7345851899999,-35.8116768191043],[-71.7361806659999,-35.8113250341043],[-71.7364264359999,-35.8108950881043],[-71.7374418649999,-35.8121156681043],[-71.7378381229999,-35.8115823621044],[-71.7367050939999,-35.8100961421044],[-71.7363736909999,-35.8102709711044],[-71.7357491299999,-35.8103121861043],[-71.734659974,-35.8100400271044],[-71.7349645629999,-35.8109340441044],[-71.73552165,-35.8110543151043],[-71.7355349879999,-35.8111787721043],[-71.7354196729999,-35.8112352231043],[-71.7354734979999,-35.8110953901043],[-71.7349064659999,-35.8109611691043],[-71.734589518,-35.8100319961044],[-71.7341837049999,-35.8099843151044],[-71.7322083449999,-35.8104238161044]]]}},{"type":"Feature","properties":{"id":"7401053103004","commune":"Linares","code":"07401","gse":"E","quintil":"Q1","nse_score":593.8,"educ":9.8,"educ_score":453.3,"hacin":1.0,"hacin_class":"Hacinamiento Leve","hacin_score":851.1,"auto_score":142.9,"n_per":16,"n_hog":5,"source_year":2024},"geometry":{"type":"MultiPolygon","coordinates":[[[[-71.7428316539999,-35.8049624971044],[-71.7413152079999,-35.8068052481044],[-71.7413947629999,-35.8068547801044],[-71.741740536,-35.8064508531044],[-71.7424011769999,-35.8069034421044],[-71.7429528909999,-35.8063471391044],[-71.7422442699999,-35.8058664921044],[-71.7433778069999,-35.8052375941044],[-71.7428316539999,-35.8049624971044]]],[[[-71.7426650369999,-35.8041911281044],[-71.742347735,-35.8045785541044],[-71.7428218309999,-35.8048457431044],[-71.7431551879999,-35.8044588911044],[-71.7426650369999,-35.8041911281044]]]]}},{"type":"Feature","properties":{"id":"7401053103011","commune":"Linares","code":"07401","gse":"E","quintil":"Q1","nse_score":587.4,"educ":8.9,"educ_score":393.3,"hacin":1.2,"hacin_class":"Hacinamiento Leve","hacin_score":808.5,"auto_score":125.0,"n_per":12,"n_hog":7,"source_year":2024},"geometry":{"type":"MultiPolygon","coordinates":[[[[-71.7357527339999,-35.8102401701043],[-71.7364351549999,-35.8101740131043],[-71.7381152839999,-35.8091367261044],[-71.737382684,-35.8083667011044],[-71.7349447199999,-35.8098751741044],[-71.7350100109999,-35.8100486521043],[-71.7357527339999,-35.8102401701043]]],[[[-71.7367376609999,-35.8078889001044],[-71.7372760099999,-35.8083376901043],[-71.7386684269999,-35.8074616371044],[-71.7381122739999,-35.8070446741044],[-71.7367376609999,-35.8078889001044]]]]}},{"type":"Feature","properties":{"id":"7401053103008","commune":"Linares","code":"07401","gse":"D","quintil":"Q1","nse_score":613.5,"educ":8.8,"educ_score":386.7,"hacin":0.944,"hacin_class":"Sin Hacinamiento","hacin_score":862.9,"auto_score":142.9,"n_per":17,"n_hog":6,"source_year":2024},"geometry":{"type":"MultiPolygon","coordinates":[[[[-71.7380841979999,-35.8069532591044],[-71.7387156099999,-35.8074236211044],[-71.7389830059999,-35.8071968961044],[-71.7383359049999,-35.8067294081044],[-71.7380841979999,-35.8069532591044]]],[[[-71.7372062709999,-35.8062823771044],[-71.7380354969999,-35.8069165391044],[-71.7382868189999,-35.8066930311044],[-71.7374591599999,-35.8060796631044],[-71.7372062709999,-35.8062823771044]]]]}},{"type":"Feature","properties":{"id":"7401063056001","commune":"Linares","code":"07401","gse":"D","quintil":"Q2","nse_score":643.1,"educ":10.2,"educ_score":480.0,"hacin":1.211,"hacin_class":"Hacinamiento Leve","hacin_score":806.1,"auto_score":209.3,"n_per":109,"n_hog":43,"source_year":2024},"geometry":{"type":"Polygon","coordinates":[[[-71.6158628889999,-35.8215096951042],[-71.6097952709999,-35.8229573421042],[-71.6102820599999,-35.8238916731042],[-71.6104182389999,-35.8239544341042],[-71.6107801569999,-35.8238528701042],[-71.6104446869999,-35.8230412531042],[-71.6114179489999,-35.8227629161042],[-71.6118313779999,-35.8235793151042],[-71.6129086289999,-35.8233169891042],[-71.6125560259999,-35.8225394401042],[-71.6131199619999,-35.8224008091042],[-71.6132866879999,-35.8228249951042],[-71.6127810479999,-35.8229569061042],[-71.6129515969999,-35.8233074701042],[-71.6139245049999,-35.8230397571042],[-71.6136229429999,-35.8222513861042],[-71.6139665389999,-35.8230284521042],[-71.6144332,-35.8228967601042],[-71.6141224959999,-35.8221297351042],[-71.6144770719999,-35.8228893251042],[-71.6152944389999,-35.8226868611042],[-71.6149801559999,-35.8219359531042],[-71.6153369079999,-35.8226763411042],[-71.6160457309999,-35.8225007571042],[-71.6156938979999,-35.8217433981042],[-71.6160883299999,-35.8224902051042],[-71.616354311,-35.8224243171042],[-71.6158628889999,-35.8215096951042]]]}},{"type":"Feature","properties":{"id":"7401063056002","commune":"Linares","code":"07401","gse":"D","quintil":"Q1","nse_score":618.1,"educ":11.0,"educ_score":533.3,"hacin":1.4,"hacin_class":"Hacinamiento Leve","hacin_score":766.0,"auto_score":250.0,"n_per":7,"n_hog":4,"source_year":2024},"geometry":{"type":"Polygon","coordinates":[[[-71.6167723089999,-35.8222755301042],[-71.6163902569999,-35.8223861331042],[-71.6171100059999,-35.8234078431042],[-71.6176215389999,-35.8233349091042],[-71.617403668,-35.8227464641042],[-71.6171264719999,-35.8227990031042],[-71.6167723089999,-35.8222755301042]]]}},{"type":"Feature","properties":{"id":"7401063056004","commune":"Linares","code":"07401","gse":"D","quintil":"Q2","nse_score":634.2,"educ":10.0,"educ_score":466.7,"hacin":1.364,"hacin_class":"Hacinamiento Leve","hacin_score":773.7,"auto_score":384.6,"n_per":30,"n_hog":13,"source_year":2024},"geometry":{"type":"Polygon","coordinates":[[[-71.6165329429999,-35.8234611171042],[-71.61702177,-35.8247940401042],[-71.6181636709999,-35.8245489921042],[-71.6176283549999,-35.8233830601042],[-71.6171373199999,-35.8234398271042],[-71.6174541579999,-35.8241964051042],[-71.6164106639999,-35.8224668621042],[-71.6159659049999,-35.8225770361042],[-71.6165329429999,-35.8234611171042]]]}},{"type":"Feature","properties":{"id":"7401063056005","commune":"Linares","code":"07401","gse":"C3","quintil":"Q2","nse_score":666.0,"educ":10.6,"educ_score":506.7,"hacin":1.351,"hacin_class":"Hacinamiento Leve","hacin_score":776.4,"auto_score":266.3,"n_per":258,"n_hog":92,"source_year":2024},"geometry":{"type":"Polygon","coordinates":[[[-71.6157913189999,-35.8233179391042],[-71.615354367,-35.8227285201042],[-71.6148980949999,-35.8228415411042],[-71.6153703939999,-35.8235410401042],[-71.6153093589999,-35.8236622721042],[-71.6151619139999,-35.8236163291042],[-71.6153270859999,-35.8235516941042],[-71.6148548299999,-35.8228522581042],[-71.6144019829999,-35.8229629271042],[-71.6148156479999,-35.8236681201042],[-71.6143616959999,-35.8229780001042],[-71.6141205049999,-35.8230439741042],[-71.6143913679999,-35.8235050971042],[-71.6140776489999,-35.8230555001042],[-71.6135609539999,-35.8231889411042],[-71.6140496629999,-35.8239396511042],[-71.6135179459999,-35.8232004511042],[-71.6130699799999,-35.8233350491042],[-71.6135994879999,-35.8241303451042],[-71.6130270959999,-35.8233467681042],[-71.6125860339999,-35.8234543481042],[-71.6130860399999,-35.8242291831042],[-71.6125425739999,-35.8234652981042],[-71.6121175249999,-35.8235711721042],[-71.6125040359999,-35.8242106891042],[-71.6120740109999,-35.8235816081042],[-71.6116113769999,-35.8236897731042],[-71.6120847119999,-35.8244062941042],[-71.6115679819999,-35.8237008771042],[-71.6110904069999,-35.8238347401042],[-71.6113039109999,-35.8242992551042],[-71.6110483499999,-35.8238465191042],[-71.6105817419999,-35.8240080421042],[-71.6109848199999,-35.8248509711042],[-71.6129764529999,-35.8244478111042],[-71.6148012769999,-35.8238949761042],[-71.6147528129999,-35.8243541041042],[-71.6166506249999,-35.8239364631042],[-71.6159228239999,-35.8225877081042],[-71.6153977669999,-35.8227177701042],[-71.6157913189999,-35.8233179391042]]]}},{"type":"Feature","properties":{"id":"7401063056006","commune":"Linares","code":"07401","gse":"C3","quintil":"Q2","nse_score":657.5,"educ":10.2,"educ_score":480.0,"hacin":1.429,"hacin_class":"Hacinamiento Leve","hacin_score":759.9,"auto_score":312.5,"n_per":20,"n_hog":8,"source_year":2024},"geometry":{"type":"Polygon","coordinates":[[[-71.6114123499999,-35.8228027151042],[-71.6109667669999,-35.8229301441042],[-71.6113470829999,-35.8236947731042],[-71.6117839059999,-35.8235811971042],[-71.6114123499999,-35.8228027151042]]]}},{"type":"Feature","properties":{"id":"7401063056007","commune":"Linares","code":"07401","gse":"E","quintil":"Q1","nse_score":528.2,"educ":8.8,"educ_score":386.7,"hacin":1.412,"hacin_class":"Hacinamiento Leve","hacin_score":763.5,"auto_score":222.2,"n_per":24,"n_hog":9,"source_year":2024},"geometry":{"type":"Polygon","coordinates":[[[-71.6112915519999,-35.8236791231042],[-71.6109249659999,-35.8229420991042],[-71.6105001609999,-35.8230635871042],[-71.610822218,-35.8238415661042],[-71.6112915519999,-35.8236791231042]]]}},{"type":"Feature","properties":{"id":"7401073123001","commune":"Linares","code":"07401","gse":"C3","quintil":"Q2","nse_score":671.2,"educ":12.1,"educ_score":606.7,"hacin":1.321,"hacin_class":"Hacinamiento Leve","hacin_score":782.7,"auto_score":281.2,"n_per":37,"n_hog":12,"source_year":2024},"geometry":{"type":"Polygon","coordinates":[[[-71.5531350669999,-35.8616353001038],[-71.5543268719999,-35.8632081001038],[-71.5553003129999,-35.8627285901038],[-71.5543496049999,-35.8632390271038],[-71.5558365829999,-35.8651758271037],[-71.5569551089999,-35.8647076801038],[-71.5545580079999,-35.8615479731038],[-71.554049775,-35.8618665161038],[-71.5536379339999,-35.8613600691038],[-71.5531350669999,-35.8616353001038]]]}},{"type":"Feature","properties":{"id":"7401083123001","commune":"Linares","code":"07401","gse":"C3","quintil":"Q2","nse_score":659.6,"educ":10.0,"educ_score":466.7,"hacin":1.21,"hacin_class":"Hacinamiento Leve","hacin_score":806.3,"auto_score":224.1,"n_per":138,"n_hog":57,"source_year":2024},"geometry":{"type":"Polygon","coordinates":[[[-71.550112984,-35.8615903441038],[-71.551188598,-35.8645889451038],[-71.5512609989999,-35.8645294501038],[-71.5507861289999,-35.8632382881038],[-71.550970564,-35.8630386051038],[-71.5504995239999,-35.8618008561038],[-71.5510364889999,-35.8630298301038],[-71.550852012,-35.8632313571038],[-71.5513285159999,-35.8645332791038],[-71.5508995319999,-35.8647649331038],[-71.5517757139999,-35.8671110411037],[-71.5522572289999,-35.8671334741038],[-71.5557608979999,-35.8652132591037],[-71.5553726989999,-35.8647081421038],[-71.5538920849999,-35.8654494141038],[-71.5537935959999,-35.8652305751038],[-71.5524590669999,-35.8655537371037],[-71.5506901049999,-35.8613921041038],[-71.550112984,-35.8615903441038]]]}},{"type":"Feature","properties":{"id":"7401083123002","commune":"Linares","code":"07401","gse":"E","quintil":"Q1","nse_score":585.4,"educ":8.5,"educ_score":366.7,"hacin":1.261,"hacin_class":"Hacinamiento Leve","hacin_score":795.6,"auto_score":136.4,"n_per":29,"n_hog":11,"source_year":2024},"geometry":{"type":"Polygon","coordinates":[[[-71.5510724319999,-35.8654275581038],[-71.5508477999999,-35.8648245141038],[-71.5502277019999,-35.8649950811038],[-71.5503559039999,-35.8655993641038],[-71.5510724319999,-35.8654275581038]]]}},{"type":"Feature","properties":{"id":"7401083123004","commune":"Linares","code":"07401","gse":"C3","quintil":"Q3","nse_score":701.5,"educ":12.5,"educ_score":633.3,"hacin":1.46,"hacin_class":"Hacinamiento Leve","hacin_score":753.2,"auto_score":361.1,"n_per":73,"n_hog":19,"source_year":2024},"geometry":{"type":"Polygon","coordinates":[[[-71.5467926729999,-35.8653024441038],[-71.5469082529999,-35.8654117721038],[-71.5463033549999,-35.8653700551038],[-71.5462391059999,-35.8659803231037],[-71.5427795329999,-35.8655531421038],[-71.542497609,-35.8663031131038],[-71.5471377449999,-35.8667985791037],[-71.5469608619999,-35.8660021391037],[-71.5471191899999,-35.8653434451038],[-71.5470557799999,-35.8651214151038],[-71.5467926729999,-35.8653024441038]]]}},{"type":"Feature","properties":{"id":"7401083123005","commune":"Linares","code":"07401","gse":"D","quintil":"Q1","nse_score":601.8,"educ":9.4,"educ_score":426.7,"hacin":1.258,"hacin_class":"Hacinamiento Leve","hacin_score":796.2,"auto_score":153.8,"n_per":39,"n_hog":13,"source_year":2024},"geometry":{"type":"Polygon","coordinates":[[[-71.5488225009999,-35.8669424681038],[-71.5484913429999,-35.8659790401038],[-71.5474218689999,-35.8659301931038],[-71.5474660479999,-35.8652761201038],[-71.5471589109999,-35.8653076561037],[-71.5470055759999,-35.8660008691038],[-71.5471836249999,-35.8668025581038],[-71.5488225009999,-35.8669424681038]]]}},{"type":"Feature","properties":{"id":"7401083123006","commune":"Linares","code":"07401","gse":"D","quintil":"Q2","nse_score":641.9,"educ":9.8,"educ_score":453.3,"hacin":1.4,"hacin_class":"Hacinamiento Leve","hacin_score":766.0,"auto_score":230.8,"n_per":42,"n_hog":13,"source_year":2024},"geometry":{"type":"Polygon","coordinates":[[[-71.5504973899999,-35.8662719601038],[-71.5513296169999,-35.8661017611037],[-71.5510918609999,-35.8654795291038],[-71.5503669459999,-35.8656514751038],[-71.5504973899999,-35.8662719601038]]]}},{"type":"Feature","properties":{"id":"7401083123008","commune":"Linares","code":"07401","gse":"D","quintil":"Q1","nse_score":621.2,"educ":10.1,"educ_score":473.3,"hacin":1.524,"hacin_class":"Hacinamiento Medio","hacin_score":739.6,"auto_score":100.0,"n_per":32,"n_hog":10,"source_year":2024},"geometry":{"type":"Polygon","coordinates":[[[-71.5505220509999,-35.8663514181038],[-71.5506708219999,-35.8670673901037],[-71.5517070159999,-35.8671075811037],[-71.5515917989999,-35.8668127491038],[-71.5507943089999,-35.8669548311037],[-71.5515775009999,-35.8667748151037],[-71.5513490309999,-35.8661534861037],[-71.5505220509999,-35.8663514181038]]]}},{"type":"Feature","properties":{"id":"7401083123009","commune":"Linares","code":"07401","gse":"D","quintil":"Q2","nse_score":650.4,"educ":10.4,"educ_score":493.3,"hacin":1.036,"hacin_class":"Hacinamiento Leve","hacin_score":843.5,"auto_score":409.1,"n_per":29,"n_hog":10,"source_year":2024},"geometry":{"type":"Polygon","coordinates":[[[-71.5466752909999,-35.8678342721037],[-71.5469745179999,-35.8685709421038],[-71.5496338929999,-35.8674276021038],[-71.5496773269999,-35.8670796121038],[-71.5457456859999,-35.8667368041037],[-71.5454671859999,-35.8676768811038],[-71.5466752909999,-35.8678342721037]]]}},{"type":"Feature","properties":{"id":"7401083123010","commune":"Linares","code":"07401","gse":"E","quintil":"Q1","nse_score":590.4,"educ":10.2,"educ_score":480.0,"hacin":1.08,"hacin_class":"Hacinamiento Leve","hacin_score":834.0,"auto_score":111.1,"n_per":54,"n_hog":31,"source_year":2024},"geometry":{"type":"Polygon","coordinates":[[[-71.5497446999999,-35.8670746961037],[-71.5496886179999,-35.8674636041038],[-71.5505112309999,-35.8689122611037],[-71.5483085399999,-35.8713401331037],[-71.5472044439999,-35.8717240971037],[-71.5459927829999,-35.8723808481037],[-71.5462226649999,-35.8727479991037],[-71.5509949179999,-35.8698877961037],[-71.5510294649999,-35.8695828511037],[-71.5507085759999,-35.8690225011037],[-71.5507005759999,-35.8686393091038],[-71.5521744449999,-35.8671838111038],[-71.5497446999999,-35.8670746961037]]]}},{"type":"Feature","properties":{"id":"7401083123003","commune":"Linares","code":"07401","gse":"E","quintil":"Q1","nse_score":537.6,"educ":10.5,"educ_score":500.0,"hacin":1.278,"hacin_class":"Hacinamiento Leve","hacin_score":792.0,"auto_score":200.0,"n_per":23,"n_hog":10,"source_year":2024},"geometry":{"type":"MultiPolygon","coordinates":[[[[-71.5409333839999,-35.8668996301037],[-71.5416868579999,-35.8677196751037],[-71.5420260699999,-35.8673951051038],[-71.5427064939999,-35.8674670591037],[-71.5431529389999,-35.8682359291037],[-71.5439487089999,-35.8678965591037],[-71.5437789419999,-35.8675589061038],[-71.5432838909999,-35.8675085221037],[-71.5431325979999,-35.8677014111037],[-71.5432731209999,-35.8674711041038],[-71.5454279939999,-35.8676554321037],[-71.5457014079999,-35.8667325211038],[-71.5418915459999,-35.8663059121037],[-71.5412246269999,-35.8661147541038],[-71.5409157659999,-35.8664960071038],[-71.5410795249999,-35.8667991091038],[-71.5409333839999,-35.8668996301037]]],[[[-71.5425604129999,-35.8649927931038],[-71.5419424629999,-35.8657589021037],[-71.5409488689999,-35.8654604321038],[-71.5407454829999,-35.8659055661038],[-71.5424534129999,-35.8662980301038],[-71.5429096299999,-35.8648909541037],[-71.5425604129999,-35.8649927931038]]]]}},{"type":"Feature","properties":{"id":"7401083129001","commune":"Linares","code":"07401","gse":"E","quintil":"Q1","nse_score":542.3,"educ":9.5,"educ_score":433.3,"hacin":1.63,"hacin_class":"Hacinamiento Medio","hacin_score":717.1,"auto_score":153.8,"n_per":44,"n_hog":14,"source_year":2024},"geometry":{"type":"Polygon","coordinates":[[[-71.5402608099999,-35.8783004191036],[-71.5407200999999,-35.8792545671036],[-71.5412200169999,-35.8790415301036],[-71.5420550879999,-35.8804317751036],[-71.5416602069999,-35.8808831541036],[-71.5420530099999,-35.8814291871036],[-71.5436690969999,-35.8805966271036],[-71.5435920669999,-35.8802451801036],[-71.5414466899999,-35.8770369811037],[-71.5401809069999,-35.8777334641037],[-71.5403826859999,-35.8780837331036],[-71.5402608099999,-35.8783004191036]]]}},{"type":"Feature","properties":{"id":"7401083129002","commune":"Linares","code":"07401","gse":"C2","quintil":"Q3","nse_score":714.3,"educ":12.5,"educ_score":633.3,"hacin":1.172,"hacin_class":"Hacinamiento Leve","hacin_score":814.4,"auto_score":583.3,"n_per":34,"n_hog":12,"source_year":2024},"geometry":{"type":"Polygon","coordinates":[[[-71.5348163339999,-35.8815290181036],[-71.5358204259999,-35.8830534421036],[-71.5376046649999,-35.8821606191036],[-71.5358413419999,-35.8830853501036],[-71.5364018139999,-35.8839632141036],[-71.5388923859999,-35.8828430591036],[-71.5388237859999,-35.8825215121036],[-71.5389334379999,-35.8828247911036],[-71.5397695659999,-35.8824533931036],[-71.5396352769999,-35.8818360751036],[-71.5398102959999,-35.8824353271036],[-71.5402392299999,-35.8822450701036],[-71.5400500959999,-35.8813409231036],[-71.5386125109999,-35.8819345881036],[-71.5384025579999,-35.8810157381036],[-71.5370556889999,-35.8819683151036],[-71.5362204919999,-35.8806375331036],[-71.5348163339999,-35.8815290181036]]]}},{"type":"Feature","properties":{"id":"7401083144001","commune":"Linares","code":"07401","gse":"E","quintil":"Q1","nse_score":585.4,"educ":9.0,"educ_score":400.0,"hacin":1.677,"hacin_class":"Hacinamiento Medio","hacin_score":706.9,"auto_score":300.0,"n_per":52,"n_hog":15,"source_year":2024},"geometry":{"type":"Polygon","coordinates":[[[-71.4917866209999,-35.8827620381036],[-71.4913093629999,-35.8806504051036],[-71.490778325,-35.8811868741036],[-71.4904531449999,-35.8819906591036],[-71.490217233,-35.8819458301036],[-71.4898408729999,-35.8827542601036],[-71.4890967489999,-35.8835138751036],[-71.4883396199999,-35.8830538491036],[-71.4875450919999,-35.8837213311036],[-71.4875479259999,-35.8842587591035],[-71.4888961269999,-35.8840290991036],[-71.4899508149999,-35.8830759591036],[-71.4917866209999,-35.8827620381036]]]}},{"type":"Feature","properties":{"id":"7401083144004","commune":"Linares","code":"07401","gse":"E","quintil":"Q1","nse_score":566.3,"educ":8.4,"educ_score":360.0,"hacin":1.224,"hacin_class":"Hacinamiento Leve","hacin_score":803.4,"auto_score":171.9,"n_per":82,"n_hog":33,"source_year":2024},"geometry":{"type":"Polygon","coordinates":[[[-71.4822477589999,-35.8819454611036],[-71.4828612049999,-35.8851306531035],[-71.4874815559999,-35.8842703361036],[-71.487485692,-35.8822827781036],[-71.4871973539999,-35.8822889351036],[-71.4871446079999,-35.8828581471036],[-71.4861542279999,-35.8829864691036],[-71.4862216559999,-35.8834921771036],[-71.4867325789999,-35.8834504271036],[-71.4868033299999,-35.8838853821036],[-71.4832322499999,-35.8845188421036],[-71.4826700099999,-35.8815786861036],[-71.4822477589999,-35.8819454611036]]]}},{"type":"Feature","properties":{"id":"7401083144006","commune":"Linares","code":"07401","gse":"E","quintil":"Q1","nse_score":573.6,"educ":7.5,"educ_score":300.0,"hacin":1.163,"hacin_class":"Hacinamiento Leve","hacin_score":816.4,"auto_score":130.4,"n_per":50,"n_hog":22,"source_year":2024},"geometry":{"type":"Polygon","coordinates":[[[-71.4899803249999,-35.8831258561036],[-71.4890049719999,-35.8840112841036],[-71.4919475599999,-35.8835113411036],[-71.4917983349999,-35.8828152791036],[-71.4899803249999,-35.8831258561036]]]}},{"type":"Feature","properties":{"id":"7401083144007","commune":"Linares","code":"07401","gse":"E","quintil":"Q1","nse_score":493.1,"educ":6.6,"educ_score":240.0,"hacin":1.2,"hacin_class":"Hacinamiento Leve","hacin_score":808.5,"auto_score":136.4,"n_per":30,"n_hog":11,"source_year":2024},"geometry":{"type":"Polygon","coordinates":[[[-71.4907974559999,-35.8837835051036],[-71.4910379929999,-35.8847456501036],[-71.4922233599999,-35.8845611831036],[-71.4919960199999,-35.8835767281035],[-71.4907974559999,-35.8837835051036]]]}},{"type":"Feature","properties":{"id":"7401083144008","commune":"Linares","code":"07401","gse":"E","quintil":"Q1","nse_score":561.4,"educ":8.1,"educ_score":340.0,"hacin":0.947,"hacin_class":"Sin Hacinamiento","hacin_score":862.3,"auto_score":41.7,"n_per":18,"n_hog":9,"source_year":2024},"geometry":{"type":"Polygon","coordinates":[[[-71.4705376189999,-35.8839551551036],[-71.467908141,-35.8841297401036],[-71.4678118019999,-35.8836834921036],[-71.4675808189999,-35.8837050971036],[-71.4677736029999,-35.8849158981036],[-71.4717597389999,-35.8846574961036],[-71.4716889509999,-35.8836209691036],[-71.4704938419999,-35.8837250541036],[-71.4705376189999,-35.8839551551036]]]}},{"type":"Feature","properties":{"id":"7401083144009","commune":"Linares","code":"07401","gse":"E","quintil":"Q1","nse_score":550.8,"educ":7.9,"educ_score":326.7,"hacin":1.125,"hacin_class":"Hacinamiento Leve","hacin_score":824.5,"auto_score":90.9,"n_per":27,"n_hog":10,"source_year":2024},"geometry":{"type":"Polygon","coordinates":[[[-71.4762926439999,-35.8837857421036],[-71.4760792789999,-35.8845005601036],[-71.4747132819999,-35.8842532821036],[-71.4747202819999,-35.8839133011036],[-71.4718000469999,-35.8841176291036],[-71.4718331119999,-35.8846446441036],[-71.4736771209999,-35.8845195851036],[-71.4766791819999,-35.8847613921035],[-71.4769445089999,-35.8840053441036],[-71.4767462229999,-35.8847674591036],[-71.4782661649999,-35.8849106721036],[-71.4781882159999,-35.8844547351036],[-71.4773085439999,-35.8847327581036],[-71.4770612529999,-35.8838540631036],[-71.4762926439999,-35.8837857421036]]]}},{"type":"Feature","properties":{"id":"7401083144011","commune":"Linares","code":"07401","gse":"E","quintil":"Q1","nse_score":590.1,"educ":9.5,"educ_score":433.3,"hacin":1.462,"hacin_class":"Hacinamiento Leve","hacin_score":752.9,"auto_score":227.3,"n_per":38,"n_hog":11,"source_year":2024},"geometry":{"type":"Polygon","coordinates":[[[-71.4675492769999,-35.8839358811036],[-71.4664248159999,-35.8839966561036],[-71.4664743589999,-35.8842216801036],[-71.4619168999999,-35.8845150521036],[-71.4620834359999,-35.8852758601035],[-71.4677073129999,-35.8849202171036],[-71.4675492769999,-35.8839358811036]]]}},{"type":"Feature","properties":{"id":"7401083144015","commune":"Linares","code":"07401","gse":"E","quintil":"Q1","nse_score":543.2,"educ":6.9,"educ_score":260.0,"hacin":1.095,"hacin_class":"Hacinamiento Leve","hacin_score":830.8,"auto_score":150.0,"n_per":23,"n_hog":10,"source_year":2024},"geometry":{"type":"Polygon","coordinates":[[[-71.469489258,-35.8857100391036],[-71.469426617,-35.8860502241035],[-71.4705316039999,-35.8859730861035],[-71.4709967539999,-35.8863824181035],[-71.4707277979999,-35.8868471491036],[-71.4716049399999,-35.8873039351035],[-71.4737308959999,-35.8845946871036],[-71.4690398209999,-35.8849057081036],[-71.4684812419999,-35.8855007021036],[-71.469116573,-35.8855217751035],[-71.4690882089999,-35.8856859161036],[-71.469489258,-35.8857100391036]]]}},{"type":"Feature","properties":{"id":"7401083144016","commune":"Linares","code":"07401","gse":"D","quintil":"Q1","nse_score":604.0,"educ":9.7,"educ_score":446.7,"hacin":1.296,"hacin_class":"Hacinamiento Leve","hacin_score":788.0,"auto_score":55.6,"n_per":35,"n_hog":9,"source_year":2024},"geometry":{"type":"Polygon","coordinates":[[[-71.4740561199999,-35.8850655661036],[-71.4735773439999,-35.8848883461036],[-71.4720914199999,-35.8867637321036],[-71.4725449979999,-35.8870076731035],[-71.4737759509999,-35.8854192921036],[-71.4744841709999,-35.8856179561035],[-71.4747234989999,-35.8852036351036],[-71.4764630189999,-35.8853857311036],[-71.4765074269999,-35.8851158631036],[-71.4770710739999,-35.8851739361036],[-71.477067658,-35.8853857311036],[-71.4788633029999,-35.8855703891036],[-71.4793273419999,-35.8850961361036],[-71.4738068839999,-35.8845985391036],[-71.473613456,-35.8848427521036],[-71.4740561199999,-35.8850655661036]]]}},{"type":"Feature","properties":{"id":"7401083144019","commune":"Linares","code":"07401","gse":"E","quintil":"Q1","nse_score":560.9,"educ":8.1,"educ_score":340.0,"hacin":0.889,"hacin_class":"Sin Hacinamiento","hacin_score":874.7,"auto_score":93.8,"n_per":32,"n_hog":16,"source_year":2024},"geometry":{"type":"Polygon","coordinates":[[[-71.4690398209999,-35.8849057081036],[-71.4602798579999,-35.8854765711035],[-71.4602433759999,-35.8866661761036],[-71.4621293029999,-35.8866086741036],[-71.4621004439999,-35.8858583441035],[-71.4684812419999,-35.8855007021036],[-71.4690398209999,-35.8849057081036]]]}},{"type":"Feature","properties":{"id":"7401083144020","commune":"Linares","code":"07401","gse":"D","quintil":"Q1","nse_score":619.3,"educ":9.0,"educ_score":400.0,"hacin":1.121,"hacin_class":"Hacinamiento Leve","hacin_score":825.3,"auto_score":147.1,"n_per":37,"n_hog":17,"source_year":2024},"geometry":{"type":"Polygon","coordinates":[[[-71.4793273419999,-35.8850961361036],[-71.4784911199999,-35.8858313131035],[-71.4785591349999,-35.8878372351036],[-71.4813618539999,-35.8875563361035],[-71.4813838239999,-35.8873321001035],[-71.4804002209999,-35.8873774901035],[-71.4807387769999,-35.8873417081036],[-71.4807075689999,-35.8865028031035],[-71.4807627079999,-35.8866931041036],[-71.4814647789999,-35.8866125051036],[-71.481618883,-35.8853156781036],[-71.4805583059999,-35.8852233761036],[-71.4804140929999,-35.8856894841036],[-71.4805515449999,-35.8857542701036],[-71.4806367869999,-35.8861377591036],[-71.4803845889999,-35.8864121441036],[-71.4803802569999,-35.8866620181035],[-71.480254053,-35.8867320351036],[-71.480319887,-35.8863971101036],[-71.480570725,-35.8861313121035],[-71.4803978679999,-35.8857419221036],[-71.480086104,-35.8867435671035],[-71.4793218389999,-35.8869492841036],[-71.4800323419999,-35.8867056491036],[-71.4803322469999,-35.8857325891036],[-71.4797257019999,-35.8857246241035],[-71.4794575329999,-35.8863503591036],[-71.479479953,-35.8860260221036],[-71.4796924639999,-35.8856743941035],[-71.480348579,-35.8856798061036],[-71.4804919569999,-35.8852163961035],[-71.4795042079999,-35.8851148331036],[-71.4793824679999,-35.8856046171036],[-71.4794384859999,-35.8851069341036],[-71.4793273419999,-35.8850961361036]]]}},{"type":"Feature","properties":{"id":"7401083144021","commune":"Linares","code":"07401","gse":"C2","quintil":"Q4","nse_score":727.0,"educ":11.2,"educ_score":546.7,"hacin":1.04,"hacin_class":"Hacinamiento Leve","hacin_score":842.6,"auto_score":333.3,"n_per":26,"n_hog":9,"source_year":2024},"geometry":{"type":"Polygon","coordinates":[[[-71.4827962369999,-35.8860945651036],[-71.4828071349999,-35.8852145941036],[-71.4816854599999,-35.8853170961035],[-71.4815323329999,-35.8866057131036],[-71.4823336349999,-35.8865458731035],[-71.4824325129999,-35.8871734621036],[-71.4826625379999,-35.8871501761035],[-71.4826063819999,-35.8861179191036],[-71.4827962369999,-35.8860945651036]]]}},{"type":"Feature","properties":{"id":"7401083144023","commune":"Linares","code":"07401","gse":"D","quintil":"Q1","nse_score":599.3,"educ":8.9,"educ_score":393.3,"hacin":1.433,"hacin_class":"Hacinamiento Leve","hacin_score":758.9,"auto_score":178.6,"n_per":43,"n_hog":13,"source_year":2024},"geometry":{"type":"Polygon","coordinates":[[[-71.4815254299999,-35.8866638041036],[-71.4814533069999,-35.8872707331035],[-71.4823665649999,-35.8871800131035],[-71.4822843999999,-35.8865990971035],[-71.4815254299999,-35.8866638041036]]]}},{"type":"Feature","properties":{"id":"7401083144024","commune":"Linares","code":"07401","gse":"D","quintil":"Q1","nse_score":619.3,"educ":9.9,"educ_score":460.0,"hacin":1.471,"hacin_class":"Hacinamiento Leve","hacin_score":750.9,"auto_score":200.0,"n_per":25,"n_hog":8,"source_year":2024},"geometry":{"type":"Polygon","coordinates":[[[-71.4807619549999,-35.8867477891035],[-71.480804857,-35.8873351441036],[-71.4813857629999,-35.8872774431036],[-71.4814582019999,-35.8866678591035],[-71.4807619549999,-35.8867477891035]]]}},{"type":"Feature","properties":{"id":"7401083144025","commune":"Linares","code":"07401","gse":"E","quintil":"Q1","nse_score":579.8,"educ":8.3,"educ_score":353.3,"hacin":1.611,"hacin_class":"Hacinamiento Medio","hacin_score":721.0,"auto_score":166.7,"n_per":29,"n_hog":9,"source_year":2024},"geometry":{"type":"Polygon","coordinates":[[[-71.4814511259999,-35.8873254141035],[-71.4813474859999,-35.8880641631036],[-71.4826979379999,-35.8878008731035],[-71.4826652969999,-35.8872008901035],[-71.4814511259999,-35.8873254141035]]]}},{"type":"Feature","properties":{"id":"7401083144002","commune":"Linares","code":"07401","gse":"C3","quintil":"Q2","nse_score":670.7,"educ":9.8,"educ_score":453.3,"hacin":1.25,"hacin_class":"Hacinamiento Leve","hacin_score":797.9,"auto_score":500.0,"n_per":10,"n_hog":4,"source_year":2024},"geometry":{"type":"MultiPolygon","coordinates":[[[[-71.4883757289999,-35.8830196841036],[-71.4890717509999,-35.8834672351036],[-71.4897783879999,-35.8827460451036],[-71.4891126719999,-35.8823224021036],[-71.4883757289999,-35.8830196841036]]],[[[-71.4885165679999,-35.8816629881036],[-71.4876901899999,-35.8817402851036],[-71.4875212749999,-35.8824107051036],[-71.4875771189999,-35.8836546391036],[-71.4899208219999,-35.8815203201036],[-71.4889342449999,-35.8810987151036],[-71.4885165679999,-35.8816629881036]]]]}},{"type":"Feature","properties":{"id":"7401083144014","commune":"Linares","code":"07401","gse":"E","quintil":"Q1","nse_score":516.4,"educ":7.8,"educ_score":320.0,"hacin":1.6,"hacin_class":"Hacinamiento Medio","hacin_score":723.4,"auto_score":214.3,"n_per":24,"n_hog":8,"source_year":2024},"geometry":{"type":"MultiPolygon","coordinates":[[[[-71.4596232739999,-35.8866771691035],[-71.4601759639999,-35.8866973041035],[-71.4602132519999,-35.8854814301035],[-71.4596440149999,-35.8855244811036],[-71.4596232739999,-35.8866771691035]]],[[[-71.4617887059999,-35.8842485651036],[-71.4601737449999,-35.8853602411036],[-71.4600727119999,-35.8848542611036],[-71.4589275959999,-35.8850416441036],[-71.4589857309999,-35.8855021571036],[-71.4620168249999,-35.8852797851036],[-71.4617887059999,-35.8842485651036]]]]}},{"type":"Feature","properties":{"id":"7401083144012","commune":"Linares","code":"07401","gse":"E","quintil":"Q1","nse_score":585.5,"educ":7.4,"educ_score":293.3,"hacin":1.19,"hacin_class":"Hacinamiento Leve","hacin_score":810.5,"auto_score":187.5,"n_per":25,"n_hog":8,"source_year":2024},"geometry":{"type":"MultiPolygon","coordinates":[[[[-71.4869701049999,-35.8850553181036],[-71.4871731449999,-35.8843978571036],[-71.4857820089999,-35.8846405141036],[-71.4857702969999,-35.8851587831036],[-71.4857375369999,-35.8846482711036],[-71.4828729229999,-35.8852025871036],[-71.4829107879999,-35.8860801941036],[-71.4850530189999,-35.8856605141035],[-71.4858080309999,-35.8856884781036],[-71.4864150229999,-35.8850351331036],[-71.4872805019999,-35.8856753511036],[-71.4877186019999,-35.8850565401036],[-71.4878438139999,-35.8851178981036],[-71.4888070989999,-35.8841173571036],[-71.4872440849999,-35.8843854821035],[-71.4869701049999,-35.8850553181036]]],[[[-71.4879007659999,-35.8851458121036],[-71.4882649059999,-35.8853242831036],[-71.4893402199999,-35.8846192561036],[-71.4892886499999,-35.8840383801036],[-71.4889098779999,-35.8841003751036],[-71.4879007659999,-35.8851458121036]]]]}},{"type":"Feature","properties":{"id":"7401083144010","commune":"Linares","code":"07401","gse":"D","quintil":"Q1","nse_score":604.6,"educ":8.6,"educ_score":373.3,"hacin":1.0,"hacin_class":"Hacinamiento Leve","hacin_score":851.1,"auto_score":100.0,"n_per":20,"n_hog":10,"source_year":2024},"geometry":{"type":"MultiPolygon","coordinates":[[[[-71.4818475099999,-35.8847006641035],[-71.4819751399999,-35.8852455101036],[-71.4827962619999,-35.8851428291036],[-71.4826983069999,-35.8846047841036],[-71.4818475099999,-35.8847006641035]]],[[[-71.4787590269999,-35.8838984711036],[-71.478644889,-35.8840404061036],[-71.4781868089999,-35.8840247381036],[-71.4783344659999,-35.8849178471036],[-71.480679844,-35.8851638381036],[-71.4811469629999,-35.8845137021036],[-71.4807488239999,-35.8851713201036],[-71.4819078759999,-35.8852497151035],[-71.4817903619999,-35.8846711931036],[-71.4813295999999,-35.8845566991036],[-71.481286898,-35.8843664691036],[-71.4810853519999,-35.8842810681036],[-71.4808074739999,-35.8846342041036],[-71.4799538929999,-35.8843945001036],[-71.4801045689999,-35.8842126381036],[-71.4787590269999,-35.8838984711036]]]]}},{"type":"Feature","properties":{"id":"7401103165009","commune":"Linares","code":"07401","gse":"E","quintil":"Q1","nse_score":576.6,"educ":9.1,"educ_score":406.7,"hacin":0.952,"hacin_class":"Sin Hacinamiento","hacin_score":861.2,"auto_score":166.7,"n_per":20,"n_hog":9,"source_year":2024},"geometry":{"type":"Polygon","coordinates":[[[-71.4120563129999,-35.9195560871032],[-71.4118605329999,-35.9226834391032],[-71.411411573,-35.9225527521032],[-71.4104070109999,-35.9229875591032],[-71.4103167909999,-35.9230447791032],[-71.4103521849999,-35.9235301671032],[-71.4123332509999,-35.9237752071032],[-71.4123397919999,-35.9226556171032],[-71.4131696099999,-35.9201752111032],[-71.4123682309999,-35.9200394881032],[-71.4130087169999,-35.9200878041032],[-71.4132164199999,-35.9201720591032],[-71.4130532659999,-35.9206801131032],[-71.4136771549999,-35.9208897531032],[-71.4138819599999,-35.9204955871032],[-71.4137333549999,-35.9209135071032],[-71.4130416609999,-35.9207152101032],[-71.4123836639999,-35.9226617831032],[-71.4123770559999,-35.9237807261032],[-71.4149358919999,-35.9241087881032],[-71.4152138409999,-35.9231656901032],[-71.4136588169999,-35.9228950931032],[-71.4144840639999,-35.9229759951032],[-71.414612169,-35.9225641331032],[-71.4139074489999,-35.9224012601032],[-71.4146236989999,-35.9225292241032],[-71.4147909029999,-35.9220472731032],[-71.4141406359999,-35.9218784541032],[-71.4148029439999,-35.9220125651032],[-71.4149519799999,-35.9214330871032],[-71.414362949,-35.9213323791032],[-71.4149591429999,-35.9213974821032],[-71.4152269349999,-35.9198395551032],[-71.4136196699999,-35.9197772521032],[-71.4120563129999,-35.9195560871032]]]}},{"type":"Feature","properties":{"id":"7401103165014","commune":"Linares","code":"07401","gse":"D","quintil":"Q2","nse_score":646.7,"educ":9.4,"educ_score":426.7,"hacin":0.85,"hacin_class":"Sin Hacinamiento","hacin_score":883.0,"auto_score":166.7,"n_per":17,"n_hog":9,"source_year":2024},"geometry":{"type":"Polygon","coordinates":[[[-71.4159924989999,-35.9199023981032],[-71.4155738469999,-35.9221745771032],[-71.4149798589999,-35.9241141331032],[-71.4161346949999,-35.9242838891031],[-71.4161747709999,-35.9234618431031],[-71.4157091879999,-35.9233978301032],[-71.4161765279999,-35.9234258081032],[-71.4162523449999,-35.9219292761032],[-71.4166007569999,-35.9201235851032],[-71.4165143519999,-35.9207955151032],[-71.4171111719999,-35.9209409981032],[-71.4171895929999,-35.9199991311032],[-71.4159924989999,-35.9199023981032]]]}},{"type":"Feature","properties":{"id":"7401103165024","commune":"Linares","code":"07401","gse":"E","quintil":"Q1","nse_score":472.2,"educ":8.1,"educ_score":340.0,"hacin":1.3,"hacin_class":"Hacinamiento Leve","hacin_score":787.2,"auto_score":125.0,"n_per":13,"n_hog":4,"source_year":2024},"geometry":{"type":"Polygon","coordinates":[[[-71.3804720519999,-35.9209370831032],[-71.3803151839999,-35.9214500591032],[-71.3804264259999,-35.9209420881032],[-71.3779137499999,-35.9213113001032],[-71.3789225979999,-35.9226257451032],[-71.3793434639999,-35.9226805301032],[-71.3794394219999,-35.9219691311032],[-71.3798115979999,-35.9219140541032],[-71.3819106879999,-35.9222199411032],[-71.3821308889999,-35.9206648491032],[-71.3804720519999,-35.9209370831032]]]}},{"type":"Feature","properties":{"id":"7401103165027","commune":"Linares","code":"07401","gse":"C3","quintil":"Q3","nse_score":680.5,"educ":12.3,"educ_score":620.0,"hacin":1.357,"hacin_class":"Hacinamiento Leve","hacin_score":775.1,"auto_score":100.0,"n_per":19,"n_hog":5,"source_year":2024},"geometry":{"type":"Polygon","coordinates":[[[-71.4168923319999,-35.9218827801032],[-71.4163239289999,-35.9217781131032],[-71.4161785699999,-35.9242935661032],[-71.4169145139999,-35.9245572941032],[-71.4170775129999,-35.9214824951032],[-71.4164093709999,-35.9213279801032],[-71.4163303009999,-35.9217421921032],[-71.4168923319999,-35.9218827801032]]]}},{"type":"Feature","properties":{"id":"7401103165044","commune":"Linares","code":"07401","gse":"C3","quintil":"Q2","nse_score":656.7,"educ":11.0,"educ_score":533.3,"hacin":1.188,"hacin_class":"Hacinamiento Leve","hacin_score":811.2,"auto_score":250.0,"n_per":19,"n_hog":6,"source_year":2024},"geometry":{"type":"Polygon","coordinates":[[[-71.4135172629999,-35.9247653641032],[-71.4163133299999,-35.9250477131031],[-71.4161395839999,-35.9273341211031],[-71.4178062409999,-35.9275102191031],[-71.4178447509999,-35.9273305801031],[-71.419883394,-35.9276829941031],[-71.4200777249999,-35.9259830561032],[-71.417214956,-35.9247520021031],[-71.4171698249999,-35.9250841201032],[-71.4175681509999,-35.9252246141032],[-71.417527387,-35.9273085841031],[-71.4165557769999,-35.9272065461031],[-71.4167619229999,-35.9250097401032],[-71.4171269919999,-35.9250712331031],[-71.4171726189999,-35.9247354711032],[-71.4161411469999,-35.9243589441032],[-71.4134296559999,-35.9239936651032],[-71.4135172629999,-35.9247653641032]]]}},{"type":"Feature","properties":{"id":"7401103165046","commune":"Linares","code":"07401","gse":"E","quintil":"Q1","nse_score":590.7,"educ":9.7,"educ_score":446.7,"hacin":0.895,"hacin_class":"Sin Hacinamiento","hacin_score":873.5,"auto_score":250.0,"n_per":17,"n_hog":8,"source_year":2024},"geometry":{"type":"Polygon","coordinates":[[[-71.4266451089999,-35.9270475941031],[-71.4269130789999,-35.9247880971031],[-71.4266195179999,-35.9248006751031],[-71.4261967979999,-35.9244913501032],[-71.4257371159999,-35.9269508551031],[-71.4266451089999,-35.9270475941031]]]}},{"type":"Feature","properties":{"id":"7401103165047","commune":"Linares","code":"07401","gse":"D","quintil":"Q1","nse_score":622.7,"educ":10.5,"educ_score":500.0,"hacin":0.727,"hacin_class":"Sin Hacinamiento","hacin_score":909.1,"auto_score":187.5,"n_per":16,"n_hog":8,"source_year":2024},"geometry":{"type":"Polygon","coordinates":[[[-71.4269583479999,-35.9247835211032],[-71.4266880209999,-35.9270618201031],[-71.4250542089999,-35.9268947171031],[-71.4247870099999,-35.9267412021032],[-71.4243776479999,-35.9276472461031],[-71.4249102199999,-35.9278348701031],[-71.4248063639999,-35.9277194821031],[-71.4246974559999,-35.9272852391032],[-71.4247848989999,-35.9271002261031],[-71.4247933839999,-35.9275351191031],[-71.4249906409999,-35.9278632021031],[-71.4260624529999,-35.9282206261031],[-71.4267080719999,-35.9283231171031],[-71.4283437599999,-35.9280782491031],[-71.4284179019999,-35.9275996281031],[-71.4287119459999,-35.9275572581031],[-71.4283705319999,-35.9274396241031],[-71.4275402159999,-35.9276144211031],[-71.4271270529999,-35.9275273861031],[-71.4274080249999,-35.9252933761032],[-71.4275547199999,-35.9252963701032],[-71.4276294249999,-35.9245420061032],[-71.4269583479999,-35.9247835211032]]]}},{"type":"Feature","properties":{"id":"7401103165049","commune":"Linares","code":"07401","gse":"C3","quintil":"Q3","nse_score":696.7,"educ":11.4,"educ_score":560.0,"hacin":0.727,"hacin_class":"Sin Hacinamiento","hacin_score":909.1,"auto_score":250.0,"n_per":8,"n_hog":4,"source_year":2024},"geometry":{"type":"Polygon","coordinates":[[[-71.4168161269999,-35.9250252001031],[-71.4166029489999,-35.9271751581032],[-71.4174838669999,-35.9272676721031],[-71.4175233729999,-35.9252481061031],[-71.4168161269999,-35.9250252001031]]]}},{"type":"Feature","properties":{"id":"7401103165053","commune":"Linares","code":"07401","gse":"E","quintil":"Q1","nse_score":555.2,"educ":7.9,"educ_score":326.7,"hacin":0.7,"hacin_class":"Sin Hacinamiento","hacin_score":914.9,"auto_score":125.0,"n_per":7,"n_hog":4,"source_year":2024},"geometry":{"type":"Polygon","coordinates":[[[-71.4249814419999,-35.9279385191032],[-71.4243895139999,-35.9277299831031],[-71.4243490309999,-35.9278217491031],[-71.4242904089999,-35.9303663561031],[-71.4239216589999,-35.9303096201031],[-71.4238609049999,-35.9316361081031],[-71.4249767379999,-35.9307788421031],[-71.4248703219999,-35.9291385871031],[-71.4250353889999,-35.9290692311031],[-71.4249814419999,-35.9279385191032]]]}},{"type":"Feature","properties":{"id":"7401103165003","commune":"Linares","code":"07401","gse":"D","quintil":"Q1","nse_score":619.0,"educ":8.4,"educ_score":360.0,"hacin":0.692,"hacin_class":"Sin Hacinamiento","hacin_score":916.5,"auto_score":500.0,"n_per":9,"n_hog":4,"source_year":2024},"geometry":{"type":"MultiPolygon","coordinates":[[[[-71.4032148049999,-35.9185048681033],[-71.4033761079999,-35.9189612111032],[-71.4040386769999,-35.9188282401032],[-71.4038722149999,-35.9183808661032],[-71.4032148049999,-35.9185048681033]]],[[[-71.4030462389999,-35.9180279721032],[-71.403202544,-35.9184701811032],[-71.4038593509999,-35.9183462931032],[-71.4036931209999,-35.9178995381032],[-71.4030462389999,-35.9180279721032]]]]}},{"type":"Feature","properties":{"id":"7401103165016","commune":"Linares","code":"07401","gse":"C3","quintil":"Q3","nse_score":674.9,"educ":9.5,"educ_score":433.3,"hacin":0.667,"hacin_class":"Sin Hacinamiento","hacin_score":922.0,"auto_score":250.0,"n_per":8,"n_hog":4,"source_year":2024},"geometry":{"type":"MultiPolygon","coordinates":[[[[-71.4179512309999,-35.9202387081032],[-71.4176661259999,-35.9248482031032],[-71.4179403469999,-35.9249537541032],[-71.4181113389999,-35.9220314891032],[-71.4184000019999,-35.9220368461032],[-71.4185138049999,-35.9209799111032],[-71.4184419579999,-35.9220736761032],[-71.4181535449999,-35.9220683251032],[-71.4179837559999,-35.9249700741031],[-71.4200388669999,-35.9258822271031],[-71.420072494,-35.9253152771031],[-71.4208599449999,-35.9251383391032],[-71.4209574179999,-35.9250213141032],[-71.4211836449999,-35.9218521991032],[-71.4202463679999,-35.9216365501032],[-71.4200656449999,-35.9234831211032],[-71.4193350459999,-35.9235830451032],[-71.4191323059999,-35.9241234381031],[-71.4189245689999,-35.9241817071032],[-71.4187232849999,-35.9241132681032],[-71.4188664579999,-35.9206345091032],[-71.4179512309999,-35.9202387081032]]],[[[-71.416958286,-35.9245733911032],[-71.4176227479999,-35.9248312651032],[-71.4179079669999,-35.9202287181032],[-71.4172331319999,-35.9200071561032],[-71.416958286,-35.9245733911032]]]]}},{"type":"Feature","properties":{"id":"7401103165013","commune":"Linares","code":"07401","gse":"C2","quintil":"Q3","nse_score":722.0,"educ":13.0,"educ_score":666.7,"hacin":1.0,"hacin_class":"Hacinamiento Leve","hacin_score":851.1,"auto_score":375.0,"n_per":9,"n_hog":4,"source_year":2024},"geometry":{"type":"MultiPolygon","coordinates":[[[[-71.4145301409999,-35.9229748111032],[-71.4152246889999,-35.9231307351032],[-71.4155079649999,-35.9222334331032],[-71.4148331399999,-35.9220582391032],[-71.4145301409999,-35.9229748111032]]],[[[-71.4148451809999,-35.9220235311032],[-71.4155197369999,-35.9221986551032],[-71.4158244819999,-35.9204989151032],[-71.4151664839999,-35.9204617911032],[-71.4148451809999,-35.9220235311032]]],[[[-71.4152755219999,-35.9198430831032],[-71.4151725039999,-35.9204260021032],[-71.4158312889999,-35.9204631701032],[-71.4159523359999,-35.9198785661033],[-71.4152755219999,-35.9198430831032]]]]}},{"type":"Feature","properties":{"id":"7401103165019","commune":"Linares","code":"07401","gse":"E","quintil":"Q1","nse_score":530.0,"educ":7.6,"educ_score":306.7,"hacin":1.125,"hacin_class":"Hacinamiento Leve","hacin_score":824.5,"auto_score":100.0,"n_per":18,"n_hog":5,"source_year":2024},"geometry":{"type":"MultiPolygon","coordinates":[[[[-71.3893595579999,-35.9214213731032],[-71.3901020599999,-35.9216069271032],[-71.3900831319999,-35.9210020581032],[-71.3901481909999,-35.9207800211032],[-71.3894553299999,-35.9206833341032],[-71.3893595579999,-35.9214213731032]]],[[[-71.3902492089999,-35.9205907271032],[-71.3901467279999,-35.9216178561032],[-71.3913984289999,-35.9219399271032],[-71.391638585,-35.9206370711032],[-71.3904520199999,-35.9209546631032],[-71.3905518899999,-35.9206199871032],[-71.3902492089999,-35.9205907271032]]],[[[-71.3920671539999,-35.9203311171032],[-71.3916924299999,-35.9205477051032],[-71.3915766139999,-35.9216521091032],[-71.3914403049999,-35.9219517361032],[-71.3923679049999,-35.9222577941032],[-71.3923658089999,-35.9218075471032],[-71.3932148309999,-35.9217435501032],[-71.3933227479999,-35.9204562941032],[-71.3920671539999,-35.9203311171032]]]]}},{"type":"Feature","properties":{"id":"7401103165030","commune":"Linares","code":"07401","gse":"C3","quintil":"Q3","nse_score":695.8,"educ":12.9,"educ_score":660.0,"hacin":0.846,"hacin_class":"Sin Hacinamiento","hacin_score":883.8,"auto_score":333.3,"n_per":11,"n_hog":6,"source_year":2024},"geometry":{"type":"MultiPolygon","coordinates":[[[[-71.4052390029999,-35.9231693221032],[-71.4052789679999,-35.9234911531032],[-71.4061204939999,-35.9232847941032],[-71.4052390029999,-35.9231693221032]]],[[[-71.4062353879999,-35.9232665941032],[-71.4062212869999,-35.9229469641032],[-71.4051562789999,-35.9227391091032],[-71.4052319349999,-35.9231323541032],[-71.4062353879999,-35.9232665941032]]],[[[-71.4035791589999,-35.9225095801032],[-71.4044086319999,-35.9250307081032],[-71.4065708349999,-35.9244487401032],[-71.4062985189999,-35.9232787831032],[-71.4043313149999,-35.9237257621032],[-71.4042719169999,-35.9234200971032],[-71.4044304419999,-35.9231257021032],[-71.4051863339999,-35.9231284661032],[-71.4051098139999,-35.9227307261032],[-71.4035791589999,-35.9225095801032]]]]}},{"type":"Feature","properties":{"id":"7401103165052","commune":"Linares","code":"07401","gse":"D","quintil":"Q1","nse_score":596.7,"educ":8.9,"educ_score":393.3,"hacin":1.25,"hacin_class":"Hacinamiento Leve","hacin_score":797.9,"auto_score":125.0,"n_per":15,"n_hog":4,"source_year":2024},"geometry":{"type":"MultiPolygon","coordinates":[[[[-71.4299412859999,-35.9289210721031],[-71.429847117,-35.9292000951031],[-71.4297723959999,-35.9279682681031],[-71.4287201569999,-35.9281030571031],[-71.4287439139999,-35.9287377421031],[-71.4286762249999,-35.9281085951031],[-71.428323486,-35.9281550871031],[-71.4283469909999,-35.9299197061031],[-71.4302447129999,-35.9297231171031],[-71.4303018889999,-35.9295309461031],[-71.4307473739999,-35.9292427561031],[-71.4309804049999,-35.9289223421031],[-71.4308108529999,-35.9280483571032],[-71.4308537109999,-35.9278206591032],[-71.4298161399999,-35.9279622971031],[-71.4299412859999,-35.9289210721031]]],[[[-71.4345751429999,-35.9279202531032],[-71.4351089599999,-35.9283184831031],[-71.4352774239999,-35.9282566391031],[-71.4351431129999,-35.9283482851031],[-71.4349517829999,-35.9283298011032],[-71.4345343449999,-35.9279355891031],[-71.4343628829999,-35.9271146421031],[-71.4329068129999,-35.9275341791032],[-71.4332121399999,-35.9285095191031],[-71.433100856,-35.9286645151031],[-71.4331679639999,-35.9285144771031],[-71.4328650919999,-35.9275469811031],[-71.4309032619999,-35.9278138951031],[-71.4310446539999,-35.9288643251031],[-71.4307816039999,-35.9292659241031],[-71.430453139,-35.9294639681031],[-71.4324850759999,-35.9291908071031],[-71.4324599349999,-35.9290341561031],[-71.4351925129999,-35.9285382421031],[-71.4353068259999,-35.9288616521032],[-71.4366238299999,-35.9285621331031],[-71.4365433239999,-35.9280549431031],[-71.4363589419999,-35.9282582071031],[-71.4364636219999,-35.9280924281031],[-71.4372136899999,-35.9276761811031],[-71.4366884879999,-35.9267260841031],[-71.4366229629999,-35.9263517061031],[-71.434407485,-35.9270998381031],[-71.4345751429999,-35.9279202531032]]]]}},{"type":"Feature","properties":{"id":"7401103165055","commune":"Linares","code":"07401","gse":"E","quintil":"Q1","nse_score":512.0,"educ":7.6,"educ_score":306.7,"hacin":1.25,"hacin_class":"Hacinamiento Leve","hacin_score":797.9,"auto_score":250.0,"n_per":10,"n_hog":4,"source_year":2024},"geometry":{"type":"Polygon","coordinates":[[[-71.4250265699999,-35.9279562741031],[-71.4250831589999,-35.9290913651031],[-71.4249150079999,-35.9291587271031],[-71.4250126129999,-35.9307486911031],[-71.4262106969999,-35.9297311441031],[-71.4265176549999,-35.9299953421031],[-71.4283045709999,-35.9299301451031],[-71.4282790409999,-35.9281623481031],[-71.4278786559999,-35.9282277621031],[-71.4278664139999,-35.9289412941031],[-71.4276993089999,-35.9295472061031],[-71.4278343199999,-35.9282350051031],[-71.4264790309999,-35.9283981111031],[-71.4250265699999,-35.9279562741031]]]}},{"type":"Feature","properties":{"id":"7401103165008","commune":"Linares","code":"07401","gse":"D","quintil":"Q1","nse_score":609.6,"educ":10.4,"educ_score":493.3,"hacin":1.257,"hacin_class":"Hacinamiento Leve","hacin_score":796.4,"auto_score":266.7,"n_per":44,"n_hog":15,"source_year":2024},"geometry":{"type":"MultiPolygon","coordinates":[[[[-71.3841426029999,-35.9210337551032],[-71.3853788289999,-35.9212859671032],[-71.3854181389999,-35.9213749921032],[-71.3841384229999,-35.9210699511032],[-71.3839461819999,-35.9220205821032],[-71.3841099119999,-35.9205044211032],[-71.3821756739999,-35.9206572441032],[-71.3820359999999,-35.9219281151032],[-71.3822847449999,-35.9221346761032],[-71.3825337389999,-35.9221479341032],[-71.3827357169999,-35.9222493661032],[-71.3822699049999,-35.9221692681032],[-71.3820239539999,-35.9219746201032],[-71.3819444969999,-35.9222558761032],[-71.3823160659999,-35.9225678901032],[-71.3828558369999,-35.9224796651032],[-71.3841433669999,-35.9226389171032],[-71.3845211149999,-35.9218420241032],[-71.3863463469999,-35.9216984211032],[-71.3883318379999,-35.9222870581032],[-71.3886561099999,-35.9221438631032],[-71.3888415439999,-35.9218754531032],[-71.3924595769999,-35.9228479361032],[-71.3925477439999,-35.9231466691032],[-71.3924677069999,-35.9232684151032],[-71.3927861749999,-35.9236151471032],[-71.3932299369999,-35.9237234731032],[-71.3930521479999,-35.9251783221032],[-71.3944794179999,-35.9248756081032],[-71.3948262439999,-35.9241766481032],[-71.3954314299999,-35.9238751431031],[-71.3926862239999,-35.9224506041032],[-71.3916030169999,-35.9220739161032],[-71.3872162639999,-35.9209290991032],[-71.3869865009999,-35.9213649971032],[-71.3875265679999,-35.9216026601032],[-71.3866441289999,-35.9213169971032],[-71.3864624309999,-35.9213908851032],[-71.3866441909999,-35.9212794031032],[-71.3869449829999,-35.9213522981032],[-71.3871738809999,-35.9209180381032],[-71.3856693709999,-35.9205279991032],[-71.3841542369999,-35.9205036951032],[-71.3841426029999,-35.9210337551032]]],[[[-71.3857187439999,-35.9195281721032],[-71.3851490789999,-35.9195707341032],[-71.3834937979999,-35.9200930401032],[-71.3834977899999,-35.9204423551032],[-71.3857199199999,-35.9204643501032],[-71.3859172429999,-35.9197554151032],[-71.3857099719999,-35.9197484161032],[-71.3857187439999,-35.9195281721032]]]]}},{"type":"Feature","properties":{"id":"7401103165005","commune":"Linares","code":"07401","gse":"C3","quintil":"Q2","nse_score":671.3,"educ":11.1,"educ_score":540.0,"hacin":1.0,"hacin_class":"Hacinamiento Leve","hacin_score":851.1,"auto_score":312.5,"n_per":19,"n_hog":8,"source_year":2024},"geometry":{"type":"MultiPolygon","coordinates":[[[[-71.4059206149999,-35.9196912391032],[-71.4060498249999,-35.9207234741032],[-71.4065174329999,-35.9206276661032],[-71.4064555409999,-35.9199504871032],[-71.4065611849999,-35.9206202061032],[-71.4071759259999,-35.9205313461032],[-71.4069329669999,-35.9197160021032],[-71.4064716399999,-35.9196123961032],[-71.4059206149999,-35.9196912391032]]],[[[-71.4056474649999,-35.9185114801032],[-71.4040943179999,-35.9188533531032],[-71.4041851649999,-35.9190975021032],[-71.4052734249999,-35.9188796161032],[-71.4041980179999,-35.9191320471032],[-71.4043191319999,-35.9194575371032],[-71.4054693069999,-35.9191952681032],[-71.4043319709999,-35.9194920421032],[-71.4045148709999,-35.9199835741032],[-71.4052341379999,-35.9198858291032],[-71.4045278139999,-35.9200183571032],[-71.4047550649999,-35.9206290721032],[-71.4056715869999,-35.9205577951032],[-71.4057598999999,-35.9207828741032],[-71.4060065269999,-35.9207323451032],[-71.4058552349999,-35.9197403721032],[-71.4058850629999,-35.9196629971032],[-71.4062748359999,-35.9195980941032],[-71.4062533719999,-35.9193759111032],[-71.4065192459999,-35.9191095751032],[-71.4056474649999,-35.9185114801032]]]]}},{"type":"Feature","properties":{"id":"7401103165011","commune":"Linares","code":"07401","gse":"E","quintil":"Q1","nse_score":588.0,"educ":8.7,"educ_score":380.0,"hacin":1.205,"hacin_class":"Hacinamiento Leve","hacin_score":807.4,"auto_score":125.0,"n_per":47,"n_hog":16,"source_year":2024},"geometry":{"type":"MultiPolygon","coordinates":[[[[-71.3881729159999,-35.9197821781032],[-71.3878353429999,-35.9210161331032],[-71.3893165039999,-35.9214104321032],[-71.3894112349999,-35.9206771801032],[-71.3884351319999,-35.9205043901032],[-71.3894126499999,-35.9206408081032],[-71.3894684919999,-35.9203451151032],[-71.3894567449999,-35.9206469621032],[-71.3901584859999,-35.9207448881032],[-71.3902553679999,-35.9200711171032],[-71.3881729159999,-35.9197821781032]]],[[[-71.3859641379999,-35.9197564251032],[-71.3857627449999,-35.9204736291032],[-71.3869029269999,-35.9207716191032],[-71.3870089949999,-35.9205076631032],[-71.3874049119999,-35.9202169651032],[-71.3870481269999,-35.9205254311032],[-71.3869451469999,-35.9207826371032],[-71.3877917139999,-35.9210043701032],[-71.3878260919999,-35.9205672431032],[-71.3881268739999,-35.9197788341032],[-71.3859641379999,-35.9197564251032]]]]}},{"type":"Feature","properties":{"id":"7401103165001","commune":"Linares","code":"07401","gse":"D","quintil":"Q1","nse_score":627.3,"educ":10.7,"educ_score":513.3,"hacin":1.074,"hacin_class":"Hacinamiento Leve","hacin_score":835.3,"auto_score":142.9,"n_per":58,"n_hog":21,"source_year":2024},"geometry":{"type":"MultiPolygon","coordinates":[[[[-71.3960518369999,-35.9244709991032],[-71.3975638229999,-35.9243180691031],[-71.3974388939999,-35.9234253401032],[-71.3960330399999,-35.9238165701031],[-71.3960518369999,-35.9244709991032]]],[[[-71.4002588729999,-35.9225367201032],[-71.3994318499999,-35.9226314941032],[-71.3974813059999,-35.9234097151032],[-71.3975683489999,-35.9240317171032],[-71.3989229339999,-35.9235679001032],[-71.3988463419999,-35.9233619491032],[-71.4003533039999,-35.9229680681032],[-71.4002588729999,-35.9225367201032]]],[[[-71.3968001239999,-35.9199189431032],[-71.3949926939999,-35.9203073801032],[-71.3947377239999,-35.9215316831032],[-71.3956308079999,-35.9213939061032],[-71.3958283619999,-35.9210203001032],[-71.3967074009999,-35.9203573981032],[-71.3968001239999,-35.9199189431032]]],[[[-71.4022077549999,-35.9172435881033],[-71.4017891889999,-35.9175402991032],[-71.4025818459999,-35.9211257901032],[-71.4022937379999,-35.9214016311032],[-71.4013439539999,-35.9213459071032],[-71.4010654509999,-35.9200076781032],[-71.4007428889999,-35.9198094621032],[-71.3993311989999,-35.9200837121032],[-71.3986714579999,-35.9199144361032],[-71.3968413869999,-35.9199341001032],[-71.396746849,-35.9203759661032],[-71.3966167149999,-35.9204871491032],[-71.3967458509999,-35.9212509451032],[-71.3969024029999,-35.9212489261032],[-71.3969656179999,-35.9221854901032],[-71.3970513059999,-35.9222596401032],[-71.3986032419999,-35.9216897961032],[-71.3970412939999,-35.9223036041032],[-71.3969222579999,-35.9222005941032],[-71.3968595269999,-35.9212712001032],[-71.3933232109999,-35.9217783451032],[-71.3924716159999,-35.9217893981032],[-71.3924137819999,-35.9222742301032],[-71.3955157619999,-35.9238185541031],[-71.3968676139999,-35.9235566691032],[-71.3997232089999,-35.9224666731032],[-71.4011479119999,-35.9224688351032],[-71.4008732119999,-35.9215118601032],[-71.4011939749999,-35.9224692331032],[-71.4038138939999,-35.9224498401032],[-71.4062030839999,-35.9228687621032],[-71.4056402369999,-35.9205964411032],[-71.403303106,-35.9208988181032],[-71.4047100699999,-35.9206325711032],[-71.4046009329999,-35.9203392761032],[-71.4034132729999,-35.9206443521032],[-71.4045880939999,-35.9203047741032],[-71.4040515189999,-35.9188627531032],[-71.4033883719999,-35.9189959071032],[-71.403455672,-35.9193167411032],[-71.4033450869999,-35.9190038881033],[-71.4025703819999,-35.9191467321032],[-71.4033328229999,-35.9189691921032],[-71.4031715809999,-35.9185130211033],[-71.4023668119999,-35.9186648121032],[-71.4031593199999,-35.9184783341032],[-71.4030031569999,-35.9180365251032],[-71.4023502019999,-35.9181290581032],[-71.4029909029999,-35.9180018561032],[-71.4029018679999,-35.9176195221032],[-71.4030339849999,-35.9179933031032],[-71.4036802659999,-35.9178649891032],[-71.4035075509999,-35.9173882231032],[-71.4022077549999,-35.9172435881033]]]]}},{"type":"Feature","properties":{"id":"7401103165028","commune":"Linares","code":"07401","gse":"E","quintil":"Q1","nse_score":593.7,"educ":9.3,"educ_score":420.0,"hacin":0.941,"hacin_class":"Sin Hacinamiento","hacin_score":863.6,"auto_score":500.0,"n_per":16,"n_hog":6,"source_year":2024},"geometry":{"type":"MultiPolygon","coordinates":[[[[-71.4246766229999,-35.9241677151032],[-71.4243176099999,-35.9248166881032],[-71.4233114999999,-35.9252638501032],[-71.4231922209999,-35.9254315621031],[-71.4231892909999,-35.9258251781032],[-71.4230098979999,-35.9259716071032],[-71.4223567569999,-35.9261035741032],[-71.4221659899999,-35.9268184591031],[-71.4243357589999,-35.9276315131031],[-71.4248623669999,-35.9264405731031],[-71.4244387659999,-35.9262947511031],[-71.424874971,-35.9264060131032],[-71.4250476859999,-35.9259324301032],[-71.424349349,-35.9256515691032],[-71.4250600149999,-35.9258971821031],[-71.4252049229999,-35.9254703571032],[-71.4244036969999,-35.9251345781032],[-71.4252169739999,-35.9254348621031],[-71.4253507339999,-35.9250408691032],[-71.4245519179999,-35.9247231791032],[-71.4253627339999,-35.9250055221031],[-71.4255432809999,-35.9244737131032],[-71.4246766229999,-35.9241677151032]]],[[[-71.4212269839999,-35.9218647501032],[-71.4210011299999,-35.9250330961032],[-71.4208864669999,-35.9251707591032],[-71.420115672,-35.9253352831031],[-71.4200820499999,-35.9259021631031],[-71.4221253379999,-35.9268008681031],[-71.4223193029999,-35.9260740041031],[-71.4231450869999,-35.9258101961031],[-71.4231476549999,-35.9254654591032],[-71.4232803359999,-35.9252371201032],[-71.4242847359999,-35.9247910921032],[-71.4246357619999,-35.9241537701031],[-71.4239149179999,-35.9239077731032],[-71.4235965149999,-35.9244387151032],[-71.4238739899999,-35.9238938051032],[-71.4232383649999,-35.9236768681032],[-71.4230079939999,-35.9242422641032],[-71.4231968589999,-35.9236635621032],[-71.4225443039999,-35.9234710751032],[-71.4223720929999,-35.9240761461032],[-71.4225019739999,-35.9234585881032],[-71.4223002949999,-35.9233990981032],[-71.4225095659999,-35.9234224871032],[-71.4226959029999,-35.9225849111032],[-71.4220964189999,-35.9221824571032],[-71.4212269839999,-35.9218647501032]]]]}},{"type":"Feature","properties":{"id":"7401103165033","commune":"Linares","code":"07401","gse":"D","quintil":"Q2","nse_score":646.3,"educ":11.1,"educ_score":540.0,"hacin":1.0,"hacin_class":"Hacinamiento Leve","hacin_score":851.1,"auto_score":375.0,"n_per":21,"n_hog":8,"source_year":2024},"geometry":{"type":"MultiPolygon","coordinates":[[[[-71.4259405059999,-35.9248183651032],[-71.4255271709999,-35.9246565781032],[-71.4253676399999,-35.9251264861032],[-71.4258212089999,-35.9253415121031],[-71.4253554399999,-35.9251624211031],[-71.4252130619999,-35.9256057081031],[-71.4256735069999,-35.9258024941031],[-71.4252002149999,-35.9256409331032],[-71.424899981,-35.9264641761032],[-71.4253652229999,-35.9267013651031],[-71.4248868999999,-35.9265000461031],[-71.4248101859999,-35.9267103901031],[-71.4250718049999,-35.9268606991031],[-71.425693254,-35.9269457051031],[-71.426154316,-35.9244801131032],[-71.4249055379999,-35.9237178011032],[-71.4246936079999,-35.9241344251031],[-71.4255796829999,-35.9244368241032],[-71.4255392779999,-35.9246209171031],[-71.4259405059999,-35.9248183651032]]],[[[-71.4246500859999,-35.9241195721032],[-71.4248630729999,-35.9237070811031],[-71.4242864219999,-35.9235691311032],[-71.4234539729999,-35.9230971271032],[-71.4232504899999,-35.9236419191032],[-71.4246500859999,-35.9241195721032]]],[[[-71.4232082729999,-35.9236285881032],[-71.4234168999999,-35.9230728221032],[-71.422734595,-35.9226094391032],[-71.4225518959999,-35.9234349741031],[-71.4232082729999,-35.9236285881032]]]]}},{"type":"Feature","properties":{"id":"7401103165007","commune":"Linares","code":"07401","gse":"E","quintil":"Q1","nse_score":589.3,"educ":10.4,"educ_score":493.3,"hacin":1.053,"hacin_class":"Hacinamiento Leve","hacin_score":839.9,"auto_score":200.0,"n_per":20,"n_hog":9,"source_year":2024},"geometry":{"type":"MultiPolygon","coordinates":[[[[-71.4087895069999,-35.9233844411032],[-71.4092331959999,-35.9275674851031],[-71.4096799729999,-35.9274999251031],[-71.4107519719999,-35.9269916591032],[-71.4108859809999,-35.9268086961032],[-71.410786491,-35.9264862071031],[-71.4108613889999,-35.9263392331032],[-71.4105008489999,-35.9258292351031],[-71.4104704189999,-35.9250596251032],[-71.410492669,-35.9247045211032],[-71.4109035669999,-35.9240839601032],[-71.4109690589999,-35.9237030871032],[-71.4093588509999,-35.9234743851032],[-71.4097050209999,-35.9257913451031],[-71.4095142609999,-35.9251713751032],[-71.4093135709999,-35.9234678951032],[-71.4087895069999,-35.9233844411032]]],[[[-71.4100761749999,-35.9194996801032],[-71.4082060469999,-35.9197288171032],[-71.4087590499999,-35.9231688201032],[-71.4089683299999,-35.9233409361032],[-71.4096418249999,-35.9234417491032],[-71.4092999379999,-35.9206727311032],[-71.4093196109999,-35.9204144771032],[-71.4096871639999,-35.9234482481032],[-71.4103074469999,-35.9235254291032],[-71.4100761749999,-35.9194996801032]]]]}},{"type":"Feature","properties":{"id":"7401103165048","commune":"Linares","code":"07401","gse":"C3","quintil":"Q2","nse_score":671.1,"educ":10.1,"educ_score":473.3,"hacin":0.846,"hacin_class":"Sin Hacinamiento","hacin_score":883.8,"auto_score":83.3,"n_per":11,"n_hog":6,"source_year":2024},"geometry":{"type":"Polygon","coordinates":[[[-71.4290135139999,-35.9247588541032],[-71.4294191429999,-35.9273319471031],[-71.4288351819999,-35.9273337371031],[-71.4288239009999,-35.9275383091031],[-71.4284506419999,-35.9276305621031],[-71.4283875269999,-35.9280720391031],[-71.4296020649999,-35.9279184251031],[-71.4297572549999,-35.9275087571031],[-71.4307043469999,-35.9271399831032],[-71.4303676899999,-35.9265482801032],[-71.4298099989999,-35.9263926861031],[-71.429680103,-35.9262424521031],[-71.4294420079999,-35.9251940571031],[-71.429721921,-35.9262281601031],[-71.4304015299999,-35.9265242361031],[-71.4308440699999,-35.9272863531031],[-71.4322038079999,-35.9271590901031],[-71.430865277,-35.9273417741032],[-71.4307230659999,-35.9271726541031],[-71.4297938909999,-35.9275344511031],[-71.4296509639999,-35.9279117501031],[-71.4325478929999,-35.9275571501031],[-71.4339466259999,-35.9271749521031],[-71.4359600639999,-35.9264690691032],[-71.4362148039999,-35.9260806421031],[-71.4343503469999,-35.9260687801032],[-71.4322016859999,-35.9266786141032],[-71.4320636289999,-35.9259354951031],[-71.4312513709999,-35.9258374841031],[-71.4298869399999,-35.9250860791031],[-71.4290135139999,-35.9247588541032]]]}}]}