{"type":"FeatureCollection","features":[{"type":"Feature","properties":{"id":"13116011001003","commune":"Lo Espejo","code":"13116","gse":"D","quintil":"Q1","nse_score":663.6,"educ":10.3,"educ_score":486.7,"hacin":1.553,"hacin_class":"Hacinamiento Medio","hacin_score":733.4,"auto_score":65.1,"n_per":601,"n_hog":184,"source_year":2024},"geometry":{"type":"Polygon","coordinates":[[[-70.698409093,-33.5237674881308],[-70.6969427629999,-33.5249429831308],[-70.6974628769999,-33.5256129971308],[-70.6989576039999,-33.5244190631308],[-70.6986395479999,-33.5239512201308],[-70.6979546979999,-33.5245060901308],[-70.6986129179999,-33.5239345661308],[-70.698409093,-33.5237674881308]]]}},{"type":"Feature","properties":{"id":"13116011001004","commune":"Lo Espejo","code":"13116","gse":"C3","quintil":"Q2","nse_score":710.4,"educ":10.4,"educ_score":493.3,"hacin":1.662,"hacin_class":"Hacinamiento Medio","hacin_score":710.2,"auto_score":17.2,"n_per":118,"n_hog":35,"source_year":2024},"geometry":{"type":"Polygon","coordinates":[[[-70.6992245209999,-33.5242723361308],[-70.700659045,-33.5248158931308],[-70.7008618219999,-33.5244342341308],[-70.6996298709999,-33.5239888551308],[-70.6992245209999,-33.5242723361308]]]}},{"type":"Feature","properties":{"id":"13116011001005","commune":"Lo Espejo","code":"13116","gse":"D","quintil":"Q2","nse_score":686.6,"educ":10.8,"educ_score":520.0,"hacin":1.45,"hacin_class":"Hacinamiento Leve","hacin_score":755.3,"auto_score":120.0,"n_per":87,"n_hog":27,"source_year":2024},"geometry":{"type":"Polygon","coordinates":[[[-70.6990329049999,-33.5252266631308],[-70.69932123,-33.5253190911308],[-70.6997419059999,-33.5245098991308],[-70.6991555409999,-33.5243376891308],[-70.6989263809999,-33.5249830071308],[-70.6990329049999,-33.5252266631308]]]}},{"type":"Feature","properties":{"id":"13116011001006","commune":"Lo Espejo","code":"13116","gse":"C3","quintil":"Q2","nse_score":715.8,"educ":10.9,"educ_score":526.7,"hacin":1.419,"hacin_class":"Hacinamiento Leve","hacin_score":762.0,"auto_score":88.2,"n_per":61,"n_hog":20,"source_year":2024},"geometry":{"type":"Polygon","coordinates":[[[-70.7005437099999,-33.5251248701308],[-70.7009609989999,-33.5252760261308],[-70.7013220649999,-33.5246045181308],[-70.7008912929999,-33.5244451761308],[-70.7005437099999,-33.5251248701308]]]}},{"type":"Feature","properties":{"id":"13116011001008","commune":"Lo Espejo","code":"13116","gse":"D","quintil":"Q1","nse_score":659.5,"educ":9.8,"educ_score":453.3,"hacin":1.354,"hacin_class":"Hacinamiento Leve","hacin_score":775.7,"auto_score":90.9,"n_per":65,"n_hog":23,"source_year":2024},"geometry":{"type":"Polygon","coordinates":[[[-70.699351008,-33.5253295021307],[-70.6997722649999,-33.5254881781308],[-70.7001998239999,-33.5246823111308],[-70.6997711819999,-33.5245212411308],[-70.699351008,-33.5253295021307]]]}},{"type":"Feature","properties":{"id":"13116011001009","commune":"Lo Espejo","code":"13116","gse":"D","quintil":"Q2","nse_score":691.6,"educ":9.9,"educ_score":460.0,"hacin":1.5,"hacin_class":"Hacinamiento Medio","hacin_score":744.7,"auto_score":236.8,"n_per":69,"n_hog":21,"source_year":2024},"geometry":{"type":"Polygon","coordinates":[[[-70.7014874989999,-33.5254725511308],[-70.7018444509999,-33.5247966051308],[-70.7013516149999,-33.5246154001308],[-70.7009905739999,-33.5252869091308],[-70.7014874989999,-33.5254725511308]]]}},{"type":"Feature","properties":{"id":"13116011001010","commune":"Lo Espejo","code":"13116","gse":"C3","quintil":"Q2","nse_score":713.4,"educ":11.0,"educ_score":533.3,"hacin":1.396,"hacin_class":"Hacinamiento Leve","hacin_score":766.8,"auto_score":225.0,"n_per":67,"n_hog":23,"source_year":2024},"geometry":{"type":"Polygon","coordinates":[[[-70.6998017249999,-33.5254993001308],[-70.7002238359999,-33.5256590101307],[-70.700646403,-33.5248408091308],[-70.7002294359999,-33.5246931091308],[-70.6998017249999,-33.5254993001308]]]}},{"type":"Feature","properties":{"id":"13116011001011","commune":"Lo Espejo","code":"13116","gse":"D","quintil":"Q1","nse_score":665.2,"educ":9.8,"educ_score":453.3,"hacin":1.522,"hacin_class":"Hacinamiento Medio","hacin_score":740.1,"auto_score":119.0,"n_per":70,"n_hog":24,"source_year":2024},"geometry":{"type":"Polygon","coordinates":[[[-70.7015211109999,-33.5254848501308],[-70.7020190279999,-33.5256670421308],[-70.7023697859999,-33.5249965161308],[-70.7018738229999,-33.5248075741308],[-70.7015211109999,-33.5254848501308]]]}},{"type":"Feature","properties":{"id":"13116011001013","commune":"Lo Espejo","code":"13116","gse":"D","quintil":"Q2","nse_score":685.8,"educ":10.0,"educ_score":466.7,"hacin":1.444,"hacin_class":"Hacinamiento Leve","hacin_score":756.5,"auto_score":125.0,"n_per":117,"n_hog":38,"source_year":2024},"geometry":{"type":"Polygon","coordinates":[[[-70.6970923239999,-33.5258204231308],[-70.6974362619999,-33.5256283281308],[-70.6969176959999,-33.5249607341308],[-70.6965898829999,-33.5251944421308],[-70.6970923239999,-33.5258204231308]]]}},{"type":"Feature","properties":{"id":"13116011001014","commune":"Lo Espejo","code":"13116","gse":"C3","quintil":"Q2","nse_score":714.8,"educ":10.9,"educ_score":526.7,"hacin":1.72,"hacin_class":"Hacinamiento Medio","hacin_score":697.9,"auto_score":210.5,"n_per":86,"n_hog":23,"source_year":2024},"geometry":{"type":"Polygon","coordinates":[[[-70.7020485019999,-33.5256781291307],[-70.7024684209999,-33.5258403751308],[-70.7028238339999,-33.5251671951308],[-70.7023991289999,-33.5250075941308],[-70.7020485019999,-33.5256781291307]]]}},{"type":"Feature","properties":{"id":"13116011001015","commune":"Lo Espejo","code":"13116","gse":"D","quintil":"Q1","nse_score":674.5,"educ":9.6,"educ_score":440.0,"hacin":1.288,"hacin_class":"Hacinamiento Leve","hacin_score":789.8,"auto_score":153.8,"n_per":85,"n_hog":27,"source_year":2024},"geometry":{"type":"Polygon","coordinates":[[[-70.7005310399999,-33.5251497111308],[-70.7002533609999,-33.5256700081308],[-70.7007016939999,-33.5258330821308],[-70.7007995404999,-33.5256573566308],[-70.7007314989999,-33.5258439551308],[-70.7012080049999,-33.5260184241307],[-70.7014786304999,-33.5254988381308],[-70.7009777129999,-33.5253117221308],[-70.7008693529999,-33.5254589671308],[-70.7009481329999,-33.5253008581308],[-70.7005310399999,-33.5251497111308]]]}},{"type":"Feature","properties":{"id":"13116011001016","commune":"Lo Espejo","code":"13116","gse":"D","quintil":"Q1","nse_score":677.2,"educ":9.7,"educ_score":446.7,"hacin":1.367,"hacin_class":"Hacinamiento Leve","hacin_score":772.9,"auto_score":111.1,"n_per":67,"n_hog":23,"source_year":2024},"geometry":{"type":"Polygon","coordinates":[[[-70.7026566479999,-33.5255621051308],[-70.7036333149999,-33.5259340201308],[-70.7035823159999,-33.5254521121308],[-70.7028531789999,-33.5251782421308],[-70.7026566479999,-33.5255621051308]]]}},{"type":"Feature","properties":{"id":"13116011001017","commune":"Lo Espejo","code":"13116","gse":"E","quintil":"Q1","nse_score":648.8,"educ":13.9,"educ_score":726.7,"hacin":2.0,"hacin_class":"Hacinamiento Medio","hacin_score":638.3,"auto_score":0.0,"n_per":20,"n_hog":5,"source_year":2024},"geometry":{"type":"Polygon","coordinates":[[[-70.7000665599999,-33.5269521681308],[-70.7017445909999,-33.5262599211308],[-70.6990539359999,-33.5252622341308],[-70.6992332899999,-33.5254527321308],[-70.7000665599999,-33.5269521681308]]]}},{"type":"Feature","properties":{"id":"13116011001019","commune":"Lo Espejo","code":"13116","gse":"E","quintil":"Q1","nse_score":651.1,"educ":10.0,"educ_score":466.7,"hacin":1.41,"hacin_class":"Hacinamiento Leve","hacin_score":763.8,"auto_score":29.4,"n_per":55,"n_hog":16,"source_year":2024},"geometry":{"type":"Polygon","coordinates":[[[-70.6980708179999,-33.5255704441308],[-70.6982312369999,-33.5259285441308],[-70.6988258559999,-33.5257053311308],[-70.6986273969999,-33.5253507051308],[-70.6980708179999,-33.5255704441308]]]}},{"type":"Feature","properties":{"id":"13116011001020","commune":"Lo Espejo","code":"13116","gse":"C3","quintil":"Q2","nse_score":705.9,"educ":10.2,"educ_score":480.0,"hacin":1.227,"hacin_class":"Hacinamiento Leve","hacin_score":802.8,"auto_score":153.8,"n_per":92,"n_hog":31,"source_year":2024},"geometry":{"type":"Polygon","coordinates":[[[-70.7015081859999,-33.5255096391308],[-70.7012372899999,-33.5260297811308],[-70.7017211269999,-33.5262199521308],[-70.7018229059999,-33.5260431371308],[-70.7017511859999,-33.5262295821308],[-70.7021807769999,-33.5263836791308],[-70.7024551104999,-33.5258650361308],[-70.7020355869999,-33.5257029251308],[-70.7019182169999,-33.5258617581308],[-70.7020061204999,-33.5256918531308],[-70.7015081859999,-33.5255096391308]]]}},{"type":"Feature","properties":{"id":"13116011001021","commune":"Lo Espejo","code":"13116","gse":"C3","quintil":"Q2","nse_score":711.2,"educ":10.8,"educ_score":520.0,"hacin":1.22,"hacin_class":"Hacinamiento Leve","hacin_score":804.3,"auto_score":142.9,"n_per":61,"n_hog":21,"source_year":2024},"geometry":{"type":"Polygon","coordinates":[[[-70.6975858489999,-33.5257426931308],[-70.6980145759999,-33.5265363741308],[-70.6984279049999,-33.5263766801308],[-70.6980397249999,-33.5255814991308],[-70.6975858489999,-33.5257426931308]]]}},{"type":"Feature","properties":{"id":"13116011001022","commune":"Lo Espejo","code":"13116","gse":"D","quintil":"Q2","nse_score":692.2,"educ":11.5,"educ_score":566.7,"hacin":1.429,"hacin_class":"Hacinamiento Leve","hacin_score":759.9,"auto_score":208.3,"n_per":70,"n_hog":23,"source_year":2024},"geometry":{"type":"Polygon","coordinates":[[[-70.7022102729999,-33.5263944721308],[-70.7026336509999,-33.5265524511308],[-70.7030628529999,-33.5257281341308],[-70.7026435179999,-33.5255868211308],[-70.7022102729999,-33.5263944721308]]]}},{"type":"Feature","properties":{"id":"13116011001023","commune":"Lo Espejo","code":"13116","gse":"E","quintil":"Q1","nse_score":642.2,"educ":9.0,"educ_score":400.0,"hacin":1.493,"hacin_class":"Hacinamiento Leve","hacin_score":746.1,"auto_score":187.5,"n_per":112,"n_hog":26,"source_year":2024},"geometry":{"type":"Polygon","coordinates":[[[-70.6987831499999,-33.5257499171308],[-70.6992161179999,-33.5265774851308],[-70.6996397754999,-33.5263944731308],[-70.6992261149999,-33.5255923991308],[-70.6987831499999,-33.5257499171308]]]}},{"type":"Feature","properties":{"id":"13116011001024","commune":"Lo Espejo","code":"13116","gse":"C3","quintil":"Q2","nse_score":716.8,"educ":11.6,"educ_score":573.3,"hacin":1.45,"hacin_class":"Hacinamiento Leve","hacin_score":755.3,"auto_score":152.2,"n_per":87,"n_hog":26,"source_year":2024},"geometry":{"type":"Polygon","coordinates":[[[-70.6971447319999,-33.5259621981308],[-70.6975461939999,-33.5267166901308],[-70.6979852169999,-33.5265476711308],[-70.6975060589999,-33.5256605981308],[-70.6971447319999,-33.5259621981308]]]}},{"type":"Feature","properties":{"id":"13116011001025","commune":"Lo Espejo","code":"13116","gse":"D","quintil":"Q1","nse_score":683.0,"educ":10.2,"educ_score":480.0,"hacin":1.467,"hacin_class":"Hacinamiento Leve","hacin_score":751.8,"auto_score":137.9,"n_per":110,"n_hog":29,"source_year":2024},"geometry":{"type":"Polygon","coordinates":[[[-70.7030498359999,-33.5262354071308],[-70.702852301,-33.5261936741308],[-70.7026630499999,-33.5265634231307],[-70.7036451289999,-33.5269062121307],[-70.7036488059999,-33.5264843471308],[-70.7032698649999,-33.5263395311308],[-70.7036478949999,-33.5264557641308],[-70.7036342159999,-33.5259628661308],[-70.7030922789999,-33.5257391711308],[-70.7028651939999,-33.5261689101308],[-70.7030498359999,-33.5262354071308]]]}},{"type":"Feature","properties":{"id":"13116011001026","commune":"Lo Espejo","code":"13116","gse":"E","quintil":"Q1","nse_score":633.3,"educ":9.1,"educ_score":406.7,"hacin":1.442,"hacin_class":"Hacinamiento Leve","hacin_score":757.0,"auto_score":173.9,"n_per":75,"n_hog":22,"source_year":2024},"geometry":{"type":"Polygon","coordinates":[[[-70.6983174819999,-33.5259288391308],[-70.6987577459999,-33.5267493881308],[-70.6991866019999,-33.5265884911308],[-70.6987535059999,-33.5257606491308],[-70.6983174819999,-33.5259288391308]]]}},{"type":"Feature","properties":{"id":"13116011001028","commune":"Lo Espejo","code":"13116","gse":"D","quintil":"Q1","nse_score":675.0,"educ":10.5,"educ_score":500.0,"hacin":1.546,"hacin_class":"Hacinamiento Medio","hacin_score":735.0,"auto_score":227.3,"n_per":34,"n_hog":12,"source_year":2024},"geometry":{"type":"Polygon","coordinates":[[[-70.7014647309999,-33.5264969501308],[-70.7018215149999,-33.5271712311308],[-70.7022460229999,-33.5270124511308],[-70.7019904284999,-33.5265244506307],[-70.7020421039999,-33.5263931631308],[-70.7014647309999,-33.5264969501308]]]}},{"type":"Feature","properties":{"id":"13116011001029","commune":"Lo Espejo","code":"13116","gse":"D","quintil":"Q1","nse_score":676.7,"educ":11.0,"educ_score":533.3,"hacin":1.657,"hacin_class":"Hacinamiento Medio","hacin_score":711.3,"auto_score":116.7,"n_per":111,"n_hog":31,"source_year":2024},"geometry":{"type":"Polygon","coordinates":[[[-70.6977801939999,-33.5271036301308],[-70.698728248,-33.5267604281307],[-70.6985186809999,-33.5263707051308],[-70.6975594009999,-33.5267413751307],[-70.6977801939999,-33.5271036301308]]]}},{"type":"Feature","properties":{"id":"13116011001031","commune":"Lo Espejo","code":"13116","gse":"C3","quintil":"Q3","nse_score":733.3,"educ":11.2,"educ_score":546.7,"hacin":1.323,"hacin_class":"Hacinamiento Leve","hacin_score":782.2,"auto_score":120.0,"n_per":90,"n_hog":25,"source_year":2024},"geometry":{"type":"Polygon","coordinates":[[[-70.6993362819999,-33.5268094801308],[-70.699204747,-33.5266401601308],[-70.6987849949999,-33.5267996271308],[-70.6990630139999,-33.5273247871308],[-70.6994830269999,-33.5271674311308],[-70.6994271119999,-33.5270012751307],[-70.6995125209999,-33.5271563811308],[-70.6999683409999,-33.5269856091308],[-70.6996710449999,-33.5264853061308],[-70.6992342109999,-33.5266291481307],[-70.6993362819999,-33.5268094801308]]]}},{"type":"Feature","properties":{"id":"13116011001032","commune":"Lo Espejo","code":"13116","gse":"C3","quintil":"Q2","nse_score":715.5,"educ":11.3,"educ_score":553.3,"hacin":1.622,"hacin_class":"Hacinamiento Medio","hacin_score":718.8,"auto_score":357.1,"n_per":60,"n_hog":16,"source_year":2024},"geometry":{"type":"Polygon","coordinates":[[[-70.7010004279999,-33.5266701141308],[-70.7013575709999,-33.5273400361308],[-70.7017918619999,-33.5271819801308],[-70.701435252,-33.5265079821308],[-70.7010004279999,-33.5266701141308]]]}},{"type":"Feature","properties":{"id":"13116011001033","commune":"Lo Espejo","code":"13116","gse":"E","quintil":"Q1","nse_score":656.5,"educ":9.3,"educ_score":420.0,"hacin":1.306,"hacin_class":"Hacinamiento Leve","hacin_score":786.1,"auto_score":184.2,"n_per":47,"n_hog":19,"source_year":2024},"geometry":{"type":"Polygon","coordinates":[[[-70.7005555389999,-33.5268398181308],[-70.7009106879999,-33.5275070271308],[-70.7013280649999,-33.5273510621308],[-70.700970965,-33.5266812181308],[-70.7005555389999,-33.5268398181308]]]}},{"type":"Feature","properties":{"id":"13116011001034","commune":"Lo Espejo","code":"13116","gse":"C3","quintil":"Q3","nse_score":738.8,"educ":11.4,"educ_score":560.0,"hacin":1.032,"hacin_class":"Hacinamiento Leve","hacin_score":844.2,"auto_score":38.5,"n_per":32,"n_hog":12,"source_year":2024},"geometry":{"type":"Polygon","coordinates":[[[-70.7027387629999,-33.5268549371308],[-70.7030667759999,-33.5275056281307],[-70.7036773719999,-33.5272788981308],[-70.7036100589999,-33.5269764681307],[-70.7031412559999,-33.5268043861308],[-70.7027387629999,-33.5268549371308]]]}},{"type":"Feature","properties":{"id":"13116011001035","commune":"Lo Espejo","code":"13116","gse":"D","quintil":"Q1","nse_score":678.2,"educ":9.8,"educ_score":453.3,"hacin":1.393,"hacin_class":"Hacinamiento Leve","hacin_score":767.4,"auto_score":208.3,"n_per":85,"n_hog":27,"source_year":2024},"geometry":{"type":"Polygon","coordinates":[[[-70.6979868139999,-33.5275464951308],[-70.6989550339999,-33.5271899491308],[-70.6987555369999,-33.5268106921307],[-70.6978405099999,-33.5271578831307],[-70.6979868139999,-33.5275464951308]]]}},{"type":"Feature","properties":{"id":"13116011001036","commune":"Lo Espejo","code":"13116","gse":"D","quintil":"Q1","nse_score":681.5,"educ":10.1,"educ_score":473.3,"hacin":1.5,"hacin_class":"Hacinamiento Medio","hacin_score":744.7,"auto_score":156.2,"n_per":51,"n_hog":17,"source_year":2024},"geometry":{"type":"Polygon","coordinates":[[[-70.700424945,-33.5276867481308],[-70.7008811829999,-33.5275180521308],[-70.7005256319999,-33.5268500721308],[-70.7000970669999,-33.5270535766308],[-70.700424945,-33.5276867481308]]]}},{"type":"Feature","properties":{"id":"13116011001037","commune":"Lo Espejo","code":"13116","gse":"C3","quintil":"Q3","nse_score":732.3,"educ":11.6,"educ_score":573.3,"hacin":1.359,"hacin_class":"Hacinamiento Leve","hacin_score":774.7,"auto_score":205.9,"n_per":53,"n_hog":18,"source_year":2024},"geometry":{"type":"Polygon","coordinates":[[[-70.7022763789999,-33.5270306441307],[-70.7026262769999,-33.5276667061308],[-70.7030372129999,-33.5275165531308],[-70.7027093369999,-33.5268661051308],[-70.7022763789999,-33.5270306441307]]]}},{"type":"Feature","properties":{"id":"13116011001038","commune":"Lo Espejo","code":"13116","gse":"D","quintil":"Q2","nse_score":696.0,"educ":10.8,"educ_score":520.0,"hacin":1.323,"hacin_class":"Hacinamiento Leve","hacin_score":782.2,"auto_score":100.0,"n_per":45,"n_hog":15,"source_year":2024},"geometry":{"type":"Polygon","coordinates":[[[-70.6995260559999,-33.5271809681308],[-70.6998942979999,-33.5278496921308],[-70.7003073159999,-33.5276802001308],[-70.6999816849999,-33.5270102421308],[-70.6995260559999,-33.5271809681308]]]}},{"type":"Feature","properties":{"id":"13116011001039","commune":"Lo Espejo","code":"13116","gse":"E","quintil":"Q1","nse_score":654.1,"educ":9.2,"educ_score":413.3,"hacin":1.26,"hacin_class":"Hacinamiento Leve","hacin_score":795.8,"auto_score":107.1,"n_per":97,"n_hog":31,"source_year":2024},"geometry":{"type":"Polygon","coordinates":[[[-70.7018346089999,-33.5271959851308],[-70.7023345519999,-33.5281408211308],[-70.7027633839999,-33.5279806151307],[-70.7022469589999,-33.5270418001308],[-70.7018346089999,-33.5271959851308]]]}},{"type":"Feature","properties":{"id":"13116011001040","commune":"Lo Espejo","code":"13116","gse":"D","quintil":"Q2","nse_score":692.0,"educ":11.2,"educ_score":546.7,"hacin":1.415,"hacin_class":"Hacinamiento Leve","hacin_score":762.8,"auto_score":83.3,"n_per":58,"n_hog":16,"source_year":2024},"geometry":{"type":"Polygon","coordinates":[[[-70.6990764729999,-33.5273494161308],[-70.6994439359999,-33.5280229051308],[-70.6998649109999,-33.5278609371308],[-70.6994965639999,-33.5271919931307],[-70.6990764729999,-33.5273494161308]]]}},{"type":"Feature","properties":{"id":"13116011001041","commune":"Lo Espejo","code":"13116","gse":"D","quintil":"Q2","nse_score":691.1,"educ":11.0,"educ_score":533.3,"hacin":1.673,"hacin_class":"Hacinamiento Medio","hacin_score":707.9,"auto_score":211.5,"n_per":87,"n_hog":26,"source_year":2024},"geometry":{"type":"Polygon","coordinates":[[[-70.7013707469999,-33.5273647581307],[-70.7018758439999,-33.5283121851308],[-70.7023050439999,-33.5281518441307],[-70.7018049599999,-33.5272067081307],[-70.7013707469999,-33.5273647581307]]]}},{"type":"Feature","properties":{"id":"13116011001042","commune":"Lo Espejo","code":"13116","gse":"D","quintil":"Q2","nse_score":697.1,"educ":10.6,"educ_score":506.7,"hacin":1.314,"hacin_class":"Hacinamiento Leve","hacin_score":784.3,"auto_score":159.1,"n_per":67,"n_hog":21,"source_year":2024},"geometry":{"type":"Polygon","coordinates":[[[-70.6981857019999,-33.5279159561308],[-70.6991596589999,-33.5275635291308],[-70.6989682044999,-33.5272146606308],[-70.6980017659999,-33.5275742181307],[-70.6981857019999,-33.5279159561308]]]}},{"type":"Feature","properties":{"id":"13116011001043","commune":"Lo Espejo","code":"13116","gse":"D","quintil":"Q1","nse_score":671.2,"educ":10.0,"educ_score":466.7,"hacin":1.384,"hacin_class":"Hacinamiento Leve","hacin_score":769.4,"auto_score":48.8,"n_per":119,"n_hog":43,"source_year":2024},"geometry":{"type":"Polygon","coordinates":[[[-70.7026398019999,-33.5276913001308],[-70.7028358269999,-33.5280476351308],[-70.7030295769999,-33.5279859641307],[-70.7028493809999,-33.5280722821307],[-70.703094657,-33.5285181441307],[-70.7036987529999,-33.5282824461307],[-70.7036964639999,-33.5277537541308],[-70.7032185499999,-33.5279079371308],[-70.7036955319999,-33.5277255071308],[-70.7036782579999,-33.5273064981307],[-70.7026398019999,-33.5276913001308]]]}},{"type":"Feature","properties":{"id":"13116011001044","commune":"Lo Espejo","code":"13116","gse":"D","quintil":"Q2","nse_score":701.6,"educ":11.0,"educ_score":533.3,"hacin":1.47,"hacin_class":"Hacinamiento Leve","hacin_score":751.1,"auto_score":111.1,"n_per":97,"n_hog":26,"source_year":2024},"geometry":{"type":"Polygon","coordinates":[[[-70.7009899359999,-33.5276886921307],[-70.7008943419999,-33.5275427571308],[-70.7004390639999,-33.5277129061307],[-70.7007152399999,-33.5282241461307],[-70.7011735539999,-33.5280524991308],[-70.701118,-33.5278839151308],[-70.7012030499999,-33.5280414521308],[-70.701614059,-33.5278875191307],[-70.7013412439999,-33.5273757591308],[-70.7009238449999,-33.5275317561307],[-70.7009899359999,-33.5276886921307]]]}},{"type":"Feature","properties":{"id":"13116011001046","commune":"Lo Espejo","code":"13116","gse":"C3","quintil":"Q2","nse_score":718.8,"educ":11.0,"educ_score":533.3,"hacin":1.389,"hacin_class":"Hacinamiento Leve","hacin_score":768.3,"auto_score":178.6,"n_per":100,"n_hog":30,"source_year":2024},"geometry":{"type":"Polygon","coordinates":[[[-70.6982347509999,-33.5280087921307],[-70.6983869349999,-33.5282918431307],[-70.6985902684999,-33.5282213656308],[-70.6984001979999,-33.5283165311307],[-70.6985845449999,-33.5286602981307],[-70.6991638339999,-33.5284421981307],[-70.6989873969999,-33.5281002251308],[-70.6988442619999,-33.5281486671307],[-70.6989741949999,-33.5280755171307],[-70.6987952709999,-33.5277264051308],[-70.6982347509999,-33.5280087921307]]]}},{"type":"Feature","properties":{"id":"13116011001047","commune":"Lo Espejo","code":"13116","gse":"D","quintil":"Q1","nse_score":672.2,"educ":10.4,"educ_score":493.3,"hacin":1.478,"hacin_class":"Hacinamiento Leve","hacin_score":749.4,"auto_score":214.3,"n_per":99,"n_hog":28,"source_year":2024},"geometry":{"type":"Polygon","coordinates":[[[-70.6999270249999,-33.5279193251307],[-70.7004309359999,-33.5288642231307],[-70.7008838769999,-33.5286949221307],[-70.7003842109999,-33.5277782111308],[-70.6999270249999,-33.5279193251307]]]}},{"type":"Feature","properties":{"id":"13116011001048","commune":"Lo Espejo","code":"13116","gse":"D","quintil":"Q2","nse_score":686.6,"educ":11.1,"educ_score":540.0,"hacin":1.283,"hacin_class":"Hacinamiento Leve","hacin_score":790.8,"auto_score":83.3,"n_per":68,"n_hog":21,"source_year":2024},"geometry":{"type":"Polygon","coordinates":[[[-70.7012163639999,-33.5280661221307],[-70.7017392199999,-33.5290345921308],[-70.7021428209999,-33.5288793241307],[-70.7016272379999,-33.5279122161308],[-70.7012163639999,-33.5280661221307]]]}},{"type":"Feature","properties":{"id":"13116011001049","commune":"Lo Espejo","code":"13116","gse":"C3","quintil":"Q2","nse_score":705.5,"educ":10.5,"educ_score":500.0,"hacin":1.235,"hacin_class":"Hacinamiento Leve","hacin_score":801.0,"auto_score":173.9,"n_per":63,"n_hog":24,"source_year":2024},"geometry":{"type":"Polygon","coordinates":[[[-70.6994878029999,-33.5281032091307],[-70.6999790719999,-33.5290331181307],[-70.7004014369999,-33.5288752491308],[-70.6998977309999,-33.5279306391307],[-70.6994878029999,-33.5281032091307]]]}},{"type":"Feature","properties":{"id":"13116011001050","commune":"Lo Espejo","code":"13116","gse":"D","quintil":"Q2","nse_score":685.9,"educ":10.9,"educ_score":526.7,"hacin":1.606,"hacin_class":"Hacinamiento Medio","hacin_score":722.1,"auto_score":137.9,"n_per":106,"n_hog":33,"source_year":2024},"geometry":{"type":"Polygon","coordinates":[[[-70.7024318639999,-33.5283247511308],[-70.7023181399999,-33.5281765711308],[-70.7018890189999,-33.5283369061307],[-70.7021722299999,-33.5288681201307],[-70.7026141549999,-33.5287014051308],[-70.7025297339999,-33.5285044101307],[-70.7026435019999,-33.5286902701307],[-70.7030652359999,-33.5285293301307],[-70.7027769109999,-33.5280051811307],[-70.7023476449999,-33.5281655721307],[-70.7024318639999,-33.5283247511308]]]}},{"type":"Feature","properties":{"id":"13116011001051","commune":"Lo Espejo","code":"13116","gse":"C3","quintil":"Q3","nse_score":721.0,"educ":11.1,"educ_score":540.0,"hacin":1.413,"hacin_class":"Hacinamiento Leve","hacin_score":763.3,"auto_score":160.0,"n_per":89,"n_hog":26,"source_year":2024},"geometry":{"type":"Polygon","coordinates":[[[-70.7012651869999,-33.5291956161307],[-70.7017098349999,-33.5290458441307],[-70.7011868719999,-33.5280771431308],[-70.7007285389999,-33.5282488106307],[-70.7012651869999,-33.5291956161307]]]}},{"type":"Feature","properties":{"id":"13116011001052","commune":"Lo Espejo","code":"13116","gse":"D","quintil":"Q1","nse_score":668.5,"educ":9.4,"educ_score":426.7,"hacin":1.446,"hacin_class":"Hacinamiento Leve","hacin_score":756.1,"auto_score":129.0,"n_per":94,"n_hog":31,"source_year":2024},"geometry":{"type":"Polygon","coordinates":[[[-70.6985978079999,-33.5286849861307],[-70.6987873329999,-33.5290371031308],[-70.6997437439999,-33.5286705841307],[-70.6995611399999,-33.5283244811307],[-70.6985978079999,-33.5286849861307]]]}},{"type":"Feature","properties":{"id":"13116011001053","commune":"Lo Espejo","code":"13116","gse":"D","quintil":"Q2","nse_score":688.1,"educ":10.1,"educ_score":473.3,"hacin":1.343,"hacin_class":"Hacinamiento Leve","hacin_score":778.0,"auto_score":230.8,"n_per":90,"n_hog":28,"source_year":2024},"geometry":{"type":"Polygon","coordinates":[[[-70.6988005799999,-33.5290617981307],[-70.6989843359999,-33.5294058821307],[-70.6999495589999,-33.5290441501307],[-70.6997569629999,-33.5286953031308],[-70.6988005799999,-33.5290617981307]]]}},{"type":"Feature","properties":{"id":"13116011001054","commune":"Lo Espejo","code":"13116","gse":"D","quintil":"Q2","nse_score":694.6,"educ":10.2,"educ_score":480.0,"hacin":1.547,"hacin_class":"Hacinamiento Medio","hacin_score":734.8,"auto_score":464.3,"n_per":116,"n_hog":32,"source_year":2024},"geometry":{"type":"Polygon","coordinates":[[[-70.7005192929999,-33.5290299381307],[-70.7004146129999,-33.5288999471308],[-70.6999926349999,-33.5290576951308],[-70.7002805549999,-33.5295791941307],[-70.700693972,-33.5294238411307],[-70.7005815649999,-33.5292130261307],[-70.7007235089999,-33.5294128721308],[-70.7011403529999,-33.5292427291307],[-70.7008972199999,-33.5287195391308],[-70.7004441149999,-33.5288889431307],[-70.7005192929999,-33.5290299381307]]]}},{"type":"Feature","properties":{"id":"13116011001055","commune":"Lo Espejo","code":"13116","gse":"D","quintil":"Q1","nse_score":671.2,"educ":10.3,"educ_score":486.7,"hacin":1.543,"hacin_class":"Hacinamiento Medio","hacin_score":735.6,"auto_score":88.2,"n_per":108,"n_hog":36,"source_year":2024},"geometry":{"type":"Polygon","coordinates":[[[-70.6996405129999,-33.5294071971307],[-70.6995085599999,-33.5292386301307],[-70.6989975689999,-33.5294305721307],[-70.6993028519999,-33.5299322461307],[-70.6998065269999,-33.5297551581307],[-70.6997292429999,-33.5295602011307],[-70.6998360939999,-33.5297442391308],[-70.7002510449999,-33.5295902151307],[-70.6999631309999,-33.5290686991307],[-70.6995380639999,-33.5292276011307],[-70.6996405129999,-33.5294071971307]]]}},{"type":"Feature","properties":{"id":"13116011002003","commune":"Lo Espejo","code":"13116","gse":"D","quintil":"Q2","nse_score":697.5,"educ":10.4,"educ_score":493.3,"hacin":1.385,"hacin_class":"Hacinamiento Leve","hacin_score":769.0,"auto_score":125.0,"n_per":115,"n_hog":37,"source_year":2024},"geometry":{"type":"Polygon","coordinates":[[[-70.6964741959999,-33.5252419521308],[-70.6961550579999,-33.5254201361308],[-70.6966704029999,-33.5260795101308],[-70.6970044899999,-33.5258589541308],[-70.6964741959999,-33.5252419521308]]]}},{"type":"Feature","properties":{"id":"13116011002004","commune":"Lo Espejo","code":"13116","gse":"D","quintil":"Q2","nse_score":689.5,"educ":11.1,"educ_score":540.0,"hacin":1.476,"hacin_class":"Hacinamiento Leve","hacin_score":749.9,"auto_score":151.5,"n_per":121,"n_hog":33,"source_year":2024},"geometry":{"type":"Polygon","coordinates":[[[-70.6957931729999,-33.5256409621308],[-70.6962808449999,-33.5262547581308],[-70.6966423669999,-33.5260930291307],[-70.6961274859999,-33.5254342231308],[-70.6957931729999,-33.5256409621308]]]}},{"type":"Feature","properties":{"id":"13116011002005","commune":"Lo Espejo","code":"13116","gse":"C3","quintil":"Q2","nse_score":714.3,"educ":11.2,"educ_score":546.7,"hacin":1.488,"hacin_class":"Hacinamiento Leve","hacin_score":747.3,"auto_score":100.0,"n_per":122,"n_hog":36,"source_year":2024},"geometry":{"type":"Polygon","coordinates":[[[-70.6954775019999,-33.5257965691308],[-70.6958160159999,-33.5264435071308],[-70.6962519799999,-33.5262670451308],[-70.6957452629999,-33.5256295131308],[-70.6954775019999,-33.5257965691308]]]}},{"type":"Feature","properties":{"id":"13116011002006","commune":"Lo Espejo","code":"13116","gse":"D","quintil":"Q2","nse_score":698.3,"educ":11.1,"educ_score":540.0,"hacin":1.507,"hacin_class":"Hacinamiento Medio","hacin_score":743.2,"auto_score":171.9,"n_per":110,"n_hog":33,"source_year":2024},"geometry":{"type":"Polygon","coordinates":[[[-70.6950297139999,-33.5260253781308],[-70.695360074,-33.5266211901308],[-70.695786816,-33.5264550991307],[-70.6954375449999,-33.5257867351308],[-70.6950297139999,-33.5260253781308]]]}},{"type":"Feature","properties":{"id":"13116011002007","commune":"Lo Espejo","code":"13116","gse":"D","quintil":"Q1","nse_score":682.1,"educ":10.0,"educ_score":466.7,"hacin":1.276,"hacin_class":"Hacinamiento Leve","hacin_score":792.3,"auto_score":134.6,"n_per":171,"n_hog":53,"source_year":2024},"geometry":{"type":"Polygon","coordinates":[[[-70.6969938139999,-33.5264612651308],[-70.6967701479999,-33.5261010001308],[-70.6963636139999,-33.5262869111308],[-70.6965314489999,-33.5266168371308],[-70.69633497,-33.5262990851308],[-70.6958840304999,-33.5264988371308],[-70.6961127869999,-33.5269837591308],[-70.6968964874999,-33.5266332136308],[-70.6971262259999,-33.5270945431307],[-70.6963248844999,-33.5273910351307],[-70.6964396939999,-33.5275854331308],[-70.6976694829999,-33.5271406181307],[-70.69703376,-33.5259584931308],[-70.6967970389999,-33.5260864061308],[-70.6969938139999,-33.5264612651308]]]}},{"type":"Feature","properties":{"id":"13116011002008","commune":"Lo Espejo","code":"13116","gse":"D","quintil":"Q1","nse_score":677.4,"educ":10.6,"educ_score":506.7,"hacin":1.614,"hacin_class":"Hacinamiento Medio","hacin_score":720.4,"auto_score":155.2,"n_per":92,"n_hog":31,"source_year":2024},"geometry":{"type":"Polygon","coordinates":[[[-70.694585646,-33.5262204431308],[-70.6949106859999,-33.5267916521307],[-70.6953307069999,-33.5266324701308],[-70.6949890789999,-33.5260158671308],[-70.694585646,-33.5262204431308]]]}},{"type":"Feature","properties":{"id":"13116011002009","commune":"Lo Espejo","code":"13116","gse":"D","quintil":"Q2","nse_score":697.0,"educ":10.3,"educ_score":486.7,"hacin":1.569,"hacin_class":"Hacinamiento Medio","hacin_score":729.9,"auto_score":183.3,"n_per":113,"n_hog":34,"source_year":2024},"geometry":{"type":"Polygon","coordinates":[[[-70.6944898179999,-33.5269394131307],[-70.6948812769999,-33.5268028521308],[-70.6945445679999,-33.5262109451308],[-70.6941885974999,-33.5263973766308],[-70.6944898179999,-33.5269394131307]]]}},{"type":"Feature","properties":{"id":"13116011002010","commune":"Lo Espejo","code":"13116","gse":"D","quintil":"Q1","nse_score":666.2,"educ":10.6,"educ_score":506.7,"hacin":1.474,"hacin_class":"Hacinamiento Leve","hacin_score":750.2,"auto_score":93.2,"n_per":485,"n_hog":155,"source_year":2024},"geometry":{"type":"Polygon","coordinates":[[[-70.6940821809999,-33.5264250461308],[-70.6927060579999,-33.5270579521308],[-70.6927796479999,-33.5272020641308],[-70.6931336409999,-33.5270675451308],[-70.6927924319999,-33.5272269256307],[-70.6930467939999,-33.5277193791308],[-70.6933558499999,-33.5276432381308],[-70.6938312329999,-33.5285555991308],[-70.6943731709999,-33.5283579721307],[-70.6940250579999,-33.5276631961308],[-70.6944036439999,-33.5283468601307],[-70.6950109469999,-33.5280915211308],[-70.6944353489999,-33.5270536801308],[-70.6933717779999,-33.5273912131308],[-70.6943959689999,-33.5269808351308],[-70.6940821809999,-33.5264250461308]]]}},{"type":"Feature","properties":{"id":"13116011002011","commune":"Lo Espejo","code":"13116","gse":"C3","quintil":"Q3","nse_score":727.3,"educ":11.5,"educ_score":566.7,"hacin":1.424,"hacin_class":"Hacinamiento Leve","hacin_score":760.8,"auto_score":206.9,"n_per":94,"n_hog":29,"source_year":2024},"geometry":{"type":"Polygon","coordinates":[[[-70.6952273563332,-33.5267370901308],[-70.6957880069999,-33.5278400871308],[-70.6963419409999,-33.5276309691307],[-70.6958077119999,-33.5265486481308],[-70.6952273563332,-33.5267370901308]]]}},{"type":"Feature","properties":{"id":"13116011002012","commune":"Lo Espejo","code":"13116","gse":"C3","quintil":"Q2","nse_score":704.4,"educ":10.2,"educ_score":480.0,"hacin":1.412,"hacin_class":"Hacinamiento Leve","hacin_score":763.5,"auto_score":166.7,"n_per":48,"n_hog":14,"source_year":2024},"geometry":{"type":"Polygon","coordinates":[[[-70.6961256809999,-33.5270085851307],[-70.6963119979999,-33.5273662171308],[-70.6970893679999,-33.5270832261308],[-70.6968956399999,-33.5267316561308],[-70.6961256809999,-33.5270085851307]]]}},{"type":"Feature","properties":{"id":"13116011002014","commune":"Lo Espejo","code":"13116","gse":"C2","quintil":"Q3","nse_score":751.7,"educ":11.3,"educ_score":553.3,"hacin":1.391,"hacin_class":"Hacinamiento Leve","hacin_score":767.8,"auto_score":270.8,"n_per":96,"n_hog":31,"source_year":2024},"geometry":{"type":"Polygon","coordinates":[[[-70.6950929019999,-33.5280718381308],[-70.6957583609999,-33.5278508471308],[-70.695198048,-33.5267483271308],[-70.6945307204999,-33.5270399856308],[-70.6950929019999,-33.5280718381308]]]}},{"type":"Feature","properties":{"id":"13116011002015","commune":"Lo Espejo","code":"13116","gse":"D","quintil":"Q1","nse_score":677.8,"educ":10.5,"educ_score":500.0,"hacin":1.495,"hacin_class":"Hacinamiento Leve","hacin_score":745.8,"auto_score":144.8,"n_per":583,"n_hog":183,"source_year":2024},"geometry":{"type":"Polygon","coordinates":[[[-70.6964858889999,-33.5277002484641],[-70.696665961,-33.5280457221307],[-70.6975602939999,-33.5277210581308],[-70.6966790079999,-33.5280704911307],[-70.6979102929999,-33.5304113541307],[-70.6982297939999,-33.5304471621307],[-70.6999657479999,-33.5336736371307],[-70.7024920139999,-33.5327737611307],[-70.7007573799999,-33.5333781691307],[-70.7009278399999,-33.5331758781307],[-70.6992774279999,-33.5300923641307],[-70.698979059,-33.5301306291307],[-70.6991839809999,-33.5299351156307],[-70.697737877,-33.5272434301308],[-70.6964858889999,-33.5277002484641]]]}},{"type":"Feature","properties":{"id":"13116011002016","commune":"Lo Espejo","code":"13116","gse":"D","quintil":"Q2","nse_score":698.9,"educ":10.5,"educ_score":500.0,"hacin":1.771,"hacin_class":"Hacinamiento Medio","hacin_score":686.9,"auto_score":142.9,"n_per":62,"n_hog":18,"source_year":2024},"geometry":{"type":"Polygon","coordinates":[[[-70.6935558499999,-33.5286395041308],[-70.6938019719999,-33.5285662711307],[-70.6933347179999,-33.5276687841308],[-70.6930596864999,-33.5277441466308],[-70.6935558499999,-33.5286395041308]]]}},{"type":"Feature","properties":{"id":"13116011002017","commune":"Lo Espejo","code":"13116","gse":"D","quintil":"Q1","nse_score":677.8,"educ":11.3,"educ_score":553.3,"hacin":1.399,"hacin_class":"Hacinamiento Leve","hacin_score":766.2,"auto_score":73.3,"n_per":214,"n_hog":73,"source_year":2024},"geometry":{"type":"Polygon","coordinates":[[[-70.6951545909999,-33.5282174791307],[-70.6955413659999,-33.5289438881307],[-70.6962948509999,-33.5286887601308],[-70.6955540659999,-33.5289677241307],[-70.6966007259999,-33.5309170621307],[-70.6978684019999,-33.5304800231307],[-70.697024773,-33.5288371981308],[-70.6965842609999,-33.5289848071307],[-70.6970117629999,-33.5288125601308],[-70.696414951,-33.5276871921307],[-70.6951971429999,-33.5281088151307],[-70.6951545909999,-33.5282174791307]]]}},{"type":"Feature","properties":{"id":"13116011002018","commune":"Lo Espejo","code":"13116","gse":"D","quintil":"Q1","nse_score":681.3,"educ":12.0,"educ_score":600.0,"hacin":1.322,"hacin_class":"Hacinamiento Leve","hacin_score":782.6,"auto_score":87.0,"n_per":115,"n_hog":46,"source_year":2024},"geometry":{"type":"Polygon","coordinates":[[[-70.6950630259999,-33.5315215791307],[-70.6965383374999,-33.5309290026307],[-70.6950244829999,-33.5281796181308],[-70.6935857589999,-33.5287431516307],[-70.6950630259999,-33.5315215791307]]]}},{"type":"Feature","properties":{"id":"13116011002019","commune":"Lo Espejo","code":"13116","gse":"C3","quintil":"Q3","nse_score":722.2,"educ":11.0,"educ_score":533.3,"hacin":1.121,"hacin_class":"Hacinamiento Leve","hacin_score":825.3,"auto_score":48.4,"n_per":176,"n_hog":62,"source_year":2024},"geometry":{"type":"Polygon","coordinates":[[[-70.6966729329999,-33.5310620111307],[-70.6972588159999,-33.5321671481307],[-70.6981019359999,-33.5318565681307],[-70.6979619269999,-33.5315084691307],[-70.6984156679999,-33.5323557761307],[-70.6990153249999,-33.5321217271307],[-70.6981539019999,-33.5304661051307],[-70.6966729329999,-33.5310620111307]]]}},{"type":"Feature","properties":{"id":"13116011002020","commune":"Lo Espejo","code":"13116","gse":"C3","quintil":"Q2","nse_score":717.9,"educ":12.5,"educ_score":633.3,"hacin":1.361,"hacin_class":"Hacinamiento Leve","hacin_score":774.3,"auto_score":169.1,"n_per":181,"n_hog":69,"source_year":2024},"geometry":{"type":"Polygon","coordinates":[[[-70.6951253899999,-33.5316524691307],[-70.695718644,-33.5327769841307],[-70.696332605,-33.5325485861307],[-70.6957317139999,-33.5328017451307],[-70.6959769949999,-33.5332385001307],[-70.6974547879999,-33.5326948401307],[-70.6965922929999,-33.5310481831307],[-70.6951253899999,-33.5316524691307]]]}},{"type":"Feature","properties":{"id":"13116011002021","commune":"Lo Espejo","code":"13116","gse":"D","quintil":"Q2","nse_score":692.5,"educ":10.9,"educ_score":526.7,"hacin":1.083,"hacin_class":"Hacinamiento Leve","hacin_score":833.3,"auto_score":250.0,"n_per":65,"n_hog":21,"source_year":2024},"geometry":{"type":"Polygon","coordinates":[[[-70.6975405349999,-33.5326472191307],[-70.6983860789999,-33.5323666441307],[-70.6981150459999,-33.5318812901307],[-70.6972714029999,-33.5321916391307],[-70.6975405349999,-33.5326472191307]]]}},{"type":"Feature","properties":{"id":"13116011002022","commune":"Lo Espejo","code":"13116","gse":"D","quintil":"Q1","nse_score":673.2,"educ":11.8,"educ_score":586.7,"hacin":1.566,"hacin_class":"Hacinamiento Medio","hacin_score":730.6,"auto_score":64.5,"n_per":83,"n_hog":30,"source_year":2024},"geometry":{"type":"Polygon","coordinates":[[[-70.6984170869999,-33.5342844271307],[-70.6998777389999,-33.5337235931307],[-70.6990767819999,-33.5321877811307],[-70.6975757574999,-33.5327431061307],[-70.6984170869999,-33.5342844271307]]]}},{"type":"Feature","properties":{"id":"13116011002023","commune":"Lo Espejo","code":"13116","gse":"C3","quintil":"Q3","nse_score":738.0,"educ":12.9,"educ_score":660.0,"hacin":1.294,"hacin_class":"Hacinamiento Leve","hacin_score":788.5,"auto_score":0.0,"n_per":22,"n_hog":8,"source_year":2024},"geometry":{"type":"Polygon","coordinates":[[[-70.6968469059999,-33.5348680481307],[-70.6983222529999,-33.5343165291307],[-70.6974974549999,-33.5327685311307],[-70.6960179899999,-33.5333189361307],[-70.6968469059999,-33.5348680481307]]]}},{"type":"Feature","properties":{"id":"13116011003003","commune":"Lo Espejo","code":"13116","gse":"E","quintil":"Q1","nse_score":626.2,"educ":9.2,"educ_score":413.3,"hacin":1.394,"hacin_class":"Hacinamiento Leve","hacin_score":767.2,"auto_score":115.4,"n_per":99,"n_hog":26,"source_year":2024},"geometry":{"type":"Polygon","coordinates":[[[-70.7046993629999,-33.5255821391308],[-70.7046129459999,-33.5253261651308],[-70.7042543699999,-33.5253525661308],[-70.7042302289999,-33.5258790521308],[-70.7052683859999,-33.5258253101308],[-70.7051942329999,-33.5252538791308],[-70.7046909009999,-33.5253159861308],[-70.7046993629999,-33.5255821391308]]]}},{"type":"Feature","properties":{"id":"13116011003004","commune":"Lo Espejo","code":"13116","gse":"E","quintil":"Q1","nse_score":637.6,"educ":10.0,"educ_score":466.7,"hacin":1.447,"hacin_class":"Hacinamiento Leve","hacin_score":756.0,"auto_score":120.4,"n_per":191,"n_hog":51,"source_year":2024},"geometry":{"type":"Polygon","coordinates":[[[-70.7036864719999,-33.5254338961308],[-70.7036948879999,-33.5256556921308],[-70.7040946429999,-33.5256728571308],[-70.7036958829999,-33.5256827421308],[-70.7037065899999,-33.5259840211308],[-70.7040575279999,-33.5259992601308],[-70.7037074789999,-33.5260110831308],[-70.7037164199999,-33.5263079591308],[-70.7040704749999,-33.5263190771308],[-70.7037172899999,-33.5263350141308],[-70.7037274429999,-33.5266318771308],[-70.7040837439999,-33.5266447991308],[-70.7037283899999,-33.5266589291307],[-70.7037389969999,-33.5269546301307],[-70.7042539839999,-33.5269391971308],[-70.7042228959999,-33.5253539571308],[-70.7036864719999,-33.5254338961308]]]}},{"type":"Feature","properties":{"id":"13116011003005","commune":"Lo Espejo","code":"13116","gse":"D","quintil":"Q1","nse_score":676.8,"educ":9.6,"educ_score":440.0,"hacin":1.432,"hacin_class":"Hacinamiento Leve","hacin_score":759.1,"auto_score":153.8,"n_per":106,"n_hog":29,"source_year":2024},"geometry":{"type":"Polygon","coordinates":[[[-70.7042535119999,-33.5259445544641],[-70.7042693049999,-33.5262521351308],[-70.7052973379999,-33.5262257231308],[-70.7052478009999,-33.5259195851308],[-70.7042535119999,-33.5259445544641]]]}},{"type":"Feature","properties":{"id":"13116011003006","commune":"Lo Espejo","code":"13116","gse":"D","quintil":"Q1","nse_score":660.0,"educ":10.1,"educ_score":473.3,"hacin":1.386,"hacin_class":"Hacinamiento Leve","hacin_score":768.9,"auto_score":120.0,"n_per":79,"n_hog":24,"source_year":2024},"geometry":{"type":"Polygon","coordinates":[[[-70.7042703659999,-33.5262791951308],[-70.7042783199999,-33.5265699361307],[-70.7053094519999,-33.5265499801307],[-70.7052984729999,-33.5262527691308],[-70.7042703659999,-33.5262791951308]]]}},{"type":"Feature","properties":{"id":"13116011003007","commune":"Lo Espejo","code":"13116","gse":"D","quintil":"Q1","nse_score":661.5,"educ":9.7,"educ_score":446.7,"hacin":1.413,"hacin_class":"Hacinamiento Leve","hacin_score":763.3,"auto_score":115.4,"n_per":89,"n_hog":29,"source_year":2024},"geometry":{"type":"Polygon","coordinates":[[[-70.7042789589999,-33.5265970051308],[-70.7042848539999,-33.5268941781308],[-70.7053229519999,-33.5268694061308],[-70.7053105259999,-33.5265770261308],[-70.7042789589999,-33.5265970051308]]]}},{"type":"Feature","properties":{"id":"13116011003010","commune":"Lo Espejo","code":"13116","gse":"E","quintil":"Q1","nse_score":621.3,"educ":9.4,"educ_score":426.7,"hacin":1.481,"hacin_class":"Hacinamiento Leve","hacin_score":748.8,"auto_score":92.6,"n_per":77,"n_hog":27,"source_year":2024},"geometry":{"type":"Polygon","coordinates":[[[-70.7042408269999,-33.5285454831308],[-70.7042361434999,-33.5281902491308],[-70.7044321579999,-33.5278373441307],[-70.7044121589999,-33.5269429701308],[-70.7037399669999,-33.5269816831308],[-70.7037524979999,-33.5273310201308],[-70.7041333639999,-33.5273362061307],[-70.7037534689999,-33.5273581031307],[-70.7037618399999,-33.5275914571307],[-70.7041223119999,-33.5276072231308],[-70.703762777,-33.5276185201307],[-70.7037727839999,-33.5279186171308],[-70.7040863849999,-33.5279204341308],[-70.7037737069999,-33.5279456701307],[-70.7037952729999,-33.5285638771308],[-70.7042408269999,-33.5285454831308]]]}},{"type":"Feature","properties":{"id":"13116011003012","commune":"Lo Espejo","code":"13116","gse":"E","quintil":"Q1","nse_score":588.8,"educ":10.5,"educ_score":500.0,"hacin":1.938,"hacin_class":"Hacinamiento Medio","hacin_score":651.6,"auto_score":100.0,"n_per":93,"n_hog":28,"source_year":2024},"geometry":{"type":"Polygon","coordinates":[[[-70.7043057349999,-33.5282140527974],[-70.7053673589999,-33.5281918181307],[-70.7053545619999,-33.5279273551307],[-70.7044992179999,-33.5279033041308],[-70.7043057349999,-33.5282140527974]]]}},{"type":"Feature","properties":{"id":"13116011003013","commune":"Lo Espejo","code":"13116","gse":"E","quintil":"Q1","nse_score":598.9,"educ":8.4,"educ_score":360.0,"hacin":1.483,"hacin_class":"Hacinamiento Leve","hacin_score":748.2,"auto_score":217.4,"n_per":89,"n_hog":21,"source_year":2024},"geometry":{"type":"Polygon","coordinates":[[[-70.7043066519999,-33.5282515661307],[-70.7043183249999,-33.5285435611307],[-70.7053784569999,-33.5285168031307],[-70.705368286,-33.5282188811307],[-70.7043066519999,-33.5282515661307]]]}},{"type":"Feature","properties":{"id":"13116011003014","commune":"Lo Espejo","code":"13116","gse":"D","quintil":"Q1","nse_score":664.3,"educ":9.7,"educ_score":446.7,"hacin":1.309,"hacin_class":"Hacinamiento Leve","hacin_score":785.4,"auto_score":78.1,"n_per":89,"n_hog":32,"source_year":2024},"geometry":{"type":"Polygon","coordinates":[[[-70.7026548289999,-33.5287472881307],[-70.7028615899999,-33.5291211611307],[-70.7030492109999,-33.5290586401308],[-70.7028748349999,-33.5291458851307],[-70.7030594779999,-33.5295005291308],[-70.7037462559999,-33.5292643691307],[-70.703731306,-33.5288277151307],[-70.7032804409999,-33.5289769931308],[-70.7037303039999,-33.5287994161307],[-70.7036879589999,-33.5283905761307],[-70.7026548289999,-33.5287472881307]]]}},{"type":"Feature","properties":{"id":"13116011003015","commune":"Lo Espejo","code":"13116","gse":"E","quintil":"Q1","nse_score":640.0,"educ":9.9,"educ_score":460.0,"hacin":1.412,"hacin_class":"Hacinamiento Leve","hacin_score":763.5,"auto_score":115.4,"n_per":72,"n_hog":24,"source_year":2024},"geometry":{"type":"Polygon","coordinates":[[[-70.7043194119999,-33.5285706144641],[-70.7043316269999,-33.5288727781307],[-70.7053871779999,-33.5288465381307],[-70.7053793019999,-33.5285438561308],[-70.7043194119999,-33.5285706144641]]]}},{"type":"Feature","properties":{"id":"13116011003016","commune":"Lo Espejo","code":"13116","gse":"D","quintil":"Q1","nse_score":672.3,"educ":10.0,"educ_score":466.7,"hacin":1.465,"hacin_class":"Hacinamiento Leve","hacin_score":752.1,"auto_score":150.0,"n_per":63,"n_hog":22,"source_year":2024},"geometry":{"type":"Polygon","coordinates":[[[-70.7037962019999,-33.5285909401308],[-70.7038282479999,-33.5295404211307],[-70.7042798719999,-33.5295199301307],[-70.7042477879999,-33.5285723271307],[-70.7037962019999,-33.5285909401308]]]}},{"type":"Feature","properties":{"id":"13116011003018","commune":"Lo Espejo","code":"13116","gse":"C3","quintil":"Q2","nse_score":711.1,"educ":11.5,"educ_score":566.7,"hacin":1.403,"hacin_class":"Hacinamiento Leve","hacin_score":765.4,"auto_score":193.5,"n_per":101,"n_hog":32,"source_year":2024},"geometry":{"type":"Polygon","coordinates":[[[-70.7021990809999,-33.5289177441308],[-70.7027318339999,-33.5298907281307],[-70.7031478399999,-33.5297379531307],[-70.7026253599999,-33.5287583181307],[-70.7021990809999,-33.5289177441308]]]}},{"type":"Feature","properties":{"id":"13116011003019","commune":"Lo Espejo","code":"13116","gse":"D","quintil":"Q1","nse_score":672.5,"educ":9.6,"educ_score":440.0,"hacin":1.628,"hacin_class":"Hacinamiento Medio","hacin_score":717.4,"auto_score":93.8,"n_per":127,"n_hog":35,"source_year":2024},"geometry":{"type":"Polygon","coordinates":[[[-70.7043326389999,-33.5288998324641],[-70.7043430789999,-33.5292027891307],[-70.7053938359999,-33.5291639131307],[-70.7053879509999,-33.5288735931307],[-70.7043326389999,-33.5288998324641]]]}},{"type":"Feature","properties":{"id":"13116011003020","commune":"Lo Espejo","code":"13116","gse":"D","quintil":"Q1","nse_score":676.9,"educ":10.3,"educ_score":486.7,"hacin":1.418,"hacin_class":"Hacinamiento Leve","hacin_score":762.1,"auto_score":125.0,"n_per":95,"n_hog":27,"source_year":2024},"geometry":{"type":"Polygon","coordinates":[[[-70.7018208509999,-33.5292106891308],[-70.7017239919999,-33.5290986471308],[-70.7013173729999,-33.5292778101307],[-70.7015563329999,-33.5297949101308],[-70.7020153919999,-33.5296308791308],[-70.7019511469999,-33.5294486521307],[-70.7020451219999,-33.5296202561307],[-70.7024731919999,-33.5294672991307],[-70.7021696549999,-33.5289288381308],[-70.7017534089999,-33.5290874831307],[-70.7018208509999,-33.5292106891308]]]}},{"type":"Feature","properties":{"id":"13116011003021","commune":"Lo Espejo","code":"13116","gse":"D","quintil":"Q1","nse_score":665.6,"educ":9.8,"educ_score":453.3,"hacin":1.507,"hacin_class":"Hacinamiento Medio","hacin_score":743.2,"auto_score":96.8,"n_per":110,"n_hog":34,"source_year":2024},"geometry":{"type":"Polygon","coordinates":[[[-70.7043440829999,-33.5292298511308],[-70.7043556619999,-33.5295211301307],[-70.7054041519999,-33.5294894231307],[-70.7053949729999,-33.5291909681308],[-70.7043440829999,-33.5292298511308]]]}},{"type":"Feature","properties":{"id":"13116011003023","commune":"Lo Espejo","code":"13116","gse":"C3","quintil":"Q3","nse_score":743.2,"educ":11.5,"educ_score":566.7,"hacin":1.151,"hacin_class":"Hacinamiento Leve","hacin_score":818.8,"auto_score":187.5,"n_per":76,"n_hog":27,"source_year":2024},"geometry":{"type":"Polygon","coordinates":[[[-70.7007491499999,-33.5294675341307],[-70.7011981539999,-33.5302969211307],[-70.7016519429999,-33.5301291761307],[-70.7012222139999,-33.5293314131307],[-70.7007491499999,-33.5294675341307]]]}},{"type":"Feature","properties":{"id":"13116011003024","commune":"Lo Espejo","code":"13116","gse":"C3","quintil":"Q3","nse_score":729.9,"educ":11.1,"educ_score":540.0,"hacin":1.355,"hacin_class":"Hacinamiento Leve","hacin_score":775.6,"auto_score":78.1,"n_per":84,"n_hog":35,"source_year":2024},"geometry":{"type":"Polygon","coordinates":[[[-70.700313977,-33.5296308821307],[-70.7007595859999,-33.5304590351307],[-70.7011685929999,-33.5303078471307],[-70.7007196509999,-33.5294785421307],[-70.700313977,-33.5296308821307]]]}},{"type":"Feature","properties":{"id":"13116011003026","commune":"Lo Espejo","code":"13116","gse":"E","quintil":"Q1","nse_score":618.4,"educ":9.2,"educ_score":413.3,"hacin":1.5,"hacin_class":"Hacinamiento Medio","hacin_score":744.7,"auto_score":55.6,"n_per":75,"n_hog":26,"source_year":2024},"geometry":{"type":"Polygon","coordinates":[[[-70.7043566799999,-33.5295481901308],[-70.7043672769999,-33.5298461381307],[-70.7054154489999,-33.5298177571307],[-70.7054051979999,-33.5295164711307],[-70.7043566799999,-33.5295481901308]]]}},{"type":"Feature","properties":{"id":"13116011003027","commune":"Lo Espejo","code":"13116","gse":"D","quintil":"Q2","nse_score":692.0,"educ":10.3,"educ_score":486.7,"hacin":1.238,"hacin_class":"Hacinamiento Leve","hacin_score":800.5,"auto_score":100.0,"n_per":99,"n_hog":35,"source_year":2024},"geometry":{"type":"Polygon","coordinates":[[[-70.7027448659999,-33.5299155021307],[-70.702935152,-33.5302775141307],[-70.7031066309999,-33.5302123531307],[-70.7029488939999,-33.5303020211307],[-70.7031492109999,-33.5306381041307],[-70.7037879619999,-33.5303994751307],[-70.7037736959999,-33.5299885211307],[-70.7033564959999,-33.5301173851307],[-70.7037729209999,-33.5299603251307],[-70.7037552259999,-33.5295217931307],[-70.7027448659999,-33.5299155021307]]]}},{"type":"Feature","properties":{"id":"13116011003028","commune":"Lo Espejo","code":"13116","gse":"D","quintil":"Q2","nse_score":695.9,"educ":9.8,"educ_score":453.3,"hacin":1.326,"hacin_class":"Hacinamiento Leve","hacin_score":781.8,"auto_score":100.0,"n_per":57,"n_hog":15,"source_year":2024},"geometry":{"type":"Polygon","coordinates":[[[-70.7038291929999,-33.5295674851307],[-70.7038631799999,-33.5305110161307],[-70.7043145279999,-33.5304950201307],[-70.7042808249999,-33.5295474121307],[-70.7038291929999,-33.5295674851307]]]}},{"type":"Feature","properties":{"id":"13116011003029","commune":"Lo Espejo","code":"13116","gse":"C3","quintil":"Q2","nse_score":713.4,"educ":10.9,"educ_score":526.7,"hacin":1.5,"hacin_class":"Hacinamiento Medio","hacin_score":744.7,"auto_score":172.4,"n_per":93,"n_hog":33,"source_year":2024},"geometry":{"type":"Polygon","coordinates":[[[-70.6999542649999,-33.5299911041307],[-70.6998268019999,-33.5298127981308],[-70.6993387519999,-33.5300065531308],[-70.6995852819999,-33.5305371541307],[-70.7001017879999,-33.5303386881307],[-70.7000443879999,-33.5301665791308],[-70.7001310009999,-33.5303270981307],[-70.7005418129999,-33.5301592151307],[-70.7002845849999,-33.5296418671308],[-70.6998563529999,-33.5298019091308],[-70.6999542649999,-33.5299911041307]]]}},{"type":"Feature","properties":{"id":"13116011003030","commune":"Lo Espejo","code":"13116","gse":"D","quintil":"Q2","nse_score":696.9,"educ":11.6,"educ_score":573.3,"hacin":1.417,"hacin_class":"Hacinamiento Leve","hacin_score":762.4,"auto_score":125.0,"n_per":85,"n_hog":33,"source_year":2024},"geometry":{"type":"Polygon","coordinates":[[[-70.7021451659999,-33.5309501211307],[-70.7026243219999,-33.5307677026307],[-70.7020288709999,-33.5296554731307],[-70.7015694739999,-33.5298196346307],[-70.7021451659999,-33.5309501211307]]]}},{"type":"Feature","properties":{"id":"13116011003031","commune":"Lo Espejo","code":"13116","gse":"E","quintil":"Q1","nse_score":650.3,"educ":9.9,"educ_score":460.0,"hacin":1.657,"hacin_class":"Hacinamiento Medio","hacin_score":711.3,"auto_score":191.2,"n_per":111,"n_hog":35,"source_year":2024},"geometry":{"type":"Polygon","coordinates":[[[-70.7043681999999,-33.5298732011307],[-70.7043779759999,-33.5301727531307],[-70.7054265149999,-33.5301393901307],[-70.7054164339999,-33.5298448071307],[-70.7043681999999,-33.5298732011307]]]}},{"type":"Feature","properties":{"id":"13116011003033","commune":"Lo Espejo","code":"13116","gse":"E","quintil":"Q1","nse_score":639.0,"educ":9.3,"educ_score":420.0,"hacin":1.672,"hacin_class":"Hacinamiento Medio","hacin_score":708.1,"auto_score":258.6,"n_per":102,"n_hog":30,"source_year":2024},"geometry":{"type":"Polygon","coordinates":[[[-70.7043788809999,-33.5301998104641],[-70.7043890499999,-33.5304970721307],[-70.7054386469999,-33.5304680461307],[-70.7054274809999,-33.5301664511307],[-70.7043788809999,-33.5301998104641]]]}},{"type":"Feature","properties":{"id":"13116011003034","commune":"Lo Espejo","code":"13116","gse":"D","quintil":"Q1","nse_score":680.6,"educ":10.9,"educ_score":526.7,"hacin":1.891,"hacin_class":"Hacinamiento Medio","hacin_score":661.5,"auto_score":95.2,"n_per":104,"n_hog":28,"source_year":2024},"geometry":{"type":"Polygon","coordinates":[[[-70.6995984529999,-33.5305618771307],[-70.699797025,-33.5309348131307],[-70.700783542,-33.5305718351307],[-70.7005553699999,-33.5301837731307],[-70.6995984529999,-33.5305618771307]]]}},{"type":"Feature","properties":{"id":"13116011003036","commune":"Lo Espejo","code":"13116","gse":"C3","quintil":"Q2","nse_score":711.9,"educ":10.9,"educ_score":526.7,"hacin":1.558,"hacin_class":"Hacinamiento Medio","hacin_score":732.4,"auto_score":111.1,"n_per":81,"n_hog":31,"source_year":2024},"geometry":{"type":"Polygon","coordinates":[[[-70.7027896649999,-33.5308007551307],[-70.7029841769999,-33.5311614881307],[-70.7038010769999,-33.5308577381307],[-70.7037888489999,-33.5304276831307],[-70.7027896649999,-33.5308007551307]]]}},{"type":"Feature","properties":{"id":"13116011003037","commune":"Lo Espejo","code":"13116","gse":"E","quintil":"Q1","nse_score":653.4,"educ":9.8,"educ_score":453.3,"hacin":1.522,"hacin_class":"Hacinamiento Medio","hacin_score":740.1,"auto_score":142.9,"n_per":105,"n_hog":30,"source_year":2024},"geometry":{"type":"Polygon","coordinates":[[[-70.7043899599999,-33.530524128464],[-70.7043995859999,-33.5308153161307],[-70.7054477749999,-33.5307943891307],[-70.7054397589999,-33.5304951011307],[-70.7043899599999,-33.530524128464]]]}},{"type":"Feature","properties":{"id":"13116011003038","commune":"Lo Espejo","code":"13116","gse":"E","quintil":"Q1","nse_score":655.6,"educ":10.3,"educ_score":486.7,"hacin":1.909,"hacin_class":"Hacinamiento Medio","hacin_score":657.6,"auto_score":227.3,"n_per":42,"n_hog":13,"source_year":2024},"geometry":{"type":"Polygon","coordinates":[[[-70.7038641159999,-33.5305380781307],[-70.7038851619999,-33.5311731931307],[-70.7043346609999,-33.5311621851307],[-70.7043154019999,-33.5305220771307],[-70.7038641159999,-33.5305380781307]]]}},{"type":"Feature","properties":{"id":"13116011003039","commune":"Lo Espejo","code":"13116","gse":"C3","quintil":"Q2","nse_score":708.6,"educ":10.9,"educ_score":526.7,"hacin":1.304,"hacin_class":"Hacinamiento Leve","hacin_score":786.3,"auto_score":189.7,"n_per":90,"n_hog":29,"source_year":2024},"geometry":{"type":"Polygon","coordinates":[[[-70.6998102599999,-33.5309595141307],[-70.6999976529999,-33.5313074371307],[-70.7002037499999,-33.5312487401307],[-70.7000109689999,-33.5313321471307],[-70.7002045869999,-33.5316916261307],[-70.7008274309999,-33.5314566301307],[-70.7006401549999,-33.5311020601307],[-70.7004293549999,-33.5311635071307],[-70.7006270509999,-33.5310772781307],[-70.7004350009999,-33.5307136671307],[-70.6998102599999,-33.5309595141307]]]}},{"type":"Feature","properties":{"id":"13116011003040","commune":"Lo Espejo","code":"13116","gse":"D","quintil":"Q2","nse_score":685.7,"educ":10.7,"educ_score":513.3,"hacin":1.429,"hacin_class":"Hacinamiento Leve","hacin_score":759.9,"auto_score":131.0,"n_per":130,"n_hog":44,"source_year":2024},"geometry":{"type":"Polygon","coordinates":[[[-70.7021384123333,-33.5310851917974],[-70.7022260229999,-33.5314437441307],[-70.7025317529999,-33.5313597581307],[-70.7022326204999,-33.5314705446307],[-70.7023278029999,-33.5318545181307],[-70.7031567899999,-33.5315479661307],[-70.7029679489999,-33.5311971601307],[-70.7027755759999,-33.5312689591307],[-70.7029546619999,-33.5311725031307],[-70.7027536889999,-33.5307990891307],[-70.7021384123333,-33.5310851917974]]]}},{"type":"Feature","properties":{"id":"13116011003041","commune":"Lo Espejo","code":"13116","gse":"E","quintil":"Q1","nse_score":601.8,"educ":9.3,"educ_score":420.0,"hacin":1.212,"hacin_class":"Hacinamiento Leve","hacin_score":806.1,"auto_score":140.0,"n_per":63,"n_hog":25,"source_year":2024},"geometry":{"type":"Polygon","coordinates":[[[-70.7044257519999,-33.5311552621307],[-70.7053626399999,-33.5311325671307],[-70.7054516889999,-33.5308211331307],[-70.7044004099999,-33.5308423811307],[-70.7044257519999,-33.5311552621307]]]}},{"type":"Feature","properties":{"id":"13116011003042","commune":"Lo Espejo","code":"13116","gse":"C2","quintil":"Q3","nse_score":754.6,"educ":12.4,"educ_score":626.7,"hacin":1.512,"hacin_class":"Hacinamiento Medio","hacin_score":742.2,"auto_score":187.5,"n_per":65,"n_hog":16,"source_year":2024},"geometry":{"type":"Polygon","coordinates":[[[-70.7029974586666,-33.5311861641307],[-70.70318635,-33.5315370351307],[-70.7034113429999,-33.5314543281307],[-70.7031996514999,-33.5315616991307],[-70.7036389289999,-33.5323782221307],[-70.703837372,-33.5323077881307],[-70.7038181739999,-33.5313329701307],[-70.7035433609999,-33.5314060491307],[-70.7038173699999,-33.5313048471307],[-70.7038019899999,-33.5308858921307],[-70.7029974586666,-33.5311861641307]]]}},{"type":"Feature","properties":{"id":"13116011003045","commune":"Lo Espejo","code":"13116","gse":"D","quintil":"Q2","nse_score":690.0,"educ":10.2,"educ_score":480.0,"hacin":1.494,"hacin_class":"Hacinamiento Leve","hacin_score":746.0,"auto_score":258.1,"n_per":118,"n_hog":31,"source_year":2024},"geometry":{"type":"Polygon","coordinates":[[[-70.7039902489999,-33.5322273211307],[-70.7043879949999,-33.5321049111307],[-70.7043310619999,-33.5312209061307],[-70.7038871039999,-33.5312318041307],[-70.7039902489999,-33.5322273211307]]]}},{"type":"Feature","properties":{"id":"13116011003046","commune":"Lo Espejo","code":"13116","gse":"C3","quintil":"Q3","nse_score":747.2,"educ":12.5,"educ_score":633.3,"hacin":1.515,"hacin_class":"Hacinamiento Medio","hacin_score":741.5,"auto_score":35.7,"n_per":50,"n_hog":14,"source_year":2024},"geometry":{"type":"Polygon","coordinates":[[[-70.7008699659999,-33.5314702751307],[-70.7010577119999,-33.5318256981307],[-70.7016444059999,-33.5316053311307],[-70.7014540749999,-33.5312498651307],[-70.7008699659999,-33.5314702751307]]]}},{"type":"Feature","properties":{"id":"13116011003047","commune":"Lo Espejo","code":"13116","gse":"C2","quintil":"Q4","nse_score":769.6,"educ":12.9,"educ_score":660.0,"hacin":1.177,"hacin_class":"Hacinamiento Leve","hacin_score":813.5,"auto_score":307.7,"n_per":40,"n_hog":13,"source_year":2024},"geometry":{"type":"Polygon","coordinates":[[[-70.7014226659999,-33.5317190211307],[-70.7016064889999,-33.5320793981307],[-70.7022508839999,-33.5318415811307],[-70.7021552394999,-33.5314453716307],[-70.7014226659999,-33.5317190211307]]]}},{"type":"Feature","properties":{"id":"13116011003048","commune":"Lo Espejo","code":"13116","gse":"C3","quintil":"Q2","nse_score":719.5,"educ":11.6,"educ_score":573.3,"hacin":1.629,"hacin_class":"Hacinamiento Medio","hacin_score":717.3,"auto_score":218.8,"n_per":57,"n_hog":17,"source_year":2024},"geometry":{"type":"Polygon","coordinates":[[[-70.7002178399999,-33.531716312464],[-70.7004063969999,-33.5320689781307],[-70.7010282029999,-33.5318367211307],[-70.7008405079999,-33.5314813651307],[-70.7002178399999,-33.531716312464]]]}},{"type":"Feature","properties":{"id":"13116011003049","commune":"Lo Espejo","code":"13116","gse":"D","quintil":"Q1","nse_score":668.2,"educ":10.3,"educ_score":486.7,"hacin":1.412,"hacin_class":"Hacinamiento Leve","hacin_score":763.5,"auto_score":55.6,"n_per":48,"n_hog":17,"source_year":2024},"geometry":{"type":"Polygon","coordinates":[[[-70.7023344419999,-33.5318813081307],[-70.7024312739999,-33.5322721591307],[-70.7033652789999,-33.5319337751307],[-70.7031700989999,-33.5315726151307],[-70.7023344419999,-33.5318813081307]]]}},{"type":"Feature","properties":{"id":"13116011003050","commune":"Lo Espejo","code":"13116","gse":"C3","quintil":"Q3","nse_score":724.5,"educ":11.8,"educ_score":586.7,"hacin":1.314,"hacin_class":"Hacinamiento Leve","hacin_score":784.3,"auto_score":90.9,"n_per":67,"n_hog":24,"source_year":2024},"geometry":{"type":"Polygon","coordinates":[[[-70.700419586,-33.5320936941307],[-70.7006124489999,-33.5324611691307],[-70.7015769259999,-33.5320903241307],[-70.7013931569999,-33.5317300201307],[-70.700419586,-33.5320936941307]]]}},{"type":"Feature","properties":{"id":"13116011003051","commune":"Lo Espejo","code":"13116","gse":"D","quintil":"Q2","nse_score":687.7,"educ":11.3,"educ_score":553.3,"hacin":1.349,"hacin_class":"Hacinamiento Leve","hacin_score":776.9,"auto_score":125.0,"n_per":89,"n_hog":34,"source_year":2024},"geometry":{"type":"Polygon","coordinates":[[[-70.7010922099999,-33.5322990501307],[-70.7012762449999,-33.5326402021307],[-70.7023546949999,-33.5322613551307],[-70.7022574414999,-33.5318683956307],[-70.7010922099999,-33.5322990501307]]]}},{"type":"Feature","properties":{"id":"13116011003052","commune":"Lo Espejo","code":"13116","gse":"C3","quintil":"Q3","nse_score":723.2,"educ":11.4,"educ_score":560.0,"hacin":1.326,"hacin_class":"Hacinamiento Leve","hacin_score":781.7,"auto_score":88.2,"n_per":61,"n_hog":19,"source_year":2024},"geometry":{"type":"Polygon","coordinates":[[[-70.7026101589999,-33.5327331711307],[-70.7036091679999,-33.5323887861307],[-70.7033785649999,-33.5319584341307],[-70.7024380389999,-33.5322988951307],[-70.7026101589999,-33.5327331711307]]]}},{"type":"Feature","properties":{"id":"13116011003053","commune":"Lo Espejo","code":"13116","gse":"D","quintil":"Q1","nse_score":680.4,"educ":9.8,"educ_score":453.3,"hacin":1.317,"hacin_class":"Hacinamiento Leve","hacin_score":783.5,"auto_score":220.0,"n_per":83,"n_hog":26,"source_year":2024},"geometry":{"type":"Polygon","coordinates":[[[-70.7012888279999,-33.5326651391307],[-70.7014653719999,-33.5330387511307],[-70.7024754559999,-33.5326546786307],[-70.7023615019999,-33.5322880501307],[-70.7012888279999,-33.5326651391307]]]}},{"type":"Feature","properties":{"id":"13116011003054","commune":"Lo Espejo","code":"13116","gse":"D","quintil":"Q2","nse_score":696.0,"educ":11.0,"educ_score":533.3,"hacin":1.561,"hacin_class":"Hacinamiento Medio","hacin_score":731.7,"auto_score":105.3,"n_per":64,"n_hog":22,"source_year":2024},"geometry":{"type":"Polygon","coordinates":[[[-70.7010340699999,-33.5331861921307],[-70.7014357129999,-33.5330494721307],[-70.7010628609999,-33.5323103411307],[-70.7006255924999,-33.5324858971307],[-70.7010340699999,-33.5331861921307]]]}},{"type":"Feature","properties":{"id":"13116011003025","commune":"Lo Espejo","code":"13116","gse":"D","quintil":"Q1","nse_score":663.5,"educ":9.8,"educ_score":453.3,"hacin":1.39,"hacin_class":"Hacinamiento Leve","hacin_score":768.1,"auto_score":51.7,"n_per":82,"n_hog":27,"source_year":2024},"geometry":{"type":"MultiPolygon","coordinates":[[[[-70.7029194539999,-33.5303131861307],[-70.7025098319999,-33.5304688861307],[-70.7026228039999,-33.5304523991307],[-70.7027988829999,-33.5307693421307],[-70.7031196909999,-33.5306491661307],[-70.7029194539999,-33.5303131861307]]],[[[-70.7020585969999,-33.5296448751307],[-70.7024963299999,-33.5304442971307],[-70.7029057439999,-33.5302886921307],[-70.7024866269999,-33.5294919071308],[-70.7020585969999,-33.5296448751307]]]]}},{"type":"Feature","properties":{"id":"13116011003008","commune":"Lo Espejo","code":"13116","gse":"C3","quintil":"Q2","nse_score":709.2,"educ":10.9,"educ_score":526.7,"hacin":1.429,"hacin_class":"Hacinamiento Leve","hacin_score":759.9,"auto_score":147.1,"n_per":60,"n_hog":17,"source_year":2024},"geometry":{"type":"MultiPolygon","coordinates":[[[[-70.7045516319999,-33.5278503551308],[-70.7048816679999,-33.5277940671308],[-70.7048130699999,-33.5269487111307],[-70.7044751274999,-33.5269709196307],[-70.7045516319999,-33.5278503551308]]],[[[-70.7049268459999,-33.5269111651308],[-70.7049416489999,-33.5273437861308],[-70.7053445579999,-33.5273191041308],[-70.7053241779999,-33.5268964491308],[-70.7049268459999,-33.5269111651308]]]]}},{"type":"Feature","properties":{"id":"13116011004007","commune":"Lo Espejo","code":"13116","gse":"E","quintil":"Q1","nse_score":621.9,"educ":9.9,"educ_score":460.0,"hacin":1.504,"hacin_class":"Hacinamiento Medio","hacin_score":743.8,"auto_score":66.7,"n_per":2631,"n_hog":805,"source_year":2024},"geometry":{"type":"Polygon","coordinates":[[[-70.7010767659999,-33.5221459301309],[-70.7014014719999,-33.5223776771308],[-70.7019300349999,-33.5220321221308],[-70.7014419939999,-33.5224287621308],[-70.7018698969999,-33.5227867071308],[-70.7023197059999,-33.5224397031308],[-70.7012981789999,-33.5233168301308],[-70.7008319639999,-33.5229242871308],[-70.7004087319999,-33.5232675761308],[-70.7021996499999,-33.5239586431308],[-70.7026265269999,-33.5239574771308],[-70.7025972369999,-33.5228004401308],[-70.7024961429999,-33.5227545081308],[-70.7044208529999,-33.5226606641308],[-70.703861619,-33.5216151831308],[-70.7024170459999,-33.5211209321308],[-70.7015431149999,-33.5212529371308],[-70.6997097239999,-33.5225848921308],[-70.7004215919999,-33.5231764021308],[-70.7013783109999,-33.5223965571308],[-70.7010767659999,-33.5221459301309]]]}},{"type":"Feature","properties":{"id":"13116011004008","commune":"Lo Espejo","code":"13116","gse":"E","quintil":"Q1","nse_score":607.0,"educ":9.2,"educ_score":413.3,"hacin":1.214,"hacin_class":"Hacinamiento Leve","hacin_score":805.5,"auto_score":83.3,"n_per":17,"n_hog":5,"source_year":2024},"geometry":{"type":"Polygon","coordinates":[[[-70.7008629019999,-33.5228991931308],[-70.7013053609999,-33.5232717381308],[-70.7018472949999,-33.5228060441308],[-70.7014188239999,-33.5224476041308],[-70.7008629019999,-33.5228991931308]]]}},{"type":"Feature","properties":{"id":"13116011004010","commune":"Lo Espejo","code":"13116","gse":"E","quintil":"Q1","nse_score":620.9,"educ":10.3,"educ_score":486.7,"hacin":1.406,"hacin_class":"Hacinamiento Leve","hacin_score":764.8,"auto_score":39.2,"n_per":506,"n_hog":167,"source_year":2024},"geometry":{"type":"Polygon","coordinates":[[[-70.6988423039999,-33.5233136591308],[-70.6995254699999,-33.5239092121308],[-70.7003984359999,-33.5231952771308],[-70.6996871239999,-33.5226042171308],[-70.6988423039999,-33.5233136591308]]]}},{"type":"Feature","properties":{"id":"13116011004011","commune":"Lo Espejo","code":"13116","gse":"D","quintil":"Q2","nse_score":697.2,"educ":11.1,"educ_score":540.0,"hacin":1.341,"hacin_class":"Hacinamiento Leve","hacin_score":778.5,"auto_score":190.5,"n_per":59,"n_hog":20,"source_year":2024},"geometry":{"type":"Polygon","coordinates":[[[-70.7034959039999,-33.5227650401308],[-70.7035142139999,-33.5230327711308],[-70.7045573959999,-33.5229771541308],[-70.7044437209999,-33.5227136661308],[-70.7034959039999,-33.5227650401308]]]}},{"type":"Feature","properties":{"id":"13116011004012","commune":"Lo Espejo","code":"13116","gse":"D","quintil":"Q1","nse_score":661.4,"educ":10.9,"educ_score":526.7,"hacin":1.44,"hacin_class":"Hacinamiento Leve","hacin_score":757.3,"auto_score":132.4,"n_per":121,"n_hog":32,"source_year":2024},"geometry":{"type":"Polygon","coordinates":[[[-70.7026404529999,-33.5228061671308],[-70.7026471199999,-33.5230695281308],[-70.7032044529999,-33.5230738681308],[-70.7026480329999,-33.5231056271308],[-70.7026543499999,-33.5233551521308],[-70.7034689289999,-33.5233166221308],[-70.7034314209999,-33.5227681411308],[-70.7026404529999,-33.5228061671308]]]}},{"type":"Feature","properties":{"id":"13116011004013","commune":"Lo Espejo","code":"13116","gse":"D","quintil":"Q1","nse_score":662.3,"educ":11.6,"educ_score":573.3,"hacin":1.566,"hacin_class":"Hacinamiento Medio","hacin_score":730.7,"auto_score":172.4,"n_per":119,"n_hog":30,"source_year":2024},"geometry":{"type":"Polygon","coordinates":[[[-70.7046804839999,-33.5232624681308],[-70.7045727149999,-33.5230126621308],[-70.7035166769999,-33.5230687791308],[-70.703533466,-33.5233142561308],[-70.7046804839999,-33.5232624681308]]]}},{"type":"Feature","properties":{"id":"13116011004014","commune":"Lo Espejo","code":"13116","gse":"D","quintil":"Q2","nse_score":694.1,"educ":11.4,"educ_score":560.0,"hacin":1.371,"hacin_class":"Hacinamiento Leve","hacin_score":772.1,"auto_score":96.2,"n_per":85,"n_hog":26,"source_year":2024},"geometry":{"type":"Polygon","coordinates":[[[-70.7000445079999,-33.5235815821308],[-70.7011064189999,-33.5239778281308],[-70.7012892469999,-33.5236293771308],[-70.7003869719999,-33.5232877931308],[-70.7000445079999,-33.5235815821308]]]}},{"type":"Feature","properties":{"id":"13116011004015","commune":"Lo Espejo","code":"13116","gse":"D","quintil":"Q2","nse_score":690.4,"educ":10.8,"educ_score":520.0,"hacin":1.496,"hacin_class":"Hacinamiento Leve","hacin_score":745.6,"auto_score":184.8,"n_per":181,"n_hog":46,"source_year":2024},"geometry":{"type":"Polygon","coordinates":[[[-70.7046957849999,-33.5232979371308],[-70.7035359289999,-33.5233502751308],[-70.7035537629999,-33.5236110391308],[-70.7047998289999,-33.5235391031308],[-70.7046957849999,-33.5232979371308]]]}},{"type":"Feature","properties":{"id":"13116011004016","commune":"Lo Espejo","code":"13116","gse":"E","quintil":"Q1","nse_score":641.1,"educ":9.9,"educ_score":460.0,"hacin":1.511,"hacin_class":"Hacinamiento Medio","hacin_score":742.4,"auto_score":36.5,"n_per":284,"n_hog":87,"source_year":2024},"geometry":{"type":"Polygon","coordinates":[[[-70.6990071709999,-33.5243178711308],[-70.6995028599999,-33.5239285441308],[-70.6988087299999,-33.5233418011308],[-70.6985498549999,-33.5236426176308],[-70.6990071709999,-33.5243178711308]]]}},{"type":"Feature","properties":{"id":"13116011004017","commune":"Lo Espejo","code":"13116","gse":"D","quintil":"Q1","nse_score":679.7,"educ":11.5,"educ_score":566.7,"hacin":1.458,"hacin_class":"Hacinamiento Leve","hacin_score":753.7,"auto_score":96.2,"n_per":86,"n_hog":22,"source_year":2024},"geometry":{"type":"Polygon","coordinates":[[[-70.7034713909999,-33.5233526311308],[-70.7026552629999,-33.5233912271308],[-70.702661642,-33.5236431971308],[-70.7034892349999,-33.5236135551308],[-70.7034713909999,-33.5233526311308]]]}},{"type":"Feature","properties":{"id":"13116011004018","commune":"Lo Espejo","code":"13116","gse":"D","quintil":"Q1","nse_score":658.9,"educ":10.5,"educ_score":500.0,"hacin":1.597,"hacin_class":"Hacinamiento Medio","hacin_score":724.1,"auto_score":208.3,"n_per":190,"n_hog":46,"source_year":2024},"geometry":{"type":"Polygon","coordinates":[[[-70.7048150539999,-33.5235744021308],[-70.7035562249999,-33.5236470481308],[-70.7035783039999,-33.5239698841308],[-70.7049072209999,-33.5237880401308],[-70.7048150539999,-33.5235744021308]]]}},{"type":"Feature","properties":{"id":"13116011004019","commune":"Lo Espejo","code":"13116","gse":"C3","quintil":"Q2","nse_score":718.5,"educ":10.4,"educ_score":493.3,"hacin":1.456,"hacin_class":"Hacinamiento Leve","hacin_score":753.9,"auto_score":150.0,"n_per":67,"n_hog":23,"source_year":2024},"geometry":{"type":"Polygon","coordinates":[[[-70.6996669319999,-33.5238993761308],[-70.7008956539999,-33.5243795261308],[-70.7010934159999,-33.5240026141308],[-70.7000208879999,-33.5236012951308],[-70.6996669319999,-33.5238993761308]]]}},{"type":"Feature","properties":{"id":"13116011004020","commune":"Lo Espejo","code":"13116","gse":"D","quintil":"Q2","nse_score":684.5,"educ":10.7,"educ_score":513.3,"hacin":1.481,"hacin_class":"Hacinamiento Leve","hacin_score":748.8,"auto_score":204.5,"n_per":77,"n_hog":23,"source_year":2024},"geometry":{"type":"Polygon","coordinates":[[[-70.7011358819999,-33.5239888231308],[-70.7019696479999,-33.5242999281308],[-70.7021578349999,-33.5239666901308],[-70.701318737,-33.5236402931308],[-70.7011358819999,-33.5239888231308]]]}},{"type":"Feature","properties":{"id":"13116011004021","commune":"Lo Espejo","code":"13116","gse":"C3","quintil":"Q3","nse_score":743.9,"educ":11.4,"educ_score":560.0,"hacin":1.413,"hacin_class":"Hacinamiento Leve","hacin_score":763.3,"auto_score":136.4,"n_per":113,"n_hog":35,"source_year":2024},"geometry":{"type":"Polygon","coordinates":[[[-70.7034917119999,-33.5236497791308],[-70.7026625549999,-33.5236792551308],[-70.7026693839999,-33.5239501251308],[-70.7035138449999,-33.5239734131308],[-70.7034917119999,-33.5236497791308]]]}},{"type":"Feature","properties":{"id":"13116011004022","commune":"Lo Espejo","code":"13116","gse":"E","quintil":"Q1","nse_score":650.7,"educ":9.6,"educ_score":440.0,"hacin":1.587,"hacin_class":"Hacinamiento Medio","hacin_score":726.2,"auto_score":125.0,"n_per":357,"n_hog":86,"source_year":2024},"geometry":{"type":"Polygon","coordinates":[[[-70.7049255899999,-33.5238402351308],[-70.7035486379999,-33.5240284721308],[-70.7021898109999,-33.5239582501308],[-70.7017873169999,-33.5247120721308],[-70.7035890319999,-33.5253953841308],[-70.7038702129999,-33.5253181911308],[-70.7038370649999,-33.5251256971308],[-70.7039276019999,-33.5253342481308],[-70.7043713959999,-33.5253160021308],[-70.7043940099999,-33.5250800601308],[-70.7044585359999,-33.5253118831308],[-70.704771676,-33.5252741841308],[-70.7047805869999,-33.5249506671308],[-70.7048259759999,-33.5252471431308],[-70.705178353,-33.5252206711308],[-70.7049255899999,-33.5238402351308]]]}},{"type":"Feature","properties":{"id":"13116011004023","commune":"Lo Espejo","code":"13116","gse":"D","quintil":"Q2","nse_score":697.8,"educ":10.7,"educ_score":513.3,"hacin":1.615,"hacin_class":"Hacinamiento Medio","hacin_score":720.1,"auto_score":205.9,"n_per":63,"n_hog":21,"source_year":2024},"geometry":{"type":"Polygon","coordinates":[[[-70.7009250629999,-33.5243904791308],[-70.7017579079999,-33.5247011161308],[-70.7019562149999,-33.5243245531308],[-70.7011228769999,-33.5240135831308],[-70.7009250629999,-33.5243904791308]]]}},{"type":"Feature","properties":{"id":"13116011005003","commune":"Lo Espejo","code":"13116","gse":"C3","quintil":"Q3","nse_score":722.4,"educ":11.3,"educ_score":553.3,"hacin":1.565,"hacin_class":"Hacinamiento Medio","hacin_score":730.8,"auto_score":136.4,"n_per":36,"n_hog":13,"source_year":2024},"geometry":{"type":"Polygon","coordinates":[[[-70.6926324819999,-33.5270891751308],[-70.6912028919999,-33.5277749861308],[-70.6915054839999,-33.5282653511308],[-70.6923825499999,-33.5279333871308],[-70.6921584399999,-33.5274636421307],[-70.6917391389999,-33.5275728821308],[-70.6927027149999,-33.5272230911308],[-70.6926324819999,-33.5270891751308]]]}},{"type":"Feature","properties":{"id":"13116011005004","commune":"Lo Espejo","code":"13116","gse":"C3","quintil":"Q3","nse_score":725.2,"educ":12.5,"educ_score":633.3,"hacin":1.655,"hacin_class":"Hacinamiento Medio","hacin_score":711.7,"auto_score":333.3,"n_per":48,"n_hog":13,"source_year":2024},"geometry":{"type":"Polygon","coordinates":[[[-70.6921881569999,-33.5274530201308],[-70.6924115959999,-33.5279221531308],[-70.6929387099999,-33.5277097801308],[-70.6927154919999,-33.5272478231308],[-70.6921881569999,-33.5274530201308]]]}},{"type":"Feature","properties":{"id":"13116011005005","commune":"Lo Espejo","code":"13116","gse":"C3","quintil":"Q2","nse_score":708.8,"educ":11.5,"educ_score":566.7,"hacin":1.102,"hacin_class":"Hacinamiento Leve","hacin_score":829.4,"auto_score":119.0,"n_per":54,"n_hog":20,"source_year":2024},"geometry":{"type":"Polygon","coordinates":[[[-70.6908626929999,-33.5296350291308],[-70.6918822419999,-33.5292415041307],[-70.691087578,-33.5277976421307],[-70.6900677189999,-33.5282349681308],[-70.6908626929999,-33.5296350291308]]]}},{"type":"Feature","properties":{"id":"13116011005006","commune":"Lo Espejo","code":"13116","gse":"C3","quintil":"Q3","nse_score":748.6,"educ":11.1,"educ_score":540.0,"hacin":1.355,"hacin_class":"Hacinamiento Leve","hacin_score":775.5,"auto_score":170.0,"n_per":187,"n_hog":65,"source_year":2024},"geometry":{"type":"Polygon","coordinates":[[[-70.6927451169999,-33.5285765811307],[-70.6926127219999,-33.5283936391308],[-70.6917002604999,-33.5287122786307],[-70.6920138989999,-33.5292268751307],[-70.6934161349999,-33.5287052441307],[-70.6929894629999,-33.5278019811307],[-70.6924358869999,-33.5279901841307],[-70.6927451169999,-33.5285765811307]]]}},{"type":"Feature","properties":{"id":"13116011005007","commune":"Lo Espejo","code":"13116","gse":"D","quintil":"Q2","nse_score":695.9,"educ":10.5,"educ_score":500.0,"hacin":1.54,"hacin_class":"Hacinamiento Medio","hacin_score":736.2,"auto_score":125.0,"n_per":77,"n_hog":22,"source_year":2024},"geometry":{"type":"Polygon","coordinates":[[[-70.6915384989999,-33.5284048951307],[-70.6916873849999,-33.5286874591308],[-70.6925996459999,-33.5283688971308],[-70.6924064909999,-33.5280013431307],[-70.6915384989999,-33.5284048951307]]]}},{"type":"Feature","properties":{"id":"13116011005009","commune":"Lo Espejo","code":"13116","gse":"C3","quintil":"Q3","nse_score":726.5,"educ":11.5,"educ_score":566.7,"hacin":1.565,"hacin_class":"Hacinamiento Medio","hacin_score":730.9,"auto_score":169.9,"n_per":435,"n_hog":135,"source_year":2024},"geometry":{"type":"Polygon","coordinates":[[[-70.6920262049999,-33.5293421717974],[-70.6930735609999,-33.5312973261307],[-70.693728856,-33.5310672931307],[-70.6930867949999,-33.5313220201307],[-70.6932698799999,-33.5316637971307],[-70.6939541829999,-33.5314190681307],[-70.6932831139999,-33.5316884951307],[-70.6935210819999,-33.5321178981307],[-70.6949926929999,-33.5315707221307],[-70.6945561319999,-33.5306963121307],[-70.6938066659999,-33.5309622611307],[-70.6945429739999,-33.5306716531307],[-70.6943324929999,-33.5302759761307],[-70.6936411679999,-33.5305040821307],[-70.6937769319999,-33.5304305991307],[-70.6933111669999,-33.5295401891307],[-70.6934664569999,-33.5297558181307],[-70.6939657819999,-33.5295881061307],[-70.6937349599999,-33.5291567961307],[-70.6929768999999,-33.5294144111307],[-70.6937217779999,-33.5291321111308],[-70.6935158909999,-33.5287585281308],[-70.6920262049999,-33.5293421717974]]]}},{"type":"Feature","properties":{"id":"13116011005010","commune":"Lo Espejo","code":"13116","gse":"C3","quintil":"Q2","nse_score":706.3,"educ":11.7,"educ_score":580.0,"hacin":1.351,"hacin_class":"Hacinamiento Leve","hacin_score":776.5,"auto_score":153.3,"n_per":235,"n_hog":81,"source_year":2024},"geometry":{"type":"Polygon","coordinates":[[[-70.6909114609999,-33.5297701601307],[-70.6923755849999,-33.5325405821307],[-70.6934537669999,-33.5321632461307],[-70.6924274819999,-33.5301998041307],[-70.6917329824999,-33.5304354766307],[-70.6924142689999,-33.5301751481307],[-70.6919540229999,-33.5293327961307],[-70.6909114609999,-33.5297701601307]]]}},{"type":"Feature","properties":{"id":"13116011005011","commune":"Lo Espejo","code":"13116","gse":"D","quintil":"Q1","nse_score":672.2,"educ":10.1,"educ_score":473.3,"hacin":1.533,"hacin_class":"Hacinamiento Medio","hacin_score":737.6,"auto_score":115.4,"n_per":46,"n_hog":18,"source_year":2024},"geometry":{"type":"Polygon","coordinates":[[[-70.6934796169999,-33.5297805671307],[-70.69380702,-33.5304207041307],[-70.6943193799999,-33.5302513771307],[-70.6939789289999,-33.5296126961307],[-70.6934796169999,-33.5297805671307]]]}},{"type":"Feature","properties":{"id":"13116011005012","commune":"Lo Espejo","code":"13116","gse":"C3","quintil":"Q3","nse_score":741.7,"educ":11.6,"educ_score":573.3,"hacin":1.59,"hacin_class":"Hacinamiento Medio","hacin_score":725.5,"auto_score":250.0,"n_per":159,"n_hog":49,"source_year":2024},"geometry":{"type":"Polygon","coordinates":[[[-70.6899681659999,-33.5300556571307],[-70.6901745549999,-33.5313074181307],[-70.6906187409999,-33.5311676361307],[-70.6901798719999,-33.5313345741307],[-70.6902738599999,-33.5317167491307],[-70.691583379,-33.5312279451307],[-70.6908147639999,-33.5297665471307],[-70.6899681659999,-33.5300556571307]]]}},{"type":"Feature","properties":{"id":"13116011005013","commune":"Lo Espejo","code":"13116","gse":"C3","quintil":"Q3","nse_score":729.9,"educ":11.9,"educ_score":593.3,"hacin":1.413,"hacin_class":"Hacinamiento Leve","hacin_score":763.1,"auto_score":204.5,"n_per":147,"n_hog":50,"source_year":2024},"geometry":{"type":"Polygon","coordinates":[[[-70.6903361859999,-33.5317683791307],[-70.6906097589999,-33.5332718221307],[-70.6923204919999,-33.5325980011307],[-70.6919428709999,-33.5318606481307],[-70.6913138499999,-33.5320932051307],[-70.6919296959999,-33.5318359541307],[-70.6916347729999,-33.5312989701307],[-70.6903361859999,-33.5317683791307]]]}},{"type":"Feature","properties":{"id":"13116011005014","commune":"Lo Espejo","code":"13116","gse":"C3","quintil":"Q3","nse_score":733.2,"educ":12.0,"educ_score":600.0,"hacin":1.346,"hacin_class":"Hacinamiento Leve","hacin_score":777.5,"auto_score":125.0,"n_per":109,"n_hog":41,"source_year":2024},"geometry":{"type":"Polygon","coordinates":[[[-70.6944392949999,-33.5338233441307],[-70.6959157324999,-33.5332678386307],[-70.6950456749999,-33.5316324391307],[-70.6935723379999,-33.5322143381307],[-70.6944392949999,-33.5338233441307]]]}},{"type":"Feature","properties":{"id":"13116011005015","commune":"Lo Espejo","code":"13116","gse":"C3","quintil":"Q2","nse_score":717.2,"educ":12.0,"educ_score":600.0,"hacin":1.231,"hacin_class":"Hacinamiento Leve","hacin_score":802.0,"auto_score":109.8,"n_per":112,"n_hog":40,"source_year":2024},"geometry":{"type":"Polygon","coordinates":[[[-70.6933173069999,-33.5327628791307],[-70.6930704229999,-33.5323733521307],[-70.6924513629999,-33.5326366006307],[-70.6932672739999,-33.5342362741307],[-70.6943620279999,-33.5338565211307],[-70.6934892609999,-33.5322315691307],[-70.6930997559999,-33.5323620201307],[-70.6933173069999,-33.5327628791307]]]}},{"type":"Feature","properties":{"id":"13116011005016","commune":"Lo Espejo","code":"13116","gse":"D","quintil":"Q1","nse_score":678.2,"educ":11.4,"educ_score":560.0,"hacin":1.492,"hacin_class":"Hacinamiento Leve","hacin_score":746.4,"auto_score":121.2,"n_per":94,"n_hog":33,"source_year":2024},"geometry":{"type":"Polygon","coordinates":[[[-70.6923571459999,-33.5345829731307],[-70.6932104349999,-33.5342624171307],[-70.6923373339999,-33.5326722131307],[-70.6915234299999,-33.5330162471307],[-70.6923571459999,-33.5345829731307]]]}},{"type":"Feature","properties":{"id":"13116011005017","commune":"Lo Espejo","code":"13116","gse":"D","quintil":"Q2","nse_score":687.4,"educ":11.5,"educ_score":566.7,"hacin":1.343,"hacin_class":"Hacinamiento Leve","hacin_score":778.2,"auto_score":136.4,"n_per":98,"n_hog":29,"source_year":2024},"geometry":{"type":"Polygon","coordinates":[[[-70.6910240679999,-33.5351103441306],[-70.692269344,-33.5346324951307],[-70.6914006499999,-33.5330457801307],[-70.6906308039999,-33.5333666311307],[-70.6910240679999,-33.5351103441306]]]}},{"type":"Feature","properties":{"id":"13116011005018","commune":"Lo Espejo","code":"13116","gse":"D","quintil":"Q2","nse_score":684.0,"educ":10.5,"educ_score":500.0,"hacin":1.333,"hacin_class":"Hacinamiento Leve","hacin_score":780.1,"auto_score":125.0,"n_per":8,"n_hog":4,"source_year":2024},"geometry":{"type":"Polygon","coordinates":[[[-70.6953195289999,-33.5354473791307],[-70.6967726239999,-33.5349015321307],[-70.6959402289999,-33.5333388941307],[-70.6944581079999,-33.5338877411307],[-70.6953195289999,-33.5354473791307]]]}},{"type":"Feature","properties":{"id":"13116011005019","commune":"Lo Espejo","code":"13116","gse":"D","quintil":"Q1","nse_score":672.2,"educ":10.9,"educ_score":526.7,"hacin":1.409,"hacin_class":"Hacinamiento Leve","hacin_score":764.0,"auto_score":88.2,"n_per":217,"n_hog":72,"source_year":2024},"geometry":{"type":"Polygon","coordinates":[[[-70.6929443509999,-33.5356060401307],[-70.6927954289999,-33.5355097801306],[-70.6918860959999,-33.5358499831306],[-70.6921349399999,-33.5365484961307],[-70.6952332019999,-33.5354514286307],[-70.6943788719999,-33.5339016011307],[-70.6925180719999,-33.5346143511307],[-70.6929443509999,-33.5356060401307]]]}},{"type":"Feature","properties":{"id":"13116011005020","commune":"Lo Espejo","code":"13116","gse":"D","quintil":"Q2","nse_score":698.2,"educ":10.7,"educ_score":513.3,"hacin":1.267,"hacin_class":"Hacinamiento Leve","hacin_score":794.3,"auto_score":181.8,"n_per":38,"n_hog":10,"source_year":2024},"geometry":{"type":"Polygon","coordinates":[[[-70.6920216149999,-33.5348048327973],[-70.6921785789999,-33.5351442651306],[-70.6925669359999,-33.5349854701306],[-70.6924011829999,-33.5346757361307],[-70.6920216149999,-33.5348048327973]]]}},{"type":"Feature","properties":{"id":"13116011005021","commune":"Lo Espejo","code":"13116","gse":"C3","quintil":"Q2","nse_score":709.3,"educ":11.5,"educ_score":566.7,"hacin":1.356,"hacin_class":"Hacinamiento Leve","hacin_score":775.4,"auto_score":100.0,"n_per":61,"n_hog":21,"source_year":2024},"geometry":{"type":"Polygon","coordinates":[[[-70.6911320329999,-33.5351753771306],[-70.6912097539999,-33.5355403881307],[-70.6922022569999,-33.5352802351307],[-70.691992265,-33.5348159911307],[-70.6911320329999,-33.5351753771306]]]}},{"type":"Feature","properties":{"id":"13116011005023","commune":"Lo Espejo","code":"13116","gse":"D","quintil":"Q1","nse_score":669.3,"educ":10.6,"educ_score":506.7,"hacin":1.456,"hacin_class":"Hacinamiento Leve","hacin_score":754.0,"auto_score":53.2,"n_per":150,"n_hog":45,"source_year":2024},"geometry":{"type":"Polygon","coordinates":[[[-70.6910523469999,-33.5351946821307],[-70.6904800629999,-33.5353332801306],[-70.6907531809999,-33.5367701531307],[-70.6911544279999,-33.5368426561306],[-70.6920610289999,-33.5365431351306],[-70.6919086159999,-33.5361603261307],[-70.6916047169999,-33.5362137611306],[-70.6916636059999,-33.5364508021306],[-70.6915731204999,-33.5362198796307],[-70.691292185,-33.5362654731307],[-70.6910523469999,-33.5351946821307]]]}},{"type":"Feature","properties":{"id":"13116011005024","commune":"Lo Espejo","code":"13116","gse":"D","quintil":"Q2","nse_score":690.0,"educ":10.3,"educ_score":486.7,"hacin":1.333,"hacin_class":"Hacinamiento Leve","hacin_score":780.1,"auto_score":161.3,"n_per":100,"n_hog":31,"source_year":2024},"geometry":{"type":"Polygon","coordinates":[[[-70.6913105329999,-33.5358662611307],[-70.6920360589999,-33.5357577431306],[-70.6923699499999,-33.5356238361307],[-70.6922138729999,-33.5353055571307],[-70.6912154164999,-33.5355670446306],[-70.6913105329999,-33.5358662611307]]]}},{"type":"Feature","properties":{"id":"13116011005025","commune":"Lo Espejo","code":"13116","gse":"D","quintil":"Q1","nse_score":662.1,"educ":10.2,"educ_score":480.0,"hacin":1.5,"hacin_class":"Hacinamiento Medio","hacin_score":744.7,"auto_score":166.7,"n_per":57,"n_hog":15,"source_year":2024},"geometry":{"type":"Polygon","coordinates":[[[-70.691329133,-33.5359570011306],[-70.6913597169999,-33.5362279761307],[-70.6918933029999,-33.5361307241306],[-70.6917468739999,-33.5358804351307],[-70.691329133,-33.5359570011306]]]}},{"type":"Feature","properties":{"id":"13116021001004","commune":"Lo Espejo","code":"13116","gse":"D","quintil":"Q1","nse_score":670.4,"educ":9.9,"educ_score":460.0,"hacin":1.468,"hacin_class":"Hacinamiento Leve","hacin_score":751.6,"auto_score":101.4,"n_per":361,"n_hog":136,"source_year":2024},"geometry":{"type":"Polygon","coordinates":[[[-70.7003700689999,-33.5172812166309],[-70.7018496199999,-33.5182616871309],[-70.7022421049999,-33.5178489461309],[-70.7016575049999,-33.5166956571309],[-70.7003700689999,-33.5172812166309]]]}},{"type":"Feature","properties":{"id":"13116021001005","commune":"Lo Espejo","code":"13116","gse":"C3","quintil":"Q2","nse_score":703.9,"educ":11.3,"educ_score":553.3,"hacin":1.429,"hacin_class":"Hacinamiento Leve","hacin_score":759.9,"auto_score":120.0,"n_per":190,"n_hog":74,"source_year":2024},"geometry":{"type":"Polygon","coordinates":[[[-70.6996792654999,-33.5176358761309],[-70.70019027,-33.5184283671309],[-70.7007521159999,-33.5181430461309],[-70.7010924859999,-33.5177888511309],[-70.7003401159999,-33.5172959351309],[-70.6996792654999,-33.5176358761309]]]}},{"type":"Feature","properties":{"id":"13116021001006","commune":"Lo Espejo","code":"13116","gse":"E","quintil":"Q1","nse_score":648.9,"educ":10.3,"educ_score":486.7,"hacin":1.5,"hacin_class":"Hacinamiento Medio","hacin_score":744.7,"auto_score":211.5,"n_per":93,"n_hog":33,"source_year":2024},"geometry":{"type":"Polygon","coordinates":[[[-70.6985190533333,-33.5181651724642],[-70.6987984359999,-33.5185703091308],[-70.6998709499999,-33.5180596041308],[-70.6995577269999,-33.5176902601309],[-70.6985190533333,-33.5181651724642]]]}},{"type":"Feature","properties":{"id":"13116021001008","commune":"Lo Espejo","code":"13116","gse":"D","quintil":"Q1","nse_score":665.4,"educ":10.1,"educ_score":473.3,"hacin":1.496,"hacin_class":"Hacinamiento Leve","hacin_score":745.5,"auto_score":97.6,"n_per":555,"n_hog":200,"source_year":2024},"geometry":{"type":"Polygon","coordinates":[[[-70.7015197109999,-33.5203481131309],[-70.7017882659999,-33.5202577631309],[-70.7020320154999,-33.5199388026308],[-70.7023832819999,-33.5184041421309],[-70.7022549029999,-33.5178761591309],[-70.7015293609999,-33.5186391171309],[-70.7006350919999,-33.5190714281309],[-70.7015197109999,-33.5203481131309]]]}},{"type":"Feature","properties":{"id":"13116021001009","commune":"Lo Espejo","code":"13116","gse":"E","quintil":"Q1","nse_score":585.4,"educ":9.4,"educ_score":426.7,"hacin":1.698,"hacin_class":"Hacinamiento Medio","hacin_score":702.5,"auto_score":100.0,"n_per":90,"n_hog":26,"source_year":2024},"geometry":{"type":"Polygon","coordinates":[[[-70.698814593,-33.5185937491309],[-70.69906778,-33.5189608991308],[-70.7001360079999,-33.5184455561309],[-70.6998872199999,-33.5180829661309],[-70.698814593,-33.5185937491309]]]}},{"type":"Feature","properties":{"id":"13116021001010","commune":"Lo Espejo","code":"13116","gse":"D","quintil":"Q1","nse_score":659.8,"educ":10.7,"educ_score":513.3,"hacin":1.833,"hacin_class":"Hacinamiento Medio","hacin_score":673.8,"auto_score":119.0,"n_per":88,"n_hog":24,"source_year":2024},"geometry":{"type":"Polygon","coordinates":[[[-70.6976288059999,-33.5186915731309],[-70.6978562489999,-33.5190189461309],[-70.698770351,-33.5185836811309],[-70.6984909999999,-33.5181785551309],[-70.6976288059999,-33.5186915731309]]]}},{"type":"Feature","properties":{"id":"13116021001012","commune":"Lo Espejo","code":"13116","gse":"E","quintil":"Q1","nse_score":643.0,"educ":9.9,"educ_score":460.0,"hacin":1.939,"hacin_class":"Hacinamiento Medio","hacin_score":651.2,"auto_score":227.3,"n_per":128,"n_hog":35,"source_year":2024},"geometry":{"type":"Polygon","coordinates":[[[-70.6978724859999,-33.5190423511309],[-70.6981295349999,-33.5194135241309],[-70.6990397869999,-33.5189744031309],[-70.6987865119999,-33.5186070981309],[-70.6978724859999,-33.5190423511309]]]}},{"type":"Feature","properties":{"id":"13116021001013","commune":"Lo Espejo","code":"13116","gse":"D","quintil":"Q1","nse_score":662.2,"educ":9.9,"educ_score":460.0,"hacin":1.279,"hacin_class":"Hacinamiento Leve","hacin_score":791.6,"auto_score":203.7,"n_per":87,"n_hog":28,"source_year":2024},"geometry":{"type":"Polygon","coordinates":[[[-70.6964773979999,-33.5191823414642],[-70.6967402889999,-33.5195658801309],[-70.697803458,-33.5190429381308],[-70.697512318,-33.5186876981309],[-70.6964773979999,-33.5191823414642]]]}},{"type":"Feature","properties":{"id":"13116021001015","commune":"Lo Espejo","code":"13116","gse":"D","quintil":"Q1","nse_score":663.7,"educ":9.9,"educ_score":460.0,"hacin":1.714,"hacin_class":"Hacinamiento Medio","hacin_score":699.1,"auto_score":250.0,"n_per":96,"n_hog":26,"source_year":2024},"geometry":{"type":"Polygon","coordinates":[[[-70.6981458929999,-33.5194368711308],[-70.6983979799999,-33.5197926191309],[-70.6993060739999,-33.5193605571308],[-70.6990559489999,-33.5189978221309],[-70.6981458929999,-33.5194368711308]]]}},{"type":"Feature","properties":{"id":"13116021001016","commune":"Lo Espejo","code":"13116","gse":"C3","quintil":"Q3","nse_score":727.3,"educ":10.9,"educ_score":526.7,"hacin":1.544,"hacin_class":"Hacinamiento Medio","hacin_score":735.3,"auto_score":100.0,"n_per":122,"n_hog":34,"source_year":2024},"geometry":{"type":"Polygon","coordinates":[[[-70.6967563749999,-33.5195893581309],[-70.6970038109999,-33.5199503301308],[-70.6980652199999,-33.5194302671309],[-70.6978194099999,-33.5190664401309],[-70.6967563749999,-33.5195893581309]]]}},{"type":"Feature","properties":{"id":"13116021001017","commune":"Lo Espejo","code":"13116","gse":"E","quintil":"Q1","nse_score":641.6,"educ":9.4,"educ_score":426.7,"hacin":1.508,"hacin_class":"Hacinamiento Medio","hacin_score":742.9,"auto_score":120.0,"n_per":89,"n_hog":28,"source_year":2024},"geometry":{"type":"Polygon","coordinates":[[[-70.6995315549999,-33.5196334401309],[-70.6997855139999,-33.5200017001309],[-70.7008591989999,-33.5194855081309],[-70.7005984909999,-33.5191115611308],[-70.6995315549999,-33.5196334401309]]]}},{"type":"Feature","properties":{"id":"13116021001019","commune":"Lo Espejo","code":"13116","gse":"D","quintil":"Q1","nse_score":659.3,"educ":10.5,"educ_score":500.0,"hacin":1.762,"hacin_class":"Hacinamiento Medio","hacin_score":689.0,"auto_score":131.6,"n_per":74,"n_hog":22,"source_year":2024},"geometry":{"type":"Polygon","coordinates":[[[-70.6957721139999,-33.5195247001308],[-70.6959776079999,-33.5199410221309],[-70.6967124309999,-33.5195795821309],[-70.6964494399999,-33.5191958791309],[-70.6957721139999,-33.5195247001308]]]}},{"type":"Feature","properties":{"id":"13116021001021","commune":"Lo Espejo","code":"13116","gse":"D","quintil":"Q1","nse_score":669.2,"educ":10.3,"educ_score":486.7,"hacin":1.569,"hacin_class":"Hacinamiento Medio","hacin_score":730.0,"auto_score":111.1,"n_per":102,"n_hog":31,"source_year":2024},"geometry":{"type":"Polygon","coordinates":[[[-70.697019898,-33.5199738071308],[-70.6972743089999,-33.5203449511308],[-70.6983627149999,-33.5198456631309],[-70.6980814899999,-33.5194536141308],[-70.697019898,-33.5199738071308]]]}},{"type":"Feature","properties":{"id":"13116021001022","commune":"Lo Espejo","code":"13116","gse":"E","quintil":"Q1","nse_score":547.9,"educ":6.7,"educ_score":246.7,"hacin":1.655,"hacin_class":"Hacinamiento Medio","hacin_score":711.8,"auto_score":196.4,"n_per":91,"n_hog":26,"source_year":2024},"geometry":{"type":"Polygon","coordinates":[[[-70.6998016729999,-33.5200251401308],[-70.7000532549999,-33.5203899491308],[-70.7011315579999,-33.5198769711308],[-70.7008754809999,-33.5195088681309],[-70.6998016729999,-33.5200251401308]]]}},{"type":"Feature","properties":{"id":"13116021001023","commune":"Lo Espejo","code":"13116","gse":"E","quintil":"Q1","nse_score":614.4,"educ":10.5,"educ_score":500.0,"hacin":1.537,"hacin_class":"Hacinamiento Medio","hacin_score":736.9,"auto_score":66.7,"n_per":63,"n_hog":16,"source_year":2024},"geometry":{"type":"Polygon","coordinates":[[[-70.6945487599999,-33.5201039421309],[-70.6948218139999,-33.5204987341309],[-70.6959014109999,-33.5199773881308],[-70.6956112089999,-33.5195952151308],[-70.6945487599999,-33.5201039421309]]]}},{"type":"Feature","properties":{"id":"13116021001024","commune":"Lo Espejo","code":"13116","gse":"D","quintil":"Q1","nse_score":661.0,"educ":10.5,"educ_score":500.0,"hacin":1.28,"hacin_class":"Hacinamiento Leve","hacin_score":791.5,"auto_score":29.4,"n_per":64,"n_hog":19,"source_year":2024},"geometry":{"type":"Polygon","coordinates":[[[-70.6959937829999,-33.5199644601308],[-70.6962450419999,-33.5203221091309],[-70.6969759249999,-33.5199639921309],[-70.6967285209999,-33.5196030381309],[-70.6959937829999,-33.5199644601308]]]}},{"type":"Feature","properties":{"id":"13116021001025","commune":"Lo Espejo","code":"13116","gse":"D","quintil":"Q1","nse_score":678.6,"educ":9.7,"educ_score":446.7,"hacin":1.322,"hacin_class":"Hacinamiento Leve","hacin_score":782.5,"auto_score":108.7,"n_per":78,"n_hog":24,"source_year":2024},"geometry":{"type":"Polygon","coordinates":[[[-70.6986058489999,-33.5200862024642],[-70.6988524689999,-33.5204502651309],[-70.6997574959999,-33.5200151691308],[-70.6995036599999,-33.5196470621309],[-70.6986058489999,-33.5200862024642]]]}},{"type":"Feature","properties":{"id":"13116021001027","commune":"Lo Espejo","code":"13116","gse":"E","quintil":"Q1","nse_score":646.7,"educ":9.9,"educ_score":460.0,"hacin":1.516,"hacin_class":"Hacinamiento Medio","hacin_score":741.3,"auto_score":62.8,"n_per":579,"n_hog":181,"source_year":2024},"geometry":{"type":"Polygon","coordinates":[[[-70.6983790539999,-33.5198689801309],[-70.6965290189999,-33.5207342471308],[-70.6967831859999,-33.5211015151308],[-70.6981000559999,-33.5204651611308],[-70.6967994009999,-33.5211249381309],[-70.6969726069999,-33.5213752181308],[-70.6987925279999,-33.5204741471309],[-70.6983790539999,-33.5198689801309]]]}},{"type":"Feature","properties":{"id":"13116021001028","commune":"Lo Espejo","code":"13116","gse":"D","quintil":"Q2","nse_score":701.6,"educ":11.0,"educ_score":533.3,"hacin":1.328,"hacin_class":"Hacinamiento Leve","hacin_score":781.3,"auto_score":211.5,"n_per":81,"n_hog":29,"source_year":2024},"geometry":{"type":"Polygon","coordinates":[[[-70.7000694129999,-33.5204133891309],[-70.7003180259999,-33.5207738851308],[-70.7013926199999,-33.5202522781309],[-70.701147826,-33.5199003381309],[-70.7000694129999,-33.5204133891309]]]}},{"type":"Feature","properties":{"id":"13116021001029","commune":"Lo Espejo","code":"13116","gse":"C3","quintil":"Q3","nse_score":739.2,"educ":11.5,"educ_score":566.7,"hacin":1.2,"hacin_class":"Hacinamiento Leve","hacin_score":808.5,"auto_score":75.0,"n_per":78,"n_hog":23,"source_year":2024},"geometry":{"type":"Polygon","coordinates":[[[-70.6962613129999,-33.5203454981308],[-70.6965128399999,-33.5207108141308],[-70.6972461249999,-33.5203581811308],[-70.6969920149999,-33.5199874481308],[-70.6962613129999,-33.5203454981308]]]}},{"type":"Feature","properties":{"id":"13116021001030","commune":"Lo Espejo","code":"13116","gse":"D","quintil":"Q1","nse_score":678.1,"educ":10.2,"educ_score":480.0,"hacin":1.525,"hacin_class":"Hacinamiento Medio","hacin_score":739.4,"auto_score":160.7,"n_per":93,"n_hog":34,"source_year":2024},"geometry":{"type":"Polygon","coordinates":[[[-70.6948380089999,-33.5205221571309],[-70.6950863879999,-33.5208812571308],[-70.6961684799999,-33.5203633201309],[-70.6959175569999,-33.5200008121308],[-70.6948380089999,-33.5205221571309]]]}},{"type":"Feature","properties":{"id":"13116021001031","commune":"Lo Espejo","code":"13116","gse":"D","quintil":"Q2","nse_score":690.7,"educ":10.9,"educ_score":526.7,"hacin":1.397,"hacin_class":"Hacinamiento Leve","hacin_score":766.6,"auto_score":115.4,"n_per":88,"n_hog":26,"source_year":2024},"geometry":{"type":"Polygon","coordinates":[[[-70.6988686429999,-33.5204736991308],[-70.6991213139999,-33.5208332881308],[-70.7000251629999,-33.5204033131308],[-70.6997736569999,-33.5200385871308],[-70.6988686429999,-33.5204736991308]]]}},{"type":"Feature","properties":{"id":"13116021001032","commune":"Lo Espejo","code":"13116","gse":"C3","quintil":"Q2","nse_score":720.1,"educ":10.8,"educ_score":520.0,"hacin":1.393,"hacin_class":"Hacinamiento Leve","hacin_score":767.5,"auto_score":45.5,"n_per":39,"n_hog":11,"source_year":2024},"geometry":{"type":"Polygon","coordinates":[[[-70.6938307929999,-33.5205194481309],[-70.6940661949999,-33.5208636211308],[-70.6947938269999,-33.5205122491308],[-70.6945207779999,-33.5201174461308],[-70.6938307929999,-33.5205194481309]]]}},{"type":"Feature","properties":{"id":"13116021001034","commune":"Lo Espejo","code":"13116","gse":"E","quintil":"Q1","nse_score":605.5,"educ":10.0,"educ_score":466.7,"hacin":1.521,"hacin_class":"Hacinamiento Medio","hacin_score":740.2,"auto_score":64.5,"n_per":108,"n_hog":33,"source_year":2024},"geometry":{"type":"Polygon","coordinates":[[[-70.6951025809999,-33.5209046801308],[-70.6953604719999,-33.5212775271308],[-70.6964271059999,-33.5207475011309],[-70.6961845109999,-33.5203867961309],[-70.6951025809999,-33.5209046801308]]]}},{"type":"Feature","properties":{"id":"13116021001036","commune":"Lo Espejo","code":"13116","gse":"E","quintil":"Q1","nse_score":629.3,"educ":9.6,"educ_score":440.0,"hacin":2.017,"hacin_class":"Hacinamiento Medio","hacin_score":634.6,"auto_score":129.6,"n_per":117,"n_hog":35,"source_year":2024},"geometry":{"type":"Polygon","coordinates":[[[-70.697762801,-33.5210134061309],[-70.6980041509999,-33.5213717301308],[-70.6990616269999,-33.5208687251309],[-70.6988085589999,-33.5204976131308],[-70.697762801,-33.5210134061309]]]}},{"type":"Feature","properties":{"id":"13116021001037","commune":"Lo Espejo","code":"13116","gse":"D","quintil":"Q1","nse_score":664.1,"educ":10.0,"educ_score":466.7,"hacin":1.651,"hacin_class":"Hacinamiento Medio","hacin_score":712.5,"auto_score":136.4,"n_per":142,"n_hog":38,"source_year":2024},"geometry":{"type":"Polygon","coordinates":[[[-70.6926688969999,-33.5210203691308],[-70.6929466049999,-33.5214200541308],[-70.6940097799999,-33.5209035531308],[-70.6936826779999,-33.5205267341308],[-70.6926688969999,-33.5210203691308]]]}},{"type":"Feature","properties":{"id":"13116021001038","commune":"Lo Espejo","code":"13116","gse":"C3","quintil":"Q2","nse_score":705.9,"educ":10.9,"educ_score":526.7,"hacin":1.447,"hacin_class":"Hacinamiento Leve","hacin_score":756.0,"auto_score":105.3,"n_per":68,"n_hog":21,"source_year":2024},"geometry":{"type":"Polygon","coordinates":[[[-70.6940822443333,-33.5208871107975],[-70.6943264239999,-33.5212450011309],[-70.6950583379999,-33.5208946821309],[-70.6948100239999,-33.5205356501309],[-70.6940822443333,-33.5208871107975]]]}},{"type":"Feature","properties":{"id":"13116021001039","commune":"Lo Espejo","code":"13116","gse":"D","quintil":"Q2","nse_score":686.2,"educ":11.3,"educ_score":553.3,"hacin":1.895,"hacin_class":"Hacinamiento Medio","hacin_score":660.7,"auto_score":187.5,"n_per":108,"n_hog":29,"source_year":2024},"geometry":{"type":"Polygon","coordinates":[[[-70.6953766659999,-33.5213009451308],[-70.6956403909999,-33.5216822291309],[-70.6966815069999,-33.5211356701308],[-70.6964431359999,-33.5207709581308],[-70.6953766659999,-33.5213009451308]]]}},{"type":"Feature","properties":{"id":"13116021001041","commune":"Lo Espejo","code":"13116","gse":"E","quintil":"Q1","nse_score":628.8,"educ":10.0,"educ_score":466.7,"hacin":1.542,"hacin_class":"Hacinamiento Medio","hacin_score":735.8,"auto_score":107.1,"n_per":111,"n_hog":28,"source_year":2024},"geometry":{"type":"Polygon","coordinates":[[[-70.6980200239999,-33.5213953051308],[-70.6982756709999,-33.5217748531308],[-70.6993416369999,-33.5212638061308],[-70.6990778949999,-33.5208920921308],[-70.6980200239999,-33.5213953051308]]]}},{"type":"Feature","properties":{"id":"13116021001042","commune":"Lo Espejo","code":"13116","gse":"C3","quintil":"Q2","nse_score":708.6,"educ":9.8,"educ_score":453.3,"hacin":1.347,"hacin_class":"Hacinamiento Leve","hacin_score":777.2,"auto_score":58.8,"n_per":66,"n_hog":21,"source_year":2024},"geometry":{"type":"Polygon","coordinates":[[[-70.6943425419999,-33.5212684611308],[-70.6946075289999,-33.5216516861308],[-70.6953326849999,-33.5212913331309],[-70.6950745349999,-33.5209180831308],[-70.6943425419999,-33.5212684611308]]]}},{"type":"Feature","properties":{"id":"13116021001043","commune":"Lo Espejo","code":"13116","gse":"E","quintil":"Q1","nse_score":654.4,"educ":10.3,"educ_score":486.7,"hacin":1.547,"hacin_class":"Hacinamiento Medio","hacin_score":734.8,"auto_score":71.4,"n_per":116,"n_hog":38,"source_year":2024},"geometry":{"type":"Polygon","coordinates":[[[-70.6929628539999,-33.5214434431308],[-70.6932105309999,-33.5217998911308],[-70.6942689099999,-33.5212840191308],[-70.6940260789999,-33.5209269001309],[-70.6929628539999,-33.5214434431308]]]}},{"type":"Feature","properties":{"id":"13116021001045","commune":"Lo Espejo","code":"13116","gse":"D","quintil":"Q1","nse_score":677.6,"educ":9.9,"educ_score":460.0,"hacin":1.466,"hacin_class":"Hacinamiento Leve","hacin_score":752.0,"auto_score":120.0,"n_per":85,"n_hog":28,"source_year":2024},"geometry":{"type":"Polygon","coordinates":[[[-70.6915400599999,-33.5216506871308],[-70.6919888319999,-33.5218806951308],[-70.6929186599999,-33.5214336291308],[-70.6926410299999,-33.5210340471308],[-70.6915400599999,-33.5216506871308]]]}},{"type":"Feature","properties":{"id":"13116021001048","commune":"Lo Espejo","code":"13116","gse":"E","quintil":"Q1","nse_score":654.0,"educ":10.2,"educ_score":480.0,"hacin":1.465,"hacin_class":"Hacinamiento Leve","hacin_score":752.2,"auto_score":121.2,"n_per":104,"n_hog":38,"source_year":2024},"geometry":{"type":"Polygon","coordinates":[[[-70.6982915449999,-33.5217984301308],[-70.6985744089999,-33.5222183821308],[-70.6995554874999,-33.5215696531308],[-70.6993580449999,-33.5212871031309],[-70.6982915449999,-33.5217984301308]]]}},{"type":"Feature","properties":{"id":"13116021001049","commune":"Lo Espejo","code":"13116","gse":"E","quintil":"Q1","nse_score":655.4,"educ":10.0,"educ_score":466.7,"hacin":1.677,"hacin_class":"Hacinamiento Medio","hacin_score":707.0,"auto_score":183.3,"n_per":109,"n_hog":38,"source_year":2024},"geometry":{"type":"Polygon","coordinates":[[[-70.6932267829999,-33.5218232881308],[-70.6934882529999,-33.5221995781308],[-70.6945434889999,-33.5216825421308],[-70.6942849789999,-33.5213074711308],[-70.6932267829999,-33.5218232881308]]]}},{"type":"Feature","properties":{"id":"13116021001050","commune":"Lo Espejo","code":"13116","gse":"E","quintil":"Q1","nse_score":655.7,"educ":9.8,"educ_score":453.3,"hacin":1.196,"hacin_class":"Hacinamiento Leve","hacin_score":809.4,"auto_score":210.5,"n_per":55,"n_hog":19,"source_year":2024},"geometry":{"type":"Polygon","coordinates":[[[-70.6948714279999,-33.5220297961308],[-70.6956124179999,-33.5216957651308],[-70.6953488849999,-33.5213147371309],[-70.6946236179999,-33.5216751611309],[-70.6948714279999,-33.5220297961308]]]}},{"type":"Feature","properties":{"id":"13116021001051","commune":"Lo Espejo","code":"13116","gse":"D","quintil":"Q1","nse_score":663.4,"educ":10.6,"educ_score":506.7,"hacin":1.14,"hacin_class":"Hacinamiento Leve","hacin_score":821.3,"auto_score":178.6,"n_per":57,"n_hog":21,"source_year":2024},"geometry":{"type":"Polygon","coordinates":[[[-70.697240641,-33.5217660241308],[-70.6975028509999,-33.5221453541308],[-70.698247637,-33.5217882941308],[-70.6979919389999,-33.5214086431308],[-70.697240641,-33.5217660241308]]]}},{"type":"Feature","properties":{"id":"13116021001053","commune":"Lo Espejo","code":"13116","gse":"D","quintil":"Q2","nse_score":686.8,"educ":9.5,"educ_score":433.3,"hacin":1.432,"hacin_class":"Hacinamiento Leve","hacin_score":759.1,"auto_score":71.4,"n_per":53,"n_hog":17,"source_year":2024},"geometry":{"type":"Polygon","coordinates":[[[-70.6924014229999,-33.5217162121308],[-70.6926404069999,-33.5220777771308],[-70.69318261,-33.5218134991308],[-70.6929349139999,-33.5214570031309],[-70.6924014229999,-33.5217162121308]]]}},{"type":"Feature","properties":{"id":"13116021001054","commune":"Lo Espejo","code":"13116","gse":"D","quintil":"Q1","nse_score":677.4,"educ":10.4,"educ_score":493.3,"hacin":1.471,"hacin_class":"Hacinamiento Leve","hacin_score":750.9,"auto_score":193.5,"n_per":100,"n_hog":35,"source_year":2024},"geometry":{"type":"Polygon","coordinates":[[[-70.6935045039999,-33.5222229751308],[-70.6937626799999,-33.5225945191308],[-70.6948199959999,-33.5220825851309],[-70.6945596579999,-33.5217059501308],[-70.6935045039999,-33.5222229751308]]]}},{"type":"Feature","properties":{"id":"13116021001059","commune":"Lo Espejo","code":"13116","gse":"E","quintil":"Q1","nse_score":651.0,"educ":10.8,"educ_score":520.0,"hacin":1.976,"hacin_class":"Hacinamiento Medio","hacin_score":643.5,"auto_score":175.0,"n_per":81,"n_hog":23,"source_year":2024},"geometry":{"type":"Polygon","coordinates":[[[-70.6950672109999,-33.5223208541308],[-70.6953195649999,-33.5226858941308],[-70.6960479769999,-33.5223385081308],[-70.6958011959999,-33.5219690831308],[-70.6950672109999,-33.5223208541308]]]}},{"type":"Feature","properties":{"id":"13116021001062","commune":"Lo Espejo","code":"13116","gse":"D","quintil":"Q1","nse_score":662.6,"educ":10.3,"educ_score":486.7,"hacin":2.0,"hacin_class":"Hacinamiento Medio","hacin_score":638.3,"auto_score":58.8,"n_per":78,"n_hog":20,"source_year":2024},"geometry":{"type":"Polygon","coordinates":[[[-70.6953532029999,-33.5227344651308],[-70.6955911119999,-33.5230777931308],[-70.6963127739999,-33.5227228541308],[-70.6960639459999,-33.5223620181309],[-70.6953532029999,-33.5227344651308]]]}},{"type":"Feature","properties":{"id":"13116021001063","commune":"Lo Espejo","code":"13116","gse":"E","quintil":"Q1","nse_score":643.7,"educ":10.1,"educ_score":473.3,"hacin":1.562,"hacin_class":"Hacinamiento Medio","hacin_score":731.4,"auto_score":150.0,"n_per":75,"n_hog":24,"source_year":2024},"geometry":{"type":"Polygon","coordinates":[[[-70.6939265369999,-33.5228844871308],[-70.6944021779999,-33.5231420771308],[-70.6952655109999,-33.5227175601308],[-70.6950090079999,-33.5223624471308],[-70.6939265369999,-33.5228844871308]]]}},{"type":"Feature","properties":{"id":"13116021001064","commune":"Lo Espejo","code":"13116","gse":"E","quintil":"Q1","nse_score":620.4,"educ":9.7,"educ_score":446.7,"hacin":1.926,"hacin_class":"Hacinamiento Medio","hacin_score":654.1,"auto_score":136.4,"n_per":52,"n_hog":17,"source_year":2024},"geometry":{"type":"Polygon","coordinates":[[[-70.6948922999999,-33.5233991431308],[-70.6955390299999,-33.5231116421308],[-70.6952819869999,-33.5227408221308],[-70.694431172,-33.5231574491308],[-70.6948922999999,-33.5233991431308]]]}},{"type":"Feature","properties":{"id":"13116021001065","commune":"Lo Espejo","code":"13116","gse":"E","quintil":"Q1","nse_score":654.1,"educ":10.5,"educ_score":500.0,"hacin":1.489,"hacin_class":"Hacinamiento Leve","hacin_score":747.0,"auto_score":100.0,"n_per":67,"n_hog":24,"source_year":2024},"geometry":{"type":"Polygon","coordinates":[[[-70.6956073644999,-33.5231011821308],[-70.6958610599999,-33.5234661661308],[-70.696584491,-33.5231059221308],[-70.6963291129999,-33.5227461881308],[-70.6956073644999,-33.5231011821308]]]}},{"type":"Feature","properties":{"id":"13116021001067","commune":"Lo Espejo","code":"13116","gse":"D","quintil":"Q1","nse_score":677.5,"educ":11.3,"educ_score":553.3,"hacin":1.143,"hacin_class":"Hacinamiento Leve","hacin_score":820.7,"auto_score":150.0,"n_per":24,"n_hog":8,"source_year":2024},"geometry":{"type":"Polygon","coordinates":[[[-70.6962615249999,-33.5240059281308],[-70.6969377749999,-33.5236250011308],[-70.6966007419999,-33.5231293011308],[-70.6958771899999,-33.5234896261308],[-70.6962615249999,-33.5240059281308]]]}},{"type":"Feature","properties":{"id":"13116021001044","commune":"Lo Espejo","code":"13116","gse":"E","quintil":"Q1","nse_score":580.3,"educ":10.3,"educ_score":486.7,"hacin":1.7,"hacin_class":"Hacinamiento Medio","hacin_score":702.1,"auto_score":0.0,"n_per":17,"n_hog":4,"source_year":2024},"geometry":{"type":"MultiPolygon","coordinates":[[[[-70.6958293209999,-33.5219557921308],[-70.697024542,-33.5235731411308],[-70.6977035659999,-33.5226909961308],[-70.6969107939999,-33.5214500411308],[-70.6958293209999,-33.5219557921308]]],[[[-70.69698876,-33.5213986651308],[-70.6972244969999,-33.5217425761308],[-70.6979760629999,-33.5213850901309],[-70.6977349989999,-33.5210271611309],[-70.69698876,-33.5213986651308]]]]}},{"type":"Feature","properties":{"id":"13116021001068","commune":"Lo Espejo","code":"13116","gse":"E","quintil":"Q1","nse_score":590.8,"educ":11.1,"educ_score":540.0,"hacin":2.0,"hacin_class":"Hacinamiento Medio","hacin_score":638.3,"auto_score":41.7,"n_per":48,"n_hog":14,"source_year":2024},"geometry":{"type":"MultiPolygon","coordinates":[[[[-70.6957832219999,-33.5242917391308],[-70.6961902129999,-33.5240624231308],[-70.6958280099999,-33.5235210131308],[-70.6953061499999,-33.5237581491308],[-70.6957832219999,-33.5242917391308]]],[[[-70.6952670759999,-33.5237126221308],[-70.6958115459999,-33.5234977191308],[-70.6955553679999,-33.5231349721308],[-70.6949351419999,-33.5234211011308],[-70.6952670759999,-33.5237126221308]]]]}},{"type":"Feature","properties":{"id":"13116021001007","commune":"Lo Espejo","code":"13116","gse":"E","quintil":"Q1","nse_score":607.8,"educ":9.6,"educ_score":440.0,"hacin":1.629,"hacin_class":"Hacinamiento Medio","hacin_score":717.2,"auto_score":208.3,"n_per":101,"n_hog":32,"source_year":2024},"geometry":{"type":"MultiPolygon","coordinates":[[[[-70.6990839359999,-33.5189843321309],[-70.6993341639999,-33.5193471931308],[-70.7004055439999,-33.5188374281308],[-70.700152123,-33.5184689951309],[-70.6990839359999,-33.5189843321309]]],[[[-70.700206497,-33.5184517781309],[-70.7006188649999,-33.5190480281309],[-70.7015036829999,-33.5186226991309],[-70.7018294759999,-33.5182828561309],[-70.7011160889999,-33.5178074301309],[-70.7007739029999,-33.5181630621309],[-70.700206497,-33.5184517781309]]]]}},{"type":"Feature","properties":{"id":"13116021001035","commune":"Lo Espejo","code":"13116","gse":"E","quintil":"Q1","nse_score":643.7,"educ":10.1,"educ_score":473.3,"hacin":1.603,"hacin_class":"Hacinamiento Medio","hacin_score":722.8,"auto_score":166.7,"n_per":109,"n_hog":34,"source_year":2024},"geometry":{"type":"MultiPolygon","coordinates":[[[[-70.6996291909999,-33.5215396641308],[-70.7004750409999,-33.5210631281308],[-70.7003022669999,-33.5208127991308],[-70.6994145009999,-33.5212572591308],[-70.6996291909999,-33.5215396641308]]],[[[-70.6991375949999,-33.5208566664642],[-70.699398002,-33.5212340851308],[-70.7002896079999,-33.5207867791308],[-70.7000413239999,-33.5204267291309],[-70.6991375949999,-33.5208566664642]]]]}},{"type":"Feature","properties":{"id":"13116021001058","commune":"Lo Espejo","code":"13116","gse":"E","quintil":"Q1","nse_score":620.5,"educ":9.8,"educ_score":453.3,"hacin":1.538,"hacin_class":"Hacinamiento Medio","hacin_score":736.5,"auto_score":90.9,"n_per":40,"n_hog":15,"source_year":2024},"geometry":{"type":"MultiPolygon","coordinates":[[[[-70.6930675419999,-33.5224370771308],[-70.6935621819999,-33.5226937881308],[-70.6937347169999,-33.5226080721309],[-70.6934766209999,-33.5222366151308],[-70.6930675419999,-33.5224370771308]]],[[[-70.6925429799999,-33.5221658901309],[-70.6930391189999,-33.5224209261308],[-70.6934603669999,-33.5222132401308],[-70.693198864,-33.5218368751308],[-70.6925429799999,-33.5221658901309]]]]}},{"type":"Feature","properties":{"id":"13116021001046","commune":"Lo Espejo","code":"13116","gse":"C3","quintil":"Q3","nse_score":725.9,"educ":11.3,"educ_score":553.3,"hacin":1.273,"hacin_class":"Hacinamiento Leve","hacin_score":793.0,"auto_score":47.6,"n_per":70,"n_hog":23,"source_year":2024},"geometry":{"type":"MultiPolygon","coordinates":[[[[-70.6978567909999,-33.5226321211308],[-70.6985482309999,-33.5222343351308],[-70.6982635139999,-33.5218118471308],[-70.697519042,-33.5221687801308],[-70.6978567909999,-33.5226321211308]]],[[[-70.6982219369999,-33.5231958661308],[-70.6997471849999,-33.5219057091308],[-70.7002923509999,-33.5212257481308],[-70.6979117599999,-33.5226710921308],[-70.6982219369999,-33.5231958661308]]]]}},{"type":"Feature","properties":{"id":"13116021002001","commune":"Lo Espejo","code":"13116","gse":"C2","quintil":"Q3","nse_score":753.5,"educ":12.4,"educ_score":626.7,"hacin":1.257,"hacin_class":"Hacinamiento Leve","hacin_score":796.4,"auto_score":98.4,"n_per":181,"n_hog":59,"source_year":2024},"geometry":{"type":"Polygon","coordinates":[[[-70.6910765169999,-33.5218540331308],[-70.691795253,-33.5227002311308],[-70.6925666379999,-33.5222470281308],[-70.6913925089999,-33.5216660661309],[-70.6910765169999,-33.5218540331308]]]}},{"type":"Feature","properties":{"id":"13116021002002","commune":"Lo Espejo","code":"13116","gse":"C3","quintil":"Q3","nse_score":728.2,"educ":10.4,"educ_score":493.3,"hacin":1.382,"hacin_class":"Hacinamiento Leve","hacin_score":769.7,"auto_score":230.8,"n_per":94,"n_hog":34,"source_year":2024},"geometry":{"type":"Polygon","coordinates":[[[-70.6906705939999,-33.5221058821308],[-70.6914117699999,-33.5229326131308],[-70.6917689789999,-33.5227159781308],[-70.6910505549999,-33.5218700151308],[-70.6906705939999,-33.5221058821308]]]}},{"type":"Feature","properties":{"id":"13116021002003","commune":"Lo Espejo","code":"13116","gse":"D","quintil":"Q2","nse_score":686.9,"educ":10.6,"educ_score":506.7,"hacin":1.569,"hacin_class":"Hacinamiento Medio","hacin_score":730.0,"auto_score":260.9,"n_per":102,"n_hog":29,"source_year":2024},"geometry":{"type":"Polygon","coordinates":[[[-70.6902819539999,-33.5223420371308],[-70.6910080299999,-33.5231775361308],[-70.6913855999999,-33.5229484901308],[-70.6906446199999,-33.5221218051308],[-70.6902819539999,-33.5223420371308]]]}},{"type":"Feature","properties":{"id":"13116021002004","commune":"Lo Espejo","code":"13116","gse":"C3","quintil":"Q2","nse_score":704.0,"educ":11.3,"educ_score":553.3,"hacin":1.323,"hacin_class":"Hacinamiento Leve","hacin_score":782.4,"auto_score":180.0,"n_per":164,"n_hog":50,"source_year":2024},"geometry":{"type":"Polygon","coordinates":[[[-70.690791439,-33.5233463651308],[-70.691065782,-33.5236419261308],[-70.6929898059999,-33.5224657111308],[-70.6925952159999,-33.5222618771308],[-70.690791439,-33.5233463651308]]]}},{"type":"Feature","properties":{"id":"13116021002005","commune":"Lo Espejo","code":"13116","gse":"C3","quintil":"Q2","nse_score":702.9,"educ":11.2,"educ_score":546.7,"hacin":1.591,"hacin_class":"Hacinamiento Medio","hacin_score":725.3,"auto_score":229.2,"n_per":105,"n_hog":32,"source_year":2024},"geometry":{"type":"Polygon","coordinates":[[[-70.6892307569999,-33.5229595441308],[-70.6895134119999,-33.5232855921308],[-70.6905331449999,-33.5226819961308],[-70.6902558939999,-33.5223579051308],[-70.6893833469999,-33.5226226691308],[-70.6892307569999,-33.5229595441308]]]}},{"type":"Feature","properties":{"id":"13116021002006","commune":"Lo Espejo","code":"13116","gse":"E","quintil":"Q1","nse_score":650.5,"educ":9.7,"educ_score":446.7,"hacin":1.57,"hacin_class":"Hacinamiento Medio","hacin_score":729.7,"auto_score":225.5,"n_per":190,"n_hog":56,"source_year":2024},"geometry":{"type":"Polygon","coordinates":[[[-70.6910854819999,-33.5236633861308],[-70.691367769,-33.5239740831308],[-70.6933995479999,-33.5226894846308],[-70.6930183259999,-33.5224804431308],[-70.6910854819999,-33.5236633861308]]]}},{"type":"Feature","properties":{"id":"13116021002008","commune":"Lo Espejo","code":"13116","gse":"E","quintil":"Q1","nse_score":629.6,"educ":8.7,"educ_score":380.0,"hacin":1.59,"hacin_class":"Hacinamiento Medio","hacin_score":725.5,"auto_score":20.0,"n_per":97,"n_hog":29,"source_year":2024},"geometry":{"type":"Polygon","coordinates":[[[-70.6895323789999,-33.5233075101308],[-70.6897925989999,-33.5236088141308],[-70.6908212449999,-33.5230069351308],[-70.6905521959999,-33.5227038441308],[-70.6895323789999,-33.5233075101308]]]}},{"type":"Feature","properties":{"id":"13116021002009","commune":"Lo Espejo","code":"13116","gse":"C3","quintil":"Q3","nse_score":724.6,"educ":11.5,"educ_score":566.7,"hacin":1.253,"hacin_class":"Hacinamiento Leve","hacin_score":797.3,"auto_score":111.1,"n_per":342,"n_hog":123,"source_year":2024},"geometry":{"type":"Polygon","coordinates":[[[-70.6908951489999,-33.5248799401308],[-70.6935061799999,-33.5233194411308],[-70.6937674859999,-33.5228792451308],[-70.693490042,-33.5227627681308],[-70.6906274579999,-33.5244962631308],[-70.6908951489999,-33.5248799401308]]]}},{"type":"Feature","properties":{"id":"13116021002010","commune":"Lo Espejo","code":"13116","gse":"D","quintil":"Q2","nse_score":699.0,"educ":11.4,"educ_score":560.0,"hacin":1.312,"hacin_class":"Hacinamiento Leve","hacin_score":784.6,"auto_score":141.5,"n_per":147,"n_hog":48,"source_year":2024},"geometry":{"type":"Polygon","coordinates":[[[-70.6936191839999,-33.5233039601308],[-70.6943506329999,-33.5241475081308],[-70.6951134259999,-33.5236470911308],[-70.6938464639999,-33.5229513241308],[-70.6936191839999,-33.5233039601308]]]}},{"type":"Feature","properties":{"id":"13116021002014","commune":"Lo Espejo","code":"13116","gse":"D","quintil":"Q2","nse_score":699.1,"educ":9.6,"educ_score":440.0,"hacin":1.38,"hacin_class":"Hacinamiento Leve","hacin_score":770.3,"auto_score":140.0,"n_per":109,"n_hog":38,"source_year":2024},"geometry":{"type":"Polygon","coordinates":[[[-70.6902292709999,-33.5233868361308],[-70.6909573699999,-33.5242209101308],[-70.691341829,-33.5239900431308],[-70.6905903009999,-33.5231775281308],[-70.6902292709999,-33.5233868361308]]]}},{"type":"Feature","properties":{"id":"13116021002015","commune":"Lo Espejo","code":"13116","gse":"E","quintil":"Q1","nse_score":644.3,"educ":10.4,"educ_score":493.3,"hacin":1.672,"hacin_class":"Hacinamiento Medio","hacin_score":708.0,"auto_score":115.4,"n_per":97,"n_hog":29,"source_year":2024},"geometry":{"type":"Polygon","coordinates":[[[-70.6939667546666,-33.5243832594641],[-70.6943247809999,-33.5241637471308],[-70.6935978469999,-33.5233245771308],[-70.6932513549999,-33.5235587891308],[-70.6939667546666,-33.5243832594641]]]}},{"type":"Feature","properties":{"id":"13116021002016","commune":"Lo Espejo","code":"13116","gse":"D","quintil":"Q1","nse_score":681.5,"educ":9.9,"educ_score":460.0,"hacin":1.364,"hacin_class":"Hacinamiento Leve","hacin_score":773.7,"auto_score":115.4,"n_per":105,"n_hog":30,"source_year":2024},"geometry":{"type":"Polygon","coordinates":[[[-70.6905394609999,-33.5244491321308],[-70.6909311699999,-33.5242366511308],[-70.6902027349999,-33.5234022621308],[-70.6898115069999,-33.5236307671308],[-70.6905394609999,-33.5244491321308]]]}},{"type":"Feature","properties":{"id":"13116021002017","commune":"Lo Espejo","code":"13116","gse":"D","quintil":"Q2","nse_score":697.8,"educ":10.6,"educ_score":506.7,"hacin":1.346,"hacin_class":"Hacinamiento Leve","hacin_score":777.4,"auto_score":190.5,"n_per":70,"n_hog":24,"source_year":2024},"geometry":{"type":"Polygon","coordinates":[[[-70.6928644759999,-33.5237974951308],[-70.6935735349999,-33.5246315061308],[-70.6939463174999,-33.5243993961308],[-70.6932255229999,-33.5235748711308],[-70.6928644759999,-33.5237974951308]]]}},{"type":"Feature","properties":{"id":"13116021002018","commune":"Lo Espejo","code":"13116","gse":"D","quintil":"Q1","nse_score":676.3,"educ":10.3,"educ_score":486.7,"hacin":1.425,"hacin_class":"Hacinamiento Leve","hacin_score":760.5,"auto_score":162.8,"n_per":134,"n_hog":45,"source_year":2024},"geometry":{"type":"Polygon","coordinates":[[[-70.6933603109999,-33.5247910261308],[-70.6936270989999,-33.5251043271308],[-70.6954328889999,-33.5240164971308],[-70.6951406689999,-33.5236787841308],[-70.6933603109999,-33.5247910261308]]]}},{"type":"Feature","properties":{"id":"13116021002019","commune":"Lo Espejo","code":"13116","gse":"C3","quintil":"Q3","nse_score":737.8,"educ":11.7,"educ_score":580.0,"hacin":1.211,"hacin_class":"Hacinamiento Leve","hacin_score":806.2,"auto_score":139.7,"n_per":385,"n_hog":141,"source_year":2024},"geometry":{"type":"Polygon","coordinates":[[[-70.6884897539999,-33.5253528731308],[-70.6902516869999,-33.5242973291308],[-70.6898081299999,-33.5237293601308],[-70.6883065649999,-33.5246024681308],[-70.6884897539999,-33.5253528731308]]]}},{"type":"Feature","properties":{"id":"13116021002020","commune":"Lo Espejo","code":"13116","gse":"D","quintil":"Q2","nse_score":702.1,"educ":11.0,"educ_score":533.3,"hacin":1.541,"hacin_class":"Hacinamiento Medio","hacin_score":736.0,"auto_score":240.0,"n_per":94,"n_hog":30,"source_year":2024},"geometry":{"type":"Polygon","coordinates":[[[-70.6918096659999,-33.5244402691308],[-70.6920968269999,-33.5247300341308],[-70.6930861829999,-33.5241185051308],[-70.6928384669999,-33.5238134131308],[-70.6918096659999,-33.5244402691308]]]}},{"type":"Feature","properties":{"id":"13116021002021","commune":"Lo Espejo","code":"13116","gse":"D","quintil":"Q1","nse_score":660.9,"educ":10.9,"educ_score":526.7,"hacin":1.613,"hacin_class":"Hacinamiento Medio","hacin_score":720.6,"auto_score":117.0,"n_per":171,"n_hog":55,"source_year":2024},"geometry":{"type":"Polygon","coordinates":[[[-70.6936462319999,-33.5251261421308],[-70.6939359219999,-33.5254456401308],[-70.6956922734999,-33.5243231426308],[-70.6954518299999,-33.5240384021308],[-70.6936462319999,-33.5251261421308]]]}},{"type":"Feature","properties":{"id":"13116021002022","commune":"Lo Espejo","code":"13116","gse":"D","quintil":"Q1","nse_score":670.9,"educ":9.8,"educ_score":453.3,"hacin":1.153,"hacin_class":"Hacinamiento Leve","hacin_score":818.6,"auto_score":160.0,"n_per":83,"n_hog":27,"source_year":2024},"geometry":{"type":"Polygon","coordinates":[[[-70.692116757,-33.5247512951308],[-70.6923841969999,-33.5250509701308],[-70.693386615,-33.5244663111308],[-70.6931047339999,-33.5241406061308],[-70.692116757,-33.5247512951308]]]}},{"type":"Feature","properties":{"id":"13116021002023","commune":"Lo Espejo","code":"13116","gse":"C3","quintil":"Q2","nse_score":708.3,"educ":10.5,"educ_score":500.0,"hacin":1.388,"hacin_class":"Hacinamiento Leve","hacin_score":768.5,"auto_score":148.1,"n_per":93,"n_hog":30,"source_year":2024},"geometry":{"type":"Polygon","coordinates":[[[-70.6892890919999,-33.5249524561308],[-70.6895662729999,-33.5252503841308],[-70.6905883289999,-33.5246370091308],[-70.6902937999999,-33.5243482961308],[-70.6892890919999,-33.5249524561308]]]}},{"type":"Feature","properties":{"id":"13116021002024","commune":"Lo Espejo","code":"13116","gse":"E","quintil":"Q1","nse_score":549.4,"educ":9.9,"educ_score":460.0,"hacin":1.625,"hacin_class":"Hacinamiento Medio","hacin_score":718.1,"auto_score":0.0,"n_per":13,"n_hog":5,"source_year":2024},"geometry":{"type":"Polygon","coordinates":[[[-70.6909840589999,-33.5249810201308],[-70.6916735709999,-33.5257716741308],[-70.6924927199999,-33.5253714291308],[-70.6924438849999,-33.5251483401308],[-70.6917836219999,-33.5244560961308],[-70.6909840589999,-33.5249810201308]]]}},{"type":"Feature","properties":{"id":"13116021002026","commune":"Lo Espejo","code":"13116","gse":"E","quintil":"Q1","nse_score":611.9,"educ":10.0,"educ_score":466.7,"hacin":1.681,"hacin_class":"Hacinamiento Medio","hacin_score":706.3,"auto_score":166.7,"n_per":121,"n_hog":39,"source_year":2024},"geometry":{"type":"Polygon","coordinates":[[[-70.6928016509999,-33.5248421101308],[-70.6935377269999,-33.5256866821308],[-70.6939098589999,-33.5254614591308],[-70.6931665079999,-33.5246165021308],[-70.6928016509999,-33.5248421101308]]]}},{"type":"Feature","properties":{"id":"13116021002027","commune":"Lo Espejo","code":"13116","gse":"D","quintil":"Q1","nse_score":675.6,"educ":9.5,"educ_score":433.3,"hacin":1.696,"hacin_class":"Hacinamiento Medio","hacin_score":703.1,"auto_score":260.9,"n_per":117,"n_hog":40,"source_year":2024},"geometry":{"type":"Polygon","coordinates":[[[-70.6895857199999,-33.5252720051308],[-70.6898496929999,-33.5255749211308],[-70.6908746939999,-33.5249739831308],[-70.6906070789999,-33.5246589791308],[-70.6895857199999,-33.5252720051308]]]}},{"type":"Feature","properties":{"id":"13116021002028","commune":"Lo Espejo","code":"13116","gse":"D","quintil":"Q2","nse_score":700.7,"educ":10.7,"educ_score":513.3,"hacin":1.394,"hacin_class":"Hacinamiento Leve","hacin_score":767.2,"auto_score":195.7,"n_per":99,"n_hog":24,"source_year":2024},"geometry":{"type":"Polygon","coordinates":[[[-70.6930733879999,-33.5259309571308],[-70.6935116059999,-33.5257024341308],[-70.6927753989999,-33.5248577811308],[-70.6924120989999,-33.5250677241308],[-70.6925252639999,-33.5253726051308],[-70.6930733879999,-33.5259309571308]]]}},{"type":"Feature","properties":{"id":"13116021002029","commune":"Lo Espejo","code":"13116","gse":"D","quintil":"Q1","nse_score":676.3,"educ":10.2,"educ_score":480.0,"hacin":1.828,"hacin_class":"Hacinamiento Medio","hacin_score":675.0,"auto_score":181.8,"n_per":106,"n_hog":26,"source_year":2024},"geometry":{"type":"Polygon","coordinates":[[[-70.6888959059999,-33.5251894971308],[-70.6896378929999,-33.5260157821308],[-70.6899869899999,-33.5258006041308],[-70.6892629719999,-33.5249681941308],[-70.6888959059999,-33.5251894971308]]]}},{"type":"Feature","properties":{"id":"13116021002030","commune":"Lo Espejo","code":"13116","gse":"D","quintil":"Q1","nse_score":659.0,"educ":9.9,"educ_score":460.0,"hacin":1.62,"hacin_class":"Hacinamiento Medio","hacin_score":719.2,"auto_score":129.6,"n_per":115,"n_hog":30,"source_year":2024},"geometry":{"type":"Polygon","coordinates":[[[-70.690499654,-33.5252264961308],[-70.6912356669999,-33.5260790401308],[-70.6915965539999,-33.5258469191308],[-70.6908934809999,-33.5249959211308],[-70.690499654,-33.5252264961308]]]}},{"type":"Feature","properties":{"id":"13116021002031","commune":"Lo Espejo","code":"13116","gse":"D","quintil":"Q1","nse_score":677.6,"educ":10.0,"educ_score":466.7,"hacin":1.486,"hacin_class":"Hacinamiento Leve","hacin_score":747.6,"auto_score":62.5,"n_per":107,"n_hog":26,"source_year":2024},"geometry":{"type":"Polygon","coordinates":[[[-70.6885388839999,-33.5254118481308],[-70.6892405399999,-33.5262496951308],[-70.6896116769999,-33.5260315551307],[-70.6888698189999,-33.5252052661308],[-70.6885388839999,-33.5254118481308]]]}},{"type":"Feature","properties":{"id":"13116021002032","commune":"Lo Espejo","code":"13116","gse":"E","quintil":"Q1","nse_score":628.4,"educ":9.6,"educ_score":440.0,"hacin":1.661,"hacin_class":"Hacinamiento Medio","hacin_score":710.3,"auto_score":53.6,"n_per":108,"n_hog":37,"source_year":2024},"geometry":{"type":"Polygon","coordinates":[[[-70.6901106019999,-33.5254515721308],[-70.6908532309999,-33.5263130011308],[-70.6912096989999,-33.5260950581308],[-70.6904731159999,-33.5252419141308],[-70.6901106019999,-33.5254515721308]]]}},{"type":"Feature","properties":{"id":"13116021002033","commune":"Lo Espejo","code":"13116","gse":"C3","quintil":"Q2","nse_score":717.4,"educ":11.3,"educ_score":553.3,"hacin":1.355,"hacin_class":"Hacinamiento Leve","hacin_score":775.6,"auto_score":125.4,"n_per":932,"n_hog":279,"source_year":2024},"geometry":{"type":"Polygon","coordinates":[[[-70.6910188259999,-33.5262845361308],[-70.6908797279999,-33.5269106541308],[-70.6909807004999,-33.5263082621308],[-70.6904883139999,-33.5266071171307],[-70.6903148909999,-33.5273700681307],[-70.6904530319999,-33.5266283351308],[-70.6900669334999,-33.5268605466308],[-70.6899294529999,-33.5276441151308],[-70.6900304359999,-33.5268825041308],[-70.6889491849999,-33.5275344801307],[-70.6890417179999,-33.5280345151308],[-70.6907701199999,-33.5273535991307],[-70.6929869379999,-33.5259451896308],[-70.692448097,-33.5254212321308],[-70.6910188259999,-33.5262845361308]]]}},{"type":"Feature","properties":{"id":"13116021002036","commune":"Lo Espejo","code":"13116","gse":"D","quintil":"Q1","nse_score":680.8,"educ":9.8,"educ_score":453.3,"hacin":1.607,"hacin_class":"Hacinamiento Medio","hacin_score":722.0,"auto_score":85.7,"n_per":143,"n_hog":47,"source_year":2024},"geometry":{"type":"Polygon","coordinates":[[[-70.6887261576666,-33.5265761201308],[-70.6888147259999,-33.5270033261308],[-70.6905302999999,-33.5259834141308],[-70.6902474729999,-33.5256704461308],[-70.6887261576666,-33.5265761201308]]]}},{"type":"Feature","properties":{"id":"13116021002037","commune":"Lo Espejo","code":"13116","gse":"D","quintil":"Q1","nse_score":679.8,"educ":10.6,"educ_score":506.7,"hacin":1.38,"hacin_class":"Hacinamiento Leve","hacin_score":770.3,"auto_score":127.0,"n_per":189,"n_hog":67,"source_year":2024},"geometry":{"type":"Polygon","coordinates":[[[-70.6889204249999,-33.5274429881308],[-70.6891863179999,-33.5273157641307],[-70.6908270959999,-33.5263288331308],[-70.6905494919999,-33.5260051781308],[-70.6888174339999,-33.5270399111307],[-70.6889204249999,-33.5274429881308]]]}},{"type":"Feature","properties":{"id":"13116031001001","commune":"Lo Espejo","code":"13116","gse":"E","quintil":"Q1","nse_score":648.2,"educ":10.1,"educ_score":473.3,"hacin":1.511,"hacin_class":"Hacinamiento Medio","hacin_score":742.4,"auto_score":94.8,"n_per":213,"n_hog":63,"source_year":2024},"geometry":{"type":"Polygon","coordinates":[[[-70.6974387209999,-33.5143746201309],[-70.6979126804999,-33.514198138131],[-70.6970464369999,-33.512553986131],[-70.6966070459999,-33.5127363126309],[-70.6974387209999,-33.5143746201309]]]}},{"type":"Feature","properties":{"id":"13116031001002","commune":"Lo Espejo","code":"13116","gse":"E","quintil":"Q1","nse_score":641.0,"educ":9.5,"educ_score":433.3,"hacin":1.601,"hacin_class":"Hacinamiento Medio","hacin_score":723.1,"auto_score":84.6,"n_per":245,"n_hog":69,"source_year":2024},"geometry":{"type":"Polygon","coordinates":[[[-70.6969132179999,-33.5145613291309],[-70.6973652019999,-33.5143770246309],[-70.6965750109999,-33.512784757131],[-70.6960798779999,-33.512887560131],[-70.6969132179999,-33.5145613291309]]]}},{"type":"Feature","properties":{"id":"13116031001003","commune":"Lo Espejo","code":"13116","gse":"D","quintil":"Q2","nse_score":683.6,"educ":10.1,"educ_score":473.3,"hacin":1.658,"hacin_class":"Hacinamiento Medio","hacin_score":711.1,"auto_score":79.4,"n_per":257,"n_hog":71,"source_year":2024},"geometry":{"type":"Polygon","coordinates":[[[-70.6963272409999,-33.5147556621309],[-70.6968201559999,-33.5145570406309],[-70.6959594559999,-33.512927658131],[-70.6955241879999,-33.5131080201309],[-70.6963272409999,-33.5147556621309]]]}},{"type":"Feature","properties":{"id":"13116031001004","commune":"Lo Espejo","code":"13116","gse":"D","quintil":"Q2","nse_score":683.8,"educ":10.2,"educ_score":480.0,"hacin":1.394,"hacin_class":"Hacinamiento Leve","hacin_score":767.3,"auto_score":116.4,"n_per":223,"n_hog":75,"source_year":2024},"geometry":{"type":"Polygon","coordinates":[[[-70.6957979569999,-33.5149396021309],[-70.6962574569999,-33.5147580421309],[-70.6954089739999,-33.5131150891309],[-70.6949619819999,-33.5133068791309],[-70.6957979569999,-33.5149396021309]]]}},{"type":"Feature","properties":{"id":"13116031001005","commune":"Lo Espejo","code":"13116","gse":"C3","quintil":"Q2","nse_score":705.1,"educ":10.7,"educ_score":513.3,"hacin":1.315,"hacin_class":"Hacinamiento Leve","hacin_score":784.1,"auto_score":72.9,"n_per":142,"n_hog":50,"source_year":2024},"geometry":{"type":"Polygon","coordinates":[[[-70.6930020866666,-33.5140151027976],[-70.6931888119999,-33.5143935591309],[-70.6950847089999,-33.513698819131],[-70.6948347749999,-33.513304843131],[-70.6930020866666,-33.5140151027976]]]}},{"type":"Feature","properties":{"id":"13116031001006","commune":"Lo Espejo","code":"13116","gse":"C3","quintil":"Q2","nse_score":715.2,"educ":10.7,"educ_score":513.3,"hacin":1.268,"hacin_class":"Hacinamiento Leve","hacin_score":794.0,"auto_score":108.3,"n_per":194,"n_hog":62,"source_year":2024},"geometry":{"type":"Polygon","coordinates":[[[-70.6933896259999,-33.5147540261309],[-70.695210819,-33.5141288051309],[-70.695263828,-33.514037249131],[-70.6950970999999,-33.513723742131],[-70.6945234169999,-33.5139052261309],[-70.6932011939999,-33.5144185431309],[-70.6933896259999,-33.5147540261309]]]}},{"type":"Feature","properties":{"id":"13116031001007","commune":"Lo Espejo","code":"13116","gse":"D","quintil":"Q2","nse_score":691.6,"educ":10.3,"educ_score":486.7,"hacin":1.425,"hacin_class":"Hacinamiento Leve","hacin_score":760.6,"auto_score":125.0,"n_per":191,"n_hog":50,"source_year":2024},"geometry":{"type":"Polygon","coordinates":[[[-70.6934279513332,-33.5148765444642],[-70.6935910979999,-33.5152041891309],[-70.6954894219999,-33.5144970841309],[-70.6952505069999,-33.5141718761309],[-70.6934279513332,-33.5148765444642]]]}},{"type":"Feature","properties":{"id":"13116031001008","commune":"Lo Espejo","code":"13116","gse":"E","quintil":"Q1","nse_score":647.4,"educ":9.3,"educ_score":420.0,"hacin":1.667,"hacin_class":"Hacinamiento Medio","hacin_score":709.2,"auto_score":0.0,"n_per":35,"n_hog":9,"source_year":2024},"geometry":{"type":"Polygon","coordinates":[[[-70.6965580559999,-33.5164985321309],[-70.698668972,-33.5157710571309],[-70.6979450859999,-33.5142771011309],[-70.6958197489999,-33.5150024381309],[-70.6965580559999,-33.5164985321309]]]}},{"type":"Feature","properties":{"id":"13116031001009","commune":"Lo Espejo","code":"13116","gse":"D","quintil":"Q2","nse_score":693.8,"educ":10.7,"educ_score":513.3,"hacin":1.463,"hacin_class":"Hacinamiento Leve","hacin_score":752.6,"auto_score":156.9,"n_per":177,"n_hog":52,"source_year":2024},"geometry":{"type":"Polygon","coordinates":[[[-70.6936034479999,-33.5152291961309],[-70.6937861039999,-33.5156024931309],[-70.6957044689999,-33.5149320351309],[-70.6955016769999,-33.5145221041309],[-70.6936034479999,-33.5152291961309]]]}},{"type":"Feature","properties":{"id":"13116031001010","commune":"Lo Espejo","code":"13116","gse":"C3","quintil":"Q2","nse_score":707.8,"educ":11.0,"educ_score":533.3,"hacin":1.266,"hacin_class":"Hacinamiento Leve","hacin_score":794.4,"auto_score":175.4,"n_per":214,"n_hog":63,"source_year":2024},"geometry":{"type":"Polygon","coordinates":[[[-70.6939987389999,-33.5159855561309],[-70.6958231949999,-33.5153276151309],[-70.6958733904999,-33.5152713051309],[-70.6957168749999,-33.5149570071309],[-70.6937984204999,-33.5156275131309],[-70.6939987389999,-33.5159855561309]]]}},{"type":"Feature","properties":{"id":"13116031001011","commune":"Lo Espejo","code":"13116","gse":"D","quintil":"Q2","nse_score":690.9,"educ":10.5,"educ_score":500.0,"hacin":1.344,"hacin_class":"Hacinamiento Leve","hacin_score":777.8,"auto_score":136.4,"n_per":203,"n_hog":65,"source_year":2024},"geometry":{"type":"Polygon","coordinates":[[[-70.6940364979999,-33.5161091131309],[-70.6941847649999,-33.5164068771309],[-70.6961122439999,-33.5157561991309],[-70.6958717319999,-33.5153605151309],[-70.6940364979999,-33.5161091131309]]]}},{"type":"Feature","properties":{"id":"13116031001012","commune":"Lo Espejo","code":"13116","gse":"D","quintil":"Q2","nse_score":684.6,"educ":10.5,"educ_score":500.0,"hacin":1.49,"hacin_class":"Hacinamiento Leve","hacin_score":746.8,"auto_score":136.4,"n_per":228,"n_hog":65,"source_year":2024},"geometry":{"type":"Polygon","coordinates":[[[-70.6941973794999,-33.5164317961309],[-70.6944023959999,-33.5168315721309],[-70.6962996529999,-33.5161342391309],[-70.6961245699999,-33.5157811901309],[-70.6941973794999,-33.5164317961309]]]}},{"type":"Feature","properties":{"id":"13116031001013","commune":"Lo Espejo","code":"13116","gse":"D","quintil":"Q1","nse_score":670.4,"educ":10.1,"educ_score":473.3,"hacin":1.5,"hacin_class":"Hacinamiento Medio","hacin_score":744.7,"auto_score":169.5,"n_per":198,"n_hog":61,"source_year":2024},"geometry":{"type":"Polygon","coordinates":[[[-70.6991191959999,-33.5177773201309],[-70.6995486894999,-33.5175480961309],[-70.6987363289999,-33.5158968411309],[-70.6982346889999,-33.5159914511309],[-70.6991191959999,-33.5177773201309]]]}},{"type":"Feature","properties":{"id":"13116031001014","commune":"Lo Espejo","code":"13116","gse":"D","quintil":"Q2","nse_score":684.1,"educ":10.1,"educ_score":473.3,"hacin":1.473,"hacin_class":"Hacinamiento Leve","hacin_score":750.4,"auto_score":166.7,"n_per":221,"n_hog":69,"source_year":2024},"geometry":{"type":"Polygon","coordinates":[[[-70.6985950579999,-33.5180233651309],[-70.6990323769999,-33.5177675691309],[-70.6981526969999,-33.5160652731309],[-70.6977125919999,-33.5161653361309],[-70.6985950579999,-33.5180233651309]]]}},{"type":"Feature","properties":{"id":"13116031001015","commune":"Lo Espejo","code":"13116","gse":"E","quintil":"Q1","nse_score":639.3,"educ":9.3,"educ_score":420.0,"hacin":1.604,"hacin_class":"Hacinamiento Medio","hacin_score":722.6,"auto_score":102.3,"n_per":178,"n_hog":47,"source_year":2024},"geometry":{"type":"Polygon","coordinates":[[[-70.6946009599999,-33.5172586711309],[-70.6965102729999,-33.5165616001309],[-70.696311997,-33.5161592401309],[-70.6944148819999,-33.5168565391309],[-70.6946009599999,-33.5172586711309]]]}},{"type":"Feature","properties":{"id":"13116031001016","commune":"Lo Espejo","code":"13116","gse":"D","quintil":"Q1","nse_score":668.8,"educ":10.0,"educ_score":466.7,"hacin":1.486,"hacin_class":"Hacinamiento Leve","hacin_score":747.7,"auto_score":126.5,"n_per":263,"n_hog":85,"source_year":2024},"geometry":{"type":"Polygon","coordinates":[[[-70.6980675649999,-33.5182761761309],[-70.6984924389999,-33.5180945601309],[-70.6984426229999,-33.5179107511309],[-70.6976165729999,-33.5162468341309],[-70.6971243379999,-33.5163694921309],[-70.6980675649999,-33.5182761761309]]]}},{"type":"Feature","properties":{"id":"13116031001017","commune":"Lo Espejo","code":"13116","gse":"D","quintil":"Q1","nse_score":661.8,"educ":10.2,"educ_score":480.0,"hacin":1.408,"hacin_class":"Hacinamiento Leve","hacin_score":764.2,"auto_score":128.4,"n_per":276,"n_hog":78,"source_year":2024},"geometry":{"type":"Polygon","coordinates":[[[-70.6975525739999,-33.5185391411309],[-70.6980064589999,-33.5182882106309],[-70.6970639299999,-33.5164139751309],[-70.6966022189999,-33.5165575681309],[-70.6975525739999,-33.5185391411309]]]}},{"type":"Feature","properties":{"id":"13116031001018","commune":"Lo Espejo","code":"13116","gse":"D","quintil":"Q2","nse_score":692.9,"educ":10.6,"educ_score":506.7,"hacin":1.509,"hacin_class":"Hacinamiento Medio","hacin_score":742.8,"auto_score":130.4,"n_per":172,"n_hog":50,"source_year":2024},"geometry":{"type":"Polygon","coordinates":[[[-70.6946130433333,-33.5172849377975],[-70.6947755669999,-33.5176236921309],[-70.6966825359999,-33.5169600461309],[-70.6965224429999,-33.5165866551309],[-70.6946130433333,-33.5172849377975]]]}},{"type":"Feature","properties":{"id":"13116031001019","commune":"Lo Espejo","code":"13116","gse":"C3","quintil":"Q2","nse_score":709.2,"educ":10.4,"educ_score":493.3,"hacin":1.419,"hacin_class":"Hacinamiento Leve","hacin_score":761.8,"auto_score":229.2,"n_per":176,"n_hog":52,"source_year":2024},"geometry":{"type":"Polygon","coordinates":[[[-70.6947877159999,-33.5176487737975],[-70.6949762519999,-33.5180340161309],[-70.6968765779999,-33.5173511361309],[-70.6966949999999,-33.5169851261309],[-70.6947877159999,-33.5176487737975]]]}},{"type":"Feature","properties":{"id":"13116031001020","commune":"Lo Espejo","code":"13116","gse":"C3","quintil":"Q2","nse_score":704.5,"educ":10.2,"educ_score":480.0,"hacin":1.346,"hacin_class":"Hacinamiento Leve","hacin_score":777.4,"auto_score":181.0,"n_per":206,"n_hog":60,"source_year":2024},"geometry":{"type":"Polygon","coordinates":[[[-70.6949885999999,-33.5180590361309],[-70.6951900249999,-33.5184641581308],[-70.6970784829999,-33.5177565271309],[-70.6968889939999,-33.5173760901308],[-70.6949885999999,-33.5180590361309]]]}},{"type":"Feature","properties":{"id":"13116031001021","commune":"Lo Espejo","code":"13116","gse":"D","quintil":"Q2","nse_score":685.3,"educ":10.4,"educ_score":493.3,"hacin":1.407,"hacin_class":"Hacinamiento Leve","hacin_score":764.4,"auto_score":120.7,"n_per":197,"n_hog":59,"source_year":2024},"geometry":{"type":"Polygon","coordinates":[[[-70.6952023499999,-33.5184891811309],[-70.6953828759999,-33.5188596691309],[-70.6972957599999,-33.5181894891309],[-70.6970909499999,-33.5177814371309],[-70.6952023499999,-33.5184891811309]]]}},{"type":"Feature","properties":{"id":"13116031001022","commune":"Lo Espejo","code":"13116","gse":"C3","quintil":"Q2","nse_score":708.1,"educ":10.9,"educ_score":526.7,"hacin":1.523,"hacin_class":"Hacinamiento Medio","hacin_score":739.9,"auto_score":188.5,"n_per":236,"n_hog":65,"source_year":2024},"geometry":{"type":"Polygon","coordinates":[[[-70.6956906729999,-33.5194396501308],[-70.6974543819999,-33.5186246451309],[-70.6973082169999,-33.5182144461309],[-70.6953950599999,-33.5188847341309],[-70.6956906729999,-33.5194396501308]]]}},{"type":"Feature","properties":{"id":"13116031002001","commune":"Lo Espejo","code":"13116","gse":"D","quintil":"Q1","nse_score":663.6,"educ":10.2,"educ_score":480.0,"hacin":1.46,"hacin_class":"Hacinamiento Leve","hacin_score":753.3,"auto_score":54.3,"n_per":289,"n_hog":96,"source_year":2024},"geometry":{"type":"Polygon","coordinates":[[[-70.6933125579999,-33.5163644001309],[-70.6939171209999,-33.5161181331309],[-70.6928269239999,-33.5140208741309],[-70.6922526899999,-33.5142569251309],[-70.6933125579999,-33.5163644001309]]]}},{"type":"Feature","properties":{"id":"13116031002002","commune":"Lo Espejo","code":"13116","gse":"D","quintil":"Q1","nse_score":667.0,"educ":10.3,"educ_score":486.7,"hacin":1.477,"hacin_class":"Hacinamiento Leve","hacin_score":749.6,"auto_score":121.8,"n_per":254,"n_hog":84,"source_year":2024},"geometry":{"type":"Polygon","coordinates":[[[-70.6927586529999,-33.5165512371309],[-70.6932301609999,-33.5163643926309],[-70.6921978409999,-33.5142789481309],[-70.6917182399999,-33.514403683131],[-70.6927586529999,-33.5165512371309]]]}},{"type":"Feature","properties":{"id":"13116031002003","commune":"Lo Espejo","code":"13116","gse":"D","quintil":"Q2","nse_score":688.9,"educ":10.1,"educ_score":473.3,"hacin":1.345,"hacin_class":"Hacinamiento Leve","hacin_score":777.6,"auto_score":106.7,"n_per":300,"n_hog":98,"source_year":2024},"geometry":{"type":"Polygon","coordinates":[[[-70.6922146969999,-33.5167363111309],[-70.6926833569999,-33.5165613346309],[-70.6916508419999,-33.5144563111309],[-70.6911696999999,-33.5145950321309],[-70.6922146969999,-33.5167363111309]]]}},{"type":"Feature","properties":{"id":"13116031002004","commune":"Lo Espejo","code":"13116","gse":"D","quintil":"Q1","nse_score":663.0,"educ":10.0,"educ_score":466.7,"hacin":1.497,"hacin_class":"Hacinamiento Leve","hacin_score":745.3,"auto_score":141.9,"n_per":256,"n_hog":78,"source_year":2024},"geometry":{"type":"Polygon","coordinates":[[[-70.6916629709999,-33.5169268621309],[-70.6921357229999,-33.5167375606309],[-70.6911042659999,-33.5146499561309],[-70.6906226009999,-33.5147803981309],[-70.6916629709999,-33.5169268621309]]]}},{"type":"Feature","properties":{"id":"13116031002008","commune":"Lo Espejo","code":"13116","gse":"E","quintil":"Q1","nse_score":650.8,"educ":9.9,"educ_score":460.0,"hacin":1.592,"hacin_class":"Hacinamiento Medio","hacin_score":725.1,"auto_score":58.0,"n_per":234,"n_hog":76,"source_year":2024},"geometry":{"type":"Polygon","coordinates":[[[-70.6905633289999,-33.5173092071309],[-70.6910366749999,-33.5171244801309],[-70.6903011199999,-33.5156425391309],[-70.6898109519999,-33.5158145591309],[-70.6905633289999,-33.5173092071309]]]}},{"type":"Feature","properties":{"id":"13116031002009","commune":"Lo Espejo","code":"13116","gse":"D","quintil":"Q1","nse_score":671.5,"educ":10.4,"educ_score":493.3,"hacin":1.293,"hacin_class":"Hacinamiento Leve","hacin_score":788.8,"auto_score":107.1,"n_per":181,"n_hog":58,"source_year":2024},"geometry":{"type":"Polygon","coordinates":[[[-70.6920507859999,-33.5169295951309],[-70.692206488,-33.5172326871309],[-70.6941399219999,-33.5165704481309],[-70.6938952629999,-33.5162197491309],[-70.6920507859999,-33.5169295951309]]]}},{"type":"Feature","properties":{"id":"13116031002012","commune":"Lo Espejo","code":"13116","gse":"E","quintil":"Q1","nse_score":535.0,"educ":7.7,"educ_score":313.3,"hacin":1.714,"hacin_class":"Hacinamiento Medio","hacin_score":699.1,"auto_score":125.0,"n_per":12,"n_hog":4,"source_year":2024},"geometry":{"type":"Polygon","coordinates":[[[-70.6915407059999,-33.5192242961309],[-70.6928891899999,-33.5187448171308],[-70.6919665459999,-33.5169024541309],[-70.6906014694999,-33.5173754106309],[-70.6915407059999,-33.5192242961309]]]}},{"type":"Feature","properties":{"id":"13116031002014","commune":"Lo Espejo","code":"13116","gse":"E","quintil":"Q1","nse_score":646.6,"educ":10.1,"educ_score":473.3,"hacin":1.627,"hacin_class":"Hacinamiento Medio","hacin_score":717.6,"auto_score":120.0,"n_per":192,"n_hog":53,"source_year":2024},"geometry":{"type":"Polygon","coordinates":[[[-70.6924250643332,-33.5176787707976],[-70.6926184269999,-33.5180637191309],[-70.6939422899999,-33.5176205851309],[-70.6937655519999,-33.5172121551309],[-70.6924250643332,-33.5176787707976]]]}},{"type":"Feature","properties":{"id":"13116031002015","commune":"Lo Espejo","code":"13116","gse":"E","quintil":"Q1","nse_score":655.9,"educ":9.9,"educ_score":460.0,"hacin":1.478,"hacin_class":"Hacinamiento Leve","hacin_score":749.4,"auto_score":49.0,"n_per":167,"n_hog":54,"source_year":2024},"geometry":{"type":"Polygon","coordinates":[[[-70.6926308833333,-33.5180886937976],[-70.6928244199999,-33.5184798101308],[-70.6947520559999,-33.5178067511309],[-70.6945684679999,-33.5174408341309],[-70.6926308833333,-33.5180886937976]]]}},{"type":"Feature","properties":{"id":"13116031002016","commune":"Lo Espejo","code":"13116","gse":"D","quintil":"Q1","nse_score":680.4,"educ":10.3,"educ_score":486.7,"hacin":1.339,"hacin_class":"Hacinamiento Leve","hacin_score":779.1,"auto_score":80.0,"n_per":174,"n_hog":51,"source_year":2024},"geometry":{"type":"Polygon","coordinates":[[[-70.6928369119999,-33.5185047737975],[-70.6930227299999,-33.5188722431309],[-70.6949543709999,-33.5182189411309],[-70.694764458,-33.5178317271309],[-70.6928369119999,-33.5185047737975]]]}},{"type":"Feature","properties":{"id":"13116031002017","commune":"Lo Espejo","code":"13116","gse":"D","quintil":"Q2","nse_score":686.7,"educ":9.9,"educ_score":460.0,"hacin":1.418,"hacin_class":"Hacinamiento Leve","hacin_score":762.1,"auto_score":185.2,"n_per":190,"n_hog":57,"source_year":2024},"geometry":{"type":"Polygon","coordinates":[[[-70.6930349989999,-33.5188972791308],[-70.693218752,-33.5192847601309],[-70.6951606029999,-33.5186284921309],[-70.6949667919999,-33.5182438951309],[-70.6930349989999,-33.5188972791308]]]}},{"type":"Feature","properties":{"id":"13116031002018","commune":"Lo Espejo","code":"13116","gse":"D","quintil":"Q1","nse_score":679.3,"educ":10.1,"educ_score":473.3,"hacin":1.482,"hacin_class":"Hacinamiento Leve","hacin_score":748.5,"auto_score":118.2,"n_per":206,"n_hog":60,"source_year":2024},"geometry":{"type":"Polygon","coordinates":[[[-70.6932309273333,-33.5193098327975],[-70.6934276959999,-33.5197060151309],[-70.6953606569999,-33.5190387211309],[-70.6951729909999,-33.5186534671309],[-70.6932309273333,-33.5193098327975]]]}},{"type":"Feature","properties":{"id":"13116031002019","commune":"Lo Espejo","code":"13116","gse":"D","quintil":"Q1","nse_score":666.5,"educ":10.3,"educ_score":486.7,"hacin":1.673,"hacin_class":"Hacinamiento Medio","hacin_score":707.9,"auto_score":137.7,"n_per":276,"n_hog":71,"source_year":2024},"geometry":{"type":"Polygon","coordinates":[[[-70.6924233113332,-33.5189811181309],[-70.6932490279999,-33.5206492401309],[-70.6936840469999,-33.5204382251309],[-70.6929526589999,-33.5188519891309],[-70.6924233113332,-33.5189811181309]]]}},{"type":"Feature","properties":{"id":"13116031002020","commune":"Lo Espejo","code":"13116","gse":"D","quintil":"Q1","nse_score":672.8,"educ":10.2,"educ_score":480.0,"hacin":1.339,"hacin_class":"Hacinamiento Leve","hacin_score":778.9,"auto_score":114.3,"n_per":229,"n_hog":68,"source_year":2024},"geometry":{"type":"Polygon","coordinates":[[[-70.6918578349999,-33.5191815091309],[-70.6927254459999,-33.5209038791308],[-70.6932210809999,-33.5206628151308],[-70.6923935739999,-33.5189916541309],[-70.6918578349999,-33.5191815091309]]]}},{"type":"Feature","properties":{"id":"13116031002021","commune":"Lo Espejo","code":"13116","gse":"D","quintil":"Q2","nse_score":686.5,"educ":9.9,"educ_score":460.0,"hacin":1.486,"hacin_class":"Hacinamiento Leve","hacin_score":747.7,"auto_score":127.3,"n_per":211,"n_hog":61,"source_year":2024},"geometry":{"type":"Polygon","coordinates":[[[-70.6937886769999,-33.5203735091309],[-70.6955539209999,-33.5195257621309],[-70.6953731239999,-33.5190635421308],[-70.6934401224999,-33.5197310086309],[-70.6937886769999,-33.5203735091309]]]}},{"type":"Feature","properties":{"id":"13116031002022","commune":"Lo Espejo","code":"13116","gse":"E","quintil":"Q1","nse_score":644.6,"educ":10.1,"educ_score":473.3,"hacin":1.581,"hacin_class":"Hacinamiento Medio","hacin_score":727.6,"auto_score":137.0,"n_per":275,"n_hog":76,"source_year":2024},"geometry":{"type":"Polygon","coordinates":[[[-70.6913306379999,-33.5193620131309],[-70.6922182149999,-33.5211498981308],[-70.6926974949999,-33.5209174551308],[-70.6918280749999,-33.5191920231309],[-70.6913306379999,-33.5193620131309]]]}},{"type":"Feature","properties":{"id":"13116031002010","commune":"Lo Espejo","code":"13116","gse":"D","quintil":"Q2","nse_score":684.2,"educ":10.7,"educ_score":513.3,"hacin":1.318,"hacin_class":"Hacinamiento Leve","hacin_score":783.4,"auto_score":134.1,"n_per":145,"n_hog":44,"source_year":2024},"geometry":{"type":"MultiPolygon","coordinates":[[[[-70.6922190039999,-33.5172576431309],[-70.6924126719999,-33.5176537731309],[-70.6937542409999,-33.5171867991309],[-70.6935752269999,-33.5167973451309],[-70.6922190039999,-33.5172576431309]]],[[[-70.6936051069999,-33.5167870711309],[-70.6937836789999,-33.5171755361309],[-70.694326326,-33.5169480761309],[-70.6941523369999,-33.5165954201309],[-70.6936051069999,-33.5167870711309]]]]}},{"type":"Feature","properties":{"id":"13116031002006","commune":"Lo Espejo","code":"13116","gse":"D","quintil":"Q2","nse_score":683.1,"educ":10.1,"educ_score":473.3,"hacin":1.545,"hacin_class":"Hacinamiento Medio","hacin_score":735.2,"auto_score":62.5,"n_per":207,"n_hog":59,"source_year":2024},"geometry":{"type":"MultiPolygon","coordinates":[[[[-70.6911169079999,-33.5171218851309],[-70.6915885889999,-33.5169335206309],[-70.6908559519999,-33.5154603761309],[-70.6903591994999,-33.5156327146309],[-70.6911169079999,-33.5171218851309]]],[[[-70.6895250629999,-33.5151612071309],[-70.6898012969999,-33.5157951141309],[-70.6902906819999,-33.5156216021309],[-70.6899827689999,-33.5150102251309],[-70.6895250629999,-33.5151612071309]]]]}},{"type":"Feature","properties":{"id":"13116031003001","commune":"Lo Espejo","code":"13116","gse":"E","quintil":"Q1","nse_score":645.0,"educ":10.0,"educ_score":466.7,"hacin":1.526,"hacin_class":"Hacinamiento Medio","hacin_score":739.2,"auto_score":95.2,"n_per":209,"n_hog":64,"source_year":2024},"geometry":{"type":"Polygon","coordinates":[[[-70.6877067139999,-33.5162361461309],[-70.6896040489999,-33.5155930931309],[-70.6896198839999,-33.5155609781309],[-70.6893882319999,-33.5152115871309],[-70.6876133069999,-33.5158174321309],[-70.6875149969999,-33.5158933751309],[-70.6877067139999,-33.5162361461309]]]}},{"type":"Feature","properties":{"id":"13116031003002","commune":"Lo Espejo","code":"13116","gse":"D","quintil":"Q1","nse_score":678.3,"educ":10.6,"educ_score":506.7,"hacin":1.601,"hacin_class":"Hacinamiento Medio","hacin_score":723.1,"auto_score":134.9,"n_per":245,"n_hog":73,"source_year":2024},"geometry":{"type":"Polygon","coordinates":[[[-70.6879073189999,-33.5166518161309],[-70.6897926069999,-33.5160105111309],[-70.6898193559999,-33.5159686401309],[-70.6896356909999,-33.5156401991309],[-70.6877845799999,-33.5162755631309],[-70.6879073189999,-33.5166518161309]]]}},{"type":"Feature","properties":{"id":"13116031003004","commune":"Lo Espejo","code":"13116","gse":"D","quintil":"Q2","nse_score":687.6,"educ":12.8,"educ_score":653.3,"hacin":1.454,"hacin_class":"Hacinamiento Leve","hacin_score":754.4,"auto_score":115.4,"n_per":32,"n_hog":10,"source_year":2024},"geometry":{"type":"Polygon","coordinates":[[[-70.6871721804999,-33.5161339661309],[-70.6877334229999,-33.5175229871309],[-70.6881900999999,-33.5173937031309],[-70.687471264,-33.5160012321309],[-70.6871721804999,-33.5161339661309]]]}},{"type":"Feature","properties":{"id":"13116031003005","commune":"Lo Espejo","code":"13116","gse":"D","quintil":"Q1","nse_score":663.5,"educ":10.1,"educ_score":473.3,"hacin":1.439,"hacin_class":"Hacinamiento Leve","hacin_score":757.6,"auto_score":148.4,"n_per":190,"n_hog":67,"source_year":2024},"geometry":{"type":"Polygon","coordinates":[[[-70.6881069989999,-33.5170429631309],[-70.6899962689999,-33.5164157601309],[-70.6900148309999,-33.5163620271309],[-70.6898151159999,-33.5160537411309],[-70.6879838379999,-33.5166849801309],[-70.6881069989999,-33.5170429631309]]]}},{"type":"Feature","properties":{"id":"13116031003006","commune":"Lo Espejo","code":"13116","gse":"C3","quintil":"Q2","nse_score":703.7,"educ":11.8,"educ_score":586.7,"hacin":1.5,"hacin_class":"Hacinamiento Medio","hacin_score":744.7,"auto_score":65.2,"n_per":126,"n_hog":44,"source_year":2024},"geometry":{"type":"Polygon","coordinates":[[[-70.6865518529999,-33.5163238471309],[-70.686845134,-33.5177134241309],[-70.6876795009999,-33.5175396851308],[-70.6871096079999,-33.5161391111309],[-70.6865518529999,-33.5163238471309]]]}},{"type":"Feature","properties":{"id":"13116031003008","commune":"Lo Espejo","code":"13116","gse":"E","quintil":"Q1","nse_score":636.0,"educ":10.4,"educ_score":493.3,"hacin":1.673,"hacin_class":"Hacinamiento Medio","hacin_score":708.0,"auto_score":184.2,"n_per":189,"n_hog":64,"source_year":2024},"geometry":{"type":"Polygon","coordinates":[[[-70.6883181329999,-33.5174692971309],[-70.6901841709999,-33.5168233601309],[-70.6902233234999,-33.5167817706309],[-70.6900324759999,-33.5164589091309],[-70.6881613959999,-33.5170978051309],[-70.6883181329999,-33.5174692971309]]]}},{"type":"Feature","properties":{"id":"13116031003009","commune":"Lo Espejo","code":"13116","gse":"D","quintil":"Q2","nse_score":696.5,"educ":10.5,"educ_score":500.0,"hacin":1.439,"hacin_class":"Hacinamiento Leve","hacin_score":757.7,"auto_score":96.2,"n_per":177,"n_hog":61,"source_year":2024},"geometry":{"type":"Polygon","coordinates":[[[-70.6885216859999,-33.5178744111309],[-70.6904070389999,-33.5172307871309],[-70.6904206089999,-33.5171774651309],[-70.6902310049999,-33.5168604621309],[-70.6883960129999,-33.5175076221309],[-70.6885216859999,-33.5178744111309]]]}},{"type":"Feature","properties":{"id":"13116031003010","commune":"Lo Espejo","code":"13116","gse":"D","quintil":"Q2","nse_score":693.0,"educ":10.2,"educ_score":480.0,"hacin":1.489,"hacin_class":"Hacinamiento Leve","hacin_score":747.0,"auto_score":163.5,"n_per":201,"n_hog":57,"source_year":2024},"geometry":{"type":"Polygon","coordinates":[[[-70.6887217499999,-33.5182776351309],[-70.6905906669999,-33.5176515621309],[-70.6906254304999,-33.5175920906309],[-70.6904292299999,-33.5172709061309],[-70.688593609,-33.5179090301309],[-70.6887217499999,-33.5182776351309]]]}},{"type":"Feature","properties":{"id":"13116031003011","commune":"Lo Espejo","code":"13116","gse":"E","quintil":"Q1","nse_score":644.2,"educ":10.0,"educ_score":466.7,"hacin":1.454,"hacin_class":"Hacinamiento Leve","hacin_score":754.4,"auto_score":78.1,"n_per":80,"n_hog":32,"source_year":2024},"geometry":{"type":"Polygon","coordinates":[[[-70.6883900459999,-33.5189336301309],[-70.6888558294999,-33.5187212586309],[-70.6882025799999,-33.5174185821309],[-70.6877438174999,-33.5175486016309],[-70.6883900459999,-33.5189336301309]]]}},{"type":"Feature","properties":{"id":"13116031003012","commune":"Lo Espejo","code":"13116","gse":"D","quintil":"Q1","nse_score":668.9,"educ":10.7,"educ_score":513.3,"hacin":1.482,"hacin_class":"Hacinamiento Leve","hacin_score":748.5,"auto_score":146.3,"n_per":123,"n_hog":43,"source_year":2024},"geometry":{"type":"Polygon","coordinates":[[[-70.6878075449999,-33.5192904611309],[-70.6882986829999,-33.5189478166309],[-70.6876898229999,-33.5175652961309],[-70.6868507514999,-33.5177400736309],[-70.6870821909999,-33.5188352831309],[-70.6878075449999,-33.5192904611309]]]}},{"type":"Feature","properties":{"id":"13116031003013","commune":"Lo Espejo","code":"13116","gse":"D","quintil":"Q1","nse_score":676.1,"educ":10.0,"educ_score":466.7,"hacin":1.426,"hacin_class":"Hacinamiento Leve","hacin_score":760.5,"auto_score":32.3,"n_per":211,"n_hog":69,"source_year":2024},"geometry":{"type":"Polygon","coordinates":[[[-70.6889284679999,-33.5186871201309],[-70.6907775119999,-33.5180450891309],[-70.6908197224999,-33.5179859876309],[-70.6906372889999,-33.5176902931309],[-70.6887674859999,-33.5183318541309],[-70.6889284679999,-33.5186871201309]]]}},{"type":"Feature","properties":{"id":"13116031003014","commune":"Lo Espejo","code":"13116","gse":"D","quintil":"Q1","nse_score":679.0,"educ":10.4,"educ_score":493.3,"hacin":1.474,"hacin_class":"Hacinamiento Leve","hacin_score":750.2,"auto_score":166.7,"n_per":227,"n_hog":65,"source_year":2024},"geometry":{"type":"Polygon","coordinates":[[[-70.6891296249999,-33.5190869201309],[-70.6909697699999,-33.5184709241309],[-70.6910262269999,-33.5184088746309],[-70.6908271519999,-33.5180810791309],[-70.6889878999999,-33.5187349001308],[-70.6891296249999,-33.5190869201309]]]}},{"type":"Feature","properties":{"id":"13116031003015","commune":"Lo Espejo","code":"13116","gse":"D","quintil":"Q1","nse_score":672.7,"educ":10.3,"educ_score":486.7,"hacin":1.608,"hacin_class":"Hacinamiento Medio","hacin_score":721.6,"auto_score":230.8,"n_per":230,"n_hog":57,"source_year":2024},"geometry":{"type":"Polygon","coordinates":[[[-70.6893381469999,-33.5194960861309],[-70.6911977379999,-33.5188588491309],[-70.6912282919999,-33.5188187116309],[-70.6910417709999,-33.5184994401308],[-70.6892239669999,-33.5191259651309],[-70.6893381469999,-33.5194960861309]]]}},{"type":"Feature","properties":{"id":"13116031003016","commune":"Lo Espejo","code":"13116","gse":"D","quintil":"Q1","nse_score":669.9,"educ":10.8,"educ_score":520.0,"hacin":1.158,"hacin_class":"Hacinamiento Leve","hacin_score":817.5,"auto_score":111.1,"n_per":44,"n_hog":16,"source_year":2024},"geometry":{"type":"Polygon","coordinates":[[[-70.6896434679999,-33.5204041381309],[-70.6889243369999,-33.5188600891309],[-70.6884404309999,-33.5190049221309],[-70.6887599329999,-33.5196509511309],[-70.6886919219999,-33.5198208781309],[-70.6896434679999,-33.5204041381309]]]}},{"type":"Feature","properties":{"id":"13116031003017","commune":"Lo Espejo","code":"13116","gse":"D","quintil":"Q1","nse_score":673.9,"educ":10.4,"educ_score":493.3,"hacin":1.294,"hacin_class":"Hacinamiento Leve","hacin_score":788.5,"auto_score":130.0,"n_per":176,"n_hog":50,"source_year":2024},"geometry":{"type":"Polygon","coordinates":[[[-70.6895592409999,-33.5199062631308],[-70.6914054949999,-33.5192734591308],[-70.6914254769999,-33.5192116561308],[-70.691231635,-33.5189040091309],[-70.6894057939999,-33.5195414621309],[-70.6895592409999,-33.5199062631308]]]}},{"type":"Feature","properties":{"id":"13116031003020","commune":"Lo Espejo","code":"13116","gse":"E","quintil":"Q1","nse_score":603.4,"educ":8.7,"educ_score":380.0,"hacin":1.5,"hacin_class":"Hacinamiento Medio","hacin_score":744.7,"auto_score":60.0,"n_per":66,"n_hog":24,"source_year":2024},"geometry":{"type":"Polygon","coordinates":[[[-70.6871577119999,-33.5190936401309],[-70.6875020689999,-33.5208045861308],[-70.6882643989999,-33.5206936301308],[-70.6882784049999,-33.5202661851309],[-70.6885133179999,-33.5199012916309],[-70.6871577119999,-33.5190936401309]]]}},{"type":"Feature","properties":{"id":"13116031003021","commune":"Lo Espejo","code":"13116","gse":"D","quintil":"Q2","nse_score":683.8,"educ":10.1,"educ_score":473.3,"hacin":1.528,"hacin_class":"Hacinamiento Medio","hacin_score":738.7,"auto_score":152.5,"n_per":246,"n_hog":66,"source_year":2024},"geometry":{"type":"Polygon","coordinates":[[[-70.6917106179999,-33.5213627241308],[-70.6921899369999,-33.5211634151308],[-70.6913007209999,-33.5193722161309],[-70.6908075559999,-33.5195843801308],[-70.6917106179999,-33.5213627241308]]]}},{"type":"Feature","properties":{"id":"13116031003022","commune":"Lo Espejo","code":"13116","gse":"C3","quintil":"Q2","nse_score":710.6,"educ":10.8,"educ_score":520.0,"hacin":1.535,"hacin_class":"Hacinamiento Medio","hacin_score":737.3,"auto_score":101.7,"n_per":244,"n_hog":65,"source_year":2024},"geometry":{"type":"Polygon","coordinates":[[[-70.6902612279999,-33.5197828151309],[-70.6911935369999,-33.5216675621308],[-70.6916206799999,-33.5213614151308],[-70.6906849359999,-33.5195837581309],[-70.6902612279999,-33.5197828151309]]]}},{"type":"Feature","properties":{"id":"13116031003023","commune":"Lo Espejo","code":"13116","gse":"D","quintil":"Q2","nse_score":694.9,"educ":11.1,"educ_score":540.0,"hacin":1.438,"hacin_class":"Hacinamiento Leve","hacin_score":757.8,"auto_score":106.1,"n_per":105,"n_hog":35,"source_year":2024},"geometry":{"type":"Polygon","coordinates":[[[-70.689876066,-33.5206224201308],[-70.6909295699999,-33.5212572791308],[-70.6901614529999,-33.5197778551308],[-70.6895791709999,-33.5199878826308],[-70.689876066,-33.5206224201308]]]}},{"type":"Feature","properties":{"id":"13116031003025","commune":"Lo Espejo","code":"13116","gse":"D","quintil":"Q1","nse_score":666.8,"educ":10.7,"educ_score":513.3,"hacin":1.628,"hacin_class":"Hacinamiento Medio","hacin_score":717.5,"auto_score":119.4,"n_per":236,"n_hog":73,"source_year":2024},"geometry":{"type":"Polygon","coordinates":[[[-70.6889757299999,-33.5219931661309],[-70.6897604909999,-33.5217413236308],[-70.6892625709999,-33.5207153986308],[-70.6893400499999,-33.5203984151308],[-70.6885965769999,-33.5199513011309],[-70.6883667029999,-33.5202127136309],[-70.688316374,-33.5206276851309],[-70.6889757299999,-33.5219931661309]]]}},{"type":"Feature","properties":{"id":"13116031003026","commune":"Lo Espejo","code":"13116","gse":"D","quintil":"Q1","nse_score":659.6,"educ":10.4,"educ_score":493.3,"hacin":1.697,"hacin_class":"Hacinamiento Medio","hacin_score":702.7,"auto_score":114.3,"n_per":129,"n_hog":38,"source_year":2024},"geometry":{"type":"Polygon","coordinates":[[[-70.6901150189999,-33.5223028541308],[-70.6905105014999,-33.5220281776308],[-70.689840494,-33.5207035491309],[-70.6894106739999,-33.5204580361308],[-70.6893276784999,-33.5207164171308],[-70.6901150189999,-33.5223028541308]]]}},{"type":"Feature","properties":{"id":"13116031003027","commune":"Lo Espejo","code":"13116","gse":"D","quintil":"Q1","nse_score":681.9,"educ":11.0,"educ_score":533.3,"hacin":1.362,"hacin_class":"Hacinamiento Leve","hacin_score":774.1,"auto_score":79.5,"n_per":128,"n_hog":42,"source_year":2024},"geometry":{"type":"Polygon","coordinates":[[[-70.6878584309999,-33.5223007541308],[-70.6888799604999,-33.5220029801308],[-70.6882723844999,-33.5207199476308],[-70.6875077399999,-33.5208312411308],[-70.6878584309999,-33.5223007541308]]]}},{"type":"Feature","properties":{"id":"13116031003028","commune":"Lo Espejo","code":"13116","gse":"C3","quintil":"Q2","nse_score":702.9,"educ":10.4,"educ_score":493.3,"hacin":1.226,"hacin_class":"Hacinamiento Leve","hacin_score":802.9,"auto_score":147.1,"n_per":65,"n_hog":17,"source_year":2024},"geometry":{"type":"Polygon","coordinates":[[[-70.6905942029999,-33.5220132791309],[-70.6911474839999,-33.5216946921308],[-70.6909946749999,-33.5213880011308],[-70.6899254859999,-33.5207203731309],[-70.6905942029999,-33.5220132791309]]]}},{"type":"Feature","properties":{"id":"13116031003029","commune":"Lo Espejo","code":"13116","gse":"D","quintil":"Q2","nse_score":693.0,"educ":11.0,"educ_score":533.3,"hacin":1.271,"hacin_class":"Hacinamiento Leve","hacin_score":793.4,"auto_score":208.3,"n_per":136,"n_hog":44,"source_year":2024},"geometry":{"type":"Polygon","coordinates":[[[-70.6879793529999,-33.5228613791308],[-70.6898299889999,-33.5224218991308],[-70.6900450894999,-33.5223212036308],[-70.6897633789999,-33.5218413191308],[-70.6878817439999,-33.5223605401308],[-70.6879793529999,-33.5228613791308]]]}},{"type":"Feature","properties":{"id":"13116031004003","commune":"Lo Espejo","code":"13116","gse":"D","quintil":"Q1","nse_score":679.5,"educ":10.2,"educ_score":480.0,"hacin":1.25,"hacin_class":"Hacinamiento Leve","hacin_score":797.9,"auto_score":185.2,"n_per":85,"n_hog":25,"source_year":2024},"geometry":{"type":"Polygon","coordinates":[[[-70.6987965144999,-33.511957240131],[-70.6992598639999,-33.512887663131],[-70.6997188599999,-33.512731476131],[-70.6992318469999,-33.5118072261309],[-70.6987965144999,-33.511957240131]]]}},{"type":"Feature","properties":{"id":"13116031004004","commune":"Lo Espejo","code":"13116","gse":"D","quintil":"Q1","nse_score":679.7,"educ":10.1,"educ_score":473.3,"hacin":1.354,"hacin_class":"Hacinamiento Leve","hacin_score":775.7,"auto_score":201.9,"n_per":172,"n_hog":54,"source_year":2024},"geometry":{"type":"Polygon","coordinates":[[[-70.6973429209999,-33.5129141221309],[-70.6988956849999,-33.512333802131],[-70.6987481649999,-33.511983395131],[-70.6971709329999,-33.5125124711309],[-70.6973429209999,-33.5129141221309]]]}},{"type":"Feature","properties":{"id":"13116031004005","commune":"Lo Espejo","code":"13116","gse":"E","quintil":"Q1","nse_score":641.2,"educ":9.3,"educ_score":420.0,"hacin":1.531,"hacin_class":"Hacinamiento Medio","hacin_score":738.0,"auto_score":133.9,"n_per":196,"n_hog":58,"source_year":2024},"geometry":{"type":"Polygon","coordinates":[[[-70.6975420639999,-33.5133031371309],[-70.6991101809999,-33.5127649791309],[-70.6989550989999,-33.5123989001309],[-70.6973954879999,-33.512959728131],[-70.6975420639999,-33.5133031371309]]]}},{"type":"Feature","properties":{"id":"13116031004007","commune":"Lo Espejo","code":"13116","gse":"D","quintil":"Q1","nse_score":675.6,"educ":9.2,"educ_score":413.3,"hacin":1.235,"hacin_class":"Hacinamiento Leve","hacin_score":801.0,"auto_score":175.0,"n_per":63,"n_hog":21,"source_year":2024},"geometry":{"type":"Polygon","coordinates":[[[-70.6992722923333,-33.5129126491309],[-70.6996256119999,-33.5136213441309],[-70.7000813949999,-33.5134614411309],[-70.6997344749999,-33.512755356131],[-70.6992722923333,-33.5129126491309]]]}},{"type":"Feature","properties":{"id":"13116031004008","commune":"Lo Espejo","code":"13116","gse":"E","quintil":"Q1","nse_score":636.6,"educ":8.8,"educ_score":386.7,"hacin":1.416,"hacin_class":"Hacinamiento Leve","hacin_score":762.6,"auto_score":85.1,"n_per":177,"n_hog":51,"source_year":2024},"geometry":{"type":"Polygon","coordinates":[[[-70.6977586309999,-33.5137358731309],[-70.6993014989999,-33.5131503021309],[-70.6991741529999,-33.512839599131],[-70.6975933659999,-33.5133563881309],[-70.6977586309999,-33.5137358731309]]]}},{"type":"Feature","properties":{"id":"13116031004009","commune":"Lo Espejo","code":"13116","gse":"E","quintil":"Q1","nse_score":645.8,"educ":10.3,"educ_score":486.7,"hacin":1.522,"hacin_class":"Hacinamiento Medio","hacin_score":739.9,"auto_score":83.3,"n_per":169,"n_hog":47,"source_year":2024},"geometry":{"type":"Polygon","coordinates":[[[-70.6979573979999,-33.5141175851309],[-70.6994845639999,-33.5135922391309],[-70.6995182854999,-33.5135311586309],[-70.6993476289999,-33.5132114421309],[-70.6988895459999,-33.5133460731309],[-70.6977977209999,-33.5137949711309],[-70.6979573979999,-33.5141175851309]]]}},{"type":"Feature","properties":{"id":"13116031004010","commune":"Lo Espejo","code":"13116","gse":"D","quintil":"Q1","nse_score":659.3,"educ":10.2,"educ_score":480.0,"hacin":1.186,"hacin_class":"Hacinamiento Leve","hacin_score":811.5,"auto_score":71.4,"n_per":51,"n_hog":19,"source_year":2024},"geometry":{"type":"Polygon","coordinates":[[[-70.6996380513332,-33.5136463251309],[-70.7000043499999,-33.5143835141309],[-70.7004690409999,-33.5142296531309],[-70.7000938339999,-33.5134863921309],[-70.6996380513332,-33.5136463251309]]]}},{"type":"Feature","properties":{"id":"13116031004011","commune":"Lo Espejo","code":"13116","gse":"D","quintil":"Q1","nse_score":671.4,"educ":10.4,"educ_score":493.3,"hacin":1.504,"hacin_class":"Hacinamiento Medio","hacin_score":743.8,"auto_score":113.2,"n_per":191,"n_hog":53,"source_year":2024},"geometry":{"type":"Polygon","coordinates":[[[-70.6981696249999,-33.5145578651309],[-70.6997072299999,-33.5139736571309],[-70.6995747079999,-33.513648347131],[-70.698003561,-33.5141640821309],[-70.6981696249999,-33.5145578651309]]]}},{"type":"Feature","properties":{"id":"13116031004012","commune":"Lo Espejo","code":"13116","gse":"D","quintil":"Q1","nse_score":660.5,"educ":9.9,"educ_score":460.0,"hacin":1.4,"hacin_class":"Hacinamiento Leve","hacin_score":766.0,"auto_score":111.1,"n_per":161,"n_hog":44,"source_year":2024},"geometry":{"type":"Polygon","coordinates":[[[-70.6983551139999,-33.5149279051309],[-70.6998690359999,-33.5144180951309],[-70.6999295274999,-33.5143658641309],[-70.6997427749999,-33.514021086131],[-70.6992977619999,-33.5141546741309],[-70.6982089029999,-33.5145993951309],[-70.6983551139999,-33.5149279051309]]]}},{"type":"Feature","properties":{"id":"13116031004015","commune":"Lo Espejo","code":"13116","gse":"E","quintil":"Q1","nse_score":621.6,"educ":8.7,"educ_score":380.0,"hacin":1.542,"hacin_class":"Hacinamiento Medio","hacin_score":735.8,"auto_score":116.3,"n_per":148,"n_hog":47,"source_year":2024},"geometry":{"type":"Polygon","coordinates":[[[-70.6983883263332,-33.5150299237976],[-70.6985684519999,-33.5153922951309],[-70.6999284869999,-33.5149178961309],[-70.6997469999999,-33.5145138831309],[-70.6983883263332,-33.5150299237976]]]}},{"type":"Feature","properties":{"id":"13116031004016","commune":"Lo Espejo","code":"13116","gse":"D","quintil":"Q1","nse_score":661.6,"educ":10.5,"educ_score":500.0,"hacin":1.403,"hacin_class":"Hacinamiento Leve","hacin_score":765.2,"auto_score":240.0,"n_per":167,"n_hog":47,"source_year":2024},"geometry":{"type":"Polygon","coordinates":[[[-70.6985808869999,-33.5154172781309],[-70.6987583039999,-33.5157786971309],[-70.7003623559999,-33.5152300931309],[-70.7001348219999,-33.5148812691309],[-70.6985808869999,-33.5154172781309]]]}},{"type":"Feature","properties":{"id":"13116031004017","commune":"Lo Espejo","code":"13116","gse":"D","quintil":"Q1","nse_score":671.9,"educ":10.6,"educ_score":506.7,"hacin":1.156,"hacin_class":"Hacinamiento Leve","hacin_score":818.0,"auto_score":47.6,"n_per":52,"n_hog":22,"source_year":2024},"geometry":{"type":"Polygon","coordinates":[[[-70.7004198549999,-33.5152407871309],[-70.7007596479999,-33.5159100071309],[-70.7012164679999,-33.5157509361309],[-70.7008815589999,-33.5150784091309],[-70.7004198549999,-33.5152407871309]]]}},{"type":"Feature","properties":{"id":"13116031004018","commune":"Lo Espejo","code":"13116","gse":"E","quintil":"Q1","nse_score":620.0,"educ":9.3,"educ_score":420.0,"hacin":1.5,"hacin_class":"Hacinamiento Medio","hacin_score":744.7,"auto_score":131.0,"n_per":144,"n_hog":40,"source_year":2024},"geometry":{"type":"Polygon","coordinates":[[[-70.6987705623333,-33.5158037417976],[-70.6989606599999,-33.5161935941309],[-70.7005473749999,-33.5156049131309],[-70.7003747279999,-33.5152550151309],[-70.6987705623333,-33.5158037417976]]]}},{"type":"Feature","properties":{"id":"13116031004019","commune":"Lo Espejo","code":"13116","gse":"E","quintil":"Q1","nse_score":620.9,"educ":9.9,"educ_score":460.0,"hacin":1.74,"hacin_class":"Hacinamiento Medio","hacin_score":693.6,"auto_score":86.5,"n_per":174,"n_hog":52,"source_year":2024},"geometry":{"type":"Polygon","coordinates":[[[-70.6989731199999,-33.5162185601309],[-70.6991598499999,-33.5165898721309],[-70.7007573109999,-33.5160354811309],[-70.7005596519999,-33.5156299211309],[-70.6989731199999,-33.5162185601309]]]}},{"type":"Feature","properties":{"id":"13116031004020","commune":"Lo Espejo","code":"13116","gse":"C3","quintil":"Q3","nse_score":731.6,"educ":11.0,"educ_score":533.3,"hacin":1.366,"hacin_class":"Hacinamiento Leve","hacin_score":773.1,"auto_score":340.9,"n_per":97,"n_hog":23,"source_year":2024},"geometry":{"type":"Polygon","coordinates":[[[-70.701209462,-33.5167830781309],[-70.7016037479999,-33.5165523371309],[-70.7012289219999,-33.5157758931309],[-70.7007719929999,-33.5159350231309],[-70.701209462,-33.5167830781309]]]}},{"type":"Feature","properties":{"id":"13116031004021","commune":"Lo Espejo","code":"13116","gse":"E","quintil":"Q1","nse_score":624.7,"educ":8.7,"educ_score":380.0,"hacin":1.462,"hacin_class":"Hacinamiento Leve","hacin_score":752.9,"auto_score":31.9,"n_per":152,"n_hog":46,"source_year":2024},"geometry":{"type":"Polygon","coordinates":[[[-70.6991723039999,-33.5166148541309],[-70.6993737259999,-33.5170242981309],[-70.7009486709999,-33.5164172251309],[-70.7007696749999,-33.5160604581309],[-70.6991723039999,-33.5166148541309]]]}},{"type":"Feature","properties":{"id":"13116031004022","commune":"Lo Espejo","code":"13116","gse":"E","quintil":"Q1","nse_score":622.9,"educ":9.7,"educ_score":446.7,"hacin":1.43,"hacin_class":"Hacinamiento Leve","hacin_score":759.6,"auto_score":102.0,"n_per":173,"n_hog":50,"source_year":2024},"geometry":{"type":"Polygon","coordinates":[[[-70.6996228059999,-33.5175380451309],[-70.7011316949999,-33.5168351111309],[-70.7009611859999,-33.5164421451309],[-70.6993857279999,-33.5170494401309],[-70.6996228059999,-33.5175380451309]]]}},{"type":"Feature","properties":{"id":"13116031004013","commune":"Lo Espejo","code":"13116","gse":"D","quintil":"Q1","nse_score":663.7,"educ":11.4,"educ_score":560.0,"hacin":1.636,"hacin_class":"Hacinamiento Medio","hacin_score":715.7,"auto_score":0.0,"n_per":36,"n_hog":8,"source_year":2024},"geometry":{"type":"MultiPolygon","coordinates":[[[[-70.6997771069999,-33.5145041591309],[-70.6999543019999,-33.5148985341309],[-70.7001124599999,-33.5148443311309],[-70.6999748879999,-33.5144673431309],[-70.6997771069999,-33.5145041591309]]],[[[-70.7000166329999,-33.5144085464643],[-70.7004074549999,-33.5152157921309],[-70.7008692559999,-33.5150534141309],[-70.7004814159999,-33.5142546221309],[-70.7000166329999,-33.5144085464643]]]]}},{"type":"Feature","properties":{"id":"13116041001003","commune":"Lo Espejo","code":"13116","gse":"D","quintil":"Q2","nse_score":699.1,"educ":11.7,"educ_score":580.0,"hacin":1.319,"hacin_class":"Hacinamiento Leve","hacin_score":783.2,"auto_score":196.4,"n_per":91,"n_hog":27,"source_year":2024},"geometry":{"type":"Polygon","coordinates":[[[-70.6973742799999,-33.509073488131],[-70.6977367659999,-33.509807078131],[-70.6982038929999,-33.509640769131],[-70.6978450929999,-33.508909699131],[-70.6973742799999,-33.509073488131]]]}},{"type":"Feature","properties":{"id":"13116041001004","commune":"Lo Espejo","code":"13116","gse":"C3","quintil":"Q2","nse_score":718.7,"educ":11.2,"educ_score":546.7,"hacin":1.239,"hacin_class":"Hacinamiento Leve","hacin_score":800.2,"auto_score":130.0,"n_per":171,"n_hog":53,"source_year":2024},"geometry":{"type":"Polygon","coordinates":[[[-70.6958875579999,-33.509952921131],[-70.6974138319999,-33.509432780131],[-70.6974550769999,-33.509372573131],[-70.6972668359999,-33.509061488131],[-70.6957433029999,-33.509585200131],[-70.6958875579999,-33.509952921131]]]}},{"type":"Feature","properties":{"id":"13116041001005","commune":"Lo Espejo","code":"13116","gse":"D","quintil":"Q1","nse_score":683.0,"educ":10.2,"educ_score":480.0,"hacin":1.224,"hacin_class":"Hacinamiento Leve","hacin_score":803.3,"auto_score":120.0,"n_per":131,"n_hog":50,"source_year":2024},"geometry":{"type":"Polygon","coordinates":[[[-70.6960905829999,-33.510358482131],[-70.6976394779999,-33.509830801131],[-70.6976567839999,-33.509781948631],[-70.6974668669999,-33.509461120131],[-70.6959808799999,-33.509976310131],[-70.6960905829999,-33.510358482131]]]}},{"type":"Feature","properties":{"id":"13116041001006","commune":"Lo Espejo","code":"13116","gse":"C3","quintil":"Q3","nse_score":722.3,"educ":11.1,"educ_score":540.0,"hacin":1.269,"hacin_class":"Hacinamiento Leve","hacin_score":793.8,"auto_score":45.5,"n_per":66,"n_hog":26,"source_year":2024},"geometry":{"type":"Polygon","coordinates":[[[-70.6977491289999,-33.5098320877976],[-70.6980912579999,-33.510524475131],[-70.6985572169999,-33.510360665131],[-70.6982161829999,-33.509665786131],[-70.6977491289999,-33.5098320877976]]]}},{"type":"Feature","properties":{"id":"13116041001007","commune":"Lo Espejo","code":"13116","gse":"E","quintil":"Q1","nse_score":638.5,"educ":11.3,"educ_score":553.3,"hacin":1.5,"hacin_class":"Hacinamiento Medio","hacin_score":744.7,"auto_score":62.5,"n_per":42,"n_hog":15,"source_year":2024},"geometry":{"type":"Polygon","coordinates":[[[-70.6942163529999,-33.511661308131],[-70.6962797749999,-33.510930518131],[-70.6956758879999,-33.509695732131],[-70.6935410809999,-33.510425894131],[-70.6942163529999,-33.511661308131]]]}},{"type":"Feature","properties":{"id":"13116041001008","commune":"Lo Espejo","code":"13116","gse":"C3","quintil":"Q3","nse_score":743.8,"educ":11.5,"educ_score":566.7,"hacin":1.321,"hacin_class":"Hacinamiento Leve","hacin_score":782.8,"auto_score":122.2,"n_per":177,"n_hog":48,"source_year":2024},"geometry":{"type":"Polygon","coordinates":[[[-70.6962916209999,-33.5107669101309],[-70.697831333,-33.510242891131],[-70.6978631039999,-33.510196525131],[-70.6976661329999,-33.509873892131],[-70.6961736309999,-33.510387891131],[-70.6962916209999,-33.5107669101309]]]}},{"type":"Feature","properties":{"id":"13116041001009","commune":"Lo Espejo","code":"13116","gse":"C3","quintil":"Q3","nse_score":736.6,"educ":11.5,"educ_score":566.7,"hacin":1.178,"hacin_class":"Hacinamiento Leve","hacin_score":813.1,"auto_score":103.8,"n_per":152,"n_hog":52,"source_year":2024},"geometry":{"type":"Polygon","coordinates":[[[-70.696495061,-33.511179643131],[-70.6980313219999,-33.510649662131],[-70.6980616054999,-33.510596466631],[-70.6978516029999,-33.510288905131],[-70.6963325579999,-33.510807683131],[-70.696495061,-33.511179643131]]]}},{"type":"Feature","properties":{"id":"13116041001010","commune":"Lo Espejo","code":"13116","gse":"D","quintil":"Q1","nse_score":661.8,"educ":10.2,"educ_score":480.0,"hacin":1.571,"hacin_class":"Hacinamiento Medio","hacin_score":729.5,"auto_score":132.1,"n_per":209,"n_hog":63,"source_year":2024},"geometry":{"type":"Polygon","coordinates":[[[-70.6919934493333,-33.5108440017976],[-70.6921732179999,-33.511210913131],[-70.6935881329999,-33.510681729631],[-70.6934018129999,-33.510355197131],[-70.6919934493333,-33.5108440017976]]]}},{"type":"Feature","properties":{"id":"13116041001013","commune":"Lo Espejo","code":"13116","gse":"C3","quintil":"Q3","nse_score":739.4,"educ":11.3,"educ_score":553.3,"hacin":1.403,"hacin_class":"Hacinamiento Leve","hacin_score":765.4,"auto_score":173.1,"n_per":101,"n_hog":33,"source_year":2024},"geometry":{"type":"Polygon","coordinates":[[[-70.6985513229999,-33.511426767131],[-70.6989921659999,-33.511277275131],[-70.6986006139999,-33.510449086131],[-70.6981336789999,-33.5106103241309],[-70.6985513229999,-33.511426767131]]]}},{"type":"Feature","properties":{"id":"13116041001014","commune":"Lo Espejo","code":"13116","gse":"D","quintil":"Q2","nse_score":695.9,"educ":10.7,"educ_score":513.3,"hacin":1.45,"hacin_class":"Hacinamiento Leve","hacin_score":755.2,"auto_score":80.0,"n_per":161,"n_hog":49,"source_year":2024},"geometry":{"type":"Polygon","coordinates":[[[-70.6966974989999,-33.5115844941309],[-70.6982435689999,-33.5110602101309],[-70.6982708884999,-33.511017313631],[-70.698063584,-33.5106924061309],[-70.6965574249999,-33.511225726131],[-70.6966974989999,-33.5115844941309]]]}},{"type":"Feature","properties":{"id":"13116041001015","commune":"Lo Espejo","code":"13116","gse":"D","quintil":"Q2","nse_score":700.4,"educ":11.2,"educ_score":546.7,"hacin":1.462,"hacin_class":"Hacinamiento Leve","hacin_score":752.8,"auto_score":127.1,"n_per":212,"n_hog":64,"source_year":2024},"geometry":{"type":"Polygon","coordinates":[[[-70.6921994059999,-33.511254886131],[-70.6923680079999,-33.5116131261309],[-70.6937943549999,-33.511097823631],[-70.6935897209999,-33.510769650131],[-70.6921994059999,-33.511254886131]]]}},{"type":"Feature","properties":{"id":"13116041001017","commune":"Lo Espejo","code":"13116","gse":"D","quintil":"Q2","nse_score":694.0,"educ":10.5,"educ_score":500.0,"hacin":1.324,"hacin_class":"Hacinamiento Leve","hacin_score":782.1,"auto_score":84.7,"n_per":188,"n_hog":59,"source_year":2024},"geometry":{"type":"Polygon","coordinates":[[[-70.6965453599999,-33.512628526131],[-70.6970410974999,-33.512436983131],[-70.6962916069999,-33.510998959131],[-70.6958314204999,-33.511205932631],[-70.6965453599999,-33.512628526131]]]}},{"type":"Feature","properties":{"id":"13116041001018","commune":"Lo Espejo","code":"13116","gse":"C3","quintil":"Q2","nse_score":707.0,"educ":10.8,"educ_score":520.0,"hacin":1.233,"hacin_class":"Hacinamiento Leve","hacin_score":801.6,"auto_score":84.9,"n_per":159,"n_hog":54,"source_year":2024},"geometry":{"type":"Polygon","coordinates":[[[-70.6968915339999,-33.511992210131],[-70.6984357259999,-33.511468605131],[-70.6984698339999,-33.511418356631],[-70.6982797899999,-33.5111026471309],[-70.6967656479999,-33.5116231891309],[-70.6968915339999,-33.511992210131]]]}},{"type":"Feature","properties":{"id":"13116041001019","commune":"Lo Espejo","code":"13116","gse":"D","quintil":"Q1","nse_score":669.7,"educ":10.4,"educ_score":493.3,"hacin":1.571,"hacin_class":"Hacinamiento Medio","hacin_score":729.5,"auto_score":178.6,"n_per":220,"n_hog":61,"source_year":2024},"geometry":{"type":"Polygon","coordinates":[[[-70.6921017759999,-33.5121661291309],[-70.6939319749999,-33.5115590811309],[-70.6939915244999,-33.511492802631],[-70.6938045599999,-33.5111801341309],[-70.691959875,-33.5118140241309],[-70.6921017759999,-33.5121661291309]]]}},{"type":"Feature","properties":{"id":"13116041001020","commune":"Lo Espejo","code":"13116","gse":"D","quintil":"Q1","nse_score":663.4,"educ":9.8,"educ_score":453.3,"hacin":1.411,"hacin_class":"Hacinamiento Leve","hacin_score":763.6,"auto_score":117.6,"n_per":151,"n_hog":52,"source_year":2024},"geometry":{"type":"Polygon","coordinates":[[[-70.6960176649999,-33.5128134521309],[-70.6964699334999,-33.512631034131],[-70.6957131869999,-33.511200883131],[-70.6952911439999,-33.511372107631],[-70.6960176649999,-33.5128134521309]]]}},{"type":"Feature","properties":{"id":"13116041001022","commune":"Lo Espejo","code":"13116","gse":"D","quintil":"Q1","nse_score":658.2,"educ":9.6,"educ_score":440.0,"hacin":1.148,"hacin_class":"Hacinamiento Leve","hacin_score":819.5,"auto_score":90.9,"n_per":31,"n_hog":11,"source_year":2024},"geometry":{"type":"Polygon","coordinates":[[[-70.6987316499999,-33.511855301131],[-70.6991800329999,-33.511706305131],[-70.699019012,-33.511347542131],[-70.6985704339999,-33.511480644131],[-70.6987316499999,-33.511855301131]]]}},{"type":"Feature","properties":{"id":"13116041001023","commune":"Lo Espejo","code":"13116","gse":"D","quintil":"Q1","nse_score":681.8,"educ":10.6,"educ_score":506.7,"hacin":1.348,"hacin_class":"Hacinamiento Leve","hacin_score":777.1,"auto_score":80.0,"n_per":155,"n_hog":49,"source_year":2024},"geometry":{"type":"Polygon","coordinates":[[[-70.6954665089999,-33.5130101801309],[-70.6959335104999,-33.5128220911309],[-70.6951997769999,-33.511383314131],[-70.6947451139999,-33.511565747131],[-70.6954665089999,-33.5130101801309]]]}},{"type":"Feature","properties":{"id":"13116041001024","commune":"Lo Espejo","code":"13116","gse":"C3","quintil":"Q2","nse_score":710.8,"educ":11.6,"educ_score":573.3,"hacin":1.491,"hacin_class":"Hacinamiento Leve","hacin_score":746.7,"auto_score":148.9,"n_per":158,"n_hog":47,"source_year":2024},"geometry":{"type":"Polygon","coordinates":[[[-70.6971184529999,-33.5124308121309],[-70.6986583699999,-33.5119026751309],[-70.6986856649999,-33.511853131131],[-70.6984760639999,-33.511514414131],[-70.6969451419999,-33.5120350371309],[-70.6971184529999,-33.5124308121309]]]}},{"type":"Feature","properties":{"id":"13116041001025","commune":"Lo Espejo","code":"13116","gse":"D","quintil":"Q2","nse_score":701.3,"educ":10.9,"educ_score":526.7,"hacin":1.333,"hacin_class":"Hacinamiento Leve","hacin_score":780.1,"auto_score":113.2,"n_per":172,"n_hog":58,"source_year":2024},"geometry":{"type":"Polygon","coordinates":[[[-70.6949141679999,-33.513200368131],[-70.6953767889999,-33.513023649131],[-70.694650797,-33.5115754801309],[-70.6942023659999,-33.511785587131],[-70.6949141679999,-33.513200368131]]]}},{"type":"Feature","properties":{"id":"13116041001026","commune":"Lo Espejo","code":"13116","gse":"D","quintil":"Q2","nse_score":699.1,"educ":10.8,"educ_score":520.0,"hacin":1.38,"hacin_class":"Hacinamiento Leve","hacin_score":770.2,"auto_score":150.0,"n_per":207,"n_hog":64,"source_year":2024},"geometry":{"type":"Polygon","coordinates":[[[-70.6923145149999,-33.5125812011309],[-70.6941736899999,-33.511961531131],[-70.6942036089999,-33.511923615131],[-70.6940061159999,-33.511588655131],[-70.6922151979999,-33.512197839131],[-70.6921387054999,-33.512266475131],[-70.6923145149999,-33.5125812011309]]]}},{"type":"Feature","properties":{"id":"13116041001027","commune":"Lo Espejo","code":"13116","gse":"D","quintil":"Q2","nse_score":689.5,"educ":11.1,"educ_score":540.0,"hacin":1.514,"hacin_class":"Hacinamiento Medio","hacin_score":741.8,"auto_score":127.5,"n_per":165,"n_hog":51,"source_year":2024},"geometry":{"type":"Polygon","coordinates":[[[-70.692522386,-33.5130030401309],[-70.69431449,-33.512376795131],[-70.6943912584999,-33.512299795131],[-70.6941993929999,-33.511994636131],[-70.6923993519999,-33.512607084131],[-70.692522386,-33.5130030401309]]]}},{"type":"Feature","properties":{"id":"13116041001028","commune":"Lo Espejo","code":"13116","gse":"D","quintil":"Q2","nse_score":699.2,"educ":10.6,"educ_score":506.7,"hacin":1.388,"hacin_class":"Hacinamiento Leve","hacin_score":768.5,"auto_score":220.0,"n_per":186,"n_hog":56,"source_year":2024},"geometry":{"type":"Polygon","coordinates":[[[-70.6927197979999,-33.513405587131],[-70.6945536629999,-33.512773680131],[-70.6945972744999,-33.5127198921309],[-70.6943934939999,-33.512403178131],[-70.6925521879999,-33.513043783131],[-70.6927197979999,-33.513405587131]]]}},{"type":"Feature","properties":{"id":"13116041001029","commune":"Lo Espejo","code":"13116","gse":"E","quintil":"Q1","nse_score":644.3,"educ":10.1,"educ_score":473.3,"hacin":1.439,"hacin_class":"Hacinamiento Leve","hacin_score":757.6,"auto_score":85.1,"n_per":154,"n_hog":44,"source_year":2024},"geometry":{"type":"Polygon","coordinates":[[[-70.6929573199999,-33.5138765381309],[-70.6947862739999,-33.5132544981309],[-70.6948260149999,-33.5131846856309],[-70.694596455,-33.5128156501309],[-70.6927606289999,-33.5134494761309],[-70.6929573199999,-33.5138765381309]]]}},{"type":"Feature","properties":{"id":"13116041001016","commune":"Lo Espejo","code":"13116","gse":"D","quintil":"Q1","nse_score":668.4,"educ":12.1,"educ_score":606.7,"hacin":1.778,"hacin_class":"Hacinamiento Medio","hacin_score":685.6,"auto_score":0.0,"n_per":16,"n_hog":4,"source_year":2024},"geometry":{"type":"MultiPolygon","coordinates":[[[[-70.6919040939999,-33.5117649731309],[-70.6923381499999,-33.511623461131],[-70.6921695979999,-33.511265314131],[-70.6917364024999,-33.511428534631],[-70.6919040939999,-33.5117649731309]]],[[[-70.6917099209999,-33.511365753131],[-70.692143455,-33.511221431131],[-70.6919636239999,-33.510854380131],[-70.6915304929999,-33.511014637631],[-70.6917099209999,-33.511365753131]]]]}},{"type":"Feature","properties":{"id":"13116041002003","commune":"Lo Espejo","code":"13116","gse":"E","quintil":"Q1","nse_score":445.8,"educ":11.9,"educ_score":593.3,"hacin":4.867,"hacin_class":"Hacinamiento Crítico","hacin_score":28.4,"auto_score":0.0,"n_per":73,"n_hog":8,"source_year":2024},"geometry":{"type":"Polygon","coordinates":[[[-70.6916679659999,-33.506669023131],[-70.6926480299999,-33.508587156131],[-70.6947839159999,-33.507864083131],[-70.6942820509999,-33.506753939131],[-70.6940418409999,-33.506752664131],[-70.6943038649999,-33.506680143131],[-70.6948874219999,-33.507828585131],[-70.6969329869999,-33.507099858131],[-70.6959014379999,-33.505030445131],[-70.6922170359999,-33.506301889131],[-70.6922711849999,-33.506446321131],[-70.6916679659999,-33.506669023131]]]}},{"type":"Feature","properties":{"id":"13116041002005","commune":"Lo Espejo","code":"13116","gse":"C3","quintil":"Q2","nse_score":719.8,"educ":11.3,"educ_score":553.3,"hacin":1.378,"hacin_class":"Hacinamiento Leve","hacin_score":770.6,"auto_score":145.5,"n_per":175,"n_hog":57,"source_year":2024},"geometry":{"type":"Polygon","coordinates":[[[-70.6896424129999,-33.507231332131],[-70.689836296,-33.507625632131],[-70.6917450809999,-33.506959143131],[-70.6914941469999,-33.506548383131],[-70.6896424129999,-33.507231332131]]]}},{"type":"Feature","properties":{"id":"13116041002006","commune":"Lo Espejo","code":"13116","gse":"D","quintil":"Q2","nse_score":702.0,"educ":10.9,"educ_score":526.7,"hacin":1.161,"hacin_class":"Hacinamiento Leve","hacin_score":816.9,"auto_score":111.1,"n_per":159,"n_hog":55,"source_year":2024},"geometry":{"type":"Polygon","coordinates":[[[-70.6898486443333,-33.5076506457977],[-70.6900344749999,-33.508025809131],[-70.6919450549999,-33.507364331131],[-70.6917574139999,-33.506984137131],[-70.6898486443333,-33.5076506457977]]]}},{"type":"Feature","properties":{"id":"13116041002007","commune":"Lo Espejo","code":"13116","gse":"D","quintil":"Q2","nse_score":693.3,"educ":10.8,"educ_score":520.0,"hacin":1.343,"hacin_class":"Hacinamiento Leve","hacin_score":778.1,"auto_score":92.6,"n_per":94,"n_hog":30,"source_year":2024},"geometry":{"type":"Polygon","coordinates":[[[-70.6965403623333,-33.5073842284644],[-70.6969191109999,-33.508152123131],[-70.6973930249999,-33.507988573131],[-70.6969870719999,-33.507182661131],[-70.6965403623333,-33.5073842284644]]]}},{"type":"Feature","properties":{"id":"13116041002008","commune":"Lo Espejo","code":"13116","gse":"C3","quintil":"Q3","nse_score":721.4,"educ":11.0,"educ_score":533.3,"hacin":1.301,"hacin_class":"Hacinamiento Leve","hacin_score":787.1,"auto_score":170.0,"n_per":160,"n_hog":55,"source_year":2024},"geometry":{"type":"Polygon","coordinates":[[[-70.6950811869999,-33.508319239131],[-70.6966117499999,-33.507796693131],[-70.6966545949999,-33.507740248131],[-70.6964106489999,-33.507381060131],[-70.6949386479999,-33.507880554131],[-70.6950811869999,-33.508319239131]]]}},{"type":"Feature","properties":{"id":"13116041002009","commune":"Lo Espejo","code":"13116","gse":"D","quintil":"Q2","nse_score":687.4,"educ":10.3,"educ_score":486.7,"hacin":1.439,"hacin_class":"Hacinamiento Leve","hacin_score":757.7,"auto_score":154.5,"n_per":177,"n_hog":59,"source_year":2024},"geometry":{"type":"Polygon","coordinates":[[[-70.6900468763333,-33.5080508037977],[-70.6902382279999,-33.508436119131],[-70.6921431119999,-33.507765243131],[-70.6919574089999,-33.507389324131],[-70.6900468763333,-33.5080508037977]]]}},{"type":"Feature","properties":{"id":"13116041002010","commune":"Lo Espejo","code":"13116","gse":"C3","quintil":"Q3","nse_score":723.7,"educ":11.0,"educ_score":533.3,"hacin":1.305,"hacin_class":"Hacinamiento Leve","hacin_score":786.2,"auto_score":212.8,"n_per":154,"n_hog":51,"source_year":2024},"geometry":{"type":"Polygon","coordinates":[[[-70.6902505469999,-33.508461146131],[-70.6904265189999,-33.508822282131],[-70.6923423099999,-33.508169205131],[-70.6921554569999,-33.507790232131],[-70.6902505469999,-33.508461146131]]]}},{"type":"Feature","properties":{"id":"13116041002011","commune":"Lo Espejo","code":"13116","gse":"C3","quintil":"Q3","nse_score":731.5,"educ":11.4,"educ_score":560.0,"hacin":1.333,"hacin_class":"Hacinamiento Leve","hacin_score":780.1,"auto_score":214.3,"n_per":188,"n_hog":49,"source_year":2024},"geometry":{"type":"Polygon","coordinates":[[[-70.6952938919999,-33.508733018131],[-70.6968412509999,-33.508207851131],[-70.6968566984999,-33.508169805631],[-70.6966477829999,-33.507833683131],[-70.6951283879999,-33.508371360131],[-70.6952938919999,-33.508733018131]]]}},{"type":"Feature","properties":{"id":"13116041002012","commune":"Lo Espejo","code":"13116","gse":"C2","quintil":"Q4","nse_score":767.6,"educ":12.3,"educ_score":620.0,"hacin":1.278,"hacin_class":"Hacinamiento Leve","hacin_score":792.0,"auto_score":139.3,"n_per":221,"n_hog":65,"source_year":2024},"geometry":{"type":"Polygon","coordinates":[[[-70.6951503729999,-33.509789805131],[-70.6956297399999,-33.509578236131],[-70.6948279209999,-33.507964822131],[-70.6943370339999,-33.508079258131],[-70.6951503729999,-33.509789805131]]]}},{"type":"Feature","properties":{"id":"13116041002013","commune":"Lo Espejo","code":"13116","gse":"D","quintil":"Q2","nse_score":689.2,"educ":10.7,"educ_score":513.3,"hacin":1.391,"hacin_class":"Hacinamiento Leve","hacin_score":767.8,"auto_score":160.7,"n_per":96,"n_hog":28,"source_year":2024},"geometry":{"type":"Polygon","coordinates":[[[-70.6969311469999,-33.508176524131],[-70.6973181279999,-33.508959849131],[-70.6977854339999,-33.508788141131],[-70.6974074939999,-33.508018063131],[-70.6969311469999,-33.508176524131]]]}},{"type":"Feature","properties":{"id":"13116041002014","commune":"Lo Espejo","code":"13116","gse":"D","quintil":"Q2","nse_score":700.2,"educ":11.1,"educ_score":540.0,"hacin":1.377,"hacin_class":"Hacinamiento Leve","hacin_score":770.9,"auto_score":110.3,"n_per":201,"n_hog":66,"source_year":2024},"geometry":{"type":"Polygon","coordinates":[[[-70.6946197279999,-33.509976160131],[-70.6950669914999,-33.509794910631],[-70.6943428009999,-33.508313348131],[-70.6942228429999,-33.508125258131],[-70.6937706459999,-33.508272325131],[-70.6946197279999,-33.509976160131]]]}},{"type":"Feature","properties":{"id":"13116041002015","commune":"Lo Espejo","code":"13116","gse":"C3","quintil":"Q2","nse_score":714.2,"educ":11.2,"educ_score":546.7,"hacin":1.222,"hacin_class":"Hacinamiento Leve","hacin_score":803.8,"auto_score":108.7,"n_per":143,"n_hog":43,"source_year":2024},"geometry":{"type":"Polygon","coordinates":[[[-70.6906892729999,-33.509269801131],[-70.6925178609999,-33.508635569131],[-70.6923545879999,-33.508194224131],[-70.6904387839999,-33.508847330131],[-70.6906892729999,-33.509269801131]]]}},{"type":"Feature","properties":{"id":"13116041002016","commune":"Lo Espejo","code":"13116","gse":"D","quintil":"Q2","nse_score":691.5,"educ":10.2,"educ_score":480.0,"hacin":1.155,"hacin_class":"Hacinamiento Leve","hacin_score":818.2,"auto_score":50.0,"n_per":142,"n_hog":48,"source_year":2024},"geometry":{"type":"Polygon","coordinates":[[[-70.6954884489999,-33.509140492131],[-70.6970113769999,-33.508625184131],[-70.6970574049999,-33.508571757131],[-70.6968610979999,-33.508245302131],[-70.6953999249999,-33.508744688131],[-70.6953126339999,-33.508807622131],[-70.6954884489999,-33.509140492131]]]}},{"type":"Feature","properties":{"id":"13116041002017","commune":"Lo Espejo","code":"13116","gse":"C3","quintil":"Q3","nse_score":740.8,"educ":11.6,"educ_score":573.3,"hacin":1.242,"hacin_class":"Hacinamiento Leve","hacin_score":799.5,"auto_score":125.0,"n_per":205,"n_hog":61,"source_year":2024},"geometry":{"type":"Polygon","coordinates":[[[-70.6940503129999,-33.510169531131],[-70.6945265129999,-33.509979348631],[-70.6937079179999,-33.508328401131],[-70.6932207329999,-33.508460394131],[-70.6940503129999,-33.510169531131]]]}},{"type":"Feature","properties":{"id":"13116041002018","commune":"Lo Espejo","code":"13116","gse":"C3","quintil":"Q3","nse_score":728.2,"educ":12.2,"educ_score":613.3,"hacin":1.2,"hacin_class":"Hacinamiento Leve","hacin_score":808.5,"auto_score":131.6,"n_per":150,"n_hog":52,"source_year":2024},"geometry":{"type":"Polygon","coordinates":[[[-70.6935053319999,-33.510360680131],[-70.6939759399999,-33.510173047631],[-70.6931544439999,-33.508524035131],[-70.6926787969999,-33.508644874131],[-70.6935053319999,-33.510360680131]]]}},{"type":"Feature","properties":{"id":"13116041002019","commune":"Lo Espejo","code":"13116","gse":"D","quintil":"Q1","nse_score":678.5,"educ":11.1,"educ_score":540.0,"hacin":1.287,"hacin_class":"Hacinamiento Leve","hacin_score":790.0,"auto_score":127.7,"n_per":148,"n_hog":43,"source_year":2024},"geometry":{"type":"Polygon","coordinates":[[[-70.6956895519999,-33.509547087131],[-70.6972427289999,-33.509014421131],[-70.6972546919999,-33.508968810631],[-70.6970511489999,-33.508653777131],[-70.695537053,-33.509169676131],[-70.6956895519999,-33.509547087131]]]}},{"type":"Feature","properties":{"id":"13116041002020","commune":"Lo Espejo","code":"13116","gse":"C3","quintil":"Q3","nse_score":733.6,"educ":12.3,"educ_score":620.0,"hacin":1.407,"hacin_class":"Hacinamiento Leve","hacin_score":764.5,"auto_score":72.9,"n_per":159,"n_hog":49,"source_year":2024},"geometry":{"type":"Polygon","coordinates":[[[-70.6908889279999,-33.509714949131],[-70.6927438569999,-33.509093122131],[-70.6927820579999,-33.509037103631],[-70.6925807509999,-33.508710690131],[-70.6907599219999,-33.509343437131],[-70.6908889279999,-33.509714949131]]]}},{"type":"Feature","properties":{"id":"13116041002022","commune":"Lo Espejo","code":"13116","gse":"C3","quintil":"Q3","nse_score":743.1,"educ":11.9,"educ_score":593.3,"hacin":1.275,"hacin_class":"Hacinamiento Leve","hacin_score":792.6,"auto_score":120.0,"n_per":167,"n_hog":51,"source_year":2024},"geometry":{"type":"Polygon","coordinates":[[[-70.6910962829999,-33.510122389131],[-70.6929382759999,-33.509500887131],[-70.6929809859999,-33.509438924631],[-70.6927740619999,-33.509141090131],[-70.690940183,-33.509754913131],[-70.6910962829999,-33.510122389131]]]}},{"type":"Feature","properties":{"id":"13116041002023","commune":"Lo Espejo","code":"13116","gse":"C3","quintil":"Q3","nse_score":727.9,"educ":11.2,"educ_score":546.7,"hacin":1.421,"hacin_class":"Hacinamiento Leve","hacin_score":761.6,"auto_score":144.2,"n_per":206,"n_hog":61,"source_year":2024},"geometry":{"type":"Polygon","coordinates":[[[-70.6912883759999,-33.510530831131],[-70.6931451819999,-33.509908998131],[-70.6931833164999,-33.509848272631],[-70.6929675639999,-33.509541878131],[-70.6911588729999,-33.510159226131],[-70.6912883759999,-33.510530831131]]]}},{"type":"Feature","properties":{"id":"13116041002024","commune":"Lo Espejo","code":"13116","gse":"C3","quintil":"Q2","nse_score":716.1,"educ":11.1,"educ_score":540.0,"hacin":1.354,"hacin_class":"Hacinamiento Leve","hacin_score":775.8,"auto_score":204.1,"n_per":176,"n_hog":53,"source_year":2024},"geometry":{"type":"Polygon","coordinates":[[[-70.6915049559999,-33.510955520131],[-70.6933631579999,-33.510312763131],[-70.6933895549999,-33.510267833131],[-70.6931986729999,-33.509954819131],[-70.6913428299999,-33.510571471131],[-70.6915049559999,-33.510955520131]]]}},{"type":"Feature","properties":{"id":"13116041003001","commune":"Lo Espejo","code":"13116","gse":"D","quintil":"Q1","nse_score":681.4,"educ":10.5,"educ_score":500.0,"hacin":1.695,"hacin_class":"Hacinamiento Medio","hacin_score":703.3,"auto_score":137.8,"n_per":383,"n_hog":116,"source_year":2024},"geometry":{"type":"Polygon","coordinates":[[[-70.6862139179999,-33.508401073131],[-70.6863539369999,-33.508802916131],[-70.6897323299999,-33.507638199131],[-70.6894683989999,-33.507245918131],[-70.6862139179999,-33.508401073131]]]}},{"type":"Feature","properties":{"id":"13116041003002","commune":"Lo Espejo","code":"13116","gse":"E","quintil":"Q1","nse_score":636.1,"educ":10.2,"educ_score":480.0,"hacin":1.549,"hacin_class":"Hacinamiento Medio","hacin_score":734.3,"auto_score":119.0,"n_per":79,"n_hog":25,"source_year":2024},"geometry":{"type":"Polygon","coordinates":[[[-70.6891364159999,-33.507869910131],[-70.6895603979999,-33.508751742131],[-70.6901503419999,-33.508532017131],[-70.6897448069999,-33.507663140131],[-70.6891364159999,-33.507869910131]]]}},{"type":"Feature","properties":{"id":"13116041003003","commune":"Lo Espejo","code":"13116","gse":"C3","quintil":"Q2","nse_score":703.9,"educ":11.0,"educ_score":533.3,"hacin":1.558,"hacin_class":"Hacinamiento Medio","hacin_score":732.2,"auto_score":64.5,"n_per":120,"n_hog":33,"source_year":2024},"geometry":{"type":"Polygon","coordinates":[[[-70.6885752599999,-33.508064028131],[-70.6890065759999,-33.508943573131],[-70.6895305469999,-33.508762081131],[-70.6891065249999,-33.507880138131],[-70.6885752599999,-33.508064028131]]]}},{"type":"Feature","properties":{"id":"13116041003004","commune":"Lo Espejo","code":"13116","gse":"D","quintil":"Q2","nse_score":685.9,"educ":10.5,"educ_score":500.0,"hacin":1.671,"hacin_class":"Hacinamiento Medio","hacin_score":708.4,"auto_score":66.7,"n_per":137,"n_hog":34,"source_year":2024},"geometry":{"type":"Polygon","coordinates":[[[-70.6880169869999,-33.508253249131],[-70.6884639289999,-33.509129774131],[-70.6889767029999,-33.508953869131],[-70.6885453619999,-33.508074242131],[-70.6880169869999,-33.508253249131]]]}},{"type":"Feature","properties":{"id":"13116041003005","commune":"Lo Espejo","code":"13116","gse":"D","quintil":"Q1","nse_score":664.3,"educ":10.1,"educ_score":473.3,"hacin":1.5,"hacin_class":"Hacinamiento Medio","hacin_score":744.7,"auto_score":80.6,"n_per":111,"n_hog":34,"source_year":2024},"geometry":{"type":"Polygon","coordinates":[[[-70.6874796619999,-33.508441574131],[-70.6879117009999,-33.509323650131],[-70.6884340889999,-33.509140133131],[-70.6879871149999,-33.508263522131],[-70.6874796619999,-33.508441574131]]]}},{"type":"Feature","properties":{"id":"13116041003006","commune":"Lo Espejo","code":"13116","gse":"D","quintil":"Q1","nse_score":661.9,"educ":9.8,"educ_score":453.3,"hacin":1.5,"hacin_class":"Hacinamiento Medio","hacin_score":744.7,"auto_score":114.3,"n_per":138,"n_hog":37,"source_year":2024},"geometry":{"type":"Polygon","coordinates":[[[-70.6869203859999,-33.508634925131],[-70.6873542849999,-33.509516708131],[-70.687881881,-33.509334050131],[-70.6874498359999,-33.508451935131],[-70.6869203859999,-33.508634925131]]]}},{"type":"Feature","properties":{"id":"13116041003007","commune":"Lo Espejo","code":"13116","gse":"D","quintil":"Q1","nse_score":678.0,"educ":10.7,"educ_score":513.3,"hacin":1.496,"hacin_class":"Hacinamiento Leve","hacin_score":745.5,"auto_score":78.4,"n_per":184,"n_hog":59,"source_year":2024},"geometry":{"type":"Polygon","coordinates":[[[-70.6882886489999,-33.5092749724643],[-70.6884584469999,-33.509621196131],[-70.6903866129999,-33.508964914131],[-70.6901374279999,-33.508601184131],[-70.6882886489999,-33.5092749724643]]]}},{"type":"Feature","properties":{"id":"13116041003008","commune":"Lo Espejo","code":"13116","gse":"D","quintil":"Q1","nse_score":668.2,"educ":9.9,"educ_score":460.0,"hacin":1.259,"hacin_class":"Hacinamiento Leve","hacin_score":795.9,"auto_score":181.8,"n_per":102,"n_hog":36,"source_year":2024},"geometry":{"type":"Polygon","coordinates":[[[-70.6868191829999,-33.509693668131],[-70.6873244519999,-33.509527083131],[-70.6868905469999,-33.508645256131],[-70.6863665319999,-33.508827844131],[-70.6868191829999,-33.509693668131]]]}},{"type":"Feature","properties":{"id":"13116041003009","commune":"Lo Espejo","code":"13116","gse":"D","quintil":"Q2","nse_score":690.9,"educ":10.3,"educ_score":486.7,"hacin":1.346,"hacin_class":"Hacinamiento Leve","hacin_score":777.4,"auto_score":64.8,"n_per":206,"n_hog":62,"source_year":2024},"geometry":{"type":"Polygon","coordinates":[[[-70.6886622259999,-33.510019228131],[-70.6905399059999,-33.509378972131],[-70.6905615194999,-33.509322555631],[-70.6903990099999,-33.508989889131],[-70.6884705289999,-33.509645830131],[-70.6886622259999,-33.510019228131]]]}},{"type":"Feature","properties":{"id":"13116041003010","commune":"Lo Espejo","code":"13116","gse":"D","quintil":"Q1","nse_score":671.9,"educ":10.5,"educ_score":500.0,"hacin":1.465,"hacin_class":"Hacinamiento Leve","hacin_score":752.1,"auto_score":55.6,"n_per":167,"n_hog":56,"source_year":2024},"geometry":{"type":"Polygon","coordinates":[[[-70.6888641639999,-33.510414643131],[-70.6907551619999,-33.509779814131],[-70.6907678519999,-33.509740117131],[-70.6905732149999,-33.509418982131],[-70.6887111029999,-33.510064224131],[-70.6888641639999,-33.510414643131]]]}},{"type":"Feature","properties":{"id":"13116041003011","commune":"Lo Espejo","code":"13116","gse":"D","quintil":"Q1","nse_score":662.2,"educ":10.1,"educ_score":473.3,"hacin":1.577,"hacin_class":"Hacinamiento Medio","hacin_score":728.3,"auto_score":173.9,"n_per":164,"n_hog":51,"source_year":2024},"geometry":{"type":"Polygon","coordinates":[[[-70.6890591449999,-33.510831195131],[-70.6909624029999,-33.510188532131],[-70.6909688379999,-33.510147576131],[-70.6907740059999,-33.509831010131],[-70.688904035,-33.510471854131],[-70.6890591449999,-33.510831195131]]]}},{"type":"Feature","properties":{"id":"13116041003012","commune":"Lo Espejo","code":"13116","gse":"D","quintil":"Q1","nse_score":682.2,"educ":10.6,"educ_score":506.7,"hacin":1.331,"hacin_class":"Hacinamiento Leve","hacin_score":780.7,"auto_score":179.2,"n_per":173,"n_hog":60,"source_year":2024},"geometry":{"type":"Polygon","coordinates":[[[-70.6892760019999,-33.511246262131],[-70.6911433219999,-33.5106003101309],[-70.6911684729999,-33.510551271631],[-70.6909739439999,-33.510233563131],[-70.6891042509999,-33.510876802131],[-70.6892760019999,-33.511246262131]]]}},{"type":"Feature","properties":{"id":"13116041003013","commune":"Lo Espejo","code":"13116","gse":"D","quintil":"Q1","nse_score":678.5,"educ":10.2,"educ_score":480.0,"hacin":1.431,"hacin_class":"Hacinamiento Leve","hacin_score":759.3,"auto_score":141.3,"n_per":156,"n_hog":47,"source_year":2024},"geometry":{"type":"Polygon","coordinates":[[[-70.6896739749999,-33.511165593131],[-70.6898600519999,-33.5115312321309],[-70.6913805729999,-33.510983155131],[-70.6911881139999,-33.510642040131],[-70.6896739749999,-33.511165593131]]]}},{"type":"Feature","properties":{"id":"13116041003016","commune":"Lo Espejo","code":"13116","gse":"D","quintil":"Q1","nse_score":679.8,"educ":10.2,"educ_score":480.0,"hacin":1.337,"hacin_class":"Hacinamiento Leve","hacin_score":779.3,"auto_score":175.7,"n_per":119,"n_hog":36,"source_year":2024},"geometry":{"type":"Polygon","coordinates":[[[-70.6895875659999,-33.5121001401309],[-70.6910639179999,-33.511591178131],[-70.6908801039999,-33.5112214841309],[-70.6894225649999,-33.511725252131],[-70.6895875659999,-33.5121001401309]]]}},{"type":"Feature","properties":{"id":"13116041003018","commune":"Lo Espejo","code":"13116","gse":"C3","quintil":"Q2","nse_score":719.7,"educ":11.0,"educ_score":533.3,"hacin":1.439,"hacin_class":"Hacinamiento Leve","hacin_score":757.7,"auto_score":162.8,"n_per":164,"n_hog":45,"source_year":2024},"geometry":{"type":"Polygon","coordinates":[[[-70.6896091529999,-33.512146796131],[-70.6898124969999,-33.5124968711309],[-70.6912769959999,-33.5119850011309],[-70.6910900119999,-33.5116293321309],[-70.6896091529999,-33.512146796131]]]}},{"type":"Feature","properties":{"id":"13116041003019","commune":"Lo Espejo","code":"13116","gse":"D","quintil":"Q2","nse_score":695.6,"educ":10.9,"educ_score":526.7,"hacin":1.44,"hacin_class":"Hacinamiento Leve","hacin_score":757.4,"auto_score":96.2,"n_per":180,"n_hog":54,"source_year":2024},"geometry":{"type":"Polygon","coordinates":[[[-70.6899653699999,-33.512915973131],[-70.6919419189999,-33.5122383691309],[-70.6919643284999,-33.512170336631],[-70.6917788,-33.511877766131],[-70.6898474829999,-33.512548702131],[-70.6899653699999,-33.512915973131]]]}},{"type":"Feature","properties":{"id":"13116041003020","commune":"Lo Espejo","code":"13116","gse":"D","quintil":"Q2","nse_score":686.7,"educ":10.6,"educ_score":506.7,"hacin":1.481,"hacin_class":"Hacinamiento Leve","hacin_score":748.7,"auto_score":101.6,"n_per":194,"n_hog":69,"source_year":2024},"geometry":{"type":"Polygon","coordinates":[[[-70.6901802329999,-33.5133183631309],[-70.6921519329999,-33.5126461541309],[-70.6921796859999,-33.512605440131],[-70.691973275,-33.512287698131],[-70.6900131879999,-33.5129686041309],[-70.6901802329999,-33.5133183631309]]]}},{"type":"Feature","properties":{"id":"13116041003021","commune":"Lo Espejo","code":"13116","gse":"D","quintil":"Q2","nse_score":691.6,"educ":11.1,"educ_score":540.0,"hacin":1.443,"hacin_class":"Hacinamiento Leve","hacin_score":756.8,"auto_score":164.3,"n_per":228,"n_hog":72,"source_year":2024},"geometry":{"type":"Polygon","coordinates":[[[-70.6903887479999,-33.5137272171309],[-70.6923608309999,-33.5130543881309],[-70.6923755354999,-33.5130019066309],[-70.6921767499999,-33.5126942771309],[-70.6902394249999,-33.5133574851309],[-70.6903887479999,-33.5137272171309]]]}},{"type":"Feature","properties":{"id":"13116041003022","commune":"Lo Espejo","code":"13116","gse":"D","quintil":"Q2","nse_score":692.3,"educ":10.8,"educ_score":520.0,"hacin":1.441,"hacin_class":"Hacinamiento Leve","hacin_score":757.2,"auto_score":160.7,"n_per":196,"n_hog":64,"source_year":2024},"geometry":{"type":"Polygon","coordinates":[[[-70.6905676149999,-33.5141420741309],[-70.6925582329999,-33.513465955131],[-70.6925765979999,-33.5134054336309],[-70.6923880229999,-33.5130978571309],[-70.6904423709999,-33.5137684721309],[-70.6905676149999,-33.5141420741309]]]}},{"type":"Feature","properties":{"id":"13116041003023","commune":"Lo Espejo","code":"13116","gse":"E","quintil":"Q1","nse_score":653.4,"educ":10.3,"educ_score":486.7,"hacin":1.556,"hacin_class":"Hacinamiento Medio","hacin_score":732.9,"auto_score":149.3,"n_per":224,"n_hog":65,"source_year":2024},"geometry":{"type":"Polygon","coordinates":[[[-70.6908125659999,-33.5146109731309],[-70.6927867149999,-33.5139442581309],[-70.6928061734999,-33.5138694256309],[-70.6925715099999,-33.513510637131],[-70.6906174759999,-33.5141898911309],[-70.6908125659999,-33.5146109731309]]]}},{"type":"Feature","properties":{"id":"13116041004001","commune":"Lo Espejo","code":"13116","gse":"E","quintil":"Q1","nse_score":635.5,"educ":10.3,"educ_score":486.7,"hacin":1.619,"hacin_class":"Hacinamiento Medio","hacin_score":719.5,"auto_score":62.5,"n_per":157,"n_hog":45,"source_year":2024},"geometry":{"type":"Polygon","coordinates":[[[-70.6851246179999,-33.508791338131],[-70.6851476609999,-33.509226857131],[-70.6862966129999,-33.508828637131],[-70.6860647049999,-33.508462829131],[-70.6851246179999,-33.508791338131]]]}},{"type":"Feature","properties":{"id":"13116041004003","commune":"Lo Espejo","code":"13116","gse":"D","quintil":"Q1","nse_score":682.6,"educ":10.5,"educ_score":500.0,"hacin":1.312,"hacin_class":"Hacinamiento Leve","hacin_score":784.7,"auto_score":138.9,"n_per":122,"n_hog":37,"source_year":2024},"geometry":{"type":"Polygon","coordinates":[[[-70.6852445639999,-33.509646655131],[-70.6864738899999,-33.509244787131],[-70.6863092869999,-33.508853506131],[-70.6851531804999,-33.509253868631],[-70.6852445639999,-33.509646655131]]]}},{"type":"Feature","properties":{"id":"13116041004004","commune":"Lo Espejo","code":"13116","gse":"E","quintil":"Q1","nse_score":625.4,"educ":9.6,"educ_score":440.0,"hacin":1.5,"hacin_class":"Hacinamiento Medio","hacin_score":744.7,"auto_score":70.0,"n_per":144,"n_hog":48,"source_year":2024},"geometry":{"type":"Polygon","coordinates":[[[-70.6870202079999,-33.510110514131],[-70.6883693189999,-33.509648233131],[-70.6882363799999,-33.509294066131],[-70.6868474609999,-33.509743595131],[-70.6870202079999,-33.510110514131]]]}},{"type":"Feature","properties":{"id":"13116041004005","commune":"Lo Espejo","code":"13116","gse":"E","quintil":"Q1","nse_score":651.5,"educ":10.3,"educ_score":486.7,"hacin":1.521,"hacin_class":"Hacinamiento Medio","hacin_score":740.2,"auto_score":76.1,"n_per":146,"n_hog":45,"source_year":2024},"geometry":{"type":"Polygon","coordinates":[[[-70.6852943449999,-33.509681768131],[-70.6853265439999,-33.510108856131],[-70.6867006839999,-33.509643906131],[-70.6864891889999,-33.509289355131],[-70.6852943449999,-33.509681768131]]]}},{"type":"Feature","properties":{"id":"13116041004006","commune":"Lo Espejo","code":"13116","gse":"D","quintil":"Q2","nse_score":687.6,"educ":10.6,"educ_score":506.7,"hacin":1.432,"hacin_class":"Hacinamiento Leve","hacin_score":759.1,"auto_score":107.1,"n_per":169,"n_hog":48,"source_year":2024},"geometry":{"type":"Polygon","coordinates":[[[-70.6853422139999,-33.510130650131],[-70.6854572989999,-33.510535508131],[-70.6868792479999,-33.510024057131],[-70.686713316,-33.509668780131],[-70.6853422139999,-33.510130650131]]]}},{"type":"Feature","properties":{"id":"13116041004007","commune":"Lo Espejo","code":"13116","gse":"D","quintil":"Q1","nse_score":666.3,"educ":10.3,"educ_score":486.7,"hacin":1.322,"hacin_class":"Hacinamiento Leve","hacin_score":782.6,"auto_score":105.3,"n_per":115,"n_hog":38,"source_year":2024},"geometry":{"type":"Polygon","coordinates":[[[-70.6872202959999,-33.510518199131],[-70.6885750939999,-33.510053431131],[-70.6884401089999,-33.509716337131],[-70.6870445659999,-33.510160917131],[-70.6872202959999,-33.510518199131]]]}},{"type":"Feature","properties":{"id":"13116041004008","commune":"Lo Espejo","code":"13116","gse":"D","quintil":"Q1","nse_score":666.4,"educ":10.3,"educ_score":486.7,"hacin":1.462,"hacin_class":"Hacinamiento Leve","hacin_score":752.7,"auto_score":81.1,"n_per":136,"n_hog":38,"source_year":2024},"geometry":{"type":"Polygon","coordinates":[[[-70.6855249249999,-33.510988651131],[-70.6870366029999,-33.510475181131],[-70.6870814734999,-33.510416119631],[-70.6868894229999,-33.510100927131],[-70.6854855479999,-33.510574253131],[-70.6855249249999,-33.510988651131]]]}},{"type":"Feature","properties":{"id":"13116041004009","commune":"Lo Espejo","code":"13116","gse":"D","quintil":"Q1","nse_score":669.1,"educ":10.0,"educ_score":466.7,"hacin":1.46,"hacin_class":"Hacinamiento Leve","hacin_score":753.3,"auto_score":153.8,"n_per":162,"n_hog":45,"source_year":2024},"geometry":{"type":"Polygon","coordinates":[[[-70.6874219969999,-33.510916104131],[-70.6887869059999,-33.510458356131],[-70.6886343399999,-33.510120831131],[-70.6872533149999,-33.510569614131],[-70.6874219969999,-33.510916104131]]]}},{"type":"Feature","properties":{"id":"13116041004010","commune":"Lo Espejo","code":"13116","gse":"C3","quintil":"Q2","nse_score":707.9,"educ":10.5,"educ_score":500.0,"hacin":1.266,"hacin_class":"Hacinamiento Leve","hacin_score":794.4,"auto_score":76.1,"n_per":176,"n_hog":48,"source_year":2024},"geometry":{"type":"Polygon","coordinates":[[[-70.6856395479999,-33.5114190811309],[-70.6872223649999,-33.510890516131],[-70.6872804559999,-33.510821269631],[-70.6870725479999,-33.510512056131],[-70.6855916959999,-33.511021673131],[-70.6856395479999,-33.5114190811309]]]}},{"type":"Feature","properties":{"id":"13116041004011","commune":"Lo Espejo","code":"13116","gse":"D","quintil":"Q1","nse_score":670.1,"educ":10.4,"educ_score":493.3,"hacin":1.667,"hacin_class":"Hacinamiento Medio","hacin_score":709.2,"auto_score":0.0,"n_per":20,"n_hog":6,"source_year":2024},"geometry":{"type":"Polygon","coordinates":[[[-70.6884253609999,-33.512952116131],[-70.6896814594999,-33.512522264631],[-70.6888097209999,-33.510517450131],[-70.6874463674999,-33.511001584631],[-70.6884253609999,-33.512952116131]]]}},{"type":"Feature","properties":{"id":"13116041004013","commune":"Lo Espejo","code":"13116","gse":"D","quintil":"Q1","nse_score":665.6,"educ":10.2,"educ_score":480.0,"hacin":1.333,"hacin_class":"Hacinamiento Leve","hacin_score":780.1,"auto_score":135.4,"n_per":148,"n_hog":51,"source_year":2024},"geometry":{"type":"Polygon","coordinates":[[[-70.6857313449999,-33.511868927131],[-70.6874592389999,-33.511283420131],[-70.6874831244999,-33.511235290631],[-70.6872928359999,-33.5109231361309],[-70.6856997989999,-33.511462800131],[-70.6857313449999,-33.511868927131]]]}},{"type":"Feature","properties":{"id":"13116041004014","commune":"Lo Espejo","code":"13116","gse":"D","quintil":"Q2","nse_score":697.7,"educ":10.9,"educ_score":526.7,"hacin":1.467,"hacin_class":"Hacinamiento Leve","hacin_score":751.7,"auto_score":153.8,"n_per":201,"n_hog":58,"source_year":2024},"geometry":{"type":"Polygon","coordinates":[[[-70.6858134099999,-33.512321084131],[-70.6876725459999,-33.5116866361309],[-70.6876896514999,-33.511642113631],[-70.6874885409999,-33.511329753131],[-70.6857526759999,-33.511912946131],[-70.6858134099999,-33.512321084131]]]}},{"type":"Feature","properties":{"id":"13116041004016","commune":"Lo Espejo","code":"13116","gse":"D","quintil":"Q1","nse_score":680.7,"educ":10.4,"educ_score":493.3,"hacin":1.456,"hacin_class":"Hacinamiento Leve","hacin_score":754.0,"auto_score":125.0,"n_per":217,"n_hog":59,"source_year":2024},"geometry":{"type":"Polygon","coordinates":[[[-70.6859476589999,-33.512745891131],[-70.6878630719999,-33.512099163131],[-70.6878858199999,-33.5120620886309],[-70.6876807829999,-33.511747580131],[-70.6858450469999,-33.512373529131],[-70.6859476589999,-33.512745891131]]]}},{"type":"Feature","properties":{"id":"13116041004017","commune":"Lo Espejo","code":"13116","gse":"D","quintil":"Q2","nse_score":697.1,"educ":10.2,"educ_score":480.0,"hacin":1.176,"hacin_class":"Hacinamiento Leve","hacin_score":813.6,"auto_score":110.2,"n_per":187,"n_hog":67,"source_year":2024},"geometry":{"type":"Polygon","coordinates":[[[-70.6861553979999,-33.513156616131],[-70.688067783,-33.5125027831309],[-70.6880831504999,-33.5124570711309],[-70.6878903039999,-33.512142827131],[-70.68601537,-33.5127895771309],[-70.6861553979999,-33.513156616131]]]}},{"type":"Feature","properties":{"id":"13116041004018","commune":"Lo Espejo","code":"13116","gse":"D","quintil":"Q2","nse_score":693.4,"educ":10.7,"educ_score":513.3,"hacin":1.421,"hacin_class":"Hacinamiento Leve","hacin_score":761.6,"auto_score":96.2,"n_per":179,"n_hog":56,"source_year":2024},"geometry":{"type":"Polygon","coordinates":[[[-70.6864380959999,-33.5136662151309],[-70.688314165,-33.5130185361309],[-70.6881453939999,-33.512582285131],[-70.6862167639999,-33.513204576131],[-70.6864380959999,-33.5136662151309]]]}},{"type":"Feature","properties":{"id":"13116041004019","commune":"Lo Espejo","code":"13116","gse":"C3","quintil":"Q2","nse_score":709.2,"educ":11.1,"educ_score":540.0,"hacin":1.341,"hacin_class":"Hacinamiento Leve","hacin_score":778.5,"auto_score":184.2,"n_per":177,"n_hog":61,"source_year":2024},"geometry":{"type":"Polygon","coordinates":[[[-70.6900109609999,-33.5143383671309],[-70.6904801209999,-33.514161974131],[-70.6896723969999,-33.5126102371309],[-70.6892365969999,-33.5127990111309],[-70.6900109609999,-33.5143383671309]]]}},{"type":"Feature","properties":{"id":"13116041004020","commune":"Lo Espejo","code":"13116","gse":"D","quintil":"Q1","nse_score":670.6,"educ":10.6,"educ_score":506.7,"hacin":1.519,"hacin_class":"Hacinamiento Medio","hacin_score":740.6,"auto_score":186.4,"n_per":199,"n_hog":58,"source_year":2024},"geometry":{"type":"Polygon","coordinates":[[[-70.6894546609999,-33.5145299791309],[-70.6899302564999,-33.5143451671309],[-70.6891284529999,-33.5127954581309],[-70.6886836419999,-33.5129874991309],[-70.6894546609999,-33.5145299791309]]]}},{"type":"Feature","properties":{"id":"13116041004021","commune":"Lo Espejo","code":"13116","gse":"D","quintil":"Q1","nse_score":673.5,"educ":10.5,"educ_score":500.0,"hacin":1.422,"hacin_class":"Hacinamiento Leve","hacin_score":761.4,"auto_score":134.1,"n_per":263,"n_hog":82,"source_year":2024},"geometry":{"type":"Polygon","coordinates":[[[-70.6891487189999,-33.5151970741309],[-70.6896235829999,-33.5150075796309],[-70.6886369359999,-33.5130031281309],[-70.6881569439999,-33.5131371131309],[-70.6891487189999,-33.5151970741309]]]}},{"type":"Feature","properties":{"id":"13116041004022","commune":"Lo Espejo","code":"13116","gse":"D","quintil":"Q2","nse_score":683.5,"educ":10.4,"educ_score":493.3,"hacin":1.48,"hacin_class":"Hacinamiento Leve","hacin_score":748.8,"auto_score":160.3,"n_per":265,"n_hog":82,"source_year":2024},"geometry":{"type":"Polygon","coordinates":[[[-70.688611481,-33.5153875091309],[-70.6890699059999,-33.5151929661309],[-70.6880821839999,-33.513189139131],[-70.6876526029999,-33.513308563131],[-70.6875956189999,-33.5133887561309],[-70.688611481,-33.5153875091309]]]}},{"type":"Feature","properties":{"id":"13116041004023","commune":"Lo Espejo","code":"13116","gse":"D","quintil":"Q2","nse_score":695.4,"educ":10.9,"educ_score":526.7,"hacin":1.466,"hacin_class":"Hacinamiento Leve","hacin_score":751.9,"auto_score":133.8,"n_per":258,"n_hog":79,"source_year":2024},"geometry":{"type":"Polygon","coordinates":[[[-70.6880393989999,-33.5155863191309],[-70.6885308814999,-33.5153930116309],[-70.6875485299999,-33.5134005311309],[-70.687058094,-33.5135137031309],[-70.6880393989999,-33.5155863191309]]]}},{"type":"Feature","properties":{"id":"13116041004024","commune":"Lo Espejo","code":"13116","gse":"C3","quintil":"Q2","nse_score":702.4,"educ":10.7,"educ_score":513.3,"hacin":1.311,"hacin_class":"Hacinamiento Leve","hacin_score":784.8,"auto_score":89.0,"n_per":257,"n_hog":77,"source_year":2024},"geometry":{"type":"Polygon","coordinates":[[[-70.6874717559999,-33.5157694391309],[-70.6879703749999,-33.5155921486309],[-70.6869326029999,-33.5135576091309],[-70.6864610389999,-33.5137835001309],[-70.6874717559999,-33.5157694391309]]]}},{"type":"Feature","properties":{"id":"13116041004026","commune":"Lo Espejo","code":"13116","gse":"E","quintil":"Q1","nse_score":639.4,"educ":11.1,"educ_score":540.0,"hacin":1.5,"hacin_class":"Hacinamiento Medio","hacin_score":744.7,"auto_score":42.9,"n_per":78,"n_hog":28,"source_year":2024},"geometry":{"type":"Polygon","coordinates":[[[-70.6865168889999,-33.5160682721309],[-70.6873793899999,-33.5158035761309],[-70.6866260699999,-33.5142909251309],[-70.6861534239999,-33.5144743676309],[-70.6865168889999,-33.5160682721309]]]}},{"type":"Feature","properties":{"id":"13116051001003","commune":"Lo Espejo","code":"13116","gse":"D","quintil":"Q2","nse_score":702.3,"educ":10.1,"educ_score":473.3,"hacin":1.333,"hacin_class":"Hacinamiento Leve","hacin_score":780.1,"auto_score":105.3,"n_per":72,"n_hog":23,"source_year":2024},"geometry":{"type":"Polygon","coordinates":[[[-70.6950840299999,-33.503315285131],[-70.6945695059999,-33.5022877451311],[-70.6941513299999,-33.5024339921311],[-70.694656919,-33.5034619511311],[-70.6950840299999,-33.503315285131]]]}},{"type":"Feature","properties":{"id":"13116051001005","commune":"Lo Espejo","code":"13116","gse":"D","quintil":"Q2","nse_score":701.8,"educ":10.7,"educ_score":513.3,"hacin":1.371,"hacin_class":"Hacinamiento Leve","hacin_score":772.1,"auto_score":54.1,"n_per":133,"n_hog":39,"source_year":2024},"geometry":{"type":"Polygon","coordinates":[[[-70.6931584899999,-33.503484154131],[-70.6943690779999,-33.5030664511311],[-70.6942126879999,-33.5026884801311],[-70.692958029,-33.5031220621311],[-70.6931584899999,-33.503484154131]]]}},{"type":"Feature","properties":{"id":"13116051001007","commune":"Lo Espejo","code":"13116","gse":"C2","quintil":"Q3","nse_score":751.9,"educ":11.6,"educ_score":573.3,"hacin":1.244,"hacin_class":"Hacinamiento Leve","hacin_score":799.2,"auto_score":57.1,"n_per":102,"n_hog":37,"source_year":2024},"geometry":{"type":"Polygon","coordinates":[[[-70.6933686089999,-33.5038940971311],[-70.6945616889999,-33.5034732171311],[-70.6944305469999,-33.5031381231311],[-70.6931891689999,-33.503538818131],[-70.6933686089999,-33.5038940971311]]]}},{"type":"Feature","properties":{"id":"13116051001008","commune":"Lo Espejo","code":"13116","gse":"E","quintil":"Q1","nse_score":652.7,"educ":10.5,"educ_score":500.0,"hacin":1.294,"hacin_class":"Hacinamiento Leve","hacin_score":788.6,"auto_score":64.5,"n_per":163,"n_hog":56,"source_year":2024},"geometry":{"type":"Polygon","coordinates":[[[-70.6911392139999,-33.5041582851311],[-70.6929857629999,-33.5035480431311],[-70.6930608609999,-33.5034730341311],[-70.6928929839999,-33.503144482131],[-70.6909599679999,-33.503810189131],[-70.6911392139999,-33.5041582851311]]]}},{"type":"Feature","properties":{"id":"13116051001009","commune":"Lo Espejo","code":"13116","gse":"C3","quintil":"Q2","nse_score":704.9,"educ":10.6,"educ_score":506.7,"hacin":1.492,"hacin_class":"Hacinamiento Leve","hacin_score":746.5,"auto_score":65.2,"n_per":88,"n_hog":26,"source_year":2024},"geometry":{"type":"Polygon","coordinates":[[[-70.6946690753333,-33.5034870337977],[-70.6950120929999,-33.5041996961311],[-70.6954474779999,-33.5040562561311],[-70.6950977429999,-33.5033474511311],[-70.6946690753333,-33.5034870337977]]]}},{"type":"Feature","properties":{"id":"13116051001011","commune":"Lo Espejo","code":"13116","gse":"C3","quintil":"Q2","nse_score":719.2,"educ":11.8,"educ_score":586.7,"hacin":1.213,"hacin_class":"Hacinamiento Leve","hacin_score":805.7,"auto_score":128.6,"n_per":91,"n_hog":32,"source_year":2024},"geometry":{"type":"Polygon","coordinates":[[[-70.6935537139999,-33.5042901801311],[-70.6947696999999,-33.5038792361311],[-70.6946336429999,-33.503554325131],[-70.6934007109999,-33.5039418611311],[-70.6935537139999,-33.5042901801311]]]}},{"type":"Feature","properties":{"id":"13116051001012","commune":"Lo Espejo","code":"13116","gse":"C3","quintil":"Q2","nse_score":711.6,"educ":10.6,"educ_score":506.7,"hacin":1.345,"hacin_class":"Hacinamiento Leve","hacin_score":777.8,"auto_score":166.7,"n_per":160,"n_hog":47,"source_year":2024},"geometry":{"type":"Polygon","coordinates":[[[-70.6913598429999,-33.5045810511311],[-70.6932194849999,-33.503944625131],[-70.6932635979999,-33.5038830686311],[-70.6930617089999,-33.5035905021311],[-70.6911863289999,-33.504226916131],[-70.6913598429999,-33.5045810511311]]]}},{"type":"Feature","properties":{"id":"13116051001014","commune":"Lo Espejo","code":"13116","gse":"C2","quintil":"Q3","nse_score":754.0,"educ":11.7,"educ_score":580.0,"hacin":1.13,"hacin_class":"Hacinamiento Leve","hacin_score":823.3,"auto_score":97.2,"n_per":104,"n_hog":39,"source_year":2024},"geometry":{"type":"Polygon","coordinates":[[[-70.6937525929999,-33.504710768131],[-70.694951048,-33.5043117061311],[-70.694826986,-33.5039510511311],[-70.6936041259999,-33.5043471971311],[-70.6937525929999,-33.504710768131]]]}},{"type":"Feature","properties":{"id":"13116051001015","commune":"Lo Espejo","code":"13116","gse":"C3","quintil":"Q3","nse_score":748.6,"educ":11.9,"educ_score":593.3,"hacin":1.279,"hacin_class":"Hacinamiento Leve","hacin_score":791.6,"auto_score":71.4,"n_per":142,"n_hog":44,"source_year":2024},"geometry":{"type":"Polygon","coordinates":[[[-70.6918244833333,-33.5044819197977],[-70.6919984339999,-33.5048491441311],[-70.6934679344999,-33.5043030656311],[-70.6932756569999,-33.503972251131],[-70.6918244833333,-33.5044819197977]]]}},{"type":"Feature","properties":{"id":"13116051001017","commune":"Lo Espejo","code":"13116","gse":"C3","quintil":"Q2","nse_score":708.3,"educ":11.2,"educ_score":546.7,"hacin":1.283,"hacin_class":"Hacinamiento Leve","hacin_score":790.8,"auto_score":95.2,"n_per":68,"n_hog":21,"source_year":2024},"geometry":{"type":"Polygon","coordinates":[[[-70.6954749299999,-33.505090239131],[-70.6958727754999,-33.504947376631],[-70.6955553279999,-33.504276238131],[-70.6951187539999,-33.5044184811311],[-70.6954749299999,-33.505090239131]]]}},{"type":"Feature","properties":{"id":"13116051001018","commune":"Lo Espejo","code":"13116","gse":"C3","quintil":"Q2","nse_score":706.2,"educ":11.8,"educ_score":586.7,"hacin":1.386,"hacin_class":"Hacinamiento Leve","hacin_score":768.9,"auto_score":159.1,"n_per":122,"n_hog":43,"source_year":2024},"geometry":{"type":"Polygon","coordinates":[[[-70.6939599869999,-33.5051175081311],[-70.69517529,-33.504702582131],[-70.6950314919999,-33.5043658431311],[-70.6937912989999,-33.5047574921311],[-70.6939599869999,-33.5051175081311]]]}},{"type":"Feature","properties":{"id":"13116051001021","commune":"Lo Espejo","code":"13116","gse":"C3","quintil":"Q3","nse_score":726.3,"educ":11.7,"educ_score":580.0,"hacin":1.248,"hacin_class":"Hacinamiento Leve","hacin_score":798.4,"auto_score":154.8,"n_per":131,"n_hog":42,"source_year":2024},"geometry":{"type":"Polygon","coordinates":[[[-70.6941685269999,-33.5055372891311],[-70.6953531899999,-33.5051448021311],[-70.6952303189999,-33.504773345131],[-70.6940028319999,-33.5051651421311],[-70.6941685269999,-33.5055372891311]]]}},{"type":"Feature","properties":{"id":"13116051001022","commune":"Lo Espejo","code":"13116","gse":"C3","quintil":"Q3","nse_score":733.2,"educ":12.1,"educ_score":606.7,"hacin":1.289,"hacin_class":"Hacinamiento Leve","hacin_score":789.5,"auto_score":83.3,"n_per":156,"n_hog":52,"source_year":2024},"geometry":{"type":"Polygon","coordinates":[[[-70.6919689929999,-33.505809967131],[-70.6937967169999,-33.505188456131],[-70.6938621159999,-33.505094552131],[-70.6936666649999,-33.5048053621311],[-70.6918557479999,-33.505428554131],[-70.6919689929999,-33.505809967131]]]}},{"type":"Feature","properties":{"id":"13116051001024","commune":"Lo Espejo","code":"13116","gse":"C3","quintil":"Q3","nse_score":732.5,"educ":11.5,"educ_score":566.7,"hacin":1.076,"hacin_class":"Hacinamiento Leve","hacin_score":834.8,"auto_score":98.2,"n_per":141,"n_hog":54,"source_year":2024},"geometry":{"type":"Polygon","coordinates":[[[-70.6921741769999,-33.506228488131],[-70.6940360059999,-33.505606684131],[-70.6940782609999,-33.505538016631],[-70.6938659779999,-33.505211172131],[-70.6920178979999,-33.505840794131],[-70.6921741769999,-33.506228488131]]]}},{"type":"Feature","properties":{"id":"13116051001019","commune":"Lo Espejo","code":"13116","gse":"C3","quintil":"Q2","nse_score":714.9,"educ":10.7,"educ_score":513.3,"hacin":1.381,"hacin_class":"Hacinamiento Leve","hacin_score":770.1,"auto_score":166.7,"n_per":156,"n_hog":47,"source_year":2024},"geometry":{"type":"MultiPolygon","coordinates":[[[[-70.6917502989999,-33.505393230131],[-70.6921596159999,-33.5052659721311],[-70.6919905639999,-33.5049090791311],[-70.6915914099999,-33.505052391131],[-70.6917502989999,-33.505393230131]]],[[[-70.6920245913333,-33.5048973147977],[-70.6921938319999,-33.5052545941311],[-70.6936705879999,-33.504719781131],[-70.6934670899999,-33.5043902371311],[-70.6920245913333,-33.5048973147977]]]]}},{"type":"Feature","properties":{"id":"13116051002001","commune":"Lo Espejo","code":"13116","gse":"C3","quintil":"Q3","nse_score":726.3,"educ":12.0,"educ_score":600.0,"hacin":1.267,"hacin_class":"Hacinamiento Leve","hacin_score":794.3,"auto_score":100.0,"n_per":57,"n_hog":25,"source_year":2024},"geometry":{"type":"Polygon","coordinates":[[[-70.6900534753333,-33.5038620551311],[-70.6906989679999,-33.505189691131],[-70.6913655349999,-33.5049588471311],[-70.6907522449999,-33.5036521661311],[-70.6900534753333,-33.5038620551311]]]}},{"type":"Feature","properties":{"id":"13116051002002","commune":"Lo Espejo","code":"13116","gse":"C3","quintil":"Q2","nse_score":714.3,"educ":12.0,"educ_score":600.0,"hacin":1.305,"hacin_class":"Hacinamiento Leve","hacin_score":786.2,"auto_score":76.9,"n_per":77,"n_hog":27,"source_year":2024},"geometry":{"type":"Polygon","coordinates":[[[-70.6894950419999,-33.504055130131],[-70.6901402689999,-33.5053865841311],[-70.6906691309999,-33.5052000521311],[-70.6900236289999,-33.5038723711311],[-70.6894950419999,-33.504055130131]]]}},{"type":"Feature","properties":{"id":"13116051002003","commune":"Lo Espejo","code":"13116","gse":"D","quintil":"Q2","nse_score":701.0,"educ":11.6,"educ_score":573.3,"hacin":1.351,"hacin_class":"Hacinamiento Leve","hacin_score":776.5,"auto_score":145.2,"n_per":104,"n_hog":32,"source_year":2024},"geometry":{"type":"Polygon","coordinates":[[[-70.6895808749999,-33.505571602131],[-70.690110419,-33.5053969251311],[-70.6894652219999,-33.5040654971311],[-70.6889125509999,-33.5043036221311],[-70.6895808749999,-33.505571602131]]]}},{"type":"Feature","properties":{"id":"13116051002004","commune":"Lo Espejo","code":"13116","gse":"C3","quintil":"Q3","nse_score":722.8,"educ":11.5,"educ_score":566.7,"hacin":1.186,"hacin_class":"Hacinamiento Leve","hacin_score":811.5,"auto_score":92.1,"n_per":102,"n_hog":41,"source_year":2024},"geometry":{"type":"Polygon","coordinates":[[[-70.6882426234999,-33.504491907131],[-70.6888786229999,-33.505820057131],[-70.6894691049999,-33.5055956621311],[-70.6888220099999,-33.504298745131],[-70.6882426234999,-33.504491907131]]]}},{"type":"Feature","properties":{"id":"13116051002005","commune":"Lo Espejo","code":"13116","gse":"E","quintil":"Q1","nse_score":656.5,"educ":11.2,"educ_score":546.7,"hacin":1.549,"hacin_class":"Hacinamiento Medio","hacin_score":734.3,"auto_score":96.5,"n_per":127,"n_hog":48,"source_year":2024},"geometry":{"type":"Polygon","coordinates":[[[-70.6882356839999,-33.506030919131],[-70.688848774,-33.505830398131],[-70.6882128049999,-33.5045022581311],[-70.6875786009999,-33.5047632781311],[-70.6882356839999,-33.506030919131]]]}},{"type":"Feature","properties":{"id":"13116051002006","commune":"Lo Espejo","code":"13116","gse":"C3","quintil":"Q2","nse_score":704.5,"educ":10.8,"educ_score":520.0,"hacin":1.553,"hacin_class":"Hacinamiento Medio","hacin_score":733.4,"auto_score":191.2,"n_per":132,"n_hog":38,"source_year":2024},"geometry":{"type":"Polygon","coordinates":[[[-70.6861475099999,-33.505281503131],[-70.6862882539999,-33.505555571131],[-70.6876487579999,-33.5050947941311],[-70.6874310539999,-33.5047733481311],[-70.6861475099999,-33.505281503131]]]}},{"type":"Feature","properties":{"id":"13116051002007","commune":"Lo Espejo","code":"13116","gse":"D","quintil":"Q2","nse_score":700.1,"educ":12.4,"educ_score":626.7,"hacin":1.533,"hacin_class":"Hacinamiento Medio","hacin_score":737.6,"auto_score":156.2,"n_per":92,"n_hog":30,"source_year":2024},"geometry":{"type":"Polygon","coordinates":[[[-70.6907272013333,-33.5052351331311],[-70.6913551369999,-33.506531354131],[-70.6920248869999,-33.506287310131],[-70.6914239959999,-33.505025603131],[-70.6907272013333,-33.5052351331311]]]}},{"type":"Feature","properties":{"id":"13116051002008","commune":"Lo Espejo","code":"13116","gse":"D","quintil":"Q1","nse_score":677.7,"educ":11.2,"educ_score":546.7,"hacin":1.56,"hacin_class":"Hacinamiento Medio","hacin_score":731.9,"auto_score":78.9,"n_per":117,"n_hog":36,"source_year":2024},"geometry":{"type":"Polygon","coordinates":[[[-70.6863008249999,-33.505580504131],[-70.6864566659999,-33.505895672131],[-70.6878132659999,-33.505421568131],[-70.6876613079999,-33.5051197011311],[-70.6863008249999,-33.505580504131]]]}},{"type":"Feature","properties":{"id":"13116051002009","commune":"Lo Espejo","code":"13116","gse":"D","quintil":"Q2","nse_score":686.9,"educ":11.3,"educ_score":553.3,"hacin":1.466,"hacin_class":"Hacinamiento Leve","hacin_score":752.0,"auto_score":83.3,"n_per":85,"n_hog":31,"source_year":2024},"geometry":{"type":"Polygon","coordinates":[[[-70.6901707739999,-33.505428049131],[-70.690807489,-33.506720129131],[-70.6913252659999,-33.506541651131],[-70.6906973619999,-33.505245460131],[-70.6901707739999,-33.505428049131]]]}},{"type":"Feature","properties":{"id":"13116051002010","commune":"Lo Espejo","code":"13116","gse":"E","quintil":"Q1","nse_score":654.4,"educ":9.6,"educ_score":440.0,"hacin":1.788,"hacin_class":"Hacinamiento Medio","hacin_score":683.4,"auto_score":216.7,"n_per":152,"n_hog":38,"source_year":2024},"geometry":{"type":"Polygon","coordinates":[[[-70.684828379,-33.5057323171311],[-70.6849712719999,-33.506020905131],[-70.6862388739999,-33.5055809291311],[-70.6860370429999,-33.505260520131],[-70.684828379,-33.5057323171311]]]}},{"type":"Feature","properties":{"id":"13116051002011","commune":"Lo Espejo","code":"13116","gse":"D","quintil":"Q2","nse_score":697.6,"educ":11.3,"educ_score":553.3,"hacin":1.568,"hacin_class":"Hacinamiento Medio","hacin_score":730.3,"auto_score":171.4,"n_per":116,"n_hog":39,"source_year":2024},"geometry":{"type":"Polygon","coordinates":[[[-70.6902190479999,-33.506901997131],[-70.6907776159999,-33.506730422131],[-70.6901409239999,-33.505438374131],[-70.6895903859999,-33.5056720681311],[-70.6902190479999,-33.506901997131]]]}},{"type":"Feature","properties":{"id":"13116051002012","commune":"Lo Espejo","code":"13116","gse":"C3","quintil":"Q2","nse_score":706.4,"educ":11.2,"educ_score":546.7,"hacin":1.5,"hacin_class":"Hacinamiento Medio","hacin_score":744.7,"auto_score":23.8,"n_per":138,"n_hog":48,"source_year":2024},"geometry":{"type":"Polygon","coordinates":[[[-70.6864690349999,-33.505920683131],[-70.6866360519999,-33.506217700131],[-70.6879788939999,-33.505750575131],[-70.6878258219999,-33.505446485131],[-70.6864690349999,-33.505920683131]]]}},{"type":"Feature","properties":{"id":"13116051002013","commune":"Lo Espejo","code":"13116","gse":"D","quintil":"Q2","nse_score":700.3,"educ":10.3,"educ_score":486.7,"hacin":1.454,"hacin_class":"Hacinamiento Leve","hacin_score":754.4,"auto_score":103.4,"n_per":112,"n_hog":29,"source_year":2024},"geometry":{"type":"Polygon","coordinates":[[[-70.6849836439999,-33.506045891131],[-70.6851424369999,-33.506366593131],[-70.6864080799999,-33.505921168131],[-70.6862514439999,-33.5056058431311],[-70.6849836439999,-33.506045891131]]]}},{"type":"Feature","properties":{"id":"13116051002014","commune":"Lo Espejo","code":"13116","gse":"C3","quintil":"Q2","nse_score":711.4,"educ":10.9,"educ_score":526.7,"hacin":1.238,"hacin_class":"Hacinamiento Leve","hacin_score":800.4,"auto_score":121.2,"n_per":104,"n_hog":34,"source_year":2024},"geometry":{"type":"Polygon","coordinates":[[[-70.6889050299999,-33.5058663194644],[-70.689548623,-33.507157247131],[-70.6901186599999,-33.506949097131],[-70.6895276199999,-33.505692125131],[-70.6889050299999,-33.5058663194644]]]}},{"type":"Feature","properties":{"id":"13116051002015","commune":"Lo Espejo","code":"13116","gse":"C3","quintil":"Q2","nse_score":708.0,"educ":9.3,"educ_score":420.0,"hacin":1.24,"hacin_class":"Hacinamiento Leve","hacin_score":800.0,"auto_score":150.0,"n_per":31,"n_hog":12,"source_year":2024},"geometry":{"type":"Polygon","coordinates":[[[-70.6847741239999,-33.505778927131],[-70.6842599399999,-33.505867722131],[-70.6842988299999,-33.5061147861311],[-70.6847631489999,-33.505951644131],[-70.6843906269999,-33.506093018131],[-70.6844695219999,-33.506443141131],[-70.6850107249999,-33.506249407131],[-70.6847741239999,-33.505778927131]]]}},{"type":"Feature","properties":{"id":"13116051002016","commune":"Lo Espejo","code":"13116","gse":"D","quintil":"Q1","nse_score":659.3,"educ":9.4,"educ_score":426.7,"hacin":1.239,"hacin_class":"Hacinamiento Leve","hacin_score":800.1,"auto_score":171.4,"n_per":88,"n_hog":36,"source_year":2024},"geometry":{"type":"Polygon","coordinates":[[[-70.6867917029999,-33.506541687131],[-70.6881391999999,-33.506087032131],[-70.68799114,-33.505775602131],[-70.686650901,-33.506242963131],[-70.6867917029999,-33.506541687131]]]}},{"type":"Feature","properties":{"id":"13116051002017","commune":"Lo Espejo","code":"13116","gse":"C3","quintil":"Q2","nse_score":703.4,"educ":10.7,"educ_score":513.3,"hacin":1.42,"hacin_class":"Hacinamiento Leve","hacin_score":761.7,"auto_score":43.5,"n_per":71,"n_hog":26,"source_year":2024},"geometry":{"type":"Polygon","coordinates":[[[-70.6888943969999,-33.507374260131],[-70.6895188029999,-33.507167649131],[-70.6888751669999,-33.5058766001311],[-70.6882572899999,-33.506128007631],[-70.6888943969999,-33.507374260131]]]}},{"type":"Feature","properties":{"id":"13116051002018","commune":"Lo Espejo","code":"13116","gse":"E","quintil":"Q1","nse_score":644.7,"educ":9.0,"educ_score":400.0,"hacin":1.449,"hacin_class":"Hacinamiento Leve","hacin_score":755.5,"auto_score":16.1,"n_per":100,"n_hog":35,"source_year":2024},"geometry":{"type":"Polygon","coordinates":[[[-70.6851548203333,-33.5063915947977],[-70.6853049389999,-33.506694746131],[-70.6865712359999,-33.506251617131],[-70.6864204609999,-33.505946147131],[-70.6851548203333,-33.5063915947977]]]}},{"type":"Feature","properties":{"id":"13116051002019","commune":"Lo Espejo","code":"13116","gse":"D","quintil":"Q1","nse_score":679.8,"educ":10.2,"educ_score":480.0,"hacin":1.692,"hacin_class":"Hacinamiento Medio","hacin_score":703.8,"auto_score":166.7,"n_per":110,"n_hog":34,"source_year":2024},"geometry":{"type":"Polygon","coordinates":[[[-70.6869506549999,-33.506878095131],[-70.6882990369999,-33.506423126131],[-70.6881511439999,-33.5061121511311],[-70.6868186849999,-33.506567089131],[-70.6869506549999,-33.506878095131]]]}},{"type":"Feature","properties":{"id":"13116051002021","commune":"Lo Espejo","code":"13116","gse":"D","quintil":"Q1","nse_score":672.0,"educ":9.1,"educ_score":406.7,"hacin":1.273,"hacin_class":"Hacinamiento Leve","hacin_score":793.0,"auto_score":107.1,"n_per":42,"n_hog":14,"source_year":2024},"geometry":{"type":"Polygon","coordinates":[[[-70.6844755229999,-33.506470083131],[-70.6845491179999,-33.506807671131],[-70.6851742489999,-33.506580476131],[-70.6850230709999,-33.506274391131],[-70.6844755229999,-33.506470083131]]]}},{"type":"Feature","properties":{"id":"13116051002022","commune":"Lo Espejo","code":"13116","gse":"E","quintil":"Q1","nse_score":617.0,"educ":10.2,"educ_score":480.0,"hacin":2.028,"hacin_class":"Hacinamiento Medio","hacin_score":632.4,"auto_score":176.5,"n_per":73,"n_hog":16,"source_year":2024},"geometry":{"type":"Polygon","coordinates":[[[-70.6853173779999,-33.506719733131],[-70.6856379529999,-33.507360682131],[-70.686905625,-33.5069252261311],[-70.6865836149999,-33.5062765961311],[-70.6853173779999,-33.506719733131]]]}},{"type":"Feature","properties":{"id":"13116051002023","commune":"Lo Espejo","code":"13116","gse":"D","quintil":"Q1","nse_score":680.5,"educ":9.7,"educ_score":446.7,"hacin":1.473,"hacin_class":"Hacinamiento Leve","hacin_score":750.4,"auto_score":150.0,"n_per":109,"n_hog":31,"source_year":2024},"geometry":{"type":"Polygon","coordinates":[[[-70.6869655169999,-33.506918339131],[-70.6871162029999,-33.507223471131],[-70.6884649399999,-33.506754516131],[-70.6883112629999,-33.506448139131],[-70.6869655169999,-33.506918339131]]]}},{"type":"Feature","properties":{"id":"13116051002024","commune":"Lo Espejo","code":"13116","gse":"C3","quintil":"Q2","nse_score":712.8,"educ":11.2,"educ_score":546.7,"hacin":1.568,"hacin_class":"Hacinamiento Medio","hacin_score":730.3,"auto_score":125.0,"n_per":58,"n_hog":17,"source_year":2024},"geometry":{"type":"Polygon","coordinates":[[[-70.6845549279999,-33.506834670131],[-70.6846248879999,-33.507164200131],[-70.6853424739999,-33.506911955131],[-70.6851867439999,-33.506605393131],[-70.6845549279999,-33.506834670131]]]}},{"type":"Feature","properties":{"id":"13116051002025","commune":"Lo Espejo","code":"13116","gse":"D","quintil":"Q1","nse_score":678.3,"educ":10.7,"educ_score":513.3,"hacin":1.546,"hacin_class":"Hacinamiento Medio","hacin_score":735.0,"auto_score":150.0,"n_per":153,"n_hog":41,"source_year":2024},"geometry":{"type":"Polygon","coordinates":[[[-70.6871285579999,-33.5072484814644],[-70.6872788629999,-33.507552918131],[-70.6886298269999,-33.507090345131],[-70.6884773429999,-33.5067794921311],[-70.6871285579999,-33.5072484814644]]]}},{"type":"Feature","properties":{"id":"13116051002026","commune":"Lo Espejo","code":"13116","gse":"C3","quintil":"Q2","nse_score":708.2,"educ":11.4,"educ_score":560.0,"hacin":1.302,"hacin_class":"Hacinamiento Leve","hacin_score":786.8,"auto_score":148.1,"n_per":69,"n_hog":25,"source_year":2024},"geometry":{"type":"Polygon","coordinates":[[[-70.6846306159999,-33.507191186131],[-70.6846970569999,-33.507504366131],[-70.6855044009999,-33.507241887131],[-70.6853549399999,-33.506936908131],[-70.6846306159999,-33.507191186131]]]}},{"type":"Feature","properties":{"id":"13116051002027","commune":"Lo Espejo","code":"13116","gse":"D","quintil":"Q2","nse_score":684.5,"educ":9.9,"educ_score":460.0,"hacin":1.432,"hacin_class":"Hacinamiento Leve","hacin_score":759.2,"auto_score":106.1,"n_per":126,"n_hog":39,"source_year":2024},"geometry":{"type":"Polygon","coordinates":[[[-70.6856504699999,-33.5073856377977],[-70.6858024969999,-33.507688113131],[-70.6870661639999,-33.507246528131],[-70.6869180569999,-33.506950184131],[-70.6856504699999,-33.5073856377977]]]}},{"type":"Feature","properties":{"id":"13116051002028","commune":"Lo Espejo","code":"13116","gse":"C3","quintil":"Q2","nse_score":712.1,"educ":10.7,"educ_score":513.3,"hacin":1.447,"hacin_class":"Hacinamiento Leve","hacin_score":756.0,"auto_score":128.6,"n_per":136,"n_hog":39,"source_year":2024},"geometry":{"type":"Polygon","coordinates":[[[-70.6874798739999,-33.507882249131],[-70.6887495919999,-33.507438362131],[-70.688642108,-33.507115362131],[-70.6872911039999,-33.507577963631],[-70.6874798739999,-33.507882249131]]]}},{"type":"Feature","properties":{"id":"13116051002029","commune":"Lo Espejo","code":"13116","gse":"C3","quintil":"Q2","nse_score":718.5,"educ":10.9,"educ_score":526.7,"hacin":1.268,"hacin_class":"Hacinamiento Leve","hacin_score":794.1,"auto_score":173.9,"n_per":71,"n_hog":25,"source_year":2024},"geometry":{"type":"Polygon","coordinates":[[[-70.6847027686666,-33.507531270131],[-70.6847716639999,-33.507855731131],[-70.6856574219999,-33.507554100131],[-70.6855166649999,-33.507266886131],[-70.6847027686666,-33.507531270131]]]}},{"type":"Feature","properties":{"id":"13116051002030","commune":"Lo Espejo","code":"13116","gse":"D","quintil":"Q2","nse_score":698.1,"educ":10.9,"educ_score":526.7,"hacin":1.421,"hacin_class":"Hacinamiento Leve","hacin_score":761.6,"auto_score":115.4,"n_per":125,"n_hog":39,"source_year":2024},"geometry":{"type":"Polygon","coordinates":[[[-70.6858147999999,-33.507713139131],[-70.685961571,-33.508018782131],[-70.6872286199999,-33.507575071131],[-70.6870785859999,-33.507271497131],[-70.6858147999999,-33.507713139131]]]}},{"type":"Feature","properties":{"id":"13116051002031","commune":"Lo Espejo","code":"13116","gse":"D","quintil":"Q2","nse_score":696.9,"educ":10.9,"educ_score":526.7,"hacin":1.262,"hacin_class":"Hacinamiento Leve","hacin_score":795.3,"auto_score":214.3,"n_per":53,"n_hog":22,"source_year":2024},"geometry":{"type":"Polygon","coordinates":[[[-70.6847773866666,-33.507882678131],[-70.6848476939999,-33.508213768131],[-70.6858186339999,-33.507876066131],[-70.6856698089999,-33.507579070131],[-70.6847773866666,-33.507882678131]]]}},{"type":"Feature","properties":{"id":"13116051002032","commune":"Lo Espejo","code":"13116","gse":"D","quintil":"Q1","nse_score":680.3,"educ":10.3,"educ_score":486.7,"hacin":1.389,"hacin_class":"Hacinamiento Leve","hacin_score":768.3,"auto_score":206.9,"n_per":100,"n_hog":29,"source_year":2024},"geometry":{"type":"Polygon","coordinates":[[[-70.6861672049999,-33.508346265131],[-70.6873560299999,-33.507935455131],[-70.6872407979999,-33.507600117131],[-70.6859736309999,-33.508043888631],[-70.6861672049999,-33.508346265131]]]}},{"type":"Feature","properties":{"id":"13116051002033","commune":"Lo Espejo","code":"13116","gse":"D","quintil":"Q1","nse_score":665.5,"educ":10.0,"educ_score":466.7,"hacin":1.509,"hacin_class":"Hacinamiento Medio","hacin_score":742.8,"auto_score":180.0,"n_per":86,"n_hog":26,"source_year":2024},"geometry":{"type":"Polygon","coordinates":[[[-70.6850112719999,-33.508756106131],[-70.6860367039999,-33.508392981131],[-70.6858308509999,-33.507901102131],[-70.684853373,-33.508240750131],[-70.6850112719999,-33.508756106131]]]}},{"type":"Feature","properties":{"id":"13116061001002","commune":"Lo Espejo","code":"13116","gse":"D","quintil":"Q2","nse_score":686.7,"educ":11.8,"educ_score":586.7,"hacin":1.182,"hacin_class":"Hacinamiento Leve","hacin_score":812.4,"auto_score":166.7,"n_per":26,"n_hog":10,"source_year":2024},"geometry":{"type":"Polygon","coordinates":[[[-70.6833488479999,-33.506136268131],[-70.6835594139999,-33.506540450131],[-70.6839698999999,-33.506398698131],[-70.6838114039999,-33.506069025131],[-70.6838664629999,-33.5059436381311],[-70.6833488479999,-33.506136268131]]]}},{"type":"Feature","properties":{"id":"13116061001003","commune":"Lo Espejo","code":"13116","gse":"C3","quintil":"Q3","nse_score":740.8,"educ":11.7,"educ_score":580.0,"hacin":1.586,"hacin_class":"Hacinamiento Medio","hacin_score":726.3,"auto_score":181.8,"n_per":46,"n_hog":11,"source_year":2024},"geometry":{"type":"Polygon","coordinates":[[[-70.6829902979999,-33.506295305131],[-70.6831275849999,-33.506689575131],[-70.6835295429999,-33.506550764131],[-70.6833198959999,-33.506148322131],[-70.6829902979999,-33.506295305131]]]}},{"type":"Feature","properties":{"id":"13116061001005","commune":"Lo Espejo","code":"13116","gse":"D","quintil":"Q1","nse_score":669.3,"educ":10.4,"educ_score":493.3,"hacin":1.652,"hacin_class":"Hacinamiento Medio","hacin_score":712.3,"auto_score":83.3,"n_per":38,"n_hog":13,"source_year":2024},"geometry":{"type":"Polygon","coordinates":[[[-70.6840748679999,-33.507304973131],[-70.6841702949999,-33.506793879631],[-70.6839828319999,-33.506423492131],[-70.6835723399999,-33.506565269131],[-70.6840748679999,-33.507304973131]]]}},{"type":"Feature","properties":{"id":"13116061001006","commune":"Lo Espejo","code":"13116","gse":"D","quintil":"Q1","nse_score":676.3,"educ":11.0,"educ_score":533.3,"hacin":1.588,"hacin_class":"Hacinamiento Medio","hacin_score":725.9,"auto_score":161.3,"n_per":108,"n_hog":29,"source_year":2024},"geometry":{"type":"Polygon","coordinates":[[[-70.6819289949999,-33.506726235131],[-70.6826364279999,-33.507863326131],[-70.6830282299999,-33.507691918131],[-70.6823287829999,-33.506548819131],[-70.6819289949999,-33.506726235131]]]}},{"type":"Feature","properties":{"id":"13116061001007","commune":"Lo Espejo","code":"13116","gse":"C3","quintil":"Q3","nse_score":745.1,"educ":11.6,"educ_score":573.3,"hacin":1.396,"hacin_class":"Hacinamiento Leve","hacin_score":766.8,"auto_score":119.0,"n_per":74,"n_hog":22,"source_year":2024},"geometry":{"type":"Polygon","coordinates":[[[-70.6831404179999,-33.5067144147977],[-70.6834557299999,-33.507328759131],[-70.6839356529999,-33.507149357131],[-70.6835424729999,-33.506575559131],[-70.6831404179999,-33.5067144147977]]]}},{"type":"Feature","properties":{"id":"13116061001008","commune":"Lo Espejo","code":"13116","gse":"D","quintil":"Q2","nse_score":698.7,"educ":10.2,"educ_score":480.0,"hacin":1.414,"hacin_class":"Hacinamiento Leve","hacin_score":763.0,"auto_score":166.7,"n_per":123,"n_hog":40,"source_year":2024},"geometry":{"type":"Polygon","coordinates":[[[-70.6815382913333,-33.5068989074644],[-70.6822469259999,-33.508033753131],[-70.6826078079999,-33.507875849131],[-70.6819004519999,-33.506738850131],[-70.6815382913333,-33.5068989074644]]]}},{"type":"Feature","properties":{"id":"13116061001009","commune":"Lo Espejo","code":"13116","gse":"C3","quintil":"Q2","nse_score":702.9,"educ":10.5,"educ_score":500.0,"hacin":1.284,"hacin_class":"Hacinamiento Leve","hacin_score":790.6,"auto_score":71.4,"n_per":113,"n_hog":37,"source_year":2024},"geometry":{"type":"Polygon","coordinates":[[[-70.6811608669999,-33.507064122131],[-70.6818692649999,-33.508198997131],[-70.6822183159999,-33.508046271131],[-70.6815097109999,-33.506911457131],[-70.6811608669999,-33.507064122131]]]}},{"type":"Feature","properties":{"id":"13116061001010","commune":"Lo Espejo","code":"13116","gse":"D","quintil":"Q2","nse_score":694.8,"educ":10.2,"educ_score":480.0,"hacin":1.52,"hacin_class":"Hacinamiento Medio","hacin_score":740.5,"auto_score":80.6,"n_per":117,"n_hog":38,"source_year":2024},"geometry":{"type":"Polygon","coordinates":[[[-70.6807870819999,-33.507232348131],[-70.6814881199999,-33.508365764131],[-70.6818406449999,-33.508211520131],[-70.6811323469999,-33.507076761131],[-70.6807870819999,-33.507232348131]]]}},{"type":"Feature","properties":{"id":"13116061001011","commune":"Lo Espejo","code":"13116","gse":"C3","quintil":"Q3","nse_score":724.6,"educ":12.4,"educ_score":626.7,"hacin":1.117,"hacin_class":"Hacinamiento Leve","hacin_score":826.2,"auto_score":130.4,"n_per":67,"n_hog":21,"source_year":2024},"geometry":{"type":"Polygon","coordinates":[[[-70.6834684853333,-33.5073536277977],[-70.6837811299999,-33.507964025131],[-70.6842758849999,-33.507783168131],[-70.6839588209999,-33.507170319131],[-70.6834684853333,-33.5073536277977]]]}},{"type":"Feature","properties":{"id":"13116061001012","commune":"Lo Espejo","code":"13116","gse":"C3","quintil":"Q3","nse_score":737.2,"educ":11.7,"educ_score":580.0,"hacin":1.382,"hacin_class":"Hacinamiento Leve","hacin_score":769.9,"auto_score":129.0,"n_per":105,"n_hog":33,"source_year":2024},"geometry":{"type":"Polygon","coordinates":[[[-70.6804006989999,-33.507398220131],[-70.6810999779999,-33.508535590131],[-70.6814595149999,-33.508378279131],[-70.6807585719999,-33.507244853131],[-70.6804006989999,-33.507398220131]]]}},{"type":"Feature","properties":{"id":"13116061001013","commune":"Lo Espejo","code":"13116","gse":"D","quintil":"Q2","nse_score":694.0,"educ":11.6,"educ_score":573.3,"hacin":1.363,"hacin_class":"Hacinamiento Leve","hacin_score":773.9,"auto_score":87.5,"n_per":109,"n_hog":34,"source_year":2024},"geometry":{"type":"Polygon","coordinates":[[[-70.6800195509999,-33.507561511131],[-70.6806671479999,-33.508724967131],[-70.6810713759999,-33.508548104131],[-70.6803720519999,-33.507410471131],[-70.6800195509999,-33.507561511131]]]}},{"type":"Feature","properties":{"id":"13116061001015","commune":"Lo Espejo","code":"13116","gse":"D","quintil":"Q2","nse_score":690.2,"educ":10.9,"educ_score":526.7,"hacin":1.259,"hacin_class":"Hacinamiento Leve","hacin_score":795.9,"auto_score":185.2,"n_per":68,"n_hog":24,"source_year":2024},"geometry":{"type":"Polygon","coordinates":[[[-70.6826513469999,-33.507887315131],[-70.6831629849999,-33.508709654131],[-70.6835229929999,-33.508563938131],[-70.6830428209999,-33.507715999131],[-70.6826513469999,-33.507887315131]]]}},{"type":"Feature","properties":{"id":"13116061001016","commune":"Lo Espejo","code":"13116","gse":"D","quintil":"Q2","nse_score":697.5,"educ":11.5,"educ_score":566.7,"hacin":1.196,"hacin_class":"Hacinamiento Leve","hacin_score":809.3,"auto_score":120.0,"n_per":61,"n_hog":23,"source_year":2024},"geometry":{"type":"Polygon","coordinates":[[[-70.6841299449999,-33.508815984131],[-70.6845333214999,-33.508678136131],[-70.6842882189999,-33.507808174131],[-70.6837938719999,-33.507988893131],[-70.6841299449999,-33.508815984131]]]}},{"type":"Feature","properties":{"id":"13116061001017","commune":"Lo Espejo","code":"13116","gse":"D","quintil":"Q2","nse_score":701.9,"educ":10.4,"educ_score":493.3,"hacin":1.403,"hacin_class":"Hacinamiento Leve","hacin_score":765.3,"auto_score":125.0,"n_per":87,"n_hog":28,"source_year":2024},"geometry":{"type":"Polygon","coordinates":[[[-70.6822618879999,-33.508057723131],[-70.6827769359999,-33.508882508131],[-70.683134176,-33.508721898131],[-70.6826227279999,-33.507899813131],[-70.6822618879999,-33.508057723131]]]}},{"type":"Feature","properties":{"id":"13116061001018","commune":"Lo Espejo","code":"13116","gse":"D","quintil":"Q2","nse_score":689.4,"educ":10.3,"educ_score":486.7,"hacin":1.468,"hacin_class":"Hacinamiento Leve","hacin_score":751.5,"auto_score":19.2,"n_per":91,"n_hog":28,"source_year":2024},"geometry":{"type":"Polygon","coordinates":[[[-70.6818842226666,-33.508222963131],[-70.6823957659999,-33.509042437131],[-70.6827482759999,-33.508894940131],[-70.6822332829999,-33.508070215131],[-70.6818842226666,-33.508222963131]]]}},{"type":"Feature","properties":{"id":"13116061001019","commune":"Lo Espejo","code":"13116","gse":"D","quintil":"Q1","nse_score":664.0,"educ":9.7,"educ_score":446.7,"hacin":1.344,"hacin_class":"Hacinamiento Leve","hacin_score":777.8,"auto_score":40.0,"n_per":82,"n_hog":25,"source_year":2024},"geometry":{"type":"Polygon","coordinates":[[[-70.6815029699999,-33.508389780131],[-70.6820072309999,-33.509205005131],[-70.6823668629999,-33.509054530131],[-70.6818556039999,-33.508235467131],[-70.6815029699999,-33.508389780131]]]}},{"type":"Feature","properties":{"id":"13116061001020","commune":"Lo Espejo","code":"13116","gse":"D","quintil":"Q2","nse_score":687.2,"educ":11.0,"educ_score":533.3,"hacin":1.717,"hacin_class":"Hacinamiento Medio","hacin_score":698.6,"auto_score":160.7,"n_per":103,"n_hog":31,"source_year":2024},"geometry":{"type":"Polygon","coordinates":[[[-70.6811147589999,-33.508559638131],[-70.6816187049999,-33.509379271131],[-70.6819785729999,-33.509217434131],[-70.6814743669999,-33.508402273131],[-70.6811147589999,-33.508559638131]]]}},{"type":"Feature","properties":{"id":"13116061001021","commune":"Lo Espejo","code":"13116","gse":"D","quintil":"Q1","nse_score":678.7,"educ":10.5,"educ_score":500.0,"hacin":1.478,"hacin_class":"Hacinamiento Leve","hacin_score":749.4,"auto_score":76.9,"n_per":99,"n_hog":28,"source_year":2024},"geometry":{"type":"Polygon","coordinates":[[[-70.6806821169999,-33.508748933131],[-70.6811978969999,-33.509577416131],[-70.6815904099999,-33.509392292131],[-70.6810861579999,-33.508572129131],[-70.6806821169999,-33.508748933131]]]}},{"type":"Feature","properties":{"id":"13116061001022","commune":"Lo Espejo","code":"13116","gse":"D","quintil":"Q1","nse_score":668.4,"educ":10.4,"educ_score":493.3,"hacin":1.537,"hacin_class":"Hacinamiento Medio","hacin_score":736.8,"auto_score":145.8,"n_per":83,"n_hog":26,"source_year":2024},"geometry":{"type":"Polygon","coordinates":[[[-70.6824107249999,-33.509066432131],[-70.6825977149999,-33.509366937131],[-70.6836693239999,-33.508900176131],[-70.6834897869999,-33.508607414131],[-70.6824107249999,-33.509066432131]]]}},{"type":"Feature","properties":{"id":"13116061001023","commune":"Lo Espejo","code":"13116","gse":"D","quintil":"Q1","nse_score":657.7,"educ":10.7,"educ_score":513.3,"hacin":1.774,"hacin_class":"Hacinamiento Medio","hacin_score":686.5,"auto_score":53.6,"n_per":94,"n_hog":26,"source_year":2024},"geometry":{"type":"Polygon","coordinates":[[[-70.6826126566666,-33.509390909131],[-70.6827967669999,-33.509683923131],[-70.6838142289999,-33.509242445131],[-70.6836306299999,-33.508947493131],[-70.6826126566666,-33.509390909131]]]}},{"type":"Feature","properties":{"id":"13116061001024","commune":"Lo Espejo","code":"13116","gse":"D","quintil":"Q1","nse_score":665.8,"educ":10.6,"educ_score":506.7,"hacin":1.557,"hacin_class":"Hacinamiento Medio","hacin_score":732.5,"auto_score":116.7,"n_per":109,"n_hog":29,"source_year":2024},"geometry":{"type":"Polygon","coordinates":[[[-70.6812128163332,-33.5096014184643],[-70.6813928709999,-33.509891715131],[-70.682569053,-33.509379421131],[-70.6823818239999,-33.509078501131],[-70.6812128163332,-33.5096014184643]]]}},{"type":"Feature","properties":{"id":"13116061001025","commune":"Lo Espejo","code":"13116","gse":"C3","quintil":"Q2","nse_score":702.9,"educ":11.1,"educ_score":540.0,"hacin":1.458,"hacin_class":"Hacinamiento Leve","hacin_score":753.5,"auto_score":173.9,"n_per":70,"n_hog":24,"source_year":2024},"geometry":{"type":"Polygon","coordinates":[[[-70.6828117989999,-33.509707853131],[-70.683001928,-33.510010443131],[-70.6838707189999,-33.509616553131],[-70.6836754989999,-33.509328749131],[-70.6828117989999,-33.509707853131]]]}},{"type":"Feature","properties":{"id":"13116061001026","commune":"Lo Espejo","code":"13116","gse":"C3","quintil":"Q2","nse_score":719.6,"educ":11.9,"educ_score":593.3,"hacin":1.361,"hacin_class":"Hacinamiento Leve","hacin_score":774.2,"auto_score":125.0,"n_per":98,"n_hog":33,"source_year":2024},"geometry":{"type":"Polygon","coordinates":[[[-70.6814077689999,-33.509915712131],[-70.6815921879999,-33.510212615131],[-70.6827681599999,-33.509696479131],[-70.6825839999999,-33.509403373131],[-70.6814077689999,-33.509915712131]]]}},{"type":"Feature","properties":{"id":"13116061001027","commune":"Lo Espejo","code":"13116","gse":"D","quintil":"Q1","nse_score":661.2,"educ":10.6,"educ_score":506.7,"hacin":1.528,"hacin_class":"Hacinamiento Medio","hacin_score":738.8,"auto_score":184.2,"n_per":55,"n_hog":19,"source_year":2024},"geometry":{"type":"Polygon","coordinates":[[[-70.6830169606666,-33.510034375131],[-70.683194952,-33.510317646131],[-70.6839721539999,-33.509975833131],[-70.6837962769999,-33.509695828131],[-70.6830169606666,-33.510034375131]]]}},{"type":"Feature","properties":{"id":"13116061001028","commune":"Lo Espejo","code":"13116","gse":"D","quintil":"Q1","nse_score":681.3,"educ":10.1,"educ_score":473.3,"hacin":1.262,"hacin_class":"Hacinamiento Leve","hacin_score":795.4,"auto_score":133.3,"n_per":82,"n_hog":30,"source_year":2024},"geometry":{"type":"Polygon","coordinates":[[[-70.6816070969999,-33.510236609131],[-70.6817928429999,-33.510535644131],[-70.6829732599999,-33.510022897131],[-70.6827831969999,-33.509720394131],[-70.6816070969999,-33.510236609131]]]}},{"type":"Feature","properties":{"id":"13116061001029","commune":"Lo Espejo","code":"13116","gse":"C3","quintil":"Q2","nse_score":710.6,"educ":10.7,"educ_score":513.3,"hacin":1.314,"hacin_class":"Hacinamiento Leve","hacin_score":784.2,"auto_score":150.0,"n_per":92,"n_hog":33,"source_year":2024},"geometry":{"type":"Polygon","coordinates":[[[-70.6818076983333,-33.5105595544643],[-70.6819848139999,-33.510844738131],[-70.6831663089999,-33.510330123131],[-70.6829882979999,-33.510046807131],[-70.6818076983333,-33.5105595544643]]]}},{"type":"Feature","properties":{"id":"13116061001030","commune":"Lo Espejo","code":"13116","gse":"C3","quintil":"Q3","nse_score":724.2,"educ":11.7,"educ_score":580.0,"hacin":1.108,"hacin_class":"Hacinamiento Leve","hacin_score":828.1,"auto_score":125.0,"n_per":41,"n_hog":16,"source_year":2024},"geometry":{"type":"Polygon","coordinates":[[[-70.6832099866666,-33.510341578131],[-70.6834312829999,-33.510693778131],[-70.6840621489999,-33.510429058131],[-70.683834079,-33.510069721131],[-70.6832099866666,-33.510341578131]]]}},{"type":"Feature","properties":{"id":"13116061001031","commune":"Lo Espejo","code":"13116","gse":"C3","quintil":"Q2","nse_score":718.8,"educ":11.5,"educ_score":566.7,"hacin":1.55,"hacin_class":"Hacinamiento Medio","hacin_score":734.0,"auto_score":171.9,"n_per":124,"n_hog":34,"source_year":2024},"geometry":{"type":"Polygon","coordinates":[[[-70.6819997189999,-33.510868731131],[-70.6822479519999,-33.511191952131],[-70.6834024339999,-33.5107059031309],[-70.6831813459999,-33.510354034131],[-70.6819997189999,-33.510868731131]]]}},{"type":"Feature","properties":{"id":"13116061002004","commune":"Lo Espejo","code":"13116","gse":"D","quintil":"Q1","nse_score":666.5,"educ":10.3,"educ_score":486.7,"hacin":1.571,"hacin_class":"Hacinamiento Medio","hacin_score":729.5,"auto_score":88.2,"n_per":66,"n_hog":21,"source_year":2024},"geometry":{"type":"Polygon","coordinates":[[[-70.6755840133333,-33.5088732244643],[-70.6758017069999,-33.509225178131],[-70.6765754739999,-33.508880525131],[-70.6763679469999,-33.508534733131],[-70.6755840133333,-33.5088732244643]]]}},{"type":"Feature","properties":{"id":"13116061002006","commune":"Lo Espejo","code":"13116","gse":"D","quintil":"Q2","nse_score":699.3,"educ":10.8,"educ_score":520.0,"hacin":1.46,"hacin_class":"Hacinamiento Leve","hacin_score":753.1,"auto_score":96.2,"n_per":92,"n_hog":26,"source_year":2024},"geometry":{"type":"Polygon","coordinates":[[[-70.6743805129999,-33.509462435131],[-70.6745687849999,-33.509758148131],[-70.6757730849999,-33.509237718131],[-70.6755554139999,-33.508885551131],[-70.6743805129999,-33.509462435131]]]}},{"type":"Feature","properties":{"id":"13116061002007","commune":"Lo Espejo","code":"13116","gse":"D","quintil":"Q1","nse_score":671.7,"educ":10.3,"educ_score":486.7,"hacin":1.556,"hacin_class":"Hacinamiento Medio","hacin_score":732.9,"auto_score":238.1,"n_per":98,"n_hog":23,"source_year":2024},"geometry":{"type":"Polygon","coordinates":[[[-70.6758165679999,-33.509249199131],[-70.6760016979999,-33.509548167131],[-70.6767659359999,-33.509199367131],[-70.6765899639999,-33.508904688131],[-70.6758165679999,-33.509249199131]]]}},{"type":"Feature","properties":{"id":"13116061002008","commune":"Lo Espejo","code":"13116","gse":"D","quintil":"Q2","nse_score":691.3,"educ":11.0,"educ_score":533.3,"hacin":1.062,"hacin_class":"Hacinamiento Leve","hacin_score":837.8,"auto_score":166.7,"n_per":34,"n_hog":15,"source_year":2024},"geometry":{"type":"Polygon","coordinates":[[[-70.6798592999999,-33.509140623131],[-70.6801858739999,-33.509665130131],[-70.6805410329999,-33.509511889131],[-70.6802123819999,-33.508984601131],[-70.6798592999999,-33.509140623131]]]}},{"type":"Feature","properties":{"id":"13116061002009","commune":"Lo Espejo","code":"13116","gse":"C3","quintil":"Q2","nse_score":712.0,"educ":11.2,"educ_score":546.7,"hacin":1.466,"hacin_class":"Hacinamiento Leve","hacin_score":752.0,"auto_score":129.0,"n_per":107,"n_hog":34,"source_year":2024},"geometry":{"type":"Polygon","coordinates":[[[-70.6767686869999,-33.509229583131],[-70.6773333699999,-33.510179407131],[-70.6777430759999,-33.510018853131],[-70.6771489019999,-33.509061816131],[-70.6767686869999,-33.509229583131]]]}},{"type":"Feature","properties":{"id":"13116061002010","commune":"Lo Espejo","code":"13116","gse":"E","quintil":"Q1","nse_score":641.4,"educ":10.9,"educ_score":526.7,"hacin":1.385,"hacin_class":"Hacinamiento Leve","hacin_score":769.2,"auto_score":142.9,"n_per":36,"n_hog":13,"source_year":2024},"geometry":{"type":"Polygon","coordinates":[[[-70.6794785173333,-33.5093100544643],[-70.6798050439999,-33.509829448131],[-70.6801571799999,-33.509677511131],[-70.6798307669999,-33.509153252131],[-70.6794785173333,-33.5093100544643]]]}},{"type":"Feature","properties":{"id":"13116061002011","commune":"Lo Espejo","code":"13116","gse":"D","quintil":"Q1","nse_score":669.6,"educ":10.2,"educ_score":480.0,"hacin":1.363,"hacin_class":"Hacinamiento Leve","hacin_score":773.9,"auto_score":121.2,"n_per":109,"n_hog":38,"source_year":2024},"geometry":{"type":"Polygon","coordinates":[[[-70.6763813939999,-33.509401904131],[-70.6769670009999,-33.510344997131],[-70.6773044909999,-33.510191534131],[-70.6767405429999,-33.509242826131],[-70.6763813939999,-33.509401904131]]]}},{"type":"Feature","properties":{"id":"13116061002012","commune":"Lo Espejo","code":"13116","gse":"C3","quintil":"Q2","nse_score":704.2,"educ":11.4,"educ_score":560.0,"hacin":1.469,"hacin_class":"Hacinamiento Leve","hacin_score":751.3,"auto_score":96.8,"n_per":94,"n_hog":28,"source_year":2024},"geometry":{"type":"Polygon","coordinates":[[[-70.6745839429999,-33.509781936131],[-70.6747726339999,-33.510077967131],[-70.6759732239999,-33.509560954131],[-70.6757879399999,-33.509261705131],[-70.6745839429999,-33.509781936131]]]}},{"type":"Feature","properties":{"id":"13116061002013","commune":"Lo Espejo","code":"13116","gse":"C3","quintil":"Q3","nse_score":730.7,"educ":11.6,"educ_score":573.3,"hacin":1.323,"hacin_class":"Hacinamiento Leve","hacin_score":782.4,"auto_score":208.3,"n_per":41,"n_hog":13,"source_year":2024},"geometry":{"type":"Polygon","coordinates":[[[-70.6791062839999,-33.509475736131],[-70.679427943,-33.509992154131],[-70.6797763459999,-33.509841831131],[-70.6794500109999,-33.509322725131],[-70.6791062839999,-33.509475736131]]]}},{"type":"Feature","properties":{"id":"13116061002014","commune":"Lo Espejo","code":"13116","gse":"C3","quintil":"Q3","nse_score":723.4,"educ":11.2,"educ_score":546.7,"hacin":1.346,"hacin_class":"Hacinamiento Leve","hacin_score":777.5,"auto_score":214.3,"n_per":109,"n_hog":28,"source_year":2024},"geometry":{"type":"Polygon","coordinates":[[[-70.6805846659999,-33.509523482131],[-70.6811357099999,-33.510407515131],[-70.6815283059999,-33.510235226131],[-70.6809803629999,-33.509352727131],[-70.6805846659999,-33.509523482131]]]}},{"type":"Feature","properties":{"id":"13116061002015","commune":"Lo Espejo","code":"13116","gse":"E","quintil":"Q1","nse_score":642.0,"educ":9.6,"educ_score":440.0,"hacin":1.563,"hacin_class":"Hacinamiento Medio","hacin_score":731.2,"auto_score":100.0,"n_per":111,"n_hog":31,"source_year":2024},"geometry":{"type":"Polygon","coordinates":[[[-70.6760165739999,-33.509572198131],[-70.6765934069999,-33.510503717131],[-70.6769384169999,-33.510357549131],[-70.6763530389999,-33.509414795131],[-70.6760165739999,-33.509572198131]]]}},{"type":"Feature","properties":{"id":"13116061002017","commune":"Lo Espejo","code":"13116","gse":"D","quintil":"Q1","nse_score":667.4,"educ":10.5,"educ_score":500.0,"hacin":1.491,"hacin_class":"Hacinamiento Leve","hacin_score":746.7,"auto_score":150.0,"n_per":79,"n_hog":27,"source_year":2024},"geometry":{"type":"Polygon","coordinates":[[[-70.6802007996666,-33.509689106131],[-70.6807527669999,-33.510575569131],[-70.6811071219999,-33.510420061131],[-70.6805559739999,-33.509535838131],[-70.6802007996666,-33.509689106131]]]}},{"type":"Feature","properties":{"id":"13116061002018","commune":"Lo Espejo","code":"13116","gse":"E","quintil":"Q1","nse_score":637.9,"educ":9.6,"educ_score":440.0,"hacin":1.681,"hacin_class":"Hacinamiento Medio","hacin_score":706.3,"auto_score":125.0,"n_per":121,"n_hog":37,"source_year":2024},"geometry":{"type":"Polygon","coordinates":[[[-70.6747878779999,-33.5101018111309],[-70.6749775489999,-33.510397793131],[-70.6761713639999,-33.509881014131],[-70.675988087,-33.509584937131],[-70.6747878779999,-33.5101018111309]]]}},{"type":"Feature","properties":{"id":"13116061002020","commune":"Lo Espejo","code":"13116","gse":"C3","quintil":"Q2","nse_score":709.7,"educ":11.0,"educ_score":533.3,"hacin":1.469,"hacin_class":"Hacinamiento Leve","hacin_score":751.3,"auto_score":48.4,"n_per":94,"n_hog":32,"source_year":2024},"geometry":{"type":"Polygon","coordinates":[[[-70.6798200829999,-33.509853379131],[-70.6803776229999,-33.510740199131],[-70.6807241779999,-33.510588115131],[-70.6801721099999,-33.509701466131],[-70.6798200829999,-33.509853379131]]]}},{"type":"Feature","properties":{"id":"13116061002021","commune":"Lo Espejo","code":"13116","gse":"E","quintil":"Q1","nse_score":652.6,"educ":10.4,"educ_score":493.3,"hacin":1.357,"hacin_class":"Hacinamiento Leve","hacin_score":775.1,"auto_score":45.5,"n_per":57,"n_hog":19,"source_year":2024},"geometry":{"type":"Polygon","coordinates":[[[-70.6794428729999,-33.510016133131],[-70.6799977409999,-33.510906905131],[-70.6803490309999,-33.510752746131],[-70.6797913889999,-33.509865736131],[-70.6794428729999,-33.510016133131]]]}},{"type":"Feature","properties":{"id":"13116061002022","commune":"Lo Espejo","code":"13116","gse":"D","quintil":"Q1","nse_score":665.6,"educ":10.1,"educ_score":473.3,"hacin":1.329,"hacin_class":"Hacinamiento Leve","hacin_score":781.0,"auto_score":112.9,"n_per":105,"n_hog":28,"source_year":2024},"geometry":{"type":"Polygon","coordinates":[[[-70.6749927333333,-33.5104215624643],[-70.6751836399999,-33.510721493131],[-70.6763753929999,-33.510210560131],[-70.6761862249999,-33.509905000131],[-70.6749927333333,-33.5104215624643]]]}},{"type":"Feature","properties":{"id":"13116061002023","commune":"Lo Espejo","code":"13116","gse":"E","quintil":"Q1","nse_score":629.1,"educ":10.5,"educ_score":500.0,"hacin":1.508,"hacin_class":"Hacinamiento Medio","hacin_score":742.9,"auto_score":78.1,"n_per":92,"n_hog":27,"source_year":2024},"geometry":{"type":"Polygon","coordinates":[[[-70.6790301879999,-33.510194099131],[-70.6795842779999,-33.511088346131],[-70.6799691499999,-33.510919452131],[-70.6794141829999,-33.510028488131],[-70.6790301879999,-33.510194099131]]]}},{"type":"Feature","properties":{"id":"13116061002025","commune":"Lo Espejo","code":"13116","gse":"E","quintil":"Q1","nse_score":601.8,"educ":9.2,"educ_score":413.3,"hacin":1.4,"hacin_class":"Hacinamiento Leve","hacin_score":766.0,"auto_score":83.3,"n_per":84,"n_hog":27,"source_year":2024},"geometry":{"type":"Polygon","coordinates":[[[-70.6785074349999,-33.510268159131],[-70.6790672799999,-33.511162049131],[-70.6794410789999,-33.510996858131],[-70.6788984449999,-33.510128775131],[-70.6785074349999,-33.510268159131]]]}},{"type":"Feature","properties":{"id":"13116061002026","commune":"Lo Espejo","code":"13116","gse":"D","quintil":"Q1","nse_score":678.8,"educ":10.8,"educ_score":520.0,"hacin":1.394,"hacin_class":"Hacinamiento Leve","hacin_score":767.2,"auto_score":203.1,"n_per":92,"n_hog":30,"source_year":2024},"geometry":{"type":"Polygon","coordinates":[[[-70.6751988579999,-33.510745346131],[-70.6753783839999,-33.511026230131],[-70.6765646069999,-33.510515973131],[-70.6763902569999,-33.510234541131],[-70.6751988579999,-33.510745346131]]]}},{"type":"Feature","properties":{"id":"13116061002027","commune":"Lo Espejo","code":"13116","gse":"D","quintil":"Q2","nse_score":686.0,"educ":10.8,"educ_score":520.0,"hacin":1.403,"hacin_class":"Hacinamiento Leve","hacin_score":765.3,"auto_score":129.0,"n_per":87,"n_hog":36,"source_year":2024},"geometry":{"type":"Polygon","coordinates":[[[-70.6811506519999,-33.5104314951309],[-70.681757892,-33.5114056661309],[-70.6821152059999,-33.511236438131],[-70.6815431749999,-33.510259206131],[-70.6811506519999,-33.5104314951309]]]}},{"type":"Feature","properties":{"id":"13116061002028","commune":"Lo Espejo","code":"13116","gse":"D","quintil":"Q2","nse_score":694.7,"educ":11.3,"educ_score":553.3,"hacin":1.5,"hacin_class":"Hacinamiento Medio","hacin_score":744.7,"auto_score":96.2,"n_per":90,"n_hog":25,"source_year":2024},"geometry":{"type":"Polygon","coordinates":[[[-70.6781114279999,-33.510440516131],[-70.6786765479999,-33.511334721131],[-70.6790387299999,-33.5111746661309],[-70.6784787949999,-33.510280601131],[-70.6781114279999,-33.510440516131]]]}},{"type":"Feature","properties":{"id":"13116061002029","commune":"Lo Espejo","code":"13116","gse":"C3","quintil":"Q2","nse_score":716.5,"educ":10.7,"educ_score":513.3,"hacin":1.288,"hacin_class":"Hacinamiento Leve","hacin_score":789.9,"auto_score":193.5,"n_per":94,"n_hog":32,"source_year":2024},"geometry":{"type":"Polygon","coordinates":[[[-70.6807676939999,-33.510599544131],[-70.6813710889999,-33.5115685821309],[-70.6817290309999,-33.511417763131],[-70.6811220649999,-33.510444016131],[-70.6807676939999,-33.510599544131]]]}},{"type":"Feature","properties":{"id":"13116061002030","commune":"Lo Espejo","code":"13116","gse":"E","quintil":"Q1","nse_score":644.6,"educ":10.7,"educ_score":513.3,"hacin":1.439,"hacin_class":"Hacinamiento Leve","hacin_score":757.7,"auto_score":140.0,"n_per":82,"n_hog":21,"source_year":2024},"geometry":{"type":"Polygon","coordinates":[[[-70.6776700379999,-33.510632643131],[-70.6782441799999,-33.511525790131],[-70.6786479949999,-33.5113473401309],[-70.678082791,-33.510452956131],[-70.6776700379999,-33.510632643131]]]}},{"type":"Feature","properties":{"id":"13116061002032","commune":"Lo Espejo","code":"13116","gse":"D","quintil":"Q2","nse_score":683.2,"educ":10.6,"educ_score":506.7,"hacin":1.578,"hacin_class":"Hacinamiento Medio","hacin_score":728.1,"auto_score":120.7,"n_per":101,"n_hog":36,"source_year":2024},"geometry":{"type":"Polygon","coordinates":[[[-70.6803926619999,-33.510764125131],[-70.6809969139999,-33.511725239131],[-70.6813422369999,-33.5115806991309],[-70.6807391099999,-33.5106120761309],[-70.6803926619999,-33.510764125131]]]}},{"type":"Feature","properties":{"id":"13116061002033","commune":"Lo Espejo","code":"13116","gse":"D","quintil":"Q2","nse_score":689.1,"educ":10.9,"educ_score":526.7,"hacin":1.421,"hacin_class":"Hacinamiento Leve","hacin_score":761.5,"auto_score":104.2,"n_per":81,"n_hog":25,"source_year":2024},"geometry":{"type":"Polygon","coordinates":[[[-70.6772604969999,-33.510810897131],[-70.6778267709999,-33.511710247131],[-70.6782156229999,-33.511538409131],[-70.677641407,-33.510645082131],[-70.6772604969999,-33.510810897131]]]}},{"type":"Feature","properties":{"id":"13116061002034","commune":"Lo Espejo","code":"13116","gse":"D","quintil":"Q1","nse_score":667.7,"educ":10.5,"educ_score":500.0,"hacin":1.238,"hacin_class":"Hacinamiento Leve","hacin_score":800.4,"auto_score":103.4,"n_per":78,"n_hog":25,"source_year":2024},"geometry":{"type":"Polygon","coordinates":[[[-70.6800126759999,-33.510930888131],[-70.6806087449999,-33.5118877911309],[-70.6809680419999,-33.511737326131],[-70.6803640749999,-33.510776657131],[-70.6800126759999,-33.510930888131]]]}},{"type":"Feature","properties":{"id":"13116061002035","commune":"Lo Espejo","code":"13116","gse":"E","quintil":"Q1","nse_score":618.0,"educ":10.2,"educ_score":480.0,"hacin":1.575,"hacin_class":"Hacinamiento Medio","hacin_score":728.8,"auto_score":129.6,"n_per":74,"n_hog":22,"source_year":2024},"geometry":{"type":"Polygon","coordinates":[[[-70.6768872203332,-33.5109733614643],[-70.6774499149999,-33.511876780131],[-70.6777982219999,-33.5117228631309],[-70.6772318579999,-33.510823339131],[-70.6768872203332,-33.5109733614643]]]}},{"type":"Feature","properties":{"id":"13116061002036","commune":"Lo Espejo","code":"13116","gse":"D","quintil":"Q1","nse_score":664.4,"educ":10.7,"educ_score":513.3,"hacin":1.359,"hacin_class":"Hacinamiento Leve","hacin_score":774.6,"auto_score":16.7,"n_per":87,"n_hog":28,"source_year":2024},"geometry":{"type":"Polygon","coordinates":[[[-70.6801959709999,-33.5120462121309],[-70.6805798799999,-33.511899885131],[-70.6799840879999,-33.5109434101309],[-70.6795991034999,-33.511112269131],[-70.6801959709999,-33.5120462121309]]]}},{"type":"Feature","properties":{"id":"13116061002038","commune":"Lo Espejo","code":"13116","gse":"D","quintil":"Q1","nse_score":674.8,"educ":11.2,"educ_score":546.7,"hacin":1.509,"hacin_class":"Hacinamiento Medio","hacin_score":742.7,"auto_score":111.1,"n_per":80,"n_hog":23,"source_year":2024},"geometry":{"type":"Polygon","coordinates":[[[-70.6790822759999,-33.5111859971309],[-70.679748377,-33.512249519131],[-70.6800938609999,-33.5120970751309],[-70.6794560209999,-33.511020810131],[-70.6790822759999,-33.5111859971309]]]}},{"type":"Feature","properties":{"id":"13116061002039","commune":"Lo Espejo","code":"13116","gse":"D","quintil":"Q1","nse_score":664.8,"educ":10.8,"educ_score":520.0,"hacin":1.615,"hacin_class":"Hacinamiento Medio","hacin_score":720.1,"auto_score":166.7,"n_per":105,"n_hog":27,"source_year":2024},"geometry":{"type":"Polygon","coordinates":[[[-70.676122001,-33.511308322131],[-70.6766816609999,-33.5122126011309],[-70.677038922,-33.5120582361309],[-70.6764814079999,-33.5111500491309],[-70.676122001,-33.511308322131]]]}},{"type":"Feature","properties":{"id":"13116061002040","commune":"Lo Espejo","code":"13116","gse":"C3","quintil":"Q3","nse_score":724.9,"educ":11.1,"educ_score":540.0,"hacin":1.386,"hacin_class":"Hacinamiento Leve","hacin_score":768.9,"auto_score":130.4,"n_per":79,"n_hog":23,"source_year":2024},"geometry":{"type":"Polygon","coordinates":[[[-70.6786916519999,-33.511358632131],[-70.6793579999999,-33.5124130001309],[-70.6797195099999,-33.512261614131],[-70.6790537339999,-33.5111985971309],[-70.6786916519999,-33.511358632131]]]}},{"type":"Feature","properties":{"id":"13116061002041","commune":"Lo Espejo","code":"13116","gse":"E","quintil":"Q1","nse_score":632.8,"educ":9.7,"educ_score":446.7,"hacin":1.508,"hacin_class":"Hacinamiento Medio","hacin_score":742.9,"auto_score":93.8,"n_per":92,"n_hog":29,"source_year":2024},"geometry":{"type":"Polygon","coordinates":[[[-70.6757262909999,-33.511571815131],[-70.6762487459999,-33.512404296131],[-70.6766530269999,-33.5122251301309],[-70.6760936419999,-33.5113210461309],[-70.6757262909999,-33.511571815131]]]}},{"type":"Feature","properties":{"id":"13116061002042","commune":"Lo Espejo","code":"13116","gse":"E","quintil":"Q1","nse_score":627.7,"educ":11.3,"educ_score":553.3,"hacin":1.327,"hacin_class":"Hacinamiento Leve","hacin_score":781.6,"auto_score":78.1,"n_per":65,"n_hog":22,"source_year":2024},"geometry":{"type":"Polygon","coordinates":[[[-70.6782594879999,-33.511549611131],[-70.6789298729999,-33.5125924841309],[-70.6793291299999,-33.5124250951309],[-70.678663104,-33.511371224131],[-70.6782594879999,-33.511549611131]]]}},{"type":"Feature","properties":{"id":"13116061002043","commune":"Lo Espejo","code":"13116","gse":"E","quintil":"Q1","nse_score":645.2,"educ":10.8,"educ_score":520.0,"hacin":1.508,"hacin_class":"Hacinamiento Medio","hacin_score":743.0,"auto_score":71.4,"n_per":95,"n_hog":29,"source_year":2024},"geometry":{"type":"Polygon","coordinates":[[[-70.6778418299999,-33.511734166131],[-70.6784968879999,-33.512774502131],[-70.6789010079999,-33.512604602131],[-70.6782309319999,-33.511562206131],[-70.6778418299999,-33.511734166131]]]}},{"type":"Feature","properties":{"id":"13116061002044","commune":"Lo Espejo","code":"13116","gse":"D","quintil":"Q2","nse_score":699.9,"educ":11.1,"educ_score":540.0,"hacin":1.286,"hacin_class":"Hacinamiento Leve","hacin_score":790.3,"auto_score":109.4,"n_per":99,"n_hog":35,"source_year":2024},"geometry":{"type":"Polygon","coordinates":[[[-70.6774648499999,-33.5119007661309],[-70.6781100469999,-33.512936614131],[-70.6784680279999,-33.5127866151309],[-70.6778132849999,-33.511746768131],[-70.6774648499999,-33.5119007661309]]]}},{"type":"Feature","properties":{"id":"13116061002045","commune":"Lo Espejo","code":"13116","gse":"E","quintil":"Q1","nse_score":648.3,"educ":10.2,"educ_score":480.0,"hacin":1.314,"hacin_class":"Hacinamiento Leve","hacin_score":784.3,"auto_score":52.6,"n_per":113,"n_hog":36,"source_year":2024},"geometry":{"type":"Polygon","coordinates":[[[-70.6770822539999,-33.5120698341309],[-70.677708735,-33.513105885131],[-70.6780812,-33.5129487431309],[-70.6774363049999,-33.5119133561309],[-70.6770822539999,-33.5120698341309]]]}},{"type":"Feature","properties":{"id":"13116061002046","commune":"Lo Espejo","code":"13116","gse":"E","quintil":"Q1","nse_score":609.6,"educ":10.0,"educ_score":466.7,"hacin":1.4,"hacin_class":"Hacinamiento Leve","hacin_score":766.0,"auto_score":86.2,"n_per":84,"n_hog":27,"source_year":2024},"geometry":{"type":"Polygon","coordinates":[[[-70.6766965969999,-33.5122365961309],[-70.6773367009999,-33.5132588031309],[-70.6776799059999,-33.513117855131],[-70.6770536749999,-33.5120822681309],[-70.6766965969999,-33.5122365961309]]]}},{"type":"Feature","properties":{"id":"13116061002047","commune":"Lo Espejo","code":"13116","gse":"D","quintil":"Q1","nse_score":663.1,"educ":10.9,"educ_score":526.7,"hacin":1.349,"hacin_class":"Hacinamiento Leve","hacin_score":776.8,"auto_score":112.9,"n_per":85,"n_hog":26,"source_year":2024},"geometry":{"type":"Polygon","coordinates":[[[-70.6768988189999,-33.5134060861309],[-70.6773036049999,-33.5132639481309],[-70.6766679709999,-33.5122491091309],[-70.6762637179999,-33.512428144131],[-70.6768988189999,-33.5134060861309]]]}},{"type":"Feature","properties":{"id":"13116061002016","commune":"Lo Espejo","code":"13116","gse":"E","quintil":"Q1","nse_score":646.5,"educ":10.6,"educ_score":506.7,"hacin":1.571,"hacin_class":"Hacinamiento Medio","hacin_score":729.5,"auto_score":218.8,"n_per":44,"n_hog":17,"source_year":2024},"geometry":{"type":"MultiPolygon","coordinates":[[[[-70.6780473859999,-33.510387858131],[-70.6788242869999,-33.510057006131],[-70.6786344389999,-33.509670898131],[-70.6778066209999,-33.510023005131],[-70.6780473859999,-33.510387858131]]],[[[-70.6787241174999,-33.509662094631],[-70.6790153569999,-33.510170169131],[-70.6793992509999,-33.510004534131],[-70.6790777729999,-33.509488405131],[-70.6787241174999,-33.509662094631]]]]}},{"type":"Feature","properties":{"id":"13116061002001","commune":"Lo Espejo","code":"13116","gse":"E","quintil":"Q1","nse_score":656.5,"educ":10.6,"educ_score":506.7,"hacin":1.583,"hacin_class":"Hacinamiento Medio","hacin_score":727.0,"auto_score":142.9,"n_per":38,"n_hog":13,"source_year":2024},"geometry":{"type":"MultiPolygon","coordinates":[[[[-70.6802409263333,-33.5089719874643],[-70.6805697259999,-33.509499507131],[-70.680965511,-33.509328826131],[-70.6806319179999,-33.508821531131],[-70.6802409263333,-33.5089719874643]]],[[[-70.6786580429999,-33.508187804131],[-70.6789383329999,-33.508606075131],[-70.6795493979999,-33.508444836131],[-70.6789942479999,-33.508752985131],[-70.6793491179999,-33.509300241131],[-70.6805800499999,-33.508736860131],[-70.6798951399999,-33.507638256131],[-70.6786580429999,-33.508187804131]]]]}},{"type":"Feature","properties":{"id":"13116061002031","commune":"Lo Espejo","code":"13116","gse":"E","quintil":"Q1","nse_score":645.1,"educ":10.5,"educ_score":500.0,"hacin":1.44,"hacin_class":"Hacinamiento Leve","hacin_score":757.4,"auto_score":160.7,"n_per":72,"n_hog":23,"source_year":2024},"geometry":{"type":"MultiPolygon","coordinates":[[[[-70.6765099953333,-33.5111375124643],[-70.6770675739999,-33.512045736131],[-70.6774213689999,-33.511889395131],[-70.6768585819999,-33.510985808131],[-70.6765099953333,-33.5111375124643]]],[[[-70.6756582789999,-33.511424192131],[-70.676821748,-33.510931163131],[-70.6765794729999,-33.510539954131],[-70.6753936169999,-33.5110500791309],[-70.6756582789999,-33.511424192131]]]]}},{"type":"Feature","properties":{"id":"13116061003001","commune":"Lo Espejo","code":"13116","gse":"D","quintil":"Q1","nse_score":667.7,"educ":11.3,"educ_score":553.3,"hacin":1.576,"hacin_class":"Hacinamiento Medio","hacin_score":728.6,"auto_score":111.1,"n_per":104,"n_hog":32,"source_year":2024},"geometry":{"type":"Polygon","coordinates":[[[-70.6738999849999,-33.509601322131],[-70.6745491389999,-33.510648055131],[-70.6749646479999,-33.510472678131],[-70.6743148609999,-33.509454151131],[-70.6738999849999,-33.509601322131]]]}},{"type":"Feature","properties":{"id":"13116061003002","commune":"Lo Espejo","code":"13116","gse":"C3","quintil":"Q2","nse_score":708.0,"educ":11.5,"educ_score":566.7,"hacin":1.429,"hacin_class":"Hacinamiento Leve","hacin_score":759.9,"auto_score":150.0,"n_per":90,"n_hog":28,"source_year":2024},"geometry":{"type":"Polygon","coordinates":[[[-70.6735133999999,-33.509769945131],[-70.6741672559999,-33.510809273131],[-70.6745202899999,-33.510660232131],[-70.6738714479999,-33.509613744131],[-70.6735133999999,-33.509769945131]]]}},{"type":"Feature","properties":{"id":"13116061003003","commune":"Lo Espejo","code":"13116","gse":"D","quintil":"Q1","nse_score":668.0,"educ":10.2,"educ_score":480.0,"hacin":1.662,"hacin_class":"Hacinamiento Medio","hacin_score":710.2,"auto_score":296.3,"n_per":118,"n_hog":30,"source_year":2024},"geometry":{"type":"Polygon","coordinates":[[[-70.6731348659999,-33.509935040131],[-70.6737814649999,-33.510972162131],[-70.6741384059999,-33.510821453131],[-70.6734848629999,-33.509782369131],[-70.6731348659999,-33.509935040131]]]}},{"type":"Feature","properties":{"id":"13116061003004","commune":"Lo Espejo","code":"13116","gse":"C3","quintil":"Q2","nse_score":713.1,"educ":11.0,"educ_score":533.3,"hacin":1.327,"hacin_class":"Hacinamiento Leve","hacin_score":781.4,"auto_score":115.4,"n_per":73,"n_hog":27,"source_year":2024},"geometry":{"type":"Polygon","coordinates":[[[-70.6727571164999,-33.510099953131],[-70.6733977029999,-33.5111341931309],[-70.6737526409999,-33.510984332131],[-70.6731063329999,-33.509947467131],[-70.6727571164999,-33.510099953131]]]}},{"type":"Feature","properties":{"id":"13116061003005","commune":"Lo Espejo","code":"13116","gse":"E","quintil":"Q1","nse_score":644.6,"educ":10.0,"educ_score":466.7,"hacin":1.373,"hacin_class":"Hacinamiento Leve","hacin_score":771.7,"auto_score":48.6,"n_per":173,"n_hog":62,"source_year":2024},"geometry":{"type":"Polygon","coordinates":[[[-70.6714042159999,-33.510767782131],[-70.6715016769999,-33.5109722431309],[-70.6729339409999,-33.510444081131],[-70.6727285889999,-33.510112391131],[-70.6714042159999,-33.510767782131]]]}},{"type":"Feature","properties":{"id":"13116061003006","commune":"Lo Espejo","code":"13116","gse":"E","quintil":"Q1","nse_score":637.2,"educ":10.3,"educ_score":486.7,"hacin":1.551,"hacin_class":"Hacinamiento Medio","hacin_score":733.9,"auto_score":63.8,"n_per":259,"n_hog":77,"source_year":2024},"geometry":{"type":"Polygon","coordinates":[[[-70.6715136783333,-33.5109974094643],[-70.6717178979999,-33.511425872131],[-70.6731530289999,-33.510797933131],[-70.6729488099999,-33.510468096131],[-70.6715136783333,-33.5109974094643]]]}},{"type":"Feature","properties":{"id":"13116061003007","commune":"Lo Espejo","code":"13116","gse":"D","quintil":"Q1","nse_score":660.1,"educ":9.7,"educ_score":446.7,"hacin":1.513,"hacin_class":"Hacinamiento Medio","hacin_score":742.0,"auto_score":88.2,"n_per":59,"n_hog":18,"source_year":2024},"geometry":{"type":"Polygon","coordinates":[[[-70.6745639849999,-33.510672099131],[-70.6749369769999,-33.511278391131],[-70.6753588749999,-33.511096543131],[-70.6749797529999,-33.510496562131],[-70.6745639849999,-33.510672099131]]]}},{"type":"Feature","properties":{"id":"13116061003008","commune":"Lo Espejo","code":"13116","gse":"D","quintil":"Q2","nse_score":696.2,"educ":11.2,"educ_score":546.7,"hacin":1.61,"hacin_class":"Hacinamiento Medio","hacin_score":721.3,"auto_score":27.8,"n_per":66,"n_hog":17,"source_year":2024},"geometry":{"type":"Polygon","coordinates":[[[-70.6741822549999,-33.510833257131],[-70.6745603679999,-33.511440973131],[-70.6749082409999,-33.511290756131],[-70.6745351399999,-33.510684255131],[-70.6741822549999,-33.510833257131]]]}},{"type":"Feature","properties":{"id":"13116061003010","commune":"Lo Espejo","code":"13116","gse":"C3","quintil":"Q2","nse_score":718.7,"educ":10.8,"educ_score":520.0,"hacin":1.295,"hacin_class":"Hacinamiento Leve","hacin_score":788.3,"auto_score":177.4,"n_per":101,"n_hog":35,"source_year":2024},"geometry":{"type":"Polygon","coordinates":[[[-70.6718535609999,-33.511396936131],[-70.6720250019999,-33.511713757131],[-70.6733688549999,-33.5111463721309],[-70.6731678989999,-33.510821919131],[-70.6718535609999,-33.511396936131]]]}},{"type":"Feature","properties":{"id":"13116061003012","commune":"Lo Espejo","code":"13116","gse":"C3","quintil":"Q2","nse_score":713.6,"educ":11.2,"educ_score":546.7,"hacin":1.581,"hacin_class":"Hacinamiento Medio","hacin_score":727.4,"auto_score":350.0,"n_per":117,"n_hog":33,"source_year":2024},"geometry":{"type":"Polygon","coordinates":[[[-70.6734125759999,-33.511158216131],[-70.6740378719999,-33.5121676501309],[-70.6743954579999,-33.5120153681309],[-70.6737675969999,-33.511008302131],[-70.6734125759999,-33.511158216131]]]}},{"type":"Feature","properties":{"id":"13116061003014","commune":"Lo Espejo","code":"13116","gse":"D","quintil":"Q2","nse_score":692.8,"educ":10.9,"educ_score":526.7,"hacin":1.387,"hacin_class":"Hacinamiento Leve","hacin_score":768.8,"auto_score":121.2,"n_per":104,"n_hog":35,"source_year":2024},"geometry":{"type":"Polygon","coordinates":[[[-70.6720568799999,-33.511730476131],[-70.6722491799999,-33.5120672501309],[-70.6735902909999,-33.511503870131],[-70.6733837309999,-33.5111703711309],[-70.6720568799999,-33.511730476131]]]}},{"type":"Feature","properties":{"id":"13116061003016","commune":"Lo Espejo","code":"13116","gse":"C3","quintil":"Q2","nse_score":703.8,"educ":10.9,"educ_score":526.7,"hacin":1.375,"hacin_class":"Hacinamiento Leve","hacin_score":771.3,"auto_score":205.9,"n_per":121,"n_hog":34,"source_year":2024},"geometry":{"type":"Polygon","coordinates":[[[-70.6722796579999,-33.512084596131],[-70.672451055,-33.512393303131],[-70.6737973039999,-33.5118379171309],[-70.673605156,-33.511527845131],[-70.6722796579999,-33.512084596131]]]}},{"type":"Feature","properties":{"id":"13116061003017","commune":"Lo Espejo","code":"13116","gse":"D","quintil":"Q1","nse_score":677.9,"educ":11.7,"educ_score":580.0,"hacin":1.727,"hacin_class":"Hacinamiento Medio","hacin_score":696.3,"auto_score":111.1,"n_per":95,"n_hog":24,"source_year":2024},"geometry":{"type":"Polygon","coordinates":[[[-70.6752129223333,-33.5117160824643],[-70.6757642659999,-33.512613406131],[-70.6761918799999,-33.5124296721309],[-70.6756450669999,-33.511562116131],[-70.6752129223333,-33.5117160824643]]]}},{"type":"Feature","properties":{"id":"13116061003018","commune":"Lo Espejo","code":"13116","gse":"C3","quintil":"Q2","nse_score":706.0,"educ":11.1,"educ_score":540.0,"hacin":1.575,"hacin_class":"Hacinamiento Medio","hacin_score":728.7,"auto_score":303.6,"n_per":115,"n_hog":29,"source_year":2024},"geometry":{"type":"Polygon","coordinates":[[[-70.6748272809999,-33.5118814711309],[-70.6753917589999,-33.5127735691309],[-70.6757356399999,-33.512625710131],[-70.675184295,-33.511728372131],[-70.6748272809999,-33.5118814711309]]]}},{"type":"Feature","properties":{"id":"13116061003020","commune":"Lo Espejo","code":"13116","gse":"D","quintil":"Q1","nse_score":658.2,"educ":10.2,"educ_score":480.0,"hacin":1.494,"hacin_class":"Hacinamiento Leve","hacin_score":746.0,"auto_score":151.5,"n_per":121,"n_hog":36,"source_year":2024},"geometry":{"type":"Polygon","coordinates":[[[-70.6724623309999,-33.512418700131],[-70.672663988,-33.5127529661309],[-70.6740091929999,-33.512179865131],[-70.673812171,-33.511861886131],[-70.6724623309999,-33.512418700131]]]}},{"type":"Feature","properties":{"id":"13116061003021","commune":"Lo Espejo","code":"13116","gse":"D","quintil":"Q1","nse_score":669.4,"educ":10.1,"educ_score":473.3,"hacin":1.344,"hacin_class":"Hacinamiento Leve","hacin_score":777.9,"auto_score":100.0,"n_per":86,"n_hog":26,"source_year":2024},"geometry":{"type":"Polygon","coordinates":[[[-70.6744493464999,-33.512044376131],[-70.6750014059999,-33.5129414641309],[-70.6753631459999,-33.5127858741309],[-70.674798656,-33.5118937541309],[-70.6744493464999,-33.512044376131]]]}},{"type":"Feature","properties":{"id":"13116061003022","commune":"Lo Espejo","code":"13116","gse":"C3","quintil":"Q2","nse_score":710.2,"educ":10.7,"educ_score":513.3,"hacin":1.5,"hacin_class":"Hacinamiento Medio","hacin_score":744.7,"auto_score":129.6,"n_per":99,"n_hog":28,"source_year":2024},"geometry":{"type":"Polygon","coordinates":[[[-70.6740648389999,-33.5122106081309],[-70.6746212059999,-33.5131059251309],[-70.6749728039999,-33.512953804131],[-70.6744207519999,-33.5120567091309],[-70.6740648389999,-33.5122106081309]]]}},{"type":"Feature","properties":{"id":"13116061003024","commune":"Lo Espejo","code":"13116","gse":"C3","quintil":"Q2","nse_score":707.9,"educ":10.5,"educ_score":500.0,"hacin":1.419,"hacin_class":"Hacinamiento Leve","hacin_score":761.9,"auto_score":137.9,"n_per":105,"n_hog":29,"source_year":2024},"geometry":{"type":"Polygon","coordinates":[[[-70.6736754279999,-33.512378397131],[-70.6742208409999,-33.5132779871309],[-70.6745924699999,-33.513118285131],[-70.6740362439999,-33.5122229251309],[-70.6736754279999,-33.512378397131]]]}},{"type":"Feature","properties":{"id":"13116061003025","commune":"Lo Espejo","code":"13116","gse":"D","quintil":"Q2","nse_score":692.9,"educ":10.3,"educ_score":486.7,"hacin":1.413,"hacin_class":"Hacinamiento Leve","hacin_score":763.3,"auto_score":173.1,"n_per":89,"n_hog":27,"source_year":2024},"geometry":{"type":"Polygon","coordinates":[[[-70.6732923749999,-33.512543815131],[-70.6738483339999,-33.513438500131],[-70.6741921399999,-33.5132903381309],[-70.6736467339999,-33.512390750131],[-70.6732923749999,-33.512543815131]]]}},{"type":"Feature","properties":{"id":"13116061003027","commune":"Lo Espejo","code":"13116","gse":"D","quintil":"Q1","nse_score":676.8,"educ":10.5,"educ_score":500.0,"hacin":1.343,"hacin_class":"Hacinamiento Leve","hacin_score":778.2,"auto_score":116.7,"n_per":98,"n_hog":30,"source_year":2024},"geometry":{"type":"Polygon","coordinates":[[[-70.6750163749999,-33.5129654581309],[-70.6752024059999,-33.5132626701309],[-70.6763922519999,-33.512750357131],[-70.6762051989999,-33.5124542381309],[-70.6750163749999,-33.5129654581309]]]}},{"type":"Feature","properties":{"id":"13116061003028","commune":"Lo Espejo","code":"13116","gse":"D","quintil":"Q2","nse_score":697.7,"educ":11.2,"educ_score":546.7,"hacin":1.441,"hacin_class":"Hacinamiento Leve","hacin_score":757.2,"auto_score":185.2,"n_per":98,"n_hog":25,"source_year":2024},"geometry":{"type":"Polygon","coordinates":[[[-70.6728986229999,-33.512714005131],[-70.6734540269999,-33.513608426131],[-70.6738196329999,-33.5134508701309],[-70.6732637779999,-33.5125561471309],[-70.6728986229999,-33.512714005131]]]}},{"type":"Feature","properties":{"id":"13116061003029","commune":"Lo Espejo","code":"13116","gse":"C3","quintil":"Q3","nse_score":746.1,"educ":12.0,"educ_score":600.0,"hacin":1.323,"hacin_class":"Hacinamiento Leve","hacin_score":782.2,"auto_score":142.9,"n_per":45,"n_hog":14,"source_year":2024},"geometry":{"type":"Polygon","coordinates":[[[-70.6724783709999,-33.5128983951309],[-70.6728621739999,-33.5138640191309],[-70.6734253339999,-33.5136208041309],[-70.6728700579999,-33.512726380131],[-70.6724783709999,-33.5128983951309]]]}},{"type":"Feature","properties":{"id":"13116061003030","commune":"Lo Espejo","code":"13116","gse":"D","quintil":"Q2","nse_score":694.1,"educ":10.5,"educ_score":500.0,"hacin":1.342,"hacin_class":"Hacinamiento Leve","hacin_score":778.3,"auto_score":166.7,"n_per":102,"n_hog":32,"source_year":2024},"geometry":{"type":"Polygon","coordinates":[[[-70.6752173929999,-33.5132866241309],[-70.6754024239999,-33.5135822351309],[-70.6765953269999,-33.513071120131],[-70.6764073129999,-33.512774152131],[-70.6752173929999,-33.5132866241309]]]}},{"type":"Feature","properties":{"id":"13116061003031","commune":"Lo Espejo","code":"13116","gse":"D","quintil":"Q1","nse_score":670.1,"educ":10.0,"educ_score":466.7,"hacin":1.367,"hacin_class":"Hacinamiento Leve","hacin_score":773.0,"auto_score":75.8,"n_per":108,"n_hog":32,"source_year":2024},"geometry":{"type":"Polygon","coordinates":[[[-70.6738632519999,-33.5134625161309],[-70.6740480029999,-33.513759815131],[-70.6751736999999,-33.513275032131],[-70.6749876799999,-33.5129778111309],[-70.6738632519999,-33.5134625161309]]]}},{"type":"Feature","properties":{"id":"13116061003032","commune":"Lo Espejo","code":"13116","gse":"C3","quintil":"Q2","nse_score":718.6,"educ":11.2,"educ_score":546.7,"hacin":1.329,"hacin_class":"Hacinamiento Leve","hacin_score":781.1,"auto_score":218.8,"n_per":101,"n_hog":32,"source_year":2024},"geometry":{"type":"Polygon","coordinates":[[[-70.6754174109999,-33.5136061881309],[-70.6756405479999,-33.5139628801309],[-70.6768046419999,-33.5134136861309],[-70.6766104549999,-33.5130949961309],[-70.6754174109999,-33.5136061881309]]]}},{"type":"Feature","properties":{"id":"13116061003033","commune":"Lo Espejo","code":"13116","gse":"D","quintil":"Q2","nse_score":685.4,"educ":10.4,"educ_score":493.3,"hacin":1.27,"hacin_class":"Hacinamiento Leve","hacin_score":793.6,"auto_score":78.1,"n_per":94,"n_hog":31,"source_year":2024},"geometry":{"type":"Polygon","coordinates":[[[-70.6740629049999,-33.5137838061309],[-70.6742456429999,-33.514077862131],[-70.6753736859999,-33.5135945491309],[-70.6751886879999,-33.513298962131],[-70.6740629049999,-33.5137838061309]]]}},{"type":"Feature","properties":{"id":"13116061003034","commune":"Lo Espejo","code":"13116","gse":"D","quintil":"Q1","nse_score":676.2,"educ":10.3,"educ_score":486.7,"hacin":1.579,"hacin_class":"Hacinamiento Medio","hacin_score":727.9,"auto_score":52.6,"n_per":60,"n_hog":22,"source_year":2024},"geometry":{"type":"Polygon","coordinates":[[[-70.6728736349999,-33.5138893951309],[-70.6730152989999,-33.5142045381309],[-70.6740192959999,-33.5137721781309],[-70.6738345539999,-33.5134748601309],[-70.6728736349999,-33.5138893951309]]]}},{"type":"Feature","properties":{"id":"13116061003035","commune":"Lo Espejo","code":"13116","gse":"C3","quintil":"Q2","nse_score":711.7,"educ":11.4,"educ_score":560.0,"hacin":1.38,"hacin_class":"Hacinamiento Leve","hacin_score":770.2,"auto_score":100.0,"n_per":98,"n_hog":29,"source_year":2024},"geometry":{"type":"Polygon","coordinates":[[[-70.6742605449999,-33.514101851131],[-70.6744778059999,-33.5144516561309],[-70.6756117879999,-33.5139749571309],[-70.6753886739999,-33.5136184771309],[-70.6742605449999,-33.514101851131]]]}},{"type":"Feature","properties":{"id":"13116061003036","commune":"Lo Espejo","code":"13116","gse":"C3","quintil":"Q3","nse_score":723.0,"educ":11.6,"educ_score":573.3,"hacin":1.364,"hacin_class":"Hacinamiento Leve","hacin_score":773.7,"auto_score":173.1,"n_per":75,"n_hog":26,"source_year":2024},"geometry":{"type":"Polygon","coordinates":[[[-70.6730269289999,-33.5142298451309],[-70.6731715289999,-33.5145380551309],[-70.6742169049999,-33.5140901741309],[-70.6740342029999,-33.5137961431309],[-70.6730269289999,-33.5142298451309]]]}},{"type":"Feature","properties":{"id":"13116061003037","commune":"Lo Espejo","code":"13116","gse":"C3","quintil":"Q2","nse_score":720.4,"educ":10.9,"educ_score":526.7,"hacin":1.192,"hacin_class":"Hacinamiento Leve","hacin_score":810.3,"auto_score":55.6,"n_per":56,"n_hog":19,"source_year":2024},"geometry":{"type":"Polygon","coordinates":[[[-70.6733689799999,-33.5148991121309],[-70.6744490469999,-33.5144637411309],[-70.6742318109999,-33.514114138131],[-70.6731832509999,-33.5145632421309],[-70.6733689799999,-33.5148991121309]]]}},{"type":"Feature","properties":{"id":"13116061003011","commune":"Lo Espejo","code":"13116","gse":"D","quintil":"Q1","nse_score":665.9,"educ":9.8,"educ_score":453.3,"hacin":1.279,"hacin_class":"Hacinamiento Leve","hacin_score":791.7,"auto_score":58.8,"n_per":55,"n_hog":18,"source_year":2024},"geometry":{"type":"MultiPolygon","coordinates":[[[[-70.6741918269999,-33.511630410131],[-70.6744239899999,-33.5120029261309],[-70.6755765624999,-33.511440968631],[-70.6753739849999,-33.5111204281309],[-70.6741918269999,-33.511630410131]]],[[[-70.6737964189999,-33.510996157131],[-70.6741768939999,-33.511606400131],[-70.6745316779999,-33.511453356131],[-70.6741534079999,-33.510845411131],[-70.6737964189999,-33.510996157131]]]]}},{"type":"Feature","properties":{"id":"13116071001002","commune":"Lo Espejo","code":"13116","gse":"C3","quintil":"Q3","nse_score":749.9,"educ":12.5,"educ_score":633.3,"hacin":1.361,"hacin_class":"Hacinamiento Leve","hacin_score":774.3,"auto_score":166.7,"n_per":132,"n_hog":42,"source_year":2024},"geometry":{"type":"Polygon","coordinates":[[[-70.6822782419999,-33.511250578131],[-70.6825230939999,-33.511895763131],[-70.6842419249999,-33.5113587791309],[-70.6838931759999,-33.510568557131],[-70.6822782419999,-33.511250578131]]]}},{"type":"Feature","properties":{"id":"13116071001004","commune":"Lo Espejo","code":"13116","gse":"C2","quintil":"Q3","nse_score":753.4,"educ":12.0,"educ_score":600.0,"hacin":1.46,"hacin_class":"Hacinamiento Leve","hacin_score":753.1,"auto_score":104.2,"n_per":92,"n_hog":27,"source_year":2024},"geometry":{"type":"Polygon","coordinates":[[[-70.6819823319999,-33.512489405131],[-70.6826322769999,-33.5123089721309],[-70.6821480139999,-33.511305810131],[-70.6815742054999,-33.511537122131],[-70.6819823319999,-33.512489405131]]]}},{"type":"Feature","properties":{"id":"13116071001001","commune":"Lo Espejo","code":"13116","gse":"D","quintil":"Q2","nse_score":693.3,"educ":11.7,"educ_score":580.0,"hacin":1.586,"hacin_class":"Hacinamiento Medio","hacin_score":726.4,"auto_score":183.3,"n_per":111,"n_hog":32,"source_year":2024},"geometry":{"type":"MultiPolygon","coordinates":[[[[-70.6833983359999,-33.5116526121309],[-70.6837792559999,-33.5125349331309],[-70.6845013489999,-33.512314200131],[-70.6841104089999,-33.511428630131],[-70.6833983359999,-33.5116526121309]]],[[[-70.6848044579999,-33.510707354131],[-70.6850535459999,-33.511554296131],[-70.6852210949999,-33.5115278721309],[-70.6850540249999,-33.510653395131],[-70.6848044579999,-33.510707354131]]],[[[-70.6841406479999,-33.511419143131],[-70.6845315669999,-33.512304636131],[-70.6850854309999,-33.512129349131],[-70.6845411639999,-33.510325766131],[-70.6839222044999,-33.510556310631],[-70.6842782289999,-33.511363544131],[-70.6841406479999,-33.511419143131]]]]}},{"type":"Feature","properties":{"id":"13116071001007","commune":"Lo Espejo","code":"13116","gse":"C3","quintil":"Q2","nse_score":706.9,"educ":11.3,"educ_score":553.3,"hacin":1.231,"hacin_class":"Hacinamiento Leve","hacin_score":802.0,"auto_score":100.0,"n_per":48,"n_hog":21,"source_year":2024},"geometry":{"type":"Polygon","coordinates":[[[-70.6809566539999,-33.5117977051309],[-70.681347995,-33.512700949131],[-70.6819594719999,-33.5125161471309],[-70.6815452689999,-33.511549273131],[-70.6809566539999,-33.5117977051309]]]}},{"type":"Feature","properties":{"id":"13116071001008","commune":"Lo Espejo","code":"13116","gse":"C2","quintil":"Q4","nse_score":762.0,"educ":12.1,"educ_score":606.7,"hacin":1.4,"hacin_class":"Hacinamiento Leve","hacin_score":766.0,"auto_score":210.5,"n_per":77,"n_hog":22,"source_year":2024},"geometry":{"type":"Polygon","coordinates":[[[-70.6825343929999,-33.511921127131],[-70.6827693079999,-33.5124428361309],[-70.6835904539999,-33.512177177131],[-70.6833680749999,-33.511662048131],[-70.6825343929999,-33.511921127131]]]}},{"type":"Feature","properties":{"id":"13116071001009","commune":"Lo Espejo","code":"13116","gse":"C3","quintil":"Q3","nse_score":736.9,"educ":11.9,"educ_score":593.3,"hacin":1.426,"hacin_class":"Hacinamiento Leve","hacin_score":760.4,"auto_score":142.9,"n_per":77,"n_hog":25,"source_year":2024},"geometry":{"type":"Polygon","coordinates":[[[-70.6805099873333,-33.5129454127976],[-70.6813176109999,-33.512710131131],[-70.6809279049999,-33.511809737131],[-70.6801519709999,-33.512133037131],[-70.6805099873333,-33.5129454127976]]]}},{"type":"Feature","properties":{"id":"13116071001010","commune":"Lo Espejo","code":"13116","gse":"C3","quintil":"Q3","nse_score":739.6,"educ":11.4,"educ_score":560.0,"hacin":1.554,"hacin_class":"Hacinamiento Medio","hacin_score":733.3,"auto_score":173.9,"n_per":87,"n_hog":26,"source_year":2024},"geometry":{"type":"Polygon","coordinates":[[[-70.6796121529999,-33.5123584281309],[-70.6801247789999,-33.5135284001309],[-70.6806155879999,-33.5133699981309],[-70.6801230919999,-33.512145024131],[-70.6796121529999,-33.5123584281309]]]}},{"type":"Feature","properties":{"id":"13116071001013","commune":"Lo Espejo","code":"13116","gse":"C2","quintil":"Q3","nse_score":759.5,"educ":12.1,"educ_score":606.7,"hacin":1.341,"hacin_class":"Hacinamiento Leve","hacin_score":778.4,"auto_score":150.0,"n_per":110,"n_hog":35,"source_year":2024},"geometry":{"type":"Polygon","coordinates":[[[-70.6813590129999,-33.5127263981309],[-70.6815988689999,-33.5132802231309],[-70.6828677039999,-33.5128512591309],[-70.6826435229999,-33.512334329131],[-70.6813590129999,-33.5127263981309]]]}},{"type":"Feature","properties":{"id":"13116071001014","commune":"Lo Espejo","code":"13116","gse":"C2","quintil":"Q4","nse_score":764.4,"educ":12.3,"educ_score":620.0,"hacin":1.369,"hacin_class":"Hacinamiento Leve","hacin_score":772.5,"auto_score":96.2,"n_per":89,"n_hog":29,"source_year":2024},"geometry":{"type":"Polygon","coordinates":[[[-70.6791320689999,-33.512559026131],[-70.6796156179999,-33.513680704131],[-70.6800951079999,-33.5135392161309],[-70.6795820979999,-33.512371089131],[-70.6791320689999,-33.512559026131]]]}},{"type":"Feature","properties":{"id":"13116071001015","commune":"Lo Espejo","code":"13116","gse":"D","quintil":"Q1","nse_score":660.8,"educ":11.6,"educ_score":573.3,"hacin":1.424,"hacin_class":"Hacinamiento Leve","hacin_score":760.9,"auto_score":129.0,"n_per":84,"n_hog":25,"source_year":2024},"geometry":{"type":"Polygon","coordinates":[[[-70.6836049819999,-33.5126179521309],[-70.6840562969999,-33.5136791431309],[-70.6847764439999,-33.5134550411309],[-70.6843779674999,-33.5123823816309],[-70.6836049819999,-33.5126179521309]]]}},{"type":"Feature","properties":{"id":"13116071001016","commune":"Lo Espejo","code":"13116","gse":"C2","quintil":"Q3","nse_score":751.8,"educ":12.0,"educ_score":600.0,"hacin":1.25,"hacin_class":"Hacinamiento Leve","hacin_score":797.9,"auto_score":86.2,"n_per":80,"n_hog":32,"source_year":2024},"geometry":{"type":"Polygon","coordinates":[[[-70.6829321559999,-33.5128146791309],[-70.6834006229999,-33.513885107131],[-70.6840260309999,-33.5136886061309],[-70.6835746309999,-33.5126271741309],[-70.6829321559999,-33.5128146791309]]]}},{"type":"Feature","properties":{"id":"13116071001017","commune":"Lo Espejo","code":"13116","gse":"C2","quintil":"Q4","nse_score":786.8,"educ":12.6,"educ_score":640.0,"hacin":1.2,"hacin_class":"Hacinamiento Leve","hacin_score":808.5,"auto_score":205.9,"n_per":48,"n_hog":19,"source_year":2024},"geometry":{"type":"Polygon","coordinates":[[[-70.6806333563333,-33.5135501631309],[-70.6815683969999,-33.513289203131],[-70.6813286319999,-33.512735556131],[-70.6805098789999,-33.512983048131],[-70.6806333563333,-33.5135501631309]]]}},{"type":"Feature","properties":{"id":"13116071001018","commune":"Lo Espejo","code":"13116","gse":"D","quintil":"Q1","nse_score":676.0,"educ":10.4,"educ_score":493.3,"hacin":2.2,"hacin_class":"Hacinamiento Medio","hacin_score":595.7,"auto_score":0.0,"n_per":22,"n_hog":7,"source_year":2024},"geometry":{"type":"Polygon","coordinates":[[[-70.6826632859999,-33.514728314131],[-70.6835446504999,-33.5144345196309],[-70.6828777039999,-33.5129405081309],[-70.6820085584999,-33.513234422131],[-70.6826632859999,-33.514728314131]]]}},{"type":"Feature","properties":{"id":"13116071001019","commune":"Lo Espejo","code":"13116","gse":"C2","quintil":"Q4","nse_score":761.1,"educ":11.9,"educ_score":593.3,"hacin":1.286,"hacin_class":"Hacinamiento Leve","hacin_score":790.3,"auto_score":150.0,"n_per":108,"n_hog":33,"source_year":2024},"geometry":{"type":"Polygon","coordinates":[[[-70.6806433359999,-33.5135903111309],[-70.6808677079999,-33.5141551581309],[-70.682157318,-33.5137572801309],[-70.6819191649999,-33.5132145216309],[-70.6806433359999,-33.5135903111309]]]}},{"type":"Feature","properties":{"id":"13116071001020","commune":"Lo Espejo","code":"13116","gse":"C3","quintil":"Q3","nse_score":743.4,"educ":11.8,"educ_score":586.7,"hacin":1.4,"hacin_class":"Hacinamiento Leve","hacin_score":766.0,"auto_score":105.3,"n_per":56,"n_hog":21,"source_year":2024},"geometry":{"type":"Polygon","coordinates":[[[-70.6800808673332,-33.5135753007976],[-70.6804158039999,-33.5143348391309],[-70.6808547819999,-33.5142049901309],[-70.6806173094999,-33.5133984456309],[-70.6800808673332,-33.5135753007976]]]}},{"type":"Feature","properties":{"id":"13116071001021","commune":"Lo Espejo","code":"13116","gse":"C2","quintil":"Q3","nse_score":753.7,"educ":12.3,"educ_score":620.0,"hacin":1.161,"hacin_class":"Hacinamiento Leve","hacin_score":816.9,"auto_score":136.4,"n_per":94,"n_hog":31,"source_year":2024},"geometry":{"type":"Polygon","coordinates":[[[-70.683644334,-33.5144165661309],[-70.6850071509999,-33.5140130801309],[-70.6847865629999,-33.5134807481309],[-70.6834118279999,-33.513910477131],[-70.683644334,-33.5144165661309]]]}},{"type":"Feature","properties":{"id":"13116071001022","commune":"Lo Espejo","code":"13116","gse":"C3","quintil":"Q3","nse_score":745.6,"educ":11.8,"educ_score":586.7,"hacin":1.462,"hacin_class":"Hacinamiento Leve","hacin_score":752.9,"auto_score":100.0,"n_per":76,"n_hog":24,"source_year":2024},"geometry":{"type":"Polygon","coordinates":[[[-70.6799501136666,-33.5144645354642],[-70.680385338,-33.5143438421309],[-70.6800509739999,-33.5135855711309],[-70.679626546,-33.5137061761309],[-70.6799501136666,-33.5144645354642]]]}},{"type":"Feature","properties":{"id":"13116071001025","commune":"Lo Espejo","code":"13116","gse":"C2","quintil":"Q4","nse_score":786.3,"educ":12.7,"educ_score":646.7,"hacin":1.108,"hacin_class":"Hacinamiento Leve","hacin_score":828.2,"auto_score":145.8,"n_per":72,"n_hog":26,"source_year":2024},"geometry":{"type":"Polygon","coordinates":[[[-70.6808924439999,-33.5142127401309],[-70.6811835099999,-33.5148757551309],[-70.6817906309999,-33.5146826701309],[-70.6814877449999,-33.5139939121309],[-70.6808924439999,-33.5142127401309]]]}},{"type":"Feature","properties":{"id":"13116071001026","commune":"Lo Espejo","code":"13116","gse":"D","quintil":"Q2","nse_score":694.6,"educ":11.7,"educ_score":580.0,"hacin":1.373,"hacin_class":"Hacinamiento Leve","hacin_score":771.7,"auto_score":155.2,"n_per":81,"n_hog":33,"source_year":2024},"geometry":{"type":"Polygon","coordinates":[[[-70.6839849579999,-33.5143821881309],[-70.684224464,-33.5149208221309],[-70.6851291609999,-33.5146463711309],[-70.6848910419999,-33.5141052181309],[-70.6839849579999,-33.5143821881309]]]}},{"type":"Feature","properties":{"id":"13116071001028","commune":"Lo Espejo","code":"13116","gse":"D","quintil":"Q2","nse_score":683.8,"educ":10.8,"educ_score":520.0,"hacin":1.589,"hacin_class":"Hacinamiento Medio","hacin_score":725.7,"auto_score":161.3,"n_per":116,"n_hog":35,"source_year":2024},"geometry":{"type":"Polygon","coordinates":[[[-70.6827011296666,-33.5148342487976],[-70.6829102539999,-33.5153112981309],[-70.6841942379999,-33.5149303691309],[-70.6839546549999,-33.5143915221309],[-70.6827011296666,-33.5148342487976]]]}},{"type":"Feature","properties":{"id":"13116071001030","commune":"Lo Espejo","code":"13116","gse":"C3","quintil":"Q3","nse_score":723.2,"educ":12.0,"educ_score":600.0,"hacin":1.471,"hacin_class":"Hacinamiento Leve","hacin_score":750.9,"auto_score":210.5,"n_per":75,"n_hog":22,"source_year":2024},"geometry":{"type":"Polygon","coordinates":[[[-70.6842357419999,-33.5149461921309],[-70.6844593139999,-33.5154489951309],[-70.6853609869999,-33.5151603481309],[-70.6851105009999,-33.5146698531309],[-70.6842357419999,-33.5149461921309]]]}},{"type":"Feature","properties":{"id":"13116071001032","commune":"Lo Espejo","code":"13116","gse":"C2","quintil":"Q4","nse_score":784.4,"educ":13.1,"educ_score":673.3,"hacin":1.29,"hacin_class":"Hacinamiento Leve","hacin_score":789.3,"auto_score":152.2,"n_per":80,"n_hog":24,"source_year":2024},"geometry":{"type":"Polygon","coordinates":[[[-70.6819891279999,-33.5150033761309],[-70.6824510729999,-33.5160729121309],[-70.6830839119999,-33.5158778411309],[-70.6826230919999,-33.5148321661309],[-70.6819891279999,-33.5150033761309]]]}},{"type":"Feature","properties":{"id":"13116071001034","commune":"Lo Espejo","code":"13116","gse":"C2","quintil":"Q4","nse_score":767.2,"educ":11.5,"educ_score":566.7,"hacin":1.0,"hacin_class":"Hacinamiento Leve","hacin_score":851.1,"auto_score":148.1,"n_per":73,"n_hog":28,"source_year":2024},"geometry":{"type":"Polygon","coordinates":[[[-70.6813088449999,-33.5152136631309],[-70.6817957099999,-33.5162638151309],[-70.6824206539999,-33.5160820221309],[-70.6819588109999,-33.5150127071309],[-70.6813088449999,-33.5152136631309]]]}},{"type":"Feature","properties":{"id":"13116071001036","commune":"Lo Espejo","code":"13116","gse":"C2","quintil":"Q3","nse_score":757.9,"educ":12.9,"educ_score":660.0,"hacin":1.321,"hacin_class":"Hacinamiento Leve","hacin_score":782.7,"auto_score":113.6,"n_per":74,"n_hog":22,"source_year":2024},"geometry":{"type":"Polygon","coordinates":[[[-70.6829213999999,-33.5153367081309],[-70.6831500519999,-33.5158582921309],[-70.6839966489999,-33.5155875431309],[-70.6837677659999,-33.5150935551309],[-70.6829213999999,-33.5153367081309]]]}},{"type":"Feature","properties":{"id":"13116071001037","commune":"Lo Espejo","code":"13116","gse":"C2","quintil":"Q4","nse_score":790.8,"educ":12.6,"educ_score":640.0,"hacin":1.125,"hacin_class":"Hacinamiento Leve","hacin_score":824.5,"auto_score":145.8,"n_per":81,"n_hog":25,"source_year":2024},"geometry":{"type":"Polygon","coordinates":[[[-70.6808069969999,-33.5153688481309],[-70.6813030309999,-33.5164903251309],[-70.681781741,-33.5163093731309],[-70.6812785569999,-33.5152230051309],[-70.6808069969999,-33.5153688481309]]]}},{"type":"Feature","properties":{"id":"13116071001038","commune":"Lo Espejo","code":"13116","gse":"C3","quintil":"Q2","nse_score":713.5,"educ":11.0,"educ_score":533.3,"hacin":1.446,"hacin_class":"Hacinamiento Leve","hacin_score":756.2,"auto_score":133.3,"n_per":120,"n_hog":39,"source_year":2024},"geometry":{"type":"Polygon","coordinates":[[[-70.6844705953333,-33.5154743697976],[-70.6849499889999,-33.5165524891309],[-70.6856206229999,-33.5163444401309],[-70.6851984409999,-33.5152680361309],[-70.6844705953333,-33.5154743697976]]]}},{"type":"Feature","properties":{"id":"13116071001039","commune":"Lo Espejo","code":"13116","gse":"D","quintil":"Q2","nse_score":686.3,"educ":11.1,"educ_score":540.0,"hacin":1.429,"hacin_class":"Hacinamiento Leve","hacin_score":759.9,"auto_score":57.7,"n_per":80,"n_hog":26,"source_year":2024},"geometry":{"type":"Polygon","coordinates":[[[-70.6803700999999,-33.5155832537976],[-70.6808397029999,-33.5166481791309],[-70.6812772719999,-33.5165099661309],[-70.6807766859999,-33.5153781911309],[-70.6803700999999,-33.5155832537976]]]}},{"type":"Feature","properties":{"id":"13116071001040","commune":"Lo Espejo","code":"13116","gse":"C2","quintil":"Q4","nse_score":762.2,"educ":12.3,"educ_score":620.0,"hacin":1.212,"hacin_class":"Hacinamiento Leve","hacin_score":805.9,"auto_score":206.9,"n_per":97,"n_hog":33,"source_year":2024},"geometry":{"type":"Polygon","coordinates":[[[-70.6831612159999,-33.5158836991309],[-70.6833920999999,-33.5164085081309],[-70.6846760729999,-33.5160139961309],[-70.6844399869999,-33.5154830281309],[-70.6831612159999,-33.5158836991309]]]}},{"type":"Feature","properties":{"id":"13116071001041","commune":"Lo Espejo","code":"13116","gse":"C2","quintil":"Q4","nse_score":784.8,"educ":12.6,"educ_score":640.0,"hacin":1.254,"hacin_class":"Hacinamiento Leve","hacin_score":797.1,"auto_score":275.9,"n_per":89,"n_hog":33,"source_year":2024},"geometry":{"type":"Polygon","coordinates":[[[-70.6818072003333,-33.5162891257976],[-70.6820349919999,-33.5168007941309],[-70.6833233989999,-33.5164240711309],[-70.6830950529999,-33.5159032291309],[-70.6818072003333,-33.5162891257976]]]}},{"type":"Feature","properties":{"id":"13116071001042","commune":"Lo Espejo","code":"13116","gse":"C3","quintil":"Q3","nse_score":740.0,"educ":11.6,"educ_score":573.3,"hacin":1.333,"hacin_class":"Hacinamiento Leve","hacin_score":780.1,"auto_score":166.7,"n_per":100,"n_hog":34,"source_year":2024},"geometry":{"type":"Polygon","coordinates":[[[-70.68364306,-33.5169451471309],[-70.6849196969999,-33.5165618861309],[-70.6846873529999,-33.5160393411309],[-70.6834032819999,-33.5164339081309],[-70.68364306,-33.5169451471309]]]}},{"type":"Feature","properties":{"id":"13116071001043","commune":"Lo Espejo","code":"13116","gse":"C2","quintil":"Q3","nse_score":759.7,"educ":11.8,"educ_score":586.7,"hacin":1.339,"hacin_class":"Hacinamiento Leve","hacin_score":778.9,"auto_score":152.2,"n_per":75,"n_hog":27,"source_year":2024},"geometry":{"type":"Polygon","coordinates":[[[-70.6817680063333,-33.5175420767976],[-70.6822597479999,-33.5173922831309],[-70.6817930479999,-33.5163347491309],[-70.6813159129999,-33.5165194571309],[-70.6817680063333,-33.5175420767976]]]}},{"type":"Feature","properties":{"id":"13116071001044","commune":"Lo Espejo","code":"13116","gse":"C2","quintil":"Q4","nse_score":772.3,"educ":12.3,"educ_score":620.0,"hacin":1.27,"hacin_class":"Hacinamiento Leve","hacin_score":793.6,"auto_score":224.1,"n_per":94,"n_hog":31,"source_year":2024},"geometry":{"type":"Polygon","coordinates":[[[-70.6820461989999,-33.5168261851309],[-70.682290023,-33.5173828491309],[-70.6835555199999,-33.5169696801309],[-70.6833345279999,-33.5164494611309],[-70.6820461989999,-33.5168261851309]]]}},{"type":"Feature","properties":{"id":"13116071001045","commune":"Lo Espejo","code":"13116","gse":"C2","quintil":"Q4","nse_score":791.0,"educ":12.9,"educ_score":660.0,"hacin":1.196,"hacin_class":"Hacinamiento Leve","hacin_score":809.4,"auto_score":210.5,"n_per":55,"n_hog":20,"source_year":2024},"geometry":{"type":"Polygon","coordinates":[[[-70.6813084849999,-33.5176730751309],[-70.6817400099999,-33.5175536401309],[-70.6812884999999,-33.5165353291309],[-70.6808509079999,-33.5166735731309],[-70.6813084849999,-33.5176730751309]]]}},{"type":"Feature","properties":{"id":"13116071001023","commune":"Lo Espejo","code":"13116","gse":"C3","quintil":"Q3","nse_score":740.7,"educ":12.6,"educ_score":640.0,"hacin":1.462,"hacin_class":"Hacinamiento Leve","hacin_score":752.9,"auto_score":264.7,"n_per":57,"n_hog":19,"source_year":2024},"geometry":{"type":"MultiPolygon","coordinates":[[[[-70.6818018039999,-33.514708051131],[-70.6811947669999,-33.5149011226309],[-70.6813112289999,-33.5151536901309],[-70.6819154909999,-33.5149665871309],[-70.6818018039999,-33.514708051131]]],[[[-70.6815180539999,-33.5139845861309],[-70.6818208309999,-33.5146730651309],[-70.6824677829999,-33.5144675081309],[-70.6821684869999,-33.513782659131],[-70.6815180539999,-33.5139845861309]]]]}},{"type":"Feature","properties":{"id":"13116071002001","commune":"Lo Espejo","code":"13116","gse":"C2","quintil":"Q3","nse_score":751.5,"educ":11.6,"educ_score":573.3,"hacin":1.127,"hacin_class":"Hacinamiento Leve","hacin_score":824.0,"auto_score":175.0,"n_per":62,"n_hog":21,"source_year":2024},"geometry":{"type":"Polygon","coordinates":[[[-70.6784311649999,-33.512851382131],[-70.6788025489999,-33.513732525131],[-70.6794883339999,-33.5135313401309],[-70.6790788169999,-33.512615308131],[-70.6784311649999,-33.512851382131]]]}},{"type":"Feature","properties":{"id":"13116071002002","commune":"Lo Espejo","code":"13116","gse":"C2","quintil":"Q4","nse_score":767.8,"educ":12.3,"educ_score":620.0,"hacin":1.477,"hacin_class":"Hacinamiento Leve","hacin_score":749.5,"auto_score":150.0,"n_per":65,"n_hog":24,"source_year":2024},"geometry":{"type":"Polygon","coordinates":[[[-70.6777957989999,-33.513117275131],[-70.6781423839999,-33.513937068131],[-70.6787721549999,-33.5137416901309],[-70.6784024059999,-33.5128633711309],[-70.6777957989999,-33.513117275131]]]}},{"type":"Feature","properties":{"id":"13116071002004","commune":"Lo Espejo","code":"13116","gse":"C2","quintil":"Q4","nse_score":769.7,"educ":12.7,"educ_score":646.7,"hacin":1.247,"hacin_class":"Hacinamiento Leve","hacin_score":798.6,"auto_score":142.9,"n_per":96,"n_hog":37,"source_year":2024},"geometry":{"type":"Polygon","coordinates":[[[-70.6769384469999,-33.5135694371309],[-70.6774617879999,-33.5147636671309],[-70.6780968279999,-33.5145695091309],[-70.6775220929999,-33.5132323371309],[-70.6769384469999,-33.5135694371309]]]}},{"type":"Feature","properties":{"id":"13116071002005","commune":"Lo Espejo","code":"13116","gse":"C2","quintil":"Q4","nse_score":765.3,"educ":12.2,"educ_score":613.3,"hacin":1.224,"hacin_class":"Hacinamiento Leve","hacin_score":803.3,"auto_score":118.4,"n_per":120,"n_hog":40,"source_year":2024},"geometry":{"type":"Polygon","coordinates":[[[-70.6753992479999,-33.5141259131309],[-70.6756864509999,-33.5147501901309],[-70.6771907629999,-33.5142953521309],[-70.6768233719999,-33.5135394711309],[-70.6753992479999,-33.5141259131309]]]}},{"type":"Feature","properties":{"id":"13116071002006","commune":"Lo Espejo","code":"13116","gse":"C2","quintil":"Q4","nse_score":766.9,"educ":12.1,"educ_score":606.7,"hacin":1.4,"hacin_class":"Hacinamiento Leve","hacin_score":766.0,"auto_score":166.7,"n_per":126,"n_hog":39,"source_year":2024},"geometry":{"type":"Polygon","coordinates":[[[-70.6778949939999,-33.514037033131],[-70.678127173,-33.5145602311309],[-70.6797247219999,-33.5140788791309],[-70.6794993259999,-33.5135567721309],[-70.6778949939999,-33.514037033131]]]}},{"type":"Feature","properties":{"id":"13116071002007","commune":"Lo Espejo","code":"13116","gse":"C2","quintil":"Q4","nse_score":779.3,"educ":12.4,"educ_score":626.7,"hacin":1.419,"hacin_class":"Hacinamiento Leve","hacin_score":762.0,"auto_score":344.8,"n_per":122,"n_hog":36,"source_year":2024},"geometry":{"type":"Polygon","coordinates":[[[-70.6787919699999,-33.5143859031309],[-70.6792660099999,-33.5154673721309],[-70.6799490899999,-33.5152640111309],[-70.6796343759999,-33.5145598051309],[-70.6798795629999,-33.5144504781309],[-70.679735708,-33.5141043141309],[-70.6787919699999,-33.5143859031309]]]}},{"type":"Feature","properties":{"id":"13116071002008","commune":"Lo Espejo","code":"13116","gse":"C2","quintil":"Q4","nse_score":762.3,"educ":12.4,"educ_score":626.7,"hacin":1.36,"hacin_class":"Hacinamiento Leve","hacin_score":774.5,"auto_score":189.7,"n_per":102,"n_hog":29,"source_year":2024},"geometry":{"type":"Polygon","coordinates":[[[-70.6747947829999,-33.5143796151309],[-70.6752953989999,-33.5154971981309],[-70.6759094759999,-33.5153075991309],[-70.6753704729999,-33.5141379731309],[-70.6747947829999,-33.5143796151309]]]}},{"type":"Feature","properties":{"id":"13116071002009","commune":"Lo Espejo","code":"13116","gse":"C2","quintil":"Q3","nse_score":754.9,"educ":11.3,"educ_score":553.3,"hacin":1.167,"hacin_class":"Hacinamiento Leve","hacin_score":815.6,"auto_score":55.6,"n_per":63,"n_hog":22,"source_year":2024},"geometry":{"type":"Polygon","coordinates":[[[-70.6763490473333,-33.5145783637976],[-70.6765853789999,-33.5150991321309],[-70.6774292939999,-33.5148388421309],[-70.6772017439999,-33.514320783131],[-70.6763490473333,-33.5145783637976]]]}},{"type":"Feature","properties":{"id":"13116071002010","commune":"Lo Espejo","code":"13116","gse":"C2","quintil":"Q4","nse_score":784.9,"educ":13.0,"educ_score":666.7,"hacin":1.233,"hacin_class":"Hacinamiento Leve","hacin_score":801.4,"auto_score":277.8,"n_per":74,"n_hog":27,"source_year":2024},"geometry":{"type":"Polygon","coordinates":[[[-70.6741683373332,-33.5146423684642],[-70.6746524129999,-33.5156957191309],[-70.6752650889999,-33.5155065571309],[-70.6747660159999,-33.5143916611309],[-70.6741683373332,-33.5146423684642]]]}},{"type":"Feature","properties":{"id":"13116071002011","commune":"Lo Espejo","code":"13116","gse":"C2","quintil":"Q4","nse_score":766.0,"educ":12.3,"educ_score":620.0,"hacin":1.314,"hacin_class":"Hacinamiento Leve","hacin_score":784.3,"auto_score":224.1,"n_per":113,"n_hog":34,"source_year":2024},"geometry":{"type":"Polygon","coordinates":[[[-70.6781384299999,-33.5145856071309],[-70.6786156559999,-33.5156609901309],[-70.6792355719999,-33.5154764341309],[-70.6787615849999,-33.5143950561309],[-70.6781384299999,-33.5145856071309]]]}},{"type":"Feature","properties":{"id":"13116071002013","commune":"Lo Espejo","code":"13116","gse":"C3","quintil":"Q3","nse_score":740.9,"educ":11.8,"educ_score":586.7,"hacin":1.23,"hacin_class":"Hacinamiento Leve","hacin_score":802.2,"auto_score":206.9,"n_per":107,"n_hog":37,"source_year":2024},"geometry":{"type":"Polygon","coordinates":[[[-70.6774729039999,-33.5147890871309],[-70.6779403689999,-33.5158620251309],[-70.6785852149999,-33.5156700531309],[-70.6781080879999,-33.5145948611309],[-70.6774729039999,-33.5147890871309]]]}},{"type":"Feature","properties":{"id":"13116071002014","commune":"Lo Espejo","code":"13116","gse":"C3","quintil":"Q3","nse_score":736.2,"educ":11.7,"educ_score":580.0,"hacin":1.279,"hacin_class":"Hacinamiento Leve","hacin_score":791.8,"auto_score":250.0,"n_per":78,"n_hog":24,"source_year":2024},"geometry":{"type":"Polygon","coordinates":[[[-70.6734279969999,-33.5149547231309],[-70.6738410839999,-33.5159463981309],[-70.6746221009999,-33.5157050821309],[-70.6741395719999,-33.5146544381309],[-70.6734279969999,-33.5149547231309]]]}},{"type":"Feature","properties":{"id":"13116071002017","commune":"Lo Espejo","code":"13116","gse":"C3","quintil":"Q3","nse_score":731.7,"educ":11.6,"educ_score":573.3,"hacin":1.438,"hacin_class":"Hacinamiento Leve","hacin_score":757.8,"auto_score":125.0,"n_per":105,"n_hog":33,"source_year":2024},"geometry":{"type":"Polygon","coordinates":[[[-70.6753067473333,-33.5155225427976],[-70.6755440179999,-33.5160523601309],[-70.6768078669999,-33.5156655441309],[-70.6765665469999,-33.5151337651309],[-70.6753067473333,-33.5155225427976]]]}},{"type":"Feature","properties":{"id":"13116071002020","commune":"Lo Espejo","code":"13116","gse":"C3","quintil":"Q3","nse_score":727.1,"educ":12.1,"educ_score":606.7,"hacin":1.409,"hacin_class":"Hacinamiento Leve","hacin_score":764.0,"auto_score":189.7,"n_per":93,"n_hog":30,"source_year":2024},"geometry":{"type":"Polygon","coordinates":[[[-70.6741149849999,-33.5164808151309],[-70.6755136799999,-33.5160616561309],[-70.6752764409999,-33.5155318821309],[-70.6738529669999,-33.5159715761309],[-70.6741149849999,-33.5164808151309]]]}},{"type":"Feature","properties":{"id":"13116071002021","commune":"Lo Espejo","code":"13116","gse":"C3","quintil":"Q2","nse_score":704.5,"educ":12.2,"educ_score":613.3,"hacin":1.284,"hacin_class":"Hacinamiento Leve","hacin_score":790.7,"auto_score":109.8,"n_per":95,"n_hog":36,"source_year":2024},"geometry":{"type":"Polygon","coordinates":[[[-70.6796193009999,-33.5157333451309],[-70.6800850339999,-33.5168171941309],[-70.6807674299999,-33.5166128841309],[-70.6802686759999,-33.5155506461309],[-70.6796193009999,-33.5157333451309]]]}},{"type":"Feature","properties":{"id":"13116071002022","commune":"Lo Espejo","code":"13116","gse":"C3","quintil":"Q3","nse_score":721.3,"educ":11.9,"educ_score":593.3,"hacin":1.279,"hacin_class":"Hacinamiento Leve","hacin_score":791.8,"auto_score":71.4,"n_per":78,"n_hog":26,"source_year":2024},"geometry":{"type":"Polygon","coordinates":[[[-70.6786038519999,-33.5166461751309],[-70.6798142569999,-33.5162749981309],[-70.679588969,-33.5157426131309],[-70.6780815229999,-33.5162038571309],[-70.6782637189999,-33.5166700071309],[-70.6784721059999,-33.5166425401309],[-70.678345169,-33.5162130661309],[-70.6786038519999,-33.5166461751309]]]}},{"type":"Feature","properties":{"id":"13116071002023","commune":"Lo Espejo","code":"13116","gse":"C2","quintil":"Q4","nse_score":760.8,"educ":11.9,"educ_score":593.3,"hacin":1.282,"hacin_class":"Hacinamiento Leve","hacin_score":791.1,"auto_score":172.4,"n_per":100,"n_hog":32,"source_year":2024},"geometry":{"type":"Polygon","coordinates":[[[-70.6752004169999,-33.5162053821309],[-70.6754681039999,-33.5168039081309],[-70.6768697119999,-33.5163814551309],[-70.6765709329999,-33.5157937251309],[-70.6752004169999,-33.5162053821309]]]}},{"type":"Feature","properties":{"id":"13116071002025","commune":"Lo Espejo","code":"13116","gse":"D","quintil":"Q2","nse_score":700.2,"educ":11.8,"educ_score":586.7,"hacin":1.494,"hacin_class":"Hacinamiento Leve","hacin_score":746.1,"auto_score":125.0,"n_per":115,"n_hog":39,"source_year":2024},"geometry":{"type":"Polygon","coordinates":[[[-70.6785488563333,-33.5166924227976],[-70.6787829039999,-33.5172070441309],[-70.6800546149999,-33.5168263011309],[-70.6798252039999,-33.5163004461309],[-70.6785488563333,-33.5166924227976]]]}},{"type":"Feature","properties":{"id":"13116071002026","commune":"Lo Espejo","code":"13116","gse":"C2","quintil":"Q4","nse_score":770.5,"educ":12.4,"educ_score":626.7,"hacin":1.262,"hacin_class":"Hacinamiento Leve","hacin_score":795.2,"auto_score":234.4,"n_per":101,"n_hog":34,"source_year":2024},"geometry":{"type":"Polygon","coordinates":[[[-70.6761250389999,-33.5166343251309],[-70.6766131029999,-33.5177219591308],[-70.6773528529999,-33.5174820521309],[-70.6768808539999,-33.5164068431309],[-70.6761250389999,-33.5166343251309]]]}},{"type":"Feature","properties":{"id":"13116071002028","commune":"Lo Espejo","code":"13116","gse":"C2","quintil":"Q4","nse_score":799.0,"educ":12.7,"educ_score":646.7,"hacin":1.235,"hacin_class":"Hacinamiento Leve","hacin_score":801.0,"auto_score":137.9,"n_per":84,"n_hog":30,"source_year":2024},"geometry":{"type":"Polygon","coordinates":[[[-70.6800961239999,-33.5168426201309],[-70.6805712049999,-33.5179125241309],[-70.6812269659999,-33.5176867891309],[-70.680778631,-33.5166382531309],[-70.6800961239999,-33.5168426201309]]]}},{"type":"Feature","properties":{"id":"13116071002029","commune":"Lo Espejo","code":"13116","gse":"C3","quintil":"Q3","nse_score":748.0,"educ":11.4,"educ_score":560.0,"hacin":1.155,"hacin_class":"Hacinamiento Leve","hacin_score":818.1,"auto_score":160.7,"n_per":82,"n_hog":30,"source_year":2024},"geometry":{"type":"Polygon","coordinates":[[[-70.6754794393333,-33.5168292577976],[-70.6759717059999,-33.5179299191309],[-70.676582977,-33.5177317291309],[-70.6760946439999,-33.5166434651309],[-70.6754794393333,-33.5168292577976]]]}},{"type":"Feature","properties":{"id":"13116071002030","commune":"Lo Espejo","code":"13116","gse":"C2","quintil":"Q4","nse_score":797.2,"educ":13.1,"educ_score":673.3,"hacin":1.105,"hacin_class":"Hacinamiento Leve","hacin_score":828.7,"auto_score":206.9,"n_per":84,"n_hog":29,"source_year":2024},"geometry":{"type":"Polygon","coordinates":[[[-70.6778888809999,-33.5168413081309],[-70.6783786159999,-33.5179432621309],[-70.6789882369999,-33.5177543211309],[-70.678480653,-33.5166970961309],[-70.6778888809999,-33.5168413081309]]]}},{"type":"Feature","properties":{"id":"13116071002031","commune":"Lo Espejo","code":"13116","gse":"D","quintil":"Q2","nse_score":699.7,"educ":11.4,"educ_score":560.0,"hacin":1.297,"hacin_class":"Hacinamiento Leve","hacin_score":787.9,"auto_score":125.0,"n_per":83,"n_hog":28,"source_year":2024},"geometry":{"type":"Polygon","coordinates":[[[-70.6748142079999,-33.5170301401309],[-70.6752938699999,-33.5181499261308],[-70.6759415789999,-33.5179396921309],[-70.6754490509999,-33.5168384161309],[-70.6748142079999,-33.5170301401309]]]}},{"type":"Feature","properties":{"id":"13116071002032","commune":"Lo Espejo","code":"13116","gse":"C3","quintil":"Q3","nse_score":733.8,"educ":11.3,"educ_score":553.3,"hacin":1.323,"hacin_class":"Hacinamiento Leve","hacin_score":782.3,"auto_score":111.1,"n_per":86,"n_hog":33,"source_year":2024},"geometry":{"type":"Polygon","coordinates":[[[-70.6772742069999,-33.5171266031309],[-70.6777209079999,-33.5181460051309],[-70.6783483089999,-33.5179526291308],[-70.6778586229999,-33.5168507761309],[-70.6772742069999,-33.5171266031309]]]}},{"type":"Feature","properties":{"id":"13116071002033","commune":"Lo Espejo","code":"13116","gse":"C2","quintil":"Q4","nse_score":787.5,"educ":13.3,"educ_score":686.7,"hacin":1.318,"hacin_class":"Hacinamiento Leve","hacin_score":783.4,"auto_score":138.9,"n_per":58,"n_hog":17,"source_year":2024},"geometry":{"type":"Polygon","coordinates":[[[-70.6787952159999,-33.5172321041309],[-70.6790185559999,-33.5177449841309],[-70.6802890139999,-33.5173635591309],[-70.6800657079999,-33.5168517031309],[-70.6787952159999,-33.5172321041309]]]}},{"type":"Feature","properties":{"id":"13116071002035","commune":"Lo Espejo","code":"13116","gse":"C2","quintil":"Q3","nse_score":752.5,"educ":13.1,"educ_score":673.3,"hacin":1.276,"hacin_class":"Hacinamiento Leve","hacin_score":792.3,"auto_score":181.8,"n_per":97,"n_hog":31,"source_year":2024},"geometry":{"type":"Polygon","coordinates":[[[-70.6790296449999,-33.5177704131309],[-70.6792667809999,-33.5183124301308],[-70.6805408649999,-33.5179218191309],[-70.6803003459999,-33.5173888901309],[-70.6790296449999,-33.5177704131309]]]}},{"type":"Feature","properties":{"id":"13116071002036","commune":"Lo Espejo","code":"13116","gse":"E","quintil":"Q1","nse_score":462.2,"educ":6.4,"educ_score":226.7,"hacin":2.0,"hacin_class":"Hacinamiento Medio","hacin_score":638.3,"auto_score":0.0,"n_per":8,"n_hog":0,"source_year":2024},"geometry":{"type":"Polygon","coordinates":[[[-70.6755416979999,-33.5194488151309],[-70.6778830169999,-33.5187388371309],[-70.6773639959999,-33.5175074191309],[-70.6749566019999,-33.5182884171309],[-70.6755416979999,-33.5194488151309]]]}},{"type":"Feature","properties":{"id":"13116071002037","commune":"Lo Espejo","code":"13116","gse":"C3","quintil":"Q3","nse_score":743.9,"educ":11.1,"educ_score":540.0,"hacin":1.325,"hacin_class":"Hacinamiento Leve","hacin_score":781.9,"auto_score":83.3,"n_per":106,"n_hog":38,"source_year":2024},"geometry":{"type":"Polygon","coordinates":[[[-70.677970221,-33.5186894161308],[-70.6792364459999,-33.5183217301309],[-70.6789993289999,-33.5177797261309],[-70.6777319309999,-33.5181714521309],[-70.677970221,-33.5186894161308]]]}},{"type":"Feature","properties":{"id":"13116071002024","commune":"Lo Espejo","code":"13116","gse":"C3","quintil":"Q3","nse_score":729.8,"educ":11.5,"educ_score":566.7,"hacin":1.595,"hacin_class":"Hacinamiento Medio","hacin_score":724.6,"auto_score":107.1,"n_per":59,"n_hog":17,"source_year":2024},"geometry":{"type":"MultiPolygon","coordinates":[[[[-70.6744131403333,-33.5171512411309],[-70.6749445899999,-33.5182632931309],[-70.6752637359999,-33.5181597071309],[-70.6747838209999,-33.5170392921309],[-70.6744131403333,-33.5171512411309]]],[[[-70.674544109,-33.5164068941309],[-70.6747998479999,-33.5170057061309],[-70.675437713,-33.5168130861309],[-70.6751700959999,-33.5162146581309],[-70.674544109,-33.5164068941309]]]]}},{"type":"Feature","properties":{"id":"13116071002015","commune":"Lo Espejo","code":"13116","gse":"C2","quintil":"Q4","nse_score":760.7,"educ":12.9,"educ_score":660.0,"hacin":1.277,"hacin_class":"Hacinamiento Leve","hacin_score":792.2,"auto_score":250.0,"n_per":60,"n_hog":22,"source_year":2024},"geometry":{"type":"MultiPolygon","coordinates":[[[[-70.6772055629999,-33.5169528091309],[-70.6781998429999,-33.5166597071309],[-70.677676286,-33.5154700811309],[-70.6767111869999,-33.5157606331309],[-70.6772055629999,-33.5169528091309]]],[[[-70.6765968599999,-33.5151244381309],[-70.6768382079999,-33.5156562541309],[-70.6776545439999,-33.5153856731309],[-70.6774404469999,-33.5148642271309],[-70.6765968599999,-33.5151244381309]]]]}},{"type":"Feature","properties":{"id":"13116071003004","commune":"Lo Espejo","code":"13116","gse":"E","quintil":"Q1","nse_score":585.8,"educ":9.9,"educ_score":460.0,"hacin":1.607,"hacin_class":"Hacinamiento Medio","hacin_score":721.8,"auto_score":58.1,"n_per":1204,"n_hog":358,"source_year":2024},"geometry":{"type":"Polygon","coordinates":[[[-70.6840350404999,-33.5172658396309],[-70.6844591239999,-33.5182508201309],[-70.6852109829999,-33.5180177931309],[-70.6847431029999,-33.5181933546309],[-70.6849468929999,-33.5186895001309],[-70.6856031319999,-33.5185036591308],[-70.6859066039999,-33.5191857951309],[-70.6866187109999,-33.5189638551308],[-70.6864548269999,-33.5182172951309],[-70.6855966169999,-33.5169563071309],[-70.6853337249999,-33.5169115861309],[-70.6840350404999,-33.5172658396309]]]}},{"type":"Feature","properties":{"id":"13116071003006","commune":"Lo Espejo","code":"13116","gse":"E","quintil":"Q1","nse_score":651.4,"educ":11.8,"educ_score":586.7,"hacin":1.82,"hacin_class":"Hacinamiento Medio","hacin_score":676.6,"auto_score":103.4,"n_per":91,"n_hog":27,"source_year":2024},"geometry":{"type":"Polygon","coordinates":[[[-70.6834761119999,-33.5175445831309],[-70.6838119289999,-33.5184423961309],[-70.6844286989999,-33.5182599291309],[-70.6841187059999,-33.5175700541309],[-70.6834761119999,-33.5175445831309]]]}},{"type":"Feature","properties":{"id":"13116071003007","commune":"Lo Espejo","code":"13116","gse":"C3","quintil":"Q2","nse_score":711.8,"educ":11.3,"educ_score":553.3,"hacin":1.413,"hacin_class":"Hacinamiento Leve","hacin_score":763.3,"auto_score":153.8,"n_per":89,"n_hog":26,"source_year":2024},"geometry":{"type":"Polygon","coordinates":[[[-70.6827117239999,-33.5176751351309],[-70.6831459149999,-33.5186524761309],[-70.6837387069999,-33.5184693841309],[-70.6833263939999,-33.5175721001309],[-70.6827117239999,-33.5176751351309]]]}},{"type":"Feature","properties":{"id":"13116071003008","commune":"Lo Espejo","code":"13116","gse":"E","quintil":"Q1","nse_score":654.6,"educ":10.1,"educ_score":473.3,"hacin":1.421,"hacin_class":"Hacinamiento Leve","hacin_score":761.6,"auto_score":131.6,"n_per":125,"n_hog":42,"source_year":2024},"geometry":{"type":"Polygon","coordinates":[[[-70.6820889769999,-33.5178695121309],[-70.6825210019999,-33.5188454941309],[-70.6831156059999,-33.5186618391309],[-70.6826814619999,-33.5176845791309],[-70.6820889769999,-33.5178695121309]]]}},{"type":"Feature","properties":{"id":"13116071003009","commune":"Lo Espejo","code":"13116","gse":"D","quintil":"Q2","nse_score":692.5,"educ":10.7,"educ_score":513.3,"hacin":1.323,"hacin_class":"Hacinamiento Leve","hacin_score":782.3,"auto_score":212.5,"n_per":131,"n_hog":44,"source_year":2024},"geometry":{"type":"Polygon","coordinates":[[[-70.6814473479999,-33.5181282861309],[-70.6818551459999,-33.5190511531309],[-70.6824906929999,-33.5188548551308],[-70.6820587099999,-33.5178789341309],[-70.6814473479999,-33.5181282861309]]]}},{"type":"Feature","properties":{"id":"13116071003010","commune":"Lo Espejo","code":"13116","gse":"D","quintil":"Q2","nse_score":686.3,"educ":10.7,"educ_score":513.3,"hacin":1.523,"hacin_class":"Hacinamiento Medio","hacin_score":739.8,"auto_score":68.2,"n_per":67,"n_hog":22,"source_year":2024},"geometry":{"type":"Polygon","coordinates":[[[-70.6838230159999,-33.5184678231308],[-70.6840383129999,-33.5189645761308],[-70.6849165159999,-33.5186986971309],[-70.6847127899999,-33.5182026761309],[-70.6838230159999,-33.5184678231308]]]}},{"type":"Feature","properties":{"id":"13116071003011","commune":"Lo Espejo","code":"13116","gse":"E","quintil":"Q1","nse_score":637.8,"educ":10.3,"educ_score":486.7,"hacin":1.542,"hacin_class":"Hacinamiento Medio","hacin_score":735.7,"auto_score":91.8,"n_per":128,"n_hog":43,"source_year":2024},"geometry":{"type":"Polygon","coordinates":[[[-70.6831571809999,-33.5186778406309],[-70.6836125769999,-33.5197028831308],[-70.6841770909999,-33.5195156911309],[-70.6837497179999,-33.5184948051309],[-70.6831571809999,-33.5186778406309]]]}},{"type":"Feature","properties":{"id":"13116071003012","commune":"Lo Espejo","code":"13116","gse":"D","quintil":"Q1","nse_score":660.9,"educ":9.9,"educ_score":460.0,"hacin":1.277,"hacin_class":"Hacinamiento Leve","hacin_score":792.1,"auto_score":160.7,"n_per":83,"n_hog":29,"source_year":2024},"geometry":{"type":"Polygon","coordinates":[[[-70.6849579569999,-33.5187149361309],[-70.6852566459999,-33.5193773621309],[-70.6858763239999,-33.5191952241308],[-70.6855871109999,-33.5185290621308],[-70.6849579569999,-33.5187149361309]]]}},{"type":"Feature","properties":{"id":"13116071003013","commune":"Lo Espejo","code":"13116","gse":"D","quintil":"Q1","nse_score":669.9,"educ":10.3,"educ_score":486.7,"hacin":1.655,"hacin_class":"Hacinamiento Medio","hacin_score":711.7,"auto_score":297.9,"n_per":187,"n_hog":55,"source_year":2024},"geometry":{"type":"Polygon","coordinates":[[[-70.6825322359999,-33.5188708781308],[-70.6829864979999,-33.5198970731308],[-70.6835822919999,-33.5197122981309],[-70.6831268779999,-33.5186871871309],[-70.6825322359999,-33.5188708781308]]]}},{"type":"Feature","properties":{"id":"13116071003014","commune":"Lo Espejo","code":"13116","gse":"E","quintil":"Q1","nse_score":637.4,"educ":10.1,"educ_score":473.3,"hacin":1.456,"hacin_class":"Hacinamiento Leve","hacin_score":754.1,"auto_score":46.9,"n_per":99,"n_hog":29,"source_year":2024},"geometry":{"type":"Polygon","coordinates":[[[-70.6842805569999,-33.5194891061308],[-70.6851533129999,-33.5192226621309],[-70.6849275749999,-33.5187241111309],[-70.6840493369999,-33.5189900231309],[-70.6842805569999,-33.5194891061308]]]}},{"type":"Feature","properties":{"id":"13116071003015","commune":"Lo Espejo","code":"13116","gse":"C3","quintil":"Q2","nse_score":704.6,"educ":10.3,"educ_score":486.7,"hacin":1.379,"hacin_class":"Hacinamiento Leve","hacin_score":770.4,"auto_score":197.0,"n_per":120,"n_hog":38,"source_year":2024},"geometry":{"type":"Polygon","coordinates":[[[-70.6823437849999,-33.5200827191309],[-70.6829562029999,-33.5199064681308],[-70.6825019289999,-33.5188802161309],[-70.6818663609999,-33.5190765431309],[-70.6823437849999,-33.5200827191309]]]}},{"type":"Feature","properties":{"id":"13116071003016","commune":"Lo Espejo","code":"13116","gse":"C3","quintil":"Q3","nse_score":733.5,"educ":11.9,"educ_score":593.3,"hacin":1.288,"hacin_class":"Hacinamiento Leve","hacin_score":789.8,"auto_score":148.1,"n_per":76,"n_hog":26,"source_year":2024},"geometry":{"type":"Polygon","coordinates":[[[-70.685674478,-33.5192868441309],[-70.6858832689999,-33.5197818721309],[-70.6867357879999,-33.5195205741309],[-70.6866246239999,-33.5189906701309],[-70.685674478,-33.5192868441309]]]}},{"type":"Feature","properties":{"id":"13116071003017","commune":"Lo Espejo","code":"13116","gse":"C3","quintil":"Q3","nse_score":734.7,"educ":11.8,"educ_score":586.7,"hacin":1.508,"hacin_class":"Hacinamiento Medio","hacin_score":743.0,"auto_score":145.8,"n_per":190,"n_hog":56,"source_year":2024},"geometry":{"type":"Polygon","coordinates":[[[-70.6850202629999,-33.5194862281309],[-70.6855523539999,-33.5207194841308],[-70.6861780059999,-33.5205271641308],[-70.6856464269999,-33.5193015491308],[-70.6850202629999,-33.5194862281309]]]}},{"type":"Feature","properties":{"id":"13116071003019","commune":"Lo Espejo","code":"13116","gse":"D","quintil":"Q1","nse_score":677.0,"educ":10.3,"educ_score":486.7,"hacin":1.644,"hacin_class":"Hacinamiento Medio","hacin_score":713.9,"auto_score":45.5,"n_per":74,"n_hog":23,"source_year":2024},"geometry":{"type":"Polygon","coordinates":[[[-70.6843061989999,-33.5195572271309],[-70.6845826929999,-33.5201662621308],[-70.6851840409999,-33.5199876821309],[-70.6849410339999,-33.5193599121308],[-70.6843061989999,-33.5195572271309]]]}},{"type":"Feature","properties":{"id":"13116071003020","commune":"Lo Espejo","code":"13116","gse":"D","quintil":"Q2","nse_score":694.0,"educ":10.7,"educ_score":513.3,"hacin":1.446,"hacin_class":"Hacinamiento Leve","hacin_score":756.2,"auto_score":161.8,"n_per":107,"n_hog":39,"source_year":2024},"geometry":{"type":"Polygon","coordinates":[[[-70.6858942599999,-33.5198073311308],[-70.6862083259999,-33.5205178251309],[-70.6868904969999,-33.5202899461308],[-70.6867414404999,-33.5195474176308],[-70.6858942599999,-33.5198073311308]]]}},{"type":"Feature","properties":{"id":"13116071003021","commune":"Lo Espejo","code":"13116","gse":"E","quintil":"Q1","nse_score":554.2,"educ":10.3,"educ_score":486.7,"hacin":2.5,"hacin_class":"Hacinamiento Crítico","hacin_score":531.9,"auto_score":0.0,"n_per":20,"n_hog":5,"source_year":2024},"geometry":{"type":"Polygon","coordinates":[[[-70.6823905989999,-33.5201545281308],[-70.6828838949999,-33.5213249191308],[-70.6843433059999,-33.5208944011309],[-70.6848763519999,-33.5208771001309],[-70.6846294799999,-33.5203427091308],[-70.6842916569999,-33.5204464411309],[-70.6843577369999,-33.5205977161309],[-70.6842018209999,-33.5206402321309],[-70.6843190249999,-33.5205798241308],[-70.6842480029999,-33.5204349771308],[-70.6846178179999,-33.5203174661308],[-70.6842759049999,-33.5195666181309],[-70.6823905989999,-33.5201545281308]]]}},{"type":"Feature","properties":{"id":"13116071003022","commune":"Lo Espejo","code":"13116","gse":"D","quintil":"Q1","nse_score":672.9,"educ":9.3,"educ_score":420.0,"hacin":1.32,"hacin_class":"Hacinamiento Leve","hacin_score":783.0,"auto_score":150.0,"n_per":33,"n_hog":11,"source_year":2024},"geometry":{"type":"Polygon","coordinates":[[[-70.6849093299999,-33.5208741161309],[-70.6855220189999,-33.5207287911309],[-70.6851948659999,-33.5200131631308],[-70.6845942689999,-33.5201915351308],[-70.6849093299999,-33.5208741161309]]]}},{"type":"Feature","properties":{"id":"13116071003023","commune":"Lo Espejo","code":"13116","gse":"D","quintil":"Q1","nse_score":680.4,"educ":10.9,"educ_score":526.7,"hacin":1.422,"hacin_class":"Hacinamiento Leve","hacin_score":761.3,"auto_score":137.9,"n_per":91,"n_hog":30,"source_year":2024},"geometry":{"type":"Polygon","coordinates":[[[-70.6859309569999,-33.5206619091309],[-70.6861523879999,-33.5211611781308],[-70.6870284209999,-33.5209011411309],[-70.6868951629999,-33.5203738571308],[-70.6859309569999,-33.5206619091309]]]}},{"type":"Feature","properties":{"id":"13116071003024","commune":"Lo Espejo","code":"13116","gse":"D","quintil":"Q2","nse_score":694.1,"educ":10.9,"educ_score":526.7,"hacin":1.305,"hacin_class":"Hacinamiento Leve","hacin_score":786.1,"auto_score":107.1,"n_per":124,"n_hog":42,"source_year":2024},"geometry":{"type":"Polygon","coordinates":[[[-70.6852960219999,-33.5208572241309],[-70.6857364569999,-33.5218847101308],[-70.6863503149999,-33.5216986671308],[-70.6859006369999,-33.5206712261308],[-70.6852960219999,-33.5208572241309]]]}},{"type":"Feature","properties":{"id":"13116071003025","commune":"Lo Espejo","code":"13116","gse":"E","quintil":"Q1","nse_score":627.2,"educ":9.6,"educ_score":440.0,"hacin":1.456,"hacin_class":"Hacinamiento Leve","hacin_score":754.0,"auto_score":107.1,"n_per":83,"n_hog":27,"source_year":2024},"geometry":{"type":"Polygon","coordinates":[[[-70.6843819159999,-33.5211449951308],[-70.6845857129999,-33.5216500971309],[-70.6854851589999,-33.5213853741308],[-70.6852657029999,-33.5208665261309],[-70.6843819159999,-33.5211449951308]]]}},{"type":"Feature","properties":{"id":"13116071003026","commune":"Lo Espejo","code":"13116","gse":"C3","quintil":"Q2","nse_score":711.6,"educ":11.6,"educ_score":573.3,"hacin":1.268,"hacin_class":"Hacinamiento Leve","hacin_score":794.1,"auto_score":140.0,"n_per":71,"n_hog":24,"source_year":2024},"geometry":{"type":"Polygon","coordinates":[[[-70.6861635079999,-33.5211865951309],[-70.6863807079999,-33.5216894981308],[-70.6871477429999,-33.5214582691308],[-70.6870341329999,-33.5209279531309],[-70.6861635079999,-33.5211865951309]]]}},{"type":"Feature","properties":{"id":"13116071003028","commune":"Lo Espejo","code":"13116","gse":"E","quintil":"Q1","nse_score":644.2,"educ":10.1,"educ_score":473.3,"hacin":1.598,"hacin_class":"Hacinamiento Medio","hacin_score":723.8,"auto_score":292.5,"n_per":195,"n_hog":64,"source_year":2024},"geometry":{"type":"Polygon","coordinates":[[[-70.6835379059999,-33.5211964497975],[-70.6840890029999,-33.5223933661308],[-70.6847465609999,-33.5221981751308],[-70.6842159239999,-33.5210038161309],[-70.6835379059999,-33.5211964497975]]]}},{"type":"Feature","properties":{"id":"13116071003029","commune":"Lo Espejo","code":"13116","gse":"C3","quintil":"Q3","nse_score":730.9,"educ":11.1,"educ_score":540.0,"hacin":1.562,"hacin_class":"Hacinamiento Medio","hacin_score":731.5,"auto_score":261.4,"n_per":214,"n_hog":54,"source_year":2024},"geometry":{"type":"Polygon","coordinates":[[[-70.6828542289999,-33.5214099851308],[-70.6834241149999,-33.5225973831308],[-70.6840586029999,-33.5224025451308],[-70.6835076369999,-33.5212058541308],[-70.6828542289999,-33.5214099851308]]]}},{"type":"Feature","properties":{"id":"13116071003030","commune":"Lo Espejo","code":"13116","gse":"D","quintil":"Q2","nse_score":683.5,"educ":10.5,"educ_score":500.0,"hacin":1.343,"hacin_class":"Hacinamiento Leve","hacin_score":778.2,"auto_score":183.3,"n_per":98,"n_hog":32,"source_year":2024},"geometry":{"type":"Polygon","coordinates":[[[-70.6845968689999,-33.5216755071308],[-70.6848186429999,-33.5221852801308],[-70.68570625,-33.5218943061308],[-70.6854960829999,-33.5214108241308],[-70.6845968689999,-33.5216755071308]]]}},{"type":"Feature","properties":{"id":"13116071003031","commune":"Lo Espejo","code":"13116","gse":"D","quintil":"Q1","nse_score":666.9,"educ":11.0,"educ_score":533.3,"hacin":1.278,"hacin_class":"Hacinamiento Leve","hacin_score":792.0,"auto_score":220.0,"n_per":69,"n_hog":23,"source_year":2024},"geometry":{"type":"Polygon","coordinates":[[[-70.6861545833332,-33.5217864957975],[-70.6863737379999,-33.5222758771308],[-70.6872625159999,-33.5220112441308],[-70.6871534019999,-33.5214851171308],[-70.6861545833332,-33.5217864957975]]]}},{"type":"Feature","properties":{"id":"13116071003032","commune":"Lo Espejo","code":"13116","gse":"D","quintil":"Q1","nse_score":669.3,"educ":10.8,"educ_score":520.0,"hacin":1.635,"hacin_class":"Hacinamiento Medio","hacin_score":716.0,"auto_score":162.8,"n_per":170,"n_hog":46,"source_year":2024},"geometry":{"type":"Polygon","coordinates":[[[-70.6854993109999,-33.5219922351308],[-70.6859961879999,-33.5230851471308],[-70.6866286359999,-33.5229288791308],[-70.6861242019999,-33.5217956761308],[-70.6854993109999,-33.5219922351308]]]}},{"type":"Feature","properties":{"id":"13116071003033","commune":"Lo Espejo","code":"13116","gse":"E","quintil":"Q1","nse_score":592.6,"educ":9.1,"educ_score":406.7,"hacin":1.505,"hacin_class":"Hacinamiento Medio","hacin_score":743.6,"auto_score":136.4,"n_per":152,"n_hog":42,"source_year":2024},"geometry":{"type":"Polygon","coordinates":[[[-70.6853173849999,-33.5232446021308],[-70.6859652089999,-33.5230928191308],[-70.6854692459999,-33.5220021111308],[-70.6848298009999,-33.5222106911308],[-70.6853173849999,-33.5232446021308]]]}},{"type":"Feature","properties":{"id":"13116071003034","commune":"Lo Espejo","code":"13116","gse":"D","quintil":"Q1","nse_score":666.0,"educ":11.0,"educ_score":533.3,"hacin":1.621,"hacin_class":"Hacinamiento Medio","hacin_score":718.9,"auto_score":148.1,"n_per":107,"n_hog":28,"source_year":2024},"geometry":{"type":"Polygon","coordinates":[[[-70.6866296749999,-33.5228535921308],[-70.6873989379999,-33.5227184881308],[-70.6872681129999,-33.5220380801309],[-70.6863850319999,-33.5223012421308],[-70.6866296749999,-33.5228535921308]]]}},{"type":"Feature","properties":{"id":"13116071003035","commune":"Lo Espejo","code":"13116","gse":"D","quintil":"Q1","nse_score":675.8,"educ":10.1,"educ_score":473.3,"hacin":1.451,"hacin_class":"Hacinamiento Leve","hacin_score":755.1,"auto_score":90.0,"n_per":193,"n_hog":54,"source_year":2024},"geometry":{"type":"Polygon","coordinates":[[[-70.683436018,-33.5226225631308],[-70.6836510009999,-33.5231185271308],[-70.6849768109999,-33.5227188321308],[-70.6847577639999,-33.5222235441308],[-70.683436018,-33.5226225631308]]]}},{"type":"Feature","properties":{"id":"13116071003036","commune":"Lo Espejo","code":"13116","gse":"E","quintil":"Q1","nse_score":652.3,"educ":9.5,"educ_score":433.3,"hacin":1.461,"hacin_class":"Hacinamiento Leve","hacin_score":753.0,"auto_score":153.1,"n_per":187,"n_hog":53,"source_year":2024},"geometry":{"type":"Polygon","coordinates":[[[-70.6836620029999,-33.5231439801308],[-70.6838641839999,-33.5236129131308],[-70.6852066169999,-33.5232518991308],[-70.6849880759999,-33.5227441831308],[-70.6836620029999,-33.5231439801308]]]}},{"type":"Feature","properties":{"id":"13116071004002","commune":"Lo Espejo","code":"13116","gse":"C3","quintil":"Q2","nse_score":703.3,"educ":11.4,"educ_score":560.0,"hacin":1.446,"hacin_class":"Hacinamiento Leve","hacin_score":756.3,"auto_score":226.2,"n_per":159,"n_hog":44,"source_year":2024},"geometry":{"type":"Polygon","coordinates":[[[-70.6807240209999,-33.5182798991309],[-70.6811613129999,-33.5192682701309],[-70.6818021039999,-33.5190761301308],[-70.6813597319999,-33.5181221171309],[-70.6807240209999,-33.5182798991309]]]}},{"type":"Feature","properties":{"id":"13116071004003","commune":"Lo Espejo","code":"13116","gse":"D","quintil":"Q2","nse_score":689.0,"educ":10.5,"educ_score":500.0,"hacin":1.412,"hacin_class":"Hacinamiento Leve","hacin_score":763.3,"auto_score":200.0,"n_per":137,"n_hog":40,"source_year":2024},"geometry":{"type":"Polygon","coordinates":[[[-70.6801243129999,-33.5184737551309],[-70.6805518169999,-33.5194563261309],[-70.6811309839999,-33.5192775881309],[-70.6806936349999,-33.5182890481309],[-70.6801243129999,-33.5184737551309]]]}},{"type":"Feature","properties":{"id":"13116071004005","commune":"Lo Espejo","code":"13116","gse":"C3","quintil":"Q3","nse_score":741.0,"educ":11.1,"educ_score":540.0,"hacin":1.42,"hacin_class":"Hacinamiento Leve","hacin_score":761.8,"auto_score":160.7,"n_per":115,"n_hog":35,"source_year":2024},"geometry":{"type":"Polygon","coordinates":[[[-70.6795458869999,-33.5187530861309],[-70.6799314289999,-33.5196519221308],[-70.6805215389999,-33.5194657611309],[-70.6800946359999,-33.5184842981309],[-70.6795458869999,-33.5187530861309]]]}},{"type":"Feature","properties":{"id":"13116071004008","commune":"Lo Espejo","code":"13116","gse":"E","quintil":"Q1","nse_score":631.2,"educ":10.1,"educ_score":473.3,"hacin":1.271,"hacin_class":"Hacinamiento Leve","hacin_score":793.4,"auto_score":153.8,"n_per":75,"n_hog":24,"source_year":2024},"geometry":{"type":"Polygon","coordinates":[[[-70.6788648994999,-33.5192962831309],[-70.6792718919999,-33.5198434411309],[-70.6799010949999,-33.5196612211308],[-70.6795176439999,-33.5187672341309],[-70.6788648994999,-33.5192962831309]]]}},{"type":"Feature","properties":{"id":"13116071004009","commune":"Lo Espejo","code":"13116","gse":"D","quintil":"Q1","nse_score":675.6,"educ":10.1,"educ_score":473.3,"hacin":1.571,"hacin_class":"Hacinamiento Medio","hacin_score":729.5,"auto_score":127.9,"n_per":154,"n_hog":50,"source_year":2024},"geometry":{"type":"Polygon","coordinates":[[[-70.6811725403333,-33.5192936517975],[-70.6816274549999,-33.5203218111308],[-70.6822361869999,-33.5201154731308],[-70.6818118019999,-33.5190981271309],[-70.6811725403333,-33.5192936517975]]]}},{"type":"Feature","properties":{"id":"13116071004011","commune":"Lo Espejo","code":"13116","gse":"D","quintil":"Q1","nse_score":670.3,"educ":10.8,"educ_score":520.0,"hacin":1.471,"hacin_class":"Hacinamiento Leve","hacin_score":750.8,"auto_score":120.4,"n_per":153,"n_hog":51,"source_year":2024},"geometry":{"type":"Polygon","coordinates":[[[-70.6805608909999,-33.5194823671309],[-70.6810170359999,-33.5205136641309],[-70.6815972049999,-33.5203313061309],[-70.6811422149999,-33.5193029491309],[-70.6805608909999,-33.5194823671309]]]}},{"type":"Feature","properties":{"id":"13116071004012","commune":"Lo Espejo","code":"13116","gse":"D","quintil":"Q2","nse_score":699.3,"educ":11.6,"educ_score":573.3,"hacin":1.603,"hacin_class":"Hacinamiento Medio","hacin_score":722.8,"auto_score":94.9,"n_per":234,"n_hog":75,"source_year":2024},"geometry":{"type":"Polygon","coordinates":[[[-70.678669264,-33.5195252551309],[-70.6799333099999,-33.5222417801308],[-70.6801774529999,-33.5221617951308],[-70.6791215499999,-33.5196238681309],[-70.6788073669999,-33.5193787541309],[-70.678669264,-33.5195252551309]]]}},{"type":"Feature","properties":{"id":"13116071004014","commune":"Lo Espejo","code":"13116","gse":"C3","quintil":"Q2","nse_score":718.0,"educ":12.0,"educ_score":600.0,"hacin":1.396,"hacin_class":"Hacinamiento Leve","hacin_score":766.8,"auto_score":119.8,"n_per":222,"n_hog":87,"source_year":2024},"geometry":{"type":"Polygon","coordinates":[[[-70.6785134699999,-33.5197094901309],[-70.6797132549999,-33.5223093621308],[-70.6799029729999,-33.5222510981308],[-70.6786469049999,-33.5195517001309],[-70.6785134699999,-33.5197094901309]]]}},{"type":"Feature","properties":{"id":"13116071004016","commune":"Lo Espejo","code":"13116","gse":"C3","quintil":"Q3","nse_score":725.4,"educ":11.8,"educ_score":586.7,"hacin":1.357,"hacin_class":"Hacinamiento Leve","hacin_score":775.1,"auto_score":108.2,"n_per":342,"n_hog":129,"source_year":2024},"geometry":{"type":"Polygon","coordinates":[[[-70.6782583609999,-33.5200110981309],[-70.6792899299999,-33.5224393671308],[-70.6796829199999,-33.5223186781308],[-70.6784910609999,-33.5197359711309],[-70.6782583609999,-33.5200110981309]]]}},{"type":"Feature","properties":{"id":"13116071004017","commune":"Lo Espejo","code":"13116","gse":"C3","quintil":"Q2","nse_score":709.7,"educ":12.0,"educ_score":600.0,"hacin":1.239,"hacin_class":"Hacinamiento Leve","hacin_score":800.2,"auto_score":55.6,"n_per":114,"n_hog":49,"source_year":2024},"geometry":{"type":"Polygon","coordinates":[[[-70.6783841239999,-33.5211070031308],[-70.677994914,-33.5203176061308],[-70.677045657,-33.5214269131308],[-70.6766237154999,-33.5216840376308],[-70.6772646449999,-33.5230437841308],[-70.6787450569999,-33.5224615821308],[-70.6789133769999,-33.5225469031308],[-70.6787357149999,-33.5218135231308],[-70.6790334819999,-33.5224888781308],[-70.679259612,-33.5224486771308],[-70.6782354109999,-33.5200378081308],[-70.6780219539999,-33.5202861491309],[-70.6783841239999,-33.5211070031308]]]}},{"type":"Feature","properties":{"id":"13116071004018","commune":"Lo Espejo","code":"13116","gse":"D","quintil":"Q1","nse_score":682.9,"educ":10.8,"educ_score":520.0,"hacin":1.57,"hacin_class":"Hacinamiento Medio","hacin_score":729.9,"auto_score":88.2,"n_per":124,"n_hog":38,"source_year":2024},"geometry":{"type":"Polygon","coordinates":[[[-70.6807764399999,-33.5200819931309],[-70.6795595629999,-33.5204364761308],[-70.6797645009999,-33.5209383301308],[-70.6807548849999,-33.5206474741308],[-70.6806051109999,-33.5202271401308],[-70.6807853649999,-33.5206385231308],[-70.6810066769999,-33.5205735261309],[-70.6807764399999,-33.5200819931309]]]}},{"type":"Feature","properties":{"id":"13116071004019","commune":"Lo Espejo","code":"13116","gse":"C3","quintil":"Q2","nse_score":712.5,"educ":10.6,"educ_score":506.7,"hacin":1.4,"hacin_class":"Hacinamiento Leve","hacin_score":766.0,"auto_score":137.5,"n_per":147,"n_hog":50,"source_year":2024},"geometry":{"type":"Polygon","coordinates":[[[-70.6810430719999,-33.5205762201309],[-70.6812574409999,-33.5210789051309],[-70.6825018409999,-33.5206871921309],[-70.6822622949999,-33.5202008231308],[-70.6810430719999,-33.5205762201309]]]}},{"type":"Feature","properties":{"id":"13116071004020","commune":"Lo Espejo","code":"13116","gse":"D","quintil":"Q2","nse_score":684.3,"educ":10.4,"educ_score":493.3,"hacin":1.514,"hacin_class":"Hacinamiento Medio","hacin_score":741.7,"auto_score":88.9,"n_per":162,"n_hog":49,"source_year":2024},"geometry":{"type":"Polygon","coordinates":[[[-70.6797756849999,-33.5209637281308],[-70.6799935259999,-33.5214767471308],[-70.6812271989999,-33.5210884251308],[-70.6810181369999,-33.5205981741308],[-70.6797756849999,-33.5209637281308]]]}},{"type":"Feature","properties":{"id":"13116071004021","commune":"Lo Espejo","code":"13116","gse":"D","quintil":"Q2","nse_score":686.4,"educ":10.5,"educ_score":500.0,"hacin":1.446,"hacin_class":"Hacinamiento Leve","hacin_score":756.3,"auto_score":142.9,"n_per":159,"n_hog":46,"source_year":2024},"geometry":{"type":"Polygon","coordinates":[[[-70.6812683119999,-33.5211044041308],[-70.6815404679999,-33.5217425641309],[-70.6827630724999,-33.5213165546308],[-70.6825131369999,-33.5207125321309],[-70.6812683119999,-33.5211044041308]]]}},{"type":"Feature","properties":{"id":"13116071004023","commune":"Lo Espejo","code":"13116","gse":"D","quintil":"Q1","nse_score":676.7,"educ":10.9,"educ_score":526.7,"hacin":1.635,"hacin_class":"Hacinamiento Medio","hacin_score":715.9,"auto_score":85.4,"n_per":139,"n_hog":45,"source_year":2024},"geometry":{"type":"Polygon","coordinates":[[[-70.6803109169999,-33.5221123151308],[-70.6815101369999,-33.5217518721308],[-70.6812380729999,-33.5211139001308],[-70.6800044569999,-33.5215022021309],[-70.6803109169999,-33.5221123151308]]]}},{"type":"Feature","properties":{"id":"13116071004025","commune":"Lo Espejo","code":"13116","gse":"D","quintil":"Q1","nse_score":669.3,"educ":10.0,"educ_score":466.7,"hacin":1.505,"hacin_class":"Hacinamiento Medio","hacin_score":743.6,"auto_score":142.9,"n_per":155,"n_hog":48,"source_year":2024},"geometry":{"type":"Polygon","coordinates":[[[-70.6815777769999,-33.5218002861308],[-70.681806633,-33.5223224511308],[-70.6830535079999,-33.5219448201308],[-70.6828239159999,-33.5214193291309],[-70.6815777769999,-33.5218002861308]]]}},{"type":"Feature","properties":{"id":"13116071004026","commune":"Lo Espejo","code":"13116","gse":"C3","quintil":"Q2","nse_score":703.3,"educ":10.7,"educ_score":513.3,"hacin":1.546,"hacin_class":"Hacinamiento Medio","hacin_score":734.8,"auto_score":187.5,"n_per":150,"n_hog":49,"source_year":2024},"geometry":{"type":"Polygon","coordinates":[[[-70.6803374059999,-33.5222604701308],[-70.6805483339999,-33.5227035331308],[-70.681776253,-33.5223316521308],[-70.6815474439999,-33.5218095591309],[-70.6803374059999,-33.5222604701308]]]}},{"type":"Feature","properties":{"id":"13116071004027","commune":"Lo Espejo","code":"13116","gse":"C3","quintil":"Q3","nse_score":724.2,"educ":11.0,"educ_score":533.3,"hacin":1.563,"hacin_class":"Hacinamiento Medio","hacin_score":731.3,"auto_score":127.7,"n_per":186,"n_hog":58,"source_year":2024},"geometry":{"type":"Polygon","coordinates":[[[-70.6820364939999,-33.5228469491308],[-70.6833104499999,-33.5224452071308],[-70.6830654279999,-33.5219699721309],[-70.6818177669999,-33.5223478651308],[-70.6820364939999,-33.5228469491308]]]}},{"type":"Feature","properties":{"id":"13116071004028","commune":"Lo Espejo","code":"13116","gse":"D","quintil":"Q2","nse_score":691.9,"educ":11.8,"educ_score":586.7,"hacin":1.376,"hacin_class":"Hacinamiento Leve","hacin_score":771.0,"auto_score":111.6,"n_per":256,"n_hog":96,"source_year":2024},"geometry":{"type":"Polygon","coordinates":[[[-70.6783746089999,-33.5227920941308],[-70.6786090329999,-33.5233180571308],[-70.6804982979999,-33.5227337691308],[-70.680223097,-33.5222178661308],[-70.6783746089999,-33.5227920941308]]]}},{"type":"Feature","properties":{"id":"13116071004029","commune":"Lo Espejo","code":"13116","gse":"D","quintil":"Q2","nse_score":697.8,"educ":11.1,"educ_score":540.0,"hacin":1.426,"hacin_class":"Hacinamiento Leve","hacin_score":760.5,"auto_score":231.7,"n_per":144,"n_hog":41,"source_year":2024},"geometry":{"type":"Polygon","coordinates":[[[-70.6805599259999,-33.5227287771308],[-70.6807856839999,-33.5232389361308],[-70.6820061379999,-33.5228561761308],[-70.6817873899999,-33.5223570411308],[-70.6805599259999,-33.5227287771308]]]}},{"type":"Feature","properties":{"id":"13116071004030","commune":"Lo Espejo","code":"13116","gse":"D","quintil":"Q1","nse_score":682.4,"educ":10.0,"educ_score":466.7,"hacin":1.424,"hacin_class":"Hacinamiento Leve","hacin_score":760.8,"auto_score":187.5,"n_per":141,"n_hog":43,"source_year":2024},"geometry":{"type":"Polygon","coordinates":[[[-70.6831989439999,-33.5237703621308],[-70.683833219,-33.5236206071308],[-70.6833232619999,-33.5224700541308],[-70.6827216449999,-33.5226596521308],[-70.6831989439999,-33.5237703621308]]]}},{"type":"Feature","properties":{"id":"13116071004033","commune":"Lo Espejo","code":"13116","gse":"D","quintil":"Q2","nse_score":685.8,"educ":11.4,"educ_score":560.0,"hacin":1.43,"hacin_class":"Hacinamiento Leve","hacin_score":759.6,"auto_score":133.9,"n_per":153,"n_hog":52,"source_year":2024},"geometry":{"type":"Polygon","coordinates":[[[-70.6820666133333,-33.5229156784641],[-70.6825192309999,-33.5239485141308],[-70.6831025679999,-33.5237950971308],[-70.6826529089999,-33.5226882541308],[-70.6820666133333,-33.5229156784641]]]}},{"type":"Feature","properties":{"id":"13116071004034","commune":"Lo Espejo","code":"13116","gse":"C3","quintil":"Q2","nse_score":707.8,"educ":10.7,"educ_score":513.3,"hacin":1.479,"hacin_class":"Hacinamiento Leve","hacin_score":749.1,"auto_score":166.7,"n_per":71,"n_hog":18,"source_year":2024},"geometry":{"type":"Polygon","coordinates":[[[-70.6798794769999,-33.5229481771308],[-70.6801951659999,-33.5236367391308],[-70.6808065219999,-33.5234415671308],[-70.6805098099999,-33.5227590291308],[-70.6798794769999,-33.5229481771308]]]}},{"type":"Feature","properties":{"id":"13116071004035","commune":"Lo Espejo","code":"13116","gse":"D","quintil":"Q2","nse_score":692.0,"educ":11.5,"educ_score":566.7,"hacin":1.357,"hacin_class":"Hacinamiento Leve","hacin_score":775.2,"auto_score":103.8,"n_per":449,"n_hog":166,"source_year":2024},"geometry":{"type":"Polygon","coordinates":[[[-70.6783202119999,-33.5228374141308],[-70.6773003819999,-33.5231588976308],[-70.6781610899999,-33.5249641511308],[-70.6787255859999,-33.5248849691308],[-70.6780200469999,-33.5231869351308],[-70.6787568569999,-33.5248773751308],[-70.6791433759999,-33.5247742201308],[-70.6790686139999,-33.5245191601308],[-70.6788689599999,-33.5246610861308],[-70.678142164,-33.5229689431308],[-70.6788551159999,-33.5245489461308],[-70.6790573449999,-33.5244937471308],[-70.6783202119999,-33.5228374141308]]]}},{"type":"Feature","properties":{"id":"13116071004036","commune":"Lo Espejo","code":"13116","gse":"D","quintil":"Q2","nse_score":699.7,"educ":11.0,"educ_score":533.3,"hacin":1.395,"hacin_class":"Hacinamiento Leve","hacin_score":767.1,"auto_score":145.8,"n_per":159,"n_hog":50,"source_year":2024},"geometry":{"type":"Polygon","coordinates":[[[-70.6814295449999,-33.5230603621308],[-70.6818884709999,-33.5241040821308],[-70.6824882699999,-33.5239562141308],[-70.6820172769999,-33.5228815651308],[-70.6814295449999,-33.5230603621308]]]}},{"type":"Feature","properties":{"id":"13116071004037","commune":"Lo Espejo","code":"13116","gse":"C3","quintil":"Q3","nse_score":728.4,"educ":11.5,"educ_score":566.7,"hacin":1.364,"hacin_class":"Hacinamiento Leve","hacin_score":773.7,"auto_score":152.2,"n_per":75,"n_hog":24,"source_year":2024},"geometry":{"type":"Polygon","coordinates":[[[-70.6792718039999,-33.5231332771308],[-70.6795616779999,-33.5237988271308],[-70.680151555,-33.5236159641308],[-70.6798490859999,-33.5229573421308],[-70.6792718039999,-33.5231332771308]]]}},{"type":"Feature","properties":{"id":"13116071004038","commune":"Lo Espejo","code":"13116","gse":"D","quintil":"Q1","nse_score":675.6,"educ":10.5,"educ_score":500.0,"hacin":1.295,"hacin_class":"Hacinamiento Leve","hacin_score":788.2,"auto_score":108.7,"n_per":136,"n_hog":47,"source_year":2024},"geometry":{"type":"Polygon","coordinates":[[[-70.6812366319999,-33.5242553431308],[-70.6818574879999,-33.5241117411308],[-70.6813992929999,-33.5230698241308],[-70.6807967164999,-33.5232643686308],[-70.6812366319999,-33.5242553431308]]]}},{"type":"Feature","properties":{"id":"13116071004039","commune":"Lo Espejo","code":"13116","gse":"C3","quintil":"Q2","nse_score":720.2,"educ":11.2,"educ_score":546.7,"hacin":1.262,"hacin_class":"Hacinamiento Leve","hacin_score":795.3,"auto_score":129.6,"n_per":77,"n_hog":26,"source_year":2024},"geometry":{"type":"Polygon","coordinates":[[[-70.6786245259999,-33.5233423341308],[-70.6789152449999,-33.5239992191308],[-70.6795313819999,-33.5238082191308],[-70.6792415579999,-33.5231427551308],[-70.6786245259999,-33.5233423341308]]]}},{"type":"Feature","properties":{"id":"13116071004040","commune":"Lo Espejo","code":"13116","gse":"D","quintil":"Q2","nse_score":699.2,"educ":10.9,"educ_score":526.7,"hacin":1.338,"hacin_class":"Hacinamiento Leve","hacin_score":779.1,"auto_score":112.9,"n_per":95,"n_hog":30,"source_year":2024},"geometry":{"type":"Polygon","coordinates":[[[-70.6802060843332,-33.5236622207975],[-70.6805389489999,-33.5244389401308],[-70.6811541129999,-33.5242767181308],[-70.6808175819999,-33.5234669851308],[-70.6802060843332,-33.5236622207975]]]}},{"type":"Feature","properties":{"id":"13116071004041","commune":"Lo Espejo","code":"13116","gse":"D","quintil":"Q1","nse_score":671.0,"educ":10.7,"educ_score":513.3,"hacin":1.546,"hacin_class":"Hacinamiento Medio","hacin_score":735.0,"auto_score":177.4,"n_per":102,"n_hog":29,"source_year":2024},"geometry":{"type":"Polygon","coordinates":[[[-70.6798946129999,-33.5245633811308],[-70.6805079749999,-33.5244466221308],[-70.6801628179999,-33.5236413151308],[-70.6795727519999,-33.5238242611308],[-70.6798946129999,-33.5245633811308]]]}},{"type":"Feature","properties":{"id":"13116071004042","commune":"Lo Espejo","code":"13116","gse":"C3","quintil":"Q3","nse_score":742.7,"educ":11.5,"educ_score":566.7,"hacin":1.365,"hacin_class":"Hacinamiento Leve","hacin_score":773.4,"auto_score":240.0,"n_per":86,"n_hog":25,"source_year":2024},"geometry":{"type":"Polygon","coordinates":[[[-70.6792682019999,-33.5247461491308],[-70.6798774569999,-33.5246027981308],[-70.6795424589999,-33.5238336281308],[-70.6789264799999,-33.5240246031308],[-70.6792682019999,-33.5247461491308]]]}},{"type":"Feature","properties":{"id":"13116071005005","commune":"Lo Espejo","code":"13116","gse":"E","quintil":"Q1","nse_score":642.9,"educ":10.8,"educ_score":520.0,"hacin":1.609,"hacin_class":"Hacinamiento Medio","hacin_score":721.4,"auto_score":92.6,"n_per":103,"n_hog":33,"source_year":2024},"geometry":{"type":"MultiPolygon","coordinates":[[[[-70.6873392629999,-33.5381983631306],[-70.6877655709999,-33.5381746061306],[-70.6889803039999,-33.5377235491307],[-70.6902525009999,-33.5371387711306],[-70.6906264939999,-33.5367957051306],[-70.6889209669999,-33.5287208521307],[-70.6888075929999,-33.5288674391307],[-70.6835944969999,-33.5313727041307],[-70.683172382,-33.5317444871307],[-70.6825088389999,-33.5328886246307],[-70.6827436069999,-33.5335954141307],[-70.6848121329999,-33.5373511531306],[-70.6851964849999,-33.5375879541306],[-70.6873392629999,-33.5381983631306]]],[[[-70.6890325259999,-33.5286712901307],[-70.6904800629999,-33.5353332801306],[-70.6908989639999,-33.5351097016306],[-70.6898661514999,-33.5301010491307],[-70.6907489659999,-33.5296534871308],[-70.6899985379999,-33.5282615411307],[-70.6890325259999,-33.5286712901307]]]]}}]}