{"type":"FeatureCollection","features":[{"type":"Feature","properties":{"id":"5506011001002","commune":"Nogales","code":"05506","gse":"C3","quintil":"Q2","nse_score":688.9,"educ":13.5,"educ_score":700.0,"hacin":1.1,"hacin_class":"Hacinamiento Leve","hacin_score":829.8,"auto_score":50.0,"n_per":22,"n_hog":8,"source_year":2024,"crime_score":0.2112,"crime_nivel":"Medio","crime_color":"#ff9800"},"geometry":{"type":"Polygon","coordinates":[[[-71.2014727399999,-32.7343212311413],[-71.2022811709999,-32.7320483821413],[-71.2021529269999,-32.7319137501413],[-71.2014702969999,-32.7327451561413],[-71.2008104769999,-32.7331826861413],[-71.200564874,-32.7339716731412],[-71.2014727399999,-32.7343212311413]]]}},{"type":"Feature","properties":{"id":"5506011001003","commune":"Nogales","code":"05506","gse":"C3","quintil":"Q2","nse_score":680.6,"educ":10.5,"educ_score":500.0,"hacin":1.283,"hacin_class":"Hacinamiento Leve","hacin_score":790.8,"auto_score":103.8,"n_per":145,"n_hog":56,"source_year":2024,"crime_score":0.2251,"crime_nivel":"Medio","crime_color":"#ff9800"},"geometry":{"type":"Polygon","coordinates":[[[-71.2019115609999,-32.7333574341412],[-71.203440983,-32.7337712571413],[-71.2037787009999,-32.7326975001412],[-71.2023701379999,-32.7321301451413],[-71.2019115609999,-32.7333574341412]]]}},{"type":"Feature","properties":{"id":"5506011001004","commune":"Nogales","code":"05506","gse":"C2","quintil":"Q4","nse_score":759.0,"educ":12.5,"educ_score":633.3,"hacin":1.256,"hacin_class":"Hacinamiento Leve","hacin_score":796.6,"auto_score":138.9,"n_per":54,"n_hog":19,"source_year":2024,"crime_score":0.2063,"crime_nivel":"Medio","crime_color":"#ff9800"},"geometry":{"type":"Polygon","coordinates":[[[-71.2042319589999,-32.7340328441413],[-71.2046302869999,-32.7330593811412],[-71.2038506359999,-32.7327287901413],[-71.2034971749999,-32.7338044471413],[-71.2042319589999,-32.7340328441413]]]}},{"type":"Feature","properties":{"id":"5506011001005","commune":"Nogales","code":"05506","gse":"D","quintil":"Q2","nse_score":656.2,"educ":10.5,"educ_score":500.0,"hacin":1.482,"hacin_class":"Hacinamiento Leve","hacin_score":748.6,"auto_score":105.3,"n_per":40,"n_hog":17,"source_year":2024,"crime_score":0.2169,"crime_nivel":"Medio","crime_color":"#ff9800"},"geometry":{"type":"Polygon","coordinates":[[[-71.205107069,-32.7342792391412],[-71.2054654309999,-32.7334032391412],[-71.2047136209999,-32.7330942571413],[-71.2043502029999,-32.7340468161412],[-71.205107069,-32.7342792391412]]]}},{"type":"Feature","properties":{"id":"5506011001006","commune":"Nogales","code":"05506","gse":"D","quintil":"Q1","nse_score":623.3,"educ":10.6,"educ_score":506.7,"hacin":1.231,"hacin_class":"Hacinamiento Leve","hacin_score":802.0,"auto_score":150.0,"n_per":32,"n_hog":9,"source_year":2024,"crime_score":0.2199,"crime_nivel":"Medio","crime_color":"#ff9800"},"geometry":{"type":"Polygon","coordinates":[[[-71.199127287,-32.7367632311412],[-71.1992951349999,-32.7367944071412],[-71.2004872919999,-32.7333603521412],[-71.1984014279999,-32.7345721391413],[-71.1971647659999,-32.7357553541412],[-71.1981195689999,-32.7359622111412],[-71.1983053179999,-32.7353817351412],[-71.198848144,-32.7349041511413],[-71.1997901029999,-32.7351402581412],[-71.199127287,-32.7367632311412]]]}},{"type":"Feature","properties":{"id":"5506011001007","commune":"Nogales","code":"05506","gse":"C3","quintil":"Q3","nse_score":718.3,"educ":11.9,"educ_score":593.3,"hacin":1.31,"hacin_class":"Hacinamiento Leve","hacin_score":785.0,"auto_score":318.2,"n_per":38,"n_hog":14,"source_year":2024,"crime_score":0.2094,"crime_nivel":"Medio","crime_color":"#ff9800"},"geometry":{"type":"Polygon","coordinates":[[[-71.2055365669999,-32.7334165711413],[-71.2050437269999,-32.7350139811412],[-71.2062055649999,-32.7336797571412],[-71.2055365669999,-32.7334165711413]]]}},{"type":"Feature","properties":{"id":"5506011001008","commune":"Nogales","code":"05506","gse":"D","quintil":"Q1","nse_score":642.1,"educ":10.4,"educ_score":493.3,"hacin":1.293,"hacin_class":"Hacinamiento Leve","hacin_score":788.8,"auto_score":94.6,"n_per":106,"n_hog":37,"source_year":2024,"crime_score":0.2257,"crime_nivel":"Medio","crime_color":"#ff9800"},"geometry":{"type":"Polygon","coordinates":[[[-71.2030057029999,-32.7349303261412],[-71.2033950389999,-32.7338553011412],[-71.2018745249999,-32.7334566521412],[-71.201603943,-32.7343979231412],[-71.2030057029999,-32.7349303261412]]]}},{"type":"Feature","properties":{"id":"5506011001009","commune":"Nogales","code":"05506","gse":"D","quintil":"Q1","nse_score":630.2,"educ":10.7,"educ_score":513.3,"hacin":1.203,"hacin_class":"Hacinamiento Leve","hacin_score":807.8,"auto_score":133.7,"n_per":213,"n_hog":74,"source_year":2024,"crime_score":0.2387,"crime_nivel":"Medio","crime_color":"#ff9800"},"geometry":{"type":"Polygon","coordinates":[[[-71.205137508,-32.7348694701412],[-71.2046963729999,-32.7355930801412],[-71.2047612329999,-32.7357604371412],[-71.2044975859999,-32.7367474461412],[-71.2051388969999,-32.7369743291412],[-71.2053158849999,-32.7364986281412],[-71.2069201019999,-32.7370506481412],[-71.2064201049999,-32.7369337381412],[-71.2062296949999,-32.7373540961412],[-71.2070983479999,-32.7376998001412],[-71.2062202799999,-32.7374092651412],[-71.2058693579999,-32.7380910611412],[-71.2052766259999,-32.7378915571412],[-71.2056007599999,-32.7372195141412],[-71.2053954279999,-32.7371355641412],[-71.2050345659999,-32.7378153771412],[-71.2043942889999,-32.7375871261412],[-71.2047397659999,-32.7369046661412],[-71.2041093759999,-32.7366784061412],[-71.203548984,-32.7377173691412],[-71.2075467809999,-32.7391332761412],[-71.2073226979999,-32.7374537771412],[-71.2068992299999,-32.7364681791412],[-71.2058625459999,-32.7363687501412],[-71.2055016839999,-32.7359398051412],[-71.2053554139999,-32.7354206901412],[-71.2055519809999,-32.7348961441413],[-71.2061180509999,-32.7351742161413],[-71.2061716799999,-32.7354398761412],[-71.2067880289999,-32.7360815951412],[-71.2081993889999,-32.7365104361412],[-71.2081515179999,-32.7358651541412],[-71.2073357149999,-32.7355676851412],[-71.2074280959999,-32.7353326011412],[-71.2077524829999,-32.7350952841413],[-71.2075921699999,-32.7344731281412],[-71.2062055649999,-32.7336797571412],[-71.205137508,-32.7348694701412]]]}},{"type":"Feature","properties":{"id":"5506011001010","commune":"Nogales","code":"05506","gse":"E","quintil":"Q1","nse_score":588.3,"educ":10.8,"educ_score":520.0,"hacin":1.085,"hacin_class":"Hacinamiento Leve","hacin_score":833.0,"auto_score":87.0,"n_per":64,"n_hog":23,"source_year":2024,"crime_score":0.2276,"crime_nivel":"Medio","crime_color":"#ff9800"},"geometry":{"type":"Polygon","coordinates":[[[-71.2038026109999,-32.7352417711412],[-71.2042503079999,-32.7341150361412],[-71.2034824149999,-32.7338809991413],[-71.2031301279999,-32.7349526671412],[-71.2038026109999,-32.7352417711412]]]}},{"type":"Feature","properties":{"id":"5506011001011","commune":"Nogales","code":"05506","gse":"C3","quintil":"Q3","nse_score":712.6,"educ":11.8,"educ_score":586.7,"hacin":1.289,"hacin_class":"Hacinamiento Leve","hacin_score":789.5,"auto_score":179.5,"n_per":107,"n_hog":39,"source_year":2024,"crime_score":0.2172,"crime_nivel":"Medio","crime_color":"#ff9800"},"geometry":{"type":"Polygon","coordinates":[[[-71.2010840329999,-32.7356224101412],[-71.2014848649999,-32.7344150751413],[-71.2005525609999,-32.7340291961412],[-71.2001663499999,-32.7353096241413],[-71.2010840329999,-32.7356224101412]]]}},{"type":"Feature","properties":{"id":"5506011001012","commune":"Nogales","code":"05506","gse":"E","quintil":"Q1","nse_score":593.4,"educ":10.0,"educ_score":466.7,"hacin":1.514,"hacin_class":"Hacinamiento Medio","hacin_score":741.6,"auto_score":368.4,"n_per":53,"n_hog":21,"source_year":2024,"crime_score":0.2258,"crime_nivel":"Medio","crime_color":"#ff9800"},"geometry":{"type":"Polygon","coordinates":[[[-71.2039139409999,-32.7352652431412],[-71.2046519959999,-32.7355763041412],[-71.204988769,-32.7350062461413],[-71.2051419419999,-32.7343825121413],[-71.2043502409999,-32.7341306831413],[-71.2039139409999,-32.7352652431412]]]}},{"type":"Feature","properties":{"id":"5506011001013","commune":"Nogales","code":"05506","gse":"D","quintil":"Q2","nse_score":661.8,"educ":11.5,"educ_score":566.7,"hacin":1.872,"hacin_class":"Hacinamiento Medio","hacin_score":665.5,"auto_score":96.8,"n_per":88,"n_hog":28,"source_year":2024,"crime_score":0.2214,"crime_nivel":"Medio","crime_color":"#ff9800"},"geometry":{"type":"Polygon","coordinates":[[[-71.2026502919999,-32.7361008841412],[-71.2030256039999,-32.7350149251412],[-71.2015768069999,-32.7344875881412],[-71.2012447049999,-32.7356001081412],[-71.2026502919999,-32.7361008841412]]]}},{"type":"Feature","properties":{"id":"5506011001015","commune":"Nogales","code":"05506","gse":"C2","quintil":"Q4","nse_score":779.2,"educ":13.0,"educ_score":666.7,"hacin":1.0,"hacin_class":"Hacinamiento Leve","hacin_score":851.1,"auto_score":142.9,"n_per":35,"n_hog":14,"source_year":2024,"crime_score":0.202,"crime_nivel":"Medio","crime_color":"#ff9800"},"geometry":{"type":"Polygon","coordinates":[[[-71.2033828749999,-32.7363518701412],[-71.2038139059999,-32.7353322021412],[-71.2031116919999,-32.7350489421412],[-71.2027644289999,-32.7361256611413],[-71.2033828749999,-32.7363518701412]]]}},{"type":"Feature","properties":{"id":"5506011001016","commune":"Nogales","code":"05506","gse":"D","quintil":"Q2","nse_score":657.7,"educ":11.3,"educ_score":553.3,"hacin":1.192,"hacin_class":"Hacinamiento Leve","hacin_score":810.1,"auto_score":33.3,"n_per":31,"n_hog":12,"source_year":2024,"crime_score":0.2158,"crime_nivel":"Medio","crime_color":"#ff9800"},"geometry":{"type":"Polygon","coordinates":[[[-71.2035134179999,-32.7363625601412],[-71.2041404709999,-32.7366199691412],[-71.2046616639999,-32.7356581711412],[-71.2039188159999,-32.7353525971412],[-71.2035134179999,-32.7363625601412]]]}},{"type":"Feature","properties":{"id":"5506011001017","commune":"Nogales","code":"05506","gse":"C3","quintil":"Q2","nse_score":700.0,"educ":10.7,"educ_score":513.3,"hacin":1.107,"hacin_class":"Hacinamiento Leve","hacin_score":828.3,"auto_score":115.4,"n_per":31,"n_hog":13,"source_year":2024,"crime_score":0.2109,"crime_nivel":"Medio","crime_color":"#ff9800"},"geometry":{"type":"Polygon","coordinates":[[[-71.2001525789999,-32.7353663741412],[-71.1999819519999,-32.7359964031412],[-71.2009769419999,-32.7361401191412],[-71.2010936169999,-32.7356867201412],[-71.2001525789999,-32.7353663741412]]]}},{"type":"Feature","properties":{"id":"5506011001018","commune":"Nogales","code":"05506","gse":"C3","quintil":"Q2","nse_score":687.9,"educ":11.3,"educ_score":553.3,"hacin":0.824,"hacin_class":"Sin Hacinamiento","hacin_score":888.6,"auto_score":0.0,"n_per":14,"n_hog":7,"source_year":2024,"crime_score":0.2105,"crime_nivel":"Medio","crime_color":"#ff9800"},"geometry":{"type":"Polygon","coordinates":[[[-71.2041404709999,-32.7366199691412],[-71.2044340819999,-32.7367188341412],[-71.2046616639999,-32.7356581711412],[-71.2042260499999,-32.7364591421412],[-71.2041404709999,-32.7366199691412]]]}},{"type":"Feature","properties":{"id":"5506011001019","commune":"Nogales","code":"05506","gse":"C2","quintil":"Q4","nse_score":766.5,"educ":14.5,"educ_score":766.7,"hacin":1.242,"hacin_class":"Hacinamiento Leve","hacin_score":799.5,"auto_score":33.3,"n_per":41,"n_hog":14,"source_year":2024,"crime_score":0.2041,"crime_nivel":"Medio","crime_color":"#ff9800"},"geometry":{"type":"Polygon","coordinates":[[[-71.2017471319999,-32.7369224241412],[-71.2022471509999,-32.7360344741412],[-71.2012202809999,-32.7356872901412],[-71.2009623209999,-32.7365956031412],[-71.2017471319999,-32.7369224241412]]]}},{"type":"Feature","properties":{"id":"5506011001021","commune":"Nogales","code":"05506","gse":"C3","quintil":"Q2","nse_score":699.6,"educ":12.1,"educ_score":606.7,"hacin":1.289,"hacin_class":"Hacinamiento Leve","hacin_score":789.6,"auto_score":144.4,"n_per":116,"n_hog":42,"source_year":2024,"crime_score":0.2197,"crime_nivel":"Medio","crime_color":"#ff9800"},"geometry":{"type":"Polygon","coordinates":[[[-71.2024253249999,-32.7384707941412],[-71.2035211899999,-32.7365135641412],[-71.202352474,-32.7360652681412],[-71.2012794589999,-32.7380196511412],[-71.2024253249999,-32.7384707941412]]]}},{"type":"Feature","properties":{"id":"5506011001023","commune":"Nogales","code":"05506","gse":"C3","quintil":"Q2","nse_score":700.0,"educ":10.9,"educ_score":526.7,"hacin":1.439,"hacin_class":"Hacinamiento Leve","hacin_score":757.7,"auto_score":136.7,"n_per":446,"n_hog":154,"source_year":2024,"crime_score":0.2388,"crime_nivel":"Medio","crime_color":"#ff9800"},"geometry":{"type":"Polygon","coordinates":[[[-71.2013890249999,-32.7406269201412],[-71.2018741039999,-32.7408357191412],[-71.2041093759999,-32.7366784061412],[-71.2035911629999,-32.7365256801412],[-71.2034022869999,-32.7368846711412],[-71.2037424779999,-32.7370290171412],[-71.2033772089999,-32.7369321851412],[-71.2031807389999,-32.7373034831412],[-71.2035137309999,-32.7374674361412],[-71.2031603889999,-32.7373437001412],[-71.2029599859999,-32.7377200271412],[-71.203285063,-32.7378831271412],[-71.2029362579999,-32.7377617461412],[-71.2027371799999,-32.7381356151412],[-71.2030676469999,-32.7382835611412],[-71.2027168479999,-32.7381722241412],[-71.202517999,-32.7385468091412],[-71.2027183739999,-32.7386417631412],[-71.2028043799999,-32.7384815351412],[-71.2029857399999,-32.7385755601412],[-71.2028300979999,-32.7385206711412],[-71.2027417989999,-32.7386831041412],[-71.2024841069999,-32.7386004311412],[-71.2022915129999,-32.7389517291412],[-71.202624597,-32.7391192001412],[-71.2022666089999,-32.7389977081412],[-71.2020667329999,-32.7393653671412],[-71.2024129389999,-32.7395326971412],[-71.2020463259999,-32.7394033301412],[-71.2018429169999,-32.7397749281411],[-71.2021667739999,-32.7399358891412],[-71.2018233309999,-32.7398115251412],[-71.2016230069999,-32.7401784691412],[-71.2019671989999,-32.7403245541411],[-71.2015978379999,-32.7402267071411],[-71.2013890249999,-32.7406269201412]]]}},{"type":"Feature","properties":{"id":"5506011001024","commune":"Nogales","code":"05506","gse":"E","quintil":"Q1","nse_score":616.5,"educ":10.5,"educ_score":500.0,"hacin":1.314,"hacin_class":"Hacinamiento Leve","hacin_score":784.2,"auto_score":187.5,"n_per":46,"n_hog":16,"source_year":2024,"crime_score":0.2223,"crime_nivel":"Medio","crime_color":"#ff9800"},"geometry":{"type":"Polygon","coordinates":[[[-71.2052024989999,-32.7370028371412],[-71.2061851989999,-32.7373251961412],[-71.2063779579999,-32.7369142691412],[-71.2053089839999,-32.7365589441412],[-71.2052024989999,-32.7370028371412]]]}},{"type":"Feature","properties":{"id":"5506011001025","commune":"Nogales","code":"05506","gse":"C3","quintil":"Q3","nse_score":709.1,"educ":11.6,"educ_score":573.3,"hacin":1.194,"hacin_class":"Hacinamiento Leve","hacin_score":809.7,"auto_score":105.3,"n_per":43,"n_hog":18,"source_year":2024,"crime_score":0.211,"crime_nivel":"Medio","crime_color":"#ff9800"},"geometry":{"type":"Polygon","coordinates":[[[-71.2009124289999,-32.7367188541412],[-71.200609159,-32.7377460971412],[-71.2011887079999,-32.7379870681412],[-71.2017359219999,-32.7370002651412],[-71.2009124289999,-32.7367188541412]]]}},{"type":"Feature","properties":{"id":"5506011001026","commune":"Nogales","code":"05506","gse":"C2","quintil":"Q4","nse_score":783.0,"educ":12.5,"educ_score":633.3,"hacin":1.125,"hacin_class":"Hacinamiento Leve","hacin_score":824.5,"auto_score":205.9,"n_per":45,"n_hog":17,"source_year":2024,"crime_score":0.2025,"crime_nivel":"Medio","crime_color":"#ff9800"},"geometry":{"type":"Polygon","coordinates":[[[-71.2046981099999,-32.7376582531412],[-71.2050354869999,-32.7370169101412],[-71.2047925979999,-32.7369236041412],[-71.2044579799999,-32.7375564271412],[-71.2046981099999,-32.7376582531412]]]}},{"type":"Feature","properties":{"id":"5506011001027","commune":"Nogales","code":"05506","gse":"C2","quintil":"Q4","nse_score":761.0,"educ":12.0,"educ_score":600.0,"hacin":1.243,"hacin_class":"Hacinamiento Leve","hacin_score":799.3,"auto_score":125.0,"n_per":46,"n_hog":16,"source_year":2024,"crime_score":0.2052,"crime_nivel":"Medio","crime_color":"#ff9800"},"geometry":{"type":"Polygon","coordinates":[[[-71.2053349399999,-32.7371359971412],[-71.205072964,-32.7370396071412],[-71.2047683989999,-32.7376831681412],[-71.2050269009999,-32.7377424661412],[-71.2053349399999,-32.7371359971412]]]}},{"type":"Feature","properties":{"id":"5506011001029","commune":"Nogales","code":"05506","gse":"C2","quintil":"Q4","nse_score":761.4,"educ":13.1,"educ_score":673.3,"hacin":1.364,"hacin_class":"Hacinamiento Leve","hacin_score":773.7,"auto_score":66.7,"n_per":45,"n_hog":14,"source_year":2024,"crime_score":0.2051,"crime_nivel":"Medio","crime_color":"#ff9800"},"geometry":{"type":"Polygon","coordinates":[[[-71.2058743219999,-32.7372967621412],[-71.2056383199999,-32.7372325601412],[-71.2053384549999,-32.7378762201412],[-71.2055736429999,-32.7379376411412],[-71.2058743219999,-32.7372967621412]]]}},{"type":"Feature","properties":{"id":"5506011001030","commune":"Nogales","code":"05506","gse":"C2","quintil":"Q3","nse_score":738.9,"educ":12.1,"educ_score":606.7,"hacin":1.064,"hacin_class":"Hacinamiento Leve","hacin_score":837.5,"auto_score":250.0,"n_per":50,"n_hog":18,"source_year":2024,"crime_score":0.2082,"crime_nivel":"Medio","crime_color":"#ff9800"},"geometry":{"type":"Polygon","coordinates":[[[-71.2061556669999,-32.7373954241412],[-71.2059150699999,-32.7373222861412],[-71.20561448,-32.7379711001412],[-71.2058556419999,-32.7380367441412],[-71.2061556669999,-32.7373954241412]]]}},{"type":"Feature","properties":{"id":"5506011001031","commune":"Nogales","code":"05506","gse":"C3","quintil":"Q2","nse_score":687.2,"educ":10.6,"educ_score":506.7,"hacin":1.174,"hacin_class":"Hacinamiento Leve","hacin_score":814.1,"auto_score":90.3,"n_per":189,"n_hog":71,"source_year":2024,"crime_score":0.2289,"crime_nivel":"Medio","crime_color":"#ff9800"},"geometry":{"type":"Polygon","coordinates":[[[-71.1994833879999,-32.7375450391412],[-71.198564013,-32.7404558311412],[-71.1977523589999,-32.7447196121411],[-71.1976446789999,-32.7453230901411],[-71.1980386449999,-32.7454400851411],[-71.1981515059999,-32.7454211511411],[-71.2001465309999,-32.7389277311412],[-71.1996809229999,-32.7387861181412],[-71.2001612769999,-32.7388808491412],[-71.200259866,-32.7385551921412],[-71.1996776799999,-32.7383980411412],[-71.2002718779999,-32.7385143101412],[-71.2003674559999,-32.7381877141412],[-71.1997886489999,-32.7380420471412],[-71.2003784389999,-32.7381483831412],[-71.2004772669999,-32.7378281331412],[-71.1995909689999,-32.7374834171412],[-71.1994833879999,-32.7375450391412]]]}},{"type":"Feature","properties":{"id":"5506011001034","commune":"Nogales","code":"05506","gse":"C3","quintil":"Q3","nse_score":724.1,"educ":12.5,"educ_score":633.3,"hacin":1.227,"hacin_class":"Hacinamiento Leve","hacin_score":802.7,"auto_score":0.0,"n_per":27,"n_hog":10,"source_year":2024,"crime_score":0.2076,"crime_nivel":"Medio","crime_color":"#ff9800"},"geometry":{"type":"Polygon","coordinates":[[[-71.2011120709999,-32.7380901371412],[-71.2005598729999,-32.7378983751412],[-71.2002492819999,-32.7389666881412],[-71.2006173869999,-32.7390831381412],[-71.2011120709999,-32.7380901371412]]]}},{"type":"Feature","properties":{"id":"5506011001036","commune":"Nogales","code":"05506","gse":"D","quintil":"Q2","nse_score":660.2,"educ":11.3,"educ_score":553.3,"hacin":1.315,"hacin_class":"Hacinamiento Leve","hacin_score":784.1,"auto_score":92.6,"n_per":71,"n_hog":28,"source_year":2024,"crime_score":0.2198,"crime_nivel":"Medio","crime_color":"#ff9800"},"geometry":{"type":"Polygon","coordinates":[[[-71.2018219939999,-32.7395576921412],[-71.2023797429999,-32.7385870251412],[-71.2012022509999,-32.7381515881412],[-71.200688006,-32.7391301441412],[-71.2018219939999,-32.7395576921412]]]}},{"type":"Feature","properties":{"id":"5506011001037","commune":"Nogales","code":"05506","gse":"C1","quintil":"Q5","nse_score":807.9,"educ":13.0,"educ_score":666.7,"hacin":1.017,"hacin_class":"Hacinamiento Leve","hacin_score":847.5,"auto_score":65.2,"n_per":61,"n_hog":24,"source_year":2024,"crime_score":0.2011,"crime_nivel":"Medio","crime_color":"#ff9800"},"geometry":{"type":"Polygon","coordinates":[[[-71.2000835109999,-32.7394502571412],[-71.2015642669999,-32.7400418871412],[-71.2018089719999,-32.7396616281412],[-71.200252384,-32.7390407611412],[-71.2000835109999,-32.7394502571412]]]}},{"type":"Feature","properties":{"id":"5506011001038","commune":"Nogales","code":"05506","gse":"C3","quintil":"Q2","nse_score":684.8,"educ":10.4,"educ_score":493.3,"hacin":1.279,"hacin_class":"Hacinamiento Leve","hacin_score":791.7,"auto_score":113.6,"n_per":55,"n_hog":21,"source_year":2024,"crime_score":0.2151,"crime_nivel":"Medio","crime_color":"#ff9800"},"geometry":{"type":"Polygon","coordinates":[[[-71.1999089759999,-32.7400201011411],[-71.2012721899999,-32.7405698811412],[-71.2015466639999,-32.7401417551412],[-71.2000850249999,-32.7395812611412],[-71.1999089759999,-32.7400201011411]]]}},{"type":"Feature","properties":{"id":"5506011001039","commune":"Nogales","code":"05506","gse":"C3","quintil":"Q3","nse_score":710.4,"educ":11.2,"educ_score":546.7,"hacin":1.156,"hacin_class":"Hacinamiento Leve","hacin_score":817.9,"auto_score":213.0,"n_per":141,"n_hog":53,"source_year":2024,"crime_score":0.221,"crime_nivel":"Medio","crime_color":"#ff9800"},"geometry":{"type":"Polygon","coordinates":[[[-71.1991138829999,-32.7459671651411],[-71.2018476029999,-32.7408849401412],[-71.2008943929999,-32.7407147641412],[-71.2009188719999,-32.7405429921411],[-71.1999250409999,-32.7401831351412],[-71.1991254569999,-32.7425820651411],[-71.2002568689999,-32.7429684601411],[-71.2002052719999,-32.7430832631412],[-71.1990842869999,-32.7427174261411],[-71.1987623449999,-32.7437940511411],[-71.1997366439999,-32.7440914951411],[-71.1996797709999,-32.7442218111411],[-71.1987214139999,-32.7439000991411],[-71.1984003959999,-32.7449625491411],[-71.1991918319999,-32.7452132461411],[-71.1991366119999,-32.7453283821411],[-71.1983750959999,-32.7450576821411],[-71.1981702929999,-32.7456950581411],[-71.1991138829999,-32.7459671651411]]]}},{"type":"Feature","properties":{"id":"5506011001041","commune":"Nogales","code":"05506","gse":"C3","quintil":"Q3","nse_score":709.3,"educ":12.1,"educ_score":606.7,"hacin":1.382,"hacin_class":"Hacinamiento Leve","hacin_score":769.7,"auto_score":107.1,"n_per":47,"n_hog":15,"source_year":2024,"crime_score":0.2114,"crime_nivel":"Medio","crime_color":"#ff9800"},"geometry":{"type":"Polygon","coordinates":[[[-71.1967461769999,-32.749460242141],[-71.1949469899999,-32.7591611201409],[-71.1951025789999,-32.7591573761409],[-71.1968161339999,-32.749944994141],[-71.1981208579999,-32.7455722891411],[-71.19776472,-32.7454313641411],[-71.1976262819999,-32.7454262861411],[-71.1967461769999,-32.749460242141]]]}},{"type":"Feature","properties":{"id":"5506011001042","commune":"Nogales","code":"05506","gse":"D","quintil":"Q1","nse_score":644.3,"educ":9.5,"educ_score":433.3,"hacin":1.278,"hacin_class":"Hacinamiento Leve","hacin_score":792.0,"auto_score":116.7,"n_per":92,"n_hog":28,"source_year":2024,"crime_score":0.2239,"crime_nivel":"Medio","crime_color":"#ff9800"},"geometry":{"type":"Polygon","coordinates":[[[-71.196872648,-32.752153545141],[-71.1975948639999,-32.7489437771411],[-71.1990872769999,-32.7460169011411],[-71.1981314559999,-32.7458020451411],[-71.1968810559999,-32.749955308141],[-71.1964833949999,-32.752100162141],[-71.196872648,-32.752153545141]]]}},{"type":"Feature","properties":{"id":"5506011001044","commune":"Nogales","code":"05506","gse":"C3","quintil":"Q3","nse_score":701.8,"educ":10.9,"educ_score":526.7,"hacin":1.129,"hacin_class":"Hacinamiento Leve","hacin_score":823.7,"auto_score":120.0,"n_per":79,"n_hog":26,"source_year":2024,"crime_score":0.2156,"crime_nivel":"Medio","crime_color":"#ff9800"},"geometry":{"type":"Polygon","coordinates":[[[-71.1964766399999,-32.752135733141],[-71.1952693849999,-32.7585988101409],[-71.195204885,-32.7591346821409],[-71.1956046919999,-32.7591230971409],[-71.1961763509999,-32.756011686141],[-71.1968672009999,-32.752188097141],[-71.1964766399999,-32.752135733141]]]}},{"type":"Feature","properties":{"id":"5506011001040","commune":"Nogales","code":"05506","gse":"C3","quintil":"Q3","nse_score":705.6,"educ":12.0,"educ_score":600.0,"hacin":1.231,"hacin_class":"Hacinamiento Leve","hacin_score":802.0,"auto_score":187.5,"n_per":32,"n_hog":8,"source_year":2024,"crime_score":0.2103,"crime_nivel":"Medio","crime_color":"#ff9800"},"geometry":{"type":"MultiPolygon","coordinates":[[[[-71.1974462679999,-32.749370228141],[-71.1956046919999,-32.7591230971409],[-71.1984018829999,-32.7590051591409],[-71.1983972749999,-32.7589195691409],[-71.1976153449999,-32.7588499201409],[-71.1969313309999,-32.758310922141],[-71.1966417619999,-32.7579493301409],[-71.1963866869999,-32.7568715581409],[-71.1966280349999,-32.7564302251409],[-71.1974143579999,-32.756086556141],[-71.1978173869999,-32.7556714221409],[-71.1976190469999,-32.7550309301409],[-71.1979301759999,-32.753833747141],[-71.1974450369999,-32.753030552141],[-71.1976193489999,-32.752015768141],[-71.1975354289999,-32.751670951141],[-71.1976505649999,-32.749528968141],[-71.1980051689999,-32.748872731141],[-71.1984498919999,-32.7485054711411],[-71.199045683,-32.747155666141],[-71.1997152869999,-32.7461647141411],[-71.1990872769999,-32.7460169011411],[-71.1977543439999,-32.748553206141],[-71.1974462679999,-32.749370228141]]],[[[-71.1997356689999,-32.7461134051411],[-71.2003750399999,-32.7452310661411],[-71.2012963879999,-32.7448407331411],[-71.2034699599999,-32.7407400511411],[-71.202126743,-32.7403668881412],[-71.1991138829999,-32.7459671651411],[-71.1997356689999,-32.7461134051411]]]]}},{"type":"Feature","properties":{"id":"5506021001002","commune":"Nogales","code":"05506","gse":"D","quintil":"Q2","nse_score":669.6,"educ":10.5,"educ_score":500.0,"hacin":1.278,"hacin_class":"Hacinamiento Leve","hacin_score":792.0,"auto_score":60.0,"n_per":69,"n_hog":23,"source_year":2024,"crime_score":0.2184,"crime_nivel":"Medio","crime_color":"#ff9800"},"geometry":{"type":"Polygon","coordinates":[[[-71.203285762,-32.7250911551413],[-71.2033373579999,-32.7252474831413],[-71.2037839409999,-32.7252126671414],[-71.2033848069999,-32.7253374601413],[-71.2032989699999,-32.7255343891414],[-71.2031882789999,-32.7271406341414],[-71.2027027049999,-32.7303697611413],[-71.2019157029999,-32.7315214041413],[-71.2034219849999,-32.7302036041413],[-71.2037584749999,-32.7295806321413],[-71.2038010839999,-32.7288104241413],[-71.2035747449999,-32.7274762141413],[-71.2037008919999,-32.7261692601414],[-71.2039805939999,-32.7253837291414],[-71.20433922,-32.7249462271413],[-71.2042998729999,-32.7244413031414],[-71.2054684329999,-32.7232765511414],[-71.2047256259999,-32.7229713681414],[-71.2039822789999,-32.7231888801414],[-71.2037526599999,-32.7235211731414],[-71.203285762,-32.7250911551413]]]}},{"type":"Feature","properties":{"id":"5506021001003","commune":"Nogales","code":"05506","gse":"C3","quintil":"Q2","nse_score":689.5,"educ":11.7,"educ_score":580.0,"hacin":1.443,"hacin_class":"Hacinamiento Leve","hacin_score":756.7,"auto_score":149.4,"n_per":472,"n_hog":145,"source_year":2024,"crime_score":0.2402,"crime_nivel":"Medio","crime_color":"#ff9800"},"geometry":{"type":"Polygon","coordinates":[[[-71.2081276499999,-32.7249842181413],[-71.207935458,-32.7253803101414],[-71.2082540649999,-32.7255431271413],[-71.2084365959999,-32.7253230781413],[-71.2082999419999,-32.7255665711414],[-71.2086150329999,-32.7257275911414],[-71.20888765,-32.7253391651413],[-71.2075780949999,-32.7243766801414],[-71.205786815,-32.7234430901414],[-71.2045043529999,-32.7248385551414],[-71.204116128,-32.7259698361413],[-71.2038876909999,-32.7272085951413],[-71.2040464829999,-32.7286880871413],[-71.2042601969999,-32.7292390241413],[-71.2041932419999,-32.7298995961413],[-71.2040100239999,-32.7301931081413],[-71.2028179119999,-32.7312404961413],[-71.2034043489999,-32.7314150161413],[-71.2035260759999,-32.7313404801412],[-71.2046937759999,-32.7296934781413],[-71.2048099659999,-32.7289872651413],[-71.2047698949999,-32.7278624951413],[-71.2046104709999,-32.7273889821413],[-71.2048174839999,-32.7276911741413],[-71.2048913959999,-32.7290708261413],[-71.2058934219999,-32.7295728071413],[-71.2078622659999,-32.7268233721414],[-71.2074766299999,-32.7266423381413],[-71.2071217219999,-32.7271320461413],[-71.2071987249999,-32.7269674541413],[-71.2057924549999,-32.7262279801413],[-71.2059694859999,-32.7259353071413],[-71.2058538449999,-32.7262108481413],[-71.2062678709999,-32.7264207171414],[-71.2065356379999,-32.7261225651414],[-71.2074978539999,-32.7266007271413],[-71.2077851359999,-32.7261488301413],[-71.2075445719999,-32.7266226591413],[-71.2078946239999,-32.7267869891414],[-71.2083606029999,-32.7260909791413],[-71.2067019779999,-32.7253470581414],[-71.2060795109999,-32.7249244651414],[-71.2062915209999,-32.7245611221414],[-71.2064401829999,-32.7246207501413],[-71.2067026149999,-32.7242458281414],[-71.2064857429999,-32.7246444111413],[-71.2067981249999,-32.7248066461414],[-71.2070666729999,-32.7244328541414],[-71.2068436479999,-32.7248302881414],[-71.2071609189999,-32.7249851761414],[-71.2074338239999,-32.7246146451413],[-71.2072071229999,-32.7250077171413],[-71.2075270129999,-32.7251697391414],[-71.2077907429999,-32.7247856091414],[-71.2075727719999,-32.7251931271414],[-71.2078898199999,-32.7253568581414],[-71.2081276499999,-32.7249842181413]]]}},{"type":"Feature","properties":{"id":"5506021001004","commune":"Nogales","code":"05506","gse":"C3","quintil":"Q2","nse_score":698.4,"educ":11.4,"educ_score":560.0,"hacin":1.484,"hacin_class":"Hacinamiento Leve","hacin_score":748.1,"auto_score":156.2,"n_per":46,"n_hog":16,"source_year":2024,"crime_score":0.2126,"crime_nivel":"Medio","crime_color":"#ff9800"},"geometry":{"type":"Polygon","coordinates":[[[-71.2066923449999,-32.7251924071414],[-71.2068950569999,-32.7249129451413],[-71.2063079999999,-32.7246304611414],[-71.2061471999999,-32.7248985751414],[-71.2066923449999,-32.7251924071414]]]}},{"type":"Feature","properties":{"id":"5506021001005","commune":"Nogales","code":"05506","gse":"C3","quintil":"Q3","nse_score":727.5,"educ":11.6,"educ_score":573.3,"hacin":1.326,"hacin_class":"Hacinamiento Leve","hacin_score":781.7,"auto_score":125.0,"n_per":122,"n_hog":46,"source_year":2024,"crime_score":0.2169,"crime_nivel":"Medio","crime_color":"#ff9800"},"geometry":{"type":"Polygon","coordinates":[[[-71.2083717129999,-32.7260410121413],[-71.2085667139999,-32.7257560801414],[-71.2069410639999,-32.7249644361414],[-71.2068417439999,-32.7252742741414],[-71.2083717129999,-32.7260410121413]]]}},{"type":"Feature","properties":{"id":"5506021001006","commune":"Nogales","code":"05506","gse":"E","quintil":"Q1","nse_score":575.2,"educ":9.1,"educ_score":406.7,"hacin":1.265,"hacin_class":"Hacinamiento Leve","hacin_score":794.7,"auto_score":37.0,"n_per":86,"n_hog":28,"source_year":2024,"crime_score":0.2316,"crime_nivel":"Medio","crime_color":"#ff9800"},"geometry":{"type":"Polygon","coordinates":[[[-71.2021695239999,-32.7308581681413],[-71.2023830299999,-32.7307980531413],[-71.2026426369999,-32.7303610781413],[-71.2031417779999,-32.7271499281414],[-71.2032853119999,-32.7252871761414],[-71.2027514689999,-32.7266754101413],[-71.2016096979999,-32.7305797701413],[-71.2021695239999,-32.7308581681413]]]}},{"type":"Feature","properties":{"id":"5506021001007","commune":"Nogales","code":"05506","gse":"C3","quintil":"Q2","nse_score":682.2,"educ":11.1,"educ_score":540.0,"hacin":1.612,"hacin_class":"Hacinamiento Medio","hacin_score":720.8,"auto_score":115.4,"n_per":79,"n_hog":25,"source_year":2024,"crime_score":0.218,"crime_nivel":"Medio","crime_color":"#ff9800"},"geometry":{"type":"Polygon","coordinates":[[[-71.2072082829999,-32.7269169451413],[-71.2074107819999,-32.7266110061413],[-71.2064735959999,-32.7262082281414],[-71.2063765879999,-32.7264836601413],[-71.2072082829999,-32.7269169451413]]]}},{"type":"Feature","properties":{"id":"5506021001008","commune":"Nogales","code":"05506","gse":"C3","quintil":"Q3","nse_score":728.5,"educ":11.5,"educ_score":566.7,"hacin":1.48,"hacin_class":"Hacinamiento Leve","hacin_score":748.8,"auto_score":128.6,"n_per":114,"n_hog":35,"source_year":2024,"crime_score":0.216,"crime_nivel":"Medio","crime_color":"#ff9800"},"geometry":{"type":"Polygon","coordinates":[[[-71.2075202239999,-32.7274717951413],[-71.2082239979999,-32.7278122231413],[-71.2086146879999,-32.7272367831414],[-71.2082918149999,-32.7270866971413],[-71.2080275979999,-32.7274644601414],[-71.2082533669999,-32.7270640151413],[-71.2078917409999,-32.7268935071413],[-71.2075202239999,-32.7274717951413]]]}},{"type":"Feature","properties":{"id":"5506021001009","commune":"Nogales","code":"05506","gse":"C3","quintil":"Q3","nse_score":700.7,"educ":10.6,"educ_score":506.7,"hacin":1.241,"hacin_class":"Hacinamiento Leve","hacin_score":799.8,"auto_score":74.3,"n_per":206,"n_hog":73,"source_year":2024,"crime_score":0.2289,"crime_nivel":"Medio","crime_color":"#ff9800"},"geometry":{"type":"Polygon","coordinates":[[[-71.2093882379999,-32.7275479981413],[-71.2086771389999,-32.7272956521413],[-71.2082820179999,-32.7278730551413],[-71.2094258349999,-32.7284743211414],[-71.2090132559999,-32.7291051871413],[-71.2091099129999,-32.7291828411413],[-71.2083769729999,-32.7302520341413],[-71.2086004529999,-32.7304580341413],[-71.2079756359999,-32.7315588471413],[-71.2082539339999,-32.7315400971413],[-71.2100107319999,-32.7284388621413],[-71.2095824019999,-32.7282546971413],[-71.2093882379999,-32.7275479981413]]]}},{"type":"Feature","properties":{"id":"5506021001010","commune":"Nogales","code":"05506","gse":"C3","quintil":"Q2","nse_score":680.9,"educ":10.7,"educ_score":513.3,"hacin":1.517,"hacin_class":"Hacinamiento Medio","hacin_score":741.0,"auto_score":100.0,"n_per":88,"n_hog":29,"source_year":2024,"crime_score":0.2191,"crime_nivel":"Medio","crime_color":"#ff9800"},"geometry":{"type":"Polygon","coordinates":[[[-71.2079226299999,-32.7282071921413],[-71.2081824829999,-32.7278532951413],[-71.2074483599999,-32.7275043831413],[-71.2072290549999,-32.7278666241413],[-71.2079226299999,-32.7282071921413]]]}},{"type":"Feature","properties":{"id":"5506021001011","commune":"Nogales","code":"05506","gse":"C3","quintil":"Q3","nse_score":724.9,"educ":11.3,"educ_score":553.3,"hacin":1.419,"hacin_class":"Hacinamiento Leve","hacin_score":761.8,"auto_score":203.1,"n_per":88,"n_hog":33,"source_year":2024,"crime_score":0.2138,"crime_nivel":"Medio","crime_color":"#ff9800"},"geometry":{"type":"Polygon","coordinates":[[[-71.2076297939999,-32.7286073921413],[-71.2078995819999,-32.7282415331413],[-71.2071836,-32.7279052331413],[-71.2069449159999,-32.7282642871413],[-71.2076297939999,-32.7286073921413]]]}},{"type":"Feature","properties":{"id":"5506021001012","commune":"Nogales","code":"05506","gse":"C3","quintil":"Q3","nse_score":713.4,"educ":11.6,"educ_score":573.3,"hacin":1.257,"hacin_class":"Hacinamiento Leve","hacin_score":796.4,"auto_score":258.1,"n_per":93,"n_hog":29,"source_year":2024,"crime_score":0.2157,"crime_nivel":"Medio","crime_color":"#ff9800"},"geometry":{"type":"Polygon","coordinates":[[[-71.2082346299999,-32.7279328671413],[-71.2079972779999,-32.7282888411413],[-71.2086833089999,-32.7285923801413],[-71.2089097499999,-32.7282396641413],[-71.2082346299999,-32.7279328671413]]]}},{"type":"Feature","properties":{"id":"5506021001013","commune":"Nogales","code":"05506","gse":"C3","quintil":"Q3","nse_score":717.4,"educ":11.6,"educ_score":573.3,"hacin":1.27,"hacin_class":"Hacinamiento Leve","hacin_score":793.6,"auto_score":73.5,"n_per":94,"n_hog":35,"source_year":2024,"crime_score":0.2153,"crime_nivel":"Medio","crime_color":"#ff9800"},"geometry":{"type":"Polygon","coordinates":[[[-71.2093653189999,-32.7284560901413],[-71.2089471209999,-32.7282667801413],[-71.2085353749999,-32.7288969091413],[-71.2089714939999,-32.7290946511413],[-71.2093653189999,-32.7284560901413]]]}},{"type":"Feature","properties":{"id":"5506021001014","commune":"Nogales","code":"05506","gse":"C2","quintil":"Q3","nse_score":741.0,"educ":12.0,"educ_score":600.0,"hacin":1.398,"hacin_class":"Hacinamiento Leve","hacin_score":766.4,"auto_score":210.5,"n_per":123,"n_hog":37,"source_year":2024,"crime_score":0.2154,"crime_nivel":"Medio","crime_color":"#ff9800"},"geometry":{"type":"Polygon","coordinates":[[[-71.2069392409999,-32.7283017971413],[-71.2064319659999,-32.7289480261413],[-71.2066927219999,-32.7290912431413],[-71.206929655,-32.7288175231413],[-71.2073754869999,-32.7289982371413],[-71.2076229229999,-32.7286486701413],[-71.2069392409999,-32.7283017971413]]]}},{"type":"Feature","properties":{"id":"5506021001016","commune":"Nogales","code":"05506","gse":"C3","quintil":"Q2","nse_score":684.8,"educ":11.2,"educ_score":546.7,"hacin":1.246,"hacin_class":"Hacinamiento Leve","hacin_score":798.7,"auto_score":191.2,"n_per":76,"n_hog":30,"source_year":2024,"crime_score":0.2173,"crime_nivel":"Medio","crime_color":"#ff9800"},"geometry":{"type":"Polygon","coordinates":[[[-71.2082869229999,-32.7288505161413],[-71.2077349429999,-32.7286182001413],[-71.2073296269999,-32.7292152951413],[-71.2078609239999,-32.7294783681413],[-71.2082869229999,-32.7288505161413]]]}},{"type":"Feature","properties":{"id":"5506021001017","commune":"Nogales","code":"05506","gse":"C2","quintil":"Q4","nse_score":764.6,"educ":12.4,"educ_score":626.7,"hacin":1.303,"hacin_class":"Hacinamiento Leve","hacin_score":786.5,"auto_score":144.1,"n_per":159,"n_hog":61,"source_year":2024,"crime_score":0.2161,"crime_nivel":"Medio","crime_color":"#ff9800"},"geometry":{"type":"Polygon","coordinates":[[[-71.2069428879999,-32.7288479511413],[-71.2063678349999,-32.7296187441413],[-71.2066895539999,-32.7291445051413],[-71.2063979149999,-32.7289950721413],[-71.2059491109999,-32.7296159251413],[-71.2066893949999,-32.7299864251413],[-71.2073451939999,-32.7290417861413],[-71.2069428879999,-32.7288479511413]]]}},{"type":"Feature","properties":{"id":"5506021001018","commune":"Nogales","code":"05506","gse":"C3","quintil":"Q3","nse_score":732.0,"educ":11.7,"educ_score":580.0,"hacin":1.486,"hacin_class":"Hacinamiento Leve","hacin_score":747.6,"auto_score":318.2,"n_per":110,"n_hog":33,"source_year":2024,"crime_score":0.2152,"crime_nivel":"Medio","crime_color":"#ff9800"},"geometry":{"type":"Polygon","coordinates":[[[-71.2087642899999,-32.7295741811413],[-71.2090194139999,-32.7292206891413],[-71.2083241489999,-32.7288847591413],[-71.2080941359999,-32.7292398821413],[-71.2087642899999,-32.7295741811413]]]}},{"type":"Feature","properties":{"id":"5506021001019","commune":"Nogales","code":"05506","gse":"D","quintil":"Q2","nse_score":668.1,"educ":10.3,"educ_score":486.7,"hacin":1.5,"hacin_class":"Hacinamiento Medio","hacin_score":744.7,"auto_score":218.8,"n_per":54,"n_hog":17,"source_year":2024,"crime_score":0.217,"crime_nivel":"Medio","crime_color":"#ff9800"},"geometry":{"type":"Polygon","coordinates":[[[-71.2054672909999,-32.7294425141413],[-71.2049036139999,-32.7291467241413],[-71.2046989839999,-32.7298919621413],[-71.2050412069999,-32.7300418611413],[-71.2054672909999,-32.7294425141413]]]}},{"type":"Feature","properties":{"id":"5506021001020","commune":"Nogales","code":"05506","gse":"D","quintil":"Q2","nse_score":667.7,"educ":10.4,"educ_score":493.3,"hacin":1.4,"hacin_class":"Hacinamiento Leve","hacin_score":766.0,"auto_score":175.7,"n_per":105,"n_hog":34,"source_year":2024,"crime_score":0.2225,"crime_nivel":"Medio","crime_color":"#ff9800"},"geometry":{"type":"Polygon","coordinates":[[[-71.2070582199999,-32.7296183091413],[-71.2078670479999,-32.7299992281413],[-71.2081002409999,-32.7296344911413],[-71.2072861969999,-32.7292539361413],[-71.2070582199999,-32.7296183091413]]]}},{"type":"Feature","properties":{"id":"5506021001022","commune":"Nogales","code":"05506","gse":"C3","quintil":"Q2","nse_score":690.6,"educ":10.5,"educ_score":500.0,"hacin":1.253,"hacin_class":"Hacinamiento Leve","hacin_score":797.2,"auto_score":114.3,"n_per":94,"n_hog":35,"source_year":2024,"crime_score":0.2185,"crime_nivel":"Medio","crime_color":"#ff9800"},"geometry":{"type":"Polygon","coordinates":[[[-71.2083047769999,-32.7302360821413],[-71.2087524089999,-32.7296245301413],[-71.2083337009999,-32.7294061001413],[-71.207902337,-32.7300284561413],[-71.2083047769999,-32.7302360821413]]]}},{"type":"Feature","properties":{"id":"5506021001023","commune":"Nogales","code":"05506","gse":"C3","quintil":"Q3","nse_score":703.1,"educ":10.3,"educ_score":486.7,"hacin":1.182,"hacin_class":"Hacinamiento Leve","hacin_score":812.4,"auto_score":58.8,"n_per":39,"n_hog":18,"source_year":2024,"crime_score":0.2113,"crime_nivel":"Medio","crime_color":"#ff9800"},"geometry":{"type":"Polygon","coordinates":[[[-71.2053704729999,-32.7302417671413],[-71.2058529259999,-32.7296309651413],[-71.2055216009999,-32.7294513871413],[-71.205072647,-32.7300578111413],[-71.2053704729999,-32.7302417671413]]]}},{"type":"Feature","properties":{"id":"5506021001024","commune":"Nogales","code":"05506","gse":"D","quintil":"Q2","nse_score":676.1,"educ":10.0,"educ_score":466.7,"hacin":1.406,"hacin_class":"Hacinamiento Leve","hacin_score":764.6,"auto_score":100.0,"n_per":45,"n_hog":15,"source_year":2024,"crime_score":0.2151,"crime_nivel":"Medio","crime_color":"#ff9800"},"geometry":{"type":"Polygon","coordinates":[[[-71.2059162389999,-32.7296631271413],[-71.205727351,-32.7299687341413],[-71.2064672889999,-32.7303077691413],[-71.2066599679999,-32.7300305001413],[-71.2059162389999,-32.7296631271413]]]}},{"type":"Feature","properties":{"id":"5506021001025","commune":"Nogales","code":"05506","gse":"C3","quintil":"Q2","nse_score":680.0,"educ":10.1,"educ_score":473.3,"hacin":1.433,"hacin_class":"Hacinamiento Leve","hacin_score":758.9,"auto_score":240.7,"n_per":182,"n_hog":53,"source_year":2024,"crime_score":0.229,"crime_nivel":"Medio","crime_color":"#ff9800"},"geometry":{"type":"Polygon","coordinates":[[[-71.2083077509999,-32.7308021781413],[-71.2084869849999,-32.7306763741413],[-71.2084822419999,-32.7303846371413],[-71.2070260669999,-32.7296816411413],[-71.2067623359999,-32.7300109321413],[-71.2083077509999,-32.7308021781413]]]}},{"type":"Feature","properties":{"id":"5506021001027","commune":"Nogales","code":"05506","gse":"E","quintil":"Q1","nse_score":588.9,"educ":11.1,"educ_score":540.0,"hacin":1.073,"hacin_class":"Hacinamiento Leve","hacin_score":835.5,"auto_score":83.3,"n_per":44,"n_hog":18,"source_year":2024,"crime_score":0.2253,"crime_nivel":"Medio","crime_color":"#ff9800"},"geometry":{"type":"Polygon","coordinates":[[[-71.204214739,-32.7306123601413],[-71.2045377189999,-32.7307433011413],[-71.2049697649999,-32.7301084991413],[-71.2046171879999,-32.7299540921413],[-71.204214739,-32.7306123601413]]]}},{"type":"Feature","properties":{"id":"5506021001028","commune":"Nogales","code":"05506","gse":"C3","quintil":"Q2","nse_score":686.8,"educ":10.3,"educ_score":486.7,"hacin":1.286,"hacin_class":"Hacinamiento Leve","hacin_score":790.3,"auto_score":150.0,"n_per":54,"n_hog":21,"source_year":2024,"crime_score":0.2148,"crime_nivel":"Medio","crime_color":"#ff9800"},"geometry":{"type":"Polygon","coordinates":[[[-71.2056775519999,-32.7300000911413],[-71.2054938679999,-32.7303004671413],[-71.2062323769999,-32.7306420531413],[-71.2064334909999,-32.7303563401413],[-71.2056775519999,-32.7300000911413]]]}},{"type":"Feature","properties":{"id":"5506021001029","commune":"Nogales","code":"05506","gse":"D","quintil":"Q1","nse_score":638.3,"educ":8.9,"educ_score":393.3,"hacin":1.246,"hacin_class":"Hacinamiento Leve","hacin_score":798.8,"auto_score":103.4,"n_per":71,"n_hog":31,"source_year":2024,"crime_score":0.2224,"crime_nivel":"Medio","crime_color":"#ff9800"},"geometry":{"type":"Polygon","coordinates":[[[-71.2065284449999,-32.7303476341413],[-71.2081481709999,-32.7311408191413],[-71.2082948879999,-32.7308429851413],[-71.2067702099999,-32.7300706731413],[-71.2065284449999,-32.7303476341413]]]}},{"type":"Feature","properties":{"id":"5506021001030","commune":"Nogales","code":"05506","gse":"D","quintil":"Q2","nse_score":657.9,"educ":10.0,"educ_score":466.7,"hacin":1.24,"hacin_class":"Hacinamiento Leve","hacin_score":800.0,"auto_score":156.2,"n_per":31,"n_hog":15,"source_year":2024,"crime_score":0.2158,"crime_nivel":"Medio","crime_color":"#ff9800"},"geometry":{"type":"Polygon","coordinates":[[[-71.2048661139999,-32.7309510681413],[-71.205349038,-32.7303374641413],[-71.205022718,-32.7301358841413],[-71.2045653759999,-32.7307572431413],[-71.2048661139999,-32.7309510681413]]]}},{"type":"Feature","properties":{"id":"5506021001032","commune":"Nogales","code":"05506","gse":"C3","quintil":"Q2","nse_score":688.0,"educ":10.4,"educ_score":493.3,"hacin":1.23,"hacin_class":"Hacinamiento Leve","hacin_score":802.2,"auto_score":83.3,"n_per":91,"n_hog":36,"source_year":2024,"crime_score":0.2185,"crime_nivel":"Medio","crime_color":"#ff9800"},"geometry":{"type":"Polygon","coordinates":[[[-71.2063029709999,-32.7306709301413],[-71.207939199,-32.7315100891413],[-71.2081129429999,-32.7311789541413],[-71.2065305559999,-32.7303943091413],[-71.2063029709999,-32.7306709301413]]]}},{"type":"Feature","properties":{"id":"5506021001033","commune":"Nogales","code":"05506","gse":"D","quintil":"Q2","nse_score":668.8,"educ":10.7,"educ_score":513.3,"hacin":1.333,"hacin_class":"Hacinamiento Leve","hacin_score":780.1,"auto_score":235.3,"n_per":48,"n_hog":18,"source_year":2024,"crime_score":0.2163,"crime_nivel":"Medio","crime_color":"#ff9800"},"geometry":{"type":"Polygon","coordinates":[[[-71.2097484739999,-32.7304975741413],[-71.2093952239999,-32.7311160241413],[-71.2087257519999,-32.7308458841413],[-71.206954805,-32.7339666581412],[-71.207635723,-32.7344335431413],[-71.2078987579999,-32.7343285291412],[-71.2082814219999,-32.7334106891413],[-71.208387076,-32.7333044071412],[-71.2079528399999,-32.7343002651413],[-71.2102015599999,-32.7330891091413],[-71.2109181189999,-32.7317747731413],[-71.2107144529999,-32.7312711071413],[-71.2107211769999,-32.7308457521413],[-71.2103567939999,-32.7306285911413],[-71.2097484739999,-32.7304975741413]]]}},{"type":"Feature","properties":{"id":"5506021001034","commune":"Nogales","code":"05506","gse":"D","quintil":"Q1","nse_score":648.1,"educ":9.1,"educ_score":406.7,"hacin":1.364,"hacin_class":"Hacinamiento Leve","hacin_score":773.7,"auto_score":33.3,"n_per":45,"n_hog":16,"source_year":2024,"crime_score":0.2184,"crime_nivel":"Medio","crime_color":"#ff9800"},"geometry":{"type":"Polygon","coordinates":[[[-71.2056783919999,-32.7313506081413],[-71.2061642449999,-32.7307391131413],[-71.2058039929999,-32.7305375011413],[-71.2053475249999,-32.7311638981413],[-71.2056783919999,-32.7313506081413]]]}},{"type":"Feature","properties":{"id":"5506021001036","commune":"Nogales","code":"05506","gse":"C2","quintil":"Q3","nse_score":740.0,"educ":10.8,"educ_score":520.0,"hacin":1.125,"hacin_class":"Hacinamiento Leve","hacin_score":824.5,"auto_score":0.0,"n_per":45,"n_hog":13,"source_year":2024,"crime_score":0.2076,"crime_nivel":"Medio","crime_color":"#ff9800"},"geometry":{"type":"Polygon","coordinates":[[[-71.204457998,-32.7308160351413],[-71.204094687,-32.7306720971413],[-71.2036610829999,-32.7313002491413],[-71.2040290809999,-32.7314524941413],[-71.204457998,-32.7308160351413]]]}},{"type":"Feature","properties":{"id":"5506021001037","commune":"Nogales","code":"05506","gse":"D","quintil":"Q1","nse_score":626.2,"educ":9.7,"educ_score":446.7,"hacin":1.346,"hacin_class":"Hacinamiento Leve","hacin_score":777.4,"auto_score":0.0,"n_per":35,"n_hog":13,"source_year":2024,"crime_score":0.2199,"crime_nivel":"Medio","crime_color":"#ff9800"},"geometry":{"type":"Polygon","coordinates":[[[-71.2058458169999,-32.7314338721413],[-71.2061514529999,-32.7315621381413],[-71.2065897909999,-32.7309232521413],[-71.20623839,-32.7307735191413],[-71.2058458169999,-32.7314338721413]]]}},{"type":"Feature","properties":{"id":"5506021001038","commune":"Nogales","code":"05506","gse":"D","quintil":"Q2","nse_score":661.9,"educ":9.5,"educ_score":433.3,"hacin":0.926,"hacin_class":"Sin Hacinamiento","hacin_score":866.8,"auto_score":35.7,"n_per":25,"n_hog":13,"source_year":2024,"crime_score":0.2147,"crime_nivel":"Medio","crime_color":"#ff9800"},"geometry":{"type":"Polygon","coordinates":[[[-71.2048461449999,-32.7310543151413],[-71.2045207889999,-32.7308486581413],[-71.2040508879999,-32.7315062181413],[-71.2044005419999,-32.7316586931412],[-71.2048461449999,-32.7310543151413]]]}},{"type":"Feature","properties":{"id":"5506021001039","commune":"Nogales","code":"05506","gse":"C3","quintil":"Q2","nse_score":685.9,"educ":10.3,"educ_score":486.7,"hacin":1.281,"hacin_class":"Hacinamiento Leve","hacin_score":791.2,"auto_score":38.5,"n_per":41,"n_hog":13,"source_year":2024,"crime_score":0.2136,"crime_nivel":"Medio","crime_color":"#ff9800"},"geometry":{"type":"Polygon","coordinates":[[[-71.2065170829999,-32.7317696061413],[-71.2069860819999,-32.7311367631413],[-71.2066394719999,-32.7309477181413],[-71.2061766259999,-32.7315748611413],[-71.2065170829999,-32.7317696061413]]]}},{"type":"Feature","properties":{"id":"5506021001041","commune":"Nogales","code":"05506","gse":"D","quintil":"Q1","nse_score":651.8,"educ":9.6,"educ_score":440.0,"hacin":1.281,"hacin_class":"Hacinamiento Leve","hacin_score":791.2,"auto_score":115.4,"n_per":41,"n_hog":13,"source_year":2024,"crime_score":0.2176,"crime_nivel":"Medio","crime_color":"#ff9800"},"geometry":{"type":"Polygon","coordinates":[[[-71.2074571359999,-32.7313533731413],[-71.2070550889999,-32.7311791041413],[-71.2066259889999,-32.7318204441413],[-71.2070300189999,-32.7319798001413],[-71.2074571359999,-32.7313533731413]]]}},{"type":"Feature","properties":{"id":"5506021001043","commune":"Nogales","code":"05506","gse":"D","quintil":"Q2","nse_score":663.2,"educ":10.8,"educ_score":520.0,"hacin":1.368,"hacin_class":"Hacinamiento Leve","hacin_score":772.8,"auto_score":216.7,"n_per":93,"n_hog":32,"source_year":2024,"crime_score":0.2217,"crime_nivel":"Medio","crime_color":"#ff9800"},"geometry":{"type":"Polygon","coordinates":[[[-71.2027805259999,-32.7312550591413],[-71.2021730339999,-32.7318715491413],[-71.2037609269999,-32.7325822921413],[-71.2043346279999,-32.7317505731413],[-71.2036013299999,-32.7313607281413],[-71.2034105799999,-32.7314472861413],[-71.2027805259999,-32.7312550591413]]]}},{"type":"Feature","properties":{"id":"5506021001044","commune":"Nogales","code":"05506","gse":"D","quintil":"Q2","nse_score":666.0,"educ":10.2,"educ_score":480.0,"hacin":1.333,"hacin_class":"Hacinamiento Leve","hacin_score":780.1,"auto_score":200.0,"n_per":44,"n_hog":14,"source_year":2024,"crime_score":0.2162,"crime_nivel":"Medio","crime_color":"#ff9800"},"geometry":{"type":"Polygon","coordinates":[[[-71.2078106099999,-32.7315264231413],[-71.2074798989999,-32.7313851661413],[-71.2070426969999,-32.7320266501413],[-71.2074332759999,-32.7321943581413],[-71.2078106099999,-32.7315264231413]]]}},{"type":"Feature","properties":{"id":"5506021001046","commune":"Nogales","code":"05506","gse":"C3","quintil":"Q2","nse_score":694.8,"educ":10.8,"educ_score":520.0,"hacin":1.218,"hacin_class":"Hacinamiento Leve","hacin_score":804.6,"auto_score":136.4,"n_per":67,"n_hog":22,"source_year":2024,"crime_score":0.2152,"crime_nivel":"Medio","crime_color":"#ff9800"},"geometry":{"type":"Polygon","coordinates":[[[-71.207920026,-32.7316107711413],[-71.2069273249999,-32.7329469821413],[-71.2060812389999,-32.7326181161413],[-71.2056005649999,-32.7333622631413],[-71.2069337109999,-32.7338681441412],[-71.2082032339999,-32.7316206731413],[-71.207920026,-32.7316107711413]]]}},{"type":"Feature","properties":{"id":"5506021001047","commune":"Nogales","code":"05506","gse":"C2","quintil":"Q4","nse_score":757.1,"educ":12.3,"educ_score":620.0,"hacin":1.29,"hacin_class":"Hacinamiento Leve","hacin_score":789.5,"auto_score":222.2,"n_per":49,"n_hog":20,"source_year":2024,"crime_score":0.206,"crime_nivel":"Medio","crime_color":"#ff9800"},"geometry":{"type":"Polygon","coordinates":[[[-71.2064837759999,-32.7318380981413],[-71.2061123859999,-32.7316826751413],[-71.2056851709999,-32.7323142391413],[-71.206069597,-32.7324790831412],[-71.2064837759999,-32.7318380981413]]]}},{"type":"Feature","properties":{"id":"5506021001048","commune":"Nogales","code":"05506","gse":"D","quintil":"Q2","nse_score":659.2,"educ":9.4,"educ_score":426.7,"hacin":1.219,"hacin_class":"Hacinamiento Leve","hacin_score":804.4,"auto_score":41.7,"n_per":89,"n_hog":36,"source_year":2024,"crime_score":0.2218,"crime_nivel":"Medio","crime_color":"#ff9800"},"geometry":{"type":"Polygon","coordinates":[[[-71.2052803859999,-32.7322064741413],[-71.2051017299999,-32.7323993571413],[-71.2051649119999,-32.7321488981413],[-71.2044030759999,-32.7317962631413],[-71.2038906039999,-32.7326230271413],[-71.2054953829999,-32.7333067601413],[-71.205998372,-32.7325761981413],[-71.2052803859999,-32.7322064741413]]]}},{"type":"Feature","properties":{"id":"5506021001049","commune":"Nogales","code":"05506","gse":"C3","quintil":"Q3","nse_score":728.3,"educ":11.4,"educ_score":560.0,"hacin":1.407,"hacin_class":"Hacinamiento Leve","hacin_score":764.4,"auto_score":458.3,"n_per":38,"n_hog":12,"source_year":2024,"crime_score":0.2083,"crime_nivel":"Medio","crime_color":"#ff9800"},"geometry":{"type":"Polygon","coordinates":[[[-71.2071051069999,-32.7325543651413],[-71.2073451089999,-32.7322663421413],[-71.2065635409999,-32.7319013521413],[-71.2063741259999,-32.7321770301413],[-71.2071051069999,-32.7325543651413]]]}},{"type":"Feature","properties":{"id":"5506021001050","commune":"Nogales","code":"05506","gse":"D","quintil":"Q2","nse_score":652.9,"educ":10.3,"educ_score":486.7,"hacin":1.659,"hacin_class":"Hacinamiento Medio","hacin_score":710.8,"auto_score":225.0,"n_per":73,"n_hog":20,"source_year":2024,"crime_score":0.2208,"crime_nivel":"Medio","crime_color":"#ff9800"},"geometry":{"type":"Polygon","coordinates":[[[-71.2068750019999,-32.7328976731413],[-71.2071175119999,-32.7326074421413],[-71.2063430449999,-32.7322232991413],[-71.2061515599999,-32.7325492431413],[-71.2068750019999,-32.7328976731413]]]}},{"type":"Feature","properties":{"id":"5506021001040","commune":"Nogales","code":"05506","gse":"C3","quintil":"Q3","nse_score":701.4,"educ":10.7,"educ_score":513.3,"hacin":1.206,"hacin_class":"Hacinamiento Leve","hacin_score":807.3,"auto_score":115.4,"n_per":41,"n_hog":13,"source_year":2024,"crime_score":0.2117,"crime_nivel":"Medio","crime_color":"#ff9800"},"geometry":{"type":"MultiPolygon","coordinates":[[[[-71.2053181139999,-32.7320921841413],[-71.2056529589999,-32.7322670111412],[-71.2060813389999,-32.7316393941413],[-71.2057349639999,-32.7314858741413],[-71.2053181139999,-32.7320921841413]]],[[[-71.2051975629999,-32.7320753681413],[-71.2056577899999,-32.7314368221413],[-71.2049216139999,-32.7310905021413],[-71.2044783249999,-32.7316978161413],[-71.2051975629999,-32.7320753681413]]]]}},{"type":"Feature","properties":{"id":"5506021002001","commune":"Nogales","code":"05506","gse":"D","quintil":"Q2","nse_score":672.8,"educ":10.3,"educ_score":486.7,"hacin":1.326,"hacin_class":"Hacinamiento Leve","hacin_score":781.7,"auto_score":218.2,"n_per":179,"n_hog":55,"source_year":2024,"crime_score":0.2296,"crime_nivel":"Medio","crime_color":"#ff9800"},"geometry":{"type":"Polygon","coordinates":[[[-71.2162083609999,-32.7314771061413],[-71.2157639679999,-32.7314936221413],[-71.2149683189999,-32.7319059211413],[-71.2143188379999,-32.7319431911413],[-71.2130069949999,-32.7325497381413],[-71.2123443849999,-32.7326690221412],[-71.2105688509999,-32.7339162491413],[-71.2085811079999,-32.7343097651412],[-71.2081354629999,-32.7346611131413],[-71.2076867039999,-32.7347319341413],[-71.2077060549999,-32.7348390551412],[-71.2095143269999,-32.7354400361412],[-71.2106483879999,-32.7354475381413],[-71.2111647339999,-32.7352935081412],[-71.2139466539999,-32.7337879861412],[-71.2162358559999,-32.7327816061413],[-71.2174254269999,-32.7320552341413],[-71.2181563059999,-32.7319540371413],[-71.2190884579999,-32.7320344991413],[-71.2202977399999,-32.7326328641413],[-71.2210961299999,-32.7327739481413],[-71.2224873739999,-32.7323779191413],[-71.222747765,-32.7320012211413],[-71.2211995869999,-32.7315778311413],[-71.2188768969999,-32.7305155201413],[-71.2162083609999,-32.7314771061413]]]}},{"type":"Feature","properties":{"id":"5506021002002","commune":"Nogales","code":"05506","gse":"D","quintil":"Q2","nse_score":667.0,"educ":10.8,"educ_score":520.0,"hacin":1.345,"hacin_class":"Hacinamiento Leve","hacin_score":777.7,"auto_score":152.8,"n_per":386,"n_hog":127,"source_year":2024,"crime_score":0.2432,"crime_nivel":"Medio","crime_color":"#ff9800"},"geometry":{"type":"Polygon","coordinates":[[[-71.2173875379999,-32.7321235731413],[-71.2153608279999,-32.7332848601412],[-71.2155393169999,-32.7336514121412],[-71.2163276109999,-32.7334010031413],[-71.2155643249999,-32.7337011971413],[-71.2156727649999,-32.7339252101413],[-71.2164701439999,-32.7336743241413],[-71.2156969289999,-32.7339752761413],[-71.2158070599999,-32.7342034621412],[-71.2166332049999,-32.7339310531412],[-71.2158312219999,-32.7342535241412],[-71.2161004469999,-32.7348280981412],[-71.2164844819999,-32.7347020271413],[-71.2164018629999,-32.7344322561412],[-71.2166321949999,-32.7343180421412],[-71.2164332719999,-32.7344389181413],[-71.2165266599999,-32.7346737801412],[-71.2170664699999,-32.7345103261413],[-71.2168970519999,-32.7342790421413],[-71.2168704019999,-32.7340772641413],[-71.2171045409999,-32.7345074711412],[-71.2168877639999,-32.7346099831412],[-71.2170598509999,-32.7349859131412],[-71.2175255639999,-32.7348190701412],[-71.2177249599999,-32.7350216341413],[-71.2175593949999,-32.7342012911412],[-71.2170111729999,-32.7330100401413],[-71.2170091269999,-32.7327383151413],[-71.2171993679999,-32.7332600101412],[-71.217489999,-32.7329386341412],[-71.2177463189999,-32.7328338851412],[-71.2172155989999,-32.7333014851412],[-71.2176009679999,-32.7341928471412],[-71.2177779429999,-32.7350696801412],[-71.2180342299999,-32.7353562961412],[-71.2183929209999,-32.7354213731412],[-71.217644817,-32.7338800881412],[-71.2178639009999,-32.7335757371413],[-71.21816544,-32.7321333551413],[-71.2192927479999,-32.7322653861413],[-71.2190408459999,-32.7326412681413],[-71.2193745719999,-32.7328369751413],[-71.2194515729999,-32.7331992471413],[-71.2200767159999,-32.7335360961413],[-71.2207837259999,-32.7336867201412],[-71.2215466609999,-32.7337170551412],[-71.2226430259999,-32.7334357061413],[-71.2233045139999,-32.7331662321412],[-71.2233781839999,-32.7328524301413],[-71.2231480529999,-32.7320706731413],[-71.2227959319999,-32.7319890551413],[-71.2225104379999,-32.7324083691413],[-71.2210963069999,-32.7328100621413],[-71.2202794799999,-32.7326654951413],[-71.2190013809999,-32.7320632611413],[-71.2182294779999,-32.7319909871413],[-71.2173875379999,-32.7321235731413]]]}},{"type":"Feature","properties":{"id":"5506021002003","commune":"Nogales","code":"05506","gse":"D","quintil":"Q2","nse_score":655.5,"educ":10.6,"educ_score":506.7,"hacin":1.385,"hacin_class":"Hacinamiento Leve","hacin_score":769.0,"auto_score":151.6,"n_per":363,"n_hog":105,"source_year":2024,"crime_score":0.2447,"crime_nivel":"Medio","crime_color":"#ff9800"},"geometry":{"type":"Polygon","coordinates":[[[-71.2152557989999,-32.7333047531412],[-71.2127381329999,-32.7345166231412],[-71.2131834279999,-32.7350971011412],[-71.2126999719999,-32.7345377581412],[-71.2116083349999,-32.7351318331413],[-71.2122192829999,-32.7358829741412],[-71.213145703,-32.7354671191412],[-71.2137709079999,-32.7357414931412],[-71.2160216049999,-32.7349059641412],[-71.2157772399999,-32.7343181251413],[-71.215118216,-32.7345500081412],[-71.2157531379999,-32.7342681971412],[-71.2156436849999,-32.7340446751412],[-71.2149883089999,-32.7342754441412],[-71.2156208349999,-32.7339941201412],[-71.2155163779999,-32.7337793491412],[-71.2148436639999,-32.7340063821413],[-71.2154920049999,-32.7337293521413],[-71.2152557989999,-32.7333047531412]]]}},{"type":"Feature","properties":{"id":"5506021002004","commune":"Nogales","code":"05506","gse":"D","quintil":"Q2","nse_score":675.9,"educ":10.3,"educ_score":486.7,"hacin":1.404,"hacin_class":"Hacinamiento Leve","hacin_score":765.1,"auto_score":69.0,"n_per":73,"n_hog":28,"source_year":2024,"crime_score":0.2181,"crime_nivel":"Medio","crime_color":"#ff9800"},"geometry":{"type":"Polygon","coordinates":[[[-71.2169958569999,-32.7350654811412],[-71.2168319209999,-32.7346456211412],[-71.2161369919999,-32.7348906671412],[-71.2163313379999,-32.7352848301412],[-71.2169958569999,-32.7350654811412]]]}},{"type":"Feature","properties":{"id":"5506021002005","commune":"Nogales","code":"05506","gse":"D","quintil":"Q2","nse_score":661.8,"educ":10.0,"educ_score":466.7,"hacin":1.212,"hacin_class":"Hacinamiento Leve","hacin_score":806.1,"auto_score":47.6,"n_per":63,"n_hog":21,"source_year":2024,"crime_score":0.2187,"crime_nivel":"Medio","crime_color":"#ff9800"},"geometry":{"type":"Polygon","coordinates":[[[-71.2170754489999,-32.7350194971412],[-71.2176254259999,-32.7361307601412],[-71.2191131149999,-32.7355917561412],[-71.2180101599999,-32.7353870471412],[-71.2175193059999,-32.7348591311412],[-71.2170754489999,-32.7350194971412]]]}},{"type":"Feature","properties":{"id":"5506021002006","commune":"Nogales","code":"05506","gse":"C3","quintil":"Q3","nse_score":717.0,"educ":10.3,"educ_score":486.7,"hacin":1.223,"hacin_class":"Hacinamiento Leve","hacin_score":803.6,"auto_score":114.6,"n_per":148,"n_hog":50,"source_year":2024,"crime_score":0.2209,"crime_nivel":"Medio","crime_color":"#ff9800"},"geometry":{"type":"Polygon","coordinates":[[[-71.2151840579999,-32.7358855131412],[-71.2162972149999,-32.7355097101412],[-71.2160785819999,-32.7350008171413],[-71.2149495309999,-32.7353636431412],[-71.2151840579999,-32.7358855131412]]]}},{"type":"Feature","properties":{"id":"5506021002007","commune":"Nogales","code":"05506","gse":"E","quintil":"Q1","nse_score":582.3,"educ":9.3,"educ_score":420.0,"hacin":1.224,"hacin_class":"Hacinamiento Leve","hacin_score":803.4,"auto_score":50.0,"n_per":82,"n_hog":30,"source_year":2024,"crime_score":0.2303,"crime_nivel":"Medio","crime_color":"#ff9800"},"geometry":{"type":"Polygon","coordinates":[[[-71.2081761429999,-32.7358352141412],[-71.2082415159999,-32.7365224511412],[-71.2094011589999,-32.7368374661412],[-71.210270239,-32.7368919661412],[-71.2117723689999,-32.7365897401412],[-71.2127027219999,-32.7361132921412],[-71.2128657869999,-32.7364592411412],[-71.2130882249999,-32.7361476321412],[-71.2131402099999,-32.7357382301412],[-71.2135125159999,-32.7356790821412],[-71.2130378869999,-32.7355211471412],[-71.2122280969999,-32.7359201531412],[-71.2116045989999,-32.7351533611413],[-71.2106631949999,-32.7354984081412],[-71.2098990979999,-32.7355535801412],[-71.2104984069999,-32.7363633641412],[-71.2098654199999,-32.7355511821412],[-71.2093014939999,-32.7354455021412],[-71.2089770899999,-32.7360620081412],[-71.2092246919999,-32.7354117761412],[-71.2078082299999,-32.7349999311412],[-71.2073776809999,-32.7355592491412],[-71.2081761429999,-32.7358352141412]]]}},{"type":"Feature","properties":{"id":"5506021002008","commune":"Nogales","code":"05506","gse":"E","quintil":"Q1","nse_score":614.8,"educ":8.4,"educ_score":360.0,"hacin":1.373,"hacin_class":"Hacinamiento Leve","hacin_score":771.7,"auto_score":89.3,"n_per":81,"n_hog":28,"source_year":2024,"crime_score":0.2263,"crime_nivel":"Medio","crime_color":"#ff9800"},"geometry":{"type":"Polygon","coordinates":[[[-71.2165966649999,-32.7358782061412],[-71.2172964039999,-32.7356548061412],[-71.2170534929999,-32.7351265951412],[-71.2163536329999,-32.7353536041412],[-71.2165966649999,-32.7358782061412]]]}},{"type":"Feature","properties":{"id":"5506021002009","commune":"Nogales","code":"05506","gse":"D","quintil":"Q2","nse_score":670.6,"educ":10.5,"educ_score":500.0,"hacin":1.25,"hacin_class":"Hacinamiento Leve","hacin_score":797.9,"auto_score":31.2,"n_per":35,"n_hog":15,"source_year":2024,"crime_score":0.2147,"crime_nivel":"Medio","crime_color":"#ff9800"},"geometry":{"type":"Polygon","coordinates":[[[-71.2142583539999,-32.7356960861412],[-71.2143612269999,-32.7359037551412],[-71.2150144779999,-32.7356856981412],[-71.2148507779999,-32.7354001081412],[-71.2142583539999,-32.7356960861412]]]}},{"type":"Feature","properties":{"id":"5506021002011","commune":"Nogales","code":"05506","gse":"E","quintil":"Q1","nse_score":600.8,"educ":9.6,"educ_score":440.0,"hacin":1.551,"hacin_class":"Hacinamiento Medio","hacin_score":733.9,"auto_score":93.8,"n_per":183,"n_hog":54,"source_year":2024,"crime_score":0.2391,"crime_nivel":"Medio","crime_color":"#ff9800"},"geometry":{"type":"Polygon","coordinates":[[[-71.2137069729999,-32.7358052971412],[-71.213532976,-32.7357056921412],[-71.2131684459999,-32.7357576041412],[-71.2131104969999,-32.7361806421412],[-71.2128803019999,-32.7364900351412],[-71.2144318139999,-32.7397237731412],[-71.2196244609999,-32.7379459031412],[-71.2185920809999,-32.7358316941412],[-71.2176359469999,-32.7361556621412],[-71.217656873,-32.7362767061412],[-71.2173940059999,-32.7363945331412],[-71.2181261829999,-32.7379598701412],[-71.2175591159999,-32.7380629951412],[-71.2173904489999,-32.7377582881412],[-71.2161963619999,-32.7381587991412],[-71.2160810919999,-32.7379678541412],[-71.2150336179999,-32.7381448221412],[-71.2149844569999,-32.7382278441412],[-71.2154512349999,-32.7384978851412],[-71.2156795799999,-32.7384937571412],[-71.2146527949999,-32.7389508141412],[-71.2147948849999,-32.7388415301412],[-71.2145863249999,-32.7384896391412],[-71.2144258429999,-32.7385067241412],[-71.2145389559999,-32.7384079621412],[-71.2143772779999,-32.7380877971412],[-71.2145989199999,-32.7383820131412],[-71.2150328479999,-32.7380835141412],[-71.2160647599999,-32.7378900481412],[-71.2158998459999,-32.7375729181412],[-71.2152041759999,-32.7377761291412],[-71.2146346589999,-32.7365825661412],[-71.2141479089999,-32.7367128171412],[-71.2146221419999,-32.7365578811412],[-71.2141808049999,-32.7356710341412],[-71.2137069729999,-32.7358052971412]]]}},{"type":"Feature","properties":{"id":"5506021002012","commune":"Nogales","code":"05506","gse":"E","quintil":"Q1","nse_score":579.6,"educ":9.0,"educ_score":400.0,"hacin":1.375,"hacin_class":"Hacinamiento Leve","hacin_score":771.3,"auto_score":44.1,"n_per":121,"n_hog":35,"source_year":2024,"crime_score":0.2349,"crime_nivel":"Medio","crime_color":"#ff9800"},"geometry":{"type":"Polygon","coordinates":[[[-71.2168659459999,-32.7364760211412],[-71.2175975029999,-32.7362360941412],[-71.2173547729999,-32.7357282611412],[-71.2166242359999,-32.7359488701412],[-71.2168659459999,-32.7364760211412]]]}},{"type":"Feature","properties":{"id":"5506021002013","commune":"Nogales","code":"05506","gse":"D","quintil":"Q2","nse_score":655.2,"educ":10.6,"educ_score":506.7,"hacin":1.229,"hacin_class":"Hacinamiento Leve","hacin_score":802.4,"auto_score":176.5,"n_per":43,"n_hog":14,"source_year":2024,"crime_score":0.2174,"crime_nivel":"Medio","crime_color":"#ff9800"},"geometry":{"type":"Polygon","coordinates":[[[-71.214376737,-32.7359350361412],[-71.2145268719999,-32.7362378281412],[-71.2151747259999,-32.7360214881412],[-71.2150313519999,-32.7357208401412],[-71.214376737,-32.7359350361412]]]}},{"type":"Feature","properties":{"id":"5506021002014","commune":"Nogales","code":"05506","gse":"D","quintil":"Q2","nse_score":660.0,"educ":9.4,"educ_score":426.7,"hacin":1.31,"hacin_class":"Hacinamiento Leve","hacin_score":785.0,"auto_score":76.9,"n_per":38,"n_hog":14,"source_year":2024,"crime_score":0.2163,"crime_nivel":"Medio","crime_color":"#ff9800"},"geometry":{"type":"Polygon","coordinates":[[[-71.2154111279999,-32.7363862331412],[-71.2156689959999,-32.7368982201412],[-71.2168018509999,-32.7364987981412],[-71.2165405539999,-32.7359820941412],[-71.2154111279999,-32.7363862331412]]]}},{"type":"Feature","properties":{"id":"5506021002015","commune":"Nogales","code":"05506","gse":"E","quintil":"Q1","nse_score":569.6,"educ":8.8,"educ_score":386.7,"hacin":1.241,"hacin_class":"Hacinamiento Leve","hacin_score":799.7,"auto_score":125.0,"n_per":36,"n_hog":13,"source_year":2024,"crime_score":0.2267,"crime_nivel":"Medio","crime_color":"#ff9800"},"geometry":{"type":"Polygon","coordinates":[[[-71.2146725369999,-32.7365276151412],[-71.2153055779999,-32.7363248831412],[-71.2151904799999,-32.7360544861412],[-71.2145691519999,-32.7362518701412],[-71.2146725369999,-32.7365276151412]]]}},{"type":"Feature","properties":{"id":"5506021002016","commune":"Nogales","code":"05506","gse":"E","quintil":"Q1","nse_score":600.5,"educ":9.3,"educ_score":420.0,"hacin":1.706,"hacin_class":"Hacinamiento Medio","hacin_score":700.9,"auto_score":55.6,"n_per":29,"n_hog":9,"source_year":2024,"crime_score":0.2223,"crime_nivel":"Medio","crime_color":"#ff9800"},"geometry":{"type":"Polygon","coordinates":[[[-71.2153474689999,-32.7363964661412],[-71.2147156109999,-32.7366125241412],[-71.2149779709999,-32.7371293941412],[-71.2155828679999,-32.7369275191412],[-71.2153474689999,-32.7363964661412]]]}},{"type":"Feature","properties":{"id":"5506021002017","commune":"Nogales","code":"05506","gse":"E","quintil":"Q1","nse_score":601.6,"educ":9.2,"educ_score":413.3,"hacin":1.385,"hacin_class":"Hacinamiento Leve","hacin_score":769.2,"auto_score":55.6,"n_per":36,"n_hog":16,"source_year":2024,"crime_score":0.2229,"crime_nivel":"Medio","crime_color":"#ff9800"},"geometry":{"type":"Polygon","coordinates":[[[-71.2171508929999,-32.7370685971412],[-71.2175776939999,-32.7369180201412],[-71.2173194,-32.7364064951412],[-71.2169061549999,-32.7365615211412],[-71.2171508929999,-32.7370685971412]]]}},{"type":"Feature","properties":{"id":"5506021002018","commune":"Nogales","code":"05506","gse":"D","quintil":"Q2","nse_score":662.0,"educ":10.2,"educ_score":480.0,"hacin":1.553,"hacin_class":"Hacinamiento Medio","hacin_score":733.4,"auto_score":250.0,"n_per":73,"n_hog":20,"source_year":2024,"crime_score":0.2198,"crime_nivel":"Medio","crime_color":"#ff9800"},"geometry":{"type":"Polygon","coordinates":[[[-71.2165823129999,-32.7370321321412],[-71.2166832509999,-32.7372478671412],[-71.2170825839999,-32.7371021811412],[-71.2168449789999,-32.7365815411412],[-71.2156907119999,-32.7369694391412],[-71.215953871,-32.7374967531412],[-71.2166553439999,-32.7372575111412],[-71.2165823129999,-32.7370321321412]]]}},{"type":"Feature","properties":{"id":"5506021002019","commune":"Nogales","code":"05506","gse":"E","quintil":"Q1","nse_score":586.2,"educ":9.3,"educ_score":420.0,"hacin":1.306,"hacin_class":"Hacinamiento Leve","hacin_score":786.1,"auto_score":117.6,"n_per":47,"n_hog":14,"source_year":2024,"crime_score":0.2259,"crime_nivel":"Medio","crime_color":"#ff9800"},"geometry":{"type":"Polygon","coordinates":[[[-71.215879061,-32.7375091681412],[-71.2156172539999,-32.7369847161412],[-71.2150070709999,-32.7371885781412],[-71.2152556839999,-32.7377189471412],[-71.215879061,-32.7375091681412]]]}},{"type":"Feature","properties":{"id":"5506021002021","commune":"Nogales","code":"05506","gse":"D","quintil":"Q2","nse_score":667.1,"educ":10.3,"educ_score":486.7,"hacin":1.429,"hacin_class":"Hacinamiento Leve","hacin_score":759.9,"auto_score":138.9,"n_per":50,"n_hog":18,"source_year":2024,"crime_score":0.2167,"crime_nivel":"Medio","crime_color":"#ff9800"},"geometry":{"type":"Polygon","coordinates":[[[-71.2173636719999,-32.7376508171412],[-71.2171335739999,-32.7371791931412],[-71.2167165749999,-32.7372991151412],[-71.216960991,-32.7378233321412],[-71.2173636719999,-32.7376508171412]]]}},{"type":"Feature","properties":{"id":"5506021002022","commune":"Nogales","code":"05506","gse":"E","quintil":"Q1","nse_score":595.8,"educ":9.1,"educ_score":406.7,"hacin":1.25,"hacin_class":"Hacinamiento Leve","hacin_score":797.9,"auto_score":0.0,"n_per":30,"n_hog":12,"source_year":2024,"crime_score":0.2229,"crime_nivel":"Medio","crime_color":"#ff9800"},"geometry":{"type":"Polygon","coordinates":[[[-71.2169022319999,-32.7378418661412],[-71.2166462199999,-32.7373233561412],[-71.2159754559999,-32.7375669821412],[-71.2162320609999,-32.7380707841412],[-71.2169022319999,-32.7378418661412]]]}},{"type":"Feature","properties":{"id":"5506021002024","commune":"Nogales","code":"05506","gse":"C3","quintil":"Q2","nse_score":688.8,"educ":11.2,"educ_score":546.7,"hacin":1.48,"hacin_class":"Hacinamiento Leve","hacin_score":748.9,"auto_score":90.9,"n_per":37,"n_hog":11,"source_year":2024,"crime_score":0.2128,"crime_nivel":"Medio","crime_color":"#ff9800"},"geometry":{"type":"Polygon","coordinates":[[[-71.2146519099999,-32.7384277891412],[-71.214907207,-32.7387884121412],[-71.2154467359999,-32.7385402591412],[-71.2149134389999,-32.7382339701412],[-71.2146519099999,-32.7384277891412]]]}},{"type":"Feature","properties":{"id":"5506021002020","commune":"Nogales","code":"05506","gse":"E","quintil":"Q1","nse_score":604.0,"educ":9.7,"educ_score":446.7,"hacin":1.395,"hacin_class":"Hacinamiento Leve","hacin_score":766.9,"auto_score":142.9,"n_per":60,"n_hog":16,"source_year":2024,"crime_score":0.2253,"crime_nivel":"Medio","crime_color":"#ff9800"},"geometry":{"type":"MultiPolygon","coordinates":[[[[-71.2174758559999,-32.7377386501412],[-71.2175962809999,-32.7379926401412],[-71.2180897409999,-32.7379478151412],[-71.2179175119999,-32.7375580971412],[-71.2174758559999,-32.7377386501412]]],[[[-71.2174398309999,-32.7376627261412],[-71.2178561649999,-32.7375202681412],[-71.2176173709999,-32.7369992001412],[-71.2171886599999,-32.7371459341412],[-71.2174398309999,-32.7376627261412]]]]}},{"type":"Feature","properties":{"id":"5506031001001","commune":"Nogales","code":"05506","gse":"D","quintil":"Q2","nse_score":676.5,"educ":10.5,"educ_score":500.0,"hacin":1.395,"hacin_class":"Hacinamiento Leve","hacin_score":767.1,"auto_score":144.9,"n_per":1127,"n_hog":352,"source_year":2024,"crime_score":0.2419,"crime_nivel":"Medio","crime_color":"#ff9800"},"geometry":{"type":"Polygon","coordinates":[[[-71.2211179269999,-32.677147618142],[-71.2235649229999,-32.677620857142],[-71.2236848009999,-32.677112497142],[-71.2238337519999,-32.676879004142],[-71.2221495699999,-32.6758649381421],[-71.2238559119999,-32.6768386841421],[-71.2242175249999,-32.676234297142],[-71.2236872289999,-32.677277242142],[-71.2249858019999,-32.677502772142],[-71.2242043389999,-32.677434570142],[-71.2241560999999,-32.677768280142],[-71.2249180219999,-32.677895445142],[-71.2241235469999,-32.677852995142],[-71.2240886009999,-32.678185296142],[-71.2248332699999,-32.678291666142],[-71.2240846199999,-32.678231178142],[-71.2239964789999,-32.678568301142],[-71.2247664179999,-32.678700285142],[-71.2239748819999,-32.678647681142],[-71.2239304469999,-32.678975732142],[-71.2246795619999,-32.679140731142],[-71.223908407,-32.679045832142],[-71.2238368169999,-32.679371027142],[-71.2246107199999,-32.679494916142],[-71.2245998599999,-32.679551471142],[-71.223820197,-32.679444728142],[-71.2237586219999,-32.679778223142],[-71.2245362289999,-32.679896546142],[-71.2237408159999,-32.679851404142],[-71.2237135769999,-32.680193579142],[-71.2244558319999,-32.680300805142],[-71.2237065849999,-32.680234103142],[-71.2236147579999,-32.680577513142],[-71.2244770739999,-32.680761788142],[-71.2236008019999,-32.680664063142],[-71.2235390839999,-32.680983222142],[-71.2239821219999,-32.681070789142],[-71.2235211419999,-32.681029441142],[-71.2233994089999,-32.681607488142],[-71.2235299999999,-32.6806727131419],[-71.2230878309999,-32.680588028142],[-71.2228584329999,-32.6817398131419],[-71.2233519959999,-32.6818709161419],[-71.2242144709999,-32.681413839142],[-71.2244719379999,-32.681041068142],[-71.2254660149999,-32.675759725142],[-71.219634745,-32.674794106142],[-71.2199883119999,-32.675346754142],[-71.2207646559999,-32.675958498142],[-71.2209190049999,-32.676632836142],[-71.2205239149999,-32.677230150142],[-71.2190919669999,-32.678060352142],[-71.2184350519999,-32.678768524142],[-71.2182686709999,-32.679323189142],[-71.2184824049999,-32.679855348142],[-71.2187752879999,-32.681647273142],[-71.2185305419999,-32.682012774142],[-71.2173874389999,-32.683043999142],[-71.2170578369999,-32.6839113161419],[-71.2170880429999,-32.684302778142],[-71.2174177649999,-32.6843242141419],[-71.2171530599999,-32.6841225481419],[-71.21712335,-32.683990508142],[-71.2172906359999,-32.6833942561419],[-71.2175193559999,-32.6829673631419],[-71.2171998899999,-32.683795448142],[-71.2172168659999,-32.6841370211419],[-71.2176369389999,-32.684368552142],[-71.2177921599999,-32.6837655431419],[-71.2176913919999,-32.683653696142],[-71.2178772999999,-32.6832213881419],[-71.2177234739999,-32.683657368142],[-71.2178238899999,-32.683762143142],[-71.2176676049999,-32.6843764521419],[-71.2179477309999,-32.6844207881419],[-71.2181071559999,-32.6838863741419],[-71.2179913579999,-32.6844342651419],[-71.21860505,-32.6845721151419],[-71.2188328099999,-32.6835676271419],[-71.2186258369999,-32.6845761661419],[-71.2192923539999,-32.6847125491419],[-71.2194198719999,-32.6843159961419],[-71.2193234259999,-32.6847189971419],[-71.2198543399999,-32.6848150451419],[-71.2201207289999,-32.6836696431419],[-71.2182395289999,-32.683281028142],[-71.2180935519999,-32.6837465211419],[-71.2181993429999,-32.6832729081419],[-71.2181199789999,-32.6832568721419],[-71.2193950269999,-32.6834628831419],[-71.2194978579999,-32.6830672441419],[-71.2194392789999,-32.683473751142],[-71.2201445919999,-32.6835954541419],[-71.2202988339999,-32.6816202181419],[-71.2193979309999,-32.681492598142],[-71.2202669899999,-32.681518427142],[-71.2203712939999,-32.681049629142],[-71.219402322,-32.680894357142],[-71.2203605379999,-32.680938176142],[-71.2204250209999,-32.680501916142],[-71.2192136049999,-32.680403961142],[-71.2191699709999,-32.679851389142],[-71.2193034429999,-32.679867424142],[-71.2192509409999,-32.6802967981419],[-71.2197568509999,-32.680350519142],[-71.2197840189999,-32.679918708142],[-71.2198891549999,-32.679927217142],[-71.2198309509999,-32.680358767142],[-71.2203972139999,-32.680399514142],[-71.2206442229999,-32.678622497142],[-71.2209123889999,-32.678401983142],[-71.2210529519999,-32.677288233142],[-71.2211179269999,-32.677147618142]]]}},{"type":"Feature","properties":{"id":"5506031001002","commune":"Nogales","code":"05506","gse":"C3","quintil":"Q2","nse_score":693.1,"educ":11.0,"educ_score":533.3,"hacin":1.4,"hacin_class":"Hacinamiento Leve","hacin_score":766.0,"auto_score":158.3,"n_per":196,"n_hog":61,"source_year":2024,"crime_score":0.2289,"crime_nivel":"Medio","crime_color":"#ff9800"},"geometry":{"type":"Polygon","coordinates":[[[-71.2231898209999,-32.679630673142],[-71.2210082619999,-32.679099775142],[-71.2231973949999,-32.679588103142],[-71.2232330149999,-32.679384913142],[-71.2210539479999,-32.678885624142],[-71.2232377379999,-32.679357975142],[-71.223240701,-32.679132339142],[-71.2211139099999,-32.678642919142],[-71.2232801769999,-32.679116038142],[-71.2233518019999,-32.678719825142],[-71.2213854529999,-32.678300176142],[-71.2233586939999,-32.678684121142],[-71.2235483099999,-32.677701720142],[-71.2211654479999,-32.677273476142],[-71.2210009569999,-32.678350634142],[-71.2206893019999,-32.678638899142],[-71.2205314029999,-32.680251802142],[-71.2229628889999,-32.680812986142],[-71.2230171119999,-32.680372037142],[-71.2208253439999,-32.679894078142],[-71.2230529659999,-32.680334338142],[-71.2231219269999,-32.679898629142],[-71.2215684769999,-32.679554395142],[-71.2231270379999,-32.679881133142],[-71.2231898209999,-32.679630673142]]]}},{"type":"Feature","properties":{"id":"5506031001003","commune":"Nogales","code":"05506","gse":"C3","quintil":"Q2","nse_score":685.6,"educ":11.2,"educ_score":546.7,"hacin":1.453,"hacin_class":"Hacinamiento Leve","hacin_score":754.8,"auto_score":142.9,"n_per":138,"n_hog":40,"source_year":2024,"crime_score":0.2237,"crime_nivel":"Medio","crime_color":"#ff9800"},"geometry":{"type":"Polygon","coordinates":[[[-71.2236925479999,-32.677332274142],[-71.2233949529999,-32.678863935142],[-71.2238134599999,-32.678940742142],[-71.2241275539999,-32.677421142142],[-71.2236925479999,-32.677332274142]]]}},{"type":"Feature","properties":{"id":"5506031001004","commune":"Nogales","code":"05506","gse":"C3","quintil":"Q2","nse_score":694.2,"educ":11.5,"educ_score":566.7,"hacin":1.475,"hacin_class":"Hacinamiento Leve","hacin_score":749.9,"auto_score":106.4,"n_per":149,"n_hog":44,"source_year":2024,"crime_score":0.2238,"crime_nivel":"Medio","crime_color":"#ff9800"},"geometry":{"type":"Polygon","coordinates":[[[-71.2234884169999,-32.680578220142],[-71.2238356709999,-32.679023765142],[-71.2234213659999,-32.678948687142],[-71.2231026819999,-32.680473056142],[-71.2234884169999,-32.680578220142]]]}},{"type":"Feature","properties":{"id":"5506031001005","commune":"Nogales","code":"05506","gse":"C3","quintil":"Q2","nse_score":684.0,"educ":11.3,"educ_score":553.3,"hacin":1.407,"hacin_class":"Hacinamiento Leve","hacin_score":764.5,"auto_score":52.1,"n_per":159,"n_hog":49,"source_year":2024,"crime_score":0.2261,"crime_nivel":"Medio","crime_color":"#ff9800"},"geometry":{"type":"Polygon","coordinates":[[[-71.2205631659999,-32.680332866142],[-71.2204311969999,-32.681097423142],[-71.2222463619999,-32.681429139142],[-71.2204277849999,-32.681127554142],[-71.2203905739999,-32.682043792142],[-71.2226355129999,-32.682550784142],[-71.2226985499999,-32.682069549142],[-71.2206682739999,-32.681619765142],[-71.2227284909999,-32.682042776142],[-71.2229524229999,-32.680868272142],[-71.2205631659999,-32.680332866142]]]}},{"type":"Feature","properties":{"id":"5506031001006","commune":"Nogales","code":"05506","gse":"D","quintil":"Q2","nse_score":668.4,"educ":10.9,"educ_score":526.7,"hacin":1.533,"hacin_class":"Hacinamiento Medio","hacin_score":737.7,"auto_score":119.8,"n_per":282,"n_hog":89,"source_year":2024,"crime_score":0.2411,"crime_nivel":"Medio","crime_color":"#ff9800"},"geometry":{"type":"Polygon","coordinates":[[[-71.2261004989999,-32.681405187142],[-71.2250761409999,-32.6814622941419],[-71.2250496749999,-32.681952530142],[-71.2270491109999,-32.6827616861419],[-71.2272353309999,-32.682650602142],[-71.2262076469999,-32.6843454151419],[-71.2262560609999,-32.6844275881419],[-71.2233326749999,-32.6825136171419],[-71.2230575939999,-32.6837347581419],[-71.2237032779999,-32.6838253031419],[-71.2238864179999,-32.6829509271419],[-71.2263394819999,-32.6846423571419],[-71.2278077329999,-32.682209295142],[-71.2261004989999,-32.681405187142]]]}},{"type":"Feature","properties":{"id":"5506031001007","commune":"Nogales","code":"05506","gse":"C3","quintil":"Q2","nse_score":679.9,"educ":11.3,"educ_score":553.3,"hacin":1.279,"hacin_class":"Hacinamiento Leve","hacin_score":791.7,"auto_score":52.6,"n_per":55,"n_hog":16,"source_year":2024,"crime_score":0.2157,"crime_nivel":"Medio","crime_color":"#ff9800"},"geometry":{"type":"Polygon","coordinates":[[[-71.2246710609999,-32.6832690431419],[-71.2250297409999,-32.681465864142],[-71.2241160279999,-32.6814515871419],[-71.2233447829999,-32.6819065151419],[-71.2228498949999,-32.6817825291419],[-71.2227580639999,-32.6822980921419],[-71.2235925069999,-32.682531654142],[-71.2246710609999,-32.6832690431419]]]}},{"type":"Feature","properties":{"id":"5506031001008","commune":"Nogales","code":"05506","gse":"D","quintil":"Q1","nse_score":638.3,"educ":9.8,"educ_score":453.3,"hacin":1.6,"hacin_class":"Hacinamiento Medio","hacin_score":723.4,"auto_score":100.0,"n_per":16,"n_hog":5,"source_year":2024,"crime_score":0.2165,"crime_nivel":"Medio","crime_color":"#ff9800"},"geometry":{"type":"Polygon","coordinates":[[[-71.2247992559999,-32.6833510821419],[-71.2254409139999,-32.6821925651419],[-71.2250644009999,-32.6820278621419],[-71.2247600769999,-32.683280991142],[-71.2247992559999,-32.6833510821419]]]}},{"type":"Feature","properties":{"id":"5506031001010","commune":"Nogales","code":"05506","gse":"C3","quintil":"Q2","nse_score":678.0,"educ":11.1,"educ_score":540.0,"hacin":1.556,"hacin_class":"Hacinamiento Medio","hacin_score":732.9,"auto_score":105.3,"n_per":56,"n_hog":19,"source_year":2024,"crime_score":0.2161,"crime_nivel":"Medio","crime_color":"#ff9800"},"geometry":{"type":"Polygon","coordinates":[[[-71.2205081619999,-32.6834811611419],[-71.2210310589999,-32.6835268211419],[-71.2212183849999,-32.6822690781419],[-71.2206832829999,-32.682140870142],[-71.2205081619999,-32.6834811611419]]]}},{"type":"Feature","properties":{"id":"5506031001011","commune":"Nogales","code":"05506","gse":"C3","quintil":"Q2","nse_score":691.5,"educ":11.9,"educ_score":593.3,"hacin":1.54,"hacin_class":"Hacinamiento Medio","hacin_score":736.1,"auto_score":55.6,"n_per":57,"n_hog":16,"source_year":2024,"crime_score":0.2146,"crime_nivel":"Medio","crime_color":"#ff9800"},"geometry":{"type":"Polygon","coordinates":[[[-71.2254279609999,-32.6830060021419],[-71.2258113619999,-32.6823368261419],[-71.2255213739999,-32.6822096621419],[-71.2251360599999,-32.6828736051419],[-71.2254279609999,-32.6830060021419]]]}},{"type":"Feature","properties":{"id":"5506031001012","commune":"Nogales","code":"05506","gse":"D","quintil":"Q1","nse_score":617.1,"educ":10.1,"educ_score":473.3,"hacin":1.431,"hacin_class":"Hacinamiento Leve","hacin_score":759.3,"auto_score":20.8,"n_per":73,"n_hog":23,"source_year":2024,"crime_score":0.2251,"crime_nivel":"Medio","crime_color":"#ff9800"},"geometry":{"type":"Polygon","coordinates":[[[-71.221091413,-32.6835396401419],[-71.2215935469999,-32.6835650141419],[-71.2217779789999,-32.6824309811419],[-71.2212659909999,-32.682280466142],[-71.221091413,-32.6835396401419]]]}},{"type":"Feature","properties":{"id":"5506031001013","commune":"Nogales","code":"05506","gse":"C3","quintil":"Q3","nse_score":713.6,"educ":12.3,"educ_score":620.0,"hacin":1.417,"hacin_class":"Hacinamiento Leve","hacin_score":762.4,"auto_score":105.3,"n_per":51,"n_hog":18,"source_year":2024,"crime_score":0.2113,"crime_nivel":"Medio","crime_color":"#ff9800"},"geometry":{"type":"Polygon","coordinates":[[[-71.2258825619999,-32.6823656721419],[-71.2255186609999,-32.683032500142],[-71.2258144779999,-32.683158745142],[-71.2261983159999,-32.6824920591419],[-71.2258825619999,-32.6823656721419]]]}},{"type":"Feature","properties":{"id":"5506031001014","commune":"Nogales","code":"05506","gse":"D","quintil":"Q1","nse_score":619.7,"educ":9.9,"educ_score":460.0,"hacin":1.308,"hacin_class":"Hacinamiento Leve","hacin_score":785.6,"auto_score":83.3,"n_per":68,"n_hog":19,"source_year":2024,"crime_score":0.2243,"crime_nivel":"Medio","crime_color":"#ff9800"},"geometry":{"type":"Polygon","coordinates":[[[-71.2227471389999,-32.6823735861419],[-71.2223680719999,-32.683648052142],[-71.2230021209999,-32.6837209521419],[-71.223291506,-32.6825038501419],[-71.2227471389999,-32.6823735861419]]]}},{"type":"Feature","properties":{"id":"5506031001015","commune":"Nogales","code":"05506","gse":"E","quintil":"Q1","nse_score":615.4,"educ":8.8,"educ_score":386.7,"hacin":1.289,"hacin_class":"Hacinamiento Leve","hacin_score":789.6,"auto_score":142.9,"n_per":58,"n_hog":19,"source_year":2024,"crime_score":0.2237,"crime_nivel":"Medio","crime_color":"#ff9800"},"geometry":{"type":"Polygon","coordinates":[[[-71.2216689719999,-32.6835965031419],[-71.2222970189999,-32.6836423681419],[-71.2225808459999,-32.682651221142],[-71.2218241779999,-32.682449280142],[-71.2216689719999,-32.6835965031419]]]}},{"type":"Feature","properties":{"id":"5506031001016","commune":"Nogales","code":"05506","gse":"C3","quintil":"Q2","nse_score":686.7,"educ":11.1,"educ_score":540.0,"hacin":1.312,"hacin_class":"Hacinamiento Leve","hacin_score":784.6,"auto_score":0.0,"n_per":42,"n_hog":16,"source_year":2024,"crime_score":0.2136,"crime_nivel":"Medio","crime_color":"#ff9800"},"geometry":{"type":"Polygon","coordinates":[[[-71.2262117149999,-32.6833064341419],[-71.2265761989999,-32.6826386581419],[-71.226275874,-32.6825095001419],[-71.2259018549999,-32.6831813451419],[-71.2262117149999,-32.6833064341419]]]}},{"type":"Feature","properties":{"id":"5506031001017","commune":"Nogales","code":"05506","gse":"C2","quintil":"Q3","nse_score":735.4,"educ":11.9,"educ_score":593.3,"hacin":1.375,"hacin_class":"Hacinamiento Leve","hacin_score":771.3,"auto_score":111.1,"n_per":55,"n_hog":18,"source_year":2024,"crime_score":0.2091,"crime_nivel":"Medio","crime_color":"#ff9800"},"geometry":{"type":"Polygon","coordinates":[[[-71.2266350899999,-32.6834864841419],[-71.2270493939999,-32.6828331941419],[-71.2266623069999,-32.6826669671419],[-71.2262747619999,-32.6833340351419],[-71.2266350899999,-32.6834864841419]]]}},{"type":"Feature","properties":{"id":"5506031001018","commune":"Nogales","code":"05506","gse":"C2","quintil":"Q4","nse_score":776.2,"educ":12.8,"educ_score":653.3,"hacin":1.286,"hacin_class":"Hacinamiento Leve","hacin_score":790.3,"auto_score":166.7,"n_per":27,"n_hog":9,"source_year":2024,"crime_score":0.2015,"crime_nivel":"Medio","crime_color":"#ff9800"},"geometry":{"type":"Polygon","coordinates":[[[-71.2251349889999,-32.6835815181419],[-71.2254088169999,-32.683077065142],[-71.2251089419999,-32.6829490781419],[-71.224850639,-32.683396188142],[-71.2251349889999,-32.6835815181419]]]}},{"type":"Feature","properties":{"id":"5506031001019","commune":"Nogales","code":"05506","gse":"C3","quintil":"Q2","nse_score":692.9,"educ":11.5,"educ_score":566.7,"hacin":1.382,"hacin_class":"Hacinamiento Leve","hacin_score":769.7,"auto_score":29.4,"n_per":47,"n_hog":16,"source_year":2024,"crime_score":0.2134,"crime_nivel":"Medio","crime_color":"#ff9800"},"geometry":{"type":"Polygon","coordinates":[[[-71.2254802309999,-32.683101259142],[-71.2251955869999,-32.683621667142],[-71.2254500289999,-32.6838149811419],[-71.2257923019999,-32.6832274541419],[-71.2254802309999,-32.683101259142]]]}},{"type":"Feature","properties":{"id":"5506031001020","commune":"Nogales","code":"05506","gse":"C2","quintil":"Q3","nse_score":740.3,"educ":12.3,"educ_score":620.0,"hacin":1.4,"hacin_class":"Hacinamiento Leve","hacin_score":766.0,"auto_score":125.0,"n_per":49,"n_hog":16,"source_year":2024,"crime_score":0.208,"crime_nivel":"Medio","crime_color":"#ff9800"},"geometry":{"type":"Polygon","coordinates":[[[-71.2258605939999,-32.6832534871419],[-71.2255307039999,-32.6838563241419],[-71.2257973319999,-32.6840528191419],[-71.2261780579999,-32.6833663821419],[-71.2258605939999,-32.6832534871419]]]}},{"type":"Feature","properties":{"id":"5506031001021","commune":"Nogales","code":"05506","gse":"C3","quintil":"Q3","nse_score":723.3,"educ":11.6,"educ_score":573.3,"hacin":1.526,"hacin_class":"Hacinamiento Medio","hacin_score":739.1,"auto_score":83.3,"n_per":58,"n_hog":18,"source_year":2024,"crime_score":0.2109,"crime_nivel":"Medio","crime_color":"#ff9800"},"geometry":{"type":"Polygon","coordinates":[[[-71.226137063,-32.6842846951419],[-71.2266218639999,-32.683541229142],[-71.2262544319999,-32.6833898961419],[-71.2258610129999,-32.6840901311419],[-71.226137063,-32.6842846951419]]]}},{"type":"Feature","properties":{"id":"5506031001023","commune":"Nogales","code":"05506","gse":"D","quintil":"Q2","nse_score":665.5,"educ":10.1,"educ_score":473.3,"hacin":1.109,"hacin_class":"Hacinamiento Leve","hacin_score":827.9,"auto_score":97.2,"n_per":102,"n_hog":36,"source_year":2024,"crime_score":0.2224,"crime_nivel":"Medio","crime_color":"#ff9800"},"geometry":{"type":"Polygon","coordinates":[[[-71.2216175899999,-32.6836617111419],[-71.221359446,-32.6851262971419],[-71.2219686199999,-32.6852493311419],[-71.2222845869999,-32.6837302431419],[-71.2216175899999,-32.6836617111419]]]}},{"type":"Feature","properties":{"id":"5506031001024","commune":"Nogales","code":"05506","gse":"D","quintil":"Q1","nse_score":650.5,"educ":10.3,"educ_score":486.7,"hacin":1.529,"hacin_class":"Hacinamiento Medio","hacin_score":738.4,"auto_score":42.9,"n_per":104,"n_hog":36,"source_year":2024,"crime_score":0.2244,"crime_nivel":"Medio","crime_color":"#ff9800"},"geometry":{"type":"Polygon","coordinates":[[[-71.2223673009999,-32.6837202101419],[-71.2220475199999,-32.6852488351419],[-71.2226533639999,-32.6853234981419],[-71.2229965609999,-32.6838106901419],[-71.2223673009999,-32.6837202101419]]]}},{"type":"Feature","properties":{"id":"5506031001025","commune":"Nogales","code":"05506","gse":"E","quintil":"Q1","nse_score":559.5,"educ":9.7,"educ_score":446.7,"hacin":1.286,"hacin_class":"Hacinamiento Leve","hacin_score":790.3,"auto_score":62.5,"n_per":36,"n_hog":12,"source_year":2024,"crime_score":0.2279,"crime_nivel":"Medio","crime_color":"#ff9800"},"geometry":{"type":"Polygon","coordinates":[[[-71.2227300669999,-32.6853667541419],[-71.2233755179999,-32.6854526541419],[-71.2236850999999,-32.6838791921419],[-71.2230557199999,-32.6838140591419],[-71.2227300669999,-32.6853667541419]]]}},{"type":"Feature","properties":{"id":"5506031001026","commune":"Nogales","code":"05506","gse":"D","quintil":"Q2","nse_score":670.0,"educ":10.7,"educ_score":513.3,"hacin":1.083,"hacin_class":"Hacinamiento Leve","hacin_score":833.4,"auto_score":80.9,"n_per":196,"n_hog":69,"source_year":2024,"crime_score":0.2318,"crime_nivel":"Medio","crime_color":"#ff9800"},"geometry":{"type":"Polygon","coordinates":[[[-71.2171049709999,-32.684343402142],[-71.2172552059999,-32.6850494151419],[-71.2171722739999,-32.6862109561419],[-71.2169661369999,-32.6868405401419],[-71.2164360659999,-32.6877220411419],[-71.2158524009999,-32.6881743281419],[-71.2147258649999,-32.6886846301419],[-71.2123398759999,-32.6893681101418],[-71.211604829,-32.6899815581418],[-71.2123699069999,-32.6901702731418],[-71.213473501,-32.6896321711418],[-71.2143786189999,-32.6893920021418],[-71.2140465849999,-32.6890182981419],[-71.2138622979999,-32.6891000091419],[-71.2139134609999,-32.6889996371418],[-71.214092063,-32.6890116331419],[-71.2144206439999,-32.6893793561419],[-71.2146581789999,-32.6892860641418],[-71.2156447509999,-32.6884799211419],[-71.2165478969999,-32.6881089211419],[-71.2182265289999,-32.6870315761419],[-71.2181880309999,-32.6869442001419],[-71.2188233939999,-32.6863545371419],[-71.2181928509999,-32.6861739701419],[-71.2179692549999,-32.6865198871419],[-71.2174426779999,-32.6863778781419],[-71.2179542029999,-32.6864718171419],[-71.2181260229999,-32.6861535661419],[-71.2174831199999,-32.6859423611419],[-71.217768352,-32.6859525951419],[-71.2178526499999,-32.684512921142],[-71.2171049709999,-32.684343402142]]]}},{"type":"Feature","properties":{"id":"5506031001027","commune":"Nogales","code":"05506","gse":"C3","quintil":"Q2","nse_score":679.1,"educ":10.3,"educ_score":486.7,"hacin":1.514,"hacin_class":"Hacinamiento Medio","hacin_score":741.8,"auto_score":119.0,"n_per":56,"n_hog":21,"source_year":2024,"crime_score":0.2159,"crime_nivel":"Medio","crime_color":"#ff9800"},"geometry":{"type":"Polygon","coordinates":[[[-71.2178217939999,-32.6859889351419],[-71.2184684979999,-32.6861906461419],[-71.2185979909999,-32.6846445651419],[-71.2179209119999,-32.6845350701419],[-71.2178217939999,-32.6859889351419]]]}},{"type":"Feature","properties":{"id":"5506031001028","commune":"Nogales","code":"05506","gse":"E","quintil":"Q1","nse_score":586.3,"educ":8.6,"educ_score":373.3,"hacin":1.81,"hacin_class":"Hacinamiento Medio","hacin_score":678.8,"auto_score":0.0,"n_per":38,"n_hog":10,"source_year":2024,"crime_score":0.2249,"crime_nivel":"Medio","crime_color":"#ff9800"},"geometry":{"type":"Polygon","coordinates":[[[-71.2202454319999,-32.6845975521419],[-71.2202025509999,-32.6848684001419],[-71.2213008529999,-32.6850899101419],[-71.2213644239999,-32.6846987561419],[-71.2202454319999,-32.6845975521419]]]}},{"type":"Feature","properties":{"id":"5506031001029","commune":"Nogales","code":"05506","gse":"D","quintil":"Q2","nse_score":660.3,"educ":10.2,"educ_score":480.0,"hacin":1.377,"hacin_class":"Hacinamiento Leve","hacin_score":770.8,"auto_score":148.1,"n_per":73,"n_hog":28,"source_year":2024,"crime_score":0.22,"crime_nivel":"Medio","crime_color":"#ff9800"},"geometry":{"type":"Polygon","coordinates":[[[-71.2193141499999,-32.6848336251419],[-71.2186643389999,-32.6847100341419],[-71.2185477559999,-32.6862299191419],[-71.2188599449999,-32.6862758841419],[-71.2192088349999,-32.6858652531419],[-71.2193141499999,-32.6848336251419]]]}},{"type":"Feature","properties":{"id":"5506031001031","commune":"Nogales","code":"05506","gse":"C2","quintil":"Q4","nse_score":775.7,"educ":12.6,"educ_score":640.0,"hacin":1.167,"hacin_class":"Hacinamiento Leve","hacin_score":815.6,"auto_score":125.0,"n_per":14,"n_hog":4,"source_year":2024,"crime_score":0.2003,"crime_nivel":"Medio","crime_color":"#ff9800"},"geometry":{"type":"Polygon","coordinates":[[[-71.2206677979999,-32.6850186981419],[-71.2201660709999,-32.6849110691419],[-71.2200260889999,-32.6852268331419],[-71.2204141109999,-32.6854624561419],[-71.2206677979999,-32.6850186981419]]]}},{"type":"Feature","properties":{"id":"5506031001033","commune":"Nogales","code":"05506","gse":"D","quintil":"Q1","nse_score":632.7,"educ":8.2,"educ_score":346.7,"hacin":1.177,"hacin_class":"Hacinamiento Leve","hacin_score":813.5,"auto_score":35.7,"n_per":40,"n_hog":16,"source_year":2024,"crime_score":0.2197,"crime_nivel":"Medio","crime_color":"#ff9800"},"geometry":{"type":"Polygon","coordinates":[[[-71.2207355639999,-32.6850337301419],[-71.2204776049999,-32.6854728751419],[-71.2206643619999,-32.6856637251419],[-71.2209552919999,-32.6853029031419],[-71.2214649669999,-32.6856236631419],[-71.2219292609999,-32.6856836131419],[-71.2219528379999,-32.6852923561419],[-71.2207355639999,-32.6850337301419]]]}},{"type":"Feature","properties":{"id":"5506031001034","commune":"Nogales","code":"05506","gse":"C3","quintil":"Q2","nse_score":680.7,"educ":10.5,"educ_score":500.0,"hacin":1.385,"hacin_class":"Hacinamiento Leve","hacin_score":769.0,"auto_score":131.6,"n_per":115,"n_hog":39,"source_year":2024,"crime_score":0.2219,"crime_nivel":"Medio","crime_color":"#ff9800"},"geometry":{"type":"Polygon","coordinates":[[[-71.2206762249999,-32.6857552281419],[-71.2204182859999,-32.6861961681419],[-71.2206450389999,-32.6857231351419],[-71.2199933609999,-32.6853176821419],[-71.2194504819999,-32.6862187201419],[-71.2205157139999,-32.6866200101419],[-71.2209065389999,-32.6858747861419],[-71.2206762249999,-32.6857552281419]]]}},{"type":"Feature","properties":{"id":"5506031001035","commune":"Nogales","code":"05506","gse":"D","quintil":"Q2","nse_score":663.5,"educ":10.4,"educ_score":493.3,"hacin":1.222,"hacin_class":"Hacinamiento Leve","hacin_score":803.8,"auto_score":125.0,"n_per":11,"n_hog":4,"source_year":2024,"crime_score":0.213,"crime_nivel":"Medio","crime_color":"#ff9800"},"geometry":{"type":"Polygon","coordinates":[[[-71.2207129369999,-32.6857176041419],[-71.2209446669999,-32.6858039501419],[-71.2211306009999,-32.6854233451419],[-71.22094261,-32.6853592201419],[-71.2207129369999,-32.6857176041419]]]}},{"type":"Feature","properties":{"id":"5506031001036","commune":"Nogales","code":"05506","gse":"D","quintil":"Q2","nse_score":674.5,"educ":10.2,"educ_score":480.0,"hacin":1.357,"hacin_class":"Hacinamiento Leve","hacin_score":775.1,"auto_score":83.3,"n_per":19,"n_hog":6,"source_year":2024,"crime_score":0.2126,"crime_nivel":"Medio","crime_color":"#ff9800"},"geometry":{"type":"Polygon","coordinates":[[[-71.2212843109999,-32.6859637101419],[-71.2213610879999,-32.6855671571419],[-71.2212015209999,-32.6854795331419],[-71.2209795989999,-32.6858481931419],[-71.2212843109999,-32.6859637101419]]]}},{"type":"Feature","properties":{"id":"5506031001037","commune":"Nogales","code":"05506","gse":"E","quintil":"Q1","nse_score":571.7,"educ":9.1,"educ_score":406.7,"hacin":1.333,"hacin_class":"Hacinamiento Leve","hacin_score":780.1,"auto_score":62.5,"n_per":16,"n_hog":6,"source_year":2024,"crime_score":0.2242,"crime_nivel":"Medio","crime_color":"#ff9800"},"geometry":{"type":"Polygon","coordinates":[[[-71.2218264669999,-32.6861572551419],[-71.2218906659999,-32.6857485051419],[-71.2214029849999,-32.6856958231419],[-71.2213364399999,-32.6860874801419],[-71.2218264669999,-32.6861572551419]]]}},{"type":"Feature","properties":{"id":"5506031001038","commune":"Nogales","code":"05506","gse":"C2","quintil":"Q4","nse_score":783.6,"educ":12.2,"educ_score":613.3,"hacin":1.267,"hacin_class":"Hacinamiento Leve","hacin_score":794.3,"auto_score":83.3,"n_per":19,"n_hog":6,"source_year":2024,"crime_score":0.1999,"crime_nivel":"Medio","crime_color":"#ff9800"},"geometry":{"type":"Polygon","coordinates":[[[-71.2212783489999,-32.6859940641419],[-71.2209647749999,-32.6858749551419],[-71.2207752229999,-32.6862385771419],[-71.2212042969999,-32.6863939921419],[-71.2212783489999,-32.6859940641419]]]}},{"type":"Feature","properties":{"id":"5506031001039","commune":"Nogales","code":"05506","gse":"D","quintil":"Q1","nse_score":631.2,"educ":10.1,"educ_score":473.3,"hacin":1.21,"hacin_class":"Hacinamiento Leve","hacin_score":806.3,"auto_score":55.6,"n_per":23,"n_hog":8,"source_year":2024,"crime_score":0.218,"crime_nivel":"Medio","crime_color":"#ff9800"},"geometry":{"type":"Polygon","coordinates":[[[-71.2218227469999,-32.6861749961419],[-71.2213335779999,-32.6861053871419],[-71.2212791259999,-32.6864255881419],[-71.2217368389999,-32.6865899031419],[-71.2218227469999,-32.6861749961419]]]}},{"type":"Feature","properties":{"id":"5506031001040","commune":"Nogales","code":"05506","gse":"D","quintil":"Q2","nse_score":658.8,"educ":9.1,"educ_score":406.7,"hacin":1.3,"hacin_class":"Hacinamiento Leve","hacin_score":787.2,"auto_score":0.0,"n_per":13,"n_hog":5,"source_year":2024,"crime_score":0.2138,"crime_nivel":"Medio","crime_color":"#ff9800"},"geometry":{"type":"Polygon","coordinates":[[[-71.2211993699999,-32.6864221251419],[-71.2207633349999,-32.6862613981419],[-71.2205746399999,-32.6866353791419],[-71.22102172,-32.6868052961419],[-71.2211993699999,-32.6864221251419]]]}},{"type":"Feature","properties":{"id":"5506031001041","commune":"Nogales","code":"05506","gse":"D","quintil":"Q2","nse_score":672.5,"educ":10.8,"educ_score":520.0,"hacin":1.279,"hacin_class":"Hacinamiento Leve","hacin_score":791.8,"auto_score":76.9,"n_per":78,"n_hog":26,"source_year":2024,"crime_score":0.219,"crime_nivel":"Medio","crime_color":"#ff9800"},"geometry":{"type":"Polygon","coordinates":[[[-71.2204591419999,-32.6866910811419],[-71.2193492529999,-32.6862865241419],[-71.2189758,-32.6865492441419],[-71.2201409149999,-32.6873106601419],[-71.2204591419999,-32.6866910811419]]]}},{"type":"Feature","properties":{"id":"5506031001042","commune":"Nogales","code":"05506","gse":"C3","quintil":"Q3","nse_score":704.5,"educ":9.8,"educ_score":453.3,"hacin":1.056,"hacin_class":"Hacinamiento Leve","hacin_score":839.2,"auto_score":285.7,"n_per":19,"n_hog":7,"source_year":2024,"crime_score":0.2091,"crime_nivel":"Medio","crime_color":"#ff9800"},"geometry":{"type":"Polygon","coordinates":[[[-71.2217339939999,-32.6866085301419],[-71.221275955,-32.6864439511419],[-71.2211066619999,-32.6868420271419],[-71.2215476279999,-32.6870104271419],[-71.2217339939999,-32.6866085301419]]]}},{"type":"Feature","properties":{"id":"5506031001043","commune":"Nogales","code":"05506","gse":"D","quintil":"Q1","nse_score":632.0,"educ":9.8,"educ_score":453.3,"hacin":1.421,"hacin_class":"Hacinamiento Leve","hacin_score":761.5,"auto_score":111.1,"n_per":27,"n_hog":9,"source_year":2024,"crime_score":0.2184,"crime_nivel":"Medio","crime_color":"#ff9800"},"geometry":{"type":"Polygon","coordinates":[[[-71.2190752519999,-32.6871809971419],[-71.2193659069999,-32.6869034201419],[-71.2189054309999,-32.6866100981419],[-71.2185660039999,-32.6869163121419],[-71.2190752519999,-32.6871809971419]]]}},{"type":"Feature","properties":{"id":"5506031001044","commune":"Nogales","code":"05506","gse":"C2","quintil":"Q3","nse_score":734.2,"educ":11.6,"educ_score":573.3,"hacin":1.164,"hacin_class":"Hacinamiento Leve","hacin_score":816.2,"auto_score":140.0,"n_per":71,"n_hog":25,"source_year":2024,"crime_score":0.2109,"crime_nivel":"Medio","crime_color":"#ff9800"},"geometry":{"type":"Polygon","coordinates":[[[-71.2202863879999,-32.6871613101419],[-71.2204974029999,-32.6872458671419],[-71.2202743319999,-32.6871842551419],[-71.2201799649999,-32.6873459511419],[-71.2209661449999,-32.6879628361419],[-71.2211001849999,-32.6877472771418],[-71.2207944609999,-32.6874981141419],[-71.2211147509999,-32.6877196951419],[-71.2214893639999,-32.6870906371419],[-71.2210771029999,-32.6869144241419],[-71.2208705279999,-32.6872367791419],[-71.2209690359999,-32.6868826111419],[-71.2205486979999,-32.6867246651419],[-71.2202863879999,-32.6871613101419]]]}},{"type":"Feature","properties":{"id":"5506031001045","commune":"Nogales","code":"05506","gse":"E","quintil":"Q1","nse_score":511.0,"educ":9.9,"educ_score":460.0,"hacin":1.667,"hacin_class":"Hacinamiento Medio","hacin_score":709.2,"auto_score":0.0,"n_per":10,"n_hog":4,"source_year":2024,"crime_score":0.2306,"crime_nivel":"Medio","crime_color":"#ff9800"},"geometry":{"type":"Polygon","coordinates":[[[-71.2188922719999,-32.6873927311419],[-71.2190416939999,-32.6872125231419],[-71.2185223979999,-32.6869382761419],[-71.2183272539999,-32.6870376801419],[-71.2188922719999,-32.6873927311419]]]}},{"type":"Feature","properties":{"id":"5506031001046","commune":"Nogales","code":"05506","gse":"E","quintil":"Q1","nse_score":601.1,"educ":9.6,"educ_score":440.0,"hacin":1.474,"hacin_class":"Hacinamiento Leve","hacin_score":750.3,"auto_score":50.0,"n_per":28,"n_hog":9,"source_year":2024,"crime_score":0.2221,"crime_nivel":"Medio","crime_color":"#ff9800"},"geometry":{"type":"Polygon","coordinates":[[[-71.2199510799999,-32.6872588661419],[-71.2194413939999,-32.6869373441419],[-71.2191415499999,-32.6871969581419],[-71.2197250429999,-32.6875102161419],[-71.2199510799999,-32.6872588661419]]]}},{"type":"Feature","properties":{"id":"5506031001047","commune":"Nogales","code":"05506","gse":"D","quintil":"Q2","nse_score":673.4,"educ":10.8,"educ_score":520.0,"hacin":1.067,"hacin_class":"Hacinamiento Leve","hacin_score":836.9,"auto_score":71.4,"n_per":32,"n_hog":13,"source_year":2024,"crime_score":0.2141,"crime_nivel":"Medio","crime_color":"#ff9800"},"geometry":{"type":"Polygon","coordinates":[[[-71.2182489219999,-32.6870913701419],[-71.217957742,-32.6873306281419],[-71.2186986639999,-32.6877007851419],[-71.2188502089999,-32.6874425341419],[-71.2182489219999,-32.6870913701419]]]}},{"type":"Feature","properties":{"id":"5506031001048","commune":"Nogales","code":"05506","gse":"D","quintil":"Q2","nse_score":676.9,"educ":11.0,"educ_score":533.3,"hacin":1.393,"hacin_class":"Hacinamiento Leve","hacin_score":767.5,"auto_score":208.3,"n_per":39,"n_hog":12,"source_year":2024,"crime_score":0.2144,"crime_nivel":"Medio","crime_color":"#ff9800"},"geometry":{"type":"Polygon","coordinates":[[[-71.2196830589999,-32.6875416651419],[-71.2190897089999,-32.6872610021419],[-71.2187575829999,-32.6876943321419],[-71.2194236849999,-32.6878935651419],[-71.2196830589999,-32.6875416651419]]]}},{"type":"Feature","properties":{"id":"5506031001049","commune":"Nogales","code":"05506","gse":"D","quintil":"Q1","nse_score":652.1,"educ":10.4,"educ_score":493.3,"hacin":1.344,"hacin_class":"Hacinamiento Leve","hacin_score":777.9,"auto_score":107.1,"n_per":43,"n_hog":12,"source_year":2024,"crime_score":0.2177,"crime_nivel":"Medio","crime_color":"#ff9800"},"geometry":{"type":"Polygon","coordinates":[[[-71.2209539509999,-32.6879828921419],[-71.2199716779999,-32.6872719461419],[-71.2197495859999,-32.6875223621419],[-71.220875126,-32.6881113521419],[-71.2209539509999,-32.6879828921419]]]}},{"type":"Feature","properties":{"id":"5506031001030","commune":"Nogales","code":"05506","gse":"D","quintil":"Q2","nse_score":664.3,"educ":9.2,"educ_score":413.3,"hacin":1.21,"hacin_class":"Hacinamiento Leve","hacin_score":806.3,"auto_score":71.4,"n_per":23,"n_hog":7,"source_year":2024,"crime_score":0.2142,"crime_nivel":"Medio","crime_color":"#ff9800"},"geometry":{"type":"MultiPolygon","coordinates":[[[[-71.2182439879999,-32.6869701891419],[-71.2194154219999,-32.6861249221419],[-71.2200362099999,-32.6849680181419],[-71.2198910419999,-32.6849235141419],[-71.2196620479999,-32.6853827051419],[-71.2193365829999,-32.6858650671419],[-71.2182439879999,-32.6869701891419]]],[[[-71.2192871679999,-32.6858504301419],[-71.2195829439999,-32.6854654481419],[-71.2198481379999,-32.6849135501419],[-71.2193637909999,-32.6848401411419],[-71.2192871679999,-32.6858504301419]]]]}},{"type":"Feature","properties":{"id":"5506031001051","commune":"Nogales","code":"05506","gse":"C3","quintil":"Q3","nse_score":730.2,"educ":12.3,"educ_score":620.0,"hacin":1.423,"hacin_class":"Hacinamiento Leve","hacin_score":761.0,"auto_score":153.8,"n_per":37,"n_hog":13,"source_year":2024,"crime_score":0.2079,"crime_nivel":"Medio","crime_color":"#ff9800"},"geometry":{"type":"MultiPolygon","coordinates":[[[[-71.2184370129999,-32.6879913751419],[-71.2193222229999,-32.6880467721419],[-71.2193667919999,-32.6879474171418],[-71.2187277169999,-32.6877759321419],[-71.2184370129999,-32.6879913751419]]],[[[-71.2198145119999,-32.6881644911419],[-71.2206367599999,-32.6880845511419],[-71.2206398509999,-32.6880672721419],[-71.2197343579999,-32.6875672951419],[-71.2194203709999,-32.6880569391419],[-71.2198145119999,-32.6881644911419]]]]}},{"type":"Feature","properties":{"id":"5506031001050","commune":"Nogales","code":"05506","gse":"D","quintil":"Q1","nse_score":635.8,"educ":9.8,"educ_score":453.3,"hacin":1.115,"hacin_class":"Hacinamiento Leve","hacin_score":826.6,"auto_score":64.5,"n_per":68,"n_hog":27,"source_year":2024,"crime_score":0.2224,"crime_nivel":"Medio","crime_color":"#ff9800"},"geometry":{"type":"MultiPolygon","coordinates":[[[[-71.2174221239999,-32.6876406671419],[-71.2167235479999,-32.6880921981419],[-71.2178715109999,-32.6880264481419],[-71.2174221239999,-32.6876406671419]]],[[[-71.2174510839999,-32.6876211721419],[-71.2176623869999,-32.6877589011419],[-71.2178106919999,-32.6876945641419],[-71.2176888349999,-32.6877790731419],[-71.2179128699999,-32.6878144891419],[-71.2178028439999,-32.6878933721419],[-71.2180172819999,-32.6880563351419],[-71.2182667909999,-32.6880206291419],[-71.218569182,-32.6877430261419],[-71.2178599049999,-32.6873545431419],[-71.2174510839999,-32.6876211721419]]]]}},{"type":"Feature","properties":{"id":"5506031002001","commune":"Nogales","code":"05506","gse":"D","quintil":"Q1","nse_score":622.5,"educ":10.0,"educ_score":466.7,"hacin":1.479,"hacin_class":"Hacinamiento Leve","hacin_score":749.1,"auto_score":166.7,"n_per":71,"n_hog":18,"source_year":2024,"crime_score":0.2243,"crime_nivel":"Medio","crime_color":"#ff9800"},"geometry":{"type":"Polygon","coordinates":[[[-71.2137525939999,-32.677578562142],[-71.2122052589999,-32.677318806142],[-71.2116319889999,-32.679966620142],[-71.2130887109999,-32.680323361142],[-71.2137525939999,-32.677578562142]]]}},{"type":"Feature","properties":{"id":"5506031002002","commune":"Nogales","code":"05506","gse":"D","quintil":"Q2","nse_score":653.6,"educ":10.5,"educ_score":500.0,"hacin":1.454,"hacin_class":"Hacinamiento Leve","hacin_score":754.4,"auto_score":136.4,"n_per":32,"n_hog":10,"source_year":2024,"crime_score":0.2164,"crime_nivel":"Medio","crime_color":"#ff9800"},"geometry":{"type":"Polygon","coordinates":[[[-71.2124300749999,-32.6823909091419],[-71.2126422329999,-32.682285352142],[-71.2130805019999,-32.680396912142],[-71.2116300109999,-32.680017260142],[-71.2114698349999,-32.680782168142],[-71.2115437189999,-32.6821525961419],[-71.2124300749999,-32.6823909091419]]]}},{"type":"Feature","properties":{"id":"5506031002003","commune":"Nogales","code":"05506","gse":"C2","quintil":"Q3","nse_score":737.7,"educ":12.2,"educ_score":613.3,"hacin":1.339,"hacin_class":"Hacinamiento Leve","hacin_score":778.9,"auto_score":206.5,"n_per":158,"n_hog":47,"source_year":2024,"crime_score":0.2193,"crime_nivel":"Medio","crime_color":"#ff9800"},"geometry":{"type":"Polygon","coordinates":[[[-71.2165575859999,-32.6847259181419],[-71.2167011299999,-32.684444895142],[-71.2134963279999,-32.6839085091419],[-71.2142201729999,-32.680624177142],[-71.2131406299999,-32.680409378142],[-71.2123410439999,-32.6840339381419],[-71.2165575859999,-32.6847259181419]]]}},{"type":"Feature","properties":{"id":"5506031002009","commune":"Nogales","code":"05506","gse":"C3","quintil":"Q2","nse_score":682.3,"educ":11.5,"educ_score":566.7,"hacin":1.357,"hacin_class":"Hacinamiento Leve","hacin_score":775.1,"auto_score":153.8,"n_per":38,"n_hog":14,"source_year":2024,"crime_score":0.2137,"crime_nivel":"Medio","crime_color":"#ff9800"},"geometry":{"type":"Polygon","coordinates":[[[-71.2121871999999,-32.6850555071419],[-71.2124180559999,-32.6841342131419],[-71.211853103,-32.6840220751419],[-71.2116211159999,-32.6849452821419],[-71.2121871999999,-32.6850555071419]]]}},{"type":"Feature","properties":{"id":"5506031002010","commune":"Nogales","code":"05506","gse":"C2","quintil":"Q4","nse_score":773.3,"educ":13.1,"educ_score":673.3,"hacin":1.282,"hacin_class":"Hacinamiento Leve","hacin_score":791.1,"auto_score":266.7,"n_per":50,"n_hog":14,"source_year":2024,"crime_score":0.2042,"crime_nivel":"Medio","crime_color":"#ff9800"},"geometry":{"type":"Polygon","coordinates":[[[-71.2125074339999,-32.6841243071419],[-71.2122842599999,-32.6850433341419],[-71.2128742729999,-32.6851638651419],[-71.2130819849999,-32.684225393142],[-71.2125074339999,-32.6841243071419]]]}},{"type":"Feature","properties":{"id":"5506031002011","commune":"Nogales","code":"05506","gse":"C2","quintil":"Q4","nse_score":748.2,"educ":12.4,"educ_score":626.7,"hacin":1.457,"hacin_class":"Hacinamiento Leve","hacin_score":753.8,"auto_score":142.9,"n_per":51,"n_hog":14,"source_year":2024,"crime_score":0.2072,"crime_nivel":"Medio","crime_color":"#ff9800"},"geometry":{"type":"Polygon","coordinates":[[[-71.2134641089999,-32.6852598671419],[-71.2136963399999,-32.6843256511419],[-71.2131477839999,-32.6842212561419],[-71.2129557439999,-32.6851508841419],[-71.2134641089999,-32.6852598671419]]]}},{"type":"Feature","properties":{"id":"5506031002013","commune":"Nogales","code":"05506","gse":"C2","quintil":"Q4","nse_score":775.2,"educ":13.0,"educ_score":666.7,"hacin":1.243,"hacin_class":"Hacinamiento Leve","hacin_score":799.3,"auto_score":375.0,"n_per":46,"n_hog":16,"source_year":2024,"crime_score":0.2035,"crime_nivel":"Medio","crime_color":"#ff9800"},"geometry":{"type":"Polygon","coordinates":[[[-71.2141130979999,-32.6853588811419],[-71.214345051,-32.6844353091419],[-71.2137861459999,-32.6843177531419],[-71.2135497639999,-32.6852478951419],[-71.2141130979999,-32.6853588811419]]]}},{"type":"Feature","properties":{"id":"5506031002014","commune":"Nogales","code":"05506","gse":"C2","quintil":"Q4","nse_score":784.2,"educ":12.7,"educ_score":646.7,"hacin":1.302,"hacin_class":"Hacinamiento Leve","hacin_score":786.7,"auto_score":52.6,"n_per":56,"n_hog":19,"source_year":2024,"crime_score":0.2035,"crime_nivel":"Medio","crime_color":"#ff9800"},"geometry":{"type":"Polygon","coordinates":[[[-71.2147259119999,-32.6854611451419],[-71.2149672939999,-32.6845310031419],[-71.2144193439999,-32.6844210111419],[-71.2141854509999,-32.6853480441419],[-71.2147259119999,-32.6854611451419]]]}},{"type":"Feature","properties":{"id":"5506031002015","commune":"Nogales","code":"05506","gse":"C1","quintil":"Q5","nse_score":790.0,"educ":13.0,"educ_score":666.7,"hacin":1.133,"hacin_class":"Hacinamiento Leve","hacin_score":822.7,"auto_score":205.9,"n_per":51,"n_hog":17,"source_year":2024,"crime_score":0.2023,"crime_nivel":"Medio","crime_color":"#ff9800"},"geometry":{"type":"Polygon","coordinates":[[[-71.2152955939999,-32.6855483861419],[-71.2155289199999,-32.6846161311419],[-71.2150398059999,-32.6845223271419],[-71.2148166469999,-32.6854519671419],[-71.2152955939999,-32.6855483861419]]]}},{"type":"Feature","properties":{"id":"5506031002016","commune":"Nogales","code":"05506","gse":"D","quintil":"Q1","nse_score":631.2,"educ":10.3,"educ_score":486.7,"hacin":1.338,"hacin_class":"Hacinamiento Leve","hacin_score":779.2,"auto_score":121.6,"n_per":99,"n_hog":33,"source_year":2024,"crime_score":0.2262,"crime_nivel":"Medio","crime_color":"#ff9800"},"geometry":{"type":"Polygon","coordinates":[[[-71.1976963719999,-32.6922473391418],[-71.1972240569999,-32.6938744491418],[-71.1975121059999,-32.6940481391418],[-71.1981105519999,-32.6940280701418],[-71.1981623169999,-32.6933487681418],[-71.1981406589999,-32.6940269541418],[-71.2023561849999,-32.6939045651418],[-71.2029464209999,-32.6931512541418],[-71.202667361,-32.6930572291418],[-71.2023224339999,-32.6923841061418],[-71.2017926679999,-32.6930486951418],[-71.1985239289999,-32.6931484111418],[-71.1987119089999,-32.6925130731418],[-71.198711881,-32.6919457901418],[-71.1979940359999,-32.6905171861419],[-71.1970034599999,-32.6891510791418],[-71.1956288889999,-32.6865759851419],[-71.1946380989999,-32.6853719811419],[-71.1940579339999,-32.6848907271419],[-71.1940863529999,-32.6846976531419],[-71.1930544989999,-32.6845977591419],[-71.1930117719999,-32.6849678691419],[-71.1931183249999,-32.6851971191419],[-71.1945538089999,-32.6867365191419],[-71.1959983009999,-32.6894150481419],[-71.1974965589999,-32.6916837341418],[-71.1976963719999,-32.6922473391418]]]}},{"type":"Feature","properties":{"id":"5506031002017","commune":"Nogales","code":"05506","gse":"C2","quintil":"Q4","nse_score":747.1,"educ":12.9,"educ_score":660.0,"hacin":1.311,"hacin_class":"Hacinamiento Leve","hacin_score":784.9,"auto_score":95.2,"n_per":59,"n_hog":20,"source_year":2024,"crime_score":0.2082,"crime_nivel":"Medio","crime_color":"#ff9800"},"geometry":{"type":"Polygon","coordinates":[[[-71.2157833629999,-32.6856306701419],[-71.216005273,-32.6847070031419],[-71.2155913589999,-32.6846054691419],[-71.2153680619999,-32.6855422361419],[-71.2157833629999,-32.6856306701419]]]}},{"type":"Feature","properties":{"id":"5506031002018","commune":"Nogales","code":"05506","gse":"E","quintil":"Q1","nse_score":486.0,"educ":8.4,"educ_score":360.0,"hacin":1.6,"hacin_class":"Hacinamiento Medio","hacin_score":723.4,"auto_score":62.5,"n_per":16,"n_hog":7,"source_year":2024,"crime_score":0.2342,"crime_nivel":"Medio","crime_color":"#ff9800"},"geometry":{"type":"Polygon","coordinates":[[[-71.1912201519999,-32.6855503131419],[-71.1909615459999,-32.6858423001419],[-71.192063458,-32.6862577071419],[-71.1940912469999,-32.6863631621419],[-71.1930296769999,-32.6851670931419],[-71.1930069459999,-32.6846120941419],[-71.1925223519999,-32.6848828741419],[-71.1920501749999,-32.6853882961419],[-71.1912201519999,-32.6855503131419]]]}},{"type":"Feature","properties":{"id":"5506031002019","commune":"Nogales","code":"05506","gse":"C3","quintil":"Q3","nse_score":710.3,"educ":11.0,"educ_score":533.3,"hacin":1.018,"hacin_class":"Hacinamiento Leve","hacin_score":847.2,"auto_score":142.9,"n_per":56,"n_hog":19,"source_year":2024,"crime_score":0.2122,"crime_nivel":"Medio","crime_color":"#ff9800"},"geometry":{"type":"Polygon","coordinates":[[[-71.2162649029999,-32.6857068391419],[-71.2165013569999,-32.6847720921419],[-71.2160815899999,-32.6846840111419],[-71.2158502839999,-32.6856244371419],[-71.2162649029999,-32.6857068391419]]]}},{"type":"Feature","properties":{"id":"5506031002020","commune":"Nogales","code":"05506","gse":"C2","quintil":"Q3","nse_score":735.6,"educ":12.0,"educ_score":600.0,"hacin":1.152,"hacin_class":"Hacinamiento Leve","hacin_score":818.7,"auto_score":88.2,"n_per":106,"n_hog":32,"source_year":2024,"crime_score":0.2143,"crime_nivel":"Medio","crime_color":"#ff9800"},"geometry":{"type":"Polygon","coordinates":[[[-71.2105112959999,-32.6853717441419],[-71.2129081779999,-32.6857539311419],[-71.2129934809999,-32.6852465211419],[-71.2105714749999,-32.6848929991419],[-71.2105112959999,-32.6853717441419]]]}},{"type":"Feature","properties":{"id":"5506031002021","commune":"Nogales","code":"05506","gse":"C3","quintil":"Q3","nse_score":723.4,"educ":11.6,"educ_score":573.3,"hacin":1.233,"hacin_class":"Hacinamiento Leve","hacin_score":801.5,"auto_score":85.4,"n_per":127,"n_hog":42,"source_year":2024,"crime_score":0.2179,"crime_nivel":"Medio","crime_color":"#ff9800"},"geometry":{"type":"Polygon","coordinates":[[[-71.2155214589999,-32.6879311901418],[-71.2143914939999,-32.6877628541419],[-71.2143070849999,-32.6881060361419],[-71.2143698709999,-32.6877595381419],[-71.2104017509999,-32.6871184801419],[-71.2105448919999,-32.6863193951419],[-71.2102295359999,-32.6861669591419],[-71.2104858209999,-32.6849222841419],[-71.2096771199999,-32.6881695851419],[-71.2098681489999,-32.6883959981418],[-71.2096977429999,-32.6892141391419],[-71.2113879079999,-32.6899222191418],[-71.2125753279999,-32.6891470721419],[-71.2157973299999,-32.6881250711419],[-71.2164659249999,-32.6874976871419],[-71.2168170349999,-32.6869130661419],[-71.2171406519999,-32.6856306661419],[-71.2171029959999,-32.6849917761419],[-71.2170349359999,-32.684915153142],[-71.2167902029999,-32.6856119731419],[-71.2164917219999,-32.6857715471419],[-71.215875562,-32.6875407661419],[-71.2155214589999,-32.6879311901418]]]}},{"type":"Feature","properties":{"id":"5506031002022","commune":"Nogales","code":"05506","gse":"C3","quintil":"Q3","nse_score":725.6,"educ":11.9,"educ_score":593.3,"hacin":1.397,"hacin_class":"Hacinamiento Leve","hacin_score":766.6,"auto_score":194.4,"n_per":95,"n_hog":34,"source_year":2024,"crime_score":0.2144,"crime_nivel":"Medio","crime_color":"#ff9800"},"geometry":{"type":"Polygon","coordinates":[[[-71.2130331309999,-32.6852527521419],[-71.2129435879999,-32.6857598391419],[-71.2147963829999,-32.6860520221419],[-71.2143984659999,-32.6877040231419],[-71.2156498409999,-32.6878486611418],[-71.2161138869999,-32.6869144031419],[-71.2164580729999,-32.6857734951419],[-71.2130331309999,-32.6852527521419]]]}},{"type":"Feature","properties":{"id":"5506031002023","commune":"Nogales","code":"05506","gse":"C2","quintil":"Q4","nse_score":781.1,"educ":13.2,"educ_score":680.0,"hacin":1.5,"hacin_class":"Hacinamiento Medio","hacin_score":744.7,"auto_score":214.3,"n_per":27,"n_hog":8,"source_year":2024,"crime_score":0.201,"crime_nivel":"Medio","crime_color":"#ff9800"},"geometry":{"type":"Polygon","coordinates":[[[-71.2103107909999,-32.6862014181419],[-71.210564368,-32.6862139921419],[-71.2107143299999,-32.6854667311419],[-71.2104534399999,-32.6854385951419],[-71.2103107909999,-32.6862014181419]]]}},{"type":"Feature","properties":{"id":"5506031002024","commune":"Nogales","code":"05506","gse":"C1","quintil":"Q5","nse_score":793.8,"educ":13.0,"educ_score":666.7,"hacin":1.286,"hacin_class":"Hacinamiento Leve","hacin_score":790.3,"auto_score":100.0,"n_per":27,"n_hog":10,"source_year":2024,"crime_score":0.1995,"crime_nivel":"Medio","crime_color":"#ff9800"},"geometry":{"type":"Polygon","coordinates":[[[-71.2106361339999,-32.6862355431419],[-71.2112416539999,-32.6863446261419],[-71.2114127919999,-32.6855741751419],[-71.2107915919999,-32.6854949481419],[-71.2106361339999,-32.6862355431419]]]}},{"type":"Feature","properties":{"id":"5506031002025","commune":"Nogales","code":"05506","gse":"D","quintil":"Q2","nse_score":673.5,"educ":10.1,"educ_score":473.3,"hacin":0.939,"hacin_class":"Sin Hacinamiento","hacin_score":864.0,"auto_score":0.0,"n_per":31,"n_hog":11,"source_year":2024,"crime_score":0.214,"crime_nivel":"Medio","crime_color":"#ff9800"},"geometry":{"type":"Polygon","coordinates":[[[-71.2114337749999,-32.6855775021419],[-71.211262642,-32.6863481331419],[-71.2118607989999,-32.6864439961419],[-71.2120516779999,-32.6856915931419],[-71.2114337749999,-32.6855775021419]]]}},{"type":"Feature","properties":{"id":"5506031002026","commune":"Nogales","code":"05506","gse":"C3","quintil":"Q3","nse_score":725.1,"educ":11.4,"educ_score":560.0,"hacin":1.222,"hacin_class":"Hacinamiento Leve","hacin_score":803.8,"auto_score":300.0,"n_per":11,"n_hog":5,"source_year":2024,"crime_score":0.2059,"crime_nivel":"Medio","crime_color":"#ff9800"},"geometry":{"type":"Polygon","coordinates":[[[-71.2125376539999,-32.6865483881419],[-71.2127181929999,-32.6858006751419],[-71.2121369099999,-32.6856927051419],[-71.2119548579999,-32.6864398121419],[-71.2125376539999,-32.6865483881419]]]}},{"type":"Feature","properties":{"id":"5506031002027","commune":"Nogales","code":"05506","gse":"C3","quintil":"Q3","nse_score":721.8,"educ":11.5,"educ_score":566.7,"hacin":1.454,"hacin_class":"Hacinamiento Leve","hacin_score":754.4,"auto_score":156.2,"n_per":64,"n_hog":17,"source_year":2024,"crime_score":0.2117,"crime_nivel":"Medio","crime_color":"#ff9800"},"geometry":{"type":"Polygon","coordinates":[[[-71.2132397569999,-32.6866603561419],[-71.2134109939999,-32.6858945911419],[-71.2128071929999,-32.6857989251419],[-71.2126258609999,-32.6865447571419],[-71.2132397569999,-32.6866603561419]]]}},{"type":"Feature","properties":{"id":"5506031002028","commune":"Nogales","code":"05506","gse":"D","quintil":"Q1","nse_score":641.2,"educ":10.3,"educ_score":486.7,"hacin":1.177,"hacin_class":"Hacinamiento Leve","hacin_score":813.5,"auto_score":75.0,"n_per":100,"n_hog":36,"source_year":2024,"crime_score":0.2251,"crime_nivel":"Medio","crime_color":"#ff9800"},"geometry":{"type":"Polygon","coordinates":[[[-71.1909143699999,-32.6858834031419],[-71.1899525719999,-32.6873313161419],[-71.1920286849999,-32.6880487341419],[-71.1927899119999,-32.6866014081419],[-71.193160615,-32.6866015951419],[-71.1942989679999,-32.6891404501419],[-71.1962656709999,-32.6923049571418],[-71.1957069879999,-32.6938323171418],[-71.1919888409999,-32.6950549371418],[-71.1921898189999,-32.6956247491418],[-71.1971118959999,-32.6940267021418],[-71.197623082,-32.6923639451418],[-71.1975804059999,-32.6919859801418],[-71.1970106919999,-32.6909327361418],[-71.1958710669999,-32.6893275301419],[-71.1943402569999,-32.6865808191419],[-71.1939273219999,-32.6864005961419],[-71.1920152039999,-32.6863096291419],[-71.1909143699999,-32.6858834031419]]]}},{"type":"Feature","properties":{"id":"5506031002029","commune":"Nogales","code":"05506","gse":"C3","quintil":"Q3","nse_score":719.4,"educ":11.4,"educ_score":560.0,"hacin":1.351,"hacin_class":"Hacinamiento Leve","hacin_score":776.3,"auto_score":93.8,"n_per":50,"n_hog":16,"source_year":2024,"crime_score":0.2105,"crime_nivel":"Medio","crime_color":"#ff9800"},"geometry":{"type":"Polygon","coordinates":[[[-71.2134319769999,-32.6858979181419],[-71.2132607379999,-32.6866635931419],[-71.2138689519999,-32.6867519641419],[-71.2140360999999,-32.6859935751419],[-71.2134319769999,-32.6858979181419]]]}},{"type":"Feature","properties":{"id":"5506031002030","commune":"Nogales","code":"05506","gse":"D","quintil":"Q2","nse_score":673.8,"educ":11.0,"educ_score":533.3,"hacin":1.28,"hacin_class":"Hacinamiento Leve","hacin_score":791.5,"auto_score":153.8,"n_per":32,"n_hog":12,"source_year":2024,"crime_score":0.214,"crime_nivel":"Medio","crime_color":"#ff9800"},"geometry":{"type":"Polygon","coordinates":[[[-71.2147387859999,-32.6860947031419],[-71.2141090309999,-32.6860277281419],[-71.213983003,-32.6867843991419],[-71.2145704099999,-32.6868722331419],[-71.2147387859999,-32.6860947031419]]]}},{"type":"Feature","properties":{"id":"5506031002031","commune":"Nogales","code":"05506","gse":"C3","quintil":"Q3","nse_score":729.0,"educ":11.5,"educ_score":566.7,"hacin":1.308,"hacin_class":"Hacinamiento Leve","hacin_score":785.6,"auto_score":0.0,"n_per":17,"n_hog":6,"source_year":2024,"crime_score":0.206,"crime_nivel":"Medio","crime_color":"#ff9800"},"geometry":{"type":"Polygon","coordinates":[[[-71.2105036609999,-32.6870823251419],[-71.2110552099999,-32.6871734221419],[-71.2112246759999,-32.6864042641419],[-71.2106115459999,-32.6863282301419],[-71.2105036609999,-32.6870823251419]]]}},{"type":"Feature","properties":{"id":"5506031002032","commune":"Nogales","code":"05506","gse":"C3","quintil":"Q2","nse_score":695.3,"educ":11.3,"educ_score":553.3,"hacin":1.552,"hacin_class":"Hacinamiento Medio","hacin_score":733.7,"auto_score":115.4,"n_per":45,"n_hog":13,"source_year":2024,"crime_score":0.2129,"crime_nivel":"Medio","crime_color":"#ff9800"},"geometry":{"type":"Polygon","coordinates":[[[-71.2110760909999,-32.6871769321419],[-71.2117013099999,-32.6872629391419],[-71.2118468499999,-32.6865010561419],[-71.2112456569999,-32.6864075011419],[-71.2110760909999,-32.6871769321419]]]}},{"type":"Feature","properties":{"id":"5506031002033","commune":"Nogales","code":"05506","gse":"C2","quintil":"Q4","nse_score":788.1,"educ":12.7,"educ_score":646.7,"hacin":1.276,"hacin_class":"Hacinamiento Leve","hacin_score":792.4,"auto_score":375.0,"n_per":37,"n_hog":13,"source_year":2024,"crime_score":0.2011,"crime_nivel":"Medio","crime_color":"#ff9800"},"geometry":{"type":"Polygon","coordinates":[[[-71.2123533279999,-32.6873718281419],[-71.2125277449999,-32.6866135821419],[-71.2119302139999,-32.6865431421419],[-71.2117798359999,-32.6872688591419],[-71.2123533279999,-32.6873718281419]]]}},{"type":"Feature","properties":{"id":"5506031002034","commune":"Nogales","code":"05506","gse":"C3","quintil":"Q3","nse_score":718.3,"educ":10.8,"educ_score":520.0,"hacin":1.314,"hacin_class":"Hacinamiento Leve","hacin_score":784.2,"auto_score":125.0,"n_per":46,"n_hog":16,"source_year":2024,"crime_score":0.2103,"crime_nivel":"Medio","crime_color":"#ff9800"},"geometry":{"type":"Polygon","coordinates":[[[-71.2130542149999,-32.6874904011419],[-71.2132304109999,-32.6867180561419],[-71.2126352909999,-32.6866200721419],[-71.2124427049999,-32.6873809821419],[-71.2130542149999,-32.6874904011419]]]}},{"type":"Feature","properties":{"id":"5506031002035","commune":"Nogales","code":"05506","gse":"C3","quintil":"Q3","nse_score":718.5,"educ":10.6,"educ_score":506.7,"hacin":0.967,"hacin_class":"Sin Hacinamiento","hacin_score":858.2,"auto_score":125.0,"n_per":29,"n_hog":12,"source_year":2024,"crime_score":0.2085,"crime_nivel":"Medio","crime_color":"#ff9800"},"geometry":{"type":"Polygon","coordinates":[[[-71.2132513959999,-32.6867214731419],[-71.2130751979999,-32.6874937281419],[-71.2136712969999,-32.6875879051419],[-71.2138572899999,-32.6868325201419],[-71.2132513959999,-32.6867214731419]]]}},{"type":"Feature","properties":{"id":"5506031002036","commune":"Nogales","code":"05506","gse":"D","quintil":"Q2","nse_score":677.1,"educ":11.1,"educ_score":540.0,"hacin":1.357,"hacin_class":"Hacinamiento Leve","hacin_score":775.1,"auto_score":71.4,"n_per":19,"n_hog":7,"source_year":2024,"crime_score":0.2123,"crime_nivel":"Medio","crime_color":"#ff9800"},"geometry":{"type":"Polygon","coordinates":[[[-71.2145493499999,-32.6869262621419],[-71.2139396549999,-32.6868556851419],[-71.2137883849999,-32.6876093751419],[-71.2143774849999,-32.6877007871418],[-71.2145493499999,-32.6869262621419]]]}},{"type":"Feature","properties":{"id":"5506031002038","commune":"Nogales","code":"05506","gse":"C2","quintil":"Q4","nse_score":754.4,"educ":12.6,"educ_score":640.0,"hacin":1.154,"hacin_class":"Hacinamiento Leve","hacin_score":818.3,"auto_score":147.1,"n_per":45,"n_hog":17,"source_year":2024,"crime_score":0.2059,"crime_nivel":"Medio","crime_color":"#ff9800"},"geometry":{"type":"Polygon","coordinates":[[[-71.2092944319999,-32.6913742961418],[-71.2100912029999,-32.6913671331418],[-71.2104344019999,-32.6911842021418],[-71.211070435,-32.6899013721419],[-71.2096359309999,-32.6893023421419],[-71.2094807419999,-32.6893360081419],[-71.2091724719999,-32.6906268211419],[-71.2092944319999,-32.6913742961418]]]}},{"type":"Feature","properties":{"id":"5506031002039","commune":"Nogales","code":"05506","gse":"C3","quintil":"Q2","nse_score":694.6,"educ":11.4,"educ_score":560.0,"hacin":1.188,"hacin_class":"Hacinamiento Leve","hacin_score":811.2,"auto_score":295.5,"n_per":76,"n_hog":24,"source_year":2024,"crime_score":0.2162,"crime_nivel":"Medio","crime_color":"#ff9800"},"geometry":{"type":"Polygon","coordinates":[[[-71.2039775469999,-32.6926417421418],[-71.2072446489999,-32.6918525491418],[-71.2072628749999,-32.6916138821418],[-71.2065761419999,-32.6905721241418],[-71.205940945,-32.6899702351418],[-71.2059157299999,-32.6897245351418],[-71.2052477269999,-32.6898747681418],[-71.2054204589999,-32.6905135421419],[-71.2038166609999,-32.6908129571418],[-71.2039775469999,-32.6926417421418]]]}},{"type":"Feature","properties":{"id":"5506031002040","commune":"Nogales","code":"05506","gse":"C3","quintil":"Q3","nse_score":728.4,"educ":12.0,"educ_score":600.0,"hacin":1.265,"hacin_class":"Hacinamiento Leve","hacin_score":794.7,"auto_score":41.7,"n_per":43,"n_hog":12,"source_year":2024,"crime_score":0.2088,"crime_nivel":"Medio","crime_color":"#ff9800"},"geometry":{"type":"Polygon","coordinates":[[[-71.2116448159999,-32.6930595571418],[-71.2109118039999,-32.6930951901418],[-71.2109179939999,-32.6934932261418],[-71.2122176589999,-32.6936510201418],[-71.2123414259999,-32.6942027941418],[-71.2128923629999,-32.6942473571418],[-71.2127139699999,-32.6937753691418],[-71.2117245189999,-32.6927476411418],[-71.211179635,-32.6917563431418],[-71.2110183489999,-32.6908726271418],[-71.2113525689999,-32.6899731921419],[-71.2112145599999,-32.6899422971419],[-71.210578488,-32.6911513741419],[-71.210076291,-32.6914582721418],[-71.2108521859999,-32.6926496701418],[-71.2109078639999,-32.6929959711418],[-71.2116448159999,-32.6930595571418]]]}},{"type":"Feature","properties":{"id":"5506031002041","commune":"Nogales","code":"05506","gse":"D","quintil":"Q1","nse_score":632.8,"educ":9.6,"educ_score":440.0,"hacin":1.278,"hacin_class":"Hacinamiento Leve","hacin_score":792.0,"auto_score":134.6,"n_per":69,"n_hog":26,"source_year":2024,"crime_score":0.2228,"crime_nivel":"Medio","crime_color":"#ff9800"},"geometry":{"type":"Polygon","coordinates":[[[-71.2038133429999,-32.6907578641418],[-71.2013665809999,-32.6909770841418],[-71.2014279249999,-32.6914044401418],[-71.2021414499999,-32.6912633271418],[-71.2014388519999,-32.6914327881418],[-71.2019700219999,-32.6920205911418],[-71.2021099179999,-32.6921149091418],[-71.2026934869999,-32.6919566461418],[-71.20214827,-32.6921349751418],[-71.2027246059999,-32.6930475671418],[-71.2029805249999,-32.6930678701418],[-71.2033649299999,-32.6927933351418],[-71.2031503289999,-32.6923049371418],[-71.2034050939999,-32.6927826401418],[-71.2037757239999,-32.6926848021418],[-71.20369088,-32.6921135331418],[-71.2038095139999,-32.6926783941418],[-71.2039436339999,-32.6926461251418],[-71.2038990179999,-32.6913907891419],[-71.2037532279999,-32.6911953161419],[-71.2038133429999,-32.6907578641418]]]}},{"type":"Feature","properties":{"id":"5506031002042","commune":"Nogales","code":"05506","gse":"D","quintil":"Q1","nse_score":631.1,"educ":8.8,"educ_score":386.7,"hacin":1.118,"hacin_class":"Hacinamiento Leve","hacin_score":826.0,"auto_score":214.3,"n_per":19,"n_hog":7,"source_year":2024,"crime_score":0.2176,"crime_nivel":"Medio","crime_color":"#ff9800"},"geometry":{"type":"Polygon","coordinates":[[[-71.2082800329999,-32.6942063251418],[-71.2076337309999,-32.6975014341417],[-71.2076235859999,-32.6976741271417],[-71.2077843769999,-32.6977503841418],[-71.2076388119999,-32.6977510531417],[-71.2076175159999,-32.6980663781418],[-71.2091006979999,-32.6977656891417],[-71.210785557,-32.6980474261417],[-71.2103588459999,-32.6978403821417],[-71.2104033209999,-32.6969754031418],[-71.2102908139999,-32.6967249731418],[-71.2096798739999,-32.6962430881418],[-71.2093156169999,-32.6956571151418],[-71.2092603199999,-32.6944389451418],[-71.2088077029999,-32.6942701671418],[-71.2092316909999,-32.6940302121418],[-71.2091266759999,-32.6908396321418],[-71.2082800329999,-32.6942063251418]]]}},{"type":"Feature","properties":{"id":"5506031002043","commune":"Nogales","code":"05506","gse":"D","quintil":"Q1","nse_score":623.3,"educ":8.9,"educ_score":393.3,"hacin":0.833,"hacin_class":"Sin Hacinamiento","hacin_score":886.5,"auto_score":83.3,"n_per":10,"n_hog":5,"source_year":2024,"crime_score":0.2176,"crime_nivel":"Medio","crime_color":"#ff9800"},"geometry":{"type":"Polygon","coordinates":[[[-71.2093146689999,-32.6919445081418],[-71.2102211349999,-32.6919219501418],[-71.2102447969999,-32.6918911421418],[-71.2099500109999,-32.6914404781418],[-71.2092897909999,-32.6914369621418],[-71.2093146689999,-32.6919445081418]]]}},{"type":"Feature","properties":{"id":"5506031002045","commune":"Nogales","code":"05506","gse":"D","quintil":"Q2","nse_score":665.3,"educ":11.9,"educ_score":593.3,"hacin":1.429,"hacin_class":"Hacinamiento Leve","hacin_score":759.9,"auto_score":0.0,"n_per":10,"n_hog":4,"source_year":2024,"crime_score":0.2127,"crime_nivel":"Medio","crime_color":"#ff9800"},"geometry":{"type":"Polygon","coordinates":[[[-71.2100204039999,-32.6919902371418],[-71.210023427,-32.6924892411418],[-71.2105959199999,-32.6924639081418],[-71.2103172669999,-32.6920102551418],[-71.2100204039999,-32.6919902371418]]]}},{"type":"Feature","properties":{"id":"5506031002046","commune":"Nogales","code":"05506","gse":"C2","quintil":"Q4","nse_score":775.8,"educ":12.7,"educ_score":646.7,"hacin":1.25,"hacin_class":"Hacinamiento Leve","hacin_score":797.9,"auto_score":333.3,"n_per":25,"n_hog":9,"source_year":2024,"crime_score":0.2014,"crime_nivel":"Medio","crime_color":"#ff9800"},"geometry":{"type":"Polygon","coordinates":[[[-71.209991827,-32.6919903801418],[-71.2092627899999,-32.6920204521418],[-71.2092635479999,-32.6924882931418],[-71.2099969899999,-32.6924897071418],[-71.209991827,-32.6919903801418]]]}},{"type":"Feature","properties":{"id":"5506031002047","commune":"Nogales","code":"05506","gse":"D","quintil":"Q1","nse_score":643.6,"educ":10.8,"educ_score":520.0,"hacin":1.271,"hacin_class":"Hacinamiento Leve","hacin_score":793.3,"auto_score":222.9,"n_per":239,"n_hog":80,"source_year":2024,"crime_score":0.2397,"crime_nivel":"Medio","crime_color":"#ff9800"},"geometry":{"type":"Polygon","coordinates":[[[-71.2072911749999,-32.6940671401418],[-71.2062026559999,-32.6941305921418],[-71.2072856449999,-32.6939838391418],[-71.2066107829999,-32.6926243161418],[-71.2066018809999,-32.6921481621418],[-71.2058262259999,-32.6923133371418],[-71.2059127349999,-32.6927727321418],[-71.2057721189999,-32.6934626121418],[-71.2058700719999,-32.6927727031418],[-71.2057848739999,-32.6923226631418],[-71.2051336619999,-32.6924695301418],[-71.2051689399999,-32.6933710941418],[-71.2051039789999,-32.6924762251418],[-71.2033130279999,-32.6929054441418],[-71.2030583459999,-32.6931401551418],[-71.2029519099999,-32.6935475621418],[-71.2026915539999,-32.6938720361418],[-71.2028479839999,-32.6943827231418],[-71.2026813779999,-32.6941997311418],[-71.2026506119999,-32.6938943451418],[-71.2025025559999,-32.6939481101418],[-71.2025374519999,-32.6943926151418],[-71.2028707369999,-32.6947465941418],[-71.2029107939999,-32.6951089011418],[-71.2028320109999,-32.6947623321418],[-71.2024984189999,-32.6944189291418],[-71.2024600559999,-32.6939581331418],[-71.2018590859999,-32.6939853651418],[-71.2018699899999,-32.6951874331418],[-71.2027779399999,-32.6951483001417],[-71.2030273939999,-32.6955342681418],[-71.2036145949999,-32.6956599521417],[-71.2047158059999,-32.6967214601417],[-71.2050422949999,-32.6976033351417],[-71.2058109399999,-32.6979786201418],[-71.2062055589999,-32.6983774511417],[-71.2066277959999,-32.6980893931417],[-71.2072037979999,-32.6980764951417],[-71.2072282979999,-32.6977784951418],[-71.2068109799999,-32.6977138301417],[-71.207226853,-32.6977423561418],[-71.2071685879999,-32.6976492221417],[-71.2067013909999,-32.6975757981417],[-71.2069403259999,-32.6975355551417],[-71.2069850539999,-32.6971985401417],[-71.2063776649999,-32.6971181381417],[-71.2070130709999,-32.6971639811418],[-71.2070846629999,-32.6970778761417],[-71.2071867469999,-32.6969096961417],[-71.2066959879999,-32.6968076291417],[-71.2072016189999,-32.6968665091418],[-71.2072858459999,-32.6965774571417],[-71.2066611899999,-32.6964986191418],[-71.207294482,-32.6965404271418],[-71.2073655829999,-32.6962469391418],[-71.2067218679999,-32.6961660441418],[-71.2073754379999,-32.6962089331417],[-71.2075261589999,-32.6956754681418],[-71.2042725509999,-32.6956030791418],[-71.2054574679999,-32.6967080511417],[-71.2057278209999,-32.6971762301418],[-71.2054434559999,-32.6972932791418],[-71.2055858359999,-32.6977069251417],[-71.2053956079999,-32.6972804981418],[-71.2056778269999,-32.6971705301417],[-71.2054203049999,-32.6967258831418],[-71.2042294549999,-32.6955822481418],[-71.2075385279999,-32.6956338571418],[-71.2080121719999,-32.6933350331418],[-71.2074976409999,-32.6923016111418],[-71.2071038359999,-32.6920606381418],[-71.2066443759999,-32.6921397191418],[-71.2066522829999,-32.6926149421418],[-71.2073335059999,-32.6939731361418],[-71.2072911749999,-32.6940671401418]]]}},{"type":"Feature","properties":{"id":"5506031002048","commune":"Nogales","code":"05506","gse":"C2","quintil":"Q4","nse_score":775.5,"educ":13.5,"educ_score":700.0,"hacin":1.35,"hacin_class":"Hacinamiento Leve","hacin_score":776.6,"auto_score":0.0,"n_per":27,"n_hog":10,"source_year":2024,"crime_score":0.2016,"crime_nivel":"Medio","crime_color":"#ff9800"},"geometry":{"type":"Polygon","coordinates":[[[-71.2100122479999,-32.6925505801418],[-71.2100183039999,-32.6930471851418],[-71.2107414189999,-32.6930274931418],[-71.210656733,-32.6925557211418],[-71.2100122479999,-32.6925505801418]]]}},{"type":"Feature","properties":{"id":"5506031002049","commune":"Nogales","code":"05506","gse":"C3","quintil":"Q3","nse_score":700.5,"educ":11.4,"educ_score":560.0,"hacin":1.238,"hacin_class":"Hacinamiento Leve","hacin_score":800.4,"auto_score":363.6,"n_per":26,"n_hog":10,"source_year":2024,"crime_score":0.2103,"crime_nivel":"Medio","crime_color":"#ff9800"},"geometry":{"type":"Polygon","coordinates":[[[-71.2099836789999,-32.6925510831418],[-71.2092686999999,-32.6925718901418],[-71.2092837469999,-32.6930526451418],[-71.2099920799999,-32.6930476471418],[-71.2099836789999,-32.6925510831418]]]}},{"type":"Feature","properties":{"id":"5506031002050","commune":"Nogales","code":"05506","gse":"C2","quintil":"Q3","nse_score":736.9,"educ":10.6,"educ_score":506.7,"hacin":1.122,"hacin_class":"Hacinamiento Leve","hacin_score":825.1,"auto_score":66.7,"n_per":46,"n_hog":16,"source_year":2024,"crime_score":0.2081,"crime_nivel":"Medio","crime_color":"#ff9800"},"geometry":{"type":"Polygon","coordinates":[[[-71.2098220549999,-32.6936608021418],[-71.2107557139999,-32.6935033921418],[-71.2107548609999,-32.6930968751418],[-71.2098015449999,-32.6931056541418],[-71.2098220549999,-32.6936608021418]]]}},{"type":"Feature","properties":{"id":"5506031002051","commune":"Nogales","code":"05506","gse":"C3","quintil":"Q2","nse_score":678.0,"educ":10.7,"educ_score":513.3,"hacin":1.381,"hacin_class":"Hacinamiento Leve","hacin_score":770.0,"auto_score":41.7,"n_per":29,"n_hog":11,"source_year":2024,"crime_score":0.2132,"crime_nivel":"Medio","crime_color":"#ff9800"},"geometry":{"type":"Polygon","coordinates":[[[-71.2097358349999,-32.6931050091418],[-71.2092863029999,-32.6931304251418],[-71.2093076199999,-32.6937357891418],[-71.2097836009999,-32.6937319101418],[-71.2097358349999,-32.6931050091418]]]}},{"type":"Feature","properties":{"id":"5506031002054","commune":"Nogales","code":"05506","gse":"D","quintil":"Q2","nse_score":675.3,"educ":9.4,"educ_score":426.7,"hacin":0.75,"hacin_class":"Sin Hacinamiento","hacin_score":904.3,"auto_score":41.7,"n_per":18,"n_hog":12,"source_year":2024,"crime_score":0.2124,"crime_nivel":"Medio","crime_color":"#ff9800"},"geometry":{"type":"Polygon","coordinates":[[[-71.210793915,-32.6941962021418],[-71.2112379369999,-32.6942066791418],[-71.2112488469999,-32.6935809981418],[-71.2107969609999,-32.6935585761418],[-71.210793915,-32.6941962021418]]]}},{"type":"Feature","properties":{"id":"5506031002056","commune":"Nogales","code":"05506","gse":"D","quintil":"Q2","nse_score":673.6,"educ":10.4,"educ_score":493.3,"hacin":1.454,"hacin_class":"Hacinamiento Leve","hacin_score":754.4,"auto_score":93.8,"n_per":48,"n_hog":15,"source_year":2024,"crime_score":0.2157,"crime_nivel":"Medio","crime_color":"#ff9800"},"geometry":{"type":"Polygon","coordinates":[[[-71.2122610169999,-32.6941894431418],[-71.2121926819999,-32.6937064721418],[-71.2115449659999,-32.6937652431418],[-71.211519543,-32.6935949811418],[-71.2113010529999,-32.6935962191418],[-71.211307013,-32.6942053701418],[-71.2122610169999,-32.6941894431418]]]}},{"type":"Feature","properties":{"id":"5506031002057","commune":"Nogales","code":"05506","gse":"C2","quintil":"Q4","nse_score":764.8,"educ":12.2,"educ_score":613.3,"hacin":1.2,"hacin_class":"Hacinamiento Leve","hacin_score":808.5,"auto_score":192.3,"n_per":42,"n_hog":13,"source_year":2024,"crime_score":0.2044,"crime_nivel":"Medio","crime_color":"#ff9800"},"geometry":{"type":"Polygon","coordinates":[[[-71.2093167759999,-32.6942068191418],[-71.2100633769999,-32.6941920381418],[-71.2101219159999,-32.6936897851418],[-71.2093133329999,-32.6937901571418],[-71.2093167759999,-32.6942068191418]]]}},{"type":"Feature","properties":{"id":"5506031002058","commune":"Nogales","code":"05506","gse":"D","quintil":"Q2","nse_score":652.9,"educ":10.4,"educ_score":493.3,"hacin":1.28,"hacin_class":"Hacinamiento Leve","hacin_score":791.5,"auto_score":90.9,"n_per":32,"n_hog":11,"source_year":2024,"crime_score":0.2165,"crime_nivel":"Medio","crime_color":"#ff9800"},"geometry":{"type":"Polygon","coordinates":[[[-71.2014715519999,-32.6949913221418],[-71.2014625279999,-32.6939969331418],[-71.1972314849999,-32.6941230081418],[-71.1972183279999,-32.6944037951417],[-71.1969970379999,-32.6945715471418],[-71.1971754979999,-32.6944073641418],[-71.1971387519999,-32.6941273681418],[-71.1964054149999,-32.6957242531418],[-71.2018416159999,-32.6955596391418],[-71.2017822769999,-32.6939872461418],[-71.2014925359999,-32.6939960241418],[-71.2014715519999,-32.6949913221418]]]}},{"type":"Feature","properties":{"id":"5506031002059","commune":"Nogales","code":"05506","gse":"C3","quintil":"Q3","nse_score":700.8,"educ":11.2,"educ_score":546.7,"hacin":1.262,"hacin_class":"Hacinamiento Leve","hacin_score":795.3,"auto_score":195.7,"n_per":260,"n_hog":93,"source_year":2024,"crime_score":0.2345,"crime_nivel":"Medio","crime_color":"#ff9800"},"geometry":{"type":"Polygon","coordinates":[[[-71.190585085,-32.6976231741417],[-71.1899867079999,-32.6964242581417],[-71.1896144119999,-32.6965448421417],[-71.1908066329999,-32.6992307201417],[-71.1909517049999,-32.6992926641417],[-71.1892135819999,-32.6996391091417],[-71.1894073879999,-32.6995304841417],[-71.1882946919999,-32.6970484071418],[-71.187587446,-32.6972297031418],[-71.1877780369999,-32.6973563421417],[-71.1890224509999,-32.7000986701417],[-71.1913989289999,-32.6996011181417],[-71.1912332179999,-32.6992381911417],[-71.1951052519999,-32.6985491971417],[-71.1969751699999,-32.6941759551418],[-71.1924179519999,-32.6956216611418],[-71.1936032049999,-32.6982557571417],[-71.1923798119999,-32.6956344931418],[-71.1905317339999,-32.6962477251417],[-71.1910738459999,-32.6974152741417],[-71.1909753039999,-32.6973385041418],[-71.190531872,-32.6975017831417],[-71.190585085,-32.6976231741417]]]}},{"type":"Feature","properties":{"id":"5506031002060","commune":"Nogales","code":"05506","gse":"D","quintil":"Q2","nse_score":675.6,"educ":10.8,"educ_score":520.0,"hacin":1.2,"hacin_class":"Hacinamiento Leve","hacin_score":808.5,"auto_score":0.0,"n_per":42,"n_hog":15,"source_year":2024,"crime_score":0.2149,"crime_nivel":"Medio","crime_color":"#ff9800"},"geometry":{"type":"Polygon","coordinates":[[[-71.2119503249999,-32.6947905091418],[-71.2122678659999,-32.6946280271418],[-71.2122627619999,-32.6942342321418],[-71.2112981929999,-32.6942542231418],[-71.2113563489999,-32.6948651591418],[-71.2115714909999,-32.6948317851418],[-71.2115770979999,-32.6946699941418],[-71.2119458709999,-32.6946606031418],[-71.2119503249999,-32.6947905091418]]]}},{"type":"Feature","properties":{"id":"5506031002062","commune":"Nogales","code":"05506","gse":"C3","quintil":"Q2","nse_score":695.8,"educ":11.5,"educ_score":566.7,"hacin":1.604,"hacin_class":"Hacinamiento Medio","hacin_score":722.5,"auto_score":95.2,"n_per":77,"n_hog":21,"source_year":2024,"crime_score":0.2161,"crime_nivel":"Medio","crime_color":"#ff9800"},"geometry":{"type":"Polygon","coordinates":[[[-71.2109547779999,-32.6953652551418],[-71.2116764329999,-32.6954023961418],[-71.2093692549999,-32.6954664301418],[-71.2103142719999,-32.6956937561418],[-71.2097918119999,-32.6956398851418],[-71.2097807409999,-32.6961945071417],[-71.210431335,-32.6969090771418],[-71.2104382979999,-32.6978056151417],[-71.2108587579999,-32.6980596661418],[-71.211767758,-32.6982116591417],[-71.2128807349999,-32.6942692901418],[-71.2123236619999,-32.6942400511418],[-71.2122236079999,-32.6947550901418],[-71.2109618519999,-32.6949732081418],[-71.2109547779999,-32.6953652551418]]]}},{"type":"Feature","properties":{"id":"5506031002063","commune":"Nogales","code":"05506","gse":"C2","quintil":"Q3","nse_score":732.4,"educ":12.2,"educ_score":613.3,"hacin":1.286,"hacin_class":"Hacinamiento Leve","hacin_score":790.3,"auto_score":291.7,"n_per":36,"n_hog":12,"source_year":2024,"crime_score":0.2076,"crime_nivel":"Medio","crime_color":"#ff9800"},"geometry":{"type":"Polygon","coordinates":[[[-71.2108294809999,-32.6949118751418],[-71.2112933239999,-32.6948567121418],[-71.2112413779999,-32.6942424201418],[-71.2107948199999,-32.6942502041418],[-71.2108294809999,-32.6949118751418]]]}},{"type":"Feature","properties":{"id":"5506031002064","commune":"Nogales","code":"05506","gse":"C2","quintil":"Q4","nse_score":776.6,"educ":12.9,"educ_score":660.0,"hacin":1.242,"hacin_class":"Hacinamiento Leve","hacin_score":799.5,"auto_score":90.9,"n_per":41,"n_hog":11,"source_year":2024,"crime_score":0.2029,"crime_nivel":"Medio","crime_color":"#ff9800"},"geometry":{"type":"Polygon","coordinates":[[[-71.2099186199999,-32.6948698571418],[-71.2101475449999,-32.6948115341418],[-71.2100736749999,-32.6943155831418],[-71.2093210449999,-32.6943194691418],[-71.2093296739999,-32.6947474921418],[-71.2098711379999,-32.6947434501418],[-71.2099186199999,-32.6948698571418]]]}},{"type":"Feature","properties":{"id":"5506031002065","commune":"Nogales","code":"05506","gse":"C3","quintil":"Q3","nse_score":730.3,"educ":10.5,"educ_score":500.0,"hacin":1.0,"hacin_class":"Hacinamiento Leve","hacin_score":851.1,"auto_score":83.3,"n_per":32,"n_hog":12,"source_year":2024,"crime_score":0.2074,"crime_nivel":"Medio","crime_color":"#ff9800"},"geometry":{"type":"Polygon","coordinates":[[[-71.2097686339999,-32.6954048341418],[-71.2098072479999,-32.6947820911418],[-71.2093228539999,-32.6947823311418],[-71.2093322879999,-32.6953858301418],[-71.2097686339999,-32.6954048341418]]]}},{"type":"Feature","properties":{"id":"5506031002066","commune":"Nogales","code":"05506","gse":"C3","quintil":"Q2","nse_score":697.8,"educ":11.3,"educ_score":553.3,"hacin":1.238,"hacin_class":"Hacinamiento Leve","hacin_score":800.4,"auto_score":90.9,"n_per":26,"n_hog":10,"source_year":2024,"crime_score":0.2106,"crime_nivel":"Medio","crime_color":"#ff9800"},"geometry":{"type":"Polygon","coordinates":[[[-71.2107916709999,-32.6954069091418],[-71.2107965999999,-32.6949754011418],[-71.2101637159999,-32.6948704971418],[-71.2098553639999,-32.6949558321418],[-71.2098527549999,-32.6953994731418],[-71.2107916709999,-32.6954069091418]]]}},{"type":"Feature","properties":{"id":"5506031002069","commune":"Nogales","code":"05506","gse":"D","quintil":"Q2","nse_score":669.0,"educ":12.0,"educ_score":600.0,"hacin":1.516,"hacin_class":"Hacinamiento Medio","hacin_score":741.2,"auto_score":100.0,"n_per":47,"n_hog":13,"source_year":2024,"crime_score":0.2162,"crime_nivel":"Medio","crime_color":"#ff9800"},"geometry":{"type":"Polygon","coordinates":[[[-71.1900464529999,-32.6964049071417],[-71.1905086909999,-32.6974513151418],[-71.19095275,-32.6972878051417],[-71.1904719859999,-32.6962670771418],[-71.1900464529999,-32.6964049071417]]]}},{"type":"Feature","properties":{"id":"5506031002070","commune":"Nogales","code":"05506","gse":"D","quintil":"Q2","nse_score":660.9,"educ":10.5,"educ_score":500.0,"hacin":1.304,"hacin_class":"Hacinamiento Leve","hacin_score":786.3,"auto_score":83.3,"n_per":30,"n_hog":11,"source_year":2024,"crime_score":0.2153,"crime_nivel":"Medio","crime_color":"#ff9800"},"geometry":{"type":"Polygon","coordinates":[[[-71.1885309299999,-32.6973565871418],[-71.1896336759999,-32.6970011401418],[-71.1895032059999,-32.6966329561417],[-71.1883538929999,-32.6969855181418],[-71.1885309299999,-32.6973565871418]]]}},{"type":"Feature","properties":{"id":"5506031002071","commune":"Nogales","code":"05506","gse":"C3","quintil":"Q3","nse_score":714.0,"educ":11.7,"educ_score":580.0,"hacin":1.477,"hacin_class":"Hacinamiento Leve","hacin_score":749.5,"auto_score":214.3,"n_per":65,"n_hog":21,"source_year":2024,"crime_score":0.2127,"crime_nivel":"Medio","crime_color":"#ff9800"},"geometry":{"type":"Polygon","coordinates":[[[-71.1888315219999,-32.6980485251417],[-71.1899606679999,-32.6976819731417],[-71.1897108339999,-32.6970816761417],[-71.1885564599999,-32.6974237761417],[-71.1888315219999,-32.6980485251417]]]}},{"type":"Feature","properties":{"id":"5506031002072","commune":"Nogales","code":"05506","gse":"C3","quintil":"Q2","nse_score":686.8,"educ":11.5,"educ_score":566.7,"hacin":1.333,"hacin_class":"Hacinamiento Leve","hacin_score":780.1,"auto_score":217.4,"n_per":68,"n_hog":23,"source_year":2024,"crime_score":0.2163,"crime_nivel":"Medio","crime_color":"#ff9800"},"geometry":{"type":"Polygon","coordinates":[[[-71.189150535,-32.6987400271417],[-71.1902862779999,-32.6983802341417],[-71.1900072289999,-32.6977586241418],[-71.1888571849999,-32.6981123761417],[-71.189150535,-32.6987400271417]]]}},{"type":"Feature","properties":{"id":"5506031002073","commune":"Nogales","code":"05506","gse":"D","quintil":"Q2","nse_score":653.7,"educ":9.6,"educ_score":440.0,"hacin":1.139,"hacin_class":"Hacinamiento Leve","hacin_score":821.4,"auto_score":156.2,"n_per":49,"n_hog":16,"source_year":2024,"crime_score":0.2182,"crime_nivel":"Medio","crime_color":"#ff9800"},"geometry":{"type":"Polygon","coordinates":[[[-71.1894993009999,-32.6995251141417],[-71.1906720059999,-32.6992863011417],[-71.1903261429999,-32.6984447381417],[-71.1891731019999,-32.6987939451417],[-71.1894993009999,-32.6995251141417]]]}},{"type":"Feature","properties":{"id":"5506031002007","commune":"Nogales","code":"05506","gse":"D","quintil":"Q1","nse_score":627.5,"educ":11.3,"educ_score":553.3,"hacin":1.913,"hacin_class":"Hacinamiento Medio","hacin_score":656.8,"auto_score":90.9,"n_per":44,"n_hog":11,"source_year":2024,"crime_score":0.2207,"crime_nivel":"Medio","crime_color":"#ff9800"},"geometry":{"type":"MultiPolygon","coordinates":[[[[-71.2114971459999,-32.6849472881419],[-71.2117610899999,-32.6840182871419],[-71.2111838669999,-32.6839188071419],[-71.2109645709999,-32.6848553171419],[-71.2114971459999,-32.6849472881419]]],[[[-71.2107801469999,-32.6837459261419],[-71.2105561059999,-32.6847453741419],[-71.2108882009999,-32.6848545891419],[-71.2111374089999,-32.6838683141419],[-71.2122569919999,-32.6839941191419],[-71.212547561,-32.6826881441419],[-71.2124882849999,-32.6825114451419],[-71.2115062219999,-32.682318467142],[-71.2107801469999,-32.6837459261419]]]]}},{"type":"Feature","properties":{"id":"5506031003001","commune":"Nogales","code":"05506","gse":"E","quintil":"Q1","nse_score":544.1,"educ":7.9,"educ_score":326.7,"hacin":1.333,"hacin_class":"Hacinamiento Leve","hacin_score":780.1,"auto_score":14.7,"n_per":68,"n_hog":29,"source_year":2024,"crime_score":0.2333,"crime_nivel":"Medio","crime_color":"#ff9800"},"geometry":{"type":"Polygon","coordinates":[[[-71.2208107859999,-32.6899916241419],[-71.2217455139999,-32.6895900951418],[-71.2221402309999,-32.6891363081419],[-71.2231767739999,-32.6872190041419],[-71.2235356599999,-32.6854739661419],[-71.2220336069999,-32.6853113951419],[-71.2217724749999,-32.6866896421419],[-71.2209175719999,-32.6881545171419],[-71.2214423299999,-32.6884474731419],[-71.2213939099999,-32.6886173981419],[-71.2211716989999,-32.6889635381419],[-71.2204301529999,-32.6892787611419],[-71.2204599189999,-32.6896164111418],[-71.2205294739999,-32.6895872241418],[-71.2208244459999,-32.6895613481418],[-71.2204537209999,-32.6896275341419],[-71.2204466749999,-32.6897842301419],[-71.2208107859999,-32.6899916241419]]]}},{"type":"Feature","properties":{"id":"5506031003002","commune":"Nogales","code":"05506","gse":"E","quintil":"Q1","nse_score":578.1,"educ":9.1,"educ_score":406.7,"hacin":1.364,"hacin_class":"Hacinamiento Leve","hacin_score":773.7,"auto_score":83.3,"n_per":15,"n_hog":8,"source_year":2024,"crime_score":0.2234,"crime_nivel":"Medio","crime_color":"#ff9800"},"geometry":{"type":"Polygon","coordinates":[[[-71.2182457149999,-32.6880868321419],[-71.2182670239999,-32.6884116721418],[-71.2193402389999,-32.6884170791418],[-71.2194399349999,-32.6881278341419],[-71.2182457149999,-32.6880868321419]]]}},{"type":"Feature","properties":{"id":"5506031003003","commune":"Nogales","code":"05506","gse":"D","quintil":"Q1","nse_score":630.3,"educ":9.7,"educ_score":446.7,"hacin":1.214,"hacin_class":"Hacinamiento Leve","hacin_score":805.5,"auto_score":50.0,"n_per":17,"n_hog":9,"source_year":2024,"crime_score":0.2175,"crime_nivel":"Medio","crime_color":"#ff9800"},"geometry":{"type":"Polygon","coordinates":[[[-71.2173831599999,-32.6880717001419],[-71.2167306949999,-32.6883030291419],[-71.2182563659999,-32.6884119511419],[-71.2182459819999,-32.6882269681418],[-71.2180384289999,-32.6882257691418],[-71.2182458539999,-32.6882131721419],[-71.218233601,-32.6880885801419],[-71.2173831599999,-32.6880717001419]]]}},{"type":"Feature","properties":{"id":"5506031003005","commune":"Nogales","code":"05506","gse":"E","quintil":"Q1","nse_score":577.8,"educ":9.3,"educ_score":420.0,"hacin":1.4,"hacin_class":"Hacinamiento Leve","hacin_score":766.0,"auto_score":0.0,"n_per":14,"n_hog":6,"source_year":2024,"crime_score":0.2233,"crime_nivel":"Medio","crime_color":"#ff9800"},"geometry":{"type":"Polygon","coordinates":[[[-71.2194499279999,-32.6881309041419],[-71.2193494879999,-32.6884215121419],[-71.2199455949999,-32.6885788911419],[-71.2199200789999,-32.6882115891419],[-71.2194499279999,-32.6881309041419]]]}},{"type":"Feature","properties":{"id":"5506031003006","commune":"Nogales","code":"05506","gse":"E","quintil":"Q1","nse_score":606.6,"educ":9.7,"educ_score":446.7,"hacin":1.182,"hacin_class":"Hacinamiento Leve","hacin_score":812.4,"auto_score":131.6,"n_per":39,"n_hog":17,"source_year":2024,"crime_score":0.2227,"crime_nivel":"Medio","crime_color":"#ff9800"},"geometry":{"type":"Polygon","coordinates":[[[-71.2200653279999,-32.6886123021419],[-71.2212564279999,-32.6887517201418],[-71.2213738289999,-32.6884749601419],[-71.2207425619999,-32.6881540101419],[-71.2199840489999,-32.6882454471419],[-71.2200653279999,-32.6886123021419]]]}},{"type":"Feature","properties":{"id":"5506031003007","commune":"Nogales","code":"05506","gse":"E","quintil":"Q1","nse_score":552.7,"educ":10.0,"educ_score":466.7,"hacin":1.396,"hacin_class":"Hacinamiento Leve","hacin_score":766.8,"auto_score":100.0,"n_per":74,"n_hog":28,"source_year":2024,"crime_score":0.2329,"crime_nivel":"Medio","crime_color":"#ff9800"},"geometry":{"type":"Polygon","coordinates":[[[-71.2166900569999,-32.6883168671419],[-71.2159653419999,-32.6885661401419],[-71.2157331939999,-32.6892366811419],[-71.2157997939999,-32.6893813251419],[-71.2159381819999,-32.6894586761419],[-71.2163898129999,-32.6888862421419],[-71.2168540409999,-32.6886812931419],[-71.2177759949999,-32.6888849121419],[-71.2176934109999,-32.6884785551419],[-71.2166900569999,-32.6883168671419]]]}},{"type":"Feature","properties":{"id":"5506031003008","commune":"Nogales","code":"05506","gse":"E","quintil":"Q1","nse_score":557.9,"educ":8.8,"educ_score":386.7,"hacin":1.389,"hacin_class":"Hacinamiento Leve","hacin_score":768.3,"auto_score":68.2,"n_per":50,"n_hog":18,"source_year":2024,"crime_score":0.2296,"crime_nivel":"Medio","crime_color":"#ff9800"},"geometry":{"type":"Polygon","coordinates":[[[-71.2177465809999,-32.6884794391419],[-71.2178141239999,-32.6888865491419],[-71.2184961359999,-32.6889141261419],[-71.2189286519999,-32.6891601131419],[-71.2192876839999,-32.6884548751419],[-71.2177465809999,-32.6884794391419]]]}},{"type":"Feature","properties":{"id":"5506031003009","commune":"Nogales","code":"05506","gse":"E","quintil":"Q1","nse_score":549.7,"educ":9.3,"educ_score":420.0,"hacin":1.5,"hacin_class":"Hacinamiento Medio","hacin_score":744.7,"auto_score":250.0,"n_per":33,"n_hog":11,"source_year":2024,"crime_score":0.2287,"crime_nivel":"Medio","crime_color":"#ff9800"},"geometry":{"type":"Polygon","coordinates":[[[-71.2192978479999,-32.6884592141418],[-71.2189414669999,-32.6891692151419],[-71.2191160449999,-32.6892556021419],[-71.2199168789999,-32.6890459991418],[-71.2203457189999,-32.6887298921418],[-71.2192978479999,-32.6884592141418]]]}},{"type":"Feature","properties":{"id":"5506031003011","commune":"Nogales","code":"05506","gse":"E","quintil":"Q1","nse_score":606.7,"educ":9.9,"educ_score":460.0,"hacin":1.354,"hacin_class":"Hacinamiento Leve","hacin_score":775.7,"auto_score":81.8,"n_per":306,"n_hog":100,"source_year":2024,"crime_score":0.2512,"crime_nivel":"Medio","crime_color":"#ff9800"},"geometry":{"type":"Polygon","coordinates":[[[-71.2164466499999,-32.6889187741419],[-71.2160524009999,-32.6894040921419],[-71.2161943449999,-32.6894848951419],[-71.21625259,-32.6895765361418],[-71.216308507,-32.6898824871418],[-71.2161629699999,-32.6900835321419],[-71.2162404889999,-32.6901561331418],[-71.2161300599999,-32.6900812211419],[-71.2162773239999,-32.6898751901419],[-71.2162147629999,-32.6895569681418],[-71.2160345949999,-32.6894286511419],[-71.2156434349999,-32.6902125101418],[-71.2154507569999,-32.6911143721418],[-71.2150186649999,-32.6916464281418],[-71.2149051259999,-32.6927203501418],[-71.2149772889999,-32.6930524701418],[-71.2147210939999,-32.6941018691418],[-71.214855198,-32.6945914051418],[-71.2145876369999,-32.6947629611418],[-71.2143845129999,-32.6952367961418],[-71.2143907589999,-32.6956496771418],[-71.2146260519999,-32.6960612081418],[-71.2144271779999,-32.6962344341418],[-71.2144484229999,-32.6965618651417],[-71.2140362529999,-32.6965294051417],[-71.2140960649999,-32.6952922961418],[-71.2138476439999,-32.6952712731418],[-71.2138768329999,-32.6958744361418],[-71.2135822859999,-32.6969072171418],[-71.213776133,-32.6970119921418],[-71.2137796099999,-32.6971142611418],[-71.2137242569999,-32.6971809781417],[-71.2137589419999,-32.6970228131417],[-71.2135737369999,-32.6969238771418],[-71.2133176289999,-32.6975800981417],[-71.2131464309999,-32.6977509731417],[-71.2138240159999,-32.6958685391418],[-71.2137942329999,-32.6952619331418],[-71.2138802929999,-32.6945376061418],[-71.2135864639999,-32.6944626651418],[-71.2131144179999,-32.6970929711418],[-71.2130226899999,-32.6972194181417],[-71.2131054799999,-32.6968589691418],[-71.2124593479999,-32.6983272931417],[-71.2140415849999,-32.6985917581418],[-71.2144551519999,-32.6980427191417],[-71.2150968639999,-32.6961336901418],[-71.2151615259999,-32.6947990511418],[-71.2158846589999,-32.6949545031418],[-71.2158936999999,-32.6944157201418],[-71.2157672849999,-32.6941019331418],[-71.2159990319999,-32.6931894831418],[-71.2160467449999,-32.6919133791418],[-71.2164304549999,-32.6913948281418],[-71.2166229689999,-32.6905026201419],[-71.2171215409999,-32.6895849621418],[-71.2181932909999,-32.6897314001418],[-71.2187314729999,-32.6900552741418],[-71.2192649919999,-32.6901215831419],[-71.2196081189999,-32.6899952491418],[-71.2201360449999,-32.6900960701418],[-71.2207988599999,-32.6899957021418],[-71.2204366759999,-32.6897894061418],[-71.2204430299999,-32.6896280991418],[-71.2197102149999,-32.6896741311419],[-71.2196225599999,-32.6895101081418],[-71.2199707009999,-32.6894536101418],[-71.2199613839999,-32.6892561061419],[-71.2194171089999,-32.6891849171418],[-71.2190598099999,-32.6893031781418],[-71.2186265189999,-32.6890067251419],[-71.2175289009999,-32.6889154341419],[-71.2171392589999,-32.6887281001419],[-71.2164466499999,-32.6889187741419]]]}},{"type":"Feature","properties":{"id":"5506031003012","commune":"Nogales","code":"05506","gse":"E","quintil":"Q1","nse_score":521.1,"educ":6.5,"educ_score":233.3,"hacin":1.692,"hacin_class":"Hacinamiento Medio","hacin_score":703.8,"auto_score":83.3,"n_per":22,"n_hog":6,"source_year":2024,"crime_score":0.2308,"crime_nivel":"Medio","crime_color":"#ff9800"},"geometry":{"type":"Polygon","coordinates":[[[-71.2195248579999,-32.6891363901418],[-71.2205069909999,-32.6892032281419],[-71.2212254899999,-32.6888038711419],[-71.220379798,-32.6887353771419],[-71.2201274869999,-32.6889780581418],[-71.2195248579999,-32.6891363901418]]]}},{"type":"Feature","properties":{"id":"5506031003015","commune":"Nogales","code":"05506","gse":"E","quintil":"Q1","nse_score":560.1,"educ":8.0,"educ_score":333.3,"hacin":1.0,"hacin_class":"Hacinamiento Leve","hacin_score":851.1,"auto_score":142.9,"n_per":16,"n_hog":7,"source_year":2024,"crime_score":0.2256,"crime_nivel":"Medio","crime_color":"#ff9800"},"geometry":{"type":"Polygon","coordinates":[[[-71.2199719919999,-32.6892580281418],[-71.2199770369999,-32.6894618491419],[-71.2196351129999,-32.6895159461418],[-71.2197179439999,-32.6896672221419],[-71.2204461239999,-32.6896191801419],[-71.2204199809999,-32.6892817861418],[-71.2199719919999,-32.6892580281418]]]}},{"type":"Feature","properties":{"id":"5506031003017","commune":"Nogales","code":"05506","gse":"D","quintil":"Q2","nse_score":671.7,"educ":10.5,"educ_score":500.0,"hacin":1.303,"hacin_class":"Hacinamiento Leve","hacin_score":786.6,"auto_score":142.9,"n_per":43,"n_hog":14,"source_year":2024,"crime_score":0.2154,"crime_nivel":"Medio","crime_color":"#ff9800"},"geometry":{"type":"Polygon","coordinates":[[[-71.2149628109999,-32.6896900101419],[-71.2150374969999,-32.6911030731419],[-71.2149994659999,-32.6915681411418],[-71.2153917389999,-32.6910926041418],[-71.2157929769999,-32.6897285311419],[-71.2155060919999,-32.6895144301418],[-71.2151102649999,-32.6894480201418],[-71.2149628109999,-32.6896900101419]]]}},{"type":"Feature","properties":{"id":"5506031003019","commune":"Nogales","code":"05506","gse":"E","quintil":"Q1","nse_score":604.8,"educ":9.9,"educ_score":460.0,"hacin":1.411,"hacin_class":"Hacinamiento Leve","hacin_score":763.7,"auto_score":45.5,"n_per":347,"n_hog":115,"source_year":2024,"crime_score":0.2514,"crime_nivel":"Medio","crime_color":"#ff9800"},"geometry":{"type":"Polygon","coordinates":[[[-71.2137859299999,-32.6937316931418],[-71.2135939349999,-32.6944083401418],[-71.2143773709999,-32.6946036411418],[-71.214684126,-32.6943478721418],[-71.2149123459999,-32.6930508271418],[-71.21491477,-32.6897722761418],[-71.2141458469999,-32.6917412761418],[-71.2144524679999,-32.6917775821418],[-71.2145840859999,-32.6911997291418],[-71.2142789999999,-32.6941110761418],[-71.2143156409999,-32.6930081591418],[-71.2141083269999,-32.6941959731418],[-71.2141228089999,-32.6937762001418],[-71.2137859299999,-32.6937316931418]]]}},{"type":"Feature","properties":{"id":"5506031003022","commune":"Nogales","code":"05506","gse":"E","quintil":"Q1","nse_score":606.1,"educ":10.0,"educ_score":466.7,"hacin":1.375,"hacin_class":"Hacinamiento Leve","hacin_score":771.3,"auto_score":40.0,"n_per":55,"n_hog":21,"source_year":2024,"crime_score":0.2245,"crime_nivel":"Medio","crime_color":"#ff9800"},"geometry":{"type":"Polygon","coordinates":[[[-71.2130108839999,-32.6924967881418],[-71.2133060829999,-32.6905269161419],[-71.2126324299999,-32.6903547481418],[-71.2122420559999,-32.6920682931418],[-71.2125000299999,-32.6924830781418],[-71.2130108839999,-32.6924967881418]]]}},{"type":"Feature","properties":{"id":"5506031003023","commune":"Nogales","code":"05506","gse":"D","quintil":"Q2","nse_score":676.8,"educ":11.5,"educ_score":566.7,"hacin":1.296,"hacin_class":"Hacinamiento Leve","hacin_score":788.2,"auto_score":113.6,"n_per":57,"n_hog":21,"source_year":2024,"crime_score":0.2163,"crime_nivel":"Medio","crime_color":"#ff9800"},"geometry":{"type":"Polygon","coordinates":[[[-71.2134190349999,-32.6943418801418],[-71.2137888519999,-32.6906834671418],[-71.2134206709999,-32.6905420281418],[-71.2131379449999,-32.6923560291418],[-71.2131383039999,-32.6942671171418],[-71.2134190349999,-32.6943418801418]]]}},{"type":"Feature","properties":{"id":"5506031003024","commune":"Nogales","code":"05506","gse":"E","quintil":"Q1","nse_score":588.4,"educ":8.9,"educ_score":393.3,"hacin":1.424,"hacin_class":"Hacinamiento Leve","hacin_score":760.9,"auto_score":100.0,"n_per":84,"n_hog":31,"source_year":2024,"crime_score":0.2298,"crime_nivel":"Medio","crime_color":"#ff9800"},"geometry":{"type":"Polygon","coordinates":[[[-71.2142634309999,-32.6929556121418],[-71.214440695,-32.6918751841418],[-71.2141594969999,-32.6918287471418],[-71.2139230449999,-32.6929076871418],[-71.2142634309999,-32.6929556121418]]]}},{"type":"Feature","properties":{"id":"5506031003025","commune":"Nogales","code":"05506","gse":"C2","quintil":"Q3","nse_score":742.6,"educ":11.5,"educ_score":566.7,"hacin":1.095,"hacin_class":"Hacinamiento Leve","hacin_score":830.8,"auto_score":166.7,"n_per":23,"n_hog":6,"source_year":2024,"crime_score":0.2051,"crime_nivel":"Medio","crime_color":"#ff9800"},"geometry":{"type":"Polygon","coordinates":[[[-71.2130678599999,-32.6935347461418],[-71.2130783119999,-32.6925583631418],[-71.2125344749999,-32.6925348651418],[-71.2125266549999,-32.6925809951418],[-71.2130678599999,-32.6935347461418]]]}},{"type":"Feature","properties":{"id":"5506031003026","commune":"Nogales","code":"05506","gse":"D","quintil":"Q1","nse_score":625.9,"educ":9.8,"educ_score":453.3,"hacin":1.326,"hacin_class":"Hacinamiento Leve","hacin_score":781.8,"auto_score":100.0,"n_per":57,"n_hog":18,"source_year":2024,"crime_score":0.2223,"crime_nivel":"Medio","crime_color":"#ff9800"},"geometry":{"type":"Polygon","coordinates":[[[-71.2141091379999,-32.6937279251418],[-71.2142652209999,-32.6930137381418],[-71.2139118099999,-32.6929707891418],[-71.2137717639999,-32.6936716611418],[-71.2141091379999,-32.6937279251418]]]}},{"type":"Feature","properties":{"id":"5506031003027","commune":"Nogales","code":"05506","gse":"E","quintil":"Q1","nse_score":491.9,"educ":8.9,"educ_score":393.3,"hacin":1.467,"hacin_class":"Hacinamiento Leve","hacin_score":751.8,"auto_score":45.5,"n_per":22,"n_hog":8,"source_year":2024,"crime_score":0.2342,"crime_nivel":"Medio","crime_color":"#ff9800"},"geometry":{"type":"Polygon","coordinates":[[[-71.2131383449999,-32.6958773121418],[-71.2131472789999,-32.6955378641418],[-71.2132403849999,-32.6951425201418],[-71.212905954,-32.6950586761418],[-71.2124558529999,-32.6973938741417],[-71.2127480929999,-32.6974427261418],[-71.2131004959999,-32.6968063251418],[-71.2135051249999,-32.6941533351418],[-71.2131383449999,-32.6958773121418]]]}},{"type":"Feature","properties":{"id":"5506031003028","commune":"Nogales","code":"05506","gse":"E","quintil":"Q1","nse_score":600.4,"educ":10.1,"educ_score":473.3,"hacin":1.692,"hacin_class":"Hacinamiento Medio","hacin_score":703.8,"auto_score":250.0,"n_per":22,"n_hog":7,"source_year":2024,"crime_score":0.2215,"crime_nivel":"Medio","crime_color":"#ff9800"},"geometry":{"type":"Polygon","coordinates":[[[-71.2134411979999,-32.6943540241418],[-71.2131356719999,-32.6942771731418],[-71.2129087229999,-32.6950477961418],[-71.2132436069999,-32.6951306281418],[-71.2134411979999,-32.6943540241418]]]}},{"type":"Feature","properties":{"id":"5506031003030","commune":"Nogales","code":"05506","gse":"D","quintil":"Q1","nse_score":618.6,"educ":9.2,"educ_score":413.3,"hacin":1.255,"hacin_class":"Hacinamiento Leve","hacin_score":796.7,"auto_score":47.6,"n_per":59,"n_hog":22,"source_year":2024,"crime_score":0.2234,"crime_nivel":"Medio","crime_color":"#ff9800"},"geometry":{"type":"Polygon","coordinates":[[[-71.2144167829999,-32.6946569991418],[-71.2139325649999,-32.6945471661418],[-71.2138482529999,-32.6952532531418],[-71.2141165509999,-32.6952834651418],[-71.2140565389999,-32.6965207821418],[-71.2143341949999,-32.6965699681418],[-71.2143878109999,-32.6962195571418],[-71.2145833859999,-32.6960616591418],[-71.2143491159999,-32.6956574581417],[-71.2143484229999,-32.6951863011418],[-71.2145514219999,-32.6947439711418],[-71.2148133419999,-32.6945479861418],[-71.2147253329999,-32.6943999691418],[-71.2144167829999,-32.6946569991418]]]}},{"type":"Feature","properties":{"id":"5506031003020","commune":"Nogales","code":"05506","gse":"C2","quintil":"Q3","nse_score":739.7,"educ":12.2,"educ_score":613.3,"hacin":1.059,"hacin_class":"Hacinamiento Leve","hacin_score":838.5,"auto_score":142.9,"n_per":18,"n_hog":7,"source_year":2024,"crime_score":0.2049,"crime_nivel":"Medio","crime_color":"#ff9800"},"geometry":{"type":"MultiPolygon","coordinates":[[[[-71.212968912,-32.6943305271418],[-71.2119598559999,-32.6982437791417],[-71.2124065019999,-32.6983184581418],[-71.2127376319999,-32.6974685371418],[-71.2124488969999,-32.6974202721417],[-71.2121938219999,-32.6979965841417],[-71.2130974919999,-32.6942901121418],[-71.212968912,-32.6943305271418]]],[[[-71.2130110559999,-32.6942578191418],[-71.2131487509999,-32.6940898191418],[-71.2130741399999,-32.6936681921418],[-71.2121548109999,-32.6920679391418],[-71.2125102179999,-32.6902986481419],[-71.2115768359999,-32.6900345731418],[-71.2112972509999,-32.6914185281418],[-71.2113877259999,-32.6918698171418],[-71.2129233339999,-32.6937975561418],[-71.2130110559999,-32.6942578191418]]]]}},{"type":"Feature","properties":{"id":"5506031003013","commune":"Nogales","code":"05506","gse":"E","quintil":"Q1","nse_score":593.8,"educ":9.9,"educ_score":460.0,"hacin":1.4,"hacin_class":"Hacinamiento Leve","hacin_score":766.0,"auto_score":0.0,"n_per":14,"n_hog":5,"source_year":2024,"crime_score":0.2214,"crime_nivel":"Medio","crime_color":"#ff9800"},"geometry":{"type":"MultiPolygon","coordinates":[[[[-71.2157490989999,-32.6896820361419],[-71.2159282449999,-32.6894697761419],[-71.2157246629999,-32.6892453091418],[-71.2154639079999,-32.6894711211419],[-71.2157490989999,-32.6896820361419]]],[[[-71.2151229409999,-32.6894221911419],[-71.2154533369999,-32.6894695331419],[-71.2156796769999,-32.6892762241419],[-71.2154037639999,-32.6890462701419],[-71.2151229409999,-32.6894221911419]]]]}},{"type":"Feature","properties":{"id":"5506031003016","commune":"Nogales","code":"05506","gse":"C3","quintil":"Q3","nse_score":707.2,"educ":11.3,"educ_score":553.3,"hacin":1.462,"hacin_class":"Hacinamiento Leve","hacin_score":752.9,"auto_score":100.0,"n_per":38,"n_hog":15,"source_year":2024,"crime_score":0.2107,"crime_nivel":"Medio","crime_color":"#ff9800"},"geometry":{"type":"MultiPolygon","coordinates":[[[[-71.2127075449999,-32.6902871401419],[-71.2133181019999,-32.6904349011419],[-71.2134394489999,-32.6897561381419],[-71.2128288499999,-32.6900126561419],[-71.2127075449999,-32.6902871401419]]],[[[-71.2137928189999,-32.6905667151418],[-71.2140756419999,-32.6903877011419],[-71.2148030059999,-32.6893776381418],[-71.2135556729999,-32.6896733761418],[-71.2134199879999,-32.6904711581418],[-71.2137928189999,-32.6905667151418]]]]}},{"type":"Feature","properties":{"id":"5506031003004","commune":"Nogales","code":"05506","gse":"E","quintil":"Q1","nse_score":519.3,"educ":8.6,"educ_score":373.3,"hacin":1.75,"hacin_class":"Hacinamiento Medio","hacin_score":691.5,"auto_score":62.5,"n_per":21,"n_hog":8,"source_year":2024,"crime_score":0.2309,"crime_nivel":"Medio","crime_color":"#ff9800"},"geometry":{"type":"MultiPolygon","coordinates":[[[[-71.2156341219999,-32.6892323001419],[-71.2157646059999,-32.6891743531419],[-71.2159565179999,-32.6885723701418],[-71.2154130389999,-32.6890332111418],[-71.2156341219999,-32.6892323001419]]],[[[-71.2136166059999,-32.6941628121418],[-71.2141049659999,-32.6916037491418],[-71.2148223189999,-32.6897893341419],[-71.2154003969999,-32.6889638821419],[-71.2157906599999,-32.6886042171419],[-71.2171613129999,-32.6880957421419],[-71.2165438559999,-32.6881741011419],[-71.2156835229999,-32.6885344381419],[-71.2147489749999,-32.6893065831419],[-71.2148521799999,-32.6893775001419],[-71.2145104159999,-32.6898826331419],[-71.2138217739999,-32.6905995631418],[-71.2134884129999,-32.6939767411418],[-71.2136166059999,-32.6941628121418]]]]}},{"type":"Feature","properties":{"id":"5506053019001","commune":"Nogales","code":"05506","gse":"D","quintil":"Q1","nse_score":627.2,"educ":8.8,"educ_score":386.7,"hacin":1.158,"hacin_class":"Hacinamiento Leve","hacin_score":817.5,"auto_score":113.6,"n_per":66,"n_hog":22,"source_year":2024,"crime_score":0.2232,"crime_nivel":"Medio","crime_color":"#ff9800"},"geometry":{"type":"Polygon","coordinates":[[[-71.1683082869999,-32.7398802291412],[-71.1672896379999,-32.7414457541411],[-71.1667816199999,-32.7418080321411],[-71.1666189609999,-32.7420792991412],[-71.1674833699999,-32.7421977661411],[-71.1675345959999,-32.7420307711411],[-71.1680061569999,-32.7417358301411],[-71.16808255,-32.7415516851411],[-71.168040103,-32.7417586381411],[-71.1675695859999,-32.7420530661411],[-71.1675258949999,-32.7422009851412],[-71.1685726819999,-32.7423843571411],[-71.169091782,-32.7406058651412],[-71.1684952359999,-32.7404792381411],[-71.1691023039999,-32.7405708391411],[-71.1694890909999,-32.7393218661412],[-71.1690637659999,-32.7391812621412],[-71.1684860069999,-32.7398406711412],[-71.1683082869999,-32.7398802291412]]]}},{"type":"Feature","properties":{"id":"5506053019002","commune":"Nogales","code":"05506","gse":"E","quintil":"Q1","nse_score":569.4,"educ":7.7,"educ_score":313.3,"hacin":1.4,"hacin_class":"Hacinamiento Leve","hacin_score":766.0,"auto_score":142.9,"n_per":21,"n_hog":7,"source_year":2024,"crime_score":0.225,"crime_nivel":"Medio","crime_color":"#ff9800"},"geometry":{"type":"Polygon","coordinates":[[[-71.1655698039999,-32.7419325781411],[-71.1666332129999,-32.7425375051411],[-71.1665736019999,-32.7421007491411],[-71.1660000639999,-32.7417959241411],[-71.1659901559999,-32.7417350321411],[-71.1658265679999,-32.7418748251412],[-71.1665969189999,-32.7411431411412],[-71.1660412019999,-32.7417754901411],[-71.1665800419999,-32.7420632371412],[-71.1671590209999,-32.7414461031411],[-71.1673557319999,-32.7410505811412],[-71.1672221499999,-32.7406403441411],[-71.1670501149999,-32.7409045481412],[-71.1669893639999,-32.7407904641411],[-71.167252888,-32.7405964931412],[-71.1673930459999,-32.7409265351411],[-71.1673970679999,-32.7410619601412],[-71.1672016449999,-32.7414554961411],[-71.1679737149999,-32.7402500121412],[-71.1669550379999,-32.7400300781412],[-71.1664529289999,-32.7408004251411],[-71.1656107439999,-32.7415500511411],[-71.1655698039999,-32.7419325781411]]]}},{"type":"Feature","properties":{"id":"5506053019005","commune":"Nogales","code":"05506","gse":"E","quintil":"Q1","nse_score":610.0,"educ":9.8,"educ_score":453.3,"hacin":1.233,"hacin_class":"Hacinamiento Leve","hacin_score":801.5,"auto_score":166.7,"n_per":127,"n_hog":46,"source_year":2024,"crime_score":0.2319,"crime_nivel":"Medio","crime_color":"#ff9800"},"geometry":{"type":"Polygon","coordinates":[[[-71.1666918859999,-32.7425941661411],[-71.1668383219999,-32.7426789381411],[-71.1668938419999,-32.7430739241411],[-71.1666892079999,-32.7442922081411],[-71.1664417449999,-32.7446253321411],[-71.1658057589999,-32.7450682791411],[-71.1663155119999,-32.7455920911411],[-71.1673813539999,-32.7462381381411],[-71.167939783,-32.7444201621411],[-71.1668824399999,-32.7442484631411],[-71.1679515639999,-32.7443854751411],[-71.1681156579999,-32.7439023071411],[-71.1670964319999,-32.7437268111411],[-71.1681269429999,-32.7438667291411],[-71.1682342269999,-32.7434967341411],[-71.167282241,-32.7433843541411],[-71.1682447459999,-32.7434604601411],[-71.1685620489999,-32.7424193961411],[-71.1666191139999,-32.7421194731411],[-71.1666918859999,-32.7425941661411]]]}},{"type":"Feature","properties":{"id":"5506053019006","commune":"Nogales","code":"05506","gse":"D","quintil":"Q2","nse_score":665.7,"educ":11.8,"educ_score":586.7,"hacin":1.167,"hacin_class":"Hacinamiento Leve","hacin_score":815.6,"auto_score":227.3,"n_per":56,"n_hog":18,"source_year":2024,"crime_score":0.2175,"crime_nivel":"Medio","crime_color":"#ff9800"},"geometry":{"type":"MultiPolygon","coordinates":[[[[-71.1672941779999,-32.7468069951411],[-71.1675255459999,-32.7469471821411],[-71.1682336209999,-32.7446544591411],[-71.1679686769999,-32.7445965391411],[-71.1679370259999,-32.7446897341411],[-71.1672941779999,-32.7468069951411]]],[[[-71.1718258939999,-32.7450069881411],[-71.1723506009999,-32.7450846081411],[-71.1728662719999,-32.7437881181411],[-71.1723153459999,-32.7437181591411],[-71.1718258939999,-32.7450069881411]]],[[[-71.1684879259999,-32.7429379201411],[-71.1679804539999,-32.7445618621411],[-71.1721509029999,-32.7455286281411],[-71.1723351619999,-32.7451189361411],[-71.1713449789999,-32.7449744021411],[-71.1717834309999,-32.7450007931411],[-71.1722733969999,-32.7437106071411],[-71.1684879259999,-32.7429379201411]]]]}},{"type":"Feature","properties":{"id":"5506053019003","commune":"Nogales","code":"05506","gse":"E","quintil":"Q1","nse_score":570.6,"educ":9.7,"educ_score":446.7,"hacin":1.333,"hacin_class":"Hacinamiento Leve","hacin_score":780.1,"auto_score":105.3,"n_per":44,"n_hog":13,"source_year":2024,"crime_score":0.2275,"crime_nivel":"Medio","crime_color":"#ff9800"},"geometry":{"type":"MultiPolygon","coordinates":[[[[-71.1685043109999,-32.7428856081411],[-71.1728771179999,-32.7437342501411],[-71.1729624109999,-32.7432226131411],[-71.169203734,-32.7424373041412],[-71.1696359279999,-32.7412057161412],[-71.1690441189999,-32.7410628041412],[-71.1685043109999,-32.7428856081411]]],[[[-71.1690542919999,-32.7410277531412],[-71.1696461749999,-32.7411706821412],[-71.1699000469999,-32.7403026701412],[-71.1693186929999,-32.7401454481412],[-71.1690542919999,-32.7410277531412]]]]}}]}