{"type":"FeatureCollection","features":[{"type":"Feature","properties":{"id":"13121011001007","commune":"Pedro Aguirre Cerda","code":"13121","gse":"C3","quintil":"Q2","nse_score":717.6,"educ":11.7,"educ_score":580.0,"hacin":1.435,"hacin_class":"Hacinamiento Leve","hacin_score":758.4,"auto_score":112.9,"n_per":89,"n_hog":31,"source_year":2024,"crime_score":0.3761,"crime_nivel":"Alto","crime_color":"#f44336"},"geometry":{"type":"Polygon","coordinates":[[[-70.6745473909999,-33.4785820241314],[-70.6746929309999,-33.4792610981314],[-70.6750026249999,-33.4792567061314],[-70.67494052,-33.4785906001314],[-70.6745473909999,-33.4785820241314]]]}},{"type":"Feature","properties":{"id":"13121011001009","commune":"Pedro Aguirre Cerda","code":"13121","gse":"C3","quintil":"Q2","nse_score":713.3,"educ":11.8,"educ_score":586.7,"hacin":1.321,"hacin_class":"Hacinamiento Leve","hacin_score":782.9,"auto_score":72.9,"n_per":103,"n_hog":45,"source_year":2024,"crime_score":0.3796,"crime_nivel":"Alto","crime_color":"#f44336"},"geometry":{"type":"Polygon","coordinates":[[[-70.6732967279999,-33.4785971511314],[-70.6734697499999,-33.4791209201314],[-70.67372531,-33.4790294851314],[-70.6735960009999,-33.4787825881314],[-70.6737504669999,-33.4790204841314],[-70.674521077,-33.4788587521314],[-70.6745151129999,-33.4785824321314],[-70.6732967279999,-33.4785971511314]]]}},{"type":"Feature","properties":{"id":"13121011001010","commune":"Pedro Aguirre Cerda","code":"13121","gse":"ABC1","quintil":"Q5","nse_score":892.0,"educ":15.7,"educ_score":846.7,"hacin":0.875,"hacin_class":"Sin Hacinamiento","hacin_score":877.7,"auto_score":50.0,"n_per":21,"n_hog":10,"source_year":2024,"crime_score":0.3283,"crime_nivel":"Alto","crime_color":"#f44336"},"geometry":{"type":"Polygon","coordinates":[[[-70.672968066,-33.4791726791314],[-70.6733540049999,-33.4790145466314],[-70.6731717399999,-33.4786194151314],[-70.6727831629999,-33.4786067131314],[-70.672968066,-33.4791726791314]]]}},{"type":"Feature","properties":{"id":"13121011001011","commune":"Pedro Aguirre Cerda","code":"13121","gse":"C2","quintil":"Q4","nse_score":778.5,"educ":13.2,"educ_score":680.0,"hacin":1.542,"hacin_class":"Hacinamiento Medio","hacin_score":735.8,"auto_score":71.4,"n_per":74,"n_hog":23,"source_year":2024,"crime_score":0.3607,"crime_nivel":"Alto","crime_color":"#f44336"},"geometry":{"type":"Polygon","coordinates":[[[-70.6722576739999,-33.4794016661314],[-70.6728823189999,-33.4791981211314],[-70.6726389009999,-33.4786193111314],[-70.6719477639999,-33.4786506651314],[-70.6722576739999,-33.4794016661314]]]}},{"type":"Feature","properties":{"id":"13121011001012","commune":"Pedro Aguirre Cerda","code":"13121","gse":"C2","quintil":"Q3","nse_score":751.5,"educ":12.5,"educ_score":633.3,"hacin":1.0,"hacin_class":"Hacinamiento Leve","hacin_score":851.1,"auto_score":107.1,"n_per":30,"n_hog":13,"source_year":2024,"crime_score":0.3586,"crime_nivel":"Alto","crime_color":"#f44336"},"geometry":{"type":"Polygon","coordinates":[[[-70.6718188529999,-33.4796274981314],[-70.6721691419999,-33.4794039726314],[-70.6718265329999,-33.4786552291313],[-70.6715250869999,-33.4786223751314],[-70.6714880309999,-33.4789048991314],[-70.6718188529999,-33.4796274981314]]]}},{"type":"Feature","properties":{"id":"13121011001014","commune":"Pedro Aguirre Cerda","code":"13121","gse":"C2","quintil":"Q4","nse_score":768.7,"educ":12.2,"educ_score":613.3,"hacin":1.5,"hacin_class":"Hacinamiento Medio","hacin_score":744.7,"auto_score":357.1,"n_per":78,"n_hog":24,"source_year":2024,"crime_score":0.3634,"crime_nivel":"Alto","crime_color":"#f44336"},"geometry":{"type":"Polygon","coordinates":[[[-70.6711416309999,-33.4799013211314],[-70.6717343939999,-33.4796619591314],[-70.6712788809999,-33.4786611521314],[-70.6706398549999,-33.4786895791314],[-70.6706453589999,-33.4789330751314],[-70.6711416309999,-33.4799013211314]]]}},{"type":"Feature","properties":{"id":"13121011001015","commune":"Pedro Aguirre Cerda","code":"13121","gse":"C3","quintil":"Q2","nse_score":717.9,"educ":11.5,"educ_score":566.7,"hacin":1.368,"hacin_class":"Hacinamiento Leve","hacin_score":772.8,"auto_score":93.8,"n_per":93,"n_hog":35,"source_year":2024,"crime_score":0.3768,"crime_nivel":"Alto","crime_color":"#f44336"},"geometry":{"type":"Polygon","coordinates":[[[-70.6704878909999,-33.4801279341314],[-70.6710393984999,-33.4798906221314],[-70.6704700469999,-33.4787161731314],[-70.6699024039999,-33.4787400031314],[-70.6699080014999,-33.4789750681314],[-70.6704878909999,-33.4801279341314]]]}},{"type":"Feature","properties":{"id":"13121011001016","commune":"Pedro Aguirre Cerda","code":"13121","gse":"C3","quintil":"Q3","nse_score":735.2,"educ":12.8,"educ_score":653.3,"hacin":1.493,"hacin_class":"Hacinamiento Leve","hacin_score":746.1,"auto_score":92.1,"n_per":112,"n_hog":40,"source_year":2024,"crime_score":0.3765,"crime_nivel":"Alto","crime_color":"#f44336"},"geometry":{"type":"Polygon","coordinates":[[[-70.6698038449999,-33.4803601111313],[-70.6703898259999,-33.4801143616314],[-70.6697353709999,-33.4787734591314],[-70.6691607729999,-33.4787927721314],[-70.6691827759999,-33.4791067951314],[-70.6698038449999,-33.4803601111313]]]}},{"type":"Feature","properties":{"id":"13121011001017","commune":"Pedro Aguirre Cerda","code":"13121","gse":"C2","quintil":"Q4","nse_score":763.9,"educ":12.5,"educ_score":633.3,"hacin":1.195,"hacin_class":"Hacinamiento Leve","hacin_score":809.5,"auto_score":129.0,"n_per":98,"n_hog":32,"source_year":2024,"crime_score":0.368,"crime_nivel":"Alto","crime_color":"#f44336"},"geometry":{"type":"Polygon","coordinates":[[[-70.6741947249999,-33.4798414811314],[-70.6744300809999,-33.4800862311313],[-70.6747097869999,-33.4799843141314],[-70.6745480899999,-33.4788812821314],[-70.6741271909999,-33.4789166981314],[-70.6741947249999,-33.4798414811314]]]}},{"type":"Feature","properties":{"id":"13121011001018","commune":"Pedro Aguirre Cerda","code":"13121","gse":"C3","quintil":"Q3","nse_score":724.3,"educ":11.6,"educ_score":573.3,"hacin":1.161,"hacin_class":"Hacinamiento Leve","hacin_score":816.7,"auto_score":214.3,"n_per":36,"n_hog":14,"source_year":2024,"crime_score":0.3652,"crime_nivel":"Alto","crime_color":"#f44336"},"geometry":{"type":"Polygon","coordinates":[[[-70.6734878249999,-33.4791622511314],[-70.6736526349999,-33.4795391111314],[-70.6741233729999,-33.4793776161314],[-70.6740953239999,-33.4789240131314],[-70.6734878249999,-33.4791622511314]]]}},{"type":"Feature","properties":{"id":"13121011001019","commune":"Pedro Aguirre Cerda","code":"13121","gse":"C2","quintil":"Q4","nse_score":807.2,"educ":13.9,"educ_score":726.7,"hacin":1.169,"hacin_class":"Hacinamiento Leve","hacin_score":815.0,"auto_score":220.0,"n_per":69,"n_hog":25,"source_year":2024,"crime_score":0.3538,"crime_nivel":"Alto","crime_color":"#f44336"},"geometry":{"type":"Polygon","coordinates":[[[-70.6724097289999,-33.4797439041313],[-70.6734940949999,-33.4794068291313],[-70.6734021079999,-33.4791237761314],[-70.6722980989999,-33.4794536041314],[-70.6724097289999,-33.4797439041313]]]}},{"type":"Feature","properties":{"id":"13121011001021","commune":"Pedro Aguirre Cerda","code":"13121","gse":"C2","quintil":"Q3","nse_score":752.1,"educ":12.6,"educ_score":640.0,"hacin":1.265,"hacin_class":"Hacinamiento Leve","hacin_score":794.6,"auto_score":96.2,"n_per":62,"n_hog":25,"source_year":2024,"crime_score":0.3641,"crime_nivel":"Alto","crime_color":"#f44336"},"geometry":{"type":"Polygon","coordinates":[[[-70.6736637649999,-33.4795645461314],[-70.6738650279999,-33.4800248001314],[-70.6741776759999,-33.4798666851314],[-70.6741251419999,-33.4794062631314],[-70.6736637649999,-33.4795645461314]]]}},{"type":"Feature","properties":{"id":"13121011001022","commune":"Pedro Aguirre Cerda","code":"13121","gse":"C2","quintil":"Q4","nse_score":771.0,"educ":12.9,"educ_score":660.0,"hacin":1.235,"hacin_class":"Hacinamiento Leve","hacin_score":801.0,"auto_score":300.0,"n_per":42,"n_hog":14,"source_year":2024,"crime_score":0.3567,"crime_nivel":"Alto","crime_color":"#f44336"},"geometry":{"type":"Polygon","coordinates":[[[-70.6725599889999,-33.4800960801314],[-70.6736388689999,-33.4797507691314],[-70.673549841,-33.4794624951314],[-70.6724432879999,-33.4797895581314],[-70.6725599889999,-33.4800960801314]]]}},{"type":"Feature","properties":{"id":"13121011001023","commune":"Pedro Aguirre Cerda","code":"13121","gse":"C2","quintil":"Q4","nse_score":804.8,"educ":14.6,"educ_score":773.3,"hacin":1.114,"hacin_class":"Hacinamiento Leve","hacin_score":826.9,"auto_score":210.5,"n_per":49,"n_hog":18,"source_year":2024,"crime_score":0.3509,"crime_nivel":"Alto","crime_color":"#f44336"},"geometry":{"type":"Polygon","coordinates":[[[-70.6722470269999,-33.4805648791314],[-70.6726315519999,-33.4804321736314],[-70.6721950449999,-33.4795036731314],[-70.6718567309999,-33.4797242651314],[-70.6722470269999,-33.4805648791314]]]}},{"type":"Feature","properties":{"id":"13121011001024","commune":"Pedro Aguirre Cerda","code":"13121","gse":"C3","quintil":"Q3","nse_score":740.4,"educ":12.5,"educ_score":633.3,"hacin":1.387,"hacin_class":"Hacinamiento Leve","hacin_score":768.7,"auto_score":152.2,"n_per":129,"n_hog":46,"source_year":2024,"crime_score":0.3784,"crime_nivel":"Alto","crime_color":"#f44336"},"geometry":{"type":"Polygon","coordinates":[[[-70.6719414839999,-33.4815368491314],[-70.6724726079999,-33.4813125981314],[-70.6717237079999,-33.4797649931314],[-70.6711629199999,-33.4799924351313],[-70.6719414839999,-33.4815368491314]]]}},{"type":"Feature","properties":{"id":"13121011001025","commune":"Pedro Aguirre Cerda","code":"13121","gse":"C3","quintil":"Q3","nse_score":738.8,"educ":12.5,"educ_score":633.3,"hacin":1.239,"hacin_class":"Hacinamiento Leve","hacin_score":800.2,"auto_score":113.6,"n_per":57,"n_hog":20,"source_year":2024,"crime_score":0.366,"crime_nivel":"Alto","crime_color":"#f44336"},"geometry":{"type":"Polygon","coordinates":[[[-70.6727093709999,-33.4804129641313],[-70.6737912179999,-33.4800805741314],[-70.673701004,-33.4798088301314],[-70.6725970399999,-33.4801413151314],[-70.6727093709999,-33.4804129641313]]]}},{"type":"Feature","properties":{"id":"13121011001026","commune":"Pedro Aguirre Cerda","code":"13121","gse":"C3","quintil":"Q2","nse_score":712.2,"educ":11.9,"educ_score":593.3,"hacin":1.379,"hacin_class":"Hacinamiento Leve","hacin_score":770.4,"auto_score":93.8,"n_per":40,"n_hog":15,"source_year":2024,"crime_score":0.3684,"crime_nivel":"Alto","crime_color":"#f44336"},"geometry":{"type":"Polygon","coordinates":[[[-70.6738773719999,-33.4800530241314],[-70.6739615499999,-33.4802452101314],[-70.6744004209999,-33.4800969921313],[-70.6742026749999,-33.4798856391314],[-70.6738773719999,-33.4800530241314]]]}},{"type":"Feature","properties":{"id":"13121011001028","commune":"Pedro Aguirre Cerda","code":"13121","gse":"C2","quintil":"Q3","nse_score":752.5,"educ":12.7,"educ_score":646.7,"hacin":1.427,"hacin_class":"Hacinamiento Leve","hacin_score":760.2,"auto_score":263.2,"n_per":137,"n_hog":39,"source_year":2024,"crime_score":0.3773,"crime_nivel":"Alto","crime_color":"#f44336"},"geometry":{"type":"Polygon","coordinates":[[[-70.6712784709999,-33.4817554441313],[-70.6718337654999,-33.4815451431313],[-70.6710453359999,-33.4799978491313],[-70.6705095529999,-33.4802122661314],[-70.6712784709999,-33.4817554441313]]]}},{"type":"Feature","properties":{"id":"13121011001029","commune":"Pedro Aguirre Cerda","code":"13121","gse":"C2","quintil":"Q4","nse_score":796.3,"educ":13.5,"educ_score":700.0,"hacin":1.25,"hacin_class":"Hacinamiento Leve","hacin_score":797.9,"auto_score":192.3,"n_per":40,"n_hog":13,"source_year":2024,"crime_score":0.3511,"crime_nivel":"Alto","crime_color":"#f44336"},"geometry":{"type":"Polygon","coordinates":[[[-70.6743299539999,-33.4811647631313],[-70.674817017,-33.4809021751313],[-70.6744139039999,-33.4801215881314],[-70.6739726939999,-33.4802706361314],[-70.6743299539999,-33.4811647631313]]]}},{"type":"Feature","properties":{"id":"13121011001030","commune":"Pedro Aguirre Cerda","code":"13121","gse":"C2","quintil":"Q4","nse_score":788.3,"educ":13.3,"educ_score":686.7,"hacin":1.359,"hacin_class":"Hacinamiento Leve","hacin_score":774.7,"auto_score":187.5,"n_per":53,"n_hog":17,"source_year":2024,"crime_score":0.355,"crime_nivel":"Alto","crime_color":"#f44336"},"geometry":{"type":"Polygon","coordinates":[[[-70.6737292529999,-33.4809210511313],[-70.6741136569999,-33.4807685266314],[-70.6738122289999,-33.4801330231314],[-70.6734406009999,-33.4802635286314],[-70.6737292529999,-33.4809210511313]]]}},{"type":"Feature","properties":{"id":"13121011001031","commune":"Pedro Aguirre Cerda","code":"13121","gse":"C3","quintil":"Q3","nse_score":739.4,"educ":12.1,"educ_score":606.7,"hacin":1.368,"hacin_class":"Hacinamiento Leve","hacin_score":772.7,"auto_score":135.1,"n_per":104,"n_hog":42,"source_year":2024,"crime_score":0.3742,"crime_nivel":"Alto","crime_color":"#f44336"},"geometry":{"type":"Polygon","coordinates":[[[-70.6705926559999,-33.4819892451314],[-70.6711854194999,-33.4817754641313],[-70.6704084129999,-33.4802188691314],[-70.6698319934999,-33.4804501231314],[-70.6705926559999,-33.4819892451314]]]}},{"type":"Feature","properties":{"id":"13121011001032","commune":"Pedro Aguirre Cerda","code":"13121","gse":"C2","quintil":"Q4","nse_score":806.5,"educ":14.2,"educ_score":746.7,"hacin":1.048,"hacin_class":"Hacinamiento Leve","hacin_score":840.9,"auto_score":305.6,"n_per":44,"n_hog":16,"source_year":2024,"crime_score":0.3497,"crime_nivel":"Alto","crime_color":"#f44336"},"geometry":{"type":"Polygon","coordinates":[[[-70.6724065029999,-33.4809143021313],[-70.6734787519999,-33.4805738961314],[-70.673371287,-33.4802894211314],[-70.6722798719999,-33.4806122081314],[-70.6724065029999,-33.4809143021313]]]}},{"type":"Feature","properties":{"id":"13121011001033","commune":"Pedro Aguirre Cerda","code":"13121","gse":"C2","quintil":"Q4","nse_score":772.0,"educ":13.1,"educ_score":673.3,"hacin":1.128,"hacin_class":"Hacinamiento Leve","hacin_score":823.9,"auto_score":222.2,"n_per":53,"n_hog":18,"source_year":2024,"crime_score":0.3584,"crime_nivel":"Alto","crime_color":"#f44336"},"geometry":{"type":"Polygon","coordinates":[[[-70.6725810179999,-33.4813041621314],[-70.6736436899999,-33.4809573321314],[-70.6735173639999,-33.4806288671314],[-70.6724366119999,-33.4809579841314],[-70.6725810179999,-33.4813041621314]]]}},{"type":"Feature","properties":{"id":"13121011001034","commune":"Pedro Aguirre Cerda","code":"13121","gse":"C3","quintil":"Q3","nse_score":739.6,"educ":12.0,"educ_score":600.0,"hacin":1.306,"hacin_class":"Hacinamiento Leve","hacin_score":786.0,"auto_score":84.3,"n_per":222,"n_hog":81,"source_year":2024,"crime_score":0.3952,"crime_nivel":"Alto","crime_color":"#f44336"},"geometry":{"type":"Polygon","coordinates":[[[-70.6742674639999,-33.4821594451313],[-70.6744052379999,-33.4824473701313],[-70.6752726369999,-33.4821236581313],[-70.6751009819999,-33.4808550631314],[-70.6743436929999,-33.4811946931314],[-70.6747133824999,-33.4820023166314],[-70.6742674639999,-33.4821594451313]]]}},{"type":"Feature","properties":{"id":"13121011001035","commune":"Pedro Aguirre Cerda","code":"13121","gse":"C3","quintil":"Q3","nse_score":738.0,"educ":13.0,"educ_score":666.7,"hacin":1.486,"hacin_class":"Hacinamiento Leve","hacin_score":747.6,"auto_score":235.3,"n_per":55,"n_hog":15,"source_year":2024,"crime_score":0.3658,"crime_nivel":"Alto","crime_color":"#f44336"},"geometry":{"type":"Polygon","coordinates":[[[-70.6737533479999,-33.4810465911314],[-70.6738653509999,-33.4812890911314],[-70.6742904879999,-33.4811541351314],[-70.6741701969999,-33.4808920991314],[-70.6737533479999,-33.4810465911314]]]}},{"type":"Feature","properties":{"id":"13121011001036","commune":"Pedro Aguirre Cerda","code":"13121","gse":"C3","quintil":"Q2","nse_score":706.3,"educ":11.9,"educ_score":593.3,"hacin":1.14,"hacin_class":"Hacinamiento Leve","hacin_score":821.2,"auto_score":96.8,"n_per":65,"n_hog":28,"source_year":2024,"crime_score":0.3742,"crime_nivel":"Alto","crime_color":"#f44336"},"geometry":{"type":"Polygon","coordinates":[[[-70.6728077589999,-33.4813195841314],[-70.6729087539999,-33.4815612611314],[-70.67383351,-33.4812943851314],[-70.67368891,-33.4810145151313],[-70.6728077589999,-33.4813195841314]]]}},{"type":"Feature","properties":{"id":"13121011001037","commune":"Pedro Aguirre Cerda","code":"13121","gse":"C3","quintil":"Q3","nse_score":738.0,"educ":11.1,"educ_score":540.0,"hacin":1.25,"hacin_class":"Hacinamiento Leve","hacin_score":797.9,"auto_score":130.4,"n_per":80,"n_hog":24,"source_year":2024,"crime_score":0.3702,"crime_nivel":"Alto","crime_color":"#f44336"},"geometry":{"type":"Polygon","coordinates":[[[-70.6743025659999,-33.4811804461314],[-70.6738731029999,-33.4813058821314],[-70.6742556389999,-33.4821341551313],[-70.6746764339999,-33.4819948781314],[-70.6743025659999,-33.4811804461314]]]}},{"type":"Feature","properties":{"id":"13121011001038","commune":"Pedro Aguirre Cerda","code":"13121","gse":"C2","quintil":"Q4","nse_score":775.1,"educ":12.7,"educ_score":646.7,"hacin":1.253,"hacin_class":"Hacinamiento Leve","hacin_score":797.2,"auto_score":136.4,"n_per":208,"n_hog":71,"source_year":2024,"crime_score":0.3847,"crime_nivel":"Alto","crime_color":"#f44336"},"geometry":{"type":"Polygon","coordinates":[[[-70.6738121169999,-33.4822733421313],[-70.673392341,-33.4814627971313],[-70.6729475759999,-33.4815819061313],[-70.6735577129999,-33.4827359451313],[-70.6743752959999,-33.4824574961313],[-70.6738444139999,-33.4813178561313],[-70.6734260639999,-33.4814606081314],[-70.6738121169999,-33.4822733421313]]]}},{"type":"Feature","properties":{"id":"13121011001041","commune":"Pedro Aguirre Cerda","code":"13121","gse":"C3","quintil":"Q2","nse_score":714.7,"educ":11.4,"educ_score":560.0,"hacin":1.23,"hacin_class":"Hacinamiento Leve","hacin_score":802.2,"auto_score":173.1,"n_per":75,"n_hog":25,"source_year":2024,"crime_score":0.3742,"crime_nivel":"Alto","crime_color":"#f44336"},"geometry":{"type":"Polygon","coordinates":[[[-70.6740129859999,-33.4837398391313],[-70.6743686089999,-33.4836171951313],[-70.6739409229999,-33.4826575321313],[-70.6735395869999,-33.4828371306313],[-70.6740129859999,-33.4837398391313]]]}},{"type":"Feature","properties":{"id":"13121011001042","commune":"Pedro Aguirre Cerda","code":"13121","gse":"C2","quintil":"Q3","nse_score":756.1,"educ":12.0,"educ_score":600.0,"hacin":1.484,"hacin_class":"Hacinamiento Leve","hacin_score":748.1,"auto_score":500.0,"n_per":46,"n_hog":13,"source_year":2024,"crime_score":0.3604,"crime_nivel":"Alto","crime_color":"#f44336"},"geometry":{"type":"Polygon","coordinates":[[[-70.6732227129999,-33.4833279111313],[-70.6735116609999,-33.4839077981313],[-70.673901241,-33.4837737151313],[-70.673640927,-33.4831893461313],[-70.6732227129999,-33.4833279111313]]]}},{"type":"Feature","properties":{"id":"13121011001043","commune":"Pedro Aguirre Cerda","code":"13121","gse":"C2","quintil":"Q4","nse_score":768.0,"educ":11.9,"educ_score":593.3,"hacin":1.073,"hacin_class":"Hacinamiento Leve","hacin_score":835.6,"auto_score":175.0,"n_per":59,"n_hog":20,"source_year":2024,"crime_score":0.3603,"crime_nivel":"Alto","crime_color":"#f44336"},"geometry":{"type":"Polygon","coordinates":[[[-70.6727595629999,-33.4834832621313],[-70.6730524149999,-33.4840605331313],[-70.6734816409999,-33.4839177701313],[-70.6731927069999,-33.4833378901313],[-70.6727595629999,-33.4834832621313]]]}},{"type":"Feature","properties":{"id":"13121011001045","commune":"Pedro Aguirre Cerda","code":"13121","gse":"C2","quintil":"Q4","nse_score":790.0,"educ":12.9,"educ_score":660.0,"hacin":1.146,"hacin_class":"Hacinamiento Leve","hacin_score":820.0,"auto_score":325.0,"n_per":55,"n_hog":20,"source_year":2024,"crime_score":0.355,"crime_nivel":"Alto","crime_color":"#f44336"},"geometry":{"type":"Polygon","coordinates":[[[-70.6723087659999,-33.4836338871313],[-70.6726036829999,-33.4842134061313],[-70.6730224539999,-33.4840706221313],[-70.6727295739999,-33.4834932891313],[-70.6723087659999,-33.4836338871313]]]}},{"type":"Feature","properties":{"id":"13121011001046","commune":"Pedro Aguirre Cerda","code":"13121","gse":"D","quintil":"Q2","nse_score":700.6,"educ":11.2,"educ_score":546.7,"hacin":1.454,"hacin_class":"Hacinamiento Leve","hacin_score":754.4,"auto_score":111.1,"n_per":48,"n_hog":18,"source_year":2024,"crime_score":0.3723,"crime_nivel":"Alto","crime_color":"#f44336"},"geometry":{"type":"Polygon","coordinates":[[[-70.6747299759999,-33.4838069851313],[-70.6751030759999,-33.4836870601313],[-70.6750359339999,-33.4835072611313],[-70.6746469429999,-33.4836114241313],[-70.6747299759999,-33.4838069851313]]]}},{"type":"Feature","properties":{"id":"13121011001047","commune":"Pedro Aguirre Cerda","code":"13121","gse":"C3","quintil":"Q2","nse_score":703.7,"educ":10.3,"educ_score":486.7,"hacin":1.227,"hacin_class":"Hacinamiento Leve","hacin_score":802.7,"auto_score":68.2,"n_per":54,"n_hog":22,"source_year":2024,"crime_score":0.3727,"crime_nivel":"Alto","crime_color":"#f44336"},"geometry":{"type":"Polygon","coordinates":[[[-70.6745812069999,-33.4836251041313],[-70.6740988369999,-33.4837599931313],[-70.6740674679999,-33.4837992051313],[-70.6743180899999,-33.4839856961313],[-70.6746830889999,-33.4838609111313],[-70.6745812069999,-33.4836251041313]]]}},{"type":"Feature","properties":{"id":"13121011001048","commune":"Pedro Aguirre Cerda","code":"13121","gse":"C2","quintil":"Q3","nse_score":751.9,"educ":12.6,"educ_score":640.0,"hacin":1.333,"hacin_class":"Hacinamiento Leve","hacin_score":780.1,"auto_score":214.3,"n_per":68,"n_hog":19,"source_year":2024,"crime_score":0.3652,"crime_nivel":"Alto","crime_color":"#f44336"},"geometry":{"type":"Polygon","coordinates":[[[-70.6718528719999,-33.4837868181313],[-70.6721268469999,-33.4843769091313],[-70.6725737829999,-33.4842236301313],[-70.67227872,-33.4836438011313],[-70.6718528719999,-33.4837868181313]]]}},{"type":"Feature","properties":{"id":"13121011001049","commune":"Pedro Aguirre Cerda","code":"13121","gse":"C3","quintil":"Q2","nse_score":718.1,"educ":11.6,"educ_score":573.3,"hacin":1.5,"hacin_class":"Hacinamiento Medio","hacin_score":744.7,"auto_score":211.5,"n_per":78,"n_hog":25,"source_year":2024,"crime_score":0.3741,"crime_nivel":"Alto","crime_color":"#f44336"},"geometry":{"type":"Polygon","coordinates":[[[-70.6752642749999,-33.4845200901313],[-70.6754476089999,-33.4844502611313],[-70.6751431349999,-33.4837528221313],[-70.6749055509999,-33.4838252281313],[-70.6752642749999,-33.4845200901313]]]}},{"type":"Feature","properties":{"id":"13121011001050","commune":"Pedro Aguirre Cerda","code":"13121","gse":"C3","quintil":"Q3","nse_score":737.0,"educ":11.8,"educ_score":586.7,"hacin":1.327,"hacin_class":"Hacinamiento Leve","hacin_score":781.4,"auto_score":196.4,"n_per":73,"n_hog":27,"source_year":2024,"crime_score":0.3692,"crime_nivel":"Alto","crime_color":"#f44336"},"geometry":{"type":"Polygon","coordinates":[[[-70.6718190889999,-33.4844726781313],[-70.6720969489999,-33.4843871351313],[-70.6718213659999,-33.4837935601313],[-70.6715179539999,-33.4838945391313],[-70.6718190889999,-33.4844726781313]]]}},{"type":"Feature","properties":{"id":"13121011001052","commune":"Pedro Aguirre Cerda","code":"13121","gse":"D","quintil":"Q2","nse_score":688.5,"educ":10.9,"educ_score":526.7,"hacin":1.472,"hacin_class":"Hacinamiento Leve","hacin_score":750.6,"auto_score":131.6,"n_per":53,"n_hog":20,"source_year":2024,"crime_score":0.3757,"crime_nivel":"Alto","crime_color":"#f44336"},"geometry":{"type":"Polygon","coordinates":[[[-70.6743409889999,-33.4840123421313],[-70.6745619929999,-33.4842258161313],[-70.6749825339999,-33.4840600611313],[-70.6748636379999,-33.4838380011313],[-70.6743409889999,-33.4840123421313]]]}},{"type":"Feature","properties":{"id":"13121011001053","commune":"Pedro Aguirre Cerda","code":"13121","gse":"C2","quintil":"Q4","nse_score":779.7,"educ":13.0,"educ_score":666.7,"hacin":1.333,"hacin_class":"Hacinamiento Leve","hacin_score":780.1,"auto_score":131.6,"n_per":48,"n_hog":19,"source_year":2024,"crime_score":0.3559,"crime_nivel":"Alto","crime_color":"#f44336"},"geometry":{"type":"Polygon","coordinates":[[[-70.6733878499999,-33.4840618744646],[-70.6735059599999,-33.4843051461313],[-70.6739554819999,-33.4841498211313],[-70.6738341759999,-33.4838651541313],[-70.6733878499999,-33.4840618744646]]]}},{"type":"Feature","properties":{"id":"13121011001054","commune":"Pedro Aguirre Cerda","code":"13121","gse":"C3","quintil":"Q3","nse_score":747.7,"educ":11.9,"educ_score":593.3,"hacin":1.286,"hacin_class":"Hacinamiento Leve","hacin_score":790.3,"auto_score":216.7,"n_per":99,"n_hog":32,"source_year":2024,"crime_score":0.3716,"crime_nivel":"Alto","crime_color":"#f44336"},"geometry":{"type":"Polygon","coordinates":[[[-70.6728483829999,-33.4841961221313],[-70.6733342669999,-33.4852189261313],[-70.67377325,-33.4850443021313],[-70.6732818369999,-33.4840541231313],[-70.6728483829999,-33.4841961221313]]]}},{"type":"Feature","properties":{"id":"13121011001055","commune":"Pedro Aguirre Cerda","code":"13121","gse":"C1","quintil":"Q5","nse_score":812.3,"educ":13.2,"educ_score":680.0,"hacin":1.0,"hacin_class":"Hacinamiento Leve","hacin_score":851.1,"auto_score":150.0,"n_per":48,"n_hog":20,"source_year":2024,"crime_score":0.3492,"crime_nivel":"Alto","crime_color":"#f44336"},"geometry":{"type":"Polygon","coordinates":[[[-70.6740305769999,-33.4842437201313],[-70.6743330179999,-33.4848555961313],[-70.674768045,-33.4846991941313],[-70.6743677714999,-33.4840722311313],[-70.6740305769999,-33.4842437201313]]]}},{"type":"Feature","properties":{"id":"13121011001056","commune":"Pedro Aguirre Cerda","code":"13121","gse":"C2","quintil":"Q4","nse_score":775.8,"educ":12.4,"educ_score":626.7,"hacin":1.212,"hacin_class":"Hacinamiento Leve","hacin_score":805.9,"auto_score":0.0,"n_per":40,"n_hog":13,"source_year":2024,"crime_score":0.3553,"crime_nivel":"Alto","crime_color":"#f44336"},"geometry":{"type":"Polygon","coordinates":[[[-70.6745742429999,-33.4842498591313],[-70.6747977149999,-33.4846885091313],[-70.6752346289999,-33.4845309101313],[-70.6749980849999,-33.4840891041313],[-70.6745742429999,-33.4842498591313]]]}},{"type":"Feature","properties":{"id":"13121011001057","commune":"Pedro Aguirre Cerda","code":"13121","gse":"C3","quintil":"Q3","nse_score":740.5,"educ":12.0,"educ_score":600.0,"hacin":1.154,"hacin_class":"Hacinamiento Leve","hacin_score":818.3,"auto_score":150.0,"n_per":60,"n_hog":20,"source_year":2024,"crime_score":0.3662,"crime_nivel":"Alto","crime_color":"#f44336"},"geometry":{"type":"Polygon","coordinates":[[[-70.6738645259999,-33.4850216241313],[-70.6743034039999,-33.4848663821313],[-70.6739626359999,-33.4841672181313],[-70.6735142279999,-33.4843221771313],[-70.6738645259999,-33.4850216241313]]]}},{"type":"Feature","properties":{"id":"13121011001058","commune":"Pedro Aguirre Cerda","code":"13121","gse":"C1","quintil":"Q5","nse_score":816.9,"educ":13.7,"educ_score":713.3,"hacin":0.946,"hacin_class":"Sin Hacinamiento","hacin_score":862.7,"auto_score":204.5,"n_per":52,"n_hog":22,"source_year":2024,"crime_score":0.3489,"crime_nivel":"Alto","crime_color":"#f44336"},"geometry":{"type":"Polygon","coordinates":[[[-70.6727391863333,-33.4850481881313],[-70.6731568349999,-33.4849185641313],[-70.6728184859999,-33.4842063151313],[-70.6724002099999,-33.4843500001313],[-70.6727391863333,-33.4850481881313]]]}},{"type":"Feature","properties":{"id":"13121011001059","commune":"Pedro Aguirre Cerda","code":"13121","gse":"C3","quintil":"Q3","nse_score":737.1,"educ":11.3,"educ_score":553.3,"hacin":1.284,"hacin_class":"Hacinamiento Leve","hacin_score":790.6,"auto_score":250.0,"n_per":104,"n_hog":32,"source_year":2024,"crime_score":0.3747,"crime_nivel":"Alto","crime_color":"#f44336"},"geometry":{"type":"Polygon","coordinates":[[[-70.6718655679999,-33.4846037581313],[-70.6721751079999,-33.4852339631313],[-70.6727093869999,-33.4850623171313],[-70.6723703119999,-33.4843602081313],[-70.6718655679999,-33.4846037581313]]]}},{"type":"Feature","properties":{"id":"13121011001060","commune":"Pedro Aguirre Cerda","code":"13121","gse":"C3","quintil":"Q3","nse_score":728.8,"educ":11.7,"educ_score":580.0,"hacin":1.246,"hacin_class":"Hacinamiento Leve","hacin_score":798.7,"auto_score":89.3,"n_per":76,"n_hog":28,"source_year":2024,"crime_score":0.3715,"crime_nivel":"Alto","crime_color":"#f44336"},"geometry":{"type":"Polygon","coordinates":[[[-70.6725925119999,-33.4852986011313],[-70.6726652199999,-33.4854624091313],[-70.6733046219999,-33.4852296521313],[-70.6731661849999,-33.4849382471313],[-70.6727447199999,-33.4850743841313],[-70.6725925119999,-33.4852986011313]]]}},{"type":"Feature","properties":{"id":"13121011001061","commune":"Pedro Aguirre Cerda","code":"13121","gse":"C2","quintil":"Q3","nse_score":751.5,"educ":12.4,"educ_score":626.7,"hacin":1.359,"hacin_class":"Hacinamiento Leve","hacin_score":774.7,"auto_score":236.8,"n_per":53,"n_hog":19,"source_year":2024,"crime_score":0.3626,"crime_nivel":"Alto","crime_color":"#f44336"},"geometry":{"type":"Polygon","coordinates":[[[-70.6723500169999,-33.4855734291313],[-70.6726355939999,-33.4854731931313],[-70.6725570124999,-33.4852280771313],[-70.6727140279999,-33.4850842971313],[-70.6721854549999,-33.4852550311313],[-70.6723500169999,-33.4855734291313]]]}},{"type":"Feature","properties":{"id":"13121011001020","commune":"Pedro Aguirre Cerda","code":"13121","gse":"C2","quintil":"Q3","nse_score":750.8,"educ":11.8,"educ_score":586.7,"hacin":1.382,"hacin_class":"Hacinamiento Leve","hacin_score":769.8,"auto_score":148.1,"n_per":76,"n_hog":28,"source_year":2024,"crime_score":0.3668,"crime_nivel":"Alto","crime_color":"#f44336"},"geometry":{"type":"MultiPolygon","coordinates":[[[[-70.6744435279999,-33.4801108501314],[-70.6748431439999,-33.4808843751314],[-70.6751000289999,-33.4808272751314],[-70.6750698409999,-33.4799408421314],[-70.6744435279999,-33.4801108501314]]],[[[-70.6746947709999,-33.4792881561314],[-70.67474132,-33.4799725561314],[-70.6750702889999,-33.4799137231314],[-70.6750045369999,-33.4792836071314],[-70.6746947709999,-33.4792881561314]]]]}},{"type":"Feature","properties":{"id":"13121011002004","commune":"Pedro Aguirre Cerda","code":"13121","gse":"C3","quintil":"Q3","nse_score":749.7,"educ":12.0,"educ_score":600.0,"hacin":1.317,"hacin_class":"Hacinamiento Leve","hacin_score":783.7,"auto_score":148.3,"n_per":366,"n_hog":129,"source_year":2024,"crime_score":0.4067,"crime_nivel":"Alto","crime_color":"#f44336"},"geometry":{"type":"Polygon","coordinates":[[[-70.6791188726666,-33.4785651847981],[-70.6792255489999,-33.4798910971314],[-70.6807890109999,-33.4798250801314],[-70.6804351084999,-33.4799454156314],[-70.6808117149999,-33.4851449141313],[-70.6808487179999,-33.4853297991313],[-70.6813019509999,-33.4853175061313],[-70.6808130179999,-33.4784912501314],[-70.6791188726666,-33.4785651847981]]]}},{"type":"Feature","properties":{"id":"13121011002005","commune":"Pedro Aguirre Cerda","code":"13121","gse":"C2","quintil":"Q4","nse_score":779.6,"educ":12.8,"educ_score":653.3,"hacin":1.095,"hacin_class":"Hacinamiento Leve","hacin_score":830.9,"auto_score":103.4,"n_per":81,"n_hog":30,"source_year":2024,"crime_score":0.3617,"crime_nivel":"Alto","crime_color":"#f44336"},"geometry":{"type":"Polygon","coordinates":[[[-70.6778432799999,-33.4785409241314],[-70.678064564,-33.4790471141314],[-70.6790848859999,-33.4789944201314],[-70.6790514649999,-33.4785529486314],[-70.6778432799999,-33.4785409241314]]]}},{"type":"Feature","properties":{"id":"13121011002006","commune":"Pedro Aguirre Cerda","code":"13121","gse":"C3","quintil":"Q3","nse_score":745.8,"educ":11.9,"educ_score":593.3,"hacin":1.293,"hacin_class":"Hacinamiento Leve","hacin_score":788.7,"auto_score":187.5,"n_per":203,"n_hog":68,"source_year":2024,"crime_score":0.3904,"crime_nivel":"Alto","crime_color":"#f44336"},"geometry":{"type":"Polygon","coordinates":[[[-70.6766254583333,-33.4786150311314],[-70.6767523379999,-33.4791172881314],[-70.6771290829999,-33.4790861731314],[-70.6767590304999,-33.4791438456313],[-70.6768699519999,-33.4795852561314],[-70.6773080169999,-33.4795534091314],[-70.6768766094999,-33.4796118366313],[-70.6769851139999,-33.4800466281314],[-70.6774834219999,-33.4800192371314],[-70.6769917184999,-33.4800731206314],[-70.6771025899999,-33.4805184751314],[-70.6774585769999,-33.4804910071314],[-70.6771092764999,-33.4805450476314],[-70.6772183849999,-33.4809742951314],[-70.6777081784999,-33.4809465241314],[-70.6772245289999,-33.4810011736314],[-70.6774326319999,-33.4814644671314],[-70.6785046649999,-33.4813741761313],[-70.6782486259999,-33.4797949521314],[-70.6778108399999,-33.4785413151314],[-70.6766254583333,-33.4786150311314]]]}},{"type":"Feature","properties":{"id":"13121011002007","commune":"Pedro Aguirre Cerda","code":"13121","gse":"C3","quintil":"Q3","nse_score":740.5,"educ":12.7,"educ_score":646.7,"hacin":1.264,"hacin_class":"Hacinamiento Leve","hacin_score":794.9,"auto_score":150.0,"n_per":67,"n_hog":28,"source_year":2024,"crime_score":0.3674,"crime_nivel":"Alto","crime_color":"#f44336"},"geometry":{"type":"Polygon","coordinates":[[[-70.6757094069999,-33.4788196801314],[-70.6765175229999,-33.4787990991314],[-70.6765576689999,-33.4787716881314],[-70.6764824089999,-33.4785684391314],[-70.6757239089999,-33.4785724761314],[-70.6757094069999,-33.4788196801314]]]}},{"type":"Feature","properties":{"id":"13121011002008","commune":"Pedro Aguirre Cerda","code":"13121","gse":"C3","quintil":"Q3","nse_score":742.3,"educ":12.3,"educ_score":620.0,"hacin":1.211,"hacin_class":"Hacinamiento Leve","hacin_score":806.1,"auto_score":163.9,"n_per":149,"n_hog":59,"source_year":2024,"crime_score":0.3816,"crime_nivel":"Alto","crime_color":"#f44336"},"geometry":{"type":"Polygon","coordinates":[[[-70.675142434,-33.4798676811313],[-70.6756977599999,-33.4798298711314],[-70.6756084829999,-33.4785803501314],[-70.6750287904999,-33.4786154451314],[-70.675142434,-33.4798676811313]]]}},{"type":"Feature","properties":{"id":"13121011002009","commune":"Pedro Aguirre Cerda","code":"13121","gse":"C2","quintil":"Q3","nse_score":751.9,"educ":12.2,"educ_score":613.3,"hacin":1.169,"hacin_class":"Hacinamiento Leve","hacin_score":815.1,"auto_score":172.4,"n_per":90,"n_hog":32,"source_year":2024,"crime_score":0.3691,"crime_nivel":"Alto","crime_color":"#f44336"},"geometry":{"type":"Polygon","coordinates":[[[-70.6762236289999,-33.4797319331314],[-70.6768017179999,-33.4797006461313],[-70.6765748889999,-33.4788609091314],[-70.6761781679999,-33.4788640041314],[-70.6762236289999,-33.4797319331314]]]}},{"type":"Feature","properties":{"id":"13121011002010","commune":"Pedro Aguirre Cerda","code":"13121","gse":"C2","quintil":"Q4","nse_score":775.5,"educ":12.6,"educ_score":640.0,"hacin":1.072,"hacin_class":"Hacinamiento Leve","hacin_score":835.7,"auto_score":218.8,"n_per":89,"n_hog":34,"source_year":2024,"crime_score":0.3639,"crime_nivel":"Alto","crime_color":"#f44336"},"geometry":{"type":"Polygon","coordinates":[[[-70.6757288159999,-33.4797270051313],[-70.6761936649999,-33.4797786901314],[-70.6761459109999,-33.4788650451314],[-70.6756958624999,-33.4788932036314],[-70.6757288159999,-33.4797270051313]]]}},{"type":"Feature","properties":{"id":"13121011002011","commune":"Pedro Aguirre Cerda","code":"13121","gse":"C2","quintil":"Q4","nse_score":761.3,"educ":12.2,"educ_score":613.3,"hacin":1.292,"hacin_class":"Hacinamiento Leve","hacin_score":789.0,"auto_score":189.7,"n_per":93,"n_hog":29,"source_year":2024,"crime_score":0.3676,"crime_nivel":"Alto","crime_color":"#f44336"},"geometry":{"type":"Polygon","coordinates":[[[-70.6780721906666,-33.4790738381314],[-70.6781795239999,-33.4795215001313],[-70.6791177449999,-33.4794587171314],[-70.6790868099999,-33.4790214481314],[-70.6780721906666,-33.4790738381314]]]}},{"type":"Feature","properties":{"id":"13121011002012","commune":"Pedro Aguirre Cerda","code":"13121","gse":"C2","quintil":"Q4","nse_score":794.1,"educ":13.0,"educ_score":666.7,"hacin":1.016,"hacin_class":"Hacinamiento Leve","hacin_score":847.7,"auto_score":192.3,"n_per":65,"n_hog":26,"source_year":2024,"crime_score":0.3559,"crime_nivel":"Alto","crime_color":"#f44336"},"geometry":{"type":"Polygon","coordinates":[[[-70.6783109519999,-33.4799221881314],[-70.6791537729999,-33.4799296991314],[-70.6791200419999,-33.4794856021314],[-70.6781887669999,-33.4795479571314],[-70.6783109519999,-33.4799221881314]]]}},{"type":"Feature","properties":{"id":"13121011002013","commune":"Pedro Aguirre Cerda","code":"13121","gse":"C3","quintil":"Q3","nse_score":730.8,"educ":11.7,"educ_score":580.0,"hacin":1.345,"hacin_class":"Hacinamiento Leve","hacin_score":777.7,"auto_score":34.5,"n_per":78,"n_hog":28,"source_year":2024,"crime_score":0.3714,"crime_nivel":"Alto","crime_color":"#f44336"},"geometry":{"type":"Polygon","coordinates":[[[-70.6758949136666,-33.4802647641313],[-70.6768997409999,-33.4802102281313],[-70.6768082569999,-33.4797270731314],[-70.6757764179999,-33.4798257131314],[-70.6758949136666,-33.4802647641313]]]}},{"type":"Feature","properties":{"id":"13121011002014","commune":"Pedro Aguirre Cerda","code":"13121","gse":"C2","quintil":"Q3","nse_score":753.6,"educ":12.6,"educ_score":640.0,"hacin":1.177,"hacin_class":"Hacinamiento Leve","hacin_score":813.5,"auto_score":142.9,"n_per":80,"n_hog":28,"source_year":2024,"crime_score":0.367,"crime_nivel":"Alto","crime_color":"#f44336"},"geometry":{"type":"Polygon","coordinates":[[[-70.6799811229999,-33.4808020181314],[-70.6804256299999,-33.4807750051314],[-70.6803491549999,-33.4799135581314],[-70.6798910214999,-33.4799567141314],[-70.6799811229999,-33.4808020181314]]]}},{"type":"Feature","properties":{"id":"13121011002015","commune":"Pedro Aguirre Cerda","code":"13121","gse":"C2","quintil":"Q4","nse_score":773.3,"educ":12.1,"educ_score":606.7,"hacin":1.061,"hacin_class":"Hacinamiento Leve","hacin_score":838.2,"auto_score":250.0,"n_per":70,"n_hog":26,"source_year":2024,"crime_score":0.3611,"crime_nivel":"Alto","crime_color":"#f44336"},"geometry":{"type":"Polygon","coordinates":[[[-70.6751398889999,-33.4799646611314],[-70.6751750169999,-33.4808251651314],[-70.6757960499999,-33.4807426241314],[-70.6757321199999,-33.4799432161314],[-70.6751398889999,-33.4799646611314]]]}},{"type":"Feature","properties":{"id":"13121011002016","commune":"Pedro Aguirre Cerda","code":"13121","gse":"C2","quintil":"Q4","nse_score":777.9,"educ":12.6,"educ_score":640.0,"hacin":1.181,"hacin_class":"Hacinamiento Leve","hacin_score":812.6,"auto_score":187.5,"n_per":85,"n_hog":34,"source_year":2024,"crime_score":0.3627,"crime_nivel":"Alto","crime_color":"#f44336"},"geometry":{"type":"Polygon","coordinates":[[[-70.6792239376666,-33.4799857191314],[-70.6792888319999,-33.4808646961313],[-70.6799143309999,-33.4808279361314],[-70.6798442299999,-33.4799453851314],[-70.6792239376666,-33.4799857191314]]]}},{"type":"Feature","properties":{"id":"13121011002017","commune":"Pedro Aguirre Cerda","code":"13121","gse":"C2","quintil":"Q4","nse_score":762.9,"educ":12.4,"educ_score":626.7,"hacin":1.088,"hacin_class":"Hacinamiento Leve","hacin_score":832.4,"auto_score":166.7,"n_per":62,"n_hog":25,"source_year":2024,"crime_score":0.3618,"crime_nivel":"Alto","crime_color":"#f44336"},"geometry":{"type":"Polygon","coordinates":[[[-70.6783255849999,-33.4799968791314],[-70.6783913399999,-33.4804393601314],[-70.6791898249999,-33.4804029421314],[-70.6791557349999,-33.4799567101314],[-70.6783255849999,-33.4799968791314]]]}},{"type":"Feature","properties":{"id":"13121011002018","commune":"Pedro Aguirre Cerda","code":"13121","gse":"C2","quintil":"Q4","nse_score":774.8,"educ":13.1,"educ_score":673.3,"hacin":1.286,"hacin_class":"Hacinamiento Leve","hacin_score":790.3,"auto_score":184.2,"n_per":45,"n_hog":19,"source_year":2024,"crime_score":0.3564,"crime_nivel":"Alto","crime_color":"#f44336"},"geometry":{"type":"Polygon","coordinates":[[[-70.6762181499999,-33.4803303111314],[-70.6762386919999,-33.4806097521314],[-70.6770240529999,-33.4805989671313],[-70.6769195609999,-33.4802782281313],[-70.6762181499999,-33.4803303111314]]]}},{"type":"Feature","properties":{"id":"13121011002020","commune":"Pedro Aguirre Cerda","code":"13121","gse":"C2","quintil":"Q3","nse_score":759.4,"educ":12.0,"educ_score":600.0,"hacin":1.171,"hacin_class":"Hacinamiento Leve","hacin_score":814.6,"auto_score":100.0,"n_per":41,"n_hog":21,"source_year":2024,"crime_score":0.3589,"crime_nivel":"Alto","crime_color":"#f44336"},"geometry":{"type":"Polygon","coordinates":[[[-70.6758440849999,-33.4803198571313],[-70.6758580069999,-33.4807130171313],[-70.6760732299999,-33.4807068591314],[-70.6760566209999,-33.4803753191314],[-70.6758440849999,-33.4803198571313]]]}},{"type":"Feature","properties":{"id":"13121011002021","commune":"Pedro Aguirre Cerda","code":"13121","gse":"C2","quintil":"Q4","nse_score":784.6,"educ":13.6,"educ_score":706.7,"hacin":1.095,"hacin_class":"Hacinamiento Leve","hacin_score":830.8,"auto_score":131.6,"n_per":46,"n_hog":18,"source_year":2024,"crime_score":0.3546,"crime_nivel":"Alto","crime_color":"#f44336"},"geometry":{"type":"Polygon","coordinates":[[[-70.6783962369999,-33.4804662511314],[-70.6784827809999,-33.4809133601313],[-70.6792248389999,-33.4808657861313],[-70.6791918829999,-33.4804299421314],[-70.6783962369999,-33.4804662511314]]]}},{"type":"Feature","properties":{"id":"13121011002022","commune":"Pedro Aguirre Cerda","code":"13121","gse":"C3","quintil":"Q3","nse_score":738.1,"educ":12.0,"educ_score":600.0,"hacin":1.278,"hacin_class":"Hacinamiento Leve","hacin_score":791.8,"auto_score":157.9,"n_per":101,"n_hog":36,"source_year":2024,"crime_score":0.374,"crime_nivel":"Alto","crime_color":"#f44336"},"geometry":{"type":"Polygon","coordinates":[[[-70.6767280884999,-33.4806300311314],[-70.6767963589999,-33.4815864531313],[-70.6773582089999,-33.4815340221313],[-70.6770308349999,-33.4806259341314],[-70.6767280884999,-33.4806300311314]]]}},{"type":"Feature","properties":{"id":"13121011002023","commune":"Pedro Aguirre Cerda","code":"13121","gse":"C3","quintil":"Q3","nse_score":748.3,"educ":11.7,"educ_score":580.0,"hacin":1.415,"hacin_class":"Hacinamiento Leve","hacin_score":762.7,"auto_score":166.7,"n_per":92,"n_hog":26,"source_year":2024,"crime_score":0.3702,"crime_nivel":"Alto","crime_color":"#f44336"},"geometry":{"type":"Polygon","coordinates":[[[-70.6762406799999,-33.4806367761313],[-70.6763205929999,-33.4816019421313],[-70.6767641419999,-33.4815881491314],[-70.6766957899999,-33.4806306181314],[-70.6762406799999,-33.4806367761313]]]}},{"type":"Feature","properties":{"id":"13121011002024","commune":"Pedro Aguirre Cerda","code":"13121","gse":"C2","quintil":"Q4","nse_score":764.8,"educ":11.8,"educ_score":586.7,"hacin":0.986,"hacin_class":"Sin Hacinamiento","hacin_score":854.1,"auto_score":173.9,"n_per":69,"n_hog":23,"source_year":2024,"crime_score":0.3627,"crime_nivel":"Alto","crime_color":"#f44336"},"geometry":{"type":"Polygon","coordinates":[[[-70.6756509779999,-33.4808295734647],[-70.6757130999999,-33.4816429491313],[-70.6761427699999,-33.4816127841313],[-70.6760927999999,-33.4808623621313],[-70.6756509779999,-33.4808295734647]]]}},{"type":"Feature","properties":{"id":"13121011002025","commune":"Pedro Aguirre Cerda","code":"13121","gse":"C2","quintil":"Q3","nse_score":759.2,"educ":12.0,"educ_score":600.0,"hacin":1.21,"hacin_class":"Hacinamiento Leve","hacin_score":806.3,"auto_score":204.5,"n_per":69,"n_hog":24,"source_year":2024,"crime_score":0.3638,"crime_nivel":"Alto","crime_color":"#f44336"},"geometry":{"type":"Polygon","coordinates":[[[-70.6752550159999,-33.4816682581314],[-70.6756809069999,-33.4816449851314],[-70.6756187649999,-33.4808313361314],[-70.6751753579999,-33.4808522441313],[-70.6752550159999,-33.4816682581314]]]}},{"type":"Feature","properties":{"id":"13121011002026","commune":"Pedro Aguirre Cerda","code":"13121","gse":"C3","quintil":"Q3","nse_score":740.8,"educ":12.3,"educ_score":620.0,"hacin":1.167,"hacin_class":"Hacinamiento Leve","hacin_score":815.6,"auto_score":111.1,"n_per":77,"n_hog":26,"source_year":2024,"crime_score":0.3691,"crime_nivel":"Alto","crime_color":"#f44336"},"geometry":{"type":"Polygon","coordinates":[[[-70.6800534389999,-33.4817574141314],[-70.6805042779999,-33.4817167216313],[-70.680419432,-33.4808488391313],[-70.6799644914999,-33.4808704231314],[-70.6800534389999,-33.4817574141314]]]}},{"type":"Feature","properties":{"id":"13121011002027","commune":"Pedro Aguirre Cerda","code":"13121","gse":"C2","quintil":"Q4","nse_score":765.5,"educ":12.1,"educ_score":606.7,"hacin":1.328,"hacin_class":"Hacinamiento Leve","hacin_score":781.2,"auto_score":76.9,"n_per":85,"n_hog":28,"source_year":2024,"crime_score":0.3653,"crime_nivel":"Alto","crime_color":"#f44336"},"geometry":{"type":"Polygon","coordinates":[[[-70.6792904289999,-33.4808914271314],[-70.6793528189999,-33.4817952421313],[-70.6799807969999,-33.4817701481314],[-70.6799165779999,-33.4808551991313],[-70.6792904289999,-33.4808914271314]]]}},{"type":"Feature","properties":{"id":"13121011002028","commune":"Pedro Aguirre Cerda","code":"13121","gse":"C2","quintil":"Q4","nse_score":773.1,"educ":12.6,"educ_score":640.0,"hacin":1.3,"hacin_class":"Hacinamiento Leve","hacin_score":787.2,"auto_score":142.9,"n_per":65,"n_hog":23,"source_year":2024,"crime_score":0.3602,"crime_nivel":"Alto","crime_color":"#f44336"},"geometry":{"type":"Polygon","coordinates":[[[-70.6784874699999,-33.4809404471314],[-70.6785369819999,-33.4813732011313],[-70.6792577869999,-33.4813351351313],[-70.6792270129999,-33.4808927861313],[-70.6784874699999,-33.4809404471314]]]}},{"type":"Feature","properties":{"id":"13121011002029","commune":"Pedro Aguirre Cerda","code":"13121","gse":"C2","quintil":"Q4","nse_score":788.8,"educ":12.9,"educ_score":660.0,"hacin":1.29,"hacin_class":"Hacinamiento Leve","hacin_score":789.3,"auto_score":160.0,"n_per":80,"n_hog":26,"source_year":2024,"crime_score":0.3596,"crime_nivel":"Alto","crime_color":"#f44336"},"geometry":{"type":"Polygon","coordinates":[[[-70.6784537209999,-33.4814017634647],[-70.678480422,-33.4818420971313],[-70.6792918389999,-33.4818014171313],[-70.6792597889999,-33.4813621581314],[-70.6784537209999,-33.4814017634647]]]}},{"type":"Feature","properties":{"id":"13121011002030","commune":"Pedro Aguirre Cerda","code":"13121","gse":"D","quintil":"Q2","nse_score":695.3,"educ":12.5,"educ_score":633.3,"hacin":1.6,"hacin_class":"Hacinamiento Medio","hacin_score":723.4,"auto_score":0.0,"n_per":8,"n_hog":4,"source_year":2024,"crime_score":0.3661,"crime_nivel":"Alto","crime_color":"#f44336"},"geometry":{"type":"Polygon","coordinates":[[[-70.6779985899999,-33.4818697151314],[-70.6784482279999,-33.4818442221314],[-70.6784212379999,-33.4813991181314],[-70.6779702039999,-33.4813845321313],[-70.6779985899999,-33.4818697151314]]]}},{"type":"Feature","properties":{"id":"13121011002032","commune":"Pedro Aguirre Cerda","code":"13121","gse":"C3","quintil":"Q3","nse_score":728.8,"educ":11.5,"educ_score":566.7,"hacin":1.163,"hacin_class":"Hacinamiento Leve","hacin_score":816.4,"auto_score":200.0,"n_per":100,"n_hog":38,"source_year":2024,"crime_score":0.3757,"crime_nivel":"Alto","crime_color":"#f44336"},"geometry":{"type":"Polygon","coordinates":[[[-70.6774528369999,-33.4821989051314],[-70.6775195479999,-33.4829205801313],[-70.6779853529999,-33.4828953221313],[-70.6780121364999,-33.4819618811314],[-70.6772706079999,-33.4816189931314],[-70.6773128549999,-33.4821521331313],[-70.6774528369999,-33.4821989051314]]]}},{"type":"Feature","properties":{"id":"13121011002033","commune":"Pedro Aguirre Cerda","code":"13121","gse":"C3","quintil":"Q2","nse_score":711.3,"educ":10.9,"educ_score":526.7,"hacin":1.105,"hacin_class":"Hacinamiento Leve","hacin_score":828.8,"auto_score":100.0,"n_per":74,"n_hog":25,"source_year":2024,"crime_score":0.3748,"crime_nivel":"Alto","crime_color":"#f44336"},"geometry":{"type":"Polygon","coordinates":[[[-70.6768005469999,-33.4816398874647],[-70.6768547869999,-33.4823981421314],[-70.6772977879999,-33.4823702441313],[-70.6772384429999,-33.4816207371314],[-70.6768005469999,-33.4816398874647]]]}},{"type":"Feature","properties":{"id":"13121011002034","commune":"Pedro Aguirre Cerda","code":"13121","gse":"C3","quintil":"Q3","nse_score":731.2,"educ":11.1,"educ_score":540.0,"hacin":1.153,"hacin_class":"Hacinamiento Leve","hacin_score":818.6,"auto_score":87.0,"n_per":68,"n_hog":24,"source_year":2024,"crime_score":0.3695,"crime_nivel":"Alto","crime_color":"#f44336"},"geometry":{"type":"Polygon","coordinates":[[[-70.6763065376666,-33.4817049621314],[-70.6763594089999,-33.4824204361313],[-70.676822565,-33.4823997861313],[-70.6767683189999,-33.4816413861313],[-70.6763065376666,-33.4817049621314]]]}},{"type":"Feature","properties":{"id":"13121011002035","commune":"Pedro Aguirre Cerda","code":"13121","gse":"C2","quintil":"Q4","nse_score":779.4,"educ":12.6,"educ_score":640.0,"hacin":1.159,"hacin_class":"Hacinamiento Leve","hacin_score":817.3,"auto_score":173.9,"n_per":73,"n_hog":23,"source_year":2024,"crime_score":0.3603,"crime_nivel":"Alto","crime_color":"#f44336"},"geometry":{"type":"Polygon","coordinates":[[[-70.6757170669999,-33.4816956574647],[-70.6757771799999,-33.4825192031313],[-70.6762042689999,-33.4825146701313],[-70.6761288439999,-33.4816999081313],[-70.6757170669999,-33.4816956574647]]]}},{"type":"Feature","properties":{"id":"13121011002037","commune":"Pedro Aguirre Cerda","code":"13121","gse":"C2","quintil":"Q4","nse_score":772.3,"educ":13.1,"educ_score":673.3,"hacin":1.246,"hacin_class":"Hacinamiento Leve","hacin_score":798.7,"auto_score":50.0,"n_per":76,"n_hog":29,"source_year":2024,"crime_score":0.3623,"crime_nivel":"Alto","crime_color":"#f44336"},"geometry":{"type":"Polygon","coordinates":[[[-70.6754213659999,-33.4825274231314],[-70.6757449199999,-33.4825203171314],[-70.6756848709999,-33.4816976531313],[-70.6752603714999,-33.4817619076313],[-70.6754213659999,-33.4825274231314]]]}},{"type":"Feature","properties":{"id":"13121011002038","commune":"Pedro Aguirre Cerda","code":"13121","gse":"C2","quintil":"Q4","nse_score":768.5,"educ":12.5,"educ_score":633.3,"hacin":1.211,"hacin_class":"Hacinamiento Leve","hacin_score":806.1,"auto_score":216.7,"n_per":86,"n_hog":34,"source_year":2024,"crime_score":0.3649,"crime_nivel":"Alto","crime_color":"#f44336"},"geometry":{"type":"Polygon","coordinates":[[[-70.680163993,-33.4827723821313],[-70.6805756169999,-33.4827217281313],[-70.6804861359999,-33.4817812531314],[-70.6800271704999,-33.4818315026314],[-70.680163993,-33.4827723821313]]]}},{"type":"Feature","properties":{"id":"13121011002039","commune":"Pedro Aguirre Cerda","code":"13121","gse":"C3","quintil":"Q3","nse_score":730.3,"educ":11.0,"educ_score":533.3,"hacin":0.985,"hacin_class":"Sin Hacinamiento","hacin_score":854.3,"auto_score":107.1,"n_per":64,"n_hog":27,"source_year":2024,"crime_score":0.369,"crime_nivel":"Alto","crime_color":"#f44336"},"geometry":{"type":"Polygon","coordinates":[[[-70.6794608809999,-33.4828107831313],[-70.6800475009999,-33.4827710691314],[-70.6799827749999,-33.4817971751313],[-70.6793548059999,-33.4818222681313],[-70.6794608809999,-33.4828107831313]]]}},{"type":"Feature","properties":{"id":"13121011002040","commune":"Pedro Aguirre Cerda","code":"13121","gse":"C2","quintil":"Q4","nse_score":789.3,"educ":12.4,"educ_score":626.7,"hacin":1.0,"hacin_class":"Hacinamiento Leve","hacin_score":851.1,"auto_score":145.8,"n_per":69,"n_hog":25,"source_year":2024,"crime_score":0.3576,"crime_nivel":"Alto","crime_color":"#f44336"},"geometry":{"type":"Polygon","coordinates":[[[-70.6784719189999,-33.4820810161313],[-70.6784527199999,-33.4818698331314],[-70.6780734309999,-33.4819023891313],[-70.6785080589999,-33.4823059831313],[-70.6793265539999,-33.4822607321313],[-70.6792938269999,-33.4818284331313],[-70.6784809989999,-33.4818691911313],[-70.6784719189999,-33.4820810161313]]]}},{"type":"Feature","properties":{"id":"13121011002041","commune":"Pedro Aguirre Cerda","code":"13121","gse":"C2","quintil":"Q3","nse_score":759.6,"educ":12.1,"educ_score":606.7,"hacin":1.154,"hacin_class":"Hacinamiento Leve","hacin_score":818.3,"auto_score":160.7,"n_per":75,"n_hog":28,"source_year":2024,"crime_score":0.3648,"crime_nivel":"Alto","crime_color":"#f44336"},"geometry":{"type":"Polygon","coordinates":[[[-70.6780403189999,-33.4819764831313],[-70.67801757,-33.4828936111313],[-70.6785678129999,-33.4828565051313],[-70.6785360639999,-33.4825389521313],[-70.6783046129999,-33.4821887311313],[-70.6780403189999,-33.4819764831313]]]}},{"type":"Feature","properties":{"id":"13121011002042","commune":"Pedro Aguirre Cerda","code":"13121","gse":"C3","quintil":"Q3","nse_score":727.1,"educ":12.9,"educ_score":660.0,"hacin":1.4,"hacin_class":"Hacinamiento Leve","hacin_score":766.0,"auto_score":222.2,"n_per":21,"n_hog":8,"source_year":2024,"crime_score":0.362,"crime_nivel":"Alto","crime_color":"#f44336"},"geometry":{"type":"Polygon","coordinates":[[[-70.6773550879999,-33.4821840531313],[-70.6773795109999,-33.4829278481313],[-70.6774873299999,-33.4829222851313],[-70.6773550879999,-33.4821840531313]]]}},{"type":"Feature","properties":{"id":"13121011002043","commune":"Pedro Aguirre Cerda","code":"13121","gse":"C2","quintil":"Q4","nse_score":773.2,"educ":11.9,"educ_score":593.3,"hacin":1.194,"hacin_class":"Hacinamiento Leve","hacin_score":809.9,"auto_score":71.4,"n_per":37,"n_hog":14,"source_year":2024,"crime_score":0.3553,"crime_nivel":"Alto","crime_color":"#f44336"},"geometry":{"type":"Polygon","coordinates":[[[-70.6786943699999,-33.4828553901313],[-70.6793573099999,-33.4828060481313],[-70.6793286419999,-33.4822877361314],[-70.6785255169999,-33.4823307891313],[-70.6786943699999,-33.4828553901313]]]}},{"type":"Feature","properties":{"id":"13121011002044","commune":"Pedro Aguirre Cerda","code":"13121","gse":"D","quintil":"Q1","nse_score":668.5,"educ":9.8,"educ_score":453.3,"hacin":1.205,"hacin_class":"Hacinamiento Leve","hacin_score":807.4,"auto_score":75.0,"n_per":47,"n_hog":20,"source_year":2024,"crime_score":0.3787,"crime_nivel":"Alto","crime_color":"#f44336"},"geometry":{"type":"Polygon","coordinates":[[[-70.6771291049999,-33.4824079204647],[-70.6771695299999,-33.4829386811313],[-70.6773472869999,-33.4829295111313],[-70.6773007339999,-33.4823971191313],[-70.6771291049999,-33.4824079204647]]]}},{"type":"Feature","properties":{"id":"13121011002045","commune":"Pedro Aguirre Cerda","code":"13121","gse":"C3","quintil":"Q3","nse_score":741.5,"educ":12.1,"educ_score":606.7,"hacin":1.429,"hacin_class":"Hacinamiento Leve","hacin_score":759.9,"auto_score":145.8,"n_per":70,"n_hog":24,"source_year":2024,"crime_score":0.3677,"crime_nivel":"Alto","crime_color":"#f44336"},"geometry":{"type":"Polygon","coordinates":[[[-70.6766329239999,-33.4829645481313],[-70.6771373099999,-33.4829403431313],[-70.6770969119999,-33.4824099541313],[-70.6763614639999,-33.4824474321314],[-70.6766329239999,-33.4829645481313]]]}},{"type":"Feature","properties":{"id":"13121011002046","commune":"Pedro Aguirre Cerda","code":"13121","gse":"C3","quintil":"Q2","nse_score":716.8,"educ":12.0,"educ_score":600.0,"hacin":1.434,"hacin_class":"Hacinamiento Leve","hacin_score":758.8,"auto_score":67.8,"n_per":162,"n_hog":55,"source_year":2024,"crime_score":0.3895,"crime_nivel":"Alto","crime_color":"#f44336"},"geometry":{"type":"Polygon","coordinates":[[[-70.6754449379999,-33.4825834671313],[-70.6754534059999,-33.4834319041313],[-70.6757932199999,-33.4834429421313],[-70.6757413209999,-33.4827960511313],[-70.6763280879999,-33.4827683901313],[-70.6762507949999,-33.4825722971313],[-70.6754449379999,-33.4825834671313]]]}},{"type":"Feature","properties":{"id":"13121011002047","commune":"Pedro Aguirre Cerda","code":"13121","gse":"C3","quintil":"Q2","nse_score":704.1,"educ":12.2,"educ_score":613.3,"hacin":1.364,"hacin_class":"Hacinamiento Leve","hacin_score":773.7,"auto_score":66.7,"n_per":75,"n_hog":30,"source_year":2024,"crime_score":0.3765,"crime_nivel":"Alto","crime_color":"#f44336"},"geometry":{"type":"Polygon","coordinates":[[[-70.675831737,-33.4834441941313],[-70.6761038689999,-33.4834131281313],[-70.6761373249999,-33.4831621751314],[-70.6763529529999,-33.4830060531313],[-70.6763306009999,-33.4828024621313],[-70.6757817349999,-33.4828299021313],[-70.675831737,-33.4834441941313]]]}},{"type":"Feature","properties":{"id":"13121011002050","commune":"Pedro Aguirre Cerda","code":"13121","gse":"E","quintil":"Q1","nse_score":656.0,"educ":10.9,"educ_score":526.7,"hacin":1.518,"hacin_class":"Hacinamiento Medio","hacin_score":740.9,"auto_score":57.7,"n_per":85,"n_hog":26,"source_year":2024,"crime_score":0.3884,"crime_nivel":"Alto","crime_color":"#f44336"},"geometry":{"type":"Polygon","coordinates":[[[-70.6787029639999,-33.4829207471313],[-70.678721848,-33.4833695021313],[-70.6790574859999,-33.4832891221313],[-70.6794342669999,-33.4844969241313],[-70.6797089859999,-33.4844038861313],[-70.6792543989999,-33.4829034451313],[-70.6787029639999,-33.4829207471313]]]}},{"type":"Feature","properties":{"id":"13121011002051","commune":"Pedro Aguirre Cerda","code":"13121","gse":"C2","quintil":"Q4","nse_score":784.0,"educ":12.2,"educ_score":613.3,"hacin":1.103,"hacin_class":"Hacinamiento Leve","hacin_score":829.1,"auto_score":150.0,"n_per":32,"n_hog":14,"source_year":2024,"crime_score":0.3523,"crime_nivel":"Alto","crime_color":"#f44336"},"geometry":{"type":"Polygon","coordinates":[[[-70.6780304789999,-33.4829400121313],[-70.678060103,-33.4835061121313],[-70.6786166169999,-33.4832989891313],[-70.6785856489999,-33.4829272981313],[-70.6780304789999,-33.4829400121313]]]}},{"type":"Feature","properties":{"id":"13121011002053","commune":"Pedro Aguirre Cerda","code":"13121","gse":"C2","quintil":"Q3","nse_score":757.7,"educ":12.3,"educ_score":620.0,"hacin":1.192,"hacin_class":"Hacinamiento Leve","hacin_score":810.1,"auto_score":208.3,"n_per":31,"n_hog":12,"source_year":2024,"crime_score":0.3575,"crime_nivel":"Alto","crime_color":"#f44336"},"geometry":{"type":"Polygon","coordinates":[[[-70.6770373989999,-33.4829934301314],[-70.6770696629999,-33.4834049171313],[-70.6775063099999,-33.4833776571313],[-70.6774805419999,-33.4829697361313],[-70.6770373989999,-33.4829934301314]]]}},{"type":"Feature","properties":{"id":"13121011002054","commune":"Pedro Aguirre Cerda","code":"13121","gse":"C3","quintil":"Q3","nse_score":729.5,"educ":11.1,"educ_score":540.0,"hacin":1.263,"hacin_class":"Hacinamiento Leve","hacin_score":795.1,"auto_score":125.0,"n_per":48,"n_hog":20,"source_year":2024,"crime_score":0.3663,"crime_nivel":"Alto","crime_color":"#f44336"},"geometry":{"type":"Polygon","coordinates":[[[-70.6770051829999,-33.4829951541313],[-70.6762613399999,-33.4830838311313],[-70.6761361849999,-33.4834107631313],[-70.6770374679999,-33.4834069271313],[-70.6770051829999,-33.4829951541313]]]}},{"type":"Feature","properties":{"id":"13121011002055","commune":"Pedro Aguirre Cerda","code":"13121","gse":"C3","quintil":"Q3","nse_score":725.0,"educ":12.1,"educ_score":606.7,"hacin":1.431,"hacin_class":"Hacinamiento Leve","hacin_score":759.3,"auto_score":227.3,"n_per":73,"n_hog":24,"source_year":2024,"crime_score":0.3717,"crime_nivel":"Alto","crime_color":"#f44336"},"geometry":{"type":"Polygon","coordinates":[[[-70.6801292809999,-33.4831266201313],[-70.6801964859999,-33.4839253921313],[-70.6806684729999,-33.4839027381313],[-70.6806075379999,-33.4831014761313],[-70.6801292809999,-33.4831266201313]]]}},{"type":"Feature","properties":{"id":"13121011002056","commune":"Pedro Aguirre Cerda","code":"13121","gse":"C3","quintil":"Q3","nse_score":742.7,"educ":11.2,"educ_score":546.7,"hacin":1.25,"hacin_class":"Hacinamiento Leve","hacin_score":797.9,"auto_score":269.2,"n_per":45,"n_hog":18,"source_year":2024,"crime_score":0.363,"crime_nivel":"Alto","crime_color":"#f44336"},"geometry":{"type":"Polygon","coordinates":[[[-70.6793616429999,-33.4831669781313],[-70.6795024599999,-33.4835371471313],[-70.6801086519999,-33.4834950201313],[-70.680080771,-33.4831291711313],[-70.6793616429999,-33.4831669781313]]]}},{"type":"Feature","properties":{"id":"13121011002057","commune":"Pedro Aguirre Cerda","code":"13121","gse":"C2","quintil":"Q4","nse_score":786.5,"educ":12.8,"educ_score":653.3,"hacin":1.368,"hacin_class":"Hacinamiento Leve","hacin_score":772.7,"auto_score":133.3,"n_per":52,"n_hog":16,"source_year":2024,"crime_score":0.3552,"crime_nivel":"Alto","crime_color":"#f44336"},"geometry":{"type":"Polygon","coordinates":[[[-70.6764857139999,-33.4834176701313],[-70.6765332949999,-33.4840584781313],[-70.6770232489999,-33.4838795721313],[-70.6769832049999,-33.4833909181313],[-70.6764857139999,-33.4834176701313]]]}},{"type":"Feature","properties":{"id":"13121011002058","commune":"Pedro Aguirre Cerda","code":"13121","gse":"C2","quintil":"Q4","nse_score":791.4,"educ":12.7,"educ_score":646.7,"hacin":1.158,"hacin_class":"Hacinamiento Leve","hacin_score":817.5,"auto_score":187.5,"n_per":22,"n_hog":8,"source_year":2024,"crime_score":0.349,"crime_nivel":"Alto","crime_color":"#f44336"},"geometry":{"type":"Polygon","coordinates":[[[-70.6770239479999,-33.4834349114646],[-70.6770538139999,-33.4838684911313],[-70.6775284859999,-33.4836975551313],[-70.6775080129999,-33.4834045991313],[-70.6770239479999,-33.4834349114646]]]}},{"type":"Feature","properties":{"id":"13121011002059","commune":"Pedro Aguirre Cerda","code":"13121","gse":"C2","quintil":"Q3","nse_score":750.7,"educ":12.2,"educ_score":613.3,"hacin":1.0,"hacin_class":"Hacinamiento Leve","hacin_score":851.1,"auto_score":178.6,"n_per":33,"n_hog":13,"source_year":2024,"crime_score":0.3593,"crime_nivel":"Alto","crime_color":"#f44336"},"geometry":{"type":"Polygon","coordinates":[[[-70.676055157,-33.4834600351313],[-70.6760711699999,-33.4842239061313],[-70.6765027599999,-33.4840696241313],[-70.6764535119999,-33.4834195951314],[-70.676055157,-33.4834600351313]]]}},{"type":"Feature","properties":{"id":"13121011002060","commune":"Pedro Aguirre Cerda","code":"13121","gse":"C3","quintil":"Q3","nse_score":723.2,"educ":11.7,"educ_score":580.0,"hacin":1.19,"hacin_class":"Hacinamiento Leve","hacin_score":810.5,"auto_score":220.0,"n_per":75,"n_hog":24,"source_year":2024,"crime_score":0.3724,"crime_nivel":"Alto","crime_color":"#f44336"},"geometry":{"type":"Polygon","coordinates":[[[-70.6754554046666,-33.4834590591313],[-70.6755298229999,-33.4844038071313],[-70.6760397079999,-33.4842351531313],[-70.6760025369999,-33.4834768261313],[-70.6754554046666,-33.4834590591313]]]}},{"type":"Feature","properties":{"id":"13121011002061","commune":"Pedro Aguirre Cerda","code":"13121","gse":"C2","quintil":"Q4","nse_score":763.5,"educ":12.2,"educ_score":613.3,"hacin":1.269,"hacin_class":"Hacinamiento Leve","hacin_score":793.8,"auto_score":150.0,"n_per":33,"n_hog":13,"source_year":2024,"crime_score":0.3566,"crime_nivel":"Alto","crime_color":"#f44336"},"geometry":{"type":"Polygon","coordinates":[[[-70.6795114559999,-33.4835607831313],[-70.6796640029999,-33.4839615621313],[-70.6801402739999,-33.4839223111313],[-70.6801107669999,-33.4835220261313],[-70.6795114559999,-33.4835607831313]]]}},{"type":"Feature","properties":{"id":"13121011002064","commune":"Pedro Aguirre Cerda","code":"13121","gse":"C2","quintil":"Q3","nse_score":750.8,"educ":11.5,"educ_score":566.7,"hacin":1.411,"hacin_class":"Hacinamiento Leve","hacin_score":763.7,"auto_score":200.0,"n_per":79,"n_hog":22,"source_year":2024,"crime_score":0.3674,"crime_nivel":"Alto","crime_color":"#f44336"},"geometry":{"type":"Polygon","coordinates":[[[-70.6802862689999,-33.4853556481313],[-70.6807188259999,-33.4853319911313],[-70.6807116709999,-33.4844914611313],[-70.6802455339999,-33.4845164931313],[-70.6802862689999,-33.4853556481313]]]}},{"type":"Feature","properties":{"id":"13121011002063","commune":"Pedro Aguirre Cerda","code":"13121","gse":"D","quintil":"Q1","nse_score":680.7,"educ":9.8,"educ_score":453.3,"hacin":1.615,"hacin_class":"Hacinamiento Medio","hacin_score":720.1,"auto_score":125.0,"n_per":42,"n_hog":14,"source_year":2024,"crime_score":0.3753,"crime_nivel":"Alto","crime_color":"#f44336"},"geometry":{"type":"MultiPolygon","coordinates":[[[[-70.68018595,-33.4853158851313],[-70.6801819319999,-33.4845121941313],[-70.6798830029999,-33.4845361291313],[-70.68018595,-33.4853158851313]]],[[[-70.6798640839999,-33.4844872441313],[-70.6801797939999,-33.4844851811313],[-70.6801421439999,-33.4839493421313],[-70.6796733549999,-33.4839861551313],[-70.6798640839999,-33.4844872441313]]]]}},{"type":"Feature","properties":{"id":"13121011003001","commune":"Pedro Aguirre Cerda","code":"13121","gse":"D","quintil":"Q2","nse_score":694.7,"educ":10.9,"educ_score":526.7,"hacin":1.375,"hacin_class":"Hacinamiento Leve","hacin_score":771.3,"auto_score":118.4,"n_per":132,"n_hog":35,"source_year":2024,"crime_score":0.3888,"crime_nivel":"Alto","crime_color":"#f44336"},"geometry":{"type":"Polygon","coordinates":[[[-70.6788869809999,-33.4846665171313],[-70.6794040509999,-33.4845064491313],[-70.6790323479999,-33.4833133931313],[-70.678724498,-33.4833968071314],[-70.6788869809999,-33.4846665171313]]]}},{"type":"Feature","properties":{"id":"13121011003003","commune":"Pedro Aguirre Cerda","code":"13121","gse":"D","quintil":"Q1","nse_score":668.1,"educ":10.0,"educ_score":466.7,"hacin":1.375,"hacin_class":"Hacinamiento Leve","hacin_score":771.3,"auto_score":125.0,"n_per":110,"n_hog":40,"source_year":2024,"crime_score":0.3905,"crime_nivel":"Alto","crime_color":"#f44336"},"geometry":{"type":"Polygon","coordinates":[[[-70.6778976429999,-33.4836581511313],[-70.6784613139999,-33.4848240301313],[-70.6787837809999,-33.4847156361313],[-70.6787064369999,-33.4838617131313],[-70.6784424659999,-33.4838760741313],[-70.678247929,-33.4834983211313],[-70.6778976429999,-33.4836581511313]]]}},{"type":"Feature","properties":{"id":"13121011003004","commune":"Pedro Aguirre Cerda","code":"13121","gse":"D","quintil":"Q1","nse_score":666.5,"educ":9.8,"educ_score":453.3,"hacin":1.486,"hacin_class":"Hacinamiento Leve","hacin_score":747.7,"auto_score":152.2,"n_per":156,"n_hog":50,"source_year":2024,"crime_score":0.3993,"crime_nivel":"Alto","crime_color":"#f44336"},"geometry":{"type":"Polygon","coordinates":[[[-70.6780649269999,-33.4849729221313],[-70.6784073459999,-33.4848361681313],[-70.6778070959999,-33.4836597651313],[-70.6774891449999,-33.4837960971313],[-70.6780649269999,-33.4849729221313]]]}},{"type":"Feature","properties":{"id":"13121011003005","commune":"Pedro Aguirre Cerda","code":"13121","gse":"D","quintil":"Q1","nse_score":674.2,"educ":10.7,"educ_score":513.3,"hacin":1.514,"hacin_class":"Hacinamiento Medio","hacin_score":741.8,"auto_score":138.9,"n_per":168,"n_hog":57,"source_year":2024,"crime_score":0.3999,"crime_nivel":"Alto","crime_color":"#f44336"},"geometry":{"type":"Polygon","coordinates":[[[-70.6776747299999,-33.4851102711313],[-70.6780023739999,-33.4849758011313],[-70.6774031279999,-33.4838046941313],[-70.6770933854999,-33.4839311881313],[-70.6776747299999,-33.4851102711313]]]}},{"type":"Feature","properties":{"id":"13121011003006","commune":"Pedro Aguirre Cerda","code":"13121","gse":"D","quintil":"Q1","nse_score":673.6,"educ":10.3,"educ_score":486.7,"hacin":1.474,"hacin_class":"Hacinamiento Leve","hacin_score":750.3,"auto_score":76.9,"n_per":168,"n_hog":55,"source_year":2024,"crime_score":0.4,"crime_nivel":"Alto","crime_color":"#f44336"},"geometry":{"type":"Polygon","coordinates":[[[-70.6772882079999,-33.4852453691313],[-70.6776083784999,-33.4851075481313],[-70.6770085909999,-33.4839477041313],[-70.6766930384999,-33.4840824306313],[-70.6772882079999,-33.4852453691313]]]}},{"type":"Feature","properties":{"id":"13121011003007","commune":"Pedro Aguirre Cerda","code":"13121","gse":"D","quintil":"Q1","nse_score":663.9,"educ":10.0,"educ_score":466.7,"hacin":1.806,"hacin_class":"Hacinamiento Medio","hacin_score":679.6,"auto_score":122.2,"n_per":186,"n_hog":54,"source_year":2024,"crime_score":0.4055,"crime_nivel":"Alto","crime_color":"#f44336"},"geometry":{"type":"Polygon","coordinates":[[[-70.676874198,-33.4853946251313],[-70.6772155264999,-33.4852509121313],[-70.6766028679999,-33.4840946651313],[-70.6762784679999,-33.4842312451313],[-70.676874198,-33.4853946251313]]]}},{"type":"Feature","properties":{"id":"13121011003008","commune":"Pedro Aguirre Cerda","code":"13121","gse":"D","quintil":"Q1","nse_score":670.4,"educ":10.2,"educ_score":480.0,"hacin":1.617,"hacin_class":"Hacinamiento Medio","hacin_score":719.8,"auto_score":237.5,"n_per":173,"n_hog":46,"source_year":2024,"crime_score":0.4016,"crime_nivel":"Alto","crime_color":"#f44336"},"geometry":{"type":"Polygon","coordinates":[[[-70.676473326,-33.4855347581313],[-70.6768094949999,-33.4853996051313],[-70.6761971849999,-33.4842441261313],[-70.6758835614999,-33.4843741996313],[-70.676473326,-33.4855347581313]]]}},{"type":"Feature","properties":{"id":"13121011003009","commune":"Pedro Aguirre Cerda","code":"13121","gse":"D","quintil":"Q2","nse_score":693.1,"educ":10.6,"educ_score":506.7,"hacin":1.481,"hacin_class":"Hacinamiento Leve","hacin_score":748.7,"auto_score":134.1,"n_per":157,"n_hog":47,"source_year":2024,"crime_score":0.3937,"crime_nivel":"Alto","crime_color":"#f44336"},"geometry":{"type":"Polygon","coordinates":[[[-70.6760658989999,-33.4856812511313],[-70.6764035549999,-33.4855338496313],[-70.6758045689999,-33.4843842701313],[-70.6754766819999,-33.4845290446313],[-70.6760658989999,-33.4856812511313]]]}},{"type":"Feature","properties":{"id":"13121011003010","commune":"Pedro Aguirre Cerda","code":"13121","gse":"C3","quintil":"Q2","nse_score":707.8,"educ":11.1,"educ_score":540.0,"hacin":1.368,"hacin_class":"Hacinamiento Leve","hacin_score":772.7,"auto_score":125.0,"n_per":130,"n_hog":41,"source_year":2024,"crime_score":0.3856,"crime_nivel":"Alto","crime_color":"#f44336"},"geometry":{"type":"Polygon","coordinates":[[[-70.6792919959999,-33.4846227951313],[-70.6798852819999,-33.4857174811313],[-70.6802256539999,-33.4855940081313],[-70.6797855929999,-33.4844910131313],[-70.6792919959999,-33.4846227951313]]]}},{"type":"Feature","properties":{"id":"13121011003011","commune":"Pedro Aguirre Cerda","code":"13121","gse":"E","quintil":"Q1","nse_score":655.7,"educ":9.7,"educ_score":446.7,"hacin":1.384,"hacin_class":"Hacinamiento Leve","hacin_score":769.4,"auto_score":89.7,"n_per":119,"n_hog":41,"source_year":2024,"crime_score":0.3948,"crime_nivel":"Alto","crime_color":"#f44336"},"geometry":{"type":"Polygon","coordinates":[[[-70.6756720989999,-33.4858195991313],[-70.6760017504999,-33.4856889066313],[-70.6753994439999,-33.4845321501313],[-70.6750829609999,-33.4846610046313],[-70.6756720989999,-33.4858195991313]]]}},{"type":"Feature","properties":{"id":"13121011003012","commune":"Pedro Aguirre Cerda","code":"13121","gse":"D","quintil":"Q2","nse_score":701.4,"educ":11.0,"educ_score":533.3,"hacin":1.29,"hacin_class":"Hacinamiento Leve","hacin_score":789.4,"auto_score":122.0,"n_per":129,"n_hog":45,"source_year":2024,"crime_score":0.3868,"crime_nivel":"Alto","crime_color":"#f44336"},"geometry":{"type":"Polygon","coordinates":[[[-70.6794873929999,-33.4858411941313],[-70.6798555109999,-33.4857279671313],[-70.6792620389999,-33.4846325711313],[-70.6788949794999,-33.4847954751313],[-70.6794873929999,-33.4858411941313]]]}},{"type":"Feature","properties":{"id":"13121011003013","commune":"Pedro Aguirre Cerda","code":"13121","gse":"E","quintil":"Q1","nse_score":650.8,"educ":10.0,"educ_score":466.7,"hacin":1.521,"hacin_class":"Hacinamiento Medio","hacin_score":740.2,"auto_score":157.9,"n_per":73,"n_hog":21,"source_year":2024,"crime_score":0.3873,"crime_nivel":"Alto","crime_color":"#f44336"},"geometry":{"type":"Polygon","coordinates":[[[-70.6754124509999,-33.4859081441313],[-70.6756088184999,-33.4858208876313],[-70.6750345159999,-33.4846846661313],[-70.6748521309999,-33.4847294601313],[-70.6754124509999,-33.4859081441313]]]}},{"type":"Feature","properties":{"id":"13121011003014","commune":"Pedro Aguirre Cerda","code":"13121","gse":"E","quintil":"Q1","nse_score":646.4,"educ":10.0,"educ_score":466.7,"hacin":1.55,"hacin_class":"Hacinamiento Medio","hacin_score":734.0,"auto_score":65.8,"n_per":124,"n_hog":45,"source_year":2024,"crime_score":0.3977,"crime_nivel":"Alto","crime_color":"#f44336"},"geometry":{"type":"Polygon","coordinates":[[[-70.674984821,-33.4860595651313],[-70.6753377759999,-33.4859180371313],[-70.6747158789999,-33.4847797491313],[-70.6744015109999,-33.4849127481313],[-70.674984821,-33.4860595651313]]]}},{"type":"Feature","properties":{"id":"13121011003015","commune":"Pedro Aguirre Cerda","code":"13121","gse":"D","quintil":"Q2","nse_score":685.1,"educ":9.6,"educ_score":440.0,"hacin":1.49,"hacin_class":"Hacinamiento Leve","hacin_score":746.9,"auto_score":175.0,"n_per":73,"n_hog":23,"source_year":2024,"crime_score":0.3801,"crime_nivel":"Alto","crime_color":"#f44336"},"geometry":{"type":"Polygon","coordinates":[[[-70.6789439199999,-33.4858134551313],[-70.6792847939999,-33.4856741221313],[-70.6787632499999,-33.4848023031313],[-70.6785034049999,-33.4849097181313],[-70.6789439199999,-33.4858134551313]]]}},{"type":"Feature","properties":{"id":"13121011003016","commune":"Pedro Aguirre Cerda","code":"13121","gse":"D","quintil":"Q1","nse_score":665.7,"educ":11.0,"educ_score":533.3,"hacin":1.48,"hacin_class":"Hacinamiento Leve","hacin_score":748.8,"auto_score":55.6,"n_per":114,"n_hog":37,"source_year":2024,"crime_score":0.3917,"crime_nivel":"Alto","crime_color":"#f44336"},"geometry":{"type":"Polygon","coordinates":[[[-70.6745947909999,-33.4862013241313],[-70.6749160704999,-33.4860643741313],[-70.6743190049999,-33.4849224041313],[-70.6740065499999,-33.4850532586313],[-70.6745947909999,-33.4862013241313]]]}},{"type":"Feature","properties":{"id":"13121011003017","commune":"Pedro Aguirre Cerda","code":"13121","gse":"D","quintil":"Q1","nse_score":677.6,"educ":9.7,"educ_score":446.7,"hacin":1.394,"hacin_class":"Hacinamiento Leve","hacin_score":767.2,"auto_score":125.0,"n_per":99,"n_hog":35,"source_year":2024,"crime_score":0.3864,"crime_nivel":"Alto","crime_color":"#f44336"},"geometry":{"type":"Polygon","coordinates":[[[-70.6785438619999,-33.4859529141313],[-70.6788822269999,-33.4858191046313],[-70.6784099999999,-33.4849295071313],[-70.6781009709999,-33.4850538451313],[-70.6785438619999,-33.4859529141313]]]}},{"type":"Feature","properties":{"id":"13121011003018","commune":"Pedro Aguirre Cerda","code":"13121","gse":"E","quintil":"Q1","nse_score":650.1,"educ":9.8,"educ_score":453.3,"hacin":1.407,"hacin_class":"Hacinamiento Leve","hacin_score":764.5,"auto_score":144.7,"n_per":121,"n_hog":44,"source_year":2024,"crime_score":0.3964,"crime_nivel":"Alto","crime_color":"#f44336"},"geometry":{"type":"Polygon","coordinates":[[[-70.67419258,-33.4863414061313],[-70.6745215359999,-33.4862003061313],[-70.6739307319999,-33.4850634511313],[-70.6736147664999,-33.4852031946313],[-70.67419258,-33.4863414061313]]]}},{"type":"Feature","properties":{"id":"13121011003019","commune":"Pedro Aguirre Cerda","code":"13121","gse":"C3","quintil":"Q2","nse_score":708.5,"educ":10.7,"educ_score":513.3,"hacin":1.547,"hacin_class":"Hacinamiento Medio","hacin_score":734.8,"auto_score":172.4,"n_per":116,"n_hog":37,"source_year":2024,"crime_score":0.383,"crime_nivel":"Alto","crime_color":"#f44336"},"geometry":{"type":"Polygon","coordinates":[[[-70.678152586,-33.4860902031313],[-70.6784800269999,-33.4859565121313],[-70.6779986479999,-33.4850750871313],[-70.6777111679999,-33.4851945766313],[-70.678152586,-33.4860902031313]]]}},{"type":"Feature","properties":{"id":"13121011003020","commune":"Pedro Aguirre Cerda","code":"13121","gse":"D","quintil":"Q2","nse_score":702.2,"educ":10.6,"educ_score":506.7,"hacin":1.427,"hacin_class":"Hacinamiento Leve","hacin_score":760.3,"auto_score":85.7,"n_per":107,"n_hog":39,"source_year":2024,"crime_score":0.3827,"crime_nivel":"Alto","crime_color":"#f44336"},"geometry":{"type":"Polygon","coordinates":[[[-70.6777695509999,-33.4862212851313],[-70.6780929199999,-33.4860986251313],[-70.677616483,-33.4852062571313],[-70.677316845,-33.4853262961313],[-70.6777695509999,-33.4862212851313]]]}},{"type":"Feature","properties":{"id":"13121011003021","commune":"Pedro Aguirre Cerda","code":"13121","gse":"E","quintil":"Q1","nse_score":636.6,"educ":9.4,"educ_score":426.7,"hacin":1.427,"hacin_class":"Hacinamiento Leve","hacin_score":760.2,"auto_score":135.1,"n_per":127,"n_hog":41,"source_year":2024,"crime_score":0.4004,"crime_nivel":"Alto","crime_color":"#f44336"},"geometry":{"type":"Polygon","coordinates":[[[-70.6737813889999,-33.4864874021313],[-70.6741202409999,-33.4863483741313],[-70.6735281409999,-33.4852092381313],[-70.6732042479999,-33.4853509351313],[-70.6737813889999,-33.4864874021313]]]}},{"type":"Feature","properties":{"id":"13121011003022","commune":"Pedro Aguirre Cerda","code":"13121","gse":"C3","quintil":"Q3","nse_score":722.8,"educ":11.1,"educ_score":540.0,"hacin":1.333,"hacin_class":"Hacinamiento Leve","hacin_score":780.1,"auto_score":136.4,"n_per":36,"n_hog":12,"source_year":2024,"crime_score":0.3655,"crime_nivel":"Alto","crime_color":"#f44336"},"geometry":{"type":"Polygon","coordinates":[[[-70.6813019509999,-33.4853175061313],[-70.681106026,-33.4853422011313],[-70.6802258589999,-33.4853982431313],[-70.6803033009999,-33.4855953721313],[-70.6809415499999,-33.4855640101313],[-70.6810764019999,-33.4858754561313],[-70.6813422029999,-33.4858722861313],[-70.6813019509999,-33.4853175061313]]]}},{"type":"Feature","properties":{"id":"13121011003023","commune":"Pedro Aguirre Cerda","code":"13121","gse":"C3","quintil":"Q3","nse_score":726.8,"educ":10.7,"educ_score":513.3,"hacin":1.227,"hacin_class":"Hacinamiento Leve","hacin_score":802.8,"auto_score":129.0,"n_per":92,"n_hog":35,"source_year":2024,"crime_score":0.3747,"crime_nivel":"Alto","crime_color":"#f44336"},"geometry":{"type":"Polygon","coordinates":[[[-70.6773673309999,-33.4863648411313],[-70.6777105229999,-33.4862388671313],[-70.6772354839999,-33.4853414811313],[-70.6769111309999,-33.4854756941313],[-70.6773673309999,-33.4863648411313]]]}},{"type":"Feature","properties":{"id":"13121011003024","commune":"Pedro Aguirre Cerda","code":"13121","gse":"D","quintil":"Q1","nse_score":678.5,"educ":10.6,"educ_score":506.7,"hacin":1.462,"hacin_class":"Hacinamiento Leve","hacin_score":752.9,"auto_score":180.6,"n_per":133,"n_hog":41,"source_year":2024,"crime_score":0.3925,"crime_nivel":"Alto","crime_color":"#f44336"},"geometry":{"type":"Polygon","coordinates":[[[-70.6733912119999,-33.4866240731313],[-70.6737121459999,-33.4864857176313],[-70.6731219449999,-33.4853569851313],[-70.6728083029999,-33.4854958391313],[-70.6733912119999,-33.4866240731313]]]}},{"type":"Feature","properties":{"id":"13121011003025","commune":"Pedro Aguirre Cerda","code":"13121","gse":"C3","quintil":"Q2","nse_score":707.2,"educ":11.0,"educ_score":533.3,"hacin":1.51,"hacin_class":"Hacinamiento Medio","hacin_score":742.6,"auto_score":144.7,"n_per":151,"n_hog":44,"source_year":2024,"crime_score":0.3896,"crime_nivel":"Alto","crime_color":"#f44336"},"geometry":{"type":"Polygon","coordinates":[[[-70.6769652219999,-33.4865054651313],[-70.6773041879999,-33.4863767181313],[-70.6768192759999,-33.4854885681313],[-70.6765119359999,-33.4856199341313],[-70.6769652219999,-33.4865054651313]]]}},{"type":"Feature","properties":{"id":"13121011003026","commune":"Pedro Aguirre Cerda","code":"13121","gse":"D","quintil":"Q2","nse_score":684.2,"educ":10.4,"educ_score":493.3,"hacin":1.422,"hacin_class":"Hacinamiento Leve","hacin_score":761.3,"auto_score":134.1,"n_per":155,"n_hog":44,"source_year":2024,"crime_score":0.3953,"crime_nivel":"Alto","crime_color":"#f44336"},"geometry":{"type":"Polygon","coordinates":[[[-70.672947458,-33.4867812281313],[-70.6733203149999,-33.4866406776313],[-70.6727347459999,-33.4854978421313],[-70.6723813629999,-33.4856499381313],[-70.672947458,-33.4867812281313]]]}},{"type":"Feature","properties":{"id":"13121011003027","commune":"Pedro Aguirre Cerda","code":"13121","gse":"E","quintil":"Q1","nse_score":647.9,"educ":9.6,"educ_score":440.0,"hacin":1.654,"hacin_class":"Hacinamiento Medio","hacin_score":711.9,"auto_score":0.0,"n_per":43,"n_hog":13,"source_year":2024,"crime_score":0.3822,"crime_nivel":"Alto","crime_color":"#f44336"},"geometry":{"type":"Polygon","coordinates":[[[-70.6805045543332,-33.485606373798],[-70.6806758679999,-33.4860693321313],[-70.6810303669999,-33.4859432451313],[-70.6808909019999,-33.4855878201313],[-70.6805045543332,-33.485606373798]]]}},{"type":"Feature","properties":{"id":"13121011003028","commune":"Pedro Aguirre Cerda","code":"13121","gse":"D","quintil":"Q1","nse_score":668.4,"educ":10.8,"educ_score":520.0,"hacin":1.29,"hacin_class":"Hacinamiento Leve","hacin_score":789.5,"auto_score":88.2,"n_per":49,"n_hog":19,"source_year":2024,"crime_score":0.3791,"crime_nivel":"Alto","crime_color":"#f44336"},"geometry":{"type":"Polygon","coordinates":[[[-70.6801104166666,-33.4856936641313],[-70.6803013839999,-33.4862064631313],[-70.6806460999999,-33.4860802331313],[-70.6804715139999,-33.4856084281313],[-70.6801104166666,-33.4856936641313]]]}},{"type":"Feature","properties":{"id":"13121011003029","commune":"Pedro Aguirre Cerda","code":"13121","gse":"E","quintil":"Q1","nse_score":615.2,"educ":10.0,"educ_score":466.7,"hacin":1.475,"hacin_class":"Hacinamiento Leve","hacin_score":750.1,"auto_score":51.7,"n_per":87,"n_hog":29,"source_year":2024,"crime_score":0.3974,"crime_nivel":"Alto","crime_color":"#f44336"},"geometry":{"type":"Polygon","coordinates":[[[-70.6765553029999,-33.4866482931313],[-70.6768996754999,-33.4865111936313],[-70.6764180509999,-33.4856310781313],[-70.6760934339999,-33.4857512671313],[-70.6765553029999,-33.4866482931313]]]}},{"type":"Feature","properties":{"id":"13121011003030","commune":"Pedro Aguirre Cerda","code":"13121","gse":"C3","quintil":"Q2","nse_score":714.7,"educ":11.0,"educ_score":533.3,"hacin":1.186,"hacin_class":"Hacinamiento Leve","hacin_score":811.5,"auto_score":184.2,"n_per":51,"n_hog":19,"source_year":2024,"crime_score":0.3699,"crime_nivel":"Alto","crime_color":"#f44336"},"geometry":{"type":"Polygon","coordinates":[[[-70.6797921499999,-33.4863803181313],[-70.680271951,-33.4862173331313],[-70.6800807599999,-33.4857040966313],[-70.6795233294999,-33.4859230081313],[-70.6797921499999,-33.4863803181313]]]}},{"type":"Feature","properties":{"id":"13121011003031","commune":"Pedro Aguirre Cerda","code":"13121","gse":"D","quintil":"Q2","nse_score":683.6,"educ":10.8,"educ_score":520.0,"hacin":1.439,"hacin_class":"Hacinamiento Leve","hacin_score":757.7,"auto_score":155.2,"n_per":82,"n_hog":31,"source_year":2024,"crime_score":0.382,"crime_nivel":"Alto","crime_color":"#f44336"},"geometry":{"type":"Polygon","coordinates":[[[-70.6793331719999,-33.4865761681313],[-70.6796937259999,-33.4864303111313],[-70.679304838,-33.4857573931313],[-70.6789703029999,-33.4858757721313],[-70.6793331719999,-33.4865761681313]]]}},{"type":"Feature","properties":{"id":"13121011003032","commune":"Pedro Aguirre Cerda","code":"13121","gse":"D","quintil":"Q2","nse_score":698.3,"educ":10.4,"educ_score":493.3,"hacin":1.329,"hacin_class":"Hacinamiento Leve","hacin_score":781.2,"auto_score":116.7,"n_per":93,"n_hog":33,"source_year":2024,"crime_score":0.3809,"crime_nivel":"Alto","crime_color":"#f44336"},"geometry":{"type":"Polygon","coordinates":[[[-70.6761618819999,-33.4867842341313],[-70.6764895419999,-33.4866561091313],[-70.6760096639999,-33.4857721841313],[-70.6757025109999,-33.4858905706313],[-70.6761618819999,-33.4867842341313]]]}},{"type":"Feature","properties":{"id":"13121011003033","commune":"Pedro Aguirre Cerda","code":"13121","gse":"C3","quintil":"Q3","nse_score":732.5,"educ":11.2,"educ_score":546.7,"hacin":1.063,"hacin_class":"Hacinamiento Leve","hacin_score":837.6,"auto_score":62.5,"n_per":67,"n_hog":26,"source_year":2024,"crime_score":0.3691,"crime_nivel":"Alto","crime_color":"#f44336"},"geometry":{"type":"Polygon","coordinates":[[[-70.6789421109999,-33.4867381571313],[-70.6792553729999,-33.4865953221313],[-70.6788936859999,-33.4858973861313],[-70.6785698649999,-33.4860145211313],[-70.6789421109999,-33.4867381571313]]]}},{"type":"Feature","properties":{"id":"13121011003034","commune":"Pedro Aguirre Cerda","code":"13121","gse":"D","quintil":"Q1","nse_score":665.8,"educ":10.7,"educ_score":513.3,"hacin":1.546,"hacin_class":"Hacinamiento Medio","hacin_score":735.0,"auto_score":200.0,"n_per":51,"n_hog":18,"source_year":2024,"crime_score":0.38,"crime_nivel":"Alto","crime_color":"#f44336"},"geometry":{"type":"Polygon","coordinates":[[[-70.6759009709999,-33.4868743551313],[-70.6761004004999,-33.4867954086313],[-70.6756555799999,-33.4859135191313],[-70.6754620569999,-33.4859653611313],[-70.6759009709999,-33.4868743551313]]]}},{"type":"Feature","properties":{"id":"13121011003035","commune":"Pedro Aguirre Cerda","code":"13121","gse":"D","quintil":"Q2","nse_score":684.5,"educ":10.4,"educ_score":493.3,"hacin":1.454,"hacin_class":"Hacinamiento Leve","hacin_score":754.4,"auto_score":87.0,"n_per":80,"n_hog":28,"source_year":2024,"crime_score":0.3815,"crime_nivel":"Alto","crime_color":"#f44336"},"geometry":{"type":"Polygon","coordinates":[[[-70.6754698889999,-33.4870261901313],[-70.6758293929999,-33.4868906946313],[-70.6753507779999,-33.4860066591313],[-70.6750216869999,-33.4861501931313],[-70.6754698889999,-33.4870261901313]]]}},{"type":"Feature","properties":{"id":"13121011003036","commune":"Pedro Aguirre Cerda","code":"13121","gse":"D","quintil":"Q1","nse_score":676.9,"educ":10.5,"educ_score":500.0,"hacin":1.773,"hacin_class":"Hacinamiento Medio","hacin_score":686.5,"auto_score":129.0,"n_per":133,"n_hog":33,"source_year":2024,"crime_score":0.3928,"crime_nivel":"Alto","crime_color":"#f44336"},"geometry":{"type":"Polygon","coordinates":[[[-70.6785608559999,-33.4868898061313],[-70.6788672729999,-33.4867583746313],[-70.6784948029999,-33.4860341771313],[-70.6781809904999,-33.4861521726313],[-70.6785608559999,-33.4868898061313]]]}},{"type":"Feature","properties":{"id":"13121011003037","commune":"Pedro Aguirre Cerda","code":"13121","gse":"E","quintil":"Q1","nse_score":647.0,"educ":10.5,"educ_score":500.0,"hacin":1.79,"hacin_class":"Hacinamiento Medio","hacin_score":683.0,"auto_score":157.9,"n_per":145,"n_hog":40,"source_year":2024,"crime_score":0.4015,"crime_nivel":"Alto","crime_color":"#f44336"},"geometry":{"type":"Polygon","coordinates":[[[-70.6750751879999,-33.4871613721313],[-70.6754067139999,-33.4870415161313],[-70.6749331149999,-33.4861535101313],[-70.6746257234999,-33.4862873001313],[-70.6750751879999,-33.4871613721313]]]}},{"type":"Feature","properties":{"id":"13121011003038","commune":"Pedro Aguirre Cerda","code":"13121","gse":"D","quintil":"Q1","nse_score":678.3,"educ":9.7,"educ_score":446.7,"hacin":1.371,"hacin_class":"Hacinamiento Leve","hacin_score":772.1,"auto_score":100.0,"n_per":85,"n_hog":31,"source_year":2024,"crime_score":0.3837,"crime_nivel":"Alto","crime_color":"#f44336"},"geometry":{"type":"Polygon","coordinates":[[[-70.6781908289999,-33.4870391881313],[-70.6784847299999,-33.4868999591313],[-70.6780940559999,-33.4861739001313],[-70.6777969309999,-33.4862876151313],[-70.6781908289999,-33.4870391881313]]]}},{"type":"Feature","properties":{"id":"13121011003039","commune":"Pedro Aguirre Cerda","code":"13121","gse":"D","quintil":"Q1","nse_score":673.7,"educ":10.5,"educ_score":500.0,"hacin":1.653,"hacin_class":"Hacinamiento Medio","hacin_score":712.2,"auto_score":100.0,"n_per":119,"n_hog":39,"source_year":2024,"crime_score":0.3909,"crime_nivel":"Alto","crime_color":"#f44336"},"geometry":{"type":"Polygon","coordinates":[[[-70.6746594659999,-33.4873085471313],[-70.6750098529999,-33.4871710921313],[-70.6745406079999,-33.4862918681313],[-70.6742224109999,-33.4864301841313],[-70.6746594659999,-33.4873085471313]]]}},{"type":"Feature","properties":{"id":"13121011003040","commune":"Pedro Aguirre Cerda","code":"13121","gse":"D","quintil":"Q1","nse_score":668.1,"educ":10.1,"educ_score":473.3,"hacin":1.444,"hacin_class":"Hacinamiento Leve","hacin_score":756.5,"auto_score":92.6,"n_per":104,"n_hog":30,"source_year":2024,"crime_score":0.3894,"crime_nivel":"Alto","crime_color":"#f44336"},"geometry":{"type":"Polygon","coordinates":[[[-70.6777988529999,-33.4871965001313],[-70.6781152689999,-33.4870533631313],[-70.6777286409999,-33.4862999011313],[-70.6773918379999,-33.4864267381313],[-70.6777988529999,-33.4871965001313]]]}},{"type":"Feature","properties":{"id":"13121011003041","commune":"Pedro Aguirre Cerda","code":"13121","gse":"D","quintil":"Q2","nse_score":685.7,"educ":10.5,"educ_score":500.0,"hacin":1.373,"hacin_class":"Hacinamiento Leve","hacin_score":771.7,"auto_score":229.2,"n_per":92,"n_hog":26,"source_year":2024,"crime_score":0.3834,"crime_nivel":"Alto","crime_color":"#f44336"},"geometry":{"type":"Polygon","coordinates":[[[-70.6742566739999,-33.4874492341313],[-70.6745981999999,-33.4873184376313],[-70.6741385559999,-33.4864328501313],[-70.6738100934999,-33.4865594481313],[-70.6742566739999,-33.4874492341313]]]}},{"type":"Feature","properties":{"id":"13121011003042","commune":"Pedro Aguirre Cerda","code":"13121","gse":"E","quintil":"Q1","nse_score":618.0,"educ":9.2,"educ_score":413.3,"hacin":1.563,"hacin_class":"Hacinamiento Medio","hacin_score":731.2,"auto_score":83.3,"n_per":136,"n_hog":36,"source_year":2024,"crime_score":0.4061,"crime_nivel":"Alto","crime_color":"#f44336"},"geometry":{"type":"Polygon","coordinates":[[[-70.6773994709999,-33.4873574201313],[-70.6777284839999,-33.4872153011313],[-70.6773270069999,-33.4864415691313],[-70.6769903404999,-33.4865687076313],[-70.6773994709999,-33.4873574201313]]]}},{"type":"Feature","properties":{"id":"13121011003043","commune":"Pedro Aguirre Cerda","code":"13121","gse":"D","quintil":"Q2","nse_score":691.6,"educ":10.3,"educ_score":486.7,"hacin":1.279,"hacin_class":"Hacinamiento Leve","hacin_score":791.7,"auto_score":125.0,"n_per":110,"n_hog":33,"source_year":2024,"crime_score":0.3855,"crime_nivel":"Alto","crime_color":"#f44336"},"geometry":{"type":"Polygon","coordinates":[[[-70.6738610229999,-33.4875882571313],[-70.6741986344999,-33.4874593526313],[-70.6737377869999,-33.4865742811313],[-70.6734195659999,-33.4867121701313],[-70.6738610229999,-33.4875882571313]]]}},{"type":"Feature","properties":{"id":"13121011003044","commune":"Pedro Aguirre Cerda","code":"13121","gse":"D","quintil":"Q1","nse_score":662.6,"educ":9.9,"educ_score":460.0,"hacin":1.546,"hacin_class":"Hacinamiento Medio","hacin_score":735.0,"auto_score":80.6,"n_per":102,"n_hog":35,"source_year":2024,"crime_score":0.3902,"crime_nivel":"Alto","crime_color":"#f44336"},"geometry":{"type":"Polygon","coordinates":[[[-70.6769903789999,-33.4875190021313],[-70.6773307149999,-33.4873739931313],[-70.6769158309999,-33.4865843821313],[-70.6765785194999,-33.4867132631313],[-70.6769903789999,-33.4875190021313]]]}},{"type":"Feature","properties":{"id":"13121011003045","commune":"Pedro Aguirre Cerda","code":"13121","gse":"E","quintil":"Q1","nse_score":644.5,"educ":9.5,"educ_score":433.3,"hacin":1.453,"hacin_class":"Hacinamiento Leve","hacin_score":754.6,"auto_score":155.2,"n_per":109,"n_hog":36,"source_year":2024,"crime_score":0.3953,"crime_nivel":"Alto","crime_color":"#f44336"},"geometry":{"type":"Polygon","coordinates":[[[-70.6734147349999,-33.4877413391313],[-70.6737995529999,-33.4875983361313],[-70.6733480489999,-33.4867126101313],[-70.6729785029999,-33.4868612381313],[-70.6734147349999,-33.4877413391313]]]}},{"type":"Feature","properties":{"id":"13121011003046","commune":"Pedro Aguirre Cerda","code":"13121","gse":"C3","quintil":"Q3","nse_score":730.4,"educ":11.9,"educ_score":593.3,"hacin":1.554,"hacin_class":"Hacinamiento Medio","hacin_score":733.2,"auto_score":134.6,"n_per":101,"n_hog":30,"source_year":2024,"crime_score":0.3756,"crime_nivel":"Alto","crime_color":"#f44336"},"geometry":{"type":"Polygon","coordinates":[[[-70.6766095599999,-33.4876643441313],[-70.6769279159999,-33.4875272561313],[-70.6765080989999,-33.4867266941312],[-70.6761855229999,-33.4868478901313],[-70.6766095599999,-33.4876643441313]]]}},{"type":"Feature","properties":{"id":"13121011003047","commune":"Pedro Aguirre Cerda","code":"13121","gse":"E","quintil":"Q1","nse_score":649.7,"educ":9.4,"educ_score":426.7,"hacin":1.412,"hacin_class":"Hacinamiento Leve","hacin_score":763.5,"auto_score":178.6,"n_per":48,"n_hog":20,"source_year":2024,"crime_score":0.3828,"crime_nivel":"Alto","crime_color":"#f44336"},"geometry":{"type":"Polygon","coordinates":[[[-70.6763560479999,-33.4877533811313],[-70.6765429379999,-33.4876722761313],[-70.6761364419999,-33.4868667241313],[-70.6759441819999,-33.4869227551313],[-70.6763560479999,-33.4877533811313]]]}},{"type":"Feature","properties":{"id":"13121011003048","commune":"Pedro Aguirre Cerda","code":"13121","gse":"D","quintil":"Q1","nse_score":673.8,"educ":10.4,"educ_score":493.3,"hacin":1.403,"hacin_class":"Hacinamiento Leve","hacin_score":765.4,"auto_score":109.4,"n_per":101,"n_hog":36,"source_year":2024,"crime_score":0.3876,"crime_nivel":"Alto","crime_color":"#f44336"},"geometry":{"type":"Polygon","coordinates":[[[-70.6759196149999,-33.4879132821313],[-70.6762763549999,-33.4877746321313],[-70.6758450839999,-33.4869593801312],[-70.6754969389999,-33.4870974261313],[-70.6759196149999,-33.4879132821313]]]}},{"type":"Feature","properties":{"id":"13121011003049","commune":"Pedro Aguirre Cerda","code":"13121","gse":"D","quintil":"Q2","nse_score":700.5,"educ":11.0,"educ_score":533.3,"hacin":1.597,"hacin_class":"Hacinamiento Medio","hacin_score":724.0,"auto_score":150.0,"n_per":115,"n_hog":34,"source_year":2024,"crime_score":0.3845,"crime_nivel":"Alto","crime_color":"#f44336"},"geometry":{"type":"Polygon","coordinates":[[[-70.6755274739999,-33.4880569721312],[-70.6758510839999,-33.4879306846313],[-70.6754280479999,-33.4871041631313],[-70.6751030119999,-33.4872398366313],[-70.6755274739999,-33.4880569721312]]]}},{"type":"Feature","properties":{"id":"13121011003050","commune":"Pedro Aguirre Cerda","code":"13121","gse":"E","quintil":"Q1","nse_score":649.8,"educ":9.8,"educ_score":453.3,"hacin":1.317,"hacin_class":"Hacinamiento Leve","hacin_score":783.7,"auto_score":104.2,"n_per":79,"n_hog":26,"source_year":2024,"crime_score":0.3886,"crime_nivel":"Alto","crime_color":"#f44336"},"geometry":{"type":"Polygon","coordinates":[[[-70.6751080449999,-33.4882062781313],[-70.6754587329999,-33.4880730206313],[-70.6750206069999,-33.4872471361313],[-70.6746936104999,-33.4873837001313],[-70.6751080449999,-33.4882062781313]]]}},{"type":"Feature","properties":{"id":"13121011003051","commune":"Pedro Aguirre Cerda","code":"13121","gse":"D","quintil":"Q1","nse_score":659.8,"educ":9.0,"educ_score":400.0,"hacin":1.217,"hacin_class":"Hacinamiento Leve","hacin_score":805.0,"auto_score":20.8,"n_per":73,"n_hog":27,"source_year":2024,"crime_score":0.3854,"crime_nivel":"Alto","crime_color":"#f44336"},"geometry":{"type":"Polygon","coordinates":[[[-70.6747162879999,-33.4883504821313],[-70.6750477654999,-33.4882267526313],[-70.6746146519999,-33.4873883371312],[-70.6742904979999,-33.4875204276313],[-70.6747162879999,-33.4883504821313]]]}},{"type":"Feature","properties":{"id":"13121011003052","commune":"Pedro Aguirre Cerda","code":"13121","gse":"D","quintil":"Q1","nse_score":678.8,"educ":10.8,"educ_score":520.0,"hacin":1.541,"hacin_class":"Hacinamiento Medio","hacin_score":736.0,"auto_score":107.1,"n_per":94,"n_hog":28,"source_year":2024,"crime_score":0.3853,"crime_nivel":"Alto","crime_color":"#f44336"},"geometry":{"type":"Polygon","coordinates":[[[-70.6743154459999,-33.4884951351312],[-70.6746468079999,-33.4883570076313],[-70.674216338,-33.4875271281313],[-70.6738911599999,-33.4876582151313],[-70.6743154459999,-33.4884951351312]]]}},{"type":"Feature","properties":{"id":"13121011003053","commune":"Pedro Aguirre Cerda","code":"13121","gse":"D","quintil":"Q2","nse_score":684.0,"educ":10.8,"educ_score":520.0,"hacin":1.379,"hacin_class":"Hacinamiento Leve","hacin_score":770.5,"auto_score":103.4,"n_per":91,"n_hog":32,"source_year":2024,"crime_score":0.3836,"crime_nivel":"Alto","crime_color":"#f44336"},"geometry":{"type":"Polygon","coordinates":[[[-70.6738635829999,-33.4886600811312],[-70.6742531649999,-33.4885096641313],[-70.6738228479999,-33.4876659471312],[-70.6734476549999,-33.4878167181312],[-70.6738635829999,-33.4886600811312]]]}},{"type":"Feature","properties":{"id":"13121021001008","commune":"Pedro Aguirre Cerda","code":"13121","gse":"E","quintil":"Q1","nse_score":628.0,"educ":11.0,"educ_score":533.3,"hacin":1.636,"hacin_class":"Hacinamiento Medio","hacin_score":715.7,"auto_score":71.4,"n_per":144,"n_hog":50,"source_year":2024,"crime_score":0.4055,"crime_nivel":"Alto","crime_color":"#f44336"},"geometry":{"type":"Polygon","coordinates":[[[-70.6609309389999,-33.4765884351314],[-70.6605034609999,-33.4768457711314],[-70.6603044139999,-33.4770620801314],[-70.6605136829999,-33.4771615421314],[-70.6606117589999,-33.4767915881314],[-70.6605966289999,-33.4772634281314],[-70.662406185,-33.4772932291314],[-70.6623708569999,-33.4766785011314],[-70.6609309389999,-33.4765884351314]]]}},{"type":"Feature","properties":{"id":"13121021001009","commune":"Pedro Aguirre Cerda","code":"13121","gse":"E","quintil":"Q1","nse_score":634.4,"educ":11.5,"educ_score":566.7,"hacin":1.535,"hacin_class":"Hacinamiento Medio","hacin_score":737.2,"auto_score":57.7,"n_per":152,"n_hog":53,"source_year":2024,"crime_score":0.4056,"crime_nivel":"Alto","crime_color":"#f44336"},"geometry":{"type":"Polygon","coordinates":[[[-70.6624456926666,-33.4767399904648],[-70.6624924559999,-33.4773114281314],[-70.6647741539999,-33.4773376141314],[-70.6647696579999,-33.4767354241314],[-70.6643656519999,-33.4767243451314],[-70.6643377609999,-33.4770326411314],[-70.6643333599999,-33.4767236311314],[-70.6624456926666,-33.4767399904648]]]}},{"type":"Feature","properties":{"id":"13121021001011","commune":"Pedro Aguirre Cerda","code":"13121","gse":"D","quintil":"Q2","nse_score":684.3,"educ":10.7,"educ_score":513.3,"hacin":1.673,"hacin_class":"Hacinamiento Medio","hacin_score":707.8,"auto_score":142.9,"n_per":169,"n_hog":60,"source_year":2024,"crime_score":0.3978,"crime_nivel":"Alto","crime_color":"#f44336"},"geometry":{"type":"Polygon","coordinates":[[[-70.6673411399999,-33.4774297811314],[-70.6690248299999,-33.4774658711314],[-70.6690682369999,-33.4768817041314],[-70.6673560589999,-33.4767638311314],[-70.6673411399999,-33.4774297811314]]]}},{"type":"Feature","properties":{"id":"13121021001012","commune":"Pedro Aguirre Cerda","code":"13121","gse":"D","quintil":"Q1","nse_score":675.3,"educ":11.8,"educ_score":586.7,"hacin":1.769,"hacin_class":"Hacinamiento Medio","hacin_score":687.4,"auto_score":78.1,"n_per":92,"n_hog":34,"source_year":2024,"crime_score":0.3856,"crime_nivel":"Alto","crime_color":"#f44336"},"geometry":{"type":"Polygon","coordinates":[[[-70.6691643919999,-33.4774742661314],[-70.6702807099999,-33.4774936721314],[-70.6702897009999,-33.4769118251314],[-70.6691464199999,-33.4768546851314],[-70.6691643919999,-33.4774742661314]]]}},{"type":"Feature","properties":{"id":"13121021001013","commune":"Pedro Aguirre Cerda","code":"13121","gse":"D","quintil":"Q1","nse_score":660.9,"educ":10.9,"educ_score":526.7,"hacin":1.2,"hacin_class":"Hacinamiento Leve","hacin_score":808.5,"auto_score":38.5,"n_per":36,"n_hog":15,"source_year":2024,"crime_score":0.3783,"crime_nivel":"Alto","crime_color":"#f44336"},"geometry":{"type":"Polygon","coordinates":[[[-70.6704097019999,-33.4775046341314],[-70.6715006769999,-33.4775220691314],[-70.6715215849999,-33.4768859881314],[-70.6703913499999,-33.4768859681314],[-70.6704097019999,-33.4775046341314]]]}},{"type":"Feature","properties":{"id":"13121021001014","commune":"Pedro Aguirre Cerda","code":"13121","gse":"D","quintil":"Q1","nse_score":681.3,"educ":11.9,"educ_score":593.3,"hacin":1.514,"hacin_class":"Hacinamiento Medio","hacin_score":741.8,"auto_score":178.6,"n_per":56,"n_hog":26,"source_year":2024,"crime_score":0.3777,"crime_nivel":"Alto","crime_color":"#f44336"},"geometry":{"type":"Polygon","coordinates":[[[-70.6584200519999,-33.4776395771314],[-70.6579354969999,-33.4776057841314],[-70.6580741929999,-33.4778916091314],[-70.660435333,-33.4779490931314],[-70.6605011564999,-33.4772776796314],[-70.660154298,-33.4771146061314],[-70.6594609089999,-33.4774500911314],[-70.6584200519999,-33.4776395771314]]]}},{"type":"Feature","properties":{"id":"13121021001016","commune":"Pedro Aguirre Cerda","code":"13121","gse":"E","quintil":"Q1","nse_score":611.0,"educ":10.9,"educ_score":526.7,"hacin":1.814,"hacin_class":"Hacinamiento Medio","hacin_score":677.8,"auto_score":90.9,"n_per":127,"n_hog":43,"source_year":2024,"crime_score":0.4059,"crime_nivel":"Alto","crime_color":"#f44336"},"geometry":{"type":"Polygon","coordinates":[[[-70.6605469039999,-33.4779533081314],[-70.6624134039999,-33.4779983281314],[-70.6624112154999,-33.4773798856314],[-70.6605781119999,-33.4773146141314],[-70.6605469039999,-33.4779533081314]]]}},{"type":"Feature","properties":{"id":"13121021001018","commune":"Pedro Aguirre Cerda","code":"13121","gse":"C3","quintil":"Q2","nse_score":715.2,"educ":12.3,"educ_score":620.0,"hacin":1.5,"hacin_class":"Hacinamiento Medio","hacin_score":744.7,"auto_score":104.2,"n_per":126,"n_hog":54,"source_year":2024,"crime_score":0.3833,"crime_nivel":"Alto","crime_color":"#f44336"},"geometry":{"type":"Polygon","coordinates":[[[-70.6625346779999,-33.4780030251314],[-70.6647380949999,-33.4780535301314],[-70.6647766054999,-33.4774386361314],[-70.6624920049999,-33.4773593861314],[-70.6625346779999,-33.4780030251314]]]}},{"type":"Feature","properties":{"id":"13121021001019","commune":"Pedro Aguirre Cerda","code":"13121","gse":"E","quintil":"Q1","nse_score":643.5,"educ":9.9,"educ_score":460.0,"hacin":2.0,"hacin_class":"Hacinamiento Medio","hacin_score":638.3,"auto_score":40.0,"n_per":80,"n_hog":26,"source_year":2024,"crime_score":0.3901,"crime_nivel":"Alto","crime_color":"#f44336"},"geometry":{"type":"Polygon","coordinates":[[[-70.656272155,-33.4778501731314],[-70.6579396319999,-33.4778873961314],[-70.6579938189999,-33.4777408421314],[-70.6573849629999,-33.4774368651314],[-70.6562906329999,-33.4773925181314],[-70.656272155,-33.4778501731314]]]}},{"type":"Feature","properties":{"id":"13121021001021","commune":"Pedro Aguirre Cerda","code":"13121","gse":"E","quintil":"Q1","nse_score":656.9,"educ":10.8,"educ_score":520.0,"hacin":1.414,"hacin_class":"Hacinamiento Leve","hacin_score":763.0,"auto_score":75.0,"n_per":41,"n_hog":19,"source_year":2024,"crime_score":0.38,"crime_nivel":"Alto","crime_color":"#f44336"},"geometry":{"type":"Polygon","coordinates":[[[-70.66491199,-33.4780608541314],[-70.6659745219999,-33.4780809031314],[-70.6660009114999,-33.4774761581314],[-70.6648728319999,-33.4774315531314],[-70.66491199,-33.4780608541314]]]}},{"type":"Feature","properties":{"id":"13121021001022","commune":"Pedro Aguirre Cerda","code":"13121","gse":"E","quintil":"Q1","nse_score":629.5,"educ":11.2,"educ_score":546.7,"hacin":1.54,"hacin_class":"Hacinamiento Medio","hacin_score":736.1,"auto_score":75.0,"n_per":57,"n_hog":23,"source_year":2024,"crime_score":0.3887,"crime_nivel":"Alto","crime_color":"#f44336"},"geometry":{"type":"Polygon","coordinates":[[[-70.6660984369999,-33.4780894141314],[-70.6672032789999,-33.4781101981314],[-70.6672309429999,-33.4775066531314],[-70.6660897149999,-33.4774622691314],[-70.6660984369999,-33.4780894141314]]]}},{"type":"Feature","properties":{"id":"13121021001023","commune":"Pedro Aguirre Cerda","code":"13121","gse":"E","quintil":"Q1","nse_score":617.9,"educ":9.7,"educ_score":446.7,"hacin":1.948,"hacin_class":"Hacinamiento Medio","hacin_score":649.3,"auto_score":92.6,"n_per":113,"n_hog":36,"source_year":2024,"crime_score":0.4017,"crime_nivel":"Alto","crime_color":"#f44336"},"geometry":{"type":"Polygon","coordinates":[[[-70.6673393229999,-33.4781193471314],[-70.6685104729999,-33.4781474501314],[-70.6685161369999,-33.4775119041314],[-70.6673237999999,-33.4774897921314],[-70.6673393229999,-33.4781193471314]]]}},{"type":"Feature","properties":{"id":"13121021001024","commune":"Pedro Aguirre Cerda","code":"13121","gse":"D","quintil":"Q1","nse_score":660.1,"educ":10.0,"educ_score":466.7,"hacin":1.5,"hacin_class":"Hacinamiento Medio","hacin_score":744.7,"auto_score":45.5,"n_per":75,"n_hog":25,"source_year":2024,"crime_score":0.3857,"crime_nivel":"Alto","crime_color":"#f44336"},"geometry":{"type":"Polygon","coordinates":[[[-70.6685427499999,-33.4781482241314],[-70.6690387449999,-33.4781429541314],[-70.6690451059999,-33.4775337991314],[-70.6685484109999,-33.4775126761314],[-70.6685427499999,-33.4781482241314]]]}},{"type":"Feature","properties":{"id":"13121021001025","commune":"Pedro Aguirre Cerda","code":"13121","gse":"C3","quintil":"Q2","nse_score":702.8,"educ":11.0,"educ_score":533.3,"hacin":1.351,"hacin_class":"Hacinamiento Leve","hacin_score":776.4,"auto_score":130.4,"n_per":77,"n_hog":26,"source_year":2024,"crime_score":0.3771,"crime_nivel":"Alto","crime_color":"#f44336"},"geometry":{"type":"Polygon","coordinates":[[[-70.669155256,-33.4781629891314],[-70.6702813009999,-33.4781846731314],[-70.6702948429999,-33.4775648581314],[-70.6691369849999,-33.4775308981314],[-70.669155256,-33.4781629891314]]]}},{"type":"Feature","properties":{"id":"13121021001027","commune":"Pedro Aguirre Cerda","code":"13121","gse":"E","quintil":"Q1","nse_score":581.3,"educ":11.2,"educ_score":546.7,"hacin":1.767,"hacin_class":"Hacinamiento Medio","hacin_score":687.9,"auto_score":31.2,"n_per":53,"n_hog":16,"source_year":2024,"crime_score":0.3979,"crime_nivel":"Alto","crime_color":"#f44336"},"geometry":{"type":"Polygon","coordinates":[[[-70.6564122209999,-33.4786433851314],[-70.6580219234999,-33.4787012426314],[-70.6579829169999,-33.4779617741314],[-70.6562294799999,-33.4779363001314],[-70.6562110544999,-33.4782966391314],[-70.6564122209999,-33.4786433851314]]]}},{"type":"Feature","properties":{"id":"13121021001028","commune":"Pedro Aguirre Cerda","code":"13121","gse":"E","quintil":"Q1","nse_score":621.8,"educ":10.8,"educ_score":520.0,"hacin":1.479,"hacin_class":"Hacinamiento Leve","hacin_score":749.1,"auto_score":87.0,"n_per":142,"n_hog":53,"source_year":2024,"crime_score":0.4064,"crime_nivel":"Alto","crime_color":"#f44336"},"geometry":{"type":"Polygon","coordinates":[[[-70.6581044289999,-33.4787436341314],[-70.6603942759999,-33.4787556611314],[-70.6604478469999,-33.4780246081314],[-70.6580668269999,-33.4779682261314],[-70.6581044289999,-33.4787436341314]]]}},{"type":"Feature","properties":{"id":"13121021001029","commune":"Pedro Aguirre Cerda","code":"13121","gse":"D","quintil":"Q1","nse_score":662.8,"educ":11.2,"educ_score":546.7,"hacin":1.614,"hacin_class":"Hacinamiento Medio","hacin_score":720.4,"auto_score":60.0,"n_per":92,"n_hog":30,"source_year":2024,"crime_score":0.3883,"crime_nivel":"Alto","crime_color":"#f44336"},"geometry":{"type":"Polygon","coordinates":[[[-70.6604775279999,-33.4787707981314],[-70.6624393549999,-33.4786820451314],[-70.6624459284999,-33.4780818901314],[-70.6605275189999,-33.4780227401314],[-70.6604775279999,-33.4787707981314]]]}},{"type":"Feature","properties":{"id":"13121021001030","commune":"Pedro Aguirre Cerda","code":"13121","gse":"E","quintil":"Q1","nse_score":632.4,"educ":11.1,"educ_score":540.0,"hacin":1.61,"hacin_class":"Hacinamiento Medio","hacin_score":721.2,"auto_score":57.7,"n_per":95,"n_hog":39,"source_year":2024,"crime_score":0.3953,"crime_nivel":"Alto","crime_color":"#f44336"},"geometry":{"type":"Polygon","coordinates":[[[-70.6625734249999,-33.4786781441314],[-70.6647395649999,-33.4785690551314],[-70.6647655904999,-33.4781467081314],[-70.6625320329999,-33.4780663731314],[-70.6625734249999,-33.4786781441314]]]}},{"type":"Feature","properties":{"id":"13121021001031","commune":"Pedro Aguirre Cerda","code":"13121","gse":"E","quintil":"Q1","nse_score":607.8,"educ":11.5,"educ_score":566.7,"hacin":1.222,"hacin_class":"Hacinamiento Leve","hacin_score":803.8,"auto_score":0.0,"n_per":11,"n_hog":5,"source_year":2024,"crime_score":0.3844,"crime_nivel":"Alto","crime_color":"#f44336"},"geometry":{"type":"Polygon","coordinates":[[[-70.6648915509999,-33.4785779211314],[-70.6659479979999,-33.4785838001314],[-70.6659964554999,-33.4781635586314],[-70.6648726139999,-33.4781265501314],[-70.6648915509999,-33.4785779211314]]]}},{"type":"Feature","properties":{"id":"13121021001032","commune":"Pedro Aguirre Cerda","code":"13121","gse":"D","quintil":"Q1","nse_score":677.9,"educ":10.6,"educ_score":506.7,"hacin":1.115,"hacin_class":"Hacinamiento Leve","hacin_score":826.5,"auto_score":90.9,"n_per":29,"n_hog":11,"source_year":2024,"crime_score":0.3735,"crime_nivel":"Alto","crime_color":"#f44336"},"geometry":{"type":"Polygon","coordinates":[[[-70.6660917129999,-33.4785871871314],[-70.6671864849999,-33.4785941741314],[-70.6672204174999,-33.4782035316314],[-70.6660855119999,-33.4781549431314],[-70.6660917129999,-33.4785871871314]]]}},{"type":"Feature","properties":{"id":"13121021001033","commune":"Pedro Aguirre Cerda","code":"13121","gse":"D","quintil":"Q1","nse_score":657.4,"educ":9.8,"educ_score":453.3,"hacin":1.122,"hacin_class":"Hacinamiento Leve","hacin_score":825.1,"auto_score":142.9,"n_per":46,"n_hog":18,"source_year":2024,"crime_score":0.3808,"crime_nivel":"Alto","crime_color":"#f44336"},"geometry":{"type":"Polygon","coordinates":[[[-70.6673379059999,-33.4785974871314],[-70.6690154119999,-33.4786084771314],[-70.6690498379999,-33.4782533401314],[-70.667314572,-33.4781831261314],[-70.6673379059999,-33.4785974871314]]]}},{"type":"Feature","properties":{"id":"13121021001034","commune":"Pedro Aguirre Cerda","code":"13121","gse":"D","quintil":"Q1","nse_score":658.5,"educ":10.3,"educ_score":486.7,"hacin":1.864,"hacin_class":"Hacinamiento Medio","hacin_score":667.3,"auto_score":45.5,"n_per":41,"n_hog":16,"source_year":2024,"crime_score":0.3797,"crime_nivel":"Alto","crime_color":"#f44336"},"geometry":{"type":"Polygon","coordinates":[[[-70.669158766,-33.4785974861314],[-70.6702798719999,-33.4785219691314],[-70.6703011404999,-33.4782685216314],[-70.6691383669999,-33.4782274031314],[-70.669158766,-33.4785974861314]]]}},{"type":"Feature","properties":{"id":"13121021001005","commune":"Pedro Aguirre Cerda","code":"13121","gse":"D","quintil":"Q1","nse_score":681.8,"educ":12.1,"educ_score":606.7,"hacin":2.429,"hacin_class":"Hacinamiento Medio","hacin_score":547.1,"auto_score":0.0,"n_per":17,"n_hog":5,"source_year":2024,"crime_score":0.3705,"crime_nivel":"Alto","crime_color":"#f44336"},"geometry":{"type":"MultiPolygon","coordinates":[[[[-70.6648607409999,-33.4773655481314],[-70.6672377284999,-33.4773739851314],[-70.6672153999999,-33.4767363261314],[-70.6648672779999,-33.4763903111314],[-70.6648607409999,-33.4773655481314]]],[[[-70.6613686619999,-33.4765916751314],[-70.6647715839999,-33.4766701781314],[-70.6647949494999,-33.4763896091314],[-70.6621991639999,-33.4762959241314],[-70.6611670999999,-33.4764896981314],[-70.6613686619999,-33.4765916751314]]]]}},{"type":"Feature","properties":{"id":"13121021001026","commune":"Pedro Aguirre Cerda","code":"13121","gse":"D","quintil":"Q2","nse_score":689.8,"educ":11.8,"educ_score":586.7,"hacin":2.0,"hacin_class":"Hacinamiento Medio","hacin_score":638.3,"auto_score":45.5,"n_per":54,"n_hog":16,"source_year":2024,"crime_score":0.3756,"crime_nivel":"Alto","crime_color":"#f44336"},"geometry":{"type":"MultiPolygon","coordinates":[[[[-70.6703821679999,-33.4785136391314],[-70.6714293589999,-33.4784450181314],[-70.6714788399999,-33.4783337411314],[-70.6703791929999,-33.4782570401314],[-70.6703821679999,-33.4785136391314]]],[[[-70.6704042009999,-33.4781929541314],[-70.6715004779999,-33.4782067291314],[-70.6715220649999,-33.4776082796314],[-70.6703760309999,-33.4775625281314],[-70.6704042009999,-33.4781929541314]]]]}},{"type":"Feature","properties":{"id":"13121021002015","commune":"Pedro Aguirre Cerda","code":"13121","gse":"C2","quintil":"Q3","nse_score":756.6,"educ":12.3,"educ_score":620.0,"hacin":1.25,"hacin_class":"Hacinamiento Leve","hacin_score":797.9,"auto_score":179.5,"n_per":120,"n_hog":45,"source_year":2024,"crime_score":0.3734,"crime_nivel":"Alto","crime_color":"#f44336"},"geometry":{"type":"Polygon","coordinates":[[[-70.6648614849999,-33.4798275501313],[-70.6655722039999,-33.4798335481314],[-70.6655741909999,-33.4787699431314],[-70.6648393749999,-33.4787890651314],[-70.6648614849999,-33.4798275501313]]]}},{"type":"Feature","properties":{"id":"13121021002016","commune":"Pedro Aguirre Cerda","code":"13121","gse":"C3","quintil":"Q3","nse_score":730.6,"educ":11.7,"educ_score":580.0,"hacin":1.322,"hacin_class":"Hacinamiento Leve","hacin_score":782.5,"auto_score":125.0,"n_per":119,"n_hog":38,"source_year":2024,"crime_score":0.3788,"crime_nivel":"Alto","crime_color":"#f44336"},"geometry":{"type":"Polygon","coordinates":[[[-70.6641312679999,-33.4798202781313],[-70.6647391919999,-33.4798114491314],[-70.6647288909999,-33.4787771711314],[-70.6641042124999,-33.4788157966314],[-70.6641312679999,-33.4798202781313]]]}},{"type":"Feature","properties":{"id":"13121021002017","commune":"Pedro Aguirre Cerda","code":"13121","gse":"C2","quintil":"Q3","nse_score":751.0,"educ":12.1,"educ_score":606.7,"hacin":1.462,"hacin_class":"Hacinamiento Leve","hacin_score":752.9,"auto_score":100.0,"n_per":133,"n_hog":47,"source_year":2024,"crime_score":0.3769,"crime_nivel":"Alto","crime_color":"#f44336"},"geometry":{"type":"Polygon","coordinates":[[[-70.6656044789999,-33.4798338671314],[-70.6663575529999,-33.4798241441314],[-70.6663742029999,-33.4787846691314],[-70.6656064629999,-33.4787698001314],[-70.6656044789999,-33.4798338671314]]]}},{"type":"Feature","properties":{"id":"13121021002020","commune":"Pedro Aguirre Cerda","code":"13121","gse":"C2","quintil":"Q3","nse_score":750.9,"educ":12.0,"educ_score":600.0,"hacin":1.262,"hacin_class":"Hacinamiento Leve","hacin_score":795.3,"auto_score":187.5,"n_per":318,"n_hog":125,"source_year":2024,"crime_score":0.4064,"crime_nivel":"Alto","crime_color":"#f44336"},"geometry":{"type":"Polygon","coordinates":[[[-70.6664466073333,-33.4788082571314],[-70.6664088719999,-33.4802289351314],[-70.6656380889999,-33.4801961751314],[-70.6656308419999,-33.4805850711314],[-70.6656071419999,-33.4801991881313],[-70.6648162359999,-33.4802197641313],[-70.6648346539999,-33.4810690371314],[-70.6656174869999,-33.4811036971313],[-70.6659706679999,-33.4807349871314],[-70.6693610399999,-33.4796483061314],[-70.6689014049999,-33.4788114331314],[-70.6664466073333,-33.4788082571314]]]}},{"type":"Feature","properties":{"id":"13121021002021","commune":"Pedro Aguirre Cerda","code":"13121","gse":"C2","quintil":"Q3","nse_score":759.8,"educ":12.6,"educ_score":640.0,"hacin":1.395,"hacin_class":"Hacinamiento Leve","hacin_score":767.1,"auto_score":157.9,"n_per":53,"n_hog":20,"source_year":2024,"crime_score":0.3609,"crime_nivel":"Alto","crime_color":"#f44336"},"geometry":{"type":"Polygon","coordinates":[[[-70.6636254639999,-33.4798153791314],[-70.6640255339999,-33.4797963621314],[-70.6640015489999,-33.4788010381314],[-70.6635882374999,-33.4788531151314],[-70.6636254639999,-33.4798153791314]]]}},{"type":"Feature","properties":{"id":"13121021002024","commune":"Pedro Aguirre Cerda","code":"13121","gse":"C3","quintil":"Q3","nse_score":745.9,"educ":12.1,"educ_score":606.7,"hacin":1.28,"hacin_class":"Hacinamiento Leve","hacin_score":791.4,"auto_score":118.4,"n_per":105,"n_hog":38,"source_year":2024,"crime_score":0.373,"crime_nivel":"Alto","crime_color":"#f44336"},"geometry":{"type":"Polygon","coordinates":[[[-70.6633062599999,-33.4798123271314],[-70.6634948509999,-33.4797805431314],[-70.6634656129999,-33.4788242261314],[-70.6632976184999,-33.4788881616314],[-70.6633062599999,-33.4798123271314]]]}},{"type":"Feature","properties":{"id":"13121021002029","commune":"Pedro Aguirre Cerda","code":"13121","gse":"C3","quintil":"Q3","nse_score":722.9,"educ":11.8,"educ_score":586.7,"hacin":1.245,"hacin_class":"Hacinamiento Leve","hacin_score":799.0,"auto_score":121.2,"n_per":178,"n_hog":62,"source_year":2024,"crime_score":0.391,"crime_nivel":"Alto","crime_color":"#f44336"},"geometry":{"type":"Polygon","coordinates":[[[-70.6570267579999,-33.4802709871313],[-70.6571861149999,-33.4802217851313],[-70.6570536749999,-33.4788820361314],[-70.6565330964999,-33.4788630821314],[-70.6565756839999,-33.4795490301314],[-70.6570267579999,-33.4802709871313]]]}},{"type":"Feature","properties":{"id":"13121021002030","commune":"Pedro Aguirre Cerda","code":"13121","gse":"C3","quintil":"Q3","nse_score":734.0,"educ":10.9,"educ_score":526.7,"hacin":1.181,"hacin_class":"Hacinamiento Leve","hacin_score":812.6,"auto_score":102.6,"n_per":111,"n_hog":42,"source_year":2024,"crime_score":0.3766,"crime_nivel":"Alto","crime_color":"#f44336"},"geometry":{"type":"Polygon","coordinates":[[[-70.6621685929999,-33.4788878914647],[-70.662241547,-33.4799501441314],[-70.6626282929999,-33.4799162941314],[-70.6627091689999,-33.4788854676314],[-70.6621685929999,-33.4788878914647]]]}},{"type":"Feature","properties":{"id":"13121021002032","commune":"Pedro Aguirre Cerda","code":"13121","gse":"C3","quintil":"Q3","nse_score":734.3,"educ":11.6,"educ_score":573.3,"hacin":1.246,"hacin_class":"Hacinamiento Leve","hacin_score":798.8,"auto_score":224.5,"n_per":147,"n_hog":55,"source_year":2024,"crime_score":0.383,"crime_nivel":"Alto","crime_color":"#f44336"},"geometry":{"type":"Polygon","coordinates":[[[-70.6570859869999,-33.4788837001314],[-70.6572164749999,-33.4802106231314],[-70.6579749719999,-33.4801433781314],[-70.6579006059999,-33.4789534381314],[-70.6570859869999,-33.4788837001314]]]}},{"type":"Feature","properties":{"id":"13121021002033","commune":"Pedro Aguirre Cerda","code":"13121","gse":"C3","quintil":"Q3","nse_score":735.8,"educ":11.3,"educ_score":553.3,"hacin":1.404,"hacin_class":"Hacinamiento Leve","hacin_score":765.1,"auto_score":237.5,"n_per":139,"n_hog":55,"source_year":2024,"crime_score":0.3812,"crime_nivel":"Alto","crime_color":"#f44336"},"geometry":{"type":"Polygon","coordinates":[[[-70.6614499999999,-33.4799850891314],[-70.6622093149999,-33.4799516351314],[-70.6621363649999,-33.4788893201314],[-70.6613421499999,-33.4789458331314],[-70.6614499999999,-33.4799850891314]]]}},{"type":"Feature","properties":{"id":"13121021002034","commune":"Pedro Aguirre Cerda","code":"13121","gse":"C2","quintil":"Q4","nse_score":782.3,"educ":13.3,"educ_score":686.7,"hacin":1.472,"hacin_class":"Hacinamiento Leve","hacin_score":750.5,"auto_score":225.0,"n_per":134,"n_hog":43,"source_year":2024,"crime_score":0.3703,"crime_nivel":"Alto","crime_color":"#f44336"},"geometry":{"type":"Polygon","coordinates":[[[-70.6605830349999,-33.4800244361314],[-70.6613121089999,-33.4799720301314],[-70.6612407949999,-33.4789327021314],[-70.6604996739999,-33.4789707761314],[-70.6605830349999,-33.4800244361314]]]}},{"type":"Feature","properties":{"id":"13121021002035","commune":"Pedro Aguirre Cerda","code":"13121","gse":"C2","quintil":"Q3","nse_score":752.3,"educ":12.0,"educ_score":600.0,"hacin":1.482,"hacin_class":"Hacinamiento Leve","hacin_score":748.4,"auto_score":132.7,"n_per":169,"n_hog":58,"source_year":2024,"crime_score":0.3829,"crime_nivel":"Alto","crime_color":"#f44336"},"geometry":{"type":"Polygon","coordinates":[[[-70.6580779919999,-33.4801390661314],[-70.6588194019999,-33.4800938351314],[-70.65872515,-33.4789653811314],[-70.6579842849999,-33.4789607761314],[-70.6580779919999,-33.4801390661314]]]}},{"type":"Feature","properties":{"id":"13121021002036","commune":"Pedro Aguirre Cerda","code":"13121","gse":"C3","quintil":"Q2","nse_score":719.0,"educ":11.9,"educ_score":593.3,"hacin":1.284,"hacin_class":"Hacinamiento Leve","hacin_score":790.6,"auto_score":97.2,"n_per":104,"n_hog":37,"source_year":2024,"crime_score":0.3785,"crime_nivel":"Alto","crime_color":"#f44336"},"geometry":{"type":"Polygon","coordinates":[[[-70.6589366969999,-33.4801022861313],[-70.6596465389999,-33.4800558671313],[-70.6595644169999,-33.4789962451314],[-70.6588316499999,-33.4789813391314],[-70.6589366969999,-33.4801022861313]]]}},{"type":"Feature","properties":{"id":"13121021002037","commune":"Pedro Aguirre Cerda","code":"13121","gse":"C1","quintil":"Q5","nse_score":818.7,"educ":13.3,"educ_score":686.7,"hacin":0.97,"hacin_class":"Sin Hacinamiento","hacin_score":857.4,"auto_score":157.9,"n_per":98,"n_hog":41,"source_year":2024,"crime_score":0.3563,"crime_nivel":"Alto","crime_color":"#f44336"},"geometry":{"type":"Polygon","coordinates":[[[-70.6597539289999,-33.4800559591313],[-70.6604699889999,-33.4800125421314],[-70.6603869159999,-33.4789728191314],[-70.6596592669999,-33.4790083541314],[-70.6597539289999,-33.4800559591313]]]}},{"type":"Feature","properties":{"id":"13121021002038","commune":"Pedro Aguirre Cerda","code":"13121","gse":"C3","quintil":"Q3","nse_score":739.6,"educ":12.7,"educ_score":646.7,"hacin":1.28,"hacin_class":"Hacinamiento Leve","hacin_score":791.5,"auto_score":108.7,"n_per":64,"n_hog":21,"source_year":2024,"crime_score":0.3671,"crime_nivel":"Alto","crime_color":"#f44336"},"geometry":{"type":"Polygon","coordinates":[[[-70.6633019829999,-33.4798591181313],[-70.6632016379999,-33.4806061581314],[-70.6635289389999,-33.4806275251313],[-70.6635555309999,-33.4798582741314],[-70.6633019829999,-33.4798591181313]]]}},{"type":"Feature","properties":{"id":"13121021002039","commune":"Pedro Aguirre Cerda","code":"13121","gse":"C3","quintil":"Q3","nse_score":745.7,"educ":12.4,"educ_score":626.7,"hacin":1.284,"hacin_class":"Hacinamiento Leve","hacin_score":790.7,"auto_score":128.4,"n_per":335,"n_hog":114,"source_year":2024,"crime_score":0.4076,"crime_nivel":"Alto","crime_color":"#f44336"},"geometry":{"type":"Polygon","coordinates":[[[-70.6635876079999,-33.4798601811314],[-70.6635497529999,-33.4812266981314],[-70.6635284279999,-33.4806545651314],[-70.6631997889999,-33.4806331621314],[-70.6631579879999,-33.4815892911313],[-70.6647090109999,-33.4811041761313],[-70.6647321649999,-33.4798860381314],[-70.664099614,-33.4798786771314],[-70.6640546119999,-33.4810395651314],[-70.6640287984999,-33.4798897151313],[-70.6635876079999,-33.4798601811314]]]}},{"type":"Feature","properties":{"id":"13121021002042","commune":"Pedro Aguirre Cerda","code":"13121","gse":"C3","quintil":"Q3","nse_score":729.3,"educ":11.8,"educ_score":586.7,"hacin":1.192,"hacin_class":"Hacinamiento Leve","hacin_score":810.3,"auto_score":90.9,"n_per":174,"n_hog":69,"source_year":2024,"crime_score":0.3889,"crime_nivel":"Alto","crime_color":"#f44336"},"geometry":{"type":"Polygon","coordinates":[[[-70.6618839253333,-33.4807408914647],[-70.6626182509999,-33.4807061481314],[-70.6626545309999,-33.4799942801313],[-70.6618417809999,-33.4800153911314],[-70.6618839253333,-33.4807408914647]]]}},{"type":"Feature","properties":{"id":"13121021002043","commune":"Pedro Aguirre Cerda","code":"13121","gse":"C2","quintil":"Q4","nse_score":773.5,"educ":12.4,"educ_score":626.7,"hacin":1.206,"hacin_class":"Hacinamiento Leve","hacin_score":807.3,"auto_score":64.5,"n_per":88,"n_hog":31,"source_year":2024,"crime_score":0.3642,"crime_nivel":"Alto","crime_color":"#f44336"},"geometry":{"type":"Polygon","coordinates":[[[-70.6615581449999,-33.4800282231313],[-70.6616062639999,-33.4807551691314],[-70.6618517669999,-33.4807436631314],[-70.6618095539999,-33.4800168261314],[-70.6615581449999,-33.4800282231313]]]}},{"type":"Feature","properties":{"id":"13121021002044","commune":"Pedro Aguirre Cerda","code":"13121","gse":"C2","quintil":"Q3","nse_score":754.5,"educ":11.8,"educ_score":586.7,"hacin":1.23,"hacin_class":"Hacinamiento Leve","hacin_score":802.2,"auto_score":187.5,"n_per":75,"n_hog":24,"source_year":2024,"crime_score":0.3659,"crime_nivel":"Alto","crime_color":"#f44336"},"geometry":{"type":"Polygon","coordinates":[[[-70.6611858409999,-33.4807381601314],[-70.6615740329999,-33.4807566791314],[-70.6615259129999,-33.4800297121313],[-70.6611371849999,-33.4800480061314],[-70.6611858409999,-33.4807381601314]]]}},{"type":"Feature","properties":{"id":"13121021002046","commune":"Pedro Aguirre Cerda","code":"13121","gse":"C2","quintil":"Q4","nse_score":775.0,"educ":13.1,"educ_score":673.3,"hacin":1.255,"hacin_class":"Hacinamiento Leve","hacin_score":796.8,"auto_score":104.2,"n_per":64,"n_hog":24,"source_year":2024,"crime_score":0.3597,"crime_nivel":"Alto","crime_color":"#f44336"},"geometry":{"type":"Polygon","coordinates":[[[-70.6605820569999,-33.4808017671314],[-70.6608823039999,-33.4807890971314],[-70.6608425649999,-33.4800627441314],[-70.6605086779999,-33.4801065651313],[-70.6605820569999,-33.4808017671314]]]}},{"type":"Feature","properties":{"id":"13121021002048","commune":"Pedro Aguirre Cerda","code":"13121","gse":"C2","quintil":"Q4","nse_score":781.0,"educ":12.8,"educ_score":653.3,"hacin":1.218,"hacin_class":"Hacinamiento Leve","hacin_score":804.6,"auto_score":152.2,"n_per":67,"n_hog":22,"source_year":2024,"crime_score":0.3589,"crime_nivel":"Alto","crime_color":"#f44336"},"geometry":{"type":"Polygon","coordinates":[[[-70.6589898919999,-33.4801537271314],[-70.6590294959999,-33.4808720921313],[-70.6593758949999,-33.4808489821314],[-70.6593232969999,-33.4801557811314],[-70.6589898919999,-33.4801537271314]]]}},{"type":"Feature","properties":{"id":"13121021002049","commune":"Pedro Aguirre Cerda","code":"13121","gse":"C1","quintil":"Q5","nse_score":811.3,"educ":12.3,"educ_score":620.0,"hacin":0.875,"hacin_class":"Sin Hacinamiento","hacin_score":877.7,"auto_score":0.0,"n_per":7,"n_hog":4,"source_year":2024,"crime_score":0.3424,"crime_nivel":"Alto","crime_color":"#f44336"},"geometry":{"type":"Polygon","coordinates":[[[-70.6587385086666,-33.480544430798],[-70.6589855599999,-33.4805376781314],[-70.6589576699999,-33.4801551391313],[-70.6587397239999,-33.4801647291314],[-70.6587385086666,-33.480544430798]]]}},{"type":"Feature","properties":{"id":"13121021002050","commune":"Pedro Aguirre Cerda","code":"13121","gse":"C3","quintil":"Q3","nse_score":745.1,"educ":12.3,"educ_score":620.0,"hacin":1.298,"hacin_class":"Hacinamiento Leve","hacin_score":787.6,"auto_score":87.0,"n_per":74,"n_hog":24,"source_year":2024,"crime_score":0.3677,"crime_nivel":"Alto","crime_color":"#f44336"},"geometry":{"type":"Polygon","coordinates":[[[-70.6583594089999,-33.4801820461314],[-70.6584051579999,-33.4808988961314],[-70.6587249219999,-33.4808828481314],[-70.6587075559999,-33.4801661821314],[-70.6583594089999,-33.4801820461314]]]}},{"type":"Feature","properties":{"id":"13121021002051","commune":"Pedro Aguirre Cerda","code":"13121","gse":"C2","quintil":"Q4","nse_score":803.4,"educ":13.5,"educ_score":700.0,"hacin":1.5,"hacin_class":"Hacinamiento Medio","hacin_score":744.7,"auto_score":0.0,"n_per":15,"n_hog":6,"source_year":2024,"crime_score":0.3454,"crime_nivel":"Alto","crime_color":"#f44336"},"geometry":{"type":"Polygon","coordinates":[[[-70.6580817189999,-33.4801939671314],[-70.6581050259999,-33.4805599491314],[-70.6583472289999,-33.4805478171314],[-70.6583271829999,-33.4801834801313],[-70.6580817189999,-33.4801939671314]]]}},{"type":"Feature","properties":{"id":"13121021002052","commune":"Pedro Aguirre Cerda","code":"13121","gse":"C2","quintil":"Q4","nse_score":798.3,"educ":13.0,"educ_score":666.7,"hacin":1.3,"hacin_class":"Hacinamiento Leve","hacin_score":787.2,"auto_score":204.5,"n_per":65,"n_hog":27,"source_year":2024,"crime_score":0.355,"crime_nivel":"Alto","crime_color":"#f44336"},"geometry":{"type":"Polygon","coordinates":[[[-70.6577648459999,-33.4809207641314],[-70.658092043,-33.4809129461314],[-70.6580494819999,-33.4801953691314],[-70.6577124459999,-33.4802105011314],[-70.6577648459999,-33.4809207641314]]]}},{"type":"Feature","properties":{"id":"13121021002053","commune":"Pedro Aguirre Cerda","code":"13121","gse":"C3","quintil":"Q3","nse_score":741.2,"educ":11.6,"educ_score":573.3,"hacin":1.304,"hacin_class":"Hacinamiento Leve","hacin_score":786.3,"auto_score":180.0,"n_per":60,"n_hog":28,"source_year":2024,"crime_score":0.366,"crime_nivel":"Alto","crime_color":"#f44336"},"geometry":{"type":"Polygon","coordinates":[[[-70.6570796119999,-33.4804049511314],[-70.6572825789999,-33.4808342891313],[-70.6577088679999,-33.4806813131313],[-70.6576802139999,-33.4802119071314],[-70.6572622249999,-33.4802476261314],[-70.6570796119999,-33.4804049511314]]]}},{"type":"Feature","properties":{"id":"13121021002055","commune":"Pedro Aguirre Cerda","code":"13121","gse":"C2","quintil":"Q4","nse_score":763.2,"educ":11.9,"educ_score":593.3,"hacin":1.462,"hacin_class":"Hacinamiento Leve","hacin_score":752.9,"auto_score":625.0,"n_per":19,"n_hog":4,"source_year":2024,"crime_score":0.3542,"crime_nivel":"Alto","crime_color":"#f44336"},"geometry":{"type":"Polygon","coordinates":[[[-70.6587402229999,-33.4805754364647],[-70.6587571589999,-33.4808814831314],[-70.6589972429999,-33.4808732031314],[-70.6589865029999,-33.4805647481314],[-70.6587402229999,-33.4805754364647]]]}},{"type":"Feature","properties":{"id":"13121021002056","commune":"Pedro Aguirre Cerda","code":"13121","gse":"C2","quintil":"Q4","nse_score":776.1,"educ":12.0,"educ_score":600.0,"hacin":0.909,"hacin_class":"Sin Hacinamiento","hacin_score":870.4,"auto_score":375.0,"n_per":10,"n_hog":4,"source_year":2024,"crime_score":0.35,"crime_nivel":"Alto","crime_color":"#f44336"},"geometry":{"type":"Polygon","coordinates":[[[-70.6581065059999,-33.4805869741314],[-70.6581242589999,-33.4809112981314],[-70.6583729269999,-33.4809004101314],[-70.6583491979999,-33.4805748191313],[-70.6581065059999,-33.4805869741314]]]}},{"type":"Feature","properties":{"id":"13121021002057","commune":"Pedro Aguirre Cerda","code":"13121","gse":"C2","quintil":"Q4","nse_score":777.2,"educ":13.4,"educ_score":693.3,"hacin":1.163,"hacin_class":"Hacinamiento Leve","hacin_score":816.4,"auto_score":200.0,"n_per":50,"n_hog":19,"source_year":2024,"crime_score":0.3568,"crime_nivel":"Alto","crime_color":"#f44336"},"geometry":{"type":"Polygon","coordinates":[[[-70.6572944839999,-33.4808594631313],[-70.6574755429999,-33.4812424641313],[-70.6580491829999,-33.4810731791314],[-70.6580182959999,-33.4809473371313],[-70.657735021,-33.4809459101314],[-70.6577116779999,-33.4807097321313],[-70.6572944839999,-33.4808594631313]]]}},{"type":"Feature","properties":{"id":"13121021002058","commune":"Pedro Aguirre Cerda","code":"13121","gse":"D","quintil":"Q2","nse_score":694.0,"educ":10.1,"educ_score":473.3,"hacin":1.271,"hacin_class":"Hacinamiento Leve","hacin_score":793.4,"auto_score":166.7,"n_per":75,"n_hog":25,"source_year":2024,"crime_score":0.3786,"crime_nivel":"Alto","crime_color":"#f44336"},"geometry":{"type":"Polygon","coordinates":[[[-70.6623628939999,-33.4807740764647],[-70.6623681479999,-33.4813708491313],[-70.6625921199999,-33.4813592731314],[-70.6626155139999,-33.4807829156313],[-70.6623628939999,-33.4807740764647]]]}},{"type":"Feature","properties":{"id":"13121021002059","commune":"Pedro Aguirre Cerda","code":"13121","gse":"C3","quintil":"Q2","nse_score":709.1,"educ":10.6,"educ_score":506.7,"hacin":1.179,"hacin_class":"Hacinamiento Leve","hacin_score":813.1,"auto_score":62.5,"n_per":66,"n_hog":24,"source_year":2024,"crime_score":0.3738,"crime_nivel":"Alto","crime_color":"#f44336"},"geometry":{"type":"Polygon","coordinates":[[[-70.6620422249999,-33.4814182621313],[-70.662335874,-33.4813717821313],[-70.6623306269999,-33.4807756701314],[-70.662006716,-33.4807917051314],[-70.6620422249999,-33.4814182621313]]]}},{"type":"Feature","properties":{"id":"13121021002060","commune":"Pedro Aguirre Cerda","code":"13121","gse":"D","quintil":"Q2","nse_score":699.0,"educ":10.8,"educ_score":520.0,"hacin":1.328,"hacin_class":"Hacinamiento Leve","hacin_score":781.2,"auto_score":33.3,"n_per":85,"n_hog":29,"source_year":2024,"crime_score":0.3793,"crime_nivel":"Alto","crime_color":"#f44336"},"geometry":{"type":"Polygon","coordinates":[[[-70.6607355259999,-33.4808969151314],[-70.6607704859999,-33.4812253111313],[-70.6616434179999,-33.4810090711314],[-70.661683691,-33.4815332891313],[-70.6620108279999,-33.4814334431314],[-70.6619744639999,-33.4807933011313],[-70.6607355259999,-33.4808969151314]]]}},{"type":"Feature","properties":{"id":"13121021002062","commune":"Pedro Aguirre Cerda","code":"13121","gse":"C3","quintil":"Q3","nse_score":723.1,"educ":12.0,"educ_score":600.0,"hacin":1.429,"hacin_class":"Hacinamiento Leve","hacin_score":759.9,"auto_score":17.2,"n_per":80,"n_hog":29,"source_year":2024,"crime_score":0.3734,"crime_nivel":"Alto","crime_color":"#f44336"},"geometry":{"type":"Polygon","coordinates":[[[-70.6613295999999,-33.4811633221313],[-70.6613641239999,-33.4816319651314],[-70.6616519599999,-33.4815430871313],[-70.6616169389999,-33.4810437001313],[-70.6613295999999,-33.4811633221313]]]}},{"type":"Feature","properties":{"id":"13121021002063","commune":"Pedro Aguirre Cerda","code":"13121","gse":"C2","quintil":"Q4","nse_score":781.1,"educ":13.1,"educ_score":673.3,"hacin":1.188,"hacin_class":"Hacinamiento Leve","hacin_score":811.2,"auto_score":184.2,"n_per":57,"n_hog":18,"source_year":2024,"crime_score":0.3572,"crime_nivel":"Alto","crime_color":"#f44336"},"geometry":{"type":"Polygon","coordinates":[[[-70.6574874499999,-33.481267641798],[-70.6576715069999,-33.4816569811314],[-70.6581509179999,-33.4815093721314],[-70.6580554989999,-33.4811001371314],[-70.6574874499999,-33.481267641798]]]}},{"type":"Feature","properties":{"id":"13121021002064","commune":"Pedro Aguirre Cerda","code":"13121","gse":"C3","quintil":"Q3","nse_score":727.0,"educ":11.3,"educ_score":553.3,"hacin":1.19,"hacin_class":"Hacinamiento Leve","hacin_score":810.5,"auto_score":78.1,"n_per":75,"n_hog":32,"source_year":2024,"crime_score":0.3717,"crime_nivel":"Alto","crime_color":"#f44336"},"geometry":{"type":"Polygon","coordinates":[[[-70.6610870989999,-33.4817041271313],[-70.6613324999999,-33.4816417301313],[-70.6612977519999,-33.4811343501314],[-70.6610331779999,-33.4812297361314],[-70.6610870989999,-33.4817041271313]]]}},{"type":"Feature","properties":{"id":"13121021002065","commune":"Pedro Aguirre Cerda","code":"13121","gse":"C3","quintil":"Q3","nse_score":743.6,"educ":11.8,"educ_score":586.7,"hacin":1.403,"hacin_class":"Hacinamiento Leve","hacin_score":765.2,"auto_score":69.0,"n_per":80,"n_hog":28,"source_year":2024,"crime_score":0.3691,"crime_nivel":"Alto","crime_color":"#f44336"},"geometry":{"type":"Polygon","coordinates":[[[-70.6606926289999,-33.4813193861313],[-70.6607551509999,-33.4818200031314],[-70.6610293049999,-33.4817353511314],[-70.6609653519999,-33.4812535011313],[-70.6606926289999,-33.4813193861313]]]}},{"type":"Feature","properties":{"id":"13121021002066","commune":"Pedro Aguirre Cerda","code":"13121","gse":"C3","quintil":"Q2","nse_score":715.6,"educ":11.3,"educ_score":553.3,"hacin":1.278,"hacin_class":"Hacinamiento Leve","hacin_score":792.0,"auto_score":50.0,"n_per":69,"n_hog":30,"source_year":2024,"crime_score":0.373,"crime_nivel":"Alto","crime_color":"#f44336"},"geometry":{"type":"Polygon","coordinates":[[[-70.6604153129999,-33.4814040281314],[-70.6604379189999,-33.4819179561314],[-70.6607241299999,-33.4818295821313],[-70.6606605089999,-33.4813287801313],[-70.6604153129999,-33.4814040281314]]]}},{"type":"Feature","properties":{"id":"13121021002068","commune":"Pedro Aguirre Cerda","code":"13121","gse":"C2","quintil":"Q4","nse_score":763.9,"educ":12.8,"educ_score":653.3,"hacin":1.2,"hacin_class":"Hacinamiento Leve","hacin_score":808.5,"auto_score":116.7,"n_per":72,"n_hog":29,"source_year":2024,"crime_score":0.3634,"crime_nivel":"Alto","crime_color":"#f44336"},"geometry":{"type":"Polygon","coordinates":[[[-70.6600561789999,-33.4815944191313],[-70.6601019799999,-33.4820216841314],[-70.6604061179999,-33.4819277751313],[-70.6603832199999,-33.4814139361314],[-70.6600561789999,-33.4815944191313]]]}},{"type":"Feature","properties":{"id":"13121021002069","commune":"Pedro Aguirre Cerda","code":"13121","gse":"C2","quintil":"Q3","nse_score":752.3,"educ":12.2,"educ_score":613.3,"hacin":1.261,"hacin_class":"Hacinamiento Leve","hacin_score":795.5,"auto_score":126.6,"n_per":251,"n_hog":82,"source_year":2024,"crime_score":0.3974,"crime_nivel":"Alto","crime_color":"#f44336"},"geometry":{"type":"Polygon","coordinates":[[[-70.6593030959999,-33.4828533561314],[-70.6625742519999,-33.4817877931314],[-70.6626041159999,-33.4814391361314],[-70.6620425179999,-33.4814840791313],[-70.6589394,-33.4825179701314],[-70.6593030959999,-33.4828533561314]]]}},{"type":"Feature","properties":{"id":"13121021002070","commune":"Pedro Aguirre Cerda","code":"13121","gse":"C3","quintil":"Q3","nse_score":749.1,"educ":12.3,"educ_score":620.0,"hacin":1.17,"hacin_class":"Hacinamiento Leve","hacin_score":814.9,"auto_score":66.7,"n_per":62,"n_hog":29,"source_year":2024,"crime_score":0.3647,"crime_nivel":"Alto","crime_color":"#f44336"},"geometry":{"type":"Polygon","coordinates":[[[-70.6597453929999,-33.4816130371313],[-70.6597895169999,-33.4821181621314],[-70.6600706069999,-33.4820313711313],[-70.6600245399999,-33.4815251361313],[-70.6597453929999,-33.4816130371313]]]}},{"type":"Feature","properties":{"id":"13121021002071","commune":"Pedro Aguirre Cerda","code":"13121","gse":"C2","quintil":"Q4","nse_score":760.2,"educ":13.0,"educ_score":666.7,"hacin":1.341,"hacin_class":"Hacinamiento Leve","hacin_score":778.4,"auto_score":200.0,"n_per":55,"n_hog":19,"source_year":2024,"crime_score":0.3612,"crime_nivel":"Alto","crime_color":"#f44336"},"geometry":{"type":"Polygon","coordinates":[[[-70.6576834133332,-33.481682154798],[-70.6578672679999,-33.4820710621313],[-70.6585127929999,-33.4818401801313],[-70.6581597799999,-33.4815354411314],[-70.6576834133332,-33.481682154798]]]}},{"type":"Feature","properties":{"id":"13121021002072","commune":"Pedro Aguirre Cerda","code":"13121","gse":"C2","quintil":"Q4","nse_score":765.2,"educ":12.9,"educ_score":660.0,"hacin":1.288,"hacin_class":"Hacinamiento Leve","hacin_score":789.7,"auto_score":35.7,"n_per":67,"n_hog":28,"source_year":2024,"crime_score":0.3622,"crime_nivel":"Alto","crime_color":"#f44336"},"geometry":{"type":"Polygon","coordinates":[[[-70.6594374109999,-33.4817099931314],[-70.6594799569999,-33.4822137431313],[-70.6597583389999,-33.4821277891313],[-70.6597130009999,-33.4816232241313],[-70.6594374109999,-33.4817099931314]]]}},{"type":"Feature","properties":{"id":"13121021002073","commune":"Pedro Aguirre Cerda","code":"13121","gse":"C3","quintil":"Q3","nse_score":746.0,"educ":12.0,"educ_score":600.0,"hacin":1.232,"hacin_class":"Hacinamiento Leve","hacin_score":801.7,"auto_score":69.0,"n_per":69,"n_hog":29,"source_year":2024,"crime_score":0.3666,"crime_nivel":"Alto","crime_color":"#f44336"},"geometry":{"type":"Polygon","coordinates":[[[-70.6589170619999,-33.4818738221314],[-70.6591622429999,-33.4823118411314],[-70.6594485999999,-33.4822234251313],[-70.6594049729999,-33.4817202161313],[-70.6589170619999,-33.4818738221314]]]}},{"type":"Feature","properties":{"id":"13121021002074","commune":"Pedro Aguirre Cerda","code":"13121","gse":"C2","quintil":"Q4","nse_score":792.5,"educ":12.8,"educ_score":653.3,"hacin":1.174,"hacin_class":"Hacinamiento Leve","hacin_score":814.1,"auto_score":130.4,"n_per":54,"n_hog":27,"source_year":2024,"crime_score":0.3543,"crime_nivel":"Alto","crime_color":"#f44336"},"geometry":{"type":"Polygon","coordinates":[[[-70.6586823689999,-33.4821571471314],[-70.6585259389999,-33.4818648381313],[-70.6578806809999,-33.4820994071314],[-70.6580180129999,-33.4823899221313],[-70.6586823689999,-33.4821571471314]]]}},{"type":"Feature","properties":{"id":"13121021002075","commune":"Pedro Aguirre Cerda","code":"13121","gse":"C2","quintil":"Q3","nse_score":757.7,"educ":12.3,"educ_score":620.0,"hacin":1.192,"hacin_class":"Hacinamiento Leve","hacin_score":810.1,"auto_score":111.1,"n_per":62,"n_hog":28,"source_year":2024,"crime_score":0.3629,"crime_nivel":"Alto","crime_color":"#f44336"},"geometry":{"type":"Polygon","coordinates":[[[-70.6588711729999,-33.4824222081313],[-70.6591317659999,-33.4823212551313],[-70.6588868249999,-33.4818833281313],[-70.6586681159999,-33.4820055831313],[-70.6588711729999,-33.4824222081313]]]}},{"type":"Feature","properties":{"id":"13121021002076","commune":"Pedro Aguirre Cerda","code":"13121","gse":"C3","quintil":"Q3","nse_score":723.2,"educ":10.8,"educ_score":520.0,"hacin":1.059,"hacin_class":"Hacinamiento Leve","hacin_score":838.5,"auto_score":90.9,"n_per":54,"n_hog":22,"source_year":2024,"crime_score":0.3687,"crime_nivel":"Alto","crime_color":"#f44336"},"geometry":{"type":"Polygon","coordinates":[[[-70.6581715809999,-33.4826714421314],[-70.6588002079999,-33.4824739631314],[-70.65869584,-33.4821823281314],[-70.6580298189999,-33.4824151201313],[-70.6581715809999,-33.4826714421314]]]}},{"type":"Feature","properties":{"id":"13121021002045","commune":"Pedro Aguirre Cerda","code":"13121","gse":"C2","quintil":"Q4","nse_score":784.5,"educ":12.8,"educ_score":653.3,"hacin":1.056,"hacin_class":"Hacinamiento Leve","hacin_score":839.2,"auto_score":214.3,"n_per":19,"n_hog":8,"source_year":2024,"crime_score":0.3499,"crime_nivel":"Alto","crime_color":"#f44336"},"geometry":{"type":"MultiPolygon","coordinates":[[[[-70.6608979,-33.4804838104647],[-70.660914536,-33.4807875861314],[-70.6611561899999,-33.4807762621314],[-70.6611353119999,-33.4804801211314],[-70.6608979,-33.4804838104647]]],[[[-70.6608747559999,-33.4800611831313],[-70.6608932189999,-33.4803983391313],[-70.6611290529999,-33.4803913471314],[-70.661104958,-33.4800495771314],[-70.6608747559999,-33.4800611831313]]]]}},{"type":"Feature","properties":{"id":"13121021002025","commune":"Pedro Aguirre Cerda","code":"13121","gse":"C3","quintil":"Q2","nse_score":707.7,"educ":12.2,"educ_score":613.3,"hacin":2.143,"hacin_class":"Hacinamiento Medio","hacin_score":607.9,"auto_score":100.0,"n_per":15,"n_hog":5,"source_year":2024,"crime_score":0.3648,"crime_nivel":"Alto","crime_color":"#f44336"},"geometry":{"type":"MultiPolygon","coordinates":[[[[-70.6627381489999,-33.4813606781313],[-70.6630793429999,-33.4813358211314],[-70.6631703429999,-33.4798732401314],[-70.6627257394999,-33.4800143721314],[-70.6627381489999,-33.4813606781313]]],[[[-70.6627574189999,-33.4799018851314],[-70.6631923899999,-33.4797877551314],[-70.6632077919999,-33.4788446831314],[-70.6627826484999,-33.4788779551314],[-70.6627574189999,-33.4799018851314]]]]}},{"type":"Feature","properties":{"id":"13121021003005","commune":"Pedro Aguirre Cerda","code":"13121","gse":"C2","quintil":"Q4","nse_score":761.9,"educ":12.0,"educ_score":600.0,"hacin":1.2,"hacin_class":"Hacinamiento Leve","hacin_score":808.5,"auto_score":224.1,"n_per":84,"n_hog":32,"source_year":2024,"crime_score":0.3659,"crime_nivel":"Alto","crime_color":"#f44336"},"geometry":{"type":"Polygon","coordinates":[[[-70.6620594649999,-33.4832758561313],[-70.6625236479999,-33.4831121201313],[-70.6625804139999,-33.4818730711313],[-70.6620964844999,-33.4820248346313],[-70.6620594649999,-33.4832758561313]]]}},{"type":"Feature","properties":{"id":"13121021003006","commune":"Pedro Aguirre Cerda","code":"13121","gse":"C3","quintil":"Q2","nse_score":708.4,"educ":12.0,"educ_score":600.0,"hacin":1.5,"hacin_class":"Hacinamiento Medio","hacin_score":744.7,"auto_score":137.5,"n_per":114,"n_hog":40,"source_year":2024,"crime_score":0.3826,"crime_nivel":"Alto","crime_color":"#f44336"},"geometry":{"type":"Polygon","coordinates":[[[-70.6615422389999,-33.4834415341313],[-70.6619796759999,-33.4832933281313],[-70.6620201579999,-33.4820377971313],[-70.6615830019999,-33.4821883151314],[-70.6615422389999,-33.4834415341313]]]}},{"type":"Feature","properties":{"id":"13121021003007","commune":"Pedro Aguirre Cerda","code":"13121","gse":"C3","quintil":"Q2","nse_score":715.7,"educ":12.1,"educ_score":606.7,"hacin":1.439,"hacin_class":"Hacinamiento Leve","hacin_score":757.6,"auto_score":128.6,"n_per":95,"n_hog":34,"source_year":2024,"crime_score":0.3776,"crime_nivel":"Alto","crime_color":"#f44336"},"geometry":{"type":"Polygon","coordinates":[[[-70.6610453719999,-33.4836028481313],[-70.6614569669999,-33.4834526441313],[-70.6615034259999,-33.4822010711314],[-70.6610793709999,-33.4823391741313],[-70.6610453719999,-33.4836028481313]]]}},{"type":"Feature","properties":{"id":"13121021003008","commune":"Pedro Aguirre Cerda","code":"13121","gse":"C2","quintil":"Q4","nse_score":769.3,"educ":12.2,"educ_score":613.3,"hacin":1.31,"hacin_class":"Hacinamiento Leve","hacin_score":785.1,"auto_score":115.4,"n_per":93,"n_hog":28,"source_year":2024,"crime_score":0.3659,"crime_nivel":"Alto","crime_color":"#f44336"},"geometry":{"type":"Polygon","coordinates":[[[-70.6608430239999,-33.4836639371313],[-70.6609577409999,-33.4836078311313],[-70.6610086569999,-33.4823558761313],[-70.6605759439999,-33.4824959761313],[-70.6605220869999,-33.4831103091313],[-70.6603155869999,-33.4834236111313],[-70.6608430239999,-33.4836639371313]]]}},{"type":"Feature","properties":{"id":"13121021003009","commune":"Pedro Aguirre Cerda","code":"13121","gse":"C2","quintil":"Q3","nse_score":750.4,"educ":12.8,"educ_score":653.3,"hacin":1.397,"hacin_class":"Hacinamiento Leve","hacin_score":766.7,"auto_score":159.1,"n_per":81,"n_hog":23,"source_year":2024,"crime_score":0.3678,"crime_nivel":"Alto","crime_color":"#f44336"},"geometry":{"type":"Polygon","coordinates":[[[-70.6602442299999,-33.4834008771313],[-70.6604686149999,-33.4831026061313],[-70.6605085049999,-33.4825159551313],[-70.6594169569999,-33.4829016531313],[-70.6602442299999,-33.4834008771313]]]}},{"type":"Feature","properties":{"id":"13121021003010","commune":"Pedro Aguirre Cerda","code":"13121","gse":"C3","quintil":"Q3","nse_score":734.9,"educ":11.7,"educ_score":580.0,"hacin":1.188,"hacin_class":"Hacinamiento Leve","hacin_score":811.1,"auto_score":138.3,"n_per":139,"n_hog":51,"source_year":2024,"crime_score":0.3814,"crime_nivel":"Alto","crime_color":"#f44336"},"geometry":{"type":"Polygon","coordinates":[[[-70.6582153379999,-33.4827301381314],[-70.6584986569999,-33.4834483871313],[-70.659094605,-33.4838594221313],[-70.6592801929999,-33.4841902071313],[-70.6599955059999,-33.4838767561313],[-70.6584816189999,-33.4828881431314],[-70.6590542519999,-33.4831737671313],[-70.6592803964999,-33.4829272721313],[-70.6588138179999,-33.4825636601313],[-70.6582153379999,-33.4827301381314]]]}},{"type":"Feature","properties":{"id":"13121021003012","commune":"Pedro Aguirre Cerda","code":"13121","gse":"C1","quintil":"Q5","nse_score":814.3,"educ":13.5,"educ_score":700.0,"hacin":1.0,"hacin_class":"Hacinamiento Leve","hacin_score":851.1,"auto_score":210.5,"n_per":51,"n_hog":19,"source_year":2024,"crime_score":0.3493,"crime_nivel":"Alto","crime_color":"#f44336"},"geometry":{"type":"Polygon","coordinates":[[[-70.6626706229999,-33.4831639101313],[-70.662949593,-33.4837953721313],[-70.6632224069999,-33.4837215071313],[-70.6629950869999,-33.4830960861313],[-70.6626706229999,-33.4831639101313]]]}},{"type":"Feature","properties":{"id":"13121021003013","commune":"Pedro Aguirre Cerda","code":"13121","gse":"C2","quintil":"Q4","nse_score":786.6,"educ":12.7,"educ_score":646.7,"hacin":1.038,"hacin_class":"Hacinamiento Leve","hacin_score":843.0,"auto_score":125.0,"n_per":55,"n_hog":26,"source_year":2024,"crime_score":0.3557,"crime_nivel":"Alto","crime_color":"#f44336"},"geometry":{"type":"Polygon","coordinates":[[[-70.6623433033333,-33.483268523798],[-70.662606046,-33.4838964341313],[-70.6629178789999,-33.4838014191313],[-70.6626405439999,-33.4831737021313],[-70.6623433033333,-33.483268523798]]]}},{"type":"Feature","properties":{"id":"13121021003014","commune":"Pedro Aguirre Cerda","code":"13121","gse":"C1","quintil":"Q5","nse_score":833.0,"educ":13.9,"educ_score":726.7,"hacin":0.981,"hacin_class":"Sin Hacinamiento","hacin_score":855.2,"auto_score":95.2,"n_per":51,"n_hog":21,"source_year":2024,"crime_score":0.3454,"crime_nivel":"Alto","crime_color":"#f44336"},"geometry":{"type":"Polygon","coordinates":[[[-70.6620345119999,-33.4833655181313],[-70.6623327409999,-33.4840205101313],[-70.6625768589999,-33.4839075631313],[-70.6623131019999,-33.4832780611314],[-70.6620345119999,-33.4833655181313]]]}},{"type":"Feature","properties":{"id":"13121021003015","commune":"Pedro Aguirre Cerda","code":"13121","gse":"C2","quintil":"Q4","nse_score":786.6,"educ":12.5,"educ_score":633.3,"hacin":1.268,"hacin_class":"Hacinamiento Leve","hacin_score":794.1,"auto_score":225.0,"n_per":71,"n_hog":20,"source_year":2024,"crime_score":0.3585,"crime_nivel":"Alto","crime_color":"#f44336"},"geometry":{"type":"Polygon","coordinates":[[[-70.66172273,-33.4834659931313],[-70.6620508459999,-33.4841861331313],[-70.6623049469999,-33.4840345471313],[-70.6620043189999,-33.4833751041313],[-70.66172273,-33.4834659931313]]]}},{"type":"Feature","properties":{"id":"13121021003016","commune":"Pedro Aguirre Cerda","code":"13121","gse":"C3","quintil":"Q3","nse_score":750.1,"educ":12.5,"educ_score":633.3,"hacin":1.419,"hacin_class":"Hacinamiento Leve","hacin_score":761.8,"auto_score":135.3,"n_per":247,"n_hog":89,"source_year":2024,"crime_score":0.3972,"crime_nivel":"Alto","crime_color":"#f44336"},"geometry":{"type":"Polygon","coordinates":[[[-70.6615303579999,-33.4845921131313],[-70.662025421,-33.4842036761313],[-70.6616925849999,-33.4834756801313],[-70.6604035099999,-33.4839015461313],[-70.6615303579999,-33.4845921131313]]]}},{"type":"Feature","properties":{"id":"13121021003018","commune":"Pedro Aguirre Cerda","code":"13121","gse":"C1","quintil":"Q5","nse_score":831.3,"educ":14.9,"educ_score":793.3,"hacin":1.22,"hacin_class":"Hacinamiento Leve","hacin_score":804.3,"auto_score":222.5,"n_per":477,"n_hog":203,"source_year":2024,"crime_score":0.3877,"crime_nivel":"Alto","crime_color":"#f44336"},"geometry":{"type":"Polygon","coordinates":[[[-70.6628337739999,-33.4857747121313],[-70.6636299809999,-33.4869474611313],[-70.6643880349999,-33.4866964751313],[-70.6643053069999,-33.4863969186313],[-70.6637944109999,-33.4865568951313],[-70.6634963129999,-33.4859301531313],[-70.6633859579999,-33.4859392981313],[-70.6640346399999,-33.4857134671313],[-70.6632549079999,-33.4838050701313],[-70.6623023139999,-33.4841102771313],[-70.6616419929999,-33.4846280826313],[-70.6628337739999,-33.4857747121313]]]}},{"type":"Feature","properties":{"id":"13121021003019","commune":"Pedro Aguirre Cerda","code":"13121","gse":"C2","quintil":"Q4","nse_score":795.6,"educ":13.4,"educ_score":693.3,"hacin":1.0,"hacin_class":"Hacinamiento Leve","hacin_score":851.1,"auto_score":185.2,"n_per":69,"n_hog":26,"source_year":2024,"crime_score":0.3562,"crime_nivel":"Alto","crime_color":"#f44336"},"geometry":{"type":"Polygon","coordinates":[[[-70.6606862549999,-33.4850681951313],[-70.6614675769999,-33.4846400131313],[-70.6600691199999,-33.4839448621313],[-70.6598332819999,-33.4841216721313],[-70.6598667849999,-33.4842263261313],[-70.6606862549999,-33.4850681951313]]]}},{"type":"Feature","properties":{"id":"13121021003020","commune":"Pedro Aguirre Cerda","code":"13121","gse":"C2","quintil":"Q4","nse_score":773.8,"educ":12.8,"educ_score":653.3,"hacin":1.232,"hacin_class":"Hacinamiento Leve","hacin_score":801.7,"auto_score":280.0,"n_per":85,"n_hog":30,"source_year":2024,"crime_score":0.3636,"crime_nivel":"Alto","crime_color":"#f44336"},"geometry":{"type":"Polygon","coordinates":[[[-70.6598816099999,-33.4853466251313],[-70.6606250959999,-33.4850844901313],[-70.6597349229999,-33.4841545061313],[-70.6593332599999,-33.4843039541313],[-70.6598816099999,-33.4853466251313]]]}},{"type":"Feature","properties":{"id":"13121021003022","commune":"Pedro Aguirre Cerda","code":"13121","gse":"C2","quintil":"Q4","nse_score":792.4,"educ":12.8,"educ_score":653.3,"hacin":1.118,"hacin_class":"Hacinamiento Leve","hacin_score":826.0,"auto_score":416.7,"n_per":19,"n_hog":7,"source_year":2024,"crime_score":0.3483,"crime_nivel":"Alto","crime_color":"#f44336"},"geometry":{"type":"Polygon","coordinates":[[[-70.6594660149999,-33.4854802341313],[-70.6597825269999,-33.4853492481313],[-70.6594482939999,-33.4846748561313],[-70.6591258269999,-33.4847861001313],[-70.6594660149999,-33.4854802341313]]]}},{"type":"Feature","properties":{"id":"13121021003023","commune":"Pedro Aguirre Cerda","code":"13121","gse":"C2","quintil":"Q4","nse_score":792.5,"educ":13.7,"educ_score":713.3,"hacin":1.269,"hacin_class":"Hacinamiento Leve","hacin_score":793.8,"auto_score":297.6,"n_per":132,"n_hog":40,"source_year":2024,"crime_score":0.3678,"crime_nivel":"Alto","crime_color":"#f44336"},"geometry":{"type":"Polygon","coordinates":[[[-70.6615174499999,-33.4855116661313],[-70.6611309229999,-33.4849892111313],[-70.6606114539999,-33.4851995661313],[-70.6610668499999,-33.4860933681313],[-70.6625102024999,-33.4855462051313],[-70.6615659519999,-33.4847424951313],[-70.6611766869999,-33.4849549741313],[-70.6615174499999,-33.4855116661313]]]}},{"type":"Feature","properties":{"id":"13121021003024","commune":"Pedro Aguirre Cerda","code":"13121","gse":"C2","quintil":"Q4","nse_score":802.9,"educ":13.8,"educ_score":720.0,"hacin":1.151,"hacin_class":"Hacinamiento Leve","hacin_score":818.8,"auto_score":153.8,"n_per":76,"n_hog":27,"source_year":2024,"crime_score":0.3559,"crime_nivel":"Alto","crime_color":"#f44336"},"geometry":{"type":"Polygon","coordinates":[[[-70.6601361079999,-33.4859718641313],[-70.6598381139999,-33.4854581081313],[-70.6595037609999,-33.4855493511313],[-70.6599293879999,-33.4864640361313],[-70.6609655319999,-33.4861254121313],[-70.6605051379999,-33.4852239091313],[-70.6599022724999,-33.4854206091313],[-70.6601361079999,-33.4859718641313]]]}},{"type":"Feature","properties":{"id":"13121021003025","commune":"Pedro Aguirre Cerda","code":"13121","gse":"C2","quintil":"Q4","nse_score":806.3,"educ":13.7,"educ_score":713.3,"hacin":1.213,"hacin_class":"Hacinamiento Leve","hacin_score":805.7,"auto_score":258.6,"n_per":91,"n_hog":28,"source_year":2024,"crime_score":0.3578,"crime_nivel":"Alto","crime_color":"#f44336"},"geometry":{"type":"Polygon","coordinates":[[[-70.6612841269999,-33.4865536341313],[-70.6628714219999,-33.4860234301313],[-70.6628884319999,-33.4859950006313],[-70.6625571009999,-33.4856143201313],[-70.6611047559999,-33.4861573871313],[-70.6612841269999,-33.4865536341313]]]}},{"type":"Feature","properties":{"id":"13121021003026","commune":"Pedro Aguirre Cerda","code":"13121","gse":"C1","quintil":"Q5","nse_score":815.2,"educ":13.6,"educ_score":706.7,"hacin":1.122,"hacin_class":"Hacinamiento Leve","hacin_score":825.0,"auto_score":200.0,"n_per":55,"n_hog":20,"source_year":2024,"crime_score":0.3498,"crime_nivel":"Alto","crime_color":"#f44336"},"geometry":{"type":"Polygon","coordinates":[[[-70.6636344439999,-33.4858820931313],[-70.663937803,-33.4864905971313],[-70.6642951119999,-33.4863711891313],[-70.6640448429999,-33.4857392081313],[-70.6636344439999,-33.4858820931313]]]}},{"type":"Feature","properties":{"id":"13121021003028","commune":"Pedro Aguirre Cerda","code":"13121","gse":"C1","quintil":"Q5","nse_score":826.7,"educ":14.0,"educ_score":733.3,"hacin":1.054,"hacin_class":"Hacinamiento Leve","hacin_score":839.6,"auto_score":239.9,"n_per":489,"n_hog":174,"source_year":2024,"crime_score":0.3888,"crime_nivel":"Alto","crime_color":"#f44336"},"geometry":{"type":"Polygon","coordinates":[[[-70.6628448879999,-33.4866385441313],[-70.6625904409999,-33.4861770841313],[-70.6623145149999,-33.4862704846313],[-70.6625354219999,-33.4867326461313],[-70.6622845629999,-33.4862805791313],[-70.6619732649999,-33.4863853521313],[-70.6621766519999,-33.4868499671313],[-70.6619433769999,-33.4863955261313],[-70.6616571419999,-33.4864945761313],[-70.6618830299999,-33.4869573131313],[-70.6616272389999,-33.4865047501313],[-70.6613224309999,-33.4866127791313],[-70.6618970879999,-33.4879365781313],[-70.6637264419999,-33.4873064981313],[-70.6635625649999,-33.4870496621313],[-70.6621270079999,-33.4875428281313],[-70.6619885899999,-33.4871872651313],[-70.6629841459999,-33.4868600681313],[-70.663137822,-33.4871032511313],[-70.6635375799999,-33.4869703841313],[-70.66293386,-33.4860723861313],[-70.6626204074999,-33.4861670151313],[-70.6628448879999,-33.4866385441313]]]}},{"type":"Feature","properties":{"id":"13121021003029","commune":"Pedro Aguirre Cerda","code":"13121","gse":"C1","quintil":"Q5","nse_score":838.0,"educ":14.0,"educ_score":733.3,"hacin":1.167,"hacin_class":"Hacinamiento Leve","hacin_score":815.6,"auto_score":222.2,"n_per":42,"n_hog":19,"source_year":2024,"crime_score":0.3428,"crime_nivel":"Alto","crime_color":"#f44336"},"geometry":{"type":"Polygon","coordinates":[[[-70.6601568449999,-33.4869345391313],[-70.661188793,-33.4865917751313],[-70.6610181109999,-33.4862106941313],[-70.6599864729999,-33.4865373171313],[-70.6601568449999,-33.4869345391313]]]}},{"type":"Feature","properties":{"id":"13121021003030","commune":"Pedro Aguirre Cerda","code":"13121","gse":"C2","quintil":"Q4","nse_score":800.1,"educ":13.2,"educ_score":680.0,"hacin":1.018,"hacin_class":"Hacinamiento Leve","hacin_score":847.2,"auto_score":108.7,"n_per":56,"n_hog":25,"source_year":2024,"crime_score":0.3531,"crime_nivel":"Alto","crime_color":"#f44336"},"geometry":{"type":"Polygon","coordinates":[[[-70.6608914049999,-33.4867510017979],[-70.6613751379999,-33.4877884731313],[-70.6616812199999,-33.4876783051312],[-70.6612499039999,-33.4866560051313],[-70.6608914049999,-33.4867510017979]]]}},{"type":"Feature","properties":{"id":"13121021003031","commune":"Pedro Aguirre Cerda","code":"13121","gse":"C1","quintil":"Q5","nse_score":817.0,"educ":13.5,"educ_score":700.0,"hacin":1.026,"hacin_class":"Hacinamiento Leve","hacin_score":845.6,"auto_score":166.7,"n_per":40,"n_hog":18,"source_year":2024,"crime_score":0.3468,"crime_nivel":"Alto","crime_color":"#f44336"},"geometry":{"type":"Polygon","coordinates":[[[-70.6605446579999,-33.4868679991313],[-70.6610339719999,-33.4879041751312],[-70.6613451799999,-33.4877985721313],[-70.660861441,-33.4867610551313],[-70.6605446579999,-33.4868679991313]]]}},{"type":"Feature","properties":{"id":"13121021003032","commune":"Pedro Aguirre Cerda","code":"13121","gse":"D","quintil":"Q1","nse_score":676.9,"educ":10.5,"educ_score":500.0,"hacin":1.551,"hacin_class":"Hacinamiento Medio","hacin_score":733.9,"auto_score":52.2,"n_per":245,"n_hog":74,"source_year":2024,"crime_score":0.4135,"crime_nivel":"Alto","crime_color":"#f44336"},"geometry":{"type":"Polygon","coordinates":[[[-70.6640911929999,-33.4868835706313],[-70.6652318449999,-33.4885523311313],[-70.6656142699999,-33.4884224001313],[-70.6645284659999,-33.4867741521313],[-70.6640911929999,-33.4868835706313]]]}},{"type":"Feature","properties":{"id":"13121021003033","commune":"Pedro Aguirre Cerda","code":"13121","gse":"C2","quintil":"Q4","nse_score":772.7,"educ":13.4,"educ_score":693.3,"hacin":1.234,"hacin_class":"Hacinamiento Leve","hacin_score":801.3,"auto_score":250.0,"n_per":58,"n_hog":20,"source_year":2024,"crime_score":0.3591,"crime_nivel":"Alto","crime_color":"#f44336"},"geometry":{"type":"Polygon","coordinates":[[[-70.6606738579999,-33.4880242741313],[-70.6610040749999,-33.4879144031312],[-70.6605147379999,-33.4868781531313],[-70.6601800819999,-33.4870180371313],[-70.6606738579999,-33.4880242741313]]]}},{"type":"Feature","properties":{"id":"13121021003034","commune":"Pedro Aguirre Cerda","code":"13121","gse":"C2","quintil":"Q3","nse_score":755.8,"educ":13.2,"educ_score":680.0,"hacin":1.354,"hacin_class":"Hacinamiento Leve","hacin_score":775.7,"auto_score":133.3,"n_per":107,"n_hog":40,"source_year":2024,"crime_score":0.3713,"crime_nivel":"Alto","crime_color":"#f44336"},"geometry":{"type":"Polygon","coordinates":[[[-70.6620151083333,-33.4872076217979],[-70.6621468219999,-33.4875069311313],[-70.6631232699999,-33.4871652711313],[-70.6629786869999,-33.4868906811313],[-70.6620151083333,-33.4872076217979]]]}},{"type":"Feature","properties":{"id":"13121021003035","commune":"Pedro Aguirre Cerda","code":"13121","gse":"D","quintil":"Q2","nse_score":688.7,"educ":10.7,"educ_score":513.3,"hacin":1.587,"hacin_class":"Hacinamiento Medio","hacin_score":726.1,"auto_score":137.9,"n_per":254,"n_hog":66,"source_year":2024,"crime_score":0.4124,"crime_nivel":"Alto","crime_color":"#f44336"},"geometry":{"type":"Polygon","coordinates":[[[-70.6647776099999,-33.4886906181313],[-70.6652018199999,-33.4885622461313],[-70.6640611839999,-33.4868941121313],[-70.6637293889999,-33.4870161291313],[-70.6647776099999,-33.4886906181313]]]}},{"type":"Feature","properties":{"id":"13121021003039","commune":"Pedro Aguirre Cerda","code":"13121","gse":"C1","quintil":"Q5","nse_score":814.1,"educ":13.5,"educ_score":700.0,"hacin":1.136,"hacin_class":"Hacinamiento Leve","hacin_score":822.1,"auto_score":250.0,"n_per":50,"n_hog":16,"source_year":2024,"crime_score":0.3491,"crime_nivel":"Alto","crime_color":"#f44336"},"geometry":{"type":"Polygon","coordinates":[[[-70.6608044259999,-33.4883065681313],[-70.6618206029999,-33.4879811081313],[-70.6617442159999,-33.4877589351313],[-70.6607175499999,-33.4880606241313],[-70.6608044259999,-33.4883065681313]]]}},{"type":"Feature","properties":{"id":"13121021003040","commune":"Pedro Aguirre Cerda","code":"13121","gse":"C2","quintil":"Q4","nse_score":779.6,"educ":12.6,"educ_score":640.0,"hacin":1.144,"hacin_class":"Hacinamiento Leve","hacin_score":820.4,"auto_score":187.5,"n_per":119,"n_hog":42,"source_year":2024,"crime_score":0.3683,"crime_nivel":"Alto","crime_color":"#f44336"},"geometry":{"type":"Polygon","coordinates":[[[-70.662734166,-33.4893632331313],[-70.6632898329999,-33.4891881061312],[-70.6626184719999,-33.4877740211313],[-70.6620922129999,-33.4879633911313],[-70.662734166,-33.4893632331313]]]}},{"type":"Feature","properties":{"id":"13121021003042","commune":"Pedro Aguirre Cerda","code":"13121","gse":"C2","quintil":"Q4","nse_score":773.6,"educ":12.3,"educ_score":620.0,"hacin":1.317,"hacin_class":"Hacinamiento Leve","hacin_score":783.7,"auto_score":238.1,"n_per":133,"n_hog":50,"source_year":2024,"crime_score":0.372,"crime_nivel":"Alto","crime_color":"#f44336"},"geometry":{"type":"Polygon","coordinates":[[[-70.6614547349999,-33.4881622851312],[-70.662116136,-33.4895493861313],[-70.6626307909999,-33.4893924461313],[-70.6620337849999,-33.4879942471313],[-70.6614547349999,-33.4881622851312]]]}},{"type":"Feature","properties":{"id":"13121021003043","commune":"Pedro Aguirre Cerda","code":"13121","gse":"D","quintil":"Q2","nse_score":701.2,"educ":11.6,"educ_score":573.3,"hacin":1.389,"hacin_class":"Hacinamiento Leve","hacin_score":768.3,"auto_score":86.2,"n_per":75,"n_hog":30,"source_year":2024,"crime_score":0.3771,"crime_nivel":"Alto","crime_color":"#f44336"},"geometry":{"type":"Polygon","coordinates":[[[-70.6614873909999,-33.4897181801313],[-70.6620850479999,-33.4895567811312],[-70.6614246489999,-33.4881720461313],[-70.6608436579999,-33.4884034101313],[-70.6614873909999,-33.4897181801313]]]}},{"type":"Feature","properties":{"id":"13121021003036","commune":"Pedro Aguirre Cerda","code":"13121","gse":"C2","quintil":"Q4","nse_score":775.9,"educ":12.6,"educ_score":640.0,"hacin":1.248,"hacin_class":"Hacinamiento Leve","hacin_score":798.3,"auto_score":156.9,"n_per":156,"n_hog":54,"source_year":2024,"crime_score":0.3755,"crime_nivel":"Alto","crime_color":"#f44336"},"geometry":{"type":"MultiPolygon","coordinates":[[[[-70.6626483549999,-33.4877638671313],[-70.6633198749999,-33.4891781811313],[-70.663884219,-33.4889943831312],[-70.6632351999999,-33.4875545761313],[-70.6626483549999,-33.4877638671313]]],[[[-70.6632646979999,-33.4875438541313],[-70.6639143069999,-33.4889845511312],[-70.6646873379999,-33.4887102501313],[-70.6637544189999,-33.4873661961313],[-70.6632646979999,-33.4875438541313]]]]}},{"type":"Feature","properties":{"id":"13121021003017","commune":"Pedro Aguirre Cerda","code":"13121","gse":"C2","quintil":"Q4","nse_score":760.9,"educ":12.6,"educ_score":640.0,"hacin":1.79,"hacin_class":"Hacinamiento Medio","hacin_score":683.1,"auto_score":375.0,"n_per":34,"n_hog":10,"source_year":2024,"crime_score":0.3573,"crime_nivel":"Alto","crime_color":"#f44336"},"geometry":{"type":"MultiPolygon","coordinates":[[[[-70.6589665069999,-33.4844492961313],[-70.6590743789999,-33.4846773401313],[-70.6593937489999,-33.4845661071313],[-70.6592591939999,-33.4843136311313],[-70.6589665069999,-33.4844492961313]]],[[[-70.6589211149999,-33.4843210891313],[-70.6592028919999,-33.4841868126313],[-70.6590637029999,-33.4839135411313],[-70.6585679679999,-33.4835777241313],[-70.6589211149999,-33.4843210891313]]]]}},{"type":"Feature","properties":{"id":"13121021004001","commune":"Pedro Aguirre Cerda","code":"13121","gse":"D","quintil":"Q2","nse_score":694.1,"educ":10.6,"educ_score":506.7,"hacin":1.279,"hacin_class":"Hacinamiento Leve","hacin_score":791.8,"auto_score":153.8,"n_per":78,"n_hog":26,"source_year":2024,"crime_score":0.3791,"crime_nivel":"Alto","crime_color":"#f44336"},"geometry":{"type":"Polygon","coordinates":[[[-70.6684935673333,-33.4799787201314],[-70.669008017,-33.4810745331313],[-70.6698739169999,-33.4807832381314],[-70.6694056599999,-33.4797353951313],[-70.6684935673333,-33.4799787201314]]]}},{"type":"Feature","properties":{"id":"13121021004003","commune":"Pedro Aguirre Cerda","code":"13121","gse":"C3","quintil":"Q3","nse_score":734.3,"educ":12.4,"educ_score":626.7,"hacin":1.486,"hacin_class":"Hacinamiento Leve","hacin_score":747.6,"auto_score":125.0,"n_per":110,"n_hog":42,"source_year":2024,"crime_score":0.3764,"crime_nivel":"Alto","crime_color":"#f44336"},"geometry":{"type":"Polygon","coordinates":[[[-70.6677176379999,-33.4802274581314],[-70.6682038389999,-33.4813277491314],[-70.6686552669999,-33.4811853201314],[-70.6681466839999,-33.4800900791314],[-70.6677176379999,-33.4802274581314]]]}},{"type":"Feature","properties":{"id":"13121021004004","commune":"Pedro Aguirre Cerda","code":"13121","gse":"C2","quintil":"Q3","nse_score":753.0,"educ":11.8,"educ_score":586.7,"hacin":1.41,"hacin_class":"Hacinamiento Leve","hacin_score":763.9,"auto_score":121.6,"n_per":117,"n_hog":41,"source_year":2024,"crime_score":0.3736,"crime_nivel":"Alto","crime_color":"#f44336"},"geometry":{"type":"Polygon","coordinates":[[[-70.6672129479999,-33.4803879551313],[-70.6677098179999,-33.4814848091313],[-70.6681736329999,-33.4813373171314],[-70.6676874659999,-33.4802370611314],[-70.6672129479999,-33.4803879551313]]]}},{"type":"Feature","properties":{"id":"13121021004005","commune":"Pedro Aguirre Cerda","code":"13121","gse":"C3","quintil":"Q2","nse_score":716.1,"educ":11.5,"educ_score":566.7,"hacin":1.627,"hacin_class":"Hacinamiento Medio","hacin_score":717.7,"auto_score":203.7,"n_per":122,"n_hog":31,"source_year":2024,"crime_score":0.3824,"crime_nivel":"Alto","crime_color":"#f44336"},"geometry":{"type":"Polygon","coordinates":[[[-70.6667258539999,-33.4805442301314],[-70.6672153129999,-33.4816410271314],[-70.667679614,-33.4814943811313],[-70.6671827669999,-33.4803975671314],[-70.6667258539999,-33.4805442301314]]]}},{"type":"Feature","properties":{"id":"13121021004006","commune":"Pedro Aguirre Cerda","code":"13121","gse":"C3","quintil":"Q3","nse_score":744.4,"educ":11.8,"educ_score":586.7,"hacin":1.044,"hacin_class":"Hacinamiento Leve","hacin_score":841.8,"auto_score":125.0,"n_per":72,"n_hog":30,"source_year":2024,"crime_score":0.3675,"crime_nivel":"Alto","crime_color":"#f44336"},"geometry":{"type":"Polygon","coordinates":[[[-70.6662350759999,-33.4807005151314],[-70.6667251099999,-33.4817950861313],[-70.6671850879999,-33.4816505501313],[-70.6666956779999,-33.4805538521314],[-70.6662350759999,-33.4807005151314]]]}},{"type":"Feature","properties":{"id":"13121021004007","commune":"Pedro Aguirre Cerda","code":"13121","gse":"C2","quintil":"Q3","nse_score":750.9,"educ":11.9,"educ_score":593.3,"hacin":1.165,"hacin_class":"Hacinamiento Leve","hacin_score":816.0,"auto_score":218.8,"n_per":99,"n_hog":33,"source_year":2024,"crime_score":0.3709,"crime_nivel":"Alto","crime_color":"#f44336"},"geometry":{"type":"Polygon","coordinates":[[[-70.6661758899999,-33.4819677061313],[-70.6666948869999,-33.4818046151313],[-70.6662048879999,-33.4807101131314],[-70.6659305359999,-33.4808220001314],[-70.6656855009999,-33.4811430411314],[-70.6661758899999,-33.4819677061313]]]}},{"type":"Feature","properties":{"id":"13121021004008","commune":"Pedro Aguirre Cerda","code":"13121","gse":"C2","quintil":"Q3","nse_score":756.0,"educ":12.2,"educ_score":613.3,"hacin":1.235,"hacin_class":"Hacinamiento Leve","hacin_score":801.0,"auto_score":111.1,"n_per":210,"n_hog":85,"source_year":2024,"crime_score":0.3894,"crime_nivel":"Alto","crime_color":"#f44336"},"geometry":{"type":"Polygon","coordinates":[[[-70.6655957269999,-33.4822264651313],[-70.6663842039999,-33.4836778931313],[-70.6666495199999,-33.4835917811313],[-70.6664465009999,-33.4837828131313],[-70.6675146399999,-33.4855767091313],[-70.667823241,-33.4855542441313],[-70.6673938499999,-33.4857520136313],[-70.6684595049999,-33.4874786151313],[-70.6700427689999,-33.4869291121313],[-70.6710784869999,-33.4860706831313],[-70.6721672489999,-33.4855722381313],[-70.6699458169999,-33.4808814231313],[-70.6655957269999,-33.4822264651313]]]}},{"type":"Feature","properties":{"id":"13121021004009","commune":"Pedro Aguirre Cerda","code":"13121","gse":"C3","quintil":"Q3","nse_score":722.2,"educ":12.0,"educ_score":600.0,"hacin":1.362,"hacin_class":"Hacinamiento Leve","hacin_score":774.0,"auto_score":116.7,"n_per":94,"n_hog":31,"source_year":2024,"crime_score":0.3761,"crime_nivel":"Alto","crime_color":"#f44336"},"geometry":{"type":"Polygon","coordinates":[[[-70.665232451,-33.4816162861314],[-70.6655716129999,-33.4821746131313],[-70.6660417759999,-33.4820113551313],[-70.6656430859999,-33.4812434961314],[-70.6652894779999,-33.4811211831313],[-70.6648194829999,-33.4811816981314],[-70.6648017599999,-33.4815993391314],[-70.665232451,-33.4816162861314]]]}},{"type":"Feature","properties":{"id":"13121021004010","commune":"Pedro Aguirre Cerda","code":"13121","gse":"D","quintil":"Q2","nse_score":697.1,"educ":10.9,"educ_score":526.7,"hacin":1.296,"hacin_class":"Hacinamiento Leve","hacin_score":788.1,"auto_score":66.7,"n_per":92,"n_hog":31,"source_year":2024,"crime_score":0.381,"crime_nivel":"Alto","crime_color":"#f44336"},"geometry":{"type":"Polygon","coordinates":[[[-70.6642080399999,-33.4813372701313],[-70.6641546189999,-33.4826175831313],[-70.6647171379999,-33.4824229261313],[-70.6647107039999,-33.4811863251314],[-70.6642080399999,-33.4813372701313]]]}},{"type":"Feature","properties":{"id":"13121021004011","commune":"Pedro Aguirre Cerda","code":"13121","gse":"C2","quintil":"Q4","nse_score":781.8,"educ":12.6,"educ_score":640.0,"hacin":1.247,"hacin_class":"Hacinamiento Leve","hacin_score":798.6,"auto_score":258.6,"n_per":96,"n_hog":37,"source_year":2024,"crime_score":0.3638,"crime_nivel":"Alto","crime_color":"#f44336"},"geometry":{"type":"Polygon","coordinates":[[[-70.6636918009999,-33.4814994771314],[-70.6636299899999,-33.4827814891313],[-70.6641232439999,-33.4826274851314],[-70.6641767059999,-33.4813471871313],[-70.6636918009999,-33.4814994771314]]]}},{"type":"Feature","properties":{"id":"13121021004012","commune":"Pedro Aguirre Cerda","code":"13121","gse":"C3","quintil":"Q3","nse_score":731.8,"educ":11.7,"educ_score":580.0,"hacin":1.253,"hacin_class":"Hacinamiento Leve","hacin_score":797.2,"auto_score":60.6,"n_per":104,"n_hog":40,"source_year":2024,"crime_score":0.3758,"crime_nivel":"Alto","crime_color":"#f44336"},"geometry":{"type":"Polygon","coordinates":[[[-70.6630883709999,-33.4829425541313],[-70.6635986089999,-33.4827914031314],[-70.6636603859999,-33.4815094021313],[-70.6631287289999,-33.4816915351313],[-70.6630883709999,-33.4829425541313]]]}},{"type":"Feature","properties":{"id":"13121021004013","commune":"Pedro Aguirre Cerda","code":"13121","gse":"D","quintil":"Q2","nse_score":701.8,"educ":11.8,"educ_score":586.7,"hacin":1.533,"hacin_class":"Hacinamiento Medio","hacin_score":737.6,"auto_score":62.5,"n_per":69,"n_hog":27,"source_year":2024,"crime_score":0.3758,"crime_nivel":"Alto","crime_color":"#f44336"},"geometry":{"type":"Polygon","coordinates":[[[-70.6648825749999,-33.4823810791313],[-70.6655414599999,-33.4821842981313],[-70.6652915409999,-33.4816738021313],[-70.6648015549999,-33.4816262811313],[-70.6648825749999,-33.4823810791313]]]}},{"type":"Feature","properties":{"id":"13121021004014","commune":"Pedro Aguirre Cerda","code":"13121","gse":"E","quintil":"Q1","nse_score":649.1,"educ":9.2,"educ_score":413.3,"hacin":1.25,"hacin_class":"Hacinamiento Leve","hacin_score":797.9,"auto_score":0.0,"n_per":20,"n_hog":9,"source_year":2024,"crime_score":0.3777,"crime_nivel":"Alto","crime_color":"#f44336"},"geometry":{"type":"Polygon","coordinates":[[[-70.6653904589999,-33.4829873871313],[-70.6658126739999,-33.4828388991313],[-70.6654662559999,-33.4822813651313],[-70.6651736109999,-33.4823750226313],[-70.6653904589999,-33.4829873871313]]]}},{"type":"Feature","properties":{"id":"13121021004015","commune":"Pedro Aguirre Cerda","code":"13121","gse":"C3","quintil":"Q3","nse_score":735.9,"educ":12.0,"educ_score":600.0,"hacin":1.323,"hacin_class":"Hacinamiento Leve","hacin_score":782.2,"auto_score":80.6,"n_per":90,"n_hog":39,"source_year":2024,"crime_score":0.3725,"crime_nivel":"Alto","crime_color":"#f44336"},"geometry":{"type":"Polygon","coordinates":[[[-70.6648074259999,-33.4839434691313],[-70.6653117094999,-33.4838913741313],[-70.66532251,-33.4829910031313],[-70.6651007289999,-33.4823938831313],[-70.6647822519999,-33.4825130566313],[-70.6648074259999,-33.4839434691313]]]}},{"type":"Feature","properties":{"id":"13121021004016","commune":"Pedro Aguirre Cerda","code":"13121","gse":"C3","quintil":"Q3","nse_score":734.3,"educ":12.1,"educ_score":606.7,"hacin":1.068,"hacin_class":"Hacinamiento Leve","hacin_score":836.6,"auto_score":171.9,"n_per":63,"n_hog":31,"source_year":2024,"crime_score":0.368,"crime_nivel":"Alto","crime_color":"#f44336"},"geometry":{"type":"Polygon","coordinates":[[[-70.664302544,-33.4833208961313],[-70.6647085349999,-33.4833246491313],[-70.6647003559999,-33.4825256181314],[-70.6643240274999,-33.4826293671313],[-70.664302544,-33.4833208961313]]]}},{"type":"Feature","properties":{"id":"13121021004017","commune":"Pedro Aguirre Cerda","code":"13121","gse":"C3","quintil":"Q3","nse_score":731.8,"educ":11.8,"educ_score":586.7,"hacin":1.403,"hacin_class":"Hacinamiento Leve","hacin_score":765.3,"auto_score":128.4,"n_per":195,"n_hog":79,"source_year":2024,"crime_score":0.3921,"crime_nivel":"Alto","crime_color":"#f44336"},"geometry":{"type":"Polygon","coordinates":[[[-70.6631835009999,-33.4833094291313],[-70.6642693379999,-33.4833205891314],[-70.6642937139999,-33.4826389901313],[-70.6630939434999,-33.4830307621313],[-70.6631835009999,-33.4833094291313]]]}},{"type":"Feature","properties":{"id":"13121021004018","commune":"Pedro Aguirre Cerda","code":"13121","gse":"C3","quintil":"Q3","nse_score":723.5,"educ":11.9,"educ_score":593.3,"hacin":1.36,"hacin_class":"Hacinamiento Leve","hacin_score":774.5,"auto_score":38.5,"n_per":34,"n_hog":13,"source_year":2024,"crime_score":0.365,"crime_nivel":"Alto","crime_color":"#f44336"},"geometry":{"type":"Polygon","coordinates":[[[-70.6653824229999,-33.4834330801313],[-70.6656781469999,-33.4834057541313],[-70.6660633134999,-33.4832510221314],[-70.6658126919999,-33.4829091091313],[-70.6653877539999,-33.4830485401313],[-70.6653824229999,-33.4834330801313]]]}},{"type":"Feature","properties":{"id":"13121021004019","commune":"Pedro Aguirre Cerda","code":"13121","gse":"C3","quintil":"Q2","nse_score":706.1,"educ":11.7,"educ_score":580.0,"hacin":1.532,"hacin_class":"Hacinamiento Medio","hacin_score":737.8,"auto_score":55.6,"n_per":95,"n_hog":36,"source_year":2024,"crime_score":0.3797,"crime_nivel":"Alto","crime_color":"#f44336"},"geometry":{"type":"Polygon","coordinates":[[[-70.6653832989999,-33.4839306871313],[-70.6658747099999,-33.4838987811313],[-70.6663233989999,-33.4836854966313],[-70.6660974239999,-33.4833301121313],[-70.6653920259999,-33.4834808171313],[-70.6653832989999,-33.4839306871313]]]}},{"type":"Feature","properties":{"id":"13121021004020","commune":"Pedro Aguirre Cerda","code":"13121","gse":"C2","quintil":"Q3","nse_score":751.7,"educ":12.3,"educ_score":620.0,"hacin":1.302,"hacin_class":"Hacinamiento Leve","hacin_score":786.7,"auto_score":207.7,"n_per":155,"n_hog":65,"source_year":2024,"crime_score":0.3806,"crime_nivel":"Alto","crime_color":"#f44336"},"geometry":{"type":"Polygon","coordinates":[[[-70.6633423689999,-33.4836965891313],[-70.6646711779999,-33.4837178961313],[-70.6647082669999,-33.4833517131313],[-70.6631942809999,-33.4833366061314],[-70.6633423689999,-33.4836965891313]]]}},{"type":"Feature","properties":{"id":"13121021004021","commune":"Pedro Aguirre Cerda","code":"13121","gse":"C3","quintil":"Q3","nse_score":740.5,"educ":11.5,"educ_score":566.7,"hacin":1.238,"hacin_class":"Hacinamiento Leve","hacin_score":800.4,"auto_score":157.9,"n_per":52,"n_hog":19,"source_year":2024,"crime_score":0.3647,"crime_nivel":"Alto","crime_color":"#f44336"},"geometry":{"type":"Polygon","coordinates":[[[-70.6633828759999,-33.4838116201313],[-70.6635200619999,-33.4841618701313],[-70.6641055139999,-33.4841569811313],[-70.6641146189999,-33.4837742061313],[-70.6633828759999,-33.4838116201313]]]}},{"type":"Feature","properties":{"id":"13121021004022","commune":"Pedro Aguirre Cerda","code":"13121","gse":"C3","quintil":"Q3","nse_score":724.0,"educ":11.6,"educ_score":573.3,"hacin":1.324,"hacin_class":"Hacinamiento Leve","hacin_score":782.1,"auto_score":100.0,"n_per":49,"n_hog":16,"source_year":2024,"crime_score":0.3676,"crime_nivel":"Alto","crime_color":"#f44336"},"geometry":{"type":"Polygon","coordinates":[[[-70.6641378009999,-33.4841571151313],[-70.664700078,-33.4841652921313],[-70.6646959409999,-33.4838123931313],[-70.6641468709999,-33.4837748931313],[-70.6641378009999,-33.4841571151313]]]}},{"type":"Feature","properties":{"id":"13121021004023","commune":"Pedro Aguirre Cerda","code":"13121","gse":"C2","quintil":"Q3","nse_score":752.8,"educ":11.9,"educ_score":593.3,"hacin":1.177,"hacin_class":"Hacinamiento Leve","hacin_score":813.5,"auto_score":160.7,"n_per":80,"n_hog":29,"source_year":2024,"crime_score":0.3671,"crime_nivel":"Alto","crime_color":"#f44336"},"geometry":{"type":"Polygon","coordinates":[[[-70.6665738879999,-33.4849745131313],[-70.6669860454999,-33.4847874556313],[-70.6663536549999,-33.4837870771313],[-70.6659503214999,-33.4839739666313],[-70.6665738879999,-33.4849745131313]]]}},{"type":"Feature","properties":{"id":"13121021004024","commune":"Pedro Aguirre Cerda","code":"13121","gse":"C3","quintil":"Q3","nse_score":746.9,"educ":12.6,"educ_score":640.0,"hacin":1.594,"hacin_class":"Hacinamiento Medio","hacin_score":724.6,"auto_score":147.1,"n_per":110,"n_hog":36,"source_year":2024,"crime_score":0.3737,"crime_nivel":"Alto","crime_color":"#f44336"},"geometry":{"type":"Polygon","coordinates":[[[-70.6653879089999,-33.4851422291313],[-70.6658253819999,-33.4851197521313],[-70.6658336839999,-33.4839795741313],[-70.6653622549999,-33.4840331981313],[-70.6653879089999,-33.4851422291313]]]}},{"type":"Feature","properties":{"id":"13121021004025","commune":"Pedro Aguirre Cerda","code":"13121","gse":"C3","quintil":"Q3","nse_score":721.4,"educ":11.7,"educ_score":580.0,"hacin":1.369,"hacin_class":"Hacinamiento Leve","hacin_score":772.5,"auto_score":173.1,"n_per":89,"n_hog":27,"source_year":2024,"crime_score":0.3753,"crime_nivel":"Alto","crime_color":"#f44336"},"geometry":{"type":"Polygon","coordinates":[[[-70.6648089729999,-33.4851376231313],[-70.6652716059999,-33.4851228911313],[-70.6652466529999,-33.4840039511313],[-70.6647687769999,-33.4840213681313],[-70.6648089729999,-33.4851376231313]]]}},{"type":"Feature","properties":{"id":"13121021004027","commune":"Pedro Aguirre Cerda","code":"13121","gse":"C2","quintil":"Q4","nse_score":796.6,"educ":13.6,"educ_score":706.7,"hacin":1.292,"hacin_class":"Hacinamiento Leve","hacin_score":789.0,"auto_score":204.5,"n_per":62,"n_hog":24,"source_year":2024,"crime_score":0.3548,"crime_nivel":"Alto","crime_color":"#f44336"},"geometry":{"type":"Polygon","coordinates":[[[-70.6635304089999,-33.4841881351313],[-70.6636732619999,-33.4845493281313],[-70.6646955339999,-33.4845500961313],[-70.6646998139999,-33.4841923471313],[-70.6635304089999,-33.4841881351313]]]}},{"type":"Feature","properties":{"id":"13121021004028","commune":"Pedro Aguirre Cerda","code":"13121","gse":"C2","quintil":"Q4","nse_score":786.8,"educ":12.8,"educ_score":653.3,"hacin":1.127,"hacin_class":"Hacinamiento Leve","hacin_score":824.0,"auto_score":173.9,"n_per":62,"n_hog":23,"source_year":2024,"crime_score":0.3569,"crime_nivel":"Alto","crime_color":"#f44336"},"geometry":{"type":"Polygon","coordinates":[[[-70.663683697,-33.4845756221313],[-70.6638265429999,-33.4849349161313],[-70.6646907549999,-33.4849404871313],[-70.6646952069999,-33.4845771571313],[-70.663683697,-33.4845756221313]]]}},{"type":"Feature","properties":{"id":"13121021004029","commune":"Pedro Aguirre Cerda","code":"13121","gse":"C2","quintil":"Q4","nse_score":782.3,"educ":12.7,"educ_score":646.7,"hacin":1.184,"hacin_class":"Hacinamiento Leve","hacin_score":812.0,"auto_score":200.0,"n_per":58,"n_hog":20,"source_year":2024,"crime_score":0.3571,"crime_nivel":"Alto","crime_color":"#f44336"},"geometry":{"type":"Polygon","coordinates":[[[-70.6670339189999,-33.4857721391313],[-70.6674635649999,-33.4856019066313],[-70.6669995219999,-33.4848625781313],[-70.6665925074999,-33.4850558736313],[-70.6670339189999,-33.4857721391313]]]}},{"type":"Feature","properties":{"id":"13121021004030","commune":"Pedro Aguirre Cerda","code":"13121","gse":"C2","quintil":"Q4","nse_score":762.2,"educ":12.9,"educ_score":660.0,"hacin":1.308,"hacin_class":"Hacinamiento Leve","hacin_score":785.6,"auto_score":125.0,"n_per":51,"n_hog":17,"source_year":2024,"crime_score":0.3601,"crime_nivel":"Alto","crime_color":"#f44336"},"geometry":{"type":"Polygon","coordinates":[[[-70.6638369709999,-33.4849612161313],[-70.6639803309999,-33.4853232931313],[-70.6646866699999,-33.4853257681313],[-70.6646904469999,-33.4849675561313],[-70.6638369709999,-33.4849612161313]]]}},{"type":"Feature","properties":{"id":"13121021004031","commune":"Pedro Aguirre Cerda","code":"13121","gse":"C2","quintil":"Q4","nse_score":764.0,"educ":11.8,"educ_score":586.7,"hacin":0.913,"hacin_class":"Sin Hacinamiento","hacin_score":869.6,"auto_score":105.3,"n_per":42,"n_hog":19,"source_year":2024,"crime_score":0.3581,"crime_nivel":"Alto","crime_color":"#f44336"},"geometry":{"type":"Polygon","coordinates":[[[-70.6665123399999,-33.4859589991313],[-70.6669747359999,-33.4857939421313],[-70.6665136069999,-33.4850674981313],[-70.6662779209999,-33.4851826261313],[-70.6665123399999,-33.4859589991313]]]}},{"type":"Feature","properties":{"id":"13121021004032","commune":"Pedro Aguirre Cerda","code":"13121","gse":"C2","quintil":"Q3","nse_score":756.7,"educ":12.8,"educ_score":653.3,"hacin":1.057,"hacin_class":"Hacinamiento Leve","hacin_score":838.9,"auto_score":187.5,"n_per":37,"n_hog":16,"source_year":2024,"crime_score":0.3587,"crime_nivel":"Alto","crime_color":"#f44336"},"geometry":{"type":"Polygon","coordinates":[[[-70.6661422809999,-33.4851906461313],[-70.6658917089999,-33.4852377321313],[-70.6659341439999,-33.4861597501313],[-70.6664128499999,-33.4859894311313],[-70.6661422809999,-33.4851906461313]]]}},{"type":"Feature","properties":{"id":"13121021004033","commune":"Pedro Aguirre Cerda","code":"13121","gse":"C2","quintil":"Q4","nse_score":766.3,"educ":12.6,"educ_score":640.0,"hacin":1.132,"hacin_class":"Hacinamiento Leve","hacin_score":823.1,"auto_score":134.1,"n_per":86,"n_hog":41,"source_year":2024,"crime_score":0.3653,"crime_nivel":"Alto","crime_color":"#f44336"},"geometry":{"type":"Polygon","coordinates":[[[-70.6648905959999,-33.4865256531313],[-70.6653002669999,-33.4863662311313],[-70.6652470029999,-33.4851975831313],[-70.664758935,-33.4852250521313],[-70.6647421029999,-33.4863503036313],[-70.6648905959999,-33.4865256531313]]]}},{"type":"Feature","properties":{"id":"13121021004034","commune":"Pedro Aguirre Cerda","code":"13121","gse":"C2","quintil":"Q4","nse_score":767.0,"educ":12.5,"educ_score":633.3,"hacin":1.243,"hacin_class":"Hacinamiento Leve","hacin_score":799.4,"auto_score":195.7,"n_per":87,"n_hog":25,"source_year":2024,"crime_score":0.3654,"crime_nivel":"Alto","crime_color":"#f44336"},"geometry":{"type":"Polygon","coordinates":[[[-70.6654047099999,-33.4863435501313],[-70.665844294,-33.4861814681313],[-70.6658011989999,-33.4851995911313],[-70.6653517139999,-33.4852310566313],[-70.6654047099999,-33.4863435501313]]]}},{"type":"Feature","properties":{"id":"13121021004035","commune":"Pedro Aguirre Cerda","code":"13121","gse":"C2","quintil":"Q4","nse_score":797.2,"educ":13.4,"educ_score":693.3,"hacin":1.033,"hacin_class":"Hacinamiento Leve","hacin_score":844.0,"auto_score":0.0,"n_per":31,"n_hog":12,"source_year":2024,"crime_score":0.3494,"crime_nivel":"Alto","crime_color":"#f44336"},"geometry":{"type":"Polygon","coordinates":[[[-70.6639907949999,-33.4853495851313],[-70.6641352109999,-33.4857103241313],[-70.6646839079999,-33.4857209821313],[-70.6646864339999,-33.4853528281313],[-70.6639907949999,-33.4853495851313]]]}},{"type":"Feature","properties":{"id":"13121021004036","commune":"Pedro Aguirre Cerda","code":"13121","gse":"C3","quintil":"Q3","nse_score":731.6,"educ":12.3,"educ_score":620.0,"hacin":1.372,"hacin_class":"Hacinamiento Leve","hacin_score":771.9,"auto_score":120.0,"n_per":59,"n_hog":25,"source_year":2024,"crime_score":0.3678,"crime_nivel":"Alto","crime_color":"#f44336"},"geometry":{"type":"Polygon","coordinates":[[[-70.6644500709999,-33.4864491261313],[-70.6646790309999,-33.4863515021313],[-70.6646837119999,-33.4857479191313],[-70.664145689,-33.4857365581313],[-70.6644500709999,-33.4864491261313]]]}},{"type":"Feature","properties":{"id":"13121031001002","commune":"Pedro Aguirre Cerda","code":"13121","gse":"C3","quintil":"Q3","nse_score":725.3,"educ":11.7,"educ_score":580.0,"hacin":1.358,"hacin_class":"Hacinamiento Leve","hacin_score":774.9,"auto_score":137.4,"n_per":569,"n_hog":182,"source_year":2024,"crime_score":0.4123,"crime_nivel":"Alto","crime_color":"#f44336"},"geometry":{"type":"Polygon","coordinates":[[[-70.6684841179999,-33.4876030321313],[-70.6691460589999,-33.4887304351312],[-70.6694212449999,-33.4886548551313],[-70.6691621829999,-33.4887805401313],[-70.6699280539999,-33.4899318091312],[-70.6704487489999,-33.4897185661313],[-70.6711588879999,-33.4905162391312],[-70.6715338759999,-33.4903736201312],[-70.6710089839999,-33.4896730901312],[-70.6715628789999,-33.4903616351312],[-70.6722068309999,-33.4900977721313],[-70.6716958279999,-33.4893957401313],[-70.6722359199999,-33.4900859401312],[-70.6728480799999,-33.4898202911312],[-70.6724554319999,-33.4891984091312],[-70.6725518879999,-33.4891436501313],[-70.6729388599999,-33.4897935221313],[-70.6736281469999,-33.4895211871312],[-70.6732923069999,-33.4889126151313],[-70.6736571559999,-33.4895093591313],[-70.6740750269999,-33.4893257961312],[-70.6722418279999,-33.4857453661313],[-70.6711661999999,-33.4861650061313],[-70.6699363579999,-33.4871116931312],[-70.6684841179999,-33.4876030321313]]]}},{"type":"Feature","properties":{"id":"13121031001003","commune":"Pedro Aguirre Cerda","code":"13121","gse":"C3","quintil":"Q3","nse_score":735.8,"educ":11.5,"educ_score":566.7,"hacin":1.163,"hacin_class":"Hacinamiento Leve","hacin_score":816.3,"auto_score":156.7,"n_per":178,"n_hog":69,"source_year":2024,"crime_score":0.3882,"crime_nivel":"Alto","crime_color":"#f44336"},"geometry":{"type":"Polygon","coordinates":[[[-70.6678235659999,-33.4876928401313],[-70.6683876989999,-33.4875124011313],[-70.6682351669999,-33.4871370901313],[-70.6673332349999,-33.4857697521313],[-70.6667494789999,-33.4859397371313],[-70.6678235659999,-33.4876928401313]]]}},{"type":"Feature","properties":{"id":"13121031001004","commune":"Pedro Aguirre Cerda","code":"13121","gse":"C3","quintil":"Q3","nse_score":736.2,"educ":11.8,"educ_score":586.7,"hacin":1.53,"hacin_class":"Hacinamiento Medio","hacin_score":738.3,"auto_score":107.7,"n_per":228,"n_hog":72,"source_year":2024,"crime_score":0.397,"crime_nivel":"Alto","crime_color":"#f44336"},"geometry":{"type":"Polygon","coordinates":[[[-70.6671204579999,-33.4879273151313],[-70.6677166169999,-33.4877234501312],[-70.6675831559999,-33.4873733761313],[-70.6666640719999,-33.4859940591313],[-70.6660538189999,-33.4861868341313],[-70.6671204579999,-33.4879273151313]]]}},{"type":"Feature","properties":{"id":"13121031001005","commune":"Pedro Aguirre Cerda","code":"13121","gse":"C3","quintil":"Q3","nse_score":732.0,"educ":11.8,"educ_score":586.7,"hacin":1.33,"hacin_class":"Hacinamiento Leve","hacin_score":780.9,"auto_score":164.4,"n_per":238,"n_hog":77,"source_year":2024,"crime_score":0.3997,"crime_nivel":"Alto","crime_color":"#f44336"},"geometry":{"type":"Polygon","coordinates":[[[-70.6664232919999,-33.4881437641312],[-70.6670344629999,-33.4879481921312],[-70.6667668519999,-33.4874276451313],[-70.6659902369999,-33.4862318181313],[-70.6653684859999,-33.4864336631313],[-70.6664232919999,-33.4881437641312]]]}},{"type":"Feature","properties":{"id":"13121031001006","commune":"Pedro Aguirre Cerda","code":"13121","gse":"C3","quintil":"Q3","nse_score":737.0,"educ":11.7,"educ_score":580.0,"hacin":1.384,"hacin_class":"Hacinamiento Leve","hacin_score":769.3,"auto_score":185.5,"n_per":191,"n_hog":68,"source_year":2024,"crime_score":0.3902,"crime_nivel":"Alto","crime_color":"#f44336"},"geometry":{"type":"Polygon","coordinates":[[[-70.6657583919999,-33.4883710421312],[-70.666345626,-33.4881785951313],[-70.666112402,-33.4877020111313],[-70.6653081409999,-33.4864796541313],[-70.6646995379999,-33.4866676821313],[-70.6647252449999,-33.4868633361313],[-70.6657583919999,-33.4883710421312]]]}},{"type":"Feature","properties":{"id":"13121031001008","commune":"Pedro Aguirre Cerda","code":"13121","gse":"C3","quintil":"Q3","nse_score":738.3,"educ":12.1,"educ_score":606.7,"hacin":1.25,"hacin_class":"Hacinamiento Leve","hacin_score":797.9,"auto_score":93.8,"n_per":100,"n_hog":35,"source_year":2024,"crime_score":0.3737,"crime_nivel":"Alto","crime_color":"#f44336"},"geometry":{"type":"Polygon","coordinates":[[[-70.6686018029999,-33.4889757381313],[-70.6691180689999,-33.4887439271312],[-70.6684091079999,-33.4876447731313],[-70.6678961809999,-33.4877925391313],[-70.6686018029999,-33.4889757381313]]]}},{"type":"Feature","properties":{"id":"13121031001010","commune":"Pedro Aguirre Cerda","code":"13121","gse":"C3","quintil":"Q2","nse_score":719.6,"educ":12.0,"educ_score":600.0,"hacin":1.629,"hacin_class":"Hacinamiento Medio","hacin_score":717.2,"auto_score":177.8,"n_per":145,"n_hog":50,"source_year":2024,"crime_score":0.3858,"crime_nivel":"Alto","crime_color":"#f44336"},"geometry":{"type":"Polygon","coordinates":[[[-70.6671615449999,-33.4880534571312],[-70.6679266219999,-33.4893072201313],[-70.6685218949999,-33.4890142061312],[-70.6677886609999,-33.4878443091313],[-70.6671615449999,-33.4880534571312]]]}},{"type":"Feature","properties":{"id":"13121031001011","commune":"Pedro Aguirre Cerda","code":"13121","gse":"C3","quintil":"Q3","nse_score":722.9,"educ":12.0,"educ_score":600.0,"hacin":1.516,"hacin_class":"Hacinamiento Medio","hacin_score":741.2,"auto_score":157.9,"n_per":138,"n_hog":45,"source_year":2024,"crime_score":0.3838,"crime_nivel":"Alto","crime_color":"#f44336"},"geometry":{"type":"Polygon","coordinates":[[[-70.6664733069999,-33.4882648861313],[-70.6672816739999,-33.4896145311312],[-70.6678985429999,-33.4893205741312],[-70.6670897459999,-33.4880687791313],[-70.6664733069999,-33.4882648861313]]]}},{"type":"Feature","properties":{"id":"13121031001012","commune":"Pedro Aguirre Cerda","code":"13121","gse":"C3","quintil":"Q3","nse_score":725.2,"educ":11.8,"educ_score":586.7,"hacin":1.396,"hacin_class":"Hacinamiento Leve","hacin_score":766.8,"auto_score":174.4,"n_per":141,"n_hog":44,"source_year":2024,"crime_score":0.3839,"crime_nivel":"Alto","crime_color":"#f44336"},"geometry":{"type":"Polygon","coordinates":[[[-70.6667240429999,-33.4898659631312],[-70.667253608,-33.4896279001313],[-70.6664433079999,-33.4882747481312],[-70.6658317829999,-33.4884776501312],[-70.6667240429999,-33.4898659631312]]]}},{"type":"Feature","properties":{"id":"13121031001013","commune":"Pedro Aguirre Cerda","code":"13121","gse":"D","quintil":"Q2","nse_score":699.5,"educ":11.6,"educ_score":573.3,"hacin":1.222,"hacin_class":"Hacinamiento Leve","hacin_score":803.8,"auto_score":145.2,"n_per":99,"n_hog":35,"source_year":2024,"crime_score":0.3818,"crime_nivel":"Alto","crime_color":"#f44336"},"geometry":{"type":"Polygon","coordinates":[[[-70.6694106179999,-33.4901662271312],[-70.6698999609999,-33.4899451401312],[-70.6691342189999,-33.4887940571313],[-70.6686453799999,-33.4890628361313],[-70.6694106179999,-33.4901662271312]]]}},{"type":"Feature","properties":{"id":"13121031001014","commune":"Pedro Aguirre Cerda","code":"13121","gse":"C3","quintil":"Q2","nse_score":709.4,"educ":11.7,"educ_score":580.0,"hacin":1.265,"hacin_class":"Hacinamiento Leve","hacin_score":794.7,"auto_score":109.8,"n_per":105,"n_hog":47,"source_year":2024,"crime_score":0.3808,"crime_nivel":"Alto","crime_color":"#f44336"},"geometry":{"type":"Polygon","coordinates":[[[-70.6679492329999,-33.4893563781313],[-70.6687038689999,-33.4905114421313],[-70.6693342199999,-33.4902073281312],[-70.6685727569999,-33.4890888111312],[-70.6679492329999,-33.4893563781313]]]}},{"type":"Feature","properties":{"id":"13121031001015","commune":"Pedro Aguirre Cerda","code":"13121","gse":"C3","quintil":"Q3","nse_score":737.9,"educ":11.9,"educ_score":593.3,"hacin":1.288,"hacin_class":"Hacinamiento Leve","hacin_score":789.7,"auto_score":204.5,"n_per":143,"n_hog":47,"source_year":2024,"crime_score":0.3815,"crime_nivel":"Alto","crime_color":"#f44336"},"geometry":{"type":"Polygon","coordinates":[[[-70.6673109799999,-33.4896599521313],[-70.6680482649999,-33.4908219321313],[-70.6686757569999,-33.4905247501313],[-70.6679211579999,-33.4893697271312],[-70.6673109799999,-33.4896599521313]]]}},{"type":"Feature","properties":{"id":"13121031001016","commune":"Pedro Aguirre Cerda","code":"13121","gse":"C3","quintil":"Q3","nse_score":730.0,"educ":12.0,"educ_score":600.0,"hacin":1.337,"hacin_class":"Hacinamiento Leve","hacin_score":779.3,"auto_score":156.2,"n_per":107,"n_hog":33,"source_year":2024,"crime_score":0.3767,"crime_nivel":"Alto","crime_color":"#f44336"},"geometry":{"type":"Polygon","coordinates":[[[-70.6675135499999,-33.4910603461312],[-70.6680201579999,-33.4908352491312],[-70.667282897,-33.4896732891312],[-70.666770503,-33.4899396521312],[-70.6675135499999,-33.4910603461312]]]}},{"type":"Feature","properties":{"id":"13121031001017","commune":"Pedro Aguirre Cerda","code":"13121","gse":"C3","quintil":"Q3","nse_score":746.4,"educ":12.4,"educ_score":626.7,"hacin":1.263,"hacin_class":"Hacinamiento Leve","hacin_score":795.1,"auto_score":154.8,"n_per":120,"n_hog":42,"source_year":2024,"crime_score":0.3756,"crime_nivel":"Alto","crime_color":"#f44336"},"geometry":{"type":"Polygon","coordinates":[[[-70.6699396559999,-33.4899871321312],[-70.6708277809999,-33.4912758421312],[-70.6714070429999,-33.4910457581312],[-70.6703302669999,-33.4898103561313],[-70.6699396559999,-33.4899871321312]]]}},{"type":"Feature","properties":{"id":"13121031001019","commune":"Pedro Aguirre Cerda","code":"13121","gse":"C3","quintil":"Q3","nse_score":731.3,"educ":11.8,"educ_score":586.7,"hacin":1.381,"hacin_class":"Hacinamiento Leve","hacin_score":770.0,"auto_score":218.8,"n_per":116,"n_hog":34,"source_year":2024,"crime_score":0.3781,"crime_nivel":"Alto","crime_color":"#f44336"},"geometry":{"type":"Polygon","coordinates":[[[-70.6703155999999,-33.4914678461312],[-70.6707984739999,-33.4912871481312],[-70.6699115849999,-33.4900004341313],[-70.6694558774999,-33.4902551921312],[-70.6703155999999,-33.4914678461312]]]}},{"type":"Feature","properties":{"id":"13121031001020","commune":"Pedro Aguirre Cerda","code":"13121","gse":"C2","quintil":"Q4","nse_score":786.0,"educ":13.5,"educ_score":700.0,"hacin":1.325,"hacin_class":"Hacinamiento Leve","hacin_score":781.9,"auto_score":200.0,"n_per":106,"n_hog":38,"source_year":2024,"crime_score":0.3647,"crime_nivel":"Alto","crime_color":"#f44336"},"geometry":{"type":"Polygon","coordinates":[[[-70.6687331749999,-33.4905587491312],[-70.6694907539999,-33.4917314081313],[-70.6701728309999,-33.4914573071312],[-70.6693787049999,-33.4902761951312],[-70.6687331749999,-33.4905587491312]]]}},{"type":"Feature","properties":{"id":"13121031001021","commune":"Pedro Aguirre Cerda","code":"13121","gse":"C3","quintil":"Q3","nse_score":736.5,"educ":12.2,"educ_score":613.3,"hacin":1.247,"hacin_class":"Hacinamiento Leve","hacin_score":798.6,"auto_score":193.5,"n_per":91,"n_hog":33,"source_year":2024,"crime_score":0.3725,"crime_nivel":"Alto","crime_color":"#f44336"},"geometry":{"type":"Polygon","coordinates":[[[-70.6680701059999,-33.4908725401312],[-70.6688490329999,-33.4920365071312],[-70.6694614609999,-33.4917427501312],[-70.6687050599999,-33.4905720411312],[-70.6680701059999,-33.4908725401312]]]}},{"type":"Feature","properties":{"id":"13121031001023","commune":"Pedro Aguirre Cerda","code":"13121","gse":"C3","quintil":"Q3","nse_score":749.6,"educ":12.6,"educ_score":640.0,"hacin":1.398,"hacin_class":"Hacinamiento Leve","hacin_score":766.5,"auto_score":333.3,"n_per":116,"n_hog":34,"source_year":2024,"crime_score":0.3742,"crime_nivel":"Alto","crime_color":"#f44336"},"geometry":{"type":"Polygon","coordinates":[[[-70.6682876279999,-33.4922447431312],[-70.6688197089999,-33.4920478141312],[-70.6680419979999,-33.4908858421312],[-70.6675631199999,-33.4911542531312],[-70.6682876279999,-33.4922447431312]]]}},{"type":"Feature","properties":{"id":"13121031001024","commune":"Pedro Aguirre Cerda","code":"13121","gse":"C2","quintil":"Q4","nse_score":781.8,"educ":12.9,"educ_score":660.0,"hacin":1.31,"hacin_class":"Hacinamiento Leve","hacin_score":785.2,"auto_score":166.7,"n_per":148,"n_hog":48,"source_year":2024,"crime_score":0.3728,"crime_nivel":"Alto","crime_color":"#f44336"},"geometry":{"type":"Polygon","coordinates":[[[-70.6710570939999,-33.4916989961312],[-70.6708255179999,-33.4913397851312],[-70.6699144729999,-33.4917776191312],[-70.6702529929999,-33.4923261011312],[-70.6717866384999,-33.4916984946312],[-70.6714473019999,-33.4911061051312],[-70.6708547539999,-33.4913286441313],[-70.6710570939999,-33.4916989961312]]]}},{"type":"Feature","properties":{"id":"13121031001028","commune":"Pedro Aguirre Cerda","code":"13121","gse":"C2","quintil":"Q4","nse_score":761.3,"educ":12.7,"educ_score":646.7,"hacin":1.365,"hacin_class":"Hacinamiento Leve","hacin_score":773.4,"auto_score":156.9,"n_per":157,"n_hog":59,"source_year":2024,"crime_score":0.3789,"crime_nivel":"Alto","crime_color":"#f44336"},"geometry":{"type":"Polygon","coordinates":[[[-70.6698337599999,-33.4918030741312],[-70.6688760739999,-33.4920887611312],[-70.6690790069999,-33.4924544371312],[-70.6688468299999,-33.4920999611312],[-70.6683401249999,-33.4922979621312],[-70.6687027519999,-33.4928891101312],[-70.6701056029999,-33.4923423761312],[-70.6698337599999,-33.4918030741312]]]}},{"type":"Feature","properties":{"id":"13121031002004","commune":"Pedro Aguirre Cerda","code":"13121","gse":"C2","quintil":"Q4","nse_score":785.5,"educ":13.0,"educ_score":666.7,"hacin":1.369,"hacin_class":"Hacinamiento Leve","hacin_score":772.5,"auto_score":161.3,"n_per":89,"n_hog":33,"source_year":2024,"crime_score":0.3618,"crime_nivel":"Alto","crime_color":"#f44336"},"geometry":{"type":"Polygon","coordinates":[[[-70.6642135839999,-33.4890018351313],[-70.6649778009999,-33.4903256071312],[-70.6655617159999,-33.4900411061312],[-70.6647497629999,-33.4888389881312],[-70.6642135839999,-33.4890018351313]]]}},{"type":"Feature","properties":{"id":"13121031002005","commune":"Pedro Aguirre Cerda","code":"13121","gse":"C2","quintil":"Q4","nse_score":806.8,"educ":13.7,"educ_score":713.3,"hacin":1.169,"hacin_class":"Hacinamiento Leve","hacin_score":815.1,"auto_score":288.5,"n_per":90,"n_hog":26,"source_year":2024,"crime_score":0.3575,"crime_nivel":"Alto","crime_color":"#f44336"},"geometry":{"type":"Polygon","coordinates":[[[-70.6636313319999,-33.4891917286312],[-70.6643543739999,-33.4905185101313],[-70.6649478189999,-33.4903357621312],[-70.6641835189999,-33.4890116121313],[-70.6636313319999,-33.4891917286312]]]}},{"type":"Feature","properties":{"id":"13121031002006","commune":"Pedro Aguirre Cerda","code":"13121","gse":"C2","quintil":"Q4","nse_score":799.4,"educ":13.3,"educ_score":686.7,"hacin":1.139,"hacin_class":"Hacinamiento Leve","hacin_score":821.6,"auto_score":152.2,"n_per":74,"n_hog":25,"source_year":2024,"crime_score":0.3563,"crime_nivel":"Alto","crime_color":"#f44336"},"geometry":{"type":"Polygon","coordinates":[[[-70.663724483,-33.4907052481312],[-70.6643241559999,-33.4905278801312],[-70.6636012969999,-33.4892015211312],[-70.6630783719999,-33.4894199451313],[-70.663724483,-33.4907052481312]]]}},{"type":"Feature","properties":{"id":"13121031002008","commune":"Pedro Aguirre Cerda","code":"13121","gse":"C2","quintil":"Q4","nse_score":788.4,"educ":13.3,"educ_score":686.7,"hacin":1.303,"hacin_class":"Hacinamiento Leve","hacin_score":786.6,"auto_score":148.1,"n_per":86,"n_hog":28,"source_year":2024,"crime_score":0.3607,"crime_nivel":"Alto","crime_color":"#f44336"},"geometry":{"type":"Polygon","coordinates":[[[-70.6624366289999,-33.4896312364646],[-70.6630951729999,-33.4909121111312],[-70.6636263189999,-33.4907427921312],[-70.6630231059999,-33.4894488441312],[-70.6624366289999,-33.4896312364646]]]}},{"type":"Feature","properties":{"id":"13121031002009","commune":"Pedro Aguirre Cerda","code":"13121","gse":"C2","quintil":"Q4","nse_score":785.6,"educ":13.5,"educ_score":700.0,"hacin":1.117,"hacin_class":"Hacinamiento Leve","hacin_score":826.2,"auto_score":153.8,"n_per":67,"n_hog":24,"source_year":2024,"crime_score":0.358,"crime_nivel":"Alto","crime_color":"#f44336"},"geometry":{"type":"Polygon","coordinates":[[[-70.6618843729999,-33.4897999031312],[-70.6625080749999,-33.4910958111312],[-70.6630649159999,-33.4909215741312],[-70.6624067809999,-33.4896413661312],[-70.6618843729999,-33.4897999031312]]]}},{"type":"Feature","properties":{"id":"13121031002010","commune":"Pedro Aguirre Cerda","code":"13121","gse":"C2","quintil":"Q4","nse_score":801.0,"educ":13.1,"educ_score":673.3,"hacin":1.273,"hacin_class":"Hacinamiento Leve","hacin_score":793.0,"auto_score":93.8,"n_per":42,"n_hog":17,"source_year":2024,"crime_score":0.3505,"crime_nivel":"Alto","crime_color":"#f44336"},"geometry":{"type":"Polygon","coordinates":[[[-70.6621657349999,-33.4911903441312],[-70.6624778219999,-33.4911052801312],[-70.6618540309999,-33.4898090101312],[-70.6616081579999,-33.4898865141312],[-70.6621657349999,-33.4911903441312]]]}},{"type":"Feature","properties":{"id":"13121031002012","commune":"Pedro Aguirre Cerda","code":"13121","gse":"C1","quintil":"Q5","nse_score":818.1,"educ":13.3,"educ_score":686.7,"hacin":1.111,"hacin_class":"Hacinamiento Leve","hacin_score":827.4,"auto_score":214.3,"n_per":60,"n_hog":23,"source_year":2024,"crime_score":0.35,"crime_nivel":"Alto","crime_color":"#f44336"},"geometry":{"type":"Polygon","coordinates":[[[-70.6649985629999,-33.4903779001312],[-70.6655974129999,-33.4913321251312],[-70.6662076739999,-33.4910504481312],[-70.6656001079999,-33.4901108021312],[-70.6649985629999,-33.4903779001312]]]}},{"type":"Feature","properties":{"id":"13121031002013","commune":"Pedro Aguirre Cerda","code":"13121","gse":"C3","quintil":"Q3","nse_score":738.3,"educ":12.0,"educ_score":600.0,"hacin":1.254,"hacin_class":"Hacinamiento Leve","hacin_score":796.9,"auto_score":240.7,"n_per":69,"n_hog":29,"source_year":2024,"crime_score":0.3682,"crime_nivel":"Alto","crime_color":"#f44336"},"geometry":{"type":"Polygon","coordinates":[[[-70.6643879089999,-33.4905701311312],[-70.6649364829999,-33.4915437591312],[-70.6655676189999,-33.4913427101312],[-70.6649689379999,-33.4903884171313],[-70.6643879089999,-33.4905701311312]]]}},{"type":"Feature","properties":{"id":"13121031002014","commune":"Pedro Aguirre Cerda","code":"13121","gse":"C2","quintil":"Q4","nse_score":770.4,"educ":13.0,"educ_score":666.7,"hacin":1.511,"hacin_class":"Hacinamiento Medio","hacin_score":742.4,"auto_score":285.7,"n_per":71,"n_hog":21,"source_year":2024,"crime_score":0.3619,"crime_nivel":"Alto","crime_color":"#f44336"},"geometry":{"type":"Polygon","coordinates":[[[-70.664294116,-33.4917440031312],[-70.6649063629999,-33.4915533611312],[-70.6643576669999,-33.4905793921312],[-70.6637506709999,-33.4907787441312],[-70.664294116,-33.4917440031312]]]}},{"type":"Feature","properties":{"id":"13121031002016","commune":"Pedro Aguirre Cerda","code":"13121","gse":"C2","quintil":"Q4","nse_score":795.7,"educ":12.9,"educ_score":660.0,"hacin":0.942,"hacin_class":"Sin Hacinamiento","hacin_score":863.3,"auto_score":204.5,"n_per":49,"n_hog":22,"source_year":2024,"crime_score":0.3528,"crime_nivel":"Alto","crime_color":"#f44336"},"geometry":{"type":"Polygon","coordinates":[[[-70.6631190569999,-33.4909644331312],[-70.6636490669999,-33.4919608131312],[-70.6641949899999,-33.4917751921312],[-70.663693711,-33.4908198821312],[-70.6631190569999,-33.4909644331312]]]}},{"type":"Feature","properties":{"id":"13121031002017","commune":"Pedro Aguirre Cerda","code":"13121","gse":"C1","quintil":"Q5","nse_score":835.1,"educ":13.7,"educ_score":713.3,"hacin":1.016,"hacin_class":"Hacinamiento Leve","hacin_score":847.7,"auto_score":113.6,"n_per":64,"n_hog":22,"source_year":2024,"crime_score":0.3471,"crime_nivel":"Alto","crime_color":"#f44336"},"geometry":{"type":"Polygon","coordinates":[[[-70.6625422449999,-33.4911441371312],[-70.6630182289999,-33.4921685891312],[-70.6636190049999,-33.4919707041312],[-70.6630888899999,-33.4909738041312],[-70.6625422449999,-33.4911441371312]]]}},{"type":"Feature","properties":{"id":"13121031002019","commune":"Pedro Aguirre Cerda","code":"13121","gse":"C2","quintil":"Q4","nse_score":789.1,"educ":12.7,"educ_score":646.7,"hacin":1.312,"hacin_class":"Hacinamiento Leve","hacin_score":784.6,"auto_score":175.0,"n_per":63,"n_hog":20,"source_year":2024,"crime_score":0.3566,"crime_nivel":"Alto","crime_color":"#f44336"},"geometry":{"type":"Polygon","coordinates":[[[-70.6656280059999,-33.4913779681312],[-70.6662394449999,-33.4922479441312],[-70.6668103009999,-33.4919641361312],[-70.6662578249999,-33.4911103841313],[-70.6656280059999,-33.4913779681312]]]}},{"type":"Feature","properties":{"id":"13121031002020","commune":"Pedro Aguirre Cerda","code":"13121","gse":"C1","quintil":"Q5","nse_score":826.2,"educ":14.6,"educ_score":773.3,"hacin":1.154,"hacin_class":"Hacinamiento Leve","hacin_score":818.3,"auto_score":214.3,"n_per":15,"n_hog":7,"source_year":2024,"crime_score":0.3407,"crime_nivel":"Alto","crime_color":"#f44336"},"geometry":{"type":"Polygon","coordinates":[[[-70.6626696129999,-33.4922737651312],[-70.6629881239999,-33.4921783891312],[-70.6625119729999,-33.4911535471312],[-70.662183878,-33.4912950651312],[-70.6626696129999,-33.4922737651312]]]}},{"type":"Feature","properties":{"id":"13121031002021","commune":"Pedro Aguirre Cerda","code":"13121","gse":"C2","quintil":"Q4","nse_score":806.9,"educ":13.7,"educ_score":713.3,"hacin":1.268,"hacin_class":"Hacinamiento Leve","hacin_score":794.1,"auto_score":97.2,"n_per":90,"n_hog":38,"source_year":2024,"crime_score":0.3575,"crime_nivel":"Alto","crime_color":"#f44336"},"geometry":{"type":"Polygon","coordinates":[[[-70.664980151,-33.4915873531312],[-70.6655419769999,-33.4927428711312],[-70.6660970979999,-33.4927327341312],[-70.6661200699999,-33.4922495451312],[-70.6655987919999,-33.4913890911312],[-70.664980151,-33.4915873531312]]]}},{"type":"Feature","properties":{"id":"13121031002022","commune":"Pedro Aguirre Cerda","code":"13121","gse":"C1","quintil":"Q5","nse_score":824.7,"educ":14.1,"educ_score":740.0,"hacin":1.137,"hacin_class":"Hacinamiento Leve","hacin_score":821.9,"auto_score":267.9,"n_per":83,"n_hog":29,"source_year":2024,"crime_score":0.3525,"crime_nivel":"Alto","crime_color":"#f44336"},"geometry":{"type":"Polygon","coordinates":[[[-70.6648878909999,-33.4929190021312],[-70.6655100939999,-33.4927476491312],[-70.6649498699999,-33.4915970301312],[-70.6643095274999,-33.4918216566312],[-70.6648878909999,-33.4929190021312]]]}},{"type":"Feature","properties":{"id":"13121031002023","commune":"Pedro Aguirre Cerda","code":"13121","gse":"C1","quintil":"Q5","nse_score":813.0,"educ":13.5,"educ_score":700.0,"hacin":1.061,"hacin_class":"Hacinamiento Leve","hacin_score":838.2,"auto_score":129.6,"n_per":70,"n_hog":29,"source_year":2024,"crime_score":0.3528,"crime_nivel":"Alto","crime_color":"#f44336"},"geometry":{"type":"Polygon","coordinates":[[[-70.6636756179999,-33.4920134431312],[-70.6642264539999,-33.4931509391312],[-70.6647653009999,-33.4929465861312],[-70.6642385049999,-33.4918463751312],[-70.6636756179999,-33.4920134431312]]]}},{"type":"Feature","properties":{"id":"13121031002024","commune":"Pedro Aguirre Cerda","code":"13121","gse":"C1","quintil":"Q5","nse_score":830.6,"educ":14.5,"educ_score":766.7,"hacin":1.26,"hacin_class":"Hacinamiento Leve","hacin_score":795.7,"auto_score":259.3,"n_per":92,"n_hog":27,"source_year":2024,"crime_score":0.3528,"crime_nivel":"Alto","crime_color":"#f44336"},"geometry":{"type":"Polygon","coordinates":[[[-70.6630311769999,-33.4922253211312],[-70.6635571179999,-33.4933779101312],[-70.6641965159999,-33.4931610891312],[-70.6636455669999,-33.4920233041312],[-70.6630311769999,-33.4922253211312]]]}},{"type":"Feature","properties":{"id":"13121031002025","commune":"Pedro Aguirre Cerda","code":"13121","gse":"C2","quintil":"Q4","nse_score":767.3,"educ":12.2,"educ_score":613.3,"hacin":1.0,"hacin_class":"Hacinamiento Leve","hacin_score":851.1,"auto_score":214.3,"n_per":56,"n_hog":22,"source_year":2024,"crime_score":0.3599,"crime_nivel":"Alto","crime_color":"#f44336"},"geometry":{"type":"Polygon","coordinates":[[[-70.6672757469999,-33.4934733721312],[-70.6676895709999,-33.4932896591312],[-70.6668892969999,-33.4920728201312],[-70.6662814269999,-33.4922940821312],[-70.6661804939999,-33.4927710821312],[-70.6667843849999,-33.4930288301312],[-70.6672757469999,-33.4934733721312]]]}},{"type":"Feature","properties":{"id":"13121031002026","commune":"Pedro Aguirre Cerda","code":"13121","gse":"C2","quintil":"Q4","nse_score":791.9,"educ":13.4,"educ_score":693.3,"hacin":1.079,"hacin_class":"Hacinamiento Leve","hacin_score":834.3,"auto_score":107.1,"n_per":41,"n_hog":15,"source_year":2024,"crime_score":0.3522,"crime_nivel":"Alto","crime_color":"#f44336"},"geometry":{"type":"Polygon","coordinates":[[[-70.6632513029999,-33.4934713551312],[-70.6635270969999,-33.4933878941312],[-70.6630010259999,-33.4922349391312],[-70.6626986319999,-33.4923692466312],[-70.6632513029999,-33.4934713551312]]]}},{"type":"Feature","properties":{"id":"13121031002027","commune":"Pedro Aguirre Cerda","code":"13121","gse":"C2","quintil":"Q4","nse_score":770.8,"educ":12.6,"educ_score":640.0,"hacin":1.169,"hacin_class":"Hacinamiento Leve","hacin_score":815.1,"auto_score":218.8,"n_per":346,"n_hog":129,"source_year":2024,"crime_score":0.4018,"crime_nivel":"Alto","crime_color":"#f44336"},"geometry":{"type":"Polygon","coordinates":[[[-70.6656049759999,-33.4928000031312],[-70.6658676699999,-33.4935340691312],[-70.6655959789999,-33.4929874571312],[-70.6655749119999,-33.4928034361312],[-70.6648717409999,-33.4930028131312],[-70.6652169449999,-33.4937763621312],[-70.6648419979999,-33.4930132981312],[-70.6642609709999,-33.4932132191312],[-70.6646235239999,-33.4940255481312],[-70.6642310819999,-33.4932234431312],[-70.6635931779999,-33.4934408131312],[-70.6640041909999,-33.4942479971312],[-70.6637530169999,-33.4938298981312],[-70.6634343999999,-33.4939369331312],[-70.6638361649999,-33.4947747561312],[-70.6671381464999,-33.4935101786312],[-70.6668233659999,-33.4931403301312],[-70.6663320959999,-33.4928850781312],[-70.6662005749999,-33.4928485601312],[-70.6663743299999,-33.4933455201312],[-70.6661686569999,-33.4928407211312],[-70.6656049759999,-33.4928000031312]]]}},{"type":"Feature","properties":{"id":"13121031002028","commune":"Pedro Aguirre Cerda","code":"13121","gse":"C3","quintil":"Q3","nse_score":727.5,"educ":12.2,"educ_score":613.3,"hacin":1.25,"hacin_class":"Hacinamiento Leve","hacin_score":797.9,"auto_score":142.9,"n_per":20,"n_hog":7,"source_year":2024,"crime_score":0.3617,"crime_nivel":"Alto","crime_color":"#f44336"},"geometry":{"type":"Polygon","coordinates":[[[-70.6632766236666,-33.4936038687979],[-70.6633838929999,-33.4938303101312],[-70.6636962969999,-33.4937173901312],[-70.6635632659999,-33.4934509431312],[-70.6632766236666,-33.4936038687979]]]}},{"type":"Feature","properties":{"id":"13121031002030","commune":"Pedro Aguirre Cerda","code":"13121","gse":"C2","quintil":"Q4","nse_score":783.6,"educ":13.2,"educ_score":680.0,"hacin":1.178,"hacin_class":"Hacinamiento Leve","hacin_score":813.1,"auto_score":197.0,"n_per":304,"n_hog":102,"source_year":2024,"crime_score":0.3988,"crime_nivel":"Alto","crime_color":"#f44336"},"geometry":{"type":"Polygon","coordinates":[[[-70.6672251439999,-33.4936658701312],[-70.6639211139999,-33.4948971991312],[-70.6643914929999,-33.4959755661311],[-70.6646676839999,-33.4959035141312],[-70.6643854249999,-33.4952328461312],[-70.6646975969999,-33.4958933181312],[-70.6653169279999,-33.4956873131312],[-70.6649812019999,-33.4949888881312],[-70.6653469469999,-33.4956773321312],[-70.6659567819999,-33.4954745951312],[-70.66562081,-33.4947530861312],[-70.6659867939999,-33.4954645981312],[-70.6666063589999,-33.4952412641312],[-70.6662558969999,-33.4945019751312],[-70.6666336389999,-33.4952261881312],[-70.6669812889999,-33.4949413231312],[-70.6672319149999,-33.4945855661312],[-70.6669824179999,-33.4944564201312],[-70.6668429879999,-33.4942591431312],[-70.6672416569999,-33.4945596981312],[-70.6673292679999,-33.4942095951312],[-70.6672251439999,-33.4936658701312]]]}},{"type":"Feature","properties":{"id":"13121031003002","commune":"Pedro Aguirre Cerda","code":"13121","gse":"C3","quintil":"Q3","nse_score":744.3,"educ":11.9,"educ_score":593.3,"hacin":1.199,"hacin_class":"Hacinamiento Leve","hacin_score":808.7,"auto_score":74.3,"n_per":265,"n_hog":103,"source_year":2024,"crime_score":0.4017,"crime_nivel":"Alto","crime_color":"#f44336"},"geometry":{"type":"Polygon","coordinates":[[[-70.6689077169999,-33.4945474991312],[-70.6696703259999,-33.4956863351312],[-70.6702869889999,-33.4954557951312],[-70.6686780639999,-33.4930632191312],[-70.6684253219999,-33.4931603031312],[-70.6692154089999,-33.4943878926312],[-70.6689077169999,-33.4945474991312]]]}},{"type":"Feature","properties":{"id":"13121031003005","commune":"Pedro Aguirre Cerda","code":"13121","gse":"C3","quintil":"Q3","nse_score":749.2,"educ":12.9,"educ_score":660.0,"hacin":1.46,"hacin_class":"Hacinamiento Leve","hacin_score":753.1,"auto_score":92.6,"n_per":92,"n_hog":30,"source_year":2024,"crime_score":0.37,"crime_nivel":"Alto","crime_color":"#f44336"},"geometry":{"type":"Polygon","coordinates":[[[-70.6673056539999,-33.4936411631312],[-70.6674109409999,-33.4940848856312],[-70.6673445879999,-33.4946146501312],[-70.6678788059999,-33.4948025831312],[-70.6685120529999,-33.4945665391312],[-70.6677833099999,-33.4934373791312],[-70.6673056539999,-33.4936411631312]]]}},{"type":"Feature","properties":{"id":"13121031003006","commune":"Pedro Aguirre Cerda","code":"13121","gse":"C3","quintil":"Q3","nse_score":750.2,"educ":12.5,"educ_score":633.3,"hacin":1.353,"hacin_class":"Hacinamiento Leve","hacin_score":776.0,"auto_score":163.0,"n_per":253,"n_hog":92,"source_year":2024,"crime_score":0.3983,"crime_nivel":"Alto","crime_color":"#f44336"},"geometry":{"type":"Polygon","coordinates":[[[-70.6686075789999,-33.4935222231312],[-70.66808348,-33.4937684021312],[-70.6686524089999,-33.4946309821312],[-70.6688613099999,-33.4945380611312],[-70.6688130109999,-33.4944581541312],[-70.6691777549999,-33.4943853751312],[-70.6686075789999,-33.4935222231312]]]}},{"type":"Feature","properties":{"id":"13121031003009","commune":"Pedro Aguirre Cerda","code":"13121","gse":"C2","quintil":"Q3","nse_score":756.5,"educ":12.0,"educ_score":600.0,"hacin":1.275,"hacin_class":"Hacinamiento Leve","hacin_score":792.5,"auto_score":234.0,"n_per":139,"n_hog":51,"source_year":2024,"crime_score":0.3767,"crime_nivel":"Alto","crime_color":"#f44336"},"geometry":{"type":"Polygon","coordinates":[[[-70.6673231759999,-33.4946727561312],[-70.6670145289999,-33.4950203841312],[-70.6674746549999,-33.4953395181311],[-70.6681241249999,-33.4962978201312],[-70.6687143539999,-33.4960606841312],[-70.6679711999999,-33.4949289961312],[-70.6673231759999,-33.4946727561312]]]}},{"type":"Feature","properties":{"id":"13121031003010","commune":"Pedro Aguirre Cerda","code":"13121","gse":"C3","quintil":"Q3","nse_score":744.4,"educ":12.9,"educ_score":660.0,"hacin":1.171,"hacin_class":"Hacinamiento Leve","hacin_score":814.7,"auto_score":220.0,"n_per":89,"n_hog":26,"source_year":2024,"crime_score":0.3705,"crime_nivel":"Alto","crime_color":"#f44336"},"geometry":{"type":"Polygon","coordinates":[[[-70.6674698729999,-33.4965499941312],[-70.6680950129999,-33.4963095191312],[-70.6674486279999,-33.4953555371312],[-70.6669942519999,-33.4950412841312],[-70.6666643879999,-33.4953187896312],[-70.6674698729999,-33.4965499941312]]]}},{"type":"Feature","properties":{"id":"13121031003011","commune":"Pedro Aguirre Cerda","code":"13121","gse":"C2","quintil":"Q4","nse_score":760.2,"educ":12.4,"educ_score":626.7,"hacin":1.113,"hacin_class":"Hacinamiento Leve","hacin_score":827.0,"auto_score":170.5,"n_per":118,"n_hog":47,"source_year":2024,"crime_score":0.3723,"crime_nivel":"Alto","crime_color":"#f44336"},"geometry":{"type":"Polygon","coordinates":[[[-70.666008056,-33.4955375841311],[-70.6667998919999,-33.4968325721312],[-70.6673779794999,-33.4965544686312],[-70.6666186219999,-33.4953512241312],[-70.666008056,-33.4955375841311]]]}},{"type":"Feature","properties":{"id":"13121031003012","commune":"Pedro Aguirre Cerda","code":"13121","gse":"C3","quintil":"Q3","nse_score":739.2,"educ":11.9,"educ_score":593.3,"hacin":1.264,"hacin_class":"Hacinamiento Leve","hacin_score":794.8,"auto_score":118.3,"n_per":244,"n_hog":94,"source_year":2024,"crime_score":0.3992,"crime_nivel":"Alto","crime_color":"#f44336"},"geometry":{"type":"Polygon","coordinates":[[[-70.6701616989999,-33.4962763171312],[-70.6707632709999,-33.4971832391311],[-70.6713154629999,-33.4969790981311],[-70.6703425939999,-33.4955137841312],[-70.6700457059999,-33.4956101471312],[-70.6703947949999,-33.4961506661312],[-70.6701616989999,-33.4962763171312]]]}},{"type":"Feature","properties":{"id":"13121031003013","commune":"Pedro Aguirre Cerda","code":"13121","gse":"C3","quintil":"Q3","nse_score":730.0,"educ":12.1,"educ_score":606.7,"hacin":1.32,"hacin_class":"Hacinamiento Leve","hacin_score":783.0,"auto_score":142.9,"n_per":66,"n_hog":21,"source_year":2024,"crime_score":0.3694,"crime_nivel":"Alto","crime_color":"#f44336"},"geometry":{"type":"Polygon","coordinates":[[[-70.6653575779999,-33.4957547301312],[-70.6661569449999,-33.4970912051311],[-70.666770863,-33.4968443631311],[-70.6659781289999,-33.4955475101312],[-70.6653575779999,-33.4957547301312]]]}},{"type":"Feature","properties":{"id":"13121031003014","commune":"Pedro Aguirre Cerda","code":"13121","gse":"C3","quintil":"Q3","nse_score":730.7,"educ":11.9,"educ_score":593.3,"hacin":1.478,"hacin_class":"Hacinamiento Leve","hacin_score":749.3,"auto_score":127.5,"n_per":136,"n_hog":53,"source_year":2024,"crime_score":0.3818,"crime_nivel":"Alto","crime_color":"#f44336"},"geometry":{"type":"Polygon","coordinates":[[[-70.6694920009999,-33.4958173261312],[-70.6698225819999,-33.4964009451312],[-70.6703573179999,-33.4961481801311],[-70.6700160959999,-33.4956209941311],[-70.6694920009999,-33.4958173261312]]]}},{"type":"Feature","properties":{"id":"13121031003015","commune":"Pedro Aguirre Cerda","code":"13121","gse":"C3","quintil":"Q2","nse_score":715.6,"educ":11.4,"educ_score":560.0,"hacin":1.544,"hacin_class":"Hacinamiento Medio","hacin_score":735.3,"auto_score":225.8,"n_per":105,"n_hog":30,"source_year":2024,"crime_score":0.3795,"crime_nivel":"Alto","crime_color":"#f44336"},"geometry":{"type":"Polygon","coordinates":[[[-70.6647115329999,-33.4959706931312],[-70.6655370899999,-33.4973402551311],[-70.6661278619999,-33.4971028811311],[-70.6653276829999,-33.4957647041312],[-70.6647115329999,-33.4959706931312]]]}},{"type":"Feature","properties":{"id":"13121031003016","commune":"Pedro Aguirre Cerda","code":"13121","gse":"C3","quintil":"Q3","nse_score":722.0,"educ":11.6,"educ_score":573.3,"hacin":1.514,"hacin_class":"Hacinamiento Medio","hacin_score":741.6,"auto_score":131.6,"n_per":159,"n_hog":60,"source_year":2024,"crime_score":0.3878,"crime_nivel":"Alto","crime_color":"#f44336"},"geometry":{"type":"Polygon","coordinates":[[[-70.6689250899999,-33.4960384141312],[-70.6698082549999,-33.4975464891311],[-70.6703351669999,-33.4973263261312],[-70.6693671369999,-33.4958733111312],[-70.6689250899999,-33.4960384141312]]]}},{"type":"Feature","properties":{"id":"13121031003017","commune":"Pedro Aguirre Cerda","code":"13121","gse":"C3","quintil":"Q3","nse_score":741.1,"educ":11.6,"educ_score":573.3,"hacin":1.405,"hacin_class":"Hacinamiento Leve","hacin_score":764.9,"auto_score":235.3,"n_per":59,"n_hog":20,"source_year":2024,"crime_score":0.3659,"crime_nivel":"Alto","crime_color":"#f44336"},"geometry":{"type":"Polygon","coordinates":[[[-70.6651015229999,-33.4974952421312],[-70.6655080159999,-33.4973519281311],[-70.6646815849999,-33.4959805411311],[-70.6644748859999,-33.4960475541311],[-70.6651015229999,-33.4974952421312]]]}},{"type":"Feature","properties":{"id":"13121031003018","commune":"Pedro Aguirre Cerda","code":"13121","gse":"C3","quintil":"Q3","nse_score":742.2,"educ":12.1,"educ_score":606.7,"hacin":1.241,"hacin_class":"Hacinamiento Leve","hacin_score":799.7,"auto_score":180.9,"n_per":144,"n_hog":50,"source_year":2024,"crime_score":0.3807,"crime_nivel":"Alto","crime_color":"#f44336"},"geometry":{"type":"Polygon","coordinates":[[[-70.6684630699999,-33.4962240481312],[-70.6693410549999,-33.4977330361311],[-70.6697792169999,-33.4975582291311],[-70.6688960739999,-33.4960500491312],[-70.6684630699999,-33.4962240481312]]]}},{"type":"Feature","properties":{"id":"13121031003020","commune":"Pedro Aguirre Cerda","code":"13121","gse":"C2","quintil":"Q4","nse_score":780.7,"educ":12.9,"educ_score":660.0,"hacin":1.252,"hacin_class":"Hacinamiento Leve","hacin_score":797.3,"auto_score":137.5,"n_per":124,"n_hog":40,"source_year":2024,"crime_score":0.3689,"crime_nivel":"Alto","crime_color":"#f44336"},"geometry":{"type":"Polygon","coordinates":[[[-70.6688854479999,-33.4979074371311],[-70.6693118879999,-33.4977445381312],[-70.6684340189999,-33.4962357061312],[-70.6680420249999,-33.4963933171312],[-70.6688854479999,-33.4979074371311]]]}},{"type":"Feature","properties":{"id":"13121031003022","commune":"Pedro Aguirre Cerda","code":"13121","gse":"C1","quintil":"Q5","nse_score":842.2,"educ":14.4,"educ_score":760.0,"hacin":1.141,"hacin_class":"Hacinamiento Leve","hacin_score":821.0,"auto_score":189.2,"n_per":105,"n_hog":39,"source_year":2024,"crime_score":0.3525,"crime_nivel":"Alto","crime_color":"#f44336"},"geometry":{"type":"Polygon","coordinates":[[[-70.6683310519999,-33.4981157351311],[-70.6688401254999,-33.4979213346311],[-70.6679873239999,-33.4964222161311],[-70.6674871579999,-33.4966642871312],[-70.6683310519999,-33.4981157351311]]]}},{"type":"Feature","properties":{"id":"13121031003023","commune":"Pedro Aguirre Cerda","code":"13121","gse":"C1","quintil":"Q5","nse_score":811.2,"educ":14.2,"educ_score":746.7,"hacin":1.176,"hacin_class":"Hacinamiento Leve","hacin_score":813.7,"auto_score":276.3,"n_per":107,"n_hog":36,"source_year":2024,"crime_score":0.3595,"crime_nivel":"Alto","crime_color":"#f44336"},"geometry":{"type":"Polygon","coordinates":[[[-70.6669782789999,-33.4968171131312],[-70.6678495939999,-33.4983316091311],[-70.6682588579999,-33.4981557561312],[-70.6674036979999,-33.4966703901312],[-70.6669782789999,-33.4968171131312]]]}},{"type":"Feature","properties":{"id":"13121031003024","commune":"Pedro Aguirre Cerda","code":"13121","gse":"C3","quintil":"Q3","nse_score":746.8,"educ":12.0,"educ_score":600.0,"hacin":1.328,"hacin_class":"Hacinamiento Leve","hacin_score":781.3,"auto_score":151.3,"n_per":247,"n_hog":81,"source_year":2024,"crime_score":0.398,"crime_nivel":"Alto","crime_color":"#f44336"},"geometry":{"type":"Polygon","coordinates":[[[-70.6660336494999,-33.4971988131312],[-70.6669213039999,-33.4987076301311],[-70.667354557,-33.4985335281311],[-70.6668573899999,-33.4976261651311],[-70.6673835909999,-33.4985217721311],[-70.6678206429999,-33.4983434851312],[-70.6669491909999,-33.4968287061311],[-70.6660336494999,-33.4971988131312]]]}},{"type":"Feature","properties":{"id":"13121031003026","commune":"Pedro Aguirre Cerda","code":"13121","gse":"C2","quintil":"Q4","nse_score":772.1,"educ":12.3,"educ_score":620.0,"hacin":1.141,"hacin_class":"Hacinamiento Leve","hacin_score":821.0,"auto_score":263.9,"n_per":113,"n_hog":39,"source_year":2024,"crime_score":0.3688,"crime_nivel":"Alto","crime_color":"#f44336"},"geometry":{"type":"Polygon","coordinates":[[[-70.6655863939999,-33.4973833441312],[-70.6664573469999,-33.4988959641311],[-70.6668922579999,-33.4987193641311],[-70.6660046789999,-33.4972106351311],[-70.6655863939999,-33.4973833441312]]]}},{"type":"Feature","properties":{"id":"13121031003027","commune":"Pedro Aguirre Cerda","code":"13121","gse":"C2","quintil":"Q4","nse_score":771.6,"educ":12.5,"educ_score":633.3,"hacin":1.238,"hacin_class":"Hacinamiento Leve","hacin_score":800.4,"auto_score":78.1,"n_per":104,"n_hog":36,"source_year":2024,"crime_score":0.3674,"crime_nivel":"Alto","crime_color":"#f44336"},"geometry":{"type":"Polygon","coordinates":[[[-70.6658852779999,-33.4991202391311],[-70.6664283779999,-33.4989078111311],[-70.6655573629999,-33.4973950511312],[-70.6651436709999,-33.4976006641311],[-70.6658852779999,-33.4991202391311]]]}},{"type":"Feature","properties":{"id":"13121031003028","commune":"Pedro Aguirre Cerda","code":"13121","gse":"C2","quintil":"Q4","nse_score":769.4,"educ":12.7,"educ_score":646.7,"hacin":1.217,"hacin_class":"Hacinamiento Leve","hacin_score":805.0,"auto_score":96.2,"n_per":73,"n_hog":26,"source_year":2024,"crime_score":0.3624,"crime_nivel":"Alto","crime_color":"#f44336"},"geometry":{"type":"Polygon","coordinates":[[[-70.6688474599999,-33.4979901651311],[-70.669492052,-33.4990898081311],[-70.6701724879999,-33.4987459511311],[-70.6709014009999,-33.4981547831311],[-70.6703305539999,-33.4974047271311],[-70.6688474599999,-33.4979901651311]]]}},{"type":"Feature","properties":{"id":"13121031003030","commune":"Pedro Aguirre Cerda","code":"13121","gse":"C3","quintil":"Q2","nse_score":711.4,"educ":11.3,"educ_score":553.3,"hacin":1.151,"hacin_class":"Hacinamiento Leve","hacin_score":818.8,"auto_score":250.0,"n_per":38,"n_hog":19,"source_year":2024,"crime_score":0.3682,"crime_nivel":"Alto","crime_color":"#f44336"},"geometry":{"type":"Polygon","coordinates":[[[-70.6688980979999,-33.4993047311311],[-70.6694633349999,-33.4991022011311],[-70.6688182329999,-33.4980016781311],[-70.6683909714999,-33.4981976956311],[-70.6688980979999,-33.4993047311311]]]}},{"type":"Feature","properties":{"id":"13121031003031","commune":"Pedro Aguirre Cerda","code":"13121","gse":"C1","quintil":"Q5","nse_score":812.1,"educ":13.7,"educ_score":713.3,"hacin":1.204,"hacin_class":"Hacinamiento Leve","hacin_score":807.7,"auto_score":258.6,"n_per":183,"n_hog":59,"source_year":2024,"crime_score":0.3722,"crime_nivel":"Alto","crime_color":"#f44336"},"geometry":{"type":"Polygon","coordinates":[[[-70.6682310229999,-33.4982435551311],[-70.6659496609999,-33.4991662571311],[-70.6659136239999,-33.4992452491311],[-70.6663153,-33.4996299671311],[-70.6664408929999,-33.4993918831311],[-70.6680534989999,-33.4987589351311],[-70.6682818349999,-33.4991109921311],[-70.668613423,-33.4989867991312],[-70.6684541034999,-33.4984505426311],[-70.6682310229999,-33.4982435551311]]]}},{"type":"Feature","properties":{"id":"13121031003032","commune":"Pedro Aguirre Cerda","code":"13121","gse":"C1","quintil":"Q5","nse_score":813.3,"educ":13.2,"educ_score":680.0,"hacin":1.122,"hacin_class":"Hacinamiento Leve","hacin_score":825.1,"auto_score":375.0,"n_per":46,"n_hog":20,"source_year":2024,"crime_score":0.3486,"crime_nivel":"Alto","crime_color":"#f44336"},"geometry":{"type":"Polygon","coordinates":[[[-70.6672964056666,-33.4990860301311],[-70.667494959,-33.4994164281311],[-70.668252477,-33.4991221691311],[-70.6680529659999,-33.4987890171311],[-70.6672964056666,-33.4990860301311]]]}},{"type":"Feature","properties":{"id":"13121031003033","commune":"Pedro Aguirre Cerda","code":"13121","gse":"C2","quintil":"Q4","nse_score":790.5,"educ":13.5,"educ_score":700.0,"hacin":1.18,"hacin_class":"Hacinamiento Leve","hacin_score":812.8,"auto_score":142.9,"n_per":59,"n_hog":21,"source_year":2024,"crime_score":0.3556,"crime_nivel":"Alto","crime_color":"#f44336"},"geometry":{"type":"Polygon","coordinates":[[[-70.6677320649999,-33.4997779021311],[-70.6688048919999,-33.4993744201311],[-70.6688525694999,-33.4993105076311],[-70.6686391959999,-33.4990341571311],[-70.6676044629999,-33.4994388961311],[-70.6677320649999,-33.4997779021311]]]}},{"type":"Feature","properties":{"id":"13121031003034","commune":"Pedro Aguirre Cerda","code":"13121","gse":"C3","quintil":"Q2","nse_score":718.6,"educ":11.9,"educ_score":593.3,"hacin":1.265,"hacin_class":"Hacinamiento Leve","hacin_score":794.7,"auto_score":214.3,"n_per":43,"n_hog":14,"source_year":2024,"crime_score":0.3677,"crime_nivel":"Alto","crime_color":"#f44336"},"geometry":{"type":"Polygon","coordinates":[[[-70.6673005859999,-33.4999279544644],[-70.6676435054999,-33.4998044086311],[-70.6672672749999,-33.4990976231311],[-70.666920865,-33.4992379111312],[-70.6673005859999,-33.4999279544644]]]}},{"type":"Feature","properties":{"id":"13121031003035","commune":"Pedro Aguirre Cerda","code":"13121","gse":"C1","quintil":"Q5","nse_score":841.9,"educ":14.4,"educ_score":760.0,"hacin":1.273,"hacin_class":"Hacinamiento Leve","hacin_score":793.0,"auto_score":187.5,"n_per":28,"n_hog":8,"source_year":2024,"crime_score":0.3397,"crime_nivel":"Alto","crime_color":"#f44336"},"geometry":{"type":"Polygon","coordinates":[[[-70.6663447939999,-33.4996409091311],[-70.6672681409999,-33.4999334151311],[-70.6668917199999,-33.4992493641311],[-70.6664472409999,-33.4994289981311],[-70.6663447939999,-33.4996409091311]]]}},{"type":"Feature","properties":{"id":"13121031003007","commune":"Pedro Aguirre Cerda","code":"13121","gse":"C3","quintil":"Q3","nse_score":739.4,"educ":11.8,"educ_score":586.7,"hacin":1.21,"hacin_class":"Hacinamiento Leve","hacin_score":806.4,"auto_score":200.0,"n_per":98,"n_hog":37,"source_year":2024,"crime_score":0.3731,"crime_nivel":"Alto","crime_color":"#f44336"},"geometry":{"type":"MultiPolygon","coordinates":[[[[-70.6680000609999,-33.4949172581312],[-70.6687434699999,-33.4960489891311],[-70.6693299329999,-33.4958047011312],[-70.6685572279999,-33.4946200661312],[-70.6680000609999,-33.4949172581312]]],[[[-70.6694141379999,-33.4957630861312],[-70.6696407749999,-33.4956972271312],[-70.6688794769999,-33.4945605961312],[-70.6686679569999,-33.4946545771312],[-70.6694141379999,-33.4957630861312]]]]}},{"type":"Feature","properties":{"id":"13121031004001","commune":"Pedro Aguirre Cerda","code":"13121","gse":"C3","quintil":"Q3","nse_score":743.8,"educ":12.2,"educ_score":613.3,"hacin":1.454,"hacin_class":"Hacinamiento Leve","hacin_score":754.4,"auto_score":90.2,"n_per":192,"n_hog":66,"source_year":2024,"crime_score":0.3889,"crime_nivel":"Alto","crime_color":"#f44336"},"geometry":{"type":"Polygon","coordinates":[[[-70.6740981259999,-33.4904860791312],[-70.6736373919999,-33.4895737931312],[-70.6729780919999,-33.4898549486312],[-70.6736732589999,-33.4909916291312],[-70.6746755969999,-33.4906330881312],[-70.6741147739999,-33.4894032331313],[-70.6736663569999,-33.4895619881312],[-70.6740981259999,-33.4904860791312]]]}},{"type":"Feature","properties":{"id":"13121031004002","commune":"Pedro Aguirre Cerda","code":"13121","gse":"C3","quintil":"Q3","nse_score":728.2,"educ":11.6,"educ_score":573.3,"hacin":1.266,"hacin_class":"Hacinamiento Leve","hacin_score":794.4,"auto_score":109.6,"n_per":333,"n_hog":121,"source_year":2024,"crime_score":0.4117,"crime_nivel":"Alto","crime_color":"#f44336"},"geometry":{"type":"Polygon","coordinates":[[[-70.6727996929999,-33.4909631331312],[-70.6722327839999,-33.4901435001312],[-70.6715992929999,-33.4904028451312],[-70.6719619909999,-33.4908816891312],[-70.6720612039999,-33.4911236121313],[-70.6715702729999,-33.4904148401312],[-70.6712259154999,-33.4905755171312],[-70.6719631079999,-33.4916696211312],[-70.6735764499999,-33.4910504981312],[-70.6728928969999,-33.4898872501312],[-70.6722617179999,-33.4901317351312],[-70.6727996929999,-33.4909631331312]]]}},{"type":"Feature","properties":{"id":"13121031004003","commune":"Pedro Aguirre Cerda","code":"13121","gse":"C3","quintil":"Q2","nse_score":708.0,"educ":11.7,"educ_score":580.0,"hacin":1.459,"hacin_class":"Hacinamiento Leve","hacin_score":753.4,"auto_score":83.3,"n_per":89,"n_hog":31,"source_year":2024,"crime_score":0.3782,"crime_nivel":"Alto","crime_color":"#f44336"},"geometry":{"type":"Polygon","coordinates":[[[-70.6743271689999,-33.4908903391312],[-70.6749656099999,-33.4921559331312],[-70.6753842369999,-33.4919793171312],[-70.6747338469999,-33.4907386651312],[-70.6743271689999,-33.4908903391312]]]}},{"type":"Feature","properties":{"id":"13121031004004","commune":"Pedro Aguirre Cerda","code":"13121","gse":"C3","quintil":"Q3","nse_score":743.0,"educ":11.5,"educ_score":566.7,"hacin":1.179,"hacin_class":"Hacinamiento Leve","hacin_score":813.1,"auto_score":241.4,"n_per":99,"n_hog":31,"source_year":2024,"crime_score":0.3726,"crime_nivel":"Alto","crime_color":"#f44336"},"geometry":{"type":"Polygon","coordinates":[[[-70.6743396539999,-33.4923830991312],[-70.6749362779999,-33.4921672551312],[-70.6742979229999,-33.4909016101312],[-70.6737476119999,-33.4911541851312],[-70.6743396539999,-33.4923830991312]]]}},{"type":"Feature","properties":{"id":"13121031004005","commune":"Pedro Aguirre Cerda","code":"13121","gse":"D","quintil":"Q2","nse_score":691.8,"educ":11.6,"educ_score":573.3,"hacin":1.703,"hacin_class":"Hacinamiento Medio","hacin_score":701.5,"auto_score":140.0,"n_per":172,"n_hog":60,"source_year":2024,"crime_score":0.3968,"crime_nivel":"Alto","crime_color":"#f44336"},"geometry":{"type":"Polygon","coordinates":[[[-70.6730312739999,-33.4913890381312],[-70.6736599239999,-33.4926641721312],[-70.6742634989999,-33.4924237521312],[-70.6736582949999,-33.4911665271312],[-70.6730312739999,-33.4913890381312]]]}},{"type":"Feature","properties":{"id":"13121031004006","commune":"Pedro Aguirre Cerda","code":"13121","gse":"C3","quintil":"Q3","nse_score":749.2,"educ":12.5,"educ_score":633.3,"hacin":1.609,"hacin_class":"Hacinamiento Medio","hacin_score":721.4,"auto_score":176.5,"n_per":140,"n_hog":43,"source_year":2024,"crime_score":0.3785,"crime_nivel":"Alto","crime_color":"#f44336"},"geometry":{"type":"Polygon","coordinates":[[[-70.6723774384999,-33.4916414021312],[-70.6729990559999,-33.4929182041312],[-70.6736305829999,-33.4926754841312],[-70.6730020429999,-33.4914002871312],[-70.6723774384999,-33.4916414021312]]]}},{"type":"Feature","properties":{"id":"13121031004007","commune":"Pedro Aguirre Cerda","code":"13121","gse":"C2","quintil":"Q4","nse_score":769.8,"educ":12.7,"educ_score":646.7,"hacin":1.222,"hacin_class":"Hacinamiento Leve","hacin_score":803.8,"auto_score":100.0,"n_per":55,"n_hog":24,"source_year":2024,"crime_score":0.3592,"crime_nivel":"Alto","crime_color":"#f44336"},"geometry":{"type":"Polygon","coordinates":[[[-70.6726253389999,-33.4930580991312],[-70.6729697499999,-33.4929295661312],[-70.6723481869999,-33.4916526551312],[-70.6720004229999,-33.4918250341312],[-70.6726253389999,-33.4930580991312]]]}},{"type":"Feature","properties":{"id":"13121031004008","commune":"Pedro Aguirre Cerda","code":"13121","gse":"C2","quintil":"Q3","nse_score":753.6,"educ":12.3,"educ_score":620.0,"hacin":1.292,"hacin_class":"Hacinamiento Leve","hacin_score":788.8,"auto_score":148.6,"n_per":464,"n_hog":159,"source_year":2024,"crime_score":0.4058,"crime_nivel":"Alto","crime_color":"#f44336"},"geometry":{"type":"Polygon","coordinates":[[[-70.6704528459999,-33.4926228211312],[-70.6702657719999,-33.4926962231312],[-70.67009178,-33.4925214301312],[-70.6688078844999,-33.4930448296312],[-70.6691267869999,-33.4935373741312],[-70.6698037599999,-33.4932635081312],[-70.6691424529999,-33.4935610371312],[-70.669438753,-33.4940092641312],[-70.6701004069999,-33.4937186391312],[-70.6694543309999,-33.4940328571312],[-70.6697617929999,-33.4944992921312],[-70.6704287059999,-33.4942315171312],[-70.6697773729999,-33.4945229921312],[-70.6700814369999,-33.4949869951311],[-70.6707357989999,-33.4947187551312],[-70.6700969874999,-33.4950107036312],[-70.6703662719999,-33.4954050631312],[-70.6730767909999,-33.4944408611312],[-70.6718611169999,-33.4918749381313],[-70.6704107539999,-33.4923990381312],[-70.6704528459999,-33.4926228211312]]]}},{"type":"Feature","properties":{"id":"13121031004009","commune":"Pedro Aguirre Cerda","code":"13121","gse":"D","quintil":"Q1","nse_score":659.0,"educ":11.5,"educ_score":566.7,"hacin":1.535,"hacin_class":"Hacinamiento Medio","hacin_score":737.3,"auto_score":111.1,"n_per":66,"n_hog":24,"source_year":2024,"crime_score":0.3842,"crime_nivel":"Alto","crime_color":"#f44336"},"geometry":{"type":"Polygon","coordinates":[[[-70.6749900189999,-33.4922125721312],[-70.6755764919999,-33.4933812731312],[-70.6759936509999,-33.4931911671312],[-70.6754114889999,-33.4920596871312],[-70.6749900189999,-33.4922125721312]]]}},{"type":"Feature","properties":{"id":"13121031004010","commune":"Pedro Aguirre Cerda","code":"13121","gse":"C3","quintil":"Q3","nse_score":738.9,"educ":11.9,"educ_score":593.3,"hacin":1.44,"hacin_class":"Hacinamiento Leve","hacin_score":757.4,"auto_score":141.0,"n_per":144,"n_hog":39,"source_year":2024,"crime_score":0.3814,"crime_nivel":"Alto","crime_color":"#f44336"},"geometry":{"type":"Polygon","coordinates":[[[-70.6749493339999,-33.4936411271312],[-70.6755476739999,-33.4933934621312],[-70.6749607719999,-33.4922238311312],[-70.6743845799999,-33.4924803151312],[-70.6749493339999,-33.4936411271312]]]}},{"type":"Feature","properties":{"id":"13121031004011","commune":"Pedro Aguirre Cerda","code":"13121","gse":"C3","quintil":"Q3","nse_score":727.8,"educ":11.2,"educ_score":546.7,"hacin":1.202,"hacin_class":"Hacinamiento Leve","hacin_score":808.1,"auto_score":166.7,"n_per":125,"n_hog":43,"source_year":2024,"crime_score":0.3804,"crime_nivel":"Alto","crime_color":"#f44336"},"geometry":{"type":"Polygon","coordinates":[[[-70.6736690569999,-33.4927233261312],[-70.6742732559999,-33.4939434921312],[-70.6748578279999,-33.4936768301312],[-70.6742902129999,-33.4924916321312],[-70.6736690569999,-33.4927233261312]]]}},{"type":"Feature","properties":{"id":"13121031004012","commune":"Pedro Aguirre Cerda","code":"13121","gse":"C3","quintil":"Q3","nse_score":724.7,"educ":11.3,"educ_score":553.3,"hacin":1.37,"hacin_class":"Hacinamiento Leve","hacin_score":772.3,"auto_score":160.4,"n_per":148,"n_hog":57,"source_year":2024,"crime_score":0.3852,"crime_nivel":"Alto","crime_color":"#f44336"},"geometry":{"type":"Polygon","coordinates":[[[-70.6730149739999,-33.4929748791312],[-70.6736222759999,-33.4942161261312],[-70.6742444349999,-33.4939557301312],[-70.6736397959999,-33.4927345521312],[-70.6730149739999,-33.4929748791312]]]}},{"type":"Feature","properties":{"id":"13121031004013","commune":"Pedro Aguirre Cerda","code":"13121","gse":"C3","quintil":"Q3","nse_score":735.8,"educ":12.3,"educ_score":620.0,"hacin":1.222,"hacin_class":"Hacinamiento Leve","hacin_score":803.8,"auto_score":83.3,"n_per":88,"n_hog":28,"source_year":2024,"crime_score":0.3721,"crime_nivel":"Alto","crime_color":"#f44336"},"geometry":{"type":"Polygon","coordinates":[[[-70.6732290479999,-33.4943664141312],[-70.6735934019999,-33.4942282451312],[-70.6729857829999,-33.4929862131312],[-70.6726340369999,-33.4931617051312],[-70.6732290479999,-33.4943664141312]]]}},{"type":"Feature","properties":{"id":"13121031004014","commune":"Pedro Aguirre Cerda","code":"13121","gse":"C3","quintil":"Q3","nse_score":740.9,"educ":12.2,"educ_score":613.3,"hacin":1.24,"hacin_class":"Hacinamiento Leve","hacin_score":800.0,"auto_score":111.1,"n_per":31,"n_hog":9,"source_year":2024,"crime_score":0.3609,"crime_nivel":"Alto","crime_color":"#f44336"},"geometry":{"type":"Polygon","coordinates":[[[-70.6754244499999,-33.4935095431312],[-70.6759452039999,-33.4943001931312],[-70.6763582019999,-33.4939702531312],[-70.6760423069999,-33.4932777361312],[-70.6754244499999,-33.4935095431312]]]}},{"type":"Feature","properties":{"id":"13121031004015","commune":"Pedro Aguirre Cerda","code":"13121","gse":"D","quintil":"Q1","nse_score":677.2,"educ":10.8,"educ_score":520.0,"hacin":1.41,"hacin_class":"Hacinamiento Leve","hacin_score":763.9,"auto_score":66.7,"n_per":86,"n_hog":32,"source_year":2024,"crime_score":0.3841,"crime_nivel":"Alto","crime_color":"#f44336"},"geometry":{"type":"Polygon","coordinates":[[[-70.6755308529999,-33.4945965591312],[-70.6759211269999,-33.4943188251312],[-70.6753958199999,-33.4935217981312],[-70.6749951369999,-33.4937348451312],[-70.6755308529999,-33.4945965591312]]]}},{"type":"Feature","properties":{"id":"13121031004016","commune":"Pedro Aguirre Cerda","code":"13121","gse":"D","quintil":"Q2","nse_score":699.6,"educ":11.2,"educ_score":546.7,"hacin":1.434,"hacin_class":"Hacinamiento Leve","hacin_score":758.7,"auto_score":122.2,"n_per":142,"n_hog":52,"source_year":2024,"crime_score":0.3896,"crime_nivel":"Alto","crime_color":"#f44336"},"geometry":{"type":"Polygon","coordinates":[[[-70.6732879999999,-33.4944178741312],[-70.67336273,-33.4948340861312],[-70.6751349199999,-33.4941035791312],[-70.6748670229999,-33.4937529441312],[-70.6732879999999,-33.4944178741312]]]}},{"type":"Feature","properties":{"id":"13121031004017","commune":"Pedro Aguirre Cerda","code":"13121","gse":"C3","quintil":"Q2","nse_score":716.7,"educ":11.0,"educ_score":533.3,"hacin":1.461,"hacin_class":"Hacinamiento Leve","hacin_score":753.0,"auto_score":137.5,"n_per":149,"n_hog":56,"source_year":2024,"crime_score":0.3871,"crime_nivel":"Alto","crime_color":"#f44336"},"geometry":{"type":"Polygon","coordinates":[[[-70.6733729379999,-33.4948597721312],[-70.6735307119999,-33.4952575201312],[-70.6753738769999,-33.4944929591312],[-70.675149685,-33.4941276001312],[-70.6733729379999,-33.4948597721312]]]}},{"type":"Feature","properties":{"id":"13121031004018","commune":"Pedro Aguirre Cerda","code":"13121","gse":"C3","quintil":"Q3","nse_score":738.2,"educ":11.7,"educ_score":580.0,"hacin":1.248,"hacin_class":"Hacinamiento Leve","hacin_score":798.4,"auto_score":107.1,"n_per":136,"n_hog":50,"source_year":2024,"crime_score":0.3802,"crime_nivel":"Alto","crime_color":"#f44336"},"geometry":{"type":"Polygon","coordinates":[[[-70.6725203909999,-33.4947106927978],[-70.6733609329999,-33.4962989671311],[-70.6737467864999,-33.4959759866312],[-70.6731882889999,-33.4945608101312],[-70.6725203909999,-33.4947106927978]]]}},{"type":"Feature","properties":{"id":"13121031004019","commune":"Pedro Aguirre Cerda","code":"13121","gse":"C3","quintil":"Q2","nse_score":703.7,"educ":10.6,"educ_score":506.7,"hacin":1.241,"hacin_class":"Hacinamiento Leve","hacin_score":799.7,"auto_score":138.9,"n_per":108,"n_hog":36,"source_year":2024,"crime_score":0.3825,"crime_nivel":"Alto","crime_color":"#f44336"},"geometry":{"type":"Polygon","coordinates":[[[-70.6738100459999,-33.4959303481312],[-70.67542413,-33.4947040501312],[-70.6753886409999,-33.4945169841312],[-70.6735408889999,-33.4952831781312],[-70.6738100459999,-33.4959303481312]]]}},{"type":"Feature","properties":{"id":"13121031004020","commune":"Pedro Aguirre Cerda","code":"13121","gse":"C3","quintil":"Q2","nse_score":720.5,"educ":11.5,"educ_score":566.7,"hacin":1.526,"hacin_class":"Hacinamiento Medio","hacin_score":739.2,"auto_score":104.7,"n_per":177,"n_hog":55,"source_year":2024,"crime_score":0.3914,"crime_nivel":"Alto","crime_color":"#f44336"},"geometry":{"type":"Polygon","coordinates":[[[-70.6728890919999,-33.4966290371312],[-70.6733366259999,-33.4963179021311],[-70.6724906749999,-33.4947212221312],[-70.6720591279999,-33.4949074736311],[-70.6727580619999,-33.4962783086312],[-70.6727593119999,-33.4965484331311],[-70.6728890919999,-33.4966290371312]]]}},{"type":"Feature","properties":{"id":"13121031004021","commune":"Pedro Aguirre Cerda","code":"13121","gse":"C3","quintil":"Q2","nse_score":718.4,"educ":11.2,"educ_score":546.7,"hacin":1.408,"hacin_class":"Hacinamiento Leve","hacin_score":764.3,"auto_score":147.7,"n_per":145,"n_hog":45,"source_year":2024,"crime_score":0.3861,"crime_nivel":"Alto","crime_color":"#f44336"},"geometry":{"type":"Polygon","coordinates":[[[-70.6715788899999,-33.4951220291312],[-70.6723195499999,-33.4965533091311],[-70.6726947649999,-33.4965101381312],[-70.6727048149999,-33.4962920306311],[-70.6720076169999,-33.4949313051312],[-70.6715788899999,-33.4951220291312]]]}},{"type":"Feature","properties":{"id":"13121031004022","commune":"Pedro Aguirre Cerda","code":"13121","gse":"C3","quintil":"Q3","nse_score":730.0,"educ":11.1,"educ_score":540.0,"hacin":1.347,"hacin_class":"Hacinamiento Leve","hacin_score":777.1,"auto_score":159.6,"n_per":159,"n_hog":57,"source_year":2024,"crime_score":0.386,"crime_nivel":"Alto","crime_color":"#f44336"},"geometry":{"type":"Polygon","coordinates":[[[-70.6710257789999,-33.4952495841312],[-70.6718318389999,-33.4967901901312],[-70.6722665429999,-33.4966242581311],[-70.6715116409999,-33.4951125731311],[-70.6710257789999,-33.4952495841312]]]}},{"type":"Feature","properties":{"id":"13121031004023","commune":"Pedro Aguirre Cerda","code":"13121","gse":"C3","quintil":"Q2","nse_score":710.7,"educ":11.5,"educ_score":566.7,"hacin":1.185,"hacin_class":"Hacinamiento Leve","hacin_score":811.8,"auto_score":47.6,"n_per":122,"n_hog":46,"source_year":2024,"crime_score":0.3836,"crime_nivel":"Alto","crime_color":"#f44336"},"geometry":{"type":"Polygon","coordinates":[[[-70.6713966389999,-33.4969463421312],[-70.6718024899999,-33.4968014831312],[-70.6709961419999,-33.4952603171311],[-70.67045644,-33.4954594961312],[-70.6713966389999,-33.4969463421312]]]}},{"type":"Feature","properties":{"id":"13121031004024","commune":"Pedro Aguirre Cerda","code":"13121","gse":"D","quintil":"Q1","nse_score":675.4,"educ":10.3,"educ_score":486.7,"hacin":1.298,"hacin_class":"Hacinamiento Leve","hacin_score":787.7,"auto_score":111.1,"n_per":61,"n_hog":17,"source_year":2024,"crime_score":0.3799,"crime_nivel":"Alto","crime_color":"#f44336"},"geometry":{"type":"Polygon","coordinates":[[[-70.6717619789999,-33.4975074301311],[-70.6728119499999,-33.4967299281311],[-70.6728217379999,-33.4966626681311],[-70.6725455879999,-33.4965818971312],[-70.6714614409999,-33.4970031771312],[-70.6717619789999,-33.4975074301311]]]}},{"type":"Feature","properties":{"id":"13121041001003","commune":"Pedro Aguirre Cerda","code":"13121","gse":"D","quintil":"Q2","nse_score":700.3,"educ":11.2,"educ_score":546.7,"hacin":1.349,"hacin_class":"Hacinamiento Leve","hacin_score":776.9,"auto_score":71.4,"n_per":89,"n_hog":37,"source_year":2024,"crime_score":0.3798,"crime_nivel":"Alto","crime_color":"#f44336"},"geometry":{"type":"Polygon","coordinates":[[[-70.6752067179999,-33.4953974921312],[-70.6768053479999,-33.4948085851312],[-70.6765557849999,-33.4943218371312],[-70.6763232389999,-33.4943305401312],[-70.6750533989999,-33.4953288681312],[-70.6752067179999,-33.4953974921312]]]}},{"type":"Feature","properties":{"id":"13121041001005","commune":"Pedro Aguirre Cerda","code":"13121","gse":"C2","quintil":"Q4","nse_score":767.6,"educ":12.2,"educ_score":613.3,"hacin":1.16,"hacin_class":"Hacinamiento Leve","hacin_score":817.0,"auto_score":215.2,"n_per":239,"n_hog":84,"source_year":2024,"crime_score":0.3918,"crime_nivel":"Alto","crime_color":"#f44336"},"geometry":{"type":"Polygon","coordinates":[[[-70.6752826589999,-33.4954242261312],[-70.6750103919999,-33.4953657111312],[-70.6745125829999,-33.4957934051311],[-70.6751272469999,-33.4968765811311],[-70.6756175319999,-33.4966558881312],[-70.675221399,-33.4959216881312],[-70.6762474029999,-33.4955318221311],[-70.6766826499999,-33.4962409331312],[-70.6771670289999,-33.4960556631312],[-70.6766940989999,-33.4951841911312],[-70.6769122099999,-33.4950489121312],[-70.6768179889999,-33.4948337701312],[-70.6752826589999,-33.4954242261312]]]}},{"type":"Feature","properties":{"id":"13121041001007","commune":"Pedro Aguirre Cerda","code":"13121","gse":"C3","quintil":"Q3","nse_score":744.8,"educ":12.2,"educ_score":613.3,"hacin":1.204,"hacin_class":"Hacinamiento Leve","hacin_score":807.7,"auto_score":166.7,"n_per":65,"n_hog":20,"source_year":2024,"crime_score":0.3661,"crime_nivel":"Alto","crime_color":"#f44336"},"geometry":{"type":"Polygon","coordinates":[[[-70.6756941459999,-33.4966287161311],[-70.6766030449999,-33.4962818501312],[-70.6762163829999,-33.4956061631312],[-70.6753360309999,-33.4959493891311],[-70.6756941459999,-33.4966287161311]]]}},{"type":"Feature","properties":{"id":"13121041001008","commune":"Pedro Aguirre Cerda","code":"13121","gse":"D","quintil":"Q2","nse_score":692.3,"educ":10.2,"educ_score":480.0,"hacin":1.514,"hacin_class":"Hacinamiento Medio","hacin_score":741.6,"auto_score":83.3,"n_per":53,"n_hog":19,"source_year":2024,"crime_score":0.3749,"crime_nivel":"Alto","crime_color":"#f44336"},"geometry":{"type":"Polygon","coordinates":[[[-70.6744889539999,-33.4958126311312],[-70.6739467779999,-33.4962123441312],[-70.6741205499999,-33.4965874411311],[-70.6747992849999,-33.4963432971312],[-70.6744889539999,-33.4958126311312]]]}},{"type":"Feature","properties":{"id":"13121041001010","commune":"Pedro Aguirre Cerda","code":"13121","gse":"C3","quintil":"Q3","nse_score":734.1,"educ":11.3,"educ_score":553.3,"hacin":1.267,"hacin_class":"Hacinamiento Leve","hacin_score":794.3,"auto_score":203.8,"n_per":484,"n_hog":170,"source_year":2024,"crime_score":0.4103,"crime_nivel":"Alto","crime_color":"#f44336"},"geometry":{"type":"Polygon","coordinates":[[[-70.676304022,-33.4965544011312],[-70.6766141059999,-33.4972127561311],[-70.6770329669999,-33.4970465071311],[-70.6769107944999,-33.4967863051311],[-70.6770676279999,-33.4970598901312],[-70.6758026559999,-33.4975483231311],[-70.6760129099999,-33.4974344781312],[-70.6758089839999,-33.4970165601312],[-70.6760452189999,-33.4974291931312],[-70.6765592119999,-33.4972325161311],[-70.6762298539999,-33.4965362591311],[-70.6752163649999,-33.4969092151312],[-70.6755999489999,-33.4977864581311],[-70.6751873279999,-33.4969208431312],[-70.6744577649999,-33.4972377981311],[-70.6746328049999,-33.4976061461312],[-70.675100815,-33.4974426181311],[-70.6746453299999,-33.4976310651311],[-70.6748127579999,-33.4979642591312],[-70.6752860219999,-33.4978131661312],[-70.6748252629999,-33.4979891351311],[-70.6749176209999,-33.4981729371311],[-70.6758589359999,-33.4978028471312],[-70.6763642639999,-33.4987048601311],[-70.6774662839999,-33.4982656751311],[-70.6770530564999,-33.4974348791311],[-70.6779985899999,-33.4970565051311],[-70.6774141689999,-33.4960482561312],[-70.676304022,-33.4965544011312]]]}},{"type":"Feature","properties":{"id":"13121041001014","commune":"Pedro Aguirre Cerda","code":"13121","gse":"C3","quintil":"Q2","nse_score":706.8,"educ":11.2,"educ_score":546.7,"hacin":1.239,"hacin_class":"Hacinamiento Leve","hacin_score":800.3,"auto_score":180.0,"n_per":83,"n_hog":33,"source_year":2024,"crime_score":0.3773,"crime_nivel":"Alto","crime_color":"#f44336"},"geometry":{"type":"Polygon","coordinates":[[[-70.6733874429999,-33.4966299531312],[-70.6737905199999,-33.4974091821312],[-70.6743105569999,-33.4971892341312],[-70.6738929239999,-33.4963018881312],[-70.6733874429999,-33.4966299531312]]]}},{"type":"Feature","properties":{"id":"13121041001015","commune":"Pedro Aguirre Cerda","code":"13121","gse":"C3","quintil":"Q3","nse_score":725.1,"educ":11.3,"educ_score":553.3,"hacin":1.509,"hacin_class":"Hacinamiento Medio","hacin_score":742.7,"auto_score":190.5,"n_per":83,"n_hog":23,"source_year":2024,"crime_score":0.3735,"crime_nivel":"Alto","crime_color":"#f44336"},"geometry":{"type":"Polygon","coordinates":[[[-70.6744181089999,-33.4971347151312],[-70.6750981819999,-33.4968882041312],[-70.674812862,-33.4963678521312],[-70.6741332049999,-33.4966123411312],[-70.6744181089999,-33.4971347151312]]]}},{"type":"Feature","properties":{"id":"13121041001016","commune":"Pedro Aguirre Cerda","code":"13121","gse":"E","quintil":"Q1","nse_score":653.2,"educ":10.5,"educ_score":500.0,"hacin":1.63,"hacin_class":"Hacinamiento Medio","hacin_score":717.1,"auto_score":47.6,"n_per":88,"n_hog":24,"source_year":2024,"crime_score":0.3895,"crime_nivel":"Alto","crime_color":"#f44336"},"geometry":{"type":"Polygon","coordinates":[[[-70.6737612709999,-33.4974206591311],[-70.6733628239999,-33.4966503851312],[-70.6719281689999,-33.4978167801311],[-70.6721180619999,-33.4980655271311],[-70.6737612709999,-33.4974206591311]]]}},{"type":"Feature","properties":{"id":"13121041001017","commune":"Pedro Aguirre Cerda","code":"13121","gse":"C3","quintil":"Q3","nse_score":744.6,"educ":11.8,"educ_score":586.7,"hacin":1.351,"hacin_class":"Hacinamiento Leve","hacin_score":776.5,"auto_score":115.4,"n_per":104,"n_hog":40,"source_year":2024,"crime_score":0.3731,"crime_nivel":"Alto","crime_color":"#f44336"},"geometry":{"type":"Polygon","coordinates":[[[-70.6770893039999,-33.4974459601311],[-70.6772092799999,-33.4976801421311],[-70.6781553019999,-33.4973165801312],[-70.6780129599999,-33.4970807371311],[-70.6770893039999,-33.4974459601311]]]}},{"type":"Feature","properties":{"id":"13121041001018","commune":"Pedro Aguirre Cerda","code":"13121","gse":"C3","quintil":"Q3","nse_score":730.2,"educ":11.5,"educ_score":566.7,"hacin":1.378,"hacin_class":"Hacinamiento Leve","hacin_score":770.7,"auto_score":171.1,"n_per":248,"n_hog":85,"source_year":2024,"crime_score":0.4019,"crime_nivel":"Alto","crime_color":"#f44336"},"geometry":{"type":"Polygon","coordinates":[[[-70.6732495169999,-33.4977766091311],[-70.6734271999999,-33.4980899341312],[-70.6736395469999,-33.4980347441311],[-70.6734410344999,-33.4981143241311],[-70.6736268419999,-33.4984419211311],[-70.6738030789999,-33.4983708511311],[-70.6736406814999,-33.4984663131311],[-70.6737402199999,-33.4986417721311],[-70.6748515609999,-33.4982096791312],[-70.6747559119999,-33.4980163861311],[-70.6741880089999,-33.4982156021311],[-70.6747435789999,-33.4979914891312],[-70.6745833079999,-33.4976564711311],[-70.6739393089999,-33.4978847341312],[-70.6745705959999,-33.4976317231311],[-70.6743536119999,-33.4972745721311],[-70.6732495169999,-33.4977766091311]]]}},{"type":"Feature","properties":{"id":"13121041001019","commune":"Pedro Aguirre Cerda","code":"13121","gse":"C3","quintil":"Q3","nse_score":744.5,"educ":11.5,"educ_score":566.7,"hacin":1.364,"hacin_class":"Hacinamiento Leve","hacin_score":773.7,"auto_score":71.4,"n_per":90,"n_hog":30,"source_year":2024,"crime_score":0.3706,"crime_nivel":"Alto","crime_color":"#f44336"},"geometry":{"type":"Polygon","coordinates":[[[-70.6774963949999,-33.4982405771311],[-70.6784415569999,-33.4978888301312],[-70.6781767789999,-33.4973527981312],[-70.6772220279999,-33.4977050271311],[-70.6774963949999,-33.4982405771311]]]}},{"type":"Feature","properties":{"id":"13121041001020","commune":"Pedro Aguirre Cerda","code":"13121","gse":"C3","quintil":"Q3","nse_score":726.3,"educ":11.9,"educ_score":593.3,"hacin":1.469,"hacin_class":"Hacinamiento Leve","hacin_score":751.2,"auto_score":250.0,"n_per":72,"n_hog":25,"source_year":2024,"crime_score":0.3713,"crime_nivel":"Alto","crime_color":"#f44336"},"geometry":{"type":"Polygon","coordinates":[[[-70.6721381349999,-33.4981852761312],[-70.672286175,-33.4984536531311],[-70.6733337809999,-33.4980408361311],[-70.6731355809999,-33.4977458631311],[-70.6721381349999,-33.4981852761312]]]}},{"type":"Feature","properties":{"id":"13121041001021","commune":"Pedro Aguirre Cerda","code":"13121","gse":"C3","quintil":"Q2","nse_score":718.1,"educ":11.2,"educ_score":546.7,"hacin":1.429,"hacin_class":"Hacinamiento Leve","hacin_score":759.9,"auto_score":95.2,"n_per":70,"n_hog":21,"source_year":2024,"crime_score":0.3726,"crime_nivel":"Alto","crime_color":"#f44336"},"geometry":{"type":"Polygon","coordinates":[[[-70.6749301769999,-33.4981979121312],[-70.6750790329999,-33.4984941471311],[-70.6760077669999,-33.4981258481311],[-70.6758458749999,-33.4978336991312],[-70.6749301769999,-33.4981979121312]]]}},{"type":"Feature","properties":{"id":"13121041001022","commune":"Pedro Aguirre Cerda","code":"13121","gse":"D","quintil":"Q1","nse_score":669.9,"educ":9.9,"educ_score":460.0,"hacin":1.696,"hacin_class":"Hacinamiento Medio","hacin_score":703.1,"auto_score":250.0,"n_per":39,"n_hog":14,"source_year":2024,"crime_score":0.377,"crime_nivel":"Alto","crime_color":"#f44336"},"geometry":{"type":"Polygon","coordinates":[[[-70.6779773099999,-33.4981371731311],[-70.6781692689999,-33.4985136881311],[-70.6786658309999,-33.4982909021311],[-70.6784769769999,-33.4979577701311],[-70.6779773099999,-33.4981371731311]]]}},{"type":"Feature","properties":{"id":"13121041001023","commune":"Pedro Aguirre Cerda","code":"13121","gse":"D","quintil":"Q1","nse_score":663.6,"educ":9.8,"educ_score":453.3,"hacin":1.268,"hacin_class":"Hacinamiento Leve","hacin_score":794.1,"auto_score":80.0,"n_per":71,"n_hog":30,"source_year":2024,"crime_score":0.3842,"crime_nivel":"Alto","crime_color":"#f44336"},"geometry":{"type":"Polygon","coordinates":[[[-70.6722997699999,-33.4984781337978],[-70.6724626189999,-33.4987696011311],[-70.6735057879999,-33.4983506991311],[-70.6733473649999,-33.4980652881312],[-70.6722997699999,-33.4984781337978]]]}},{"type":"Feature","properties":{"id":"13121041001024","commune":"Pedro Aguirre Cerda","code":"13121","gse":"E","quintil":"Q1","nse_score":653.9,"educ":10.2,"educ_score":480.0,"hacin":1.5,"hacin_class":"Hacinamiento Medio","hacin_score":744.7,"auto_score":38.5,"n_per":39,"n_hog":14,"source_year":2024,"crime_score":0.3803,"crime_nivel":"Alto","crime_color":"#f44336"},"geometry":{"type":"Polygon","coordinates":[[[-70.6776991999999,-33.4982505211311],[-70.6778983339999,-33.4986273521311],[-70.6781403939999,-33.4985258151311],[-70.6779482249999,-33.4981490021311],[-70.6776991999999,-33.4982505211311]]]}},{"type":"Feature","properties":{"id":"13121041001025","commune":"Pedro Aguirre Cerda","code":"13121","gse":"D","quintil":"Q1","nse_score":666.6,"educ":10.1,"educ_score":473.3,"hacin":1.51,"hacin_class":"Hacinamiento Medio","hacin_score":742.6,"auto_score":45.5,"n_per":77,"n_hog":22,"source_year":2024,"crime_score":0.3847,"crime_nivel":"Alto","crime_color":"#f44336"},"geometry":{"type":"Polygon","coordinates":[[[-70.6750974999999,-33.4985308961311],[-70.6752537179999,-33.4988052841311],[-70.6761806849999,-33.4984378671311],[-70.6760213429999,-33.4981503221312],[-70.6750974999999,-33.4985308961311]]]}},{"type":"Feature","properties":{"id":"13121041001026","commune":"Pedro Aguirre Cerda","code":"13121","gse":"C3","quintil":"Q2","nse_score":708.6,"educ":11.2,"educ_score":546.7,"hacin":1.887,"hacin_class":"Hacinamiento Medio","hacin_score":662.4,"auto_score":102.9,"n_per":100,"n_hog":36,"source_year":2024,"crime_score":0.38,"crime_nivel":"Alto","crime_color":"#f44336"},"geometry":{"type":"Polygon","coordinates":[[[-70.6737540509999,-33.4986661571311],[-70.6739150949999,-33.4989503611311],[-70.6750093459999,-33.4985224721311],[-70.6748638919999,-33.4982345731311],[-70.6737540509999,-33.4986661571311]]]}},{"type":"Feature","properties":{"id":"13121041001027","commune":"Pedro Aguirre Cerda","code":"13121","gse":"D","quintil":"Q1","nse_score":674.1,"educ":10.3,"educ_score":486.7,"hacin":1.562,"hacin_class":"Hacinamiento Medio","hacin_score":731.4,"auto_score":100.0,"n_per":50,"n_hog":16,"source_year":2024,"crime_score":0.3781,"crime_nivel":"Alto","crime_color":"#f44336"},"geometry":{"type":"Polygon","coordinates":[[[-70.6774224649999,-33.4983633081312],[-70.6776312089999,-33.4987347421311],[-70.6778693169999,-33.4986392561311],[-70.6776701319999,-33.4982623441311],[-70.6774224649999,-33.4983633081312]]]}},{"type":"Feature","properties":{"id":"13121041001028","commune":"Pedro Aguirre Cerda","code":"13121","gse":"D","quintil":"Q2","nse_score":701.9,"educ":10.8,"educ_score":520.0,"hacin":1.471,"hacin_class":"Hacinamiento Leve","hacin_score":750.8,"auto_score":117.5,"n_per":899,"n_hog":301,"source_year":2024,"crime_score":0.4178,"crime_nivel":"Alto","crime_color":"#f44336"},"geometry":{"type":"Polygon","coordinates":[[[-70.6784013129999,-33.4989671021311],[-70.6781717089999,-33.4985676141312],[-70.6779260679999,-33.4986698941311],[-70.6781228119999,-33.4990740221311],[-70.6778971349999,-33.4986817521311],[-70.677653571,-33.4987804321311],[-70.6778701069999,-33.4992230141311],[-70.6776254749999,-33.4987917871311],[-70.6773724079999,-33.4988943161311],[-70.6775829989999,-33.4992771681311],[-70.6773445029999,-33.4989056086311],[-70.6771073279999,-33.4990016751311],[-70.6773198929999,-33.4994118101311],[-70.6770784099999,-33.4990135471311],[-70.6768280459999,-33.4991179701311],[-70.677034536,-33.4995713181311],[-70.6765939009999,-33.4987001111311],[-70.6754245929999,-33.4991706651311],[-70.675571482,-33.4994353531311],[-70.6759068919999,-33.4993143231312],[-70.6755850889999,-33.4994599091311],[-70.6757286009999,-33.4997191191311],[-70.6760712459999,-33.4996242891311],[-70.6748870819999,-33.5000837151311],[-70.6750515259999,-33.4999879041311],[-70.6749029929999,-33.4997316791311],[-70.6747297729999,-33.4997730571311],[-70.6748888989999,-33.4997073451311],[-70.6747374279999,-33.4994449561311],[-70.6742554849999,-33.4996367231311],[-70.6749113874999,-33.5004594026311],[-70.6738817329999,-33.5009277151311],[-70.6741399459999,-33.5012425471311],[-70.6789423069999,-33.4990119561311],[-70.6787115519999,-33.4983625221311],[-70.6782005549999,-33.4985556301311],[-70.6784013129999,-33.4989671021311]]]}},{"type":"Feature","properties":{"id":"13121041001029","commune":"Pedro Aguirre Cerda","code":"13121","gse":"E","quintil":"Q1","nse_score":626.7,"educ":10.0,"educ_score":466.7,"hacin":1.48,"hacin_class":"Hacinamiento Leve","hacin_score":748.9,"auto_score":0.0,"n_per":37,"n_hog":12,"source_year":2024,"crime_score":0.3855,"crime_nivel":"Alto","crime_color":"#f44336"},"geometry":{"type":"Polygon","coordinates":[[[-70.6771609199999,-33.4984699031311],[-70.6773555309999,-33.4988481621311],[-70.6776022189999,-33.4987465271311],[-70.6773934849999,-33.4983750951311],[-70.6771609199999,-33.4984699031311]]]}},{"type":"Feature","properties":{"id":"13121041001030","commune":"Pedro Aguirre Cerda","code":"13121","gse":"C3","quintil":"Q3","nse_score":731.9,"educ":11.7,"educ_score":580.0,"hacin":1.323,"hacin_class":"Hacinamiento Leve","hacin_score":782.4,"auto_score":217.4,"n_per":82,"n_hog":24,"source_year":2024,"crime_score":0.3719,"crime_nivel":"Alto","crime_color":"#f44336"},"geometry":{"type":"Polygon","coordinates":[[[-70.6724762879999,-33.4987940671311],[-70.6726336679999,-33.4990760391311],[-70.6736808799999,-33.4986649991311],[-70.6735193899999,-33.4983751331312],[-70.6724762879999,-33.4987940671311]]]}},{"type":"Feature","properties":{"id":"13121041001031","commune":"Pedro Aguirre Cerda","code":"13121","gse":"C3","quintil":"Q2","nse_score":719.8,"educ":10.8,"educ_score":520.0,"hacin":1.073,"hacin_class":"Hacinamiento Leve","hacin_score":835.5,"auto_score":194.4,"n_per":44,"n_hog":20,"source_year":2024,"crime_score":0.3676,"crime_nivel":"Alto","crime_color":"#f44336"},"geometry":{"type":"Polygon","coordinates":[[[-70.6754055499999,-33.4990719661311],[-70.6763351189999,-33.4987165291311],[-70.6761942609999,-33.4984623401311],[-70.6752675919999,-33.4988296431312],[-70.6754055499999,-33.4990719661311]]]}},{"type":"Feature","properties":{"id":"13121041001032","commune":"Pedro Aguirre Cerda","code":"13121","gse":"E","quintil":"Q1","nse_score":610.2,"educ":8.6,"educ_score":373.3,"hacin":1.36,"hacin_class":"Hacinamiento Leve","hacin_score":774.5,"auto_score":71.4,"n_per":34,"n_hog":12,"source_year":2024,"crime_score":0.3883,"crime_nivel":"Alto","crime_color":"#f44336"},"geometry":{"type":"Polygon","coordinates":[[[-70.6768808433333,-33.4985840434645],[-70.6770829959999,-33.4989611251311],[-70.6773265679999,-33.4988601331311],[-70.6771318399999,-33.4984817301311],[-70.6768808433333,-33.4985840434645]]]}},{"type":"Feature","properties":{"id":"13121041001033","commune":"Pedro Aguirre Cerda","code":"13121","gse":"C3","quintil":"Q2","nse_score":706.4,"educ":11.0,"educ_score":533.3,"hacin":1.228,"hacin_class":"Hacinamiento Leve","hacin_score":802.5,"auto_score":214.3,"n_per":70,"n_hog":22,"source_year":2024,"crime_score":0.3751,"crime_nivel":"Alto","crime_color":"#f44336"},"geometry":{"type":"Polygon","coordinates":[[[-70.6739289223333,-33.4989747454645],[-70.674091674,-33.4992617741311],[-70.6751838419999,-33.4988328191311],[-70.6750230529999,-33.4985468251311],[-70.6739289223333,-33.4989747454645]]]}},{"type":"Feature","properties":{"id":"13121041001034","commune":"Pedro Aguirre Cerda","code":"13121","gse":"D","quintil":"Q1","nse_score":678.8,"educ":9.4,"educ_score":426.7,"hacin":1.258,"hacin_class":"Hacinamiento Leve","hacin_score":796.2,"auto_score":76.9,"n_per":39,"n_hog":13,"source_year":2024,"crime_score":0.3751,"crime_nivel":"Alto","crime_color":"#f44336"},"geometry":{"type":"Polygon","coordinates":[[[-70.6766230469999,-33.4986884571311],[-70.6768318779999,-33.4990652611311],[-70.6770540489999,-33.4989731291311],[-70.6768517829999,-33.4985958691311],[-70.6766230469999,-33.4986884571311]]]}},{"type":"Feature","properties":{"id":"13121041001035","commune":"Pedro Aguirre Cerda","code":"13121","gse":"C3","quintil":"Q2","nse_score":710.4,"educ":11.4,"educ_score":560.0,"hacin":1.367,"hacin_class":"Hacinamiento Leve","hacin_score":773.0,"auto_score":90.9,"n_per":82,"n_hog":25,"source_year":2024,"crime_score":0.3764,"crime_nivel":"Alto","crime_color":"#f44336"},"geometry":{"type":"Polygon","coordinates":[[[-70.6726473559999,-33.4991004861311],[-70.6728117729999,-33.4993934531311],[-70.6738533849999,-33.4989747701311],[-70.6736945079999,-33.4986894411311],[-70.6726473559999,-33.4991004861311]]]}},{"type":"Feature","properties":{"id":"13121041001036","commune":"Pedro Aguirre Cerda","code":"13121","gse":"D","quintil":"Q2","nse_score":696.8,"educ":10.7,"educ_score":513.3,"hacin":1.093,"hacin_class":"Hacinamiento Leve","hacin_score":831.3,"auto_score":105.3,"n_per":47,"n_hog":21,"source_year":2024,"crime_score":0.3729,"crime_nivel":"Alto","crime_color":"#f44336"},"geometry":{"type":"Polygon","coordinates":[[[-70.6742931519999,-33.4995226211311],[-70.6753196259999,-33.4991208341311],[-70.6751976439999,-33.4988573421311],[-70.6741055209999,-33.4992861591311],[-70.6742931519999,-33.4995226211311]]]}},{"type":"Feature","properties":{"id":"13121041001037","commune":"Pedro Aguirre Cerda","code":"13121","gse":"D","quintil":"Q1","nse_score":668.2,"educ":11.0,"educ_score":533.3,"hacin":1.292,"hacin_class":"Hacinamiento Leve","hacin_score":789.0,"auto_score":227.3,"n_per":62,"n_hog":20,"source_year":2024,"crime_score":0.3816,"crime_nivel":"Alto","crime_color":"#f44336"},"geometry":{"type":"Polygon","coordinates":[[[-70.6728257984999,-33.4994177691311],[-70.6729890859999,-33.4997008081311],[-70.6740271429999,-33.4992871841311],[-70.6738669949999,-33.4989992011311],[-70.6728257984999,-33.4994177691311]]]}},{"type":"Feature","properties":{"id":"13121041001038","commune":"Pedro Aguirre Cerda","code":"13121","gse":"E","quintil":"Q1","nse_score":621.4,"educ":10.8,"educ_score":520.0,"hacin":1.656,"hacin_class":"Hacinamiento Medio","hacin_score":711.4,"auto_score":111.1,"n_per":53,"n_hog":17,"source_year":2024,"crime_score":0.3896,"crime_nivel":"Alto","crime_color":"#f44336"},"geometry":{"type":"Polygon","coordinates":[[[-70.6747665269999,-33.4994333981311],[-70.674917966,-33.4996955481311],[-70.6755420629999,-33.4994465201311],[-70.6753956269999,-33.4991824791311],[-70.6747665269999,-33.4994333981311]]]}},{"type":"Feature","properties":{"id":"13121041001039","commune":"Pedro Aguirre Cerda","code":"13121","gse":"D","quintil":"Q2","nse_score":684.1,"educ":11.4,"educ_score":560.0,"hacin":1.395,"hacin_class":"Hacinamiento Leve","hacin_score":767.1,"auto_score":75.0,"n_per":53,"n_hog":20,"source_year":2024,"crime_score":0.3766,"crime_nivel":"Alto","crime_color":"#f44336"},"geometry":{"type":"Polygon","coordinates":[[[-70.673164089,-33.4999647971311],[-70.6741558079999,-33.4995892371311],[-70.6740407599999,-33.4993116171311],[-70.6730028999999,-33.4997252141311],[-70.673164089,-33.4999647971311]]]}},{"type":"Feature","properties":{"id":"13121041001040","commune":"Pedro Aguirre Cerda","code":"13121","gse":"E","quintil":"Q1","nse_score":654.0,"educ":9.9,"educ_score":460.0,"hacin":1.553,"hacin_class":"Hacinamiento Medio","hacin_score":733.4,"auto_score":166.7,"n_per":73,"n_hog":21,"source_year":2024,"crime_score":0.3866,"crime_nivel":"Alto","crime_color":"#f44336"},"geometry":{"type":"Polygon","coordinates":[[[-70.6749320569999,-33.4997199101311],[-70.6750806339999,-33.4999762841311],[-70.6756991869999,-33.4997303031311],[-70.6755556699999,-33.4994710521311],[-70.6749320569999,-33.4997199101311]]]}},{"type":"Feature","properties":{"id":"13121041001041","commune":"Pedro Aguirre Cerda","code":"13121","gse":"C3","quintil":"Q3","nse_score":726.8,"educ":11.3,"educ_score":553.3,"hacin":1.323,"hacin_class":"Hacinamiento Leve","hacin_score":782.3,"auto_score":104.2,"n_per":86,"n_hog":25,"source_year":2024,"crime_score":0.3737,"crime_nivel":"Alto","crime_color":"#f44336"},"geometry":{"type":"Polygon","coordinates":[[[-70.6732683489999,-33.5000877001311],[-70.6734308239999,-33.5003067311311],[-70.6744412839999,-33.4999175581311],[-70.6742261079999,-33.4996482361311],[-70.6732683489999,-33.5000877001311]]]}},{"type":"Feature","properties":{"id":"13121041001042","commune":"Pedro Aguirre Cerda","code":"13121","gse":"C3","quintil":"Q2","nse_score":708.9,"educ":11.3,"educ_score":553.3,"hacin":1.278,"hacin_class":"Hacinamiento Leve","hacin_score":792.0,"auto_score":204.5,"n_per":69,"n_hog":25,"source_year":2024,"crime_score":0.3744,"crime_nivel":"Alto","crime_color":"#f44336"},"geometry":{"type":"Polygon","coordinates":[[[-70.6734478569999,-33.5003298501311],[-70.6736410089999,-33.5005939011311],[-70.6746574049999,-33.5001853811311],[-70.6744595029999,-33.4999402251311],[-70.6734478569999,-33.5003298501311]]]}},{"type":"Feature","properties":{"id":"13121041001043","commune":"Pedro Aguirre Cerda","code":"13121","gse":"D","quintil":"Q1","nse_score":671.5,"educ":10.1,"educ_score":473.3,"hacin":1.404,"hacin_class":"Hacinamiento Leve","hacin_score":765.1,"auto_score":131.6,"n_per":66,"n_hog":19,"source_year":2024,"crime_score":0.3816,"crime_nivel":"Alto","crime_color":"#f44336"},"geometry":{"type":"Polygon","coordinates":[[[-70.6736578679999,-33.5006170731311],[-70.6738656859999,-33.5009043501311],[-70.6748720729999,-33.5004523991311],[-70.6746756379999,-33.5002079921311],[-70.6736578679999,-33.5006170731311]]]}},{"type":"Feature","properties":{"id":"13121041002001","commune":"Pedro Aguirre Cerda","code":"13121","gse":"C3","quintil":"Q2","nse_score":718.8,"educ":11.6,"educ_score":573.3,"hacin":1.622,"hacin_class":"Hacinamiento Medio","hacin_score":718.7,"auto_score":152.2,"n_per":73,"n_hog":26,"source_year":2024,"crime_score":0.373,"crime_nivel":"Alto","crime_color":"#f44336"},"geometry":{"type":"Polygon","coordinates":[[[-70.6790125679999,-33.4990597681311],[-70.6784035329999,-33.4993388476311],[-70.6788871689999,-33.5002242391311],[-70.6795095269999,-33.4999337781311],[-70.6790125679999,-33.4990597681311]]]}},{"type":"Feature","properties":{"id":"13121041002002","commune":"Pedro Aguirre Cerda","code":"13121","gse":"D","quintil":"Q2","nse_score":699.3,"educ":10.3,"educ_score":486.7,"hacin":1.356,"hacin_class":"Hacinamiento Leve","hacin_score":775.3,"auto_score":80.0,"n_per":80,"n_hog":26,"source_year":2024,"crime_score":0.3784,"crime_nivel":"Alto","crime_color":"#f44336"},"geometry":{"type":"Polygon","coordinates":[[[-70.6783980799999,-33.5004201571311],[-70.6787962424999,-33.5002539546311],[-70.678312349,-33.4993704761312],[-70.6778394474999,-33.4995860216311],[-70.6783980799999,-33.5004201571311]]]}},{"type":"Feature","properties":{"id":"13121041002003","commune":"Pedro Aguirre Cerda","code":"13121","gse":"C3","quintil":"Q3","nse_score":739.4,"educ":11.2,"educ_score":546.7,"hacin":1.281,"hacin_class":"Hacinamiento Leve","hacin_score":791.3,"auto_score":83.3,"n_per":73,"n_hog":30,"source_year":2024,"crime_score":0.3687,"crime_nivel":"Alto","crime_color":"#f44336"},"geometry":{"type":"Polygon","coordinates":[[[-70.6774556574999,-33.4997635621311],[-70.6780082889999,-33.5006391431311],[-70.6783905479999,-33.5004641991311],[-70.6778112279999,-33.4995991441311],[-70.6774556574999,-33.4997635621311]]]}},{"type":"Feature","properties":{"id":"13121041002004","commune":"Pedro Aguirre Cerda","code":"13121","gse":"C2","quintil":"Q3","nse_score":755.6,"educ":12.1,"educ_score":606.7,"hacin":1.273,"hacin_class":"Hacinamiento Leve","hacin_score":793.0,"auto_score":125.0,"n_per":70,"n_hog":25,"source_year":2024,"crime_score":0.3648,"crime_nivel":"Alto","crime_color":"#f44336"},"geometry":{"type":"Polygon","coordinates":[[[-70.6770542259999,-33.4999491871311],[-70.6776241289999,-33.5008167091311],[-70.6779799919999,-33.5006521591311],[-70.6774273909999,-33.4997766181311],[-70.6770542259999,-33.4999491871311]]]}},{"type":"Feature","properties":{"id":"13121041002005","commune":"Pedro Aguirre Cerda","code":"13121","gse":"D","quintil":"Q2","nse_score":697.3,"educ":11.1,"educ_score":540.0,"hacin":1.702,"hacin_class":"Hacinamiento Medio","hacin_score":701.7,"auto_score":125.0,"n_per":80,"n_hog":24,"source_year":2024,"crime_score":0.3788,"crime_nivel":"Alto","crime_color":"#f44336"},"geometry":{"type":"Polygon","coordinates":[[[-70.6766426894999,-33.5001393376311],[-70.677222534,-33.5009994891311],[-70.6775958069999,-33.5008296981311],[-70.6770259489999,-33.4999622331311],[-70.6766426894999,-33.5001393376311]]]}},{"type":"Feature","properties":{"id":"13121041002006","commune":"Pedro Aguirre Cerda","code":"13121","gse":"C3","quintil":"Q2","nse_score":717.8,"educ":10.8,"educ_score":520.0,"hacin":1.386,"hacin_class":"Hacinamiento Leve","hacin_score":768.9,"auto_score":145.8,"n_per":79,"n_hog":28,"source_year":2024,"crime_score":0.3743,"crime_nivel":"Alto","crime_color":"#f44336"},"geometry":{"type":"Polygon","coordinates":[[[-70.6795582509999,-33.5015628241311],[-70.6800826639999,-33.5013522491311],[-70.680147959,-33.5011444011311],[-70.6795378329999,-33.4999820501311],[-70.6788900039999,-33.5002977876311],[-70.6795582509999,-33.5015628241311]]]}},{"type":"Feature","properties":{"id":"13121041002007","commune":"Pedro Aguirre Cerda","code":"13121","gse":"C2","quintil":"Q3","nse_score":753.4,"educ":11.6,"educ_score":573.3,"hacin":1.175,"hacin_class":"Hacinamiento Leve","hacin_score":813.7,"auto_score":140.0,"n_per":67,"n_hog":25,"source_year":2024,"crime_score":0.3647,"crime_nivel":"Alto","crime_color":"#f44336"},"geometry":{"type":"Polygon","coordinates":[[[-70.6762386689999,-33.5003232621311],[-70.6768112589999,-33.5011867031311],[-70.6771941539999,-33.5010123981311],[-70.6766146849999,-33.5001525151311],[-70.6762386689999,-33.5003232621311]]]}},{"type":"Feature","properties":{"id":"13121041002008","commune":"Pedro Aguirre Cerda","code":"13121","gse":"C2","quintil":"Q4","nse_score":778.3,"educ":12.6,"educ_score":640.0,"hacin":1.237,"hacin_class":"Hacinamiento Leve","hacin_score":800.7,"auto_score":141.0,"n_per":115,"n_hog":43,"source_year":2024,"crime_score":0.3679,"crime_nivel":"Alto","crime_color":"#f44336"},"geometry":{"type":"Polygon","coordinates":[[[-70.6779140369999,-33.5007567481311],[-70.6785833539999,-33.5017641941311],[-70.6793353479999,-33.5014202081311],[-70.6785990729999,-33.5017878481311],[-70.6787200119999,-33.5019675271311],[-70.6794904599999,-33.5016112781311],[-70.6788415949999,-33.5003356021311],[-70.6779140369999,-33.5007567481311]]]}},{"type":"Feature","properties":{"id":"13121041002009","commune":"Pedro Aguirre Cerda","code":"13121","gse":"C3","quintil":"Q2","nse_score":709.9,"educ":11.6,"educ_score":573.3,"hacin":1.667,"hacin_class":"Hacinamiento Medio","hacin_score":709.2,"auto_score":125.0,"n_per":95,"n_hog":30,"source_year":2024,"crime_score":0.3789,"crime_nivel":"Alto","crime_color":"#f44336"},"geometry":{"type":"Polygon","coordinates":[[[-70.6758476009999,-33.5005040951311],[-70.6764155779999,-33.5013649041311],[-70.6767828029999,-33.5011994601311],[-70.6762103499999,-33.5003362311311],[-70.6758476009999,-33.5005040951311]]]}},{"type":"Feature","properties":{"id":"13121041002010","commune":"Pedro Aguirre Cerda","code":"13121","gse":"C2","quintil":"Q4","nse_score":783.9,"educ":12.3,"educ_score":620.0,"hacin":1.147,"hacin_class":"Hacinamiento Leve","hacin_score":819.8,"auto_score":133.3,"n_per":78,"n_hog":34,"source_year":2024,"crime_score":0.3602,"crime_nivel":"Alto","crime_color":"#f44336"},"geometry":{"type":"Polygon","coordinates":[[[-70.67584862,-33.5016103231311],[-70.6763872589999,-33.5013778971311],[-70.6758193879999,-33.5005172381311],[-70.6752906359999,-33.5008158766311],[-70.67584862,-33.5016103231311]]]}},{"type":"Feature","properties":{"id":"13121041002011","commune":"Pedro Aguirre Cerda","code":"13121","gse":"C2","quintil":"Q4","nse_score":794.7,"educ":12.9,"educ_score":660.0,"hacin":1.149,"hacin_class":"Hacinamiento Leve","hacin_score":819.4,"auto_score":121.2,"n_per":108,"n_hog":34,"source_year":2024,"crime_score":0.3631,"crime_nivel":"Alto","crime_color":"#f44336"},"geometry":{"type":"Polygon","coordinates":[[[-70.6772255399999,-33.5010524211311],[-70.6779140879999,-33.5020756521311],[-70.6784919469999,-33.5018028201311],[-70.6779297594999,-33.5020993176311],[-70.6780507379999,-33.5022634331311],[-70.6786705959999,-33.502001616131],[-70.6778570149999,-33.5007804151311],[-70.6772255399999,-33.5010524211311]]]}},{"type":"Feature","properties":{"id":"13121041002012","commune":"Pedro Aguirre Cerda","code":"13121","gse":"C2","quintil":"Q4","nse_score":778.8,"educ":12.7,"educ_score":646.7,"hacin":1.262,"hacin_class":"Hacinamiento Leve","hacin_score":795.4,"auto_score":203.7,"n_per":82,"n_hog":28,"source_year":2024,"crime_score":0.362,"crime_nivel":"Alto","crime_color":"#f44336"},"geometry":{"type":"Polygon","coordinates":[[[-70.6741669299999,-33.5013688691311],[-70.6744076499999,-33.5017234291311],[-70.6754885619999,-33.5012237931311],[-70.6751748869999,-33.5008303571311],[-70.6741669299999,-33.5013688691311]]]}},{"type":"Feature","properties":{"id":"13121041002013","commune":"Pedro Aguirre Cerda","code":"13121","gse":"C2","quintil":"Q4","nse_score":763.8,"educ":12.5,"educ_score":633.3,"hacin":1.057,"hacin_class":"Hacinamiento Leve","hacin_score":838.9,"auto_score":147.1,"n_per":37,"n_hog":16,"source_year":2024,"crime_score":0.3573,"crime_nivel":"Alto","crime_color":"#f44336"},"geometry":{"type":"Polygon","coordinates":[[[-70.6766039189999,-33.5013329141311],[-70.6768780199999,-33.5017470971311],[-70.6774777089999,-33.5014741191311],[-70.677197169,-33.5010652641311],[-70.6766039189999,-33.5013329141311]]]}},{"type":"Feature","properties":{"id":"13121041002014","commune":"Pedro Aguirre Cerda","code":"13121","gse":"C3","quintil":"Q3","nse_score":741.0,"educ":12.1,"educ_score":606.7,"hacin":1.406,"hacin_class":"Hacinamiento Leve","hacin_score":764.6,"auto_score":224.1,"n_per":90,"n_hog":29,"source_year":2024,"crime_score":0.3714,"crime_nivel":"Alto","crime_color":"#f44336"},"geometry":{"type":"Polygon","coordinates":[[[-70.674706038,-33.5021365671311],[-70.6757221259999,-33.5016805551311],[-70.6755040239999,-33.5012475211311],[-70.6744235384999,-33.5017469846311],[-70.674706038,-33.5021365671311]]]}},{"type":"Feature","properties":{"id":"13121041002016","commune":"Pedro Aguirre Cerda","code":"13121","gse":"C1","quintil":"Q5","nse_score":816.9,"educ":13.7,"educ_score":713.3,"hacin":1.29,"hacin_class":"Hacinamiento Leve","hacin_score":789.5,"auto_score":157.9,"n_per":49,"n_hog":19,"source_year":2024,"crime_score":0.3484,"crime_nivel":"Alto","crime_color":"#f44336"},"geometry":{"type":"Polygon","coordinates":[[[-70.6759075599999,-33.5017374871311],[-70.6761388079999,-33.5020863351311],[-70.6768384309999,-33.5017649291311],[-70.6765662359999,-33.5013503281311],[-70.6759075599999,-33.5017374871311]]]}},{"type":"Feature","properties":{"id":"13121041002017","commune":"Pedro Aguirre Cerda","code":"13121","gse":"C2","quintil":"Q3","nse_score":754.4,"educ":12.9,"educ_score":660.0,"hacin":1.721,"hacin_class":"Hacinamiento Medio","hacin_score":697.7,"auto_score":162.2,"n_per":117,"n_hog":40,"source_year":2024,"crime_score":0.3733,"crime_nivel":"Alto","crime_color":"#f44336"},"geometry":{"type":"Polygon","coordinates":[[[-70.6802746139999,-33.5029188311311],[-70.6808779509999,-33.5026041121311],[-70.6802047529999,-33.5013618291311],[-70.6796062684999,-33.5016575796311],[-70.6802746139999,-33.5029188311311]]]}},{"type":"Feature","properties":{"id":"13121041002019","commune":"Pedro Aguirre Cerda","code":"13121","gse":"C2","quintil":"Q4","nse_score":799.0,"educ":13.1,"educ_score":673.3,"hacin":1.36,"hacin_class":"Hacinamiento Leve","hacin_score":774.6,"auto_score":256.8,"n_per":121,"n_hog":43,"source_year":2024,"crime_score":0.3645,"crime_nivel":"Alto","crime_color":"#f44336"},"geometry":{"type":"Polygon","coordinates":[[[-70.6795568839999,-33.5032496451311],[-70.68022364,-33.5029392601311],[-70.6795330259999,-33.5016767251311],[-70.6787839049999,-33.5020627021311],[-70.6795568839999,-33.5032496451311]]]}},{"type":"Feature","properties":{"id":"13121041002020","commune":"Pedro Aguirre Cerda","code":"13121","gse":"C2","quintil":"Q3","nse_score":752.6,"educ":12.2,"educ_score":613.3,"hacin":1.231,"hacin_class":"Hacinamiento Leve","hacin_score":802.0,"auto_score":119.0,"n_per":64,"n_hog":20,"source_year":2024,"crime_score":0.3643,"crime_nivel":"Alto","crime_color":"#f44336"},"geometry":{"type":"Polygon","coordinates":[[[-70.6747635559999,-33.5022613701311],[-70.6750799539999,-33.5027232971311],[-70.6761491219999,-33.5022141651311],[-70.6758005889999,-33.5017241121311],[-70.6747635559999,-33.5022613701311]]]}},{"type":"Feature","properties":{"id":"13121041002021","commune":"Pedro Aguirre Cerda","code":"13121","gse":"C2","quintil":"Q4","nse_score":778.7,"educ":12.5,"educ_score":633.3,"hacin":1.115,"hacin_class":"Hacinamiento Leve","hacin_score":826.6,"auto_score":145.2,"n_per":97,"n_hog":34,"source_year":2024,"crime_score":0.3646,"crime_nivel":"Alto","crime_color":"#f44336"},"geometry":{"type":"Polygon","coordinates":[[[-70.6788966049999,-33.5035573101311],[-70.6794993204999,-33.5032699876311],[-70.6786716599999,-33.5020763151311],[-70.6781040269999,-33.5023674081311],[-70.6788966049999,-33.5035573101311]]]}},{"type":"Feature","properties":{"id":"13121041002022","commune":"Pedro Aguirre Cerda","code":"13121","gse":"C3","quintil":"Q3","nse_score":743.8,"educ":11.7,"educ_score":580.0,"hacin":1.333,"hacin_class":"Hacinamiento Leve","hacin_score":780.1,"auto_score":222.2,"n_per":44,"n_hog":18,"source_year":2024,"crime_score":0.3626,"crime_nivel":"Alto","crime_color":"#f44336"},"geometry":{"type":"Polygon","coordinates":[[[-70.6755500319999,-33.5034152111311],[-70.6765965319999,-33.5029654791311],[-70.6762170969999,-33.5023179871311],[-70.6751340549999,-33.5027688251311],[-70.6755500319999,-33.5034152111311]]]}},{"type":"Feature","properties":{"id":"13121041002024","commune":"Pedro Aguirre Cerda","code":"13121","gse":"D","quintil":"Q2","nse_score":698.6,"educ":11.1,"educ_score":540.0,"hacin":1.542,"hacin_class":"Hacinamiento Medio","hacin_score":735.8,"auto_score":285.7,"n_per":74,"n_hog":24,"source_year":2024,"crime_score":0.3774,"crime_nivel":"Alto","crime_color":"#f44336"},"geometry":{"type":"Polygon","coordinates":[[[-70.6809453329999,-33.5027338451311],[-70.6803121394999,-33.5029813026311],[-70.6807796719999,-33.5038648291311],[-70.6814013444999,-33.5035653886311],[-70.6809453329999,-33.5027338451311]]]}},{"type":"Feature","properties":{"id":"13121041002026","commune":"Pedro Aguirre Cerda","code":"13121","gse":"C2","quintil":"Q4","nse_score":777.9,"educ":12.5,"educ_score":633.3,"hacin":1.351,"hacin_class":"Hacinamiento Leve","hacin_score":776.4,"auto_score":166.7,"n_per":77,"n_hog":25,"source_year":2024,"crime_score":0.3613,"crime_nivel":"Alto","crime_color":"#f44336"},"geometry":{"type":"Polygon","coordinates":[[[-70.6797395229999,-33.5032314291311],[-70.6802934979999,-33.504102661131],[-70.6806928399999,-33.503907983131],[-70.6802612189999,-33.5030200261311],[-70.6797395229999,-33.5032314291311]]]}},{"type":"Feature","properties":{"id":"13121041002027","commune":"Pedro Aguirre Cerda","code":"13121","gse":"C3","quintil":"Q3","nse_score":743.7,"educ":12.5,"educ_score":633.3,"hacin":1.25,"hacin_class":"Hacinamiento Leve","hacin_score":797.9,"auto_score":78.4,"n_per":110,"n_hog":49,"source_year":2024,"crime_score":0.3744,"crime_nivel":"Alto","crime_color":"#f44336"},"geometry":{"type":"Polygon","coordinates":[[[-70.6756126799999,-33.5034772421311],[-70.6760509809999,-33.5041488101311],[-70.6771110139999,-33.5036625161311],[-70.6766553249999,-33.5030119951311],[-70.6756126799999,-33.5034772421311]]]}},{"type":"Feature","properties":{"id":"13121041002028","commune":"Pedro Aguirre Cerda","code":"13121","gse":"C2","quintil":"Q4","nse_score":766.4,"educ":13.0,"educ_score":666.7,"hacin":1.676,"hacin_class":"Hacinamiento Medio","hacin_score":707.3,"auto_score":93.8,"n_per":62,"n_hog":19,"source_year":2024,"crime_score":0.3611,"crime_nivel":"Alto","crime_color":"#f44336"},"geometry":{"type":"Polygon","coordinates":[[[-70.6779273009999,-33.5034289811311],[-70.6782161869999,-33.5038799331311],[-70.6788259559999,-33.5035809671311],[-70.6785596849999,-33.503160951131],[-70.6779273009999,-33.5034289811311]]]}},{"type":"Feature","properties":{"id":"13121041002029","commune":"Pedro Aguirre Cerda","code":"13121","gse":"C3","quintil":"Q3","nse_score":747.1,"educ":11.8,"educ_score":586.7,"hacin":1.296,"hacin_class":"Hacinamiento Leve","hacin_score":788.0,"auto_score":180.0,"n_per":70,"n_hog":27,"source_year":2024,"crime_score":0.3666,"crime_nivel":"Alto","crime_color":"#f44336"},"geometry":{"type":"Polygon","coordinates":[[[-70.6793451609999,-33.503413069131],[-70.6799294759999,-33.504268460131],[-70.6802651419999,-33.504115576131],[-70.6797112239999,-33.5032444411311],[-70.6793451609999,-33.503413069131]]]}},{"type":"Feature","properties":{"id":"13121041002030","commune":"Pedro Aguirre Cerda","code":"13121","gse":"C3","quintil":"Q3","nse_score":733.7,"educ":11.4,"educ_score":560.0,"hacin":1.172,"hacin_class":"Hacinamiento Leve","hacin_score":814.5,"auto_score":96.2,"n_per":75,"n_hog":28,"source_year":2024,"crime_score":0.3702,"crime_nivel":"Alto","crime_color":"#f44336"},"geometry":{"type":"Polygon","coordinates":[[[-70.6789344259999,-33.5036022434644],[-70.6795195959999,-33.504457050131],[-70.6799011359999,-33.504281435131],[-70.6793179239999,-33.5034255921311],[-70.6789344259999,-33.5036022434644]]]}},{"type":"Feature","properties":{"id":"13121041002031","commune":"Pedro Aguirre Cerda","code":"13121","gse":"C3","quintil":"Q3","nse_score":749.4,"educ":12.8,"educ_score":653.3,"hacin":1.368,"hacin_class":"Hacinamiento Leve","hacin_score":772.7,"auto_score":406.2,"n_per":52,"n_hog":17,"source_year":2024,"crime_score":0.3629,"crime_nivel":"Alto","crime_color":"#f44336"},"geometry":{"type":"Polygon","coordinates":[[[-70.6775386099999,-33.5041769051311],[-70.6781878959999,-33.5038929641311],[-70.6778987779999,-33.5034416221311],[-70.6772382059999,-33.503748677131],[-70.6775386099999,-33.5041769051311]]]}},{"type":"Feature","properties":{"id":"13121041002032","commune":"Pedro Aguirre Cerda","code":"13121","gse":"C3","quintil":"Q3","nse_score":744.1,"educ":12.8,"educ_score":653.3,"hacin":1.262,"hacin_class":"Hacinamiento Leve","hacin_score":795.4,"auto_score":58.8,"n_per":82,"n_hog":34,"source_year":2024,"crime_score":0.3693,"crime_nivel":"Alto","crime_color":"#f44336"},"geometry":{"type":"Polygon","coordinates":[[[-70.6755995753333,-33.5051019427977],[-70.6763458959999,-33.5047471511311],[-70.6755079779999,-33.5035246221311],[-70.6747945809999,-33.5038548121311],[-70.6755995753333,-33.5051019427977]]]}},{"type":"Feature","properties":{"id":"13121041002033","commune":"Pedro Aguirre Cerda","code":"13121","gse":"C3","quintil":"Q2","nse_score":711.8,"educ":11.5,"educ_score":566.7,"hacin":1.317,"hacin_class":"Hacinamiento Leve","hacin_score":783.6,"auto_score":83.3,"n_per":54,"n_hog":22,"source_year":2024,"crime_score":0.371,"crime_nivel":"Alto","crime_color":"#f44336"},"geometry":{"type":"Polygon","coordinates":[[[-70.6785383499999,-33.503786571131],[-70.6791291919999,-33.504636764131],[-70.6794912899999,-33.504470079131],[-70.6789061669999,-33.5036153101311],[-70.6785383499999,-33.503786571131]]]}},{"type":"Feature","properties":{"id":"13121041002034","commune":"Pedro Aguirre Cerda","code":"13121","gse":"C2","quintil":"Q4","nse_score":777.5,"educ":13.1,"educ_score":673.3,"hacin":1.425,"hacin_class":"Hacinamiento Leve","hacin_score":760.6,"auto_score":250.0,"n_per":57,"n_hog":19,"source_year":2024,"crime_score":0.3579,"crime_nivel":"Alto","crime_color":"#f44336"},"geometry":{"type":"Polygon","coordinates":[[[-70.6765787399999,-33.503940243131],[-70.6769557079999,-33.5044659531311],[-70.6774487969999,-33.5042257971311],[-70.6771269489999,-33.5036865161311],[-70.6765787399999,-33.503940243131]]]}},{"type":"Feature","properties":{"id":"13121041002035","commune":"Pedro Aguirre Cerda","code":"13121","gse":"C2","quintil":"Q4","nse_score":787.2,"educ":13.2,"educ_score":680.0,"hacin":1.355,"hacin_class":"Hacinamiento Leve","hacin_score":775.6,"auto_score":137.5,"n_per":126,"n_hog":40,"source_year":2024,"crime_score":0.3679,"crime_nivel":"Alto","crime_color":"#f44336"},"geometry":{"type":"Polygon","coordinates":[[[-70.6784648649999,-33.504413492131],[-70.6781496119999,-33.503965727131],[-70.6775705374999,-33.5042517316311],[-70.6781562479999,-33.5050685411311],[-70.6791009229999,-33.504649849131],[-70.6785101069999,-33.5037996241311],[-70.678177865,-33.503952654131],[-70.6784648649999,-33.504413492131]]]}},{"type":"Feature","properties":{"id":"13121041002036","commune":"Pedro Aguirre Cerda","code":"13121","gse":"C3","quintil":"Q3","nse_score":745.4,"educ":12.6,"educ_score":640.0,"hacin":1.391,"hacin_class":"Hacinamiento Leve","hacin_score":767.8,"auto_score":159.1,"n_per":64,"n_hog":20,"source_year":2024,"crime_score":0.3658,"crime_nivel":"Alto","crime_color":"#f44336"},"geometry":{"type":"Polygon","coordinates":[[[-70.6760664719999,-33.504172544131],[-70.6764187279999,-33.5047122661311],[-70.6769273539999,-33.504478959131],[-70.6765504179999,-33.503953273131],[-70.6760664719999,-33.504172544131]]]}},{"type":"Feature","properties":{"id":"13121041002037","commune":"Pedro Aguirre Cerda","code":"13121","gse":"C2","quintil":"Q4","nse_score":772.5,"educ":13.1,"educ_score":673.3,"hacin":1.313,"hacin_class":"Hacinamiento Leve","hacin_score":784.4,"auto_score":196.4,"n_per":88,"n_hog":30,"source_year":2024,"crime_score":0.3644,"crime_nivel":"Alto","crime_color":"#f44336"},"geometry":{"type":"Polygon","coordinates":[[[-70.6764583999999,-33.504797550131],[-70.6767254479999,-33.505203817131],[-70.677776665,-33.5046942931311],[-70.6774728949999,-33.5042914061311],[-70.6764583999999,-33.504797550131]]]}},{"type":"Feature","properties":{"id":"13121041002038","commune":"Pedro Aguirre Cerda","code":"13121","gse":"C2","quintil":"Q4","nse_score":779.0,"educ":12.5,"educ_score":633.3,"hacin":1.086,"hacin_class":"Hacinamiento Leve","hacin_score":832.8,"auto_score":120.7,"n_per":76,"n_hog":33,"source_year":2024,"crime_score":0.3609,"crime_nivel":"Alto","crime_color":"#f44336"},"geometry":{"type":"Polygon","coordinates":[[[-70.6769905069999,-33.505590924131],[-70.6780451159999,-33.5051317141311],[-70.6777919339999,-33.5047162601311],[-70.676741192,-33.505227458131],[-70.6769905069999,-33.505590924131]]]}},{"type":"Feature","properties":{"id":"13121041002018","commune":"Pedro Aguirre Cerda","code":"13121","gse":"D","quintil":"Q1","nse_score":674.0,"educ":10.3,"educ_score":486.7,"hacin":1.518,"hacin_class":"Hacinamiento Medio","hacin_score":740.7,"auto_score":35.7,"n_per":41,"n_hog":14,"source_year":2024,"crime_score":0.3765,"crime_nivel":"Alto","crime_color":"#f44336"},"geometry":{"type":"MultiPolygon","coordinates":[[[[-70.6767435429999,-33.502951153131],[-70.6772223999999,-33.503725084131],[-70.6785440369999,-33.5031373031311],[-70.678023617,-33.5023726341311],[-70.6767435429999,-33.502951153131]]],[[[-70.6761544089999,-33.5021100211311],[-70.6763804319999,-33.5024554991311],[-70.6768459979999,-33.5022368261311],[-70.6763953859999,-33.5024783531311],[-70.6767052169999,-33.5028962851311],[-70.6779889349999,-33.5023076931311],[-70.6774761569999,-33.5015051791311],[-70.6761544089999,-33.5021100211311]]]]}},{"type":"Feature","properties":{"id":"13121041003001","commune":"Pedro Aguirre Cerda","code":"13121","gse":"C3","quintil":"Q3","nse_score":743.5,"educ":12.1,"educ_score":606.7,"hacin":1.638,"hacin_class":"Hacinamiento Medio","hacin_score":715.3,"auto_score":155.2,"n_per":95,"n_hog":32,"source_year":2024,"crime_score":0.3717,"crime_nivel":"Alto","crime_color":"#f44336"},"geometry":{"type":"Polygon","coordinates":[[[-70.6727653539999,-33.5019372911311],[-70.6733343939999,-33.5027410231311],[-70.6736867259999,-33.5025762141311],[-70.673201446,-33.5017767801311],[-70.6727653539999,-33.5019372911311]]]}},{"type":"Feature","properties":{"id":"13121041003002","commune":"Pedro Aguirre Cerda","code":"13121","gse":"C3","quintil":"Q3","nse_score":749.8,"educ":12.4,"educ_score":626.7,"hacin":1.286,"hacin_class":"Hacinamiento Leve","hacin_score":790.3,"auto_score":155.2,"n_per":72,"n_hog":29,"source_year":2024,"crime_score":0.3663,"crime_nivel":"Alto","crime_color":"#f44336"},"geometry":{"type":"Polygon","coordinates":[[[-70.6729367519999,-33.5028969371311],[-70.6733059769999,-33.5027539291311],[-70.6727370229999,-33.5019503061311],[-70.6724197024999,-33.5021280826311],[-70.6729367519999,-33.5028969371311]]]}},{"type":"Feature","properties":{"id":"13121041003003","commune":"Pedro Aguirre Cerda","code":"13121","gse":"C3","quintil":"Q3","nse_score":731.5,"educ":11.7,"educ_score":580.0,"hacin":1.353,"hacin_class":"Hacinamiento Leve","hacin_score":776.0,"auto_score":55.6,"n_per":69,"n_hog":26,"source_year":2024,"crime_score":0.3696,"crime_nivel":"Alto","crime_color":"#f44336"},"geometry":{"type":"Polygon","coordinates":[[[-70.6719921329999,-33.5022954431311],[-70.6725375839999,-33.5031004141311],[-70.672849562,-33.502944600131],[-70.6723753499999,-33.5021707761311],[-70.6719921329999,-33.5022954431311]]]}},{"type":"Feature","properties":{"id":"13121041003004","commune":"Pedro Aguirre Cerda","code":"13121","gse":"C3","quintil":"Q3","nse_score":738.5,"educ":12.0,"educ_score":600.0,"hacin":1.525,"hacin_class":"Hacinamiento Medio","hacin_score":739.4,"auto_score":50.0,"n_per":93,"n_hog":31,"source_year":2024,"crime_score":0.3724,"crime_nivel":"Alto","crime_color":"#f44336"},"geometry":{"type":"Polygon","coordinates":[[[-70.671641372,-33.5024588531311],[-70.6721723199999,-33.5032721951311],[-70.6725094179999,-33.5031136601311],[-70.6719638979999,-33.5023085731311],[-70.671641372,-33.5024588531311]]]}},{"type":"Feature","properties":{"id":"13121041003005","commune":"Pedro Aguirre Cerda","code":"13121","gse":"C3","quintil":"Q3","nse_score":740.7,"educ":12.2,"educ_score":613.3,"hacin":1.433,"hacin_class":"Hacinamiento Leve","hacin_score":758.9,"auto_score":129.0,"n_per":86,"n_hog":32,"source_year":2024,"crime_score":0.3707,"crime_nivel":"Alto","crime_color":"#f44336"},"geometry":{"type":"Polygon","coordinates":[[[-70.6712897199999,-33.5026226704644],[-70.6718380309999,-33.5034294071311],[-70.6721441539999,-33.5032854401311],[-70.6716131379999,-33.502471982131],[-70.6712897199999,-33.5026226704644]]]}},{"type":"Feature","properties":{"id":"13121041003006","commune":"Pedro Aguirre Cerda","code":"13121","gse":"C2","quintil":"Q3","nse_score":751.0,"educ":12.8,"educ_score":653.3,"hacin":1.167,"hacin_class":"Hacinamiento Leve","hacin_score":815.6,"auto_score":100.0,"n_per":56,"n_hog":18,"source_year":2024,"crime_score":0.3633,"crime_nivel":"Alto","crime_color":"#f44336"},"geometry":{"type":"Polygon","coordinates":[[[-70.6730095729999,-33.5030424611311],[-70.6732276819999,-33.5033716241311],[-70.6740959589999,-33.5029568371311],[-70.6738198239999,-33.5025968451311],[-70.6730095729999,-33.5030424611311]]]}},{"type":"Feature","properties":{"id":"13121041003007","commune":"Pedro Aguirre Cerda","code":"13121","gse":"D","quintil":"Q2","nse_score":696.6,"educ":11.5,"educ_score":566.7,"hacin":1.6,"hacin_class":"Hacinamiento Medio","hacin_score":723.4,"auto_score":176.5,"n_per":48,"n_hog":20,"source_year":2024,"crime_score":0.3731,"crime_nivel":"Alto","crime_color":"#f44336"},"geometry":{"type":"Polygon","coordinates":[[[-70.6716155549999,-33.5035091031311],[-70.6718098849999,-33.5034426421311],[-70.6712610349999,-33.5026360151311],[-70.6711329969999,-33.5026956621311],[-70.6716155549999,-33.5035091031311]]]}},{"type":"Feature","properties":{"id":"13121041003008","commune":"Pedro Aguirre Cerda","code":"13121","gse":"C3","quintil":"Q3","nse_score":749.8,"educ":12.1,"educ_score":606.7,"hacin":1.462,"hacin_class":"Hacinamiento Leve","hacin_score":752.9,"auto_score":109.4,"n_per":95,"n_hog":37,"source_year":2024,"crime_score":0.3704,"crime_nivel":"Alto","crime_color":"#f44336"},"geometry":{"type":"Polygon","coordinates":[[[-70.6706801089999,-33.5029062561311],[-70.6712259539999,-33.5037165701311],[-70.6715463599999,-33.5035674641311],[-70.6710497239999,-33.5027697581311],[-70.6706801089999,-33.5029062561311]]]}},{"type":"Feature","properties":{"id":"13121041003009","commune":"Pedro Aguirre Cerda","code":"13121","gse":"C3","quintil":"Q2","nse_score":720.0,"educ":11.5,"educ_score":566.7,"hacin":1.6,"hacin_class":"Hacinamiento Medio","hacin_score":723.4,"auto_score":118.4,"n_per":128,"n_hog":38,"source_year":2024,"crime_score":0.3827,"crime_nivel":"Alto","crime_color":"#f44336"},"geometry":{"type":"Polygon","coordinates":[[[-70.6702863019999,-33.5030875971311],[-70.6708321789999,-33.503896561131],[-70.6711975959999,-33.5037295321311],[-70.6706517949999,-33.5029192701311],[-70.6702863019999,-33.5030875971311]]]}},{"type":"Feature","properties":{"id":"13121041003010","commune":"Pedro Aguirre Cerda","code":"13121","gse":"C2","quintil":"Q4","nse_score":800.7,"educ":13.3,"educ_score":686.7,"hacin":1.25,"hacin_class":"Hacinamiento Leve","hacin_score":797.9,"auto_score":200.0,"n_per":45,"n_hog":15,"source_year":2024,"crime_score":0.3511,"crime_nivel":"Alto","crime_color":"#f44336"},"geometry":{"type":"Polygon","coordinates":[[[-70.6739410079999,-33.5036744451311],[-70.6744763099999,-33.5034304501311],[-70.6741363609999,-33.5029699891311],[-70.6735983059999,-33.5032257131311],[-70.6739410079999,-33.5036744451311]]]}},{"type":"Feature","properties":{"id":"13121041003011","commune":"Pedro Aguirre Cerda","code":"13121","gse":"C2","quintil":"Q3","nse_score":755.9,"educ":11.5,"educ_score":566.7,"hacin":1.127,"hacin_class":"Hacinamiento Leve","hacin_score":823.9,"auto_score":102.6,"n_per":115,"n_hog":40,"source_year":2024,"crime_score":0.3726,"crime_nivel":"Alto","crime_color":"#f44336"},"geometry":{"type":"Polygon","coordinates":[[[-70.6731571249999,-33.5045261721311],[-70.6737305579999,-33.504240347631],[-70.6728745029999,-33.5030286921311],[-70.6723464374999,-33.5033136616311],[-70.6731571249999,-33.5045261721311]]]}},{"type":"Feature","properties":{"id":"13121041003012","commune":"Pedro Aguirre Cerda","code":"13121","gse":"C3","quintil":"Q3","nse_score":724.2,"educ":12.1,"educ_score":606.7,"hacin":1.492,"hacin_class":"Hacinamiento Leve","hacin_score":746.4,"auto_score":30.3,"n_per":91,"n_hog":33,"source_year":2024,"crime_score":0.3751,"crime_nivel":"Alto","crime_color":"#f44336"},"geometry":{"type":"Polygon","coordinates":[[[-70.6702722319999,-33.504138035131],[-70.6708038219999,-33.5039095231311],[-70.6702579889999,-33.5031006111311],[-70.6697473774999,-33.5033520516311],[-70.6702722319999,-33.504138035131]]]}},{"type":"Feature","properties":{"id":"13121041003013","commune":"Pedro Aguirre Cerda","code":"13121","gse":"C2","quintil":"Q4","nse_score":806.6,"educ":13.4,"educ_score":693.3,"hacin":1.132,"hacin_class":"Hacinamiento Leve","hacin_score":823.1,"auto_score":205.9,"n_per":43,"n_hog":17,"source_year":2024,"crime_score":0.3495,"crime_nivel":"Alto","crime_color":"#f44336"},"geometry":{"type":"Polygon","coordinates":[[[-70.6732433699999,-33.5033952871311],[-70.6735491169999,-33.5038564281311],[-70.6739129489999,-33.503687857131],[-70.6735702219999,-33.5032391171311],[-70.6732433699999,-33.5033952871311]]]}},{"type":"Feature","properties":{"id":"13121041003014","commune":"Pedro Aguirre Cerda","code":"13121","gse":"C2","quintil":"Q4","nse_score":790.9,"educ":13.3,"educ_score":686.7,"hacin":1.28,"hacin_class":"Hacinamiento Leve","hacin_score":791.4,"auto_score":272.7,"n_per":105,"n_hog":32,"source_year":2024,"crime_score":0.3634,"crime_nivel":"Alto","crime_color":"#f44336"},"geometry":{"type":"Polygon","coordinates":[[[-70.6725080679999,-33.5048352161311],[-70.6730764779999,-33.504562463631],[-70.6722414549999,-33.5033329521311],[-70.6716887834999,-33.503603171631],[-70.6725080679999,-33.5048352161311]]]}},{"type":"Feature","properties":{"id":"13121041003015","commune":"Pedro Aguirre Cerda","code":"13121","gse":"C1","quintil":"Q5","nse_score":815.2,"educ":14.3,"educ_score":753.3,"hacin":1.222,"hacin_class":"Hacinamiento Leve","hacin_score":803.8,"auto_score":136.4,"n_per":33,"n_hog":11,"source_year":2024,"crime_score":0.346,"crime_nivel":"Alto","crime_color":"#f44336"},"geometry":{"type":"Polygon","coordinates":[[[-70.6694235079999,-33.5034775791311],[-70.6699450589999,-33.5043084781311],[-70.6701414569999,-33.5042173601311],[-70.6696800839999,-33.5034164091311],[-70.6694235079999,-33.5034775791311]]]}},{"type":"Feature","properties":{"id":"13121041003016","commune":"Pedro Aguirre Cerda","code":"13121","gse":"C3","quintil":"Q2","nse_score":720.3,"educ":12.9,"educ_score":660.0,"hacin":1.208,"hacin_class":"Hacinamiento Leve","hacin_score":806.7,"auto_score":71.4,"n_per":29,"n_hog":11,"source_year":2024,"crime_score":0.3648,"crime_nivel":"Alto","crime_color":"#f44336"},"geometry":{"type":"Polygon","coordinates":[[[-70.6738244149999,-33.5042310451311],[-70.6747008039999,-33.5038368581311],[-70.6744923069999,-33.5034539531311],[-70.6735648109999,-33.5038800931311],[-70.6738244149999,-33.5042310451311]]]}},{"type":"Feature","properties":{"id":"13121041003017","commune":"Pedro Aguirre Cerda","code":"13121","gse":"C2","quintil":"Q4","nse_score":783.5,"educ":13.0,"educ_score":666.7,"hacin":1.177,"hacin_class":"Hacinamiento Leve","hacin_score":813.5,"auto_score":227.3,"n_per":80,"n_hog":32,"source_year":2024,"crime_score":0.3607,"crime_nivel":"Alto","crime_color":"#f44336"},"geometry":{"type":"Polygon","coordinates":[[[-70.6689265853333,-33.5037131344644],[-70.6694815919999,-33.5045235001311],[-70.6699167959999,-33.5043215911311],[-70.6693953769999,-33.5034908901311],[-70.6689265853333,-33.5037131344644]]]}},{"type":"Feature","properties":{"id":"13121041003018","commune":"Pedro Aguirre Cerda","code":"13121","gse":"C2","quintil":"Q4","nse_score":790.0,"educ":13.0,"educ_score":666.7,"hacin":1.284,"hacin_class":"Hacinamiento Leve","hacin_score":790.6,"auto_score":125.0,"n_per":113,"n_hog":38,"source_year":2024,"crime_score":0.365,"crime_nivel":"Alto","crime_color":"#f44336"},"geometry":{"type":"Polygon","coordinates":[[[-70.6713018149999,-33.5042226351311],[-70.6718193669999,-33.505171761131],[-70.6724222969999,-33.504862685131],[-70.6715899949999,-33.5036347511311],[-70.67097451,-33.5039103291311],[-70.6713018149999,-33.5042226351311]]]}},{"type":"Feature","properties":{"id":"13121041003019","commune":"Pedro Aguirre Cerda","code":"13121","gse":"C2","quintil":"Q4","nse_score":761.9,"educ":12.6,"educ_score":640.0,"hacin":1.351,"hacin_class":"Hacinamiento Leve","hacin_score":776.5,"auto_score":162.2,"n_per":104,"n_hog":36,"source_year":2024,"crime_score":0.3694,"crime_nivel":"Alto","crime_color":"#f44336"},"geometry":{"type":"Polygon","coordinates":[[[-70.6684637899999,-33.5039320921311],[-70.6689598579999,-33.504774017131],[-70.669453459,-33.504536785131],[-70.6688984749999,-33.5037264271311],[-70.6684637899999,-33.5039320921311]]]}},{"type":"Feature","properties":{"id":"13121041003020","commune":"Pedro Aguirre Cerda","code":"13121","gse":"C3","quintil":"Q3","nse_score":746.6,"educ":12.2,"educ_score":613.3,"hacin":1.272,"hacin_class":"Hacinamiento Leve","hacin_score":793.3,"auto_score":94.4,"n_per":206,"n_hog":91,"source_year":2024,"crime_score":0.3907,"crime_nivel":"Alto","crime_color":"#f44336"},"geometry":{"type":"Polygon","coordinates":[[[-70.6746859079999,-33.505546370131],[-70.6755671579999,-33.5051543641311],[-70.6747512349999,-33.5038748491311],[-70.6738624954999,-33.504311576631],[-70.6746859079999,-33.505546370131]]]}},{"type":"Feature","properties":{"id":"13121041003021","commune":"Pedro Aguirre Cerda","code":"13121","gse":"C2","quintil":"Q4","nse_score":793.8,"educ":13.0,"educ_score":666.7,"hacin":1.254,"hacin_class":"Hacinamiento Leve","hacin_score":797.1,"auto_score":190.0,"n_per":163,"n_hog":53,"source_year":2024,"crime_score":0.3728,"crime_nivel":"Alto","crime_color":"#f44336"},"geometry":{"type":"Polygon","coordinates":[[[-70.6711550409999,-33.505450540131],[-70.6717909479999,-33.5051846091311],[-70.6712741559999,-33.5042366581311],[-70.6709480084999,-33.5039227066311],[-70.6703255729999,-33.5042618531311],[-70.6711550409999,-33.505450540131]]]}},{"type":"Feature","properties":{"id":"13121041003022","commune":"Pedro Aguirre Cerda","code":"13121","gse":"C3","quintil":"Q3","nse_score":733.2,"educ":12.4,"educ_score":626.7,"hacin":1.391,"hacin_class":"Hacinamiento Leve","hacin_score":767.8,"auto_score":217.4,"n_per":64,"n_hog":21,"source_year":2024,"crime_score":0.3684,"crime_nivel":"Alto","crime_color":"#f44336"},"geometry":{"type":"Polygon","coordinates":[[[-70.6686067869999,-33.504901428131],[-70.6689317849999,-33.504787510131],[-70.6684356149999,-33.503945397131],[-70.668204005,-33.5041018681311],[-70.6686067869999,-33.504901428131]]]}},{"type":"Feature","properties":{"id":"13121041003025","commune":"Pedro Aguirre Cerda","code":"13121","gse":"C2","quintil":"Q4","nse_score":763.6,"educ":12.4,"educ_score":626.7,"hacin":1.333,"hacin_class":"Hacinamiento Leve","hacin_score":780.1,"auto_score":204.2,"n_per":220,"n_hog":73,"source_year":2024,"crime_score":0.3894,"crime_nivel":"Alto","crime_color":"#f44336"},"geometry":{"type":"Polygon","coordinates":[[[-70.6686996299999,-33.504978808131],[-70.669919509,-33.507652824131],[-70.6701361039999,-33.507684977131],[-70.6711733799999,-33.507206828131],[-70.6707616979999,-33.506455532131],[-70.6711623299999,-33.5062926681311],[-70.6709780109999,-33.505948693131],[-70.671188722,-33.506275844131],[-70.6714863679999,-33.506137356131],[-70.6702452679999,-33.5042840411311],[-70.6686996299999,-33.504978808131]]]}},{"type":"Feature","properties":{"id":"13121041003026","commune":"Pedro Aguirre Cerda","code":"13121","gse":"C1","quintil":"Q5","nse_score":815.8,"educ":13.4,"educ_score":693.3,"hacin":1.167,"hacin_class":"Hacinamiento Leve","hacin_score":815.6,"auto_score":187.5,"n_per":98,"n_hog":34,"source_year":2024,"crime_score":0.357,"crime_nivel":"Alto","crime_color":"#f44336"},"geometry":{"type":"Polygon","coordinates":[[[-70.6740269849999,-33.505847113131],[-70.6746256579999,-33.505572028131],[-70.6737600559999,-33.5043384141311],[-70.6732116329999,-33.504621941131],[-70.6740269849999,-33.505847113131]]]}},{"type":"Feature","properties":{"id":"13121041003027","commune":"Pedro Aguirre Cerda","code":"13121","gse":"C2","quintil":"Q4","nse_score":791.2,"educ":13.1,"educ_score":673.3,"hacin":1.25,"hacin_class":"Hacinamiento Leve","hacin_score":797.9,"auto_score":200.0,"n_per":125,"n_hog":40,"source_year":2024,"crime_score":0.3668,"crime_nivel":"Alto","crime_color":"#f44336"},"geometry":{"type":"Polygon","coordinates":[[[-70.6733894559999,-33.506141460131],[-70.6739532484999,-33.505869291631],[-70.6734187369999,-33.504933677131],[-70.6731022899999,-33.5046393811311],[-70.6725613339999,-33.5049208096311],[-70.6733894559999,-33.506141460131]]]}},{"type":"Feature","properties":{"id":"13121041003028","commune":"Pedro Aguirre Cerda","code":"13121","gse":"C2","quintil":"Q4","nse_score":784.8,"educ":12.9,"educ_score":660.0,"hacin":1.193,"hacin_class":"Hacinamiento Leve","hacin_score":810.0,"auto_score":194.4,"n_per":105,"n_hog":39,"source_year":2024,"crime_score":0.3647,"crime_nivel":"Alto","crime_color":"#f44336"},"geometry":{"type":"Polygon","coordinates":[[[-70.672170418,-33.5055088651311],[-70.6726982309999,-33.506497032131],[-70.6733048924999,-33.506177077631],[-70.6724498579999,-33.5049597761311],[-70.6718623794999,-33.505220238131],[-70.672170418,-33.5055088651311]]]}},{"type":"Feature","properties":{"id":"13121041003029","commune":"Pedro Aguirre Cerda","code":"13121","gse":"C2","quintil":"Q4","nse_score":761.1,"educ":11.8,"educ_score":586.7,"hacin":1.211,"hacin_class":"Hacinamiento Leve","hacin_score":806.1,"auto_score":89.7,"n_per":109,"n_hog":42,"source_year":2024,"crime_score":0.3705,"crime_nivel":"Alto","crime_color":"#f44336"},"geometry":{"type":"Polygon","coordinates":[[[-70.6751097469999,-33.5054262671311],[-70.6756551929999,-33.506267282131],[-70.6761301109999,-33.506048432131],[-70.6758924789999,-33.505662558131],[-70.675680644,-33.505751008131],[-70.6758776619999,-33.5056385181311],[-70.6756013969999,-33.5051899151311],[-70.6751097469999,-33.5054262671311]]]}},{"type":"Feature","properties":{"id":"13121041003030","commune":"Pedro Aguirre Cerda","code":"13121","gse":"C2","quintil":"Q4","nse_score":791.1,"educ":13.4,"educ_score":693.3,"hacin":1.356,"hacin_class":"Hacinamiento Leve","hacin_score":775.2,"auto_score":208.3,"n_per":137,"n_hog":49,"source_year":2024,"crime_score":0.3689,"crime_nivel":"Alto","crime_color":"#f44336"},"geometry":{"type":"Polygon","coordinates":[[[-70.6720353689999,-33.506785808131],[-70.6726701609999,-33.506510222131],[-70.6721452719999,-33.505526800131],[-70.6718340869999,-33.505233052131],[-70.6711975569999,-33.505565392131],[-70.6720353689999,-33.506785808131]]]}},{"type":"Feature","properties":{"id":"13121041003031","commune":"Pedro Aguirre Cerda","code":"13121","gse":"C3","quintil":"Q3","nse_score":735.6,"educ":12.0,"educ_score":600.0,"hacin":1.397,"hacin_class":"Hacinamiento Leve","hacin_score":766.7,"auto_score":78.1,"n_per":81,"n_hog":35,"source_year":2024,"crime_score":0.3709,"crime_nivel":"Alto","crime_color":"#f44336"},"geometry":{"type":"Polygon","coordinates":[[[-70.675273236,-33.506415462131],[-70.6756266649999,-33.506279951131],[-70.6750819329999,-33.505439976131],[-70.6747526279999,-33.5056496921311],[-70.675273236,-33.506415462131]]]}},{"type":"Feature","properties":{"id":"13121041003032","commune":"Pedro Aguirre Cerda","code":"13121","gse":"D","quintil":"Q2","nse_score":699.4,"educ":11.2,"educ_score":546.7,"hacin":1.582,"hacin_class":"Hacinamiento Medio","hacin_score":727.3,"auto_score":62.5,"n_per":87,"n_hog":33,"source_year":2024,"crime_score":0.3796,"crime_nivel":"Alto","crime_color":"#f44336"},"geometry":{"type":"Polygon","coordinates":[[[-70.6743211879999,-33.505808371131],[-70.6749235609999,-33.506601269131],[-70.6751908464999,-33.506441783131],[-70.6746353589999,-33.505674481131],[-70.6743211879999,-33.505808371131]]]}},{"type":"Feature","properties":{"id":"13121041003033","commune":"Pedro Aguirre Cerda","code":"13121","gse":"C3","quintil":"Q3","nse_score":742.0,"educ":11.6,"educ_score":573.3,"hacin":1.29,"hacin_class":"Hacinamiento Leve","hacin_score":789.4,"auto_score":86.2,"n_per":89,"n_hog":30,"source_year":2024,"crime_score":0.371,"crime_nivel":"Alto","crime_color":"#f44336"},"geometry":{"type":"Polygon","coordinates":[[[-70.6739374889999,-33.505986943131],[-70.6744876919999,-33.506803746131],[-70.6748953189999,-33.506614384131],[-70.6742929459999,-33.5058214911311],[-70.6739374889999,-33.505986943131]]]}},{"type":"Feature","properties":{"id":"13121041003034","commune":"Pedro Aguirre Cerda","code":"13121","gse":"C3","quintil":"Q3","nse_score":743.6,"educ":11.8,"educ_score":586.7,"hacin":1.424,"hacin_class":"Hacinamiento Leve","hacin_score":760.8,"auto_score":112.9,"n_per":94,"n_hog":32,"source_year":2024,"crime_score":0.3715,"crime_nivel":"Alto","crime_color":"#f44336"},"geometry":{"type":"Polygon","coordinates":[[[-70.6739092469999,-33.506000063131],[-70.6735182619999,-33.506182023131],[-70.6741235529999,-33.506972928131],[-70.6744594439999,-33.506816869131],[-70.6739092469999,-33.506000063131]]]}},{"type":"Feature","properties":{"id":"13121041003035","commune":"Pedro Aguirre Cerda","code":"13121","gse":"C2","quintil":"Q4","nse_score":766.6,"educ":13.0,"educ_score":666.7,"hacin":1.345,"hacin_class":"Hacinamiento Leve","hacin_score":777.6,"auto_score":203.7,"n_per":74,"n_hog":25,"source_year":2024,"crime_score":0.3632,"crime_nivel":"Alto","crime_color":"#f44336"},"geometry":{"type":"Polygon","coordinates":[[[-70.6712020499999,-33.506300602131],[-70.6715890329999,-33.507015223131],[-70.6719162839999,-33.506853993131],[-70.6715022249999,-33.506160920131],[-70.6712020499999,-33.506300602131]]]}},{"type":"Feature","properties":{"id":"13121041003036","commune":"Pedro Aguirre Cerda","code":"13121","gse":"C3","quintil":"Q3","nse_score":742.2,"educ":11.7,"educ_score":580.0,"hacin":1.414,"hacin_class":"Hacinamiento Leve","hacin_score":763.0,"auto_score":218.8,"n_per":41,"n_hog":16,"source_year":2024,"crime_score":0.3624,"crime_nivel":"Alto","crime_color":"#f44336"},"geometry":{"type":"Polygon","coordinates":[[[-70.6739615219999,-33.507030495131],[-70.6740953019999,-33.506986052131],[-70.6735748089999,-33.506200341131],[-70.6734553299999,-33.506219870131],[-70.6739615219999,-33.507030495131]]]}},{"type":"Feature","properties":{"id":"13121041003037","commune":"Pedro Aguirre Cerda","code":"13121","gse":"C3","quintil":"Q2","nse_score":704.9,"educ":11.2,"educ_score":546.7,"hacin":1.593,"hacin_class":"Hacinamiento Medio","hacin_score":724.8,"auto_score":93.8,"n_per":94,"n_hog":35,"source_year":2024,"crime_score":0.3797,"crime_nivel":"Alto","crime_color":"#f44336"},"geometry":{"type":"Polygon","coordinates":[[[-70.6729785939999,-33.5064277354643],[-70.6735329709999,-33.5072476061311],[-70.6738775669999,-33.507082585131],[-70.6733787269999,-33.5062908181311],[-70.6729785939999,-33.5064277354643]]]}},{"type":"Feature","properties":{"id":"13121041003038","commune":"Pedro Aguirre Cerda","code":"13121","gse":"C2","quintil":"Q4","nse_score":767.8,"educ":13.1,"educ_score":673.3,"hacin":1.413,"hacin_class":"Hacinamiento Leve","hacin_score":763.2,"auto_score":195.7,"n_per":65,"n_hog":22,"source_year":2024,"crime_score":0.3614,"crime_nivel":"Alto","crime_color":"#f44336"},"geometry":{"type":"Polygon","coordinates":[[[-70.670811382,-33.506481351131],[-70.6711981179999,-33.5071954251311],[-70.6715606459999,-33.507028309131],[-70.6711746839999,-33.506315487131],[-70.670811382,-33.506481351131]]]}},{"type":"Feature","properties":{"id":"13121041003039","commune":"Pedro Aguirre Cerda","code":"13121","gse":"C3","quintil":"Q3","nse_score":731.8,"educ":11.4,"educ_score":560.0,"hacin":1.56,"hacin_class":"Hacinamiento Medio","hacin_score":731.9,"auto_score":102.9,"n_per":117,"n_hog":39,"source_year":2024,"crime_score":0.3781,"crime_nivel":"Alto","crime_color":"#f44336"},"geometry":{"type":"Polygon","coordinates":[[[-70.6726079199999,-33.506596285131],[-70.6731682749999,-33.507414008131],[-70.6735045999999,-33.507260551131],[-70.6729501979999,-33.506440628131],[-70.6726079199999,-33.506596285131]]]}},{"type":"Feature","properties":{"id":"13121041003040","commune":"Pedro Aguirre Cerda","code":"13121","gse":"C2","quintil":"Q4","nse_score":769.6,"educ":12.6,"educ_score":640.0,"hacin":1.213,"hacin_class":"Hacinamiento Leve","hacin_score":805.7,"auto_score":140.6,"n_per":91,"n_hog":33,"source_year":2024,"crime_score":0.3655,"crime_nivel":"Alto","crime_color":"#f44336"},"geometry":{"type":"Polygon","coordinates":[[[-70.67258763,-33.507659500131],[-70.6731399009999,-33.507426953131],[-70.6725795169999,-33.506609176131],[-70.6720745674999,-33.506869285131],[-70.67258763,-33.507659500131]]]}},{"type":"Feature","properties":{"id":"13121041003041","commune":"Pedro Aguirre Cerda","code":"13121","gse":"C2","quintil":"Q4","nse_score":780.5,"educ":12.4,"educ_score":626.7,"hacin":1.304,"hacin_class":"Hacinamiento Leve","hacin_score":786.4,"auto_score":151.5,"n_per":103,"n_hog":33,"source_year":2024,"crime_score":0.3653,"crime_nivel":"Alto","crime_color":"#f44336"},"geometry":{"type":"Polygon","coordinates":[[[-70.6715847019999,-33.507068652131],[-70.6721221729999,-33.507894804131],[-70.6724834699999,-33.507716923131],[-70.6720062969999,-33.506919647131],[-70.6715847019999,-33.507068652131]]]}},{"type":"Feature","properties":{"id":"13121041003042","commune":"Pedro Aguirre Cerda","code":"13121","gse":"C3","quintil":"Q3","nse_score":723.1,"educ":11.6,"educ_score":573.3,"hacin":1.308,"hacin_class":"Hacinamiento Leve","hacin_score":785.6,"auto_score":193.5,"n_per":85,"n_hog":31,"source_year":2024,"crime_score":0.3743,"crime_nivel":"Alto","crime_color":"#f44336"},"geometry":{"type":"Polygon","coordinates":[[[-70.671220376,-33.507239621131],[-70.6717419129999,-33.508071132131],[-70.6720939119999,-33.507907909131],[-70.6715565139999,-33.507081855131],[-70.671220376,-33.507239621131]]]}},{"type":"Feature","properties":{"id":"13121041003043","commune":"Pedro Aguirre Cerda","code":"13121","gse":"C2","quintil":"Q4","nse_score":761.7,"educ":12.4,"educ_score":626.7,"hacin":1.188,"hacin_class":"Hacinamiento Leve","hacin_score":811.2,"auto_score":161.8,"n_per":95,"n_hog":34,"source_year":2024,"crime_score":0.3679,"crime_nivel":"Alto","crime_color":"#f44336"},"geometry":{"type":"Polygon","coordinates":[[[-70.6703047769999,-33.507669281131],[-70.6708597169999,-33.508480201131],[-70.67129804,-33.508276953131],[-70.6709970159999,-33.507806050131],[-70.6713263039999,-33.508263848131],[-70.6717124889999,-33.508084775131],[-70.6711921799999,-33.507252829131],[-70.6703047769999,-33.507669281131]]]}},{"type":"Feature","properties":{"id":"13121041003044","commune":"Pedro Aguirre Cerda","code":"13121","gse":"C3","quintil":"Q2","nse_score":713.5,"educ":11.5,"educ_score":566.7,"hacin":1.46,"hacin_class":"Hacinamiento Leve","hacin_score":753.2,"auto_score":108.7,"n_per":73,"n_hog":25,"source_year":2024,"crime_score":0.3741,"crime_nivel":"Alto","crime_color":"#f44336"},"geometry":{"type":"Polygon","coordinates":[[[-70.6704328109999,-33.508657602131],[-70.6708314519999,-33.508493306131],[-70.6702765889999,-33.507682485131],[-70.6700207079999,-33.507898157131],[-70.6704328109999,-33.508657602131]]]}},{"type":"Feature","properties":{"id":"13121041004005","commune":"Pedro Aguirre Cerda","code":"13121","gse":"D","quintil":"Q1","nse_score":678.4,"educ":9.9,"educ_score":460.0,"hacin":1.231,"hacin_class":"Hacinamiento Leve","hacin_score":802.0,"auto_score":115.4,"n_per":32,"n_hog":13,"source_year":2024,"crime_score":0.3739,"crime_nivel":"Alto","crime_color":"#f44336"},"geometry":{"type":"Polygon","coordinates":[[[-70.6721795569999,-33.4996714051311],[-70.6723523839999,-33.4999531561311],[-70.6729293139999,-33.4997240761311],[-70.6727695769999,-33.4994405681311],[-70.6721795569999,-33.4996714051311]]]}},{"type":"Feature","properties":{"id":"13121041004006","commune":"Pedro Aguirre Cerda","code":"13121","gse":"D","quintil":"Q1","nse_score":668.7,"educ":10.1,"educ_score":473.3,"hacin":1.5,"hacin_class":"Hacinamiento Medio","hacin_score":744.7,"auto_score":100.0,"n_per":78,"n_hog":26,"source_year":2024,"crime_score":0.3844,"crime_nivel":"Alto","crime_color":"#f44336"},"geometry":{"type":"Polygon","coordinates":[[[-70.6716383279999,-33.4997190151311],[-70.6720608069999,-33.5004288931311],[-70.6724901229999,-33.5002510911311],[-70.6720631819999,-33.4995492971311],[-70.6716383279999,-33.4997190151311]]]}},{"type":"Feature","properties":{"id":"13121041004008","commune":"Pedro Aguirre Cerda","code":"13121","gse":"E","quintil":"Q1","nse_score":648.2,"educ":9.5,"educ_score":433.3,"hacin":1.443,"hacin_class":"Hacinamiento Leve","hacin_score":756.9,"auto_score":152.2,"n_per":88,"n_hog":27,"source_year":2024,"crime_score":0.3906,"crime_nivel":"Alto","crime_color":"#f44336"},"geometry":{"type":"Polygon","coordinates":[[[-70.6711867159999,-33.4998954041311],[-70.6716144209999,-33.5006033731311],[-70.6720317269999,-33.5004405861311],[-70.6716091509999,-33.4997305141311],[-70.6711867159999,-33.4998954041311]]]}},{"type":"Feature","properties":{"id":"13121041004009","commune":"Pedro Aguirre Cerda","code":"13121","gse":"D","quintil":"Q1","nse_score":668.3,"educ":10.0,"educ_score":466.7,"hacin":1.233,"hacin_class":"Hacinamiento Leve","hacin_score":801.4,"auto_score":58.8,"n_per":37,"n_hog":17,"source_year":2024,"crime_score":0.3769,"crime_nivel":"Alto","crime_color":"#f44336"},"geometry":{"type":"Polygon","coordinates":[[[-70.6723667999999,-33.4999773201311],[-70.6725190559999,-33.5002391721311],[-70.6730715029999,-33.4999960841311],[-70.6729429749999,-33.4997485011311],[-70.6723667999999,-33.4999773201311]]]}},{"type":"Feature","properties":{"id":"13121041004010","commune":"Pedro Aguirre Cerda","code":"13121","gse":"D","quintil":"Q1","nse_score":682.3,"educ":10.1,"educ_score":473.3,"hacin":1.473,"hacin_class":"Hacinamiento Leve","hacin_score":750.5,"auto_score":71.4,"n_per":81,"n_hog":29,"source_year":2024,"crime_score":0.3821,"crime_nivel":"Alto","crime_color":"#f44336"},"geometry":{"type":"Polygon","coordinates":[[[-70.6707652359999,-33.5000705571311],[-70.6711732889999,-33.5007868941311],[-70.6715853649999,-33.5006150951311],[-70.6711576429999,-33.4999070981311],[-70.6707652359999,-33.5000705571311]]]}},{"type":"Feature","properties":{"id":"13121041004011","commune":"Pedro Aguirre Cerda","code":"13121","gse":"D","quintil":"Q2","nse_score":688.3,"educ":10.9,"educ_score":526.7,"hacin":1.381,"hacin_class":"Hacinamiento Leve","hacin_score":770.0,"auto_score":166.7,"n_per":87,"n_hog":31,"source_year":2024,"crime_score":0.382,"crime_nivel":"Alto","crime_color":"#f44336"},"geometry":{"type":"Polygon","coordinates":[[[-70.6728484529999,-33.5001909411311],[-70.6734888429999,-33.5010696101311],[-70.6738071329999,-33.5009163961311],[-70.6731914669999,-33.5000773161311],[-70.6728484529999,-33.5001909411311]]]}},{"type":"Feature","properties":{"id":"13121041004012","commune":"Pedro Aguirre Cerda","code":"13121","gse":"D","quintil":"Q1","nse_score":680.5,"educ":9.3,"educ_score":420.0,"hacin":1.214,"hacin_class":"Hacinamiento Leve","hacin_score":805.5,"auto_score":104.2,"n_per":85,"n_hog":24,"source_year":2024,"crime_score":0.3832,"crime_nivel":"Alto","crime_color":"#f44336"},"geometry":{"type":"Polygon","coordinates":[[[-70.6703374619999,-33.5002406371311],[-70.6707712939999,-33.5009477931311],[-70.6711443159999,-33.5007987231311],[-70.6707363629999,-33.5000825591311],[-70.6703374619999,-33.5002406371311]]]}},{"type":"Feature","properties":{"id":"13121041004013","commune":"Pedro Aguirre Cerda","code":"13121","gse":"D","quintil":"Q2","nse_score":693.2,"educ":10.5,"educ_score":500.0,"hacin":1.643,"hacin_class":"Hacinamiento Medio","hacin_score":714.3,"auto_score":131.6,"n_per":69,"n_hog":22,"source_year":2024,"crime_score":0.3776,"crime_nivel":"Alto","crime_color":"#f44336"},"geometry":{"type":"Polygon","coordinates":[[[-70.6724831929999,-33.5003375591311],[-70.6730888819999,-33.5012621361311],[-70.6734608269999,-33.5010830961311],[-70.6728191639999,-33.5002026661311],[-70.6724831929999,-33.5003375591311]]]}},{"type":"Feature","properties":{"id":"13121041004014","commune":"Pedro Aguirre Cerda","code":"13121","gse":"C3","quintil":"Q3","nse_score":722.4,"educ":11.1,"educ_score":540.0,"hacin":1.375,"hacin_class":"Hacinamiento Leve","hacin_score":771.3,"auto_score":41.7,"n_per":66,"n_hog":24,"source_year":2024,"crime_score":0.371,"crime_nivel":"Alto","crime_color":"#f44336"},"geometry":{"type":"Polygon","coordinates":[[[-70.6698630779999,-33.5004352221311],[-70.6703027189999,-33.5011339931311],[-70.6707421539999,-33.5009594051311],[-70.6703083759999,-33.5002523341311],[-70.6698630779999,-33.5004352221311]]]}},{"type":"Feature","properties":{"id":"13121041004015","commune":"Pedro Aguirre Cerda","code":"13121","gse":"E","quintil":"Q1","nse_score":605.9,"educ":9.3,"educ_score":420.0,"hacin":2.217,"hacin_class":"Hacinamiento Medio","hacin_score":592.2,"auto_score":192.3,"n_per":399,"n_hog":85,"source_year":2024,"crime_score":0.4401,"crime_nivel":"Alto","crime_color":"#f44336"},"geometry":{"type":"Polygon","coordinates":[[[-70.6724540729999,-33.5003493961311],[-70.6712558499999,-33.5008376071311],[-70.671749368,-33.5018126071311],[-70.6721251209999,-33.5017259691311],[-70.6723659299999,-33.5020694531311],[-70.6740227069999,-33.5012978761311],[-70.6738232909999,-33.5009398161311],[-70.6730721599999,-33.5012913861311],[-70.6724540729999,-33.5003493961311]]]}},{"type":"Feature","properties":{"id":"13121041004017","commune":"Pedro Aguirre Cerda","code":"13121","gse":"D","quintil":"Q2","nse_score":699.4,"educ":10.4,"educ_score":493.3,"hacin":1.377,"hacin_class":"Hacinamiento Leve","hacin_score":770.8,"auto_score":125.0,"n_per":73,"n_hog":24,"source_year":2024,"crime_score":0.3771,"crime_nivel":"Alto","crime_color":"#f44336"},"geometry":{"type":"Polygon","coordinates":[[[-70.6694243089999,-33.5006071781311],[-70.6698569919999,-33.5013171751311],[-70.6702736599999,-33.5011457421311],[-70.6698339499999,-33.5004468851311],[-70.6694243089999,-33.5006071781311]]]}},{"type":"Feature","properties":{"id":"13121041004018","commune":"Pedro Aguirre Cerda","code":"13121","gse":"D","quintil":"Q2","nse_score":693.3,"educ":11.1,"educ_score":540.0,"hacin":1.371,"hacin_class":"Hacinamiento Leve","hacin_score":772.1,"auto_score":129.3,"n_per":362,"n_hog":121,"source_year":2024,"crime_score":0.4198,"crime_nivel":"Alto","crime_color":"#f44336"},"geometry":{"type":"Polygon","coordinates":[[[-70.6699049439999,-33.5013840751311],[-70.6704531869999,-33.502456432131],[-70.6705973809999,-33.5024212741311],[-70.6694669759999,-33.5029305761311],[-70.6697098819999,-33.5032812711311],[-70.6723376009999,-33.5020824461311],[-70.6719934889999,-33.5017479181311],[-70.6712121739999,-33.5020878271311],[-70.6717197809999,-33.5018234671311],[-70.671558322,-33.5015043851311],[-70.6710187339999,-33.5016691071311],[-70.6715457079999,-33.5014794831311],[-70.6712268509999,-33.5008493561311],[-70.6699049439999,-33.5013840751311]]]}},{"type":"Feature","properties":{"id":"13121041004019","commune":"Pedro Aguirre Cerda","code":"13121","gse":"C3","quintil":"Q2","nse_score":706.7,"educ":11.2,"educ_score":546.7,"hacin":1.415,"hacin_class":"Hacinamiento Leve","hacin_score":762.7,"auto_score":74.1,"n_per":92,"n_hog":25,"source_year":2024,"crime_score":0.379,"crime_nivel":"Alto","crime_color":"#f44336"},"geometry":{"type":"Polygon","coordinates":[[[-70.6689462059999,-33.5018533121311],[-70.6690634479999,-33.5021006361311],[-70.6700465399999,-33.5017109571311],[-70.669875912,-33.5013957881311],[-70.6689462059999,-33.5018533121311]]]}},{"type":"Feature","properties":{"id":"13121041004021","commune":"Pedro Aguirre Cerda","code":"13121","gse":"D","quintil":"Q2","nse_score":697.7,"educ":10.7,"educ_score":513.3,"hacin":1.15,"hacin_class":"Hacinamiento Leve","hacin_score":819.1,"auto_score":266.7,"n_per":46,"n_hog":15,"source_year":2024,"crime_score":0.3725,"crime_nivel":"Alto","crime_color":"#f44336"},"geometry":{"type":"Polygon","coordinates":[[[-70.6690754659999,-33.5021257031311],[-70.6692547689999,-33.5024959151311],[-70.6702337829999,-33.5020686581311],[-70.6700596659999,-33.5017356081311],[-70.6690754659999,-33.5021257031311]]]}},{"type":"Feature","properties":{"id":"13121041004022","commune":"Pedro Aguirre Cerda","code":"13121","gse":"D","quintil":"Q2","nse_score":697.5,"educ":10.9,"educ_score":526.7,"hacin":1.583,"hacin_class":"Hacinamiento Medio","hacin_score":727.0,"auto_score":109.4,"n_per":114,"n_hog":34,"source_year":2024,"crime_score":0.3849,"crime_nivel":"Alto","crime_color":"#f44336"},"geometry":{"type":"Polygon","coordinates":[[[-70.6678321573332,-33.5022218014644],[-70.6680113919999,-33.5025368001311],[-70.669004319,-33.5021249401311],[-70.6687990739999,-33.5018352161311],[-70.6678321573332,-33.5022218014644]]]}},{"type":"Feature","properties":{"id":"13121041004023","commune":"Pedro Aguirre Cerda","code":"13121","gse":"C3","quintil":"Q2","nse_score":704.2,"educ":11.2,"educ_score":546.7,"hacin":1.344,"hacin_class":"Hacinamiento Leve","hacin_score":777.9,"auto_score":173.9,"n_per":86,"n_hog":26,"source_year":2024,"crime_score":0.3784,"crime_nivel":"Alto","crime_color":"#f44336"},"geometry":{"type":"Polygon","coordinates":[[[-70.6692667719999,-33.5025210111311],[-70.6694541029999,-33.5029057811311],[-70.6704246879999,-33.502469354131],[-70.6702490669999,-33.5020924621311],[-70.6692667719999,-33.5025210111311]]]}},{"type":"Feature","properties":{"id":"13121041004024","commune":"Pedro Aguirre Cerda","code":"13121","gse":"C3","quintil":"Q2","nse_score":714.5,"educ":11.8,"educ_score":586.7,"hacin":1.792,"hacin_class":"Hacinamiento Medio","hacin_score":682.6,"auto_score":166.7,"n_per":43,"n_hog":12,"source_year":2024,"crime_score":0.3685,"crime_nivel":"Alto","crime_color":"#f44336"},"geometry":{"type":"Polygon","coordinates":[[[-70.6687169209999,-33.5022740611311],[-70.6689419999999,-33.5026276431311],[-70.6691893679999,-33.5025160851311],[-70.6690161679999,-33.5021499941311],[-70.6687169209999,-33.5022740611311]]]}},{"type":"Feature","properties":{"id":"13121041004025","commune":"Pedro Aguirre Cerda","code":"13121","gse":"D","quintil":"Q1","nse_score":670.4,"educ":9.7,"educ_score":446.7,"hacin":0.952,"hacin_class":"Sin Hacinamiento","hacin_score":861.2,"auto_score":83.3,"n_per":20,"n_hog":11,"source_year":2024,"crime_score":0.3734,"crime_nivel":"Alto","crime_color":"#f44336"},"geometry":{"type":"Polygon","coordinates":[[[-70.6674507449999,-33.5023864521311],[-70.6675530659999,-33.5027269061311],[-70.6679824409999,-33.5025488091311],[-70.6678030539999,-33.5022335261311],[-70.6674507449999,-33.5023864521311]]]}},{"type":"Feature","properties":{"id":"13121041004026","commune":"Pedro Aguirre Cerda","code":"13121","gse":"D","quintil":"Q1","nse_score":671.7,"educ":9.4,"educ_score":426.7,"hacin":1.429,"hacin_class":"Hacinamiento Leve","hacin_score":759.9,"auto_score":115.4,"n_per":90,"n_hog":29,"source_year":2024,"crime_score":0.386,"crime_nivel":"Alto","crime_color":"#f44336"},"geometry":{"type":"Polygon","coordinates":[[[-70.6678602269999,-33.5026292151311],[-70.6680488309999,-33.5029581631311],[-70.6689059939999,-33.5026438811311],[-70.6686781629999,-33.5022901391311],[-70.6678602269999,-33.5026292151311]]]}},{"type":"Feature","properties":{"id":"13121041004027","commune":"Pedro Aguirre Cerda","code":"13121","gse":"D","quintil":"Q2","nse_score":695.4,"educ":11.1,"educ_score":540.0,"hacin":1.456,"hacin_class":"Hacinamiento Leve","hacin_score":754.0,"auto_score":161.3,"n_per":166,"n_hog":59,"source_year":2024,"crime_score":0.3949,"crime_nivel":"Alto","crime_color":"#f44336"},"geometry":{"type":"Polygon","coordinates":[[[-70.6692013559999,-33.5025414001311],[-70.6681829489999,-33.502880330131],[-70.6677678669999,-33.5031540406311],[-70.6679664879999,-33.5036001841311],[-70.669397983,-33.5029496521311],[-70.6692013559999,-33.5025414001311]]]}},{"type":"Feature","properties":{"id":"13121041004028","commune":"Pedro Aguirre Cerda","code":"13121","gse":"D","quintil":"Q2","nse_score":698.2,"educ":12.7,"educ_score":646.7,"hacin":1.105,"hacin_class":"Hacinamiento Leve","hacin_score":828.7,"auto_score":181.8,"n_per":21,"n_hog":9,"source_year":2024,"crime_score":0.3679,"crime_nivel":"Alto","crime_color":"#f44336"},"geometry":{"type":"Polygon","coordinates":[[[-70.6677367689999,-33.5030835381311],[-70.6680277309999,-33.5029838621311],[-70.6678312889999,-33.5026412141311],[-70.6675649634999,-33.5027520201311],[-70.6677367689999,-33.5030835381311]]]}},{"type":"Feature","properties":{"id":"13121041004029","commune":"Pedro Aguirre Cerda","code":"13121","gse":"C2","quintil":"Q3","nse_score":753.8,"educ":12.1,"educ_score":606.7,"hacin":1.318,"hacin_class":"Hacinamiento Leve","hacin_score":783.4,"auto_score":173.9,"n_per":145,"n_hog":46,"source_year":2024,"crime_score":0.3784,"crime_nivel":"Alto","crime_color":"#f44336"},"geometry":{"type":"Polygon","coordinates":[[[-70.6681756089999,-33.503993441131],[-70.6695841879999,-33.5033525591311],[-70.6694111689999,-33.502974260131],[-70.6679783239999,-33.5036253531311],[-70.6681756089999,-33.503993441131]]]}},{"type":"Feature","properties":{"id":"13121041004003","commune":"Pedro Aguirre Cerda","code":"13121","gse":"D","quintil":"Q1","nse_score":675.5,"educ":10.3,"educ_score":486.7,"hacin":1.278,"hacin_class":"Hacinamiento Leve","hacin_score":792.0,"auto_score":135.1,"n_per":322,"n_hog":120,"source_year":2024,"crime_score":0.4239,"crime_nivel":"Alto","crime_color":"#f44336"},"geometry":{"type":"MultiPolygon","coordinates":[[[[-70.6720610429999,-33.4981868441311],[-70.6689889269999,-33.4995535051311],[-70.6666214799999,-33.5003871471311],[-70.6667892929999,-33.5010964811311],[-70.6673472599999,-33.5022737491311],[-70.6693865769999,-33.5015110621311],[-70.6691260569999,-33.5009637241311],[-70.6694155319999,-33.5014992461311],[-70.6698280409999,-33.5013291011311],[-70.6693950969999,-33.5006186581311],[-70.6687637134999,-33.5008387071311],[-70.6720630409999,-33.4995193851311],[-70.6721644239999,-33.4996474481312],[-70.6727558829999,-33.4994161421311],[-70.6725920069999,-33.4991217401312],[-70.6722826309999,-33.4992374221312],[-70.6725781769999,-33.4990973831311],[-70.6724165909999,-33.4988176701311],[-70.6721458669999,-33.4989129181311],[-70.6724027409999,-33.4987933061311],[-70.6722399069999,-33.4985015341312],[-70.6719847279999,-33.4985954551311],[-70.6722263169999,-33.4984770471311],[-70.6720610429999,-33.4981868441311]]],[[[-70.6718097529999,-33.4978732651312],[-70.6709348539999,-33.4985357401312],[-70.6720032854999,-33.4980715826311],[-70.6718097529999,-33.4978732651312]]]]}},{"type":"Feature","properties":{"id":"13121051001002","commune":"Pedro Aguirre Cerda","code":"13121","gse":"D","quintil":"Q1","nse_score":665.2,"educ":9.7,"educ_score":446.7,"hacin":1.476,"hacin_class":"Hacinamiento Leve","hacin_score":749.7,"auto_score":130.1,"n_per":251,"n_hog":81,"source_year":2024,"crime_score":0.4172,"crime_nivel":"Alto","crime_color":"#f44336"},"geometry":{"type":"Polygon","coordinates":[[[-70.6805776149999,-33.4861534721313],[-70.6806925359999,-33.4870810461313],[-70.680758722,-33.4883868331313],[-70.6811602869999,-33.4881980401313],[-70.6810955779999,-33.4867850611313],[-70.6809199959999,-33.4860332561313],[-70.6805776149999,-33.4861534721313]]]}},{"type":"Feature","properties":{"id":"13121051001003","commune":"Pedro Aguirre Cerda","code":"13121","gse":"E","quintil":"Q1","nse_score":643.6,"educ":10.0,"educ_score":466.7,"hacin":1.52,"hacin_class":"Hacinamiento Medio","hacin_score":740.4,"auto_score":101.4,"n_per":225,"n_hog":70,"source_year":2024,"crime_score":0.4173,"crime_nivel":"Alto","crime_color":"#f44336"},"geometry":{"type":"Polygon","coordinates":[[[-70.6802020899999,-33.4862941731313],[-70.6803711259999,-33.4885310221313],[-70.6807281239999,-33.4883982161313],[-70.6805466439999,-33.4861650761313],[-70.6802020899999,-33.4862941731313]]]}},{"type":"Feature","properties":{"id":"13121051001004","commune":"Pedro Aguirre Cerda","code":"13121","gse":"D","quintil":"Q1","nse_score":663.9,"educ":9.6,"educ_score":440.0,"hacin":1.511,"hacin_class":"Hacinamiento Medio","hacin_score":742.3,"auto_score":137.7,"n_per":269,"n_hog":74,"source_year":2024,"crime_score":0.4209,"crime_nivel":"Alto","crime_color":"#f44336"},"geometry":{"type":"Polygon","coordinates":[[[-70.6799523539999,-33.4886744571313],[-70.6803405629999,-33.4885423231312],[-70.6801702939999,-33.4863060871313],[-70.6797820409999,-33.4865156936313],[-70.6799523539999,-33.4886744571313]]]}},{"type":"Feature","properties":{"id":"13121051001006","commune":"Pedro Aguirre Cerda","code":"13121","gse":"C3","quintil":"Q2","nse_score":712.4,"educ":11.5,"educ_score":566.7,"hacin":1.528,"hacin_class":"Hacinamiento Medio","hacin_score":738.7,"auto_score":153.8,"n_per":136,"n_hog":45,"source_year":2024,"crime_score":0.3857,"crime_nivel":"Alto","crime_color":"#f44336"},"geometry":{"type":"Polygon","coordinates":[[[-70.6789427529999,-33.4868157371312],[-70.6793780149999,-33.4876254131313],[-70.6797353039999,-33.4875038581313],[-70.6793040449999,-33.4866518701313],[-70.6789427529999,-33.4868157371312]]]}},{"type":"Feature","properties":{"id":"13121051001007","commune":"Pedro Aguirre Cerda","code":"13121","gse":"C3","quintil":"Q2","nse_score":705.5,"educ":10.7,"educ_score":513.3,"hacin":1.52,"hacin_class":"Hacinamiento Medio","hacin_score":740.3,"auto_score":156.2,"n_per":111,"n_hog":34,"source_year":2024,"crime_score":0.3827,"crime_nivel":"Alto","crime_color":"#f44336"},"geometry":{"type":"Polygon","coordinates":[[[-70.6785562089999,-33.4869507471313],[-70.6789727819999,-33.4877644351312],[-70.6793480929999,-33.4876356381313],[-70.6789051369999,-33.4868114791313],[-70.6785562089999,-33.4869507471313]]]}},{"type":"Feature","properties":{"id":"13121051001008","commune":"Pedro Aguirre Cerda","code":"13121","gse":"D","quintil":"Q2","nse_score":683.3,"educ":10.0,"educ_score":466.7,"hacin":1.454,"hacin_class":"Hacinamiento Leve","hacin_score":754.6,"auto_score":114.9,"n_per":250,"n_hog":76,"source_year":2024,"crime_score":0.4129,"crime_nivel":"Alto","crime_color":"#f44336"},"geometry":{"type":"Polygon","coordinates":[[[-70.6791307499999,-33.4889613111313],[-70.6794982959999,-33.4888436911313],[-70.6785270849999,-33.4869623431313],[-70.6782023759999,-33.4871230951313],[-70.6791307499999,-33.4889613111313]]]}},{"type":"Feature","properties":{"id":"13121051001009","commune":"Pedro Aguirre Cerda","code":"13121","gse":"D","quintil":"Q1","nse_score":682.7,"educ":10.3,"educ_score":486.7,"hacin":1.5,"hacin_class":"Hacinamiento Medio","hacin_score":744.7,"auto_score":169.2,"n_per":243,"n_hog":70,"source_year":2024,"crime_score":0.4118,"crime_nivel":"Alto","crime_color":"#f44336"},"geometry":{"type":"Polygon","coordinates":[[[-70.6787559299999,-33.4890936761312],[-70.6790755264999,-33.4889613761312],[-70.6781634209999,-33.4871416651313],[-70.6778324969999,-33.4872509341313],[-70.6787559299999,-33.4890936761312]]]}},{"type":"Feature","properties":{"id":"13121051001010","commune":"Pedro Aguirre Cerda","code":"13121","gse":"D","quintil":"Q1","nse_score":665.1,"educ":10.4,"educ_score":493.3,"hacin":1.417,"hacin_class":"Hacinamiento Leve","hacin_score":762.3,"auto_score":54.7,"n_per":214,"n_hog":68,"source_year":2024,"crime_score":0.4104,"crime_nivel":"Alto","crime_color":"#f44336"},"geometry":{"type":"Polygon","coordinates":[[[-70.6783508279999,-33.4892353791312],[-70.678678025,-33.4890825211313],[-70.6777742109999,-33.4873002961313],[-70.6774468339999,-33.4874042401313],[-70.6783508279999,-33.4892353791312]]]}},{"type":"Feature","properties":{"id":"13121051001012","commune":"Pedro Aguirre Cerda","code":"13121","gse":"E","quintil":"Q1","nse_score":648.0,"educ":9.8,"educ_score":453.3,"hacin":1.417,"hacin_class":"Hacinamiento Leve","hacin_score":762.3,"auto_score":129.3,"n_per":197,"n_hog":65,"source_year":2024,"crime_score":0.411,"crime_nivel":"Alto","crime_color":"#f44336"},"geometry":{"type":"Polygon","coordinates":[[[-70.6812957989999,-33.4899825821312],[-70.6812630449999,-33.4892021431313],[-70.6811184219999,-33.4883197091313],[-70.6807541559999,-33.4884493261313],[-70.6809115659999,-33.4903648161313],[-70.6812957989999,-33.4899825821312]]]}},{"type":"Feature","properties":{"id":"13121051001013","commune":"Pedro Aguirre Cerda","code":"13121","gse":"D","quintil":"Q1","nse_score":670.0,"educ":10.2,"educ_score":480.0,"hacin":1.37,"hacin_class":"Hacinamiento Leve","hacin_score":772.4,"auto_score":129.6,"n_per":189,"n_hog":51,"source_year":2024,"crime_score":0.4047,"crime_nivel":"Alto","crime_color":"#f44336"},"geometry":{"type":"Polygon","coordinates":[[[-70.6803662699999,-33.4885917911312],[-70.6805313089999,-33.4907485331312],[-70.6808898619999,-33.4904456771312],[-70.6807237059999,-33.4884605091313],[-70.6803662699999,-33.4885917911312]]]}},{"type":"Feature","properties":{"id":"13121051001014","commune":"Pedro Aguirre Cerda","code":"13121","gse":"E","quintil":"Q1","nse_score":656.8,"educ":9.9,"educ_score":460.0,"hacin":1.638,"hacin_class":"Hacinamiento Medio","hacin_score":715.2,"auto_score":179.1,"n_per":290,"n_hog":91,"source_year":2024,"crime_score":0.4264,"crime_nivel":"Alto","crime_color":"#f44336"},"geometry":{"type":"Polygon","coordinates":[[[-70.6802366169999,-33.4909637671312],[-70.6805051379999,-33.4907712371312],[-70.6803357929999,-33.4886030221313],[-70.6799423064999,-33.4888053306313],[-70.6801027639999,-33.4907096961312],[-70.6802366169999,-33.4909637671312]]]}},{"type":"Feature","properties":{"id":"13121051001017","commune":"Pedro Aguirre Cerda","code":"13121","gse":"C3","quintil":"Q2","nse_score":708.1,"educ":10.5,"educ_score":500.0,"hacin":1.32,"hacin_class":"Hacinamiento Leve","hacin_score":782.9,"auto_score":154.9,"n_per":268,"n_hog":80,"source_year":2024,"crime_score":0.4106,"crime_nivel":"Alto","crime_color":"#f44336"},"geometry":{"type":"Polygon","coordinates":[[[-70.6801370929999,-33.4910590481312],[-70.6791413549999,-33.4890367741313],[-70.6787535249999,-33.4891719541312],[-70.6798561449999,-33.4913172241312],[-70.6801370929999,-33.4910590481312]]]}},{"type":"Feature","properties":{"id":"13121051001018","commune":"Pedro Aguirre Cerda","code":"13121","gse":"D","quintil":"Q2","nse_score":693.5,"educ":10.4,"educ_score":493.3,"hacin":1.333,"hacin_class":"Hacinamiento Leve","hacin_score":780.1,"auto_score":280.3,"n_per":252,"n_hog":79,"source_year":2024,"crime_score":0.411,"crime_nivel":"Alto","crime_color":"#f44336"},"geometry":{"type":"Polygon","coordinates":[[[-70.6783467404999,-33.4893142026312],[-70.6795184739999,-33.4915766381312],[-70.6798335029999,-33.4913415901312],[-70.6787237419999,-33.4891823281312],[-70.6783467404999,-33.4893142026312]]]}},{"type":"Feature","properties":{"id":"13121051001005","commune":"Pedro Aguirre Cerda","code":"13121","gse":"D","quintil":"Q2","nse_score":689.7,"educ":10.2,"educ_score":480.0,"hacin":1.541,"hacin_class":"Hacinamiento Medio","hacin_score":736.0,"auto_score":96.2,"n_per":94,"n_hog":28,"source_year":2024,"crime_score":0.3829,"crime_nivel":"Alto","crime_color":"#f44336"},"geometry":{"type":"MultiPolygon","coordinates":[[[[-70.6789855999999,-33.4877892911313],[-70.6795281189999,-33.4888333091312],[-70.6798577909999,-33.4887119261313],[-70.6795552799999,-33.4880183601313],[-70.6798593239999,-33.4885036201313],[-70.6797904319999,-33.4875252881312],[-70.6789855999999,-33.4877892911313]]],[[[-70.6797673579999,-33.4874978811313],[-70.6797210074999,-33.4865292606313],[-70.6796656689999,-33.4865085651313],[-70.6793331769999,-33.4866403001312],[-70.6797673579999,-33.4874978811313]]]]}},{"type":"Feature","properties":{"id":"13121051001015","commune":"Pedro Aguirre Cerda","code":"13121","gse":"E","quintil":"Q1","nse_score":631.9,"educ":9.8,"educ_score":453.3,"hacin":1.522,"hacin_class":"Hacinamiento Medio","hacin_score":740.1,"auto_score":71.4,"n_per":140,"n_hog":45,"source_year":2024,"crime_score":0.4039,"crime_nivel":"Alto","crime_color":"#f44336"},"geometry":{"type":"MultiPolygon","coordinates":[[[[-70.6791711554999,-33.4890264081312],[-70.6800388629999,-33.4907175551312],[-70.6799417899999,-33.4896218161312],[-70.6795387239999,-33.4888984331312],[-70.6791711554999,-33.4890264081312]]],[[[-70.6795684649999,-33.4888880731312],[-70.6799344899999,-33.4895469151313],[-70.6798023689999,-33.4888081551313],[-70.6795684649999,-33.4888880731312]]]]}},{"type":"Feature","properties":{"id":"13121051002005","commune":"Pedro Aguirre Cerda","code":"13121","gse":"D","quintil":"Q2","nse_score":692.3,"educ":10.3,"educ_score":486.7,"hacin":1.382,"hacin_class":"Hacinamiento Leve","hacin_score":769.8,"auto_score":125.0,"n_per":76,"n_hog":26,"source_year":2024,"crime_score":0.3791,"crime_nivel":"Alto","crime_color":"#f44336"},"geometry":{"type":"Polygon","coordinates":[[[-70.6809650509999,-33.4912993721312],[-70.680530932,-33.4914710381312],[-70.6807995299999,-33.4920020551312],[-70.6812977419999,-33.4920078471312],[-70.6809650509999,-33.4912993721312]]]}},{"type":"Feature","properties":{"id":"13121051002006","commune":"Pedro Aguirre Cerda","code":"13121","gse":"D","quintil":"Q2","nse_score":698.9,"educ":10.8,"educ_score":520.0,"hacin":1.44,"hacin_class":"Hacinamiento Leve","hacin_score":757.4,"auto_score":272.7,"n_per":36,"n_hog":11,"source_year":2024,"crime_score":0.3704,"crime_nivel":"Alto","crime_color":"#f44336"},"geometry":{"type":"Polygon","coordinates":[[[-70.6802912299999,-33.4920022471312],[-70.6807658339999,-33.4920022751312],[-70.6804478329999,-33.4913765821312],[-70.6801124179999,-33.4916354871312],[-70.6802912299999,-33.4920022471312]]]}},{"type":"Feature","properties":{"id":"13121051002008","commune":"Pedro Aguirre Cerda","code":"13121","gse":"C3","quintil":"Q3","nse_score":725.8,"educ":11.3,"educ_score":553.3,"hacin":1.376,"hacin_class":"Hacinamiento Leve","hacin_score":771.0,"auto_score":195.1,"n_per":128,"n_hog":43,"source_year":2024,"crime_score":0.3814,"crime_nivel":"Alto","crime_color":"#f44336"},"geometry":{"type":"Polygon","coordinates":[[[-70.6799492699999,-33.4932400837979],[-70.6803954329999,-33.4932389301312],[-70.6798291699999,-33.4920514581312],[-70.6795264449999,-33.4920633651312],[-70.6793861099999,-33.4921557131312],[-70.6799492699999,-33.4932400837979]]]}},{"type":"Feature","properties":{"id":"13121051002009","commune":"Pedro Aguirre Cerda","code":"13121","gse":"C3","quintil":"Q2","nse_score":717.8,"educ":11.3,"educ_score":553.3,"hacin":1.371,"hacin_class":"Hacinamiento Leve","hacin_score":772.2,"auto_score":189.2,"n_per":122,"n_hog":39,"source_year":2024,"crime_score":0.382,"crime_nivel":"Alto","crime_color":"#f44336"},"geometry":{"type":"Polygon","coordinates":[[[-70.6804286169999,-33.4932362541312],[-70.6808923239999,-33.4932343581312],[-70.680300396,-33.4920513501312],[-70.6798626659999,-33.4920515481312],[-70.6804286169999,-33.4932362541312]]]}},{"type":"Feature","properties":{"id":"13121051002010","commune":"Pedro Aguirre Cerda","code":"13121","gse":"C3","quintil":"Q2","nse_score":720.6,"educ":11.3,"educ_score":553.3,"hacin":1.437,"hacin_class":"Hacinamiento Leve","hacin_score":758.1,"auto_score":140.6,"n_per":125,"n_hog":34,"source_year":2024,"crime_score":0.382,"crime_nivel":"Alto","crime_color":"#f44336"},"geometry":{"type":"Polygon","coordinates":[[[-70.6809256129999,-33.4932316601312],[-70.6814133809999,-33.4932298041312],[-70.6808137339999,-33.4920543231312],[-70.6803340819999,-33.4920514241312],[-70.6809256129999,-33.4932316601312]]]}},{"type":"Feature","properties":{"id":"13121051002011","commune":"Pedro Aguirre Cerda","code":"13121","gse":"D","quintil":"Q2","nse_score":692.5,"educ":11.2,"educ_score":546.7,"hacin":1.65,"hacin_class":"Hacinamiento Medio","hacin_score":712.8,"auto_score":75.0,"n_per":66,"n_hog":23,"source_year":2024,"crime_score":0.3772,"crime_nivel":"Alto","crime_color":"#f44336"},"geometry":{"type":"Polygon","coordinates":[[[-70.6808473249999,-33.4920545081312],[-70.6811757159999,-33.4927331091312],[-70.6815850949999,-33.4926046791312],[-70.6814661959999,-33.4920898301312],[-70.6808473249999,-33.4920545081312]]]}},{"type":"Feature","properties":{"id":"13121051002012","commune":"Pedro Aguirre Cerda","code":"13121","gse":"C3","quintil":"Q3","nse_score":731.7,"educ":11.4,"educ_score":560.0,"hacin":1.308,"hacin_class":"Hacinamiento Leve","hacin_score":785.6,"auto_score":160.0,"n_per":85,"n_hog":27,"source_year":2024,"crime_score":0.3725,"crime_nivel":"Alto","crime_color":"#f44336"},"geometry":{"type":"Polygon","coordinates":[[[-70.6794978269999,-33.4932470081312],[-70.6799159249999,-33.4932428541312],[-70.6793621589999,-33.4921750481312],[-70.6790197134999,-33.4924736806312],[-70.6794978269999,-33.4932470081312]]]}},{"type":"Feature","properties":{"id":"13121051002014","commune":"Pedro Aguirre Cerda","code":"13121","gse":"C3","quintil":"Q2","nse_score":713.8,"educ":10.9,"educ_score":526.7,"hacin":1.317,"hacin_class":"Hacinamiento Leve","hacin_score":783.7,"auto_score":220.0,"n_per":79,"n_hog":24,"source_year":2024,"crime_score":0.3751,"crime_nivel":"Alto","crime_color":"#f44336"},"geometry":{"type":"Polygon","coordinates":[[[-70.6785271039999,-33.4928487341312],[-70.678991343,-33.4938485141312],[-70.6793596999999,-33.4937263131312],[-70.6794883059999,-33.4938146601312],[-70.6788968059999,-33.4926181141312],[-70.6785271039999,-33.4928487341312]]]}},{"type":"Feature","properties":{"id":"13121051002017","commune":"Pedro Aguirre Cerda","code":"13121","gse":"D","quintil":"Q1","nse_score":681.9,"educ":11.6,"educ_score":573.3,"hacin":1.356,"hacin_class":"Hacinamiento Leve","hacin_score":775.4,"auto_score":100.0,"n_per":61,"n_hog":17,"source_year":2024,"crime_score":0.3785,"crime_nivel":"Alto","crime_color":"#f44336"},"geometry":{"type":"Polygon","coordinates":[[[-70.6785188189999,-33.4938476721312],[-70.6789578919999,-33.4938486421312],[-70.6784994539999,-33.4928637821312],[-70.6781578169999,-33.4931383101312],[-70.6785188189999,-33.4938476721312]]]}},{"type":"Feature","properties":{"id":"13121051002018","commune":"Pedro Aguirre Cerda","code":"13121","gse":"C3","quintil":"Q3","nse_score":734.4,"educ":12.1,"educ_score":606.7,"hacin":1.273,"hacin_class":"Hacinamiento Leve","hacin_score":793.0,"auto_score":76.9,"n_per":42,"n_hog":13,"source_year":2024,"crime_score":0.3642,"crime_nivel":"Alto","crime_color":"#f44336"},"geometry":{"type":"Polygon","coordinates":[[[-70.6777609879999,-33.4934543451312],[-70.6779686089999,-33.4938520591312],[-70.6784854489999,-33.4938502871312],[-70.6781336959999,-33.4931575771312],[-70.6777609879999,-33.4934543451312]]]}},{"type":"Feature","properties":{"id":"13121051002019","commune":"Pedro Aguirre Cerda","code":"13121","gse":"D","quintil":"Q1","nse_score":665.8,"educ":10.3,"educ_score":486.7,"hacin":1.667,"hacin_class":"Hacinamiento Medio","hacin_score":709.2,"auto_score":83.3,"n_per":30,"n_hog":12,"source_year":2024,"crime_score":0.3761,"crime_nivel":"Alto","crime_color":"#f44336"},"geometry":{"type":"Polygon","coordinates":[[[-70.6815577239999,-33.4944374961312],[-70.6817147099999,-33.4943910091312],[-70.6816315984999,-33.4933224501312],[-70.6810039599999,-33.4932822721312],[-70.6815577239999,-33.4944374961312]]]}},{"type":"Feature","properties":{"id":"13121051002020","commune":"Pedro Aguirre Cerda","code":"13121","gse":"C3","quintil":"Q2","nse_score":703.1,"educ":10.5,"educ_score":500.0,"hacin":1.475,"hacin_class":"Hacinamiento Leve","hacin_score":750.0,"auto_score":187.5,"n_per":118,"n_hog":33,"source_year":2024,"crime_score":0.3845,"crime_nivel":"Alto","crime_color":"#f44336"},"geometry":{"type":"Polygon","coordinates":[[[-70.6805154879999,-33.4932865441312],[-70.6810952259999,-33.4944451021312],[-70.6815245629999,-33.4944402221312],[-70.6809705129999,-33.4932826221312],[-70.6805154879999,-33.4932865441312]]]}},{"type":"Feature","properties":{"id":"13121051002021","commune":"Pedro Aguirre Cerda","code":"13121","gse":"C3","quintil":"Q3","nse_score":731.4,"educ":11.0,"educ_score":533.3,"hacin":1.225,"hacin_class":"Hacinamiento Leve","hacin_score":803.3,"auto_score":128.6,"n_per":109,"n_hog":36,"source_year":2024,"crime_score":0.3768,"crime_nivel":"Alto","crime_color":"#f44336"},"geometry":{"type":"Polygon","coordinates":[[[-70.6805771059999,-33.4944479781312],[-70.6810614049999,-33.4944454981312],[-70.6804820799999,-33.4932868191312],[-70.6799972009999,-33.4932907181312],[-70.6805771059999,-33.4944479781312]]]}},{"type":"Feature","properties":{"id":"13121051002022","commune":"Pedro Aguirre Cerda","code":"13121","gse":"C2","quintil":"Q3","nse_score":759.0,"educ":11.5,"educ_score":566.7,"hacin":1.1,"hacin_class":"Hacinamiento Leve","hacin_score":829.8,"auto_score":187.5,"n_per":66,"n_hog":25,"source_year":2024,"crime_score":0.3634,"crime_nivel":"Alto","crime_color":"#f44336"},"geometry":{"type":"Polygon","coordinates":[[[-70.68009251,-33.4944549551312],[-70.6805438229999,-33.4944506901312],[-70.6799636269999,-33.4932910391312],[-70.6794778279999,-33.4933063511312],[-70.68009251,-33.4944549551312]]]}},{"type":"Feature","properties":{"id":"13121051002025","commune":"Pedro Aguirre Cerda","code":"13121","gse":"C3","quintil":"Q3","nse_score":722.7,"educ":11.8,"educ_score":586.7,"hacin":1.509,"hacin_class":"Hacinamiento Medio","hacin_score":742.8,"auto_score":87.0,"n_per":86,"n_hog":24,"source_year":2024,"crime_score":0.3745,"crime_nivel":"Alto","crime_color":"#f44336"},"geometry":{"type":"Polygon","coordinates":[[[-70.6796351086666,-33.4950512077978],[-70.6801305349999,-33.4950224346312],[-70.6795672909999,-33.4939345251312],[-70.6790286059999,-33.4938987761312],[-70.6796351086666,-33.4950512077978]]]}},{"type":"Feature","properties":{"id":"13121051002026","commune":"Pedro Aguirre Cerda","code":"13121","gse":"C3","quintil":"Q3","nse_score":744.4,"educ":11.6,"educ_score":573.3,"hacin":1.302,"hacin_class":"Hacinamiento Leve","hacin_score":786.7,"auto_score":174.4,"n_per":155,"n_hog":45,"source_year":2024,"crime_score":0.3822,"crime_nivel":"Alto","crime_color":"#f44336"},"geometry":{"type":"Polygon","coordinates":[[[-70.6791391159999,-33.4950571414645],[-70.6796027349999,-33.4950567431312],[-70.6789948469999,-33.4938988831312],[-70.6785726919999,-33.4939004941312],[-70.6791391159999,-33.4950571414645]]]}},{"type":"Feature","properties":{"id":"13121051002028","commune":"Pedro Aguirre Cerda","code":"13121","gse":"C3","quintil":"Q2","nse_score":717.3,"educ":10.8,"educ_score":520.0,"hacin":1.468,"hacin_class":"Hacinamiento Leve","hacin_score":751.6,"auto_score":129.0,"n_per":113,"n_hog":32,"source_year":2024,"crime_score":0.3805,"crime_nivel":"Alto","crime_color":"#f44336"},"geometry":{"type":"Polygon","coordinates":[[[-70.6786499079999,-33.4950599581312],[-70.6791058539999,-33.4950597781312],[-70.6785391469999,-33.4939006581312],[-70.678081759,-33.4939027181312],[-70.6786499079999,-33.4950599581312]]]}},{"type":"Feature","properties":{"id":"13121051002029","commune":"Pedro Aguirre Cerda","code":"13121","gse":"C2","quintil":"Q4","nse_score":760.7,"educ":12.0,"educ_score":600.0,"hacin":1.465,"hacin_class":"Hacinamiento Leve","hacin_score":752.2,"auto_score":150.0,"n_per":145,"n_hog":49,"source_year":2024,"crime_score":0.3769,"crime_nivel":"Alto","crime_color":"#f44336"},"geometry":{"type":"Polygon","coordinates":[[[-70.6781455029999,-33.4950623061312],[-70.6786166269999,-33.4950625701312],[-70.6780482169999,-33.4939028601312],[-70.6775479759999,-33.4939040451312],[-70.6781455029999,-33.4950623061312]]]}},{"type":"Feature","properties":{"id":"13121051002030","commune":"Pedro Aguirre Cerda","code":"13121","gse":"C3","quintil":"Q3","nse_score":733.7,"educ":11.7,"educ_score":580.0,"hacin":1.471,"hacin_class":"Hacinamiento Leve","hacin_score":750.8,"auto_score":147.1,"n_per":128,"n_hog":39,"source_year":2024,"crime_score":0.3797,"crime_nivel":"Alto","crime_color":"#f44336"},"geometry":{"type":"Polygon","coordinates":[[[-70.6776015989999,-33.4950659921312],[-70.678112112,-33.4950649521312],[-70.6775142839999,-33.4939041511312],[-70.6771796469999,-33.4939238791312],[-70.6770653859999,-33.4940089661312],[-70.6776015989999,-33.4950659921312]]]}},{"type":"Feature","properties":{"id":"13121051002032","commune":"Pedro Aguirre Cerda","code":"13121","gse":"C2","quintil":"Q4","nse_score":772.9,"educ":12.3,"educ_score":620.0,"hacin":1.287,"hacin_class":"Hacinamiento Leve","hacin_score":790.0,"auto_score":212.1,"n_per":121,"n_hog":37,"source_year":2024,"crime_score":0.3701,"crime_nivel":"Alto","crime_color":"#f44336"},"geometry":{"type":"Polygon","coordinates":[[[-70.6770820309999,-33.4950709601312],[-70.6775682549999,-33.4950686401312],[-70.6770412389999,-33.4940282771312],[-70.676683351,-33.4943479626312],[-70.6770820309999,-33.4950709601312]]]}},{"type":"Feature","properties":{"id":"13121051002034","commune":"Pedro Aguirre Cerda","code":"13121","gse":"C3","quintil":"Q2","nse_score":720.3,"educ":12.7,"educ_score":646.7,"hacin":1.25,"hacin_class":"Hacinamiento Leve","hacin_score":797.9,"auto_score":222.2,"n_per":25,"n_hog":9,"source_year":2024,"crime_score":0.3641,"crime_nivel":"Alto","crime_color":"#f44336"},"geometry":{"type":"Polygon","coordinates":[[[-70.6817449709999,-33.4956524561312],[-70.6817714169999,-33.4950998571312],[-70.6815440404999,-33.4944900471312],[-70.6811450139999,-33.4944951841312],[-70.6817449709999,-33.4956524561312]]]}},{"type":"Feature","properties":{"id":"13121051002035","commune":"Pedro Aguirre Cerda","code":"13121","gse":"C2","quintil":"Q3","nse_score":755.6,"educ":12.1,"educ_score":606.7,"hacin":1.237,"hacin_class":"Hacinamiento Leve","hacin_score":800.7,"auto_score":90.9,"n_per":94,"n_hog":36,"source_year":2024,"crime_score":0.369,"crime_nivel":"Alto","crime_color":"#f44336"},"geometry":{"type":"Polygon","coordinates":[[[-70.6812467449999,-33.4956797604645],[-70.6817119769999,-33.4956559141312],[-70.6811113949999,-33.4944955701312],[-70.6806422029999,-33.4944995311311],[-70.6812467449999,-33.4956797604645]]]}},{"type":"Feature","properties":{"id":"13121051002036","commune":"Pedro Aguirre Cerda","code":"13121","gse":"C3","quintil":"Q3","nse_score":729.0,"educ":11.6,"educ_score":573.3,"hacin":1.509,"hacin_class":"Hacinamiento Medio","hacin_score":742.7,"auto_score":115.4,"n_per":83,"n_hog":30,"source_year":2024,"crime_score":0.3727,"crime_nivel":"Alto","crime_color":"#f44336"},"geometry":{"type":"Polygon","coordinates":[[[-70.6805066989999,-33.4953606331312],[-70.6809880359999,-33.4952428051312],[-70.6806085719999,-33.4944998971312],[-70.6801238369999,-33.4945236011312],[-70.6805066989999,-33.4953606331312]]]}},{"type":"Feature","properties":{"id":"13121051002038","commune":"Pedro Aguirre Cerda","code":"13121","gse":"C3","quintil":"Q3","nse_score":732.4,"educ":11.1,"educ_score":540.0,"hacin":1.61,"hacin_class":"Hacinamiento Medio","hacin_score":721.2,"auto_score":178.6,"n_per":95,"n_hog":34,"source_year":2024,"crime_score":0.3741,"crime_nivel":"Alto","crime_color":"#f44336"},"geometry":{"type":"Polygon","coordinates":[[[-70.6796827469999,-33.4951133561311],[-70.6798883989999,-33.4955152661312],[-70.6802358649999,-33.4953962471311],[-70.6799011314999,-33.4955401421311],[-70.6802847829999,-33.4962924601312],[-70.6807350329999,-33.4962671181312],[-70.6801892429999,-33.4951360821312],[-70.6796827469999,-33.4951133561311]]]}},{"type":"Feature","properties":{"id":"13121051002039","commune":"Pedro Aguirre Cerda","code":"13121","gse":"C3","quintil":"Q2","nse_score":712.8,"educ":11.1,"educ_score":540.0,"hacin":1.425,"hacin_class":"Hacinamiento Leve","hacin_score":760.6,"auto_score":271.4,"n_per":124,"n_hog":36,"source_year":2024,"crime_score":0.3835,"crime_nivel":"Alto","crime_color":"#f44336"},"geometry":{"type":"Polygon","coordinates":[[[-70.6797801979999,-33.4962910381312],[-70.6802510799999,-33.4962927031311],[-70.6796490959999,-33.4951135531312],[-70.6791850359999,-33.4951158521311],[-70.6797801979999,-33.4962910381312]]]}},{"type":"Feature","properties":{"id":"13121051002040","commune":"Pedro Aguirre Cerda","code":"13121","gse":"C3","quintil":"Q3","nse_score":745.5,"educ":11.9,"educ_score":593.3,"hacin":1.6,"hacin_class":"Hacinamiento Medio","hacin_score":723.4,"auto_score":147.1,"n_per":128,"n_hog":37,"source_year":2024,"crime_score":0.3772,"crime_nivel":"Alto","crime_color":"#f44336"},"geometry":{"type":"Polygon","coordinates":[[[-70.6792881879999,-33.4962928311312],[-70.6797467839999,-33.4962935471312],[-70.6791514129999,-33.4951160531312],[-70.6786864569999,-33.4951186101312],[-70.6792881879999,-33.4962928311312]]]}},{"type":"Feature","properties":{"id":"13121051002041","commune":"Pedro Aguirre Cerda","code":"13121","gse":"C3","quintil":"Q2","nse_score":705.1,"educ":10.8,"educ_score":520.0,"hacin":1.465,"hacin_class":"Hacinamiento Leve","hacin_score":752.2,"auto_score":250.0,"n_per":104,"n_hog":28,"source_year":2024,"crime_score":0.3815,"crime_nivel":"Alto","crime_color":"#f44336"},"geometry":{"type":"Polygon","coordinates":[[[-70.6787987529999,-33.4962912831312],[-70.6792544769999,-33.4962930771312],[-70.6786528009999,-33.4951188491312],[-70.6782067569999,-33.4951220921311],[-70.6787987529999,-33.4962912831312]]]}},{"type":"Feature","properties":{"id":"13121051002042","commune":"Pedro Aguirre Cerda","code":"13121","gse":"C3","quintil":"Q3","nse_score":726.8,"educ":11.5,"educ_score":566.7,"hacin":1.343,"hacin_class":"Hacinamiento Leve","hacin_score":778.1,"auto_score":333.3,"n_per":94,"n_hog":31,"source_year":2024,"crime_score":0.3751,"crime_nivel":"Alto","crime_color":"#f44336"},"geometry":{"type":"Polygon","coordinates":[[[-70.6782786139999,-33.4962920421312],[-70.6787653639999,-33.4962938361312],[-70.6781731549999,-33.4951223151312],[-70.6777438919999,-33.4951241876312],[-70.6782786139999,-33.4962920421312]]]}},{"type":"Feature","properties":{"id":"13121051002043","commune":"Pedro Aguirre Cerda","code":"13121","gse":"C3","quintil":"Q3","nse_score":748.9,"educ":12.1,"educ_score":606.7,"hacin":1.464,"hacin_class":"Hacinamiento Leve","hacin_score":752.3,"auto_score":125.0,"n_per":123,"n_hog":42,"source_year":2024,"crime_score":0.3756,"crime_nivel":"Alto","crime_color":"#f44336"},"geometry":{"type":"Polygon","coordinates":[[[-70.6776718689999,-33.4962925601311],[-70.6782453969999,-33.4962945811311],[-70.6777109629999,-33.4951243501312],[-70.6771089239999,-33.4951359571312],[-70.6776718689999,-33.4962925601311]]]}},{"type":"Feature","properties":{"id":"13121051002046","commune":"Pedro Aguirre Cerda","code":"13121","gse":"C2","quintil":"Q3","nse_score":755.9,"educ":12.6,"educ_score":640.0,"hacin":1.476,"hacin_class":"Hacinamiento Leve","hacin_score":749.7,"auto_score":312.5,"n_per":31,"n_hog":8,"source_year":2024,"crime_score":0.3578,"crime_nivel":"Alto","crime_color":"#f44336"},"geometry":{"type":"Polygon","coordinates":[[[-70.6815369289999,-33.4962208851312],[-70.6818777359999,-33.4961156381312],[-70.6818020949999,-33.4957084341312],[-70.6812799559999,-33.4957325041311],[-70.6815369289999,-33.4962208851312]]]}},{"type":"Feature","properties":{"id":"13121051002047","commune":"Pedro Aguirre Cerda","code":"13121","gse":"C3","quintil":"Q3","nse_score":749.1,"educ":11.9,"educ_score":593.3,"hacin":1.274,"hacin_class":"Hacinamiento Leve","hacin_score":792.9,"auto_score":173.9,"n_per":135,"n_hog":52,"source_year":2024,"crime_score":0.3776,"crime_nivel":"Alto","crime_color":"#f44336"},"geometry":{"type":"Polygon","coordinates":[[[-70.6816537729999,-33.4974827091311],[-70.6820131059999,-33.4973018171311],[-70.6815148069999,-33.4962465741312],[-70.6812451779999,-33.4957344241312],[-70.6807885309999,-33.4957643561312],[-70.6816537729999,-33.4974827091311]]]}},{"type":"Feature","properties":{"id":"13121051002050","commune":"Pedro Aguirre Cerda","code":"13121","gse":"D","quintil":"Q1","nse_score":672.4,"educ":10.3,"educ_score":486.7,"hacin":1.581,"hacin_class":"Hacinamiento Medio","hacin_score":727.4,"auto_score":87.8,"n_per":721,"n_hog":223,"source_year":2024,"crime_score":0.4246,"crime_nivel":"Alto","crime_color":"#f44336"},"geometry":{"type":"Polygon","coordinates":[[[-70.6818075299999,-33.4975287671311],[-70.6819725419999,-33.4978503131312],[-70.6822491609999,-33.4977748981311],[-70.6819853059999,-33.4978751901311],[-70.6821165949999,-33.4981310091312],[-70.6823514049999,-33.4980678561311],[-70.6818192609999,-33.4982788221311],[-70.6820794509999,-33.4988170791311],[-70.682403899,-33.4987265851311],[-70.6820467929999,-33.4988587371311],[-70.6820127839999,-33.4987512411311],[-70.6818041749999,-33.4987603911311],[-70.6820237649999,-33.4991697081311],[-70.6824198229999,-33.4990260371312],[-70.6820370359999,-33.4991944471311],[-70.6821450239999,-33.4993957341311],[-70.6825370799999,-33.4992704991311],[-70.6821582894999,-33.4994204611311],[-70.6822950409999,-33.4996753601311],[-70.6826276939999,-33.4995915141311],[-70.6823082969999,-33.4997000711311],[-70.6824382469999,-33.4999423041311],[-70.6821978149999,-33.4999810751311],[-70.6824111899999,-33.5003601451311],[-70.6827471219999,-33.5002858311311],[-70.6824359294999,-33.5004040971311],[-70.6826073299999,-33.5007085941311],[-70.6828926499999,-33.5006208021311],[-70.6826211099999,-33.5007330761311],[-70.6827283679999,-33.5011193681311],[-70.6831146729999,-33.5010965481311],[-70.6823348369999,-33.4973697801311],[-70.6818075299999,-33.4975287671311]]]}},{"type":"Feature","properties":{"id":"13121051002051","commune":"Pedro Aguirre Cerda","code":"13121","gse":"D","quintil":"Q1","nse_score":671.3,"educ":10.7,"educ_score":513.3,"hacin":1.56,"hacin_class":"Hacinamiento Medio","hacin_score":731.9,"auto_score":71.4,"n_per":78,"n_hog":26,"source_year":2024,"crime_score":0.3839,"crime_nivel":"Alto","crime_color":"#f44336"},"geometry":{"type":"Polygon","coordinates":[[[-70.6814594139999,-33.4975343811311],[-70.6816680579999,-33.4979660191311],[-70.6819431269999,-33.4978614911311],[-70.6817730329999,-33.4975300381311],[-70.6814594139999,-33.4975343811311]]]}},{"type":"Feature","properties":{"id":"13121051002052","commune":"Pedro Aguirre Cerda","code":"13121","gse":"C3","quintil":"Q2","nse_score":716.5,"educ":11.0,"educ_score":533.3,"hacin":1.612,"hacin_class":"Hacinamiento Medio","hacin_score":720.8,"auto_score":87.0,"n_per":79,"n_hog":23,"source_year":2024,"crime_score":0.3746,"crime_nivel":"Alto","crime_color":"#f44336"},"geometry":{"type":"Polygon","coordinates":[[[-70.6816801949999,-33.4979911351311],[-70.6818071119999,-33.4982536871311],[-70.6820873809999,-33.4981425911311],[-70.6819558879999,-33.4978863461311],[-70.6816801949999,-33.4979911351311]]]}},{"type":"Feature","properties":{"id":"13121051003001","commune":"Pedro Aguirre Cerda","code":"13121","gse":"D","quintil":"Q1","nse_score":678.4,"educ":10.1,"educ_score":473.3,"hacin":1.45,"hacin_class":"Hacinamiento Leve","hacin_score":755.3,"auto_score":187.5,"n_per":29,"n_hog":10,"source_year":2024,"crime_score":0.3734,"crime_nivel":"Alto","crime_color":"#f44336"},"geometry":{"type":"Polygon","coordinates":[[[-70.6813529419999,-33.4974899931311],[-70.680813553,-33.4963515321312],[-70.6777126639999,-33.4963662001312],[-70.6783797069999,-33.4975241601312],[-70.6813529419999,-33.4974899931311]]]}},{"type":"Feature","properties":{"id":"13121051003003","commune":"Pedro Aguirre Cerda","code":"13121","gse":"C3","quintil":"Q3","nse_score":737.6,"educ":12.0,"educ_score":600.0,"hacin":1.435,"hacin_class":"Hacinamiento Leve","hacin_score":758.6,"auto_score":66.7,"n_per":99,"n_hog":34,"source_year":2024,"crime_score":0.3737,"crime_nivel":"Alto","crime_color":"#f44336"},"geometry":{"type":"Polygon","coordinates":[[[-70.6815198709999,-33.4987143031311],[-70.6819391499999,-33.4985989231311],[-70.6814246519999,-33.4975345351312],[-70.6809464369999,-33.4975370551312],[-70.6815198709999,-33.4987143031311]]]}},{"type":"Feature","properties":{"id":"13121051003004","commune":"Pedro Aguirre Cerda","code":"13121","gse":"C3","quintil":"Q2","nse_score":705.3,"educ":12.0,"educ_score":600.0,"hacin":1.397,"hacin_class":"Hacinamiento Leve","hacin_score":766.7,"auto_score":147.1,"n_per":81,"n_hog":33,"source_year":2024,"crime_score":0.3773,"crime_nivel":"Alto","crime_color":"#f44336"},"geometry":{"type":"Polygon","coordinates":[[[-70.6809129049999,-33.4975373191311],[-70.680474838,-33.4975774941311],[-70.6810489399999,-33.4986919811311],[-70.6814863009999,-33.4987143271311],[-70.6809129049999,-33.4975373191311]]]}},{"type":"Feature","properties":{"id":"13121051003005","commune":"Pedro Aguirre Cerda","code":"13121","gse":"C3","quintil":"Q3","nse_score":740.0,"educ":11.8,"educ_score":586.7,"hacin":1.392,"hacin_class":"Hacinamiento Leve","hacin_score":767.6,"auto_score":203.1,"n_per":110,"n_hog":33,"source_year":2024,"crime_score":0.3752,"crime_nivel":"Alto","crime_color":"#f44336"},"geometry":{"type":"Polygon","coordinates":[[[-70.6805433069999,-33.4987151324645],[-70.6809901744999,-33.4986807896312],[-70.6804106419999,-33.4975660941311],[-70.6799628919999,-33.4975486841311],[-70.6805433069999,-33.4987151324645]]]}},{"type":"Feature","properties":{"id":"13121051003006","commune":"Pedro Aguirre Cerda","code":"13121","gse":"C2","quintil":"Q3","nse_score":751.0,"educ":12.5,"educ_score":633.3,"hacin":1.322,"hacin_class":"Hacinamiento Leve","hacin_score":782.6,"auto_score":157.1,"n_per":115,"n_hog":36,"source_year":2024,"crime_score":0.3737,"crime_nivel":"Alto","crime_color":"#f44336"},"geometry":{"type":"Polygon","coordinates":[[[-70.6800641469999,-33.4987157071311],[-70.6805099629999,-33.4987176911312],[-70.6799293689999,-33.4975491441311],[-70.6794766359999,-33.4975551701311],[-70.6800641469999,-33.4987157071311]]]}},{"type":"Feature","properties":{"id":"13121051003007","commune":"Pedro Aguirre Cerda","code":"13121","gse":"C3","quintil":"Q3","nse_score":746.8,"educ":12.0,"educ_score":600.0,"hacin":1.368,"hacin_class":"Hacinamiento Leve","hacin_score":772.8,"auto_score":156.2,"n_per":93,"n_hog":32,"source_year":2024,"crime_score":0.3707,"crime_nivel":"Alto","crime_color":"#f44336"},"geometry":{"type":"Polygon","coordinates":[[[-70.6795643349999,-33.4987163317978],[-70.6800307529999,-33.4987182581311],[-70.6794430749999,-33.4975556421311],[-70.6789839279999,-33.4975617751312],[-70.6795643349999,-33.4987163317978]]]}},{"type":"Feature","properties":{"id":"13121051003008","commune":"Pedro Aguirre Cerda","code":"13121","gse":"D","quintil":"Q2","nse_score":694.8,"educ":10.8,"educ_score":520.0,"hacin":1.454,"hacin_class":"Hacinamiento Leve","hacin_score":754.4,"auto_score":171.1,"n_per":112,"n_hog":37,"source_year":2024,"crime_score":0.3852,"crime_nivel":"Alto","crime_color":"#f44336"},"geometry":{"type":"Polygon","coordinates":[[[-70.6790130399999,-33.4987142351311],[-70.6795309649999,-33.4987188911311],[-70.6789503859999,-33.4975622481312],[-70.6784349989999,-33.4975746881311],[-70.6790130399999,-33.4987142351311]]]}},{"type":"Feature","properties":{"id":"13121051003009","commune":"Pedro Aguirre Cerda","code":"13121","gse":"C2","quintil":"Q4","nse_score":779.8,"educ":12.9,"educ_score":660.0,"hacin":1.314,"hacin_class":"Hacinamiento Leve","hacin_score":784.3,"auto_score":180.6,"n_per":113,"n_hog":39,"source_year":2024,"crime_score":0.3672,"crime_nivel":"Alto","crime_color":"#f44336"},"geometry":{"type":"Polygon","coordinates":[[[-70.679811905,-33.4987614501311],[-70.6790502879999,-33.4988237341311],[-70.6796255589999,-33.4999226111311],[-70.6804009369999,-33.4999339611311],[-70.679811905,-33.4987614501311]]]}},{"type":"Feature","properties":{"id":"13121051003010","commune":"Pedro Aguirre Cerda","code":"13121","gse":"C3","quintil":"Q3","nse_score":726.0,"educ":11.8,"educ_score":586.7,"hacin":1.627,"hacin_class":"Hacinamiento Medio","hacin_score":717.6,"auto_score":80.0,"n_per":83,"n_hog":25,"source_year":2024,"crime_score":0.3733,"crime_nivel":"Alto","crime_color":"#f44336"},"geometry":{"type":"Polygon","coordinates":[[[-70.6817691259999,-33.4987610451311],[-70.6813521329999,-33.4987620391311],[-70.6819219419999,-33.4999291851311],[-70.6821776979999,-33.4999298121311],[-70.6823249639999,-33.4997971451311],[-70.6817691259999,-33.4987610451311]]]}},{"type":"Feature","properties":{"id":"13121051003011","commune":"Pedro Aguirre Cerda","code":"13121","gse":"C2","quintil":"Q4","nse_score":768.2,"educ":12.6,"educ_score":640.0,"hacin":1.333,"hacin_class":"Hacinamiento Leve","hacin_score":780.1,"auto_score":140.6,"n_per":100,"n_hog":33,"source_year":2024,"crime_score":0.3674,"crime_nivel":"Alto","crime_color":"#f44336"},"geometry":{"type":"Polygon","coordinates":[[[-70.6804343049999,-33.4999313991311],[-70.6808916299999,-33.4999330321311],[-70.6803040909999,-33.4987618201311],[-70.6798455539999,-33.4987614671311],[-70.6804343049999,-33.4999313991311]]]}},{"type":"Feature","properties":{"id":"13121051003012","commune":"Pedro Aguirre Cerda","code":"13121","gse":"C3","quintil":"Q2","nse_score":714.9,"educ":10.7,"educ_score":513.3,"hacin":1.312,"hacin_class":"Hacinamiento Leve","hacin_score":784.7,"auto_score":96.8,"n_per":101,"n_hog":31,"source_year":2024,"crime_score":0.3789,"crime_nivel":"Alto","crime_color":"#f44336"},"geometry":{"type":"Polygon","coordinates":[[[-70.6809249939999,-33.4999304621311],[-70.6813978919999,-33.4999319111311],[-70.680804571,-33.4987619551311],[-70.6803377329999,-33.4987618121311],[-70.6809249939999,-33.4999304621311]]]}},{"type":"Feature","properties":{"id":"13121051003013","commune":"Pedro Aguirre Cerda","code":"13121","gse":"C3","quintil":"Q2","nse_score":720.7,"educ":11.9,"educ_score":593.3,"hacin":1.295,"hacin_class":"Hacinamiento Leve","hacin_score":788.3,"auto_score":171.9,"n_per":79,"n_hog":30,"source_year":2024,"crime_score":0.3737,"crime_nivel":"Alto","crime_color":"#f44336"},"geometry":{"type":"Polygon","coordinates":[[[-70.6814312849999,-33.4999293411311],[-70.6818883859999,-33.4999294931311],[-70.6813185589999,-33.4987620521311],[-70.6808382409999,-33.4987619381311],[-70.6814312849999,-33.4999293411311]]]}},{"type":"Feature","properties":{"id":"13121051003014","commune":"Pedro Aguirre Cerda","code":"13121","gse":"C2","quintil":"Q4","nse_score":770.3,"educ":12.1,"educ_score":606.7,"hacin":1.017,"hacin_class":"Hacinamiento Leve","hacin_score":847.5,"auto_score":50.0,"n_per":60,"n_hog":32,"source_year":2024,"crime_score":0.36,"crime_nivel":"Alto","crime_color":"#f44336"},"geometry":{"type":"Polygon","coordinates":[[[-70.6813030019999,-33.5011506501311],[-70.6817775559999,-33.5011508631311],[-70.6811875389999,-33.4999790081311],[-70.680750525,-33.4999781051311],[-70.6813030019999,-33.5011506501311]]]}},{"type":"Feature","properties":{"id":"13121051003015","commune":"Pedro Aguirre Cerda","code":"13121","gse":"C2","quintil":"Q3","nse_score":756.8,"educ":12.2,"educ_score":613.3,"hacin":1.427,"hacin_class":"Hacinamiento Leve","hacin_score":760.3,"auto_score":166.7,"n_per":107,"n_hog":30,"source_year":2024,"crime_score":0.371,"crime_nivel":"Alto","crime_color":"#f44336"},"geometry":{"type":"Polygon","coordinates":[[[-70.6808331309999,-33.5011500577978],[-70.6812695199999,-33.5011509331311],[-70.6807170109999,-33.4999782631311],[-70.6802679129999,-33.4999829621311],[-70.6808331309999,-33.5011500577978]]]}},{"type":"Feature","properties":{"id":"13121051003016","commune":"Pedro Aguirre Cerda","code":"13121","gse":"C2","quintil":"Q4","nse_score":772.7,"educ":12.4,"educ_score":626.7,"hacin":1.197,"hacin_class":"Hacinamiento Leve","hacin_score":809.1,"auto_score":189.7,"n_per":85,"n_hog":29,"source_year":2024,"crime_score":0.3638,"crime_nivel":"Alto","crime_color":"#f44336"},"geometry":{"type":"Polygon","coordinates":[[[-70.6818112419999,-33.5011506521311],[-70.6822028309999,-33.5011507861311],[-70.6821969239999,-33.5010143561311],[-70.6816757789999,-33.4999800241311],[-70.6812212059999,-33.4999790531311],[-70.6818112419999,-33.5011506521311]]]}},{"type":"Feature","properties":{"id":"13121051003017","commune":"Pedro Aguirre Cerda","code":"13121","gse":"C3","quintil":"Q3","nse_score":723.3,"educ":11.6,"educ_score":573.3,"hacin":1.648,"hacin_class":"Hacinamiento Medio","hacin_score":713.2,"auto_score":240.0,"n_per":89,"n_hog":27,"source_year":2024,"crime_score":0.3749,"crime_nivel":"Alto","crime_color":"#f44336"},"geometry":{"type":"Polygon","coordinates":[[[-70.6817094479999,-33.4999800701311],[-70.6822351189999,-33.5011507971311],[-70.6823909929999,-33.5011479811311],[-70.6827406379999,-33.5010089391311],[-70.6821620759999,-33.4999810021311],[-70.6817094479999,-33.4999800701311]]]}},{"type":"Feature","properties":{"id":"13121051003018","commune":"Pedro Aguirre Cerda","code":"13121","gse":"C3","quintil":"Q3","nse_score":749.5,"educ":12.4,"educ_score":626.7,"hacin":1.474,"hacin_class":"Hacinamiento Leve","hacin_score":750.3,"auto_score":157.9,"n_per":112,"n_hog":40,"source_year":2024,"crime_score":0.3735,"crime_nivel":"Alto","crime_color":"#f44336"},"geometry":{"type":"Polygon","coordinates":[[[-70.6802344529999,-33.4999831931311],[-70.6796826799999,-33.5000203091311],[-70.6802400749999,-33.5011299641311],[-70.6807998039999,-33.5011525091311],[-70.6802344529999,-33.4999831931311]]]}},{"type":"Feature","properties":{"id":"13121051004001","commune":"Pedro Aguirre Cerda","code":"13121","gse":"D","quintil":"Q1","nse_score":665.7,"educ":9.7,"educ_score":446.7,"hacin":1.315,"hacin_class":"Hacinamiento Leve","hacin_score":784.2,"auto_score":206.9,"n_per":209,"n_hog":64,"source_year":2024,"crime_score":0.4093,"crime_nivel":"Alto","crime_color":"#f44336"},"geometry":{"type":"Polygon","coordinates":[[[-70.6779438629999,-33.4893783231312],[-70.6782735324999,-33.4892393651313],[-70.6773782789999,-33.4874630531313],[-70.6770328709999,-33.4875699881313],[-70.6779438629999,-33.4893783231312]]]}},{"type":"Feature","properties":{"id":"13121051004002","commune":"Pedro Aguirre Cerda","code":"13121","gse":"C3","quintil":"Q2","nse_score":706.0,"educ":10.8,"educ_score":520.0,"hacin":1.428,"hacin_class":"Hacinamiento Leve","hacin_score":760.1,"auto_score":141.7,"n_per":217,"n_hog":70,"source_year":2024,"crime_score":0.4018,"crime_nivel":"Alto","crime_color":"#f44336"},"geometry":{"type":"Polygon","coordinates":[[[-70.6775377299999,-33.4895179931312],[-70.6778690709999,-33.4893883226312],[-70.6769744899999,-33.4876164491313],[-70.6766528659999,-33.4877126891312],[-70.6775377299999,-33.4895179931312]]]}},{"type":"Feature","properties":{"id":"13121051004003","commune":"Pedro Aguirre Cerda","code":"13121","gse":"C3","quintil":"Q2","nse_score":710.3,"educ":12.0,"educ_score":600.0,"hacin":1.5,"hacin_class":"Hacinamiento Medio","hacin_score":744.7,"auto_score":234.4,"n_per":105,"n_hog":31,"source_year":2024,"crime_score":0.3806,"crime_nivel":"Alto","crime_color":"#f44336"},"geometry":{"type":"Polygon","coordinates":[[[-70.6773105979999,-33.4895989891312],[-70.6774754229999,-33.4895224596312],[-70.6765856949999,-33.4877579011313],[-70.6763965419999,-33.4878052591312],[-70.6773105979999,-33.4895989891312]]]}},{"type":"Feature","properties":{"id":"13121051004004","commune":"Pedro Aguirre Cerda","code":"13121","gse":"D","quintil":"Q1","nse_score":659.1,"educ":10.2,"educ_score":480.0,"hacin":1.453,"hacin_class":"Hacinamiento Leve","hacin_score":754.8,"auto_score":144.1,"n_per":199,"n_hog":64,"source_year":2024,"crime_score":0.4089,"crime_nivel":"Alto","crime_color":"#f44336"},"geometry":{"type":"Polygon","coordinates":[[[-70.6759301189999,-33.4879698511313],[-70.6768144609999,-33.4897784791312],[-70.6772039369999,-33.4896354891313],[-70.6763308149999,-33.4878692781313],[-70.6759301189999,-33.4879698511313]]]}},{"type":"Feature","properties":{"id":"13121051004005","commune":"Pedro Aguirre Cerda","code":"13121","gse":"E","quintil":"Q1","nse_score":643.6,"educ":9.7,"educ_score":446.7,"hacin":1.426,"hacin_class":"Hacinamiento Leve","hacin_score":760.3,"auto_score":87.7,"n_per":184,"n_hog":62,"source_year":2024,"crime_score":0.4096,"crime_nivel":"Alto","crime_color":"#f44336"},"geometry":{"type":"Polygon","coordinates":[[[-70.6755263509999,-33.4881192834646],[-70.676431497,-33.4899124971312],[-70.6767846589999,-33.4897889041313],[-70.6759004069999,-33.4879804111313],[-70.6755263509999,-33.4881192834646]]]}},{"type":"Feature","properties":{"id":"13121051004006","commune":"Pedro Aguirre Cerda","code":"13121","gse":"D","quintil":"Q1","nse_score":671.0,"educ":10.8,"educ_score":520.0,"hacin":1.507,"hacin_class":"Hacinamiento Medio","hacin_score":743.2,"auto_score":157.1,"n_per":110,"n_hog":37,"source_year":2024,"crime_score":0.3899,"crime_nivel":"Alto","crime_color":"#f44336"},"geometry":{"type":"Polygon","coordinates":[[[-70.6760318759999,-33.4900388041312],[-70.6764016959999,-33.4899229241312],[-70.6754970719999,-33.4881304711313],[-70.6751554059999,-33.4882917401313],[-70.6760318759999,-33.4900388041312]]]}},{"type":"Feature","properties":{"id":"13121051004007","commune":"Pedro Aguirre Cerda","code":"13121","gse":"D","quintil":"Q2","nse_score":691.3,"educ":10.6,"educ_score":506.7,"hacin":1.461,"hacin_class":"Hacinamiento Leve","hacin_score":753.0,"auto_score":169.5,"n_per":187,"n_hog":62,"source_year":2024,"crime_score":0.3996,"crime_nivel":"Alto","crime_color":"#f44336"},"geometry":{"type":"Polygon","coordinates":[[[-70.6747312569999,-33.4884111207979],[-70.6756137319999,-33.4901979081312],[-70.6759248519999,-33.4900830561312],[-70.6751001869999,-33.4883183301312],[-70.6747312569999,-33.4884111207979]]]}},{"type":"Feature","properties":{"id":"13121051004008","commune":"Pedro Aguirre Cerda","code":"13121","gse":"D","quintil":"Q1","nse_score":670.3,"educ":10.2,"educ_score":480.0,"hacin":1.385,"hacin_class":"Hacinamiento Leve","hacin_score":769.0,"auto_score":142.9,"n_per":230,"n_hog":71,"source_year":2024,"crime_score":0.4122,"crime_nivel":"Alto","crime_color":"#f44336"},"geometry":{"type":"Polygon","coordinates":[[[-70.6743495829999,-33.4885480401313],[-70.6752092389999,-33.4903395061312],[-70.6755839429999,-33.4902083601312],[-70.6747015729999,-33.4884217341312],[-70.6743495829999,-33.4885480401313]]]}},{"type":"Feature","properties":{"id":"13121051004009","commune":"Pedro Aguirre Cerda","code":"13121","gse":"E","quintil":"Q1","nse_score":646.6,"educ":10.4,"educ_score":493.3,"hacin":1.568,"hacin_class":"Hacinamiento Medio","hacin_score":730.3,"auto_score":174.6,"n_per":232,"n_hog":78,"source_year":2024,"crime_score":0.4179,"crime_nivel":"Alto","crime_color":"#f44336"},"geometry":{"type":"Polygon","coordinates":[[[-70.6747999659999,-33.4904624321313],[-70.6751794389999,-33.4903499351312],[-70.6743199179999,-33.4885586621313],[-70.6739277799999,-33.4887028851313],[-70.6747999659999,-33.4904624321313]]]}},{"type":"Feature","properties":{"id":"13121051004010","commune":"Pedro Aguirre Cerda","code":"13121","gse":"D","quintil":"Q1","nse_score":681.3,"educ":10.2,"educ_score":480.0,"hacin":1.417,"hacin_class":"Hacinamiento Leve","hacin_score":762.3,"auto_score":154.9,"n_per":231,"n_hog":76,"source_year":2024,"crime_score":0.4099,"crime_nivel":"Alto","crime_color":"#f44336"},"geometry":{"type":"Polygon","coordinates":[[[-70.6779439889999,-33.4894548861312],[-70.6791838499999,-33.4918277521312],[-70.6794931909999,-33.4915956111312],[-70.6783169529999,-33.4893246001312],[-70.6779439889999,-33.4894548861312]]]}},{"type":"Feature","properties":{"id":"13121051004011","commune":"Pedro Aguirre Cerda","code":"13121","gse":"E","quintil":"Q1","nse_score":652.4,"educ":10.1,"educ_score":473.3,"hacin":1.466,"hacin_class":"Hacinamiento Leve","hacin_score":751.9,"auto_score":156.2,"n_per":258,"n_hog":82,"source_year":2024,"crime_score":0.4214,"crime_nivel":"Alto","crime_color":"#f44336"},"geometry":{"type":"Polygon","coordinates":[[[-70.6775498689999,-33.4895922331312],[-70.6788517489999,-33.4920792561312],[-70.6791584959999,-33.4918467801312],[-70.6783750409999,-33.4903331131312],[-70.6779142109999,-33.4894652511313],[-70.6775498689999,-33.4895922331312]]]}},{"type":"Feature","properties":{"id":"13121051004012","commune":"Pedro Aguirre Cerda","code":"13121","gse":"D","quintil":"Q1","nse_score":659.8,"educ":10.2,"educ_score":480.0,"hacin":1.564,"hacin_class":"Hacinamiento Medio","hacin_score":731.0,"auto_score":121.2,"n_per":122,"n_hog":38,"source_year":2024,"crime_score":0.3945,"crime_nivel":"Alto","crime_color":"#f44336"},"geometry":{"type":"Polygon","coordinates":[[[-70.6786504769999,-33.4922082521312],[-70.6788265249999,-33.4920984391312],[-70.6775200549999,-33.4896025291313],[-70.677362694,-33.4896482201312],[-70.6786504769999,-33.4922082521312]]]}},{"type":"Feature","properties":{"id":"13121051004013","commune":"Pedro Aguirre Cerda","code":"13121","gse":"D","quintil":"Q2","nse_score":692.6,"educ":10.6,"educ_score":506.7,"hacin":1.47,"hacin_class":"Hacinamiento Leve","hacin_score":751.1,"auto_score":202.5,"n_per":319,"n_hog":94,"source_year":2024,"crime_score":0.4199,"crime_nivel":"Alto","crime_color":"#f44336"},"geometry":{"type":"Polygon","coordinates":[[[-70.6768556679999,-33.4898346591313],[-70.6782632689999,-33.4925271271312],[-70.6785741729999,-33.4922922531312],[-70.6772837469999,-33.4897353121312],[-70.6768556679999,-33.4898346591313]]]}},{"type":"Feature","properties":{"id":"13121051004014","commune":"Pedro Aguirre Cerda","code":"13121","gse":"C3","quintil":"Q2","nse_score":703.3,"educ":10.8,"educ_score":520.0,"hacin":1.331,"hacin_class":"Hacinamiento Leve","hacin_score":780.7,"auto_score":168.4,"n_per":334,"n_hog":100,"source_year":2024,"crime_score":0.4175,"crime_nivel":"Alto","crime_color":"#f44336"},"geometry":{"type":"Polygon","coordinates":[[[-70.6764444444999,-33.4899778111312],[-70.6778731179999,-33.4928230651312],[-70.6782381949999,-33.4925460701312],[-70.6768258679999,-33.4898450521313],[-70.6764444444999,-33.4899778111312]]]}},{"type":"Feature","properties":{"id":"13121051004015","commune":"Pedro Aguirre Cerda","code":"13121","gse":"D","quintil":"Q1","nse_score":675.5,"educ":9.8,"educ_score":453.3,"hacin":1.291,"hacin_class":"Hacinamiento Leve","hacin_score":789.2,"auto_score":99.0,"n_per":324,"n_hog":109,"source_year":2024,"crime_score":0.4239,"crime_nivel":"Alto","crime_color":"#f44336"},"geometry":{"type":"Polygon","coordinates":[[[-70.6775188769999,-33.4930752531312],[-70.6778478429999,-33.4928424761312],[-70.6764146329999,-33.4899881981313],[-70.6760803199999,-33.4901058381312],[-70.6775188769999,-33.4930752531312]]]}},{"type":"Feature","properties":{"id":"13121051004016","commune":"Pedro Aguirre Cerda","code":"13121","gse":"D","quintil":"Q1","nse_score":674.0,"educ":10.2,"educ_score":480.0,"hacin":1.536,"hacin_class":"Hacinamiento Medio","hacin_score":737.0,"auto_score":117.2,"n_per":275,"n_hog":77,"source_year":2024,"crime_score":0.4197,"crime_nivel":"Alto","crime_color":"#f44336"},"geometry":{"type":"Polygon","coordinates":[[[-70.6756311093333,-33.4902570481312],[-70.6766365629999,-33.4922746881312],[-70.6769205059999,-33.4920070621312],[-70.6760208069999,-33.4901711381312],[-70.6756311093333,-33.4902570481312]]]}},{"type":"Feature","properties":{"id":"13121051004017","commune":"Pedro Aguirre Cerda","code":"13121","gse":"E","quintil":"Q1","nse_score":646.7,"educ":9.8,"educ_score":453.3,"hacin":1.681,"hacin_class":"Hacinamiento Medio","hacin_score":706.3,"auto_score":169.0,"n_per":284,"n_hog":81,"source_year":2024,"crime_score":0.4276,"crime_nivel":"Alto","crime_color":"#f44336"},"geometry":{"type":"Polygon","coordinates":[[[-70.6752344073333,-33.4903957901313],[-70.6762956539999,-33.4925439981312],[-70.6766122859999,-33.4922939211312],[-70.6756013079999,-33.4902674581312],[-70.6752344073333,-33.4903957901313]]]}},{"type":"Feature","properties":{"id":"13121051004018","commune":"Pedro Aguirre Cerda","code":"13121","gse":"E","quintil":"Q1","nse_score":652.8,"educ":10.0,"educ_score":466.7,"hacin":1.603,"hacin_class":"Hacinamiento Medio","hacin_score":722.7,"auto_score":113.9,"n_per":295,"n_hog":87,"source_year":2024,"crime_score":0.4283,"crime_nivel":"Alto","crime_color":"#f44336"},"geometry":{"type":"Polygon","coordinates":[[[-70.6759337599999,-33.4928000121312],[-70.6762713709999,-33.4925632251312],[-70.6752046069999,-33.4904061971312],[-70.6748528869999,-33.4905308971312],[-70.6759337599999,-33.4928000121312]]]}},{"type":"Feature","properties":{"id":"13121051004019","commune":"Pedro Aguirre Cerda","code":"13121","gse":"E","quintil":"Q1","nse_score":646.0,"educ":9.3,"educ_score":420.0,"hacin":1.351,"hacin_class":"Hacinamiento Leve","hacin_score":776.3,"auto_score":129.0,"n_per":100,"n_hog":33,"source_year":2024,"crime_score":0.3933,"crime_nivel":"Alto","crime_color":"#f44336"},"geometry":{"type":"Polygon","coordinates":[[[-70.67713398,-33.4933376051312],[-70.6774543999999,-33.4931352011312],[-70.6769211819999,-33.4921202081312],[-70.6765931839999,-33.4923702151312],[-70.67713398,-33.4933376051312]]]}},{"type":"Feature","properties":{"id":"13121051004020","commune":"Pedro Aguirre Cerda","code":"13121","gse":"E","quintil":"Q1","nse_score":656.3,"educ":10.1,"educ_score":473.3,"hacin":1.432,"hacin_class":"Hacinamiento Leve","hacin_score":759.1,"auto_score":178.6,"n_per":116,"n_hog":32,"source_year":2024,"crime_score":0.3941,"crime_nivel":"Alto","crime_color":"#f44336"},"geometry":{"type":"Polygon","coordinates":[[[-70.6763170489999,-33.4925935351312],[-70.6768149989999,-33.4936378171312],[-70.6771317689999,-33.4933962711312],[-70.6765707599999,-33.4923880341312],[-70.6763170489999,-33.4925935351312]]]}},{"type":"Feature","properties":{"id":"13121051004021","commune":"Pedro Aguirre Cerda","code":"13121","gse":"E","quintil":"Q1","nse_score":645.7,"educ":11.0,"educ_score":533.3,"hacin":1.471,"hacin_class":"Hacinamiento Leve","hacin_score":750.9,"auto_score":17.9,"n_per":75,"n_hog":31,"source_year":2024,"crime_score":0.3887,"crime_nivel":"Alto","crime_color":"#f44336"},"geometry":{"type":"Polygon","coordinates":[[[-70.676500502,-33.4938055221312],[-70.6767900669999,-33.4936564511312],[-70.6762951769999,-33.4926114851312],[-70.6759750964999,-33.4929113946312],[-70.676500502,-33.4938055221312]]]}},{"type":"Feature","properties":{"id":"13121061001010","commune":"Pedro Aguirre Cerda","code":"13121","gse":"E","quintil":"Q1","nse_score":621.8,"educ":10.7,"educ_score":513.3,"hacin":2.0,"hacin_class":"Hacinamiento Medio","hacin_score":638.3,"auto_score":250.0,"n_per":18,"n_hog":5,"source_year":2024,"crime_score":0.3829,"crime_nivel":"Alto","crime_color":"#f44336"},"geometry":{"type":"Polygon","coordinates":[[[-70.6821633009999,-33.4781906011314],[-70.6835673819999,-33.4781369021314],[-70.6842174299999,-33.4774655471314],[-70.6841126149999,-33.4770377141314],[-70.6818380399999,-33.4771740291314],[-70.6815539364999,-33.4774527346314],[-70.6815323444999,-33.4778323216314],[-70.6817474929999,-33.4780855031314],[-70.6821633009999,-33.4781906011314]]]}},{"type":"Feature","properties":{"id":"13121061001023","commune":"Pedro Aguirre Cerda","code":"13121","gse":"E","quintil":"Q1","nse_score":642.1,"educ":10.9,"educ_score":526.7,"hacin":1.2,"hacin_class":"Hacinamiento Leve","hacin_score":808.5,"auto_score":111.1,"n_per":18,"n_hog":9,"source_year":2024,"crime_score":0.3788,"crime_nivel":"Alto","crime_color":"#f44336"},"geometry":{"type":"Polygon","coordinates":[[[-70.6816477129999,-33.4843894741313],[-70.6866274879999,-33.4841398631313],[-70.6844296119999,-33.4784528401314],[-70.6813343029999,-33.4784915271314],[-70.6811713559999,-33.4785859231314],[-70.6816477129999,-33.4843894741313]]]}},{"type":"Feature","properties":{"id":"13121061001028","commune":"Pedro Aguirre Cerda","code":"13121","gse":"C3","quintil":"Q2","nse_score":709.9,"educ":10.8,"educ_score":520.0,"hacin":1.389,"hacin_class":"Hacinamiento Leve","hacin_score":768.3,"auto_score":0.0,"n_per":25,"n_hog":7,"source_year":2024,"crime_score":0.3662,"crime_nivel":"Alto","crime_color":"#f44336"},"geometry":{"type":"Polygon","coordinates":[[[-70.6862674019999,-33.4842852121313],[-70.6862935169999,-33.4846407561313],[-70.6868298539999,-33.4846135501313],[-70.6866814719999,-33.4842776781313],[-70.6862674019999,-33.4842852121313]]]}},{"type":"Feature","properties":{"id":"13121061001029","commune":"Pedro Aguirre Cerda","code":"13121","gse":"D","quintil":"Q1","nse_score":676.9,"educ":11.0,"educ_score":533.3,"hacin":1.574,"hacin_class":"Hacinamiento Medio","hacin_score":729.0,"auto_score":51.7,"n_per":96,"n_hog":40,"source_year":2024,"crime_score":0.386,"crime_nivel":"Alto","crime_color":"#f44336"},"geometry":{"type":"Polygon","coordinates":[[[-70.6858184469999,-33.4843052841313],[-70.6858739919999,-33.4850361951313],[-70.6862906919999,-33.4850126511313],[-70.6862351799999,-33.4842866541313],[-70.6858184469999,-33.4843052841313]]]}},{"type":"Feature","properties":{"id":"13121061001030","commune":"Pedro Aguirre Cerda","code":"13121","gse":"E","quintil":"Q1","nse_score":649.3,"educ":9.3,"educ_score":420.0,"hacin":1.411,"hacin_class":"Hacinamiento Leve","hacin_score":763.7,"auto_score":65.2,"n_per":79,"n_hog":24,"source_year":2024,"crime_score":0.3887,"crime_nivel":"Alto","crime_color":"#f44336"},"geometry":{"type":"Polygon","coordinates":[[[-70.6854056889999,-33.4843251851313],[-70.6854444579999,-33.4850583541313],[-70.6858417759999,-33.4850379331313],[-70.6857862259999,-33.4843067841313],[-70.6854056889999,-33.4843251851313]]]}},{"type":"Feature","properties":{"id":"13121061001031","commune":"Pedro Aguirre Cerda","code":"13121","gse":"D","quintil":"Q1","nse_score":665.8,"educ":10.2,"educ_score":480.0,"hacin":1.4,"hacin_class":"Hacinamiento Leve","hacin_score":766.0,"auto_score":80.0,"n_per":70,"n_hog":25,"source_year":2024,"crime_score":0.3836,"crime_nivel":"Alto","crime_color":"#f44336"},"geometry":{"type":"Polygon","coordinates":[[[-70.6848052563333,-33.4844104014646],[-70.6848258039999,-33.4847125091313],[-70.6853914449999,-33.4847042181313],[-70.6853734699999,-33.4843265831313],[-70.6848052563333,-33.4844104014646]]]}},{"type":"Feature","properties":{"id":"13121061001032","commune":"Pedro Aguirre Cerda","code":"13121","gse":"D","quintil":"Q1","nse_score":663.9,"educ":10.2,"educ_score":480.0,"hacin":1.319,"hacin_class":"Hacinamiento Leve","hacin_score":783.2,"auto_score":63.1,"n_per":277,"n_hog":105,"source_year":2024,"crime_score":0.4223,"crime_nivel":"Alto","crime_color":"#f44336"},"geometry":{"type":"Polygon","coordinates":[[[-70.6842373719999,-33.4843725571313],[-70.6844101519999,-33.4866540611313],[-70.6846024389999,-33.4866443001313],[-70.6845871599999,-33.4862140411313],[-70.684634678,-33.4866426631313],[-70.6849123979999,-33.4866285641313],[-70.6847091899999,-33.4843614871313],[-70.6842373719999,-33.4843725571313]]]}},{"type":"Feature","properties":{"id":"13121061001033","commune":"Pedro Aguirre Cerda","code":"13121","gse":"D","quintil":"Q1","nse_score":664.1,"educ":10.3,"educ_score":486.7,"hacin":1.588,"hacin_class":"Hacinamiento Medio","hacin_score":725.9,"auto_score":71.3,"n_per":1466,"n_hog":445,"source_year":2024,"crime_score":0.4266,"crime_nivel":"Alto","crime_color":"#f44336"},"geometry":{"type":"Polygon","coordinates":[[[-70.6815787959999,-33.4845018921313],[-70.6817414789999,-33.4870566951313],[-70.6822086019999,-33.4870374611313],[-70.6821936659999,-33.4868753121313],[-70.682015239,-33.4868654421313],[-70.6820052669999,-33.4863917131313],[-70.6820437219999,-33.4868453121313],[-70.6822169899999,-33.4868488211313],[-70.6822385859999,-33.4870359151313],[-70.6831193449999,-33.4869904871313],[-70.6830946659999,-33.4864497831313],[-70.683151575,-33.4869888251313],[-70.6837744719999,-33.4869575791313],[-70.6837710889999,-33.4864334181313],[-70.6839664499999,-33.4879691901313],[-70.6842487899999,-33.4878596841313],[-70.6841962529999,-33.4869138081313],[-70.6843823364999,-33.4866825861313],[-70.6842051499999,-33.4843740236313],[-70.6815787959999,-33.4845018921313]]]}},{"type":"Feature","properties":{"id":"13121061001034","commune":"Pedro Aguirre Cerda","code":"13121","gse":"E","quintil":"Q1","nse_score":635.5,"educ":10.0,"educ_score":466.7,"hacin":1.833,"hacin_class":"Hacinamiento Medio","hacin_score":673.8,"auto_score":100.0,"n_per":55,"n_hog":17,"source_year":2024,"crime_score":0.3871,"crime_nivel":"Alto","crime_color":"#f44336"},"geometry":{"type":"Polygon","coordinates":[[[-70.6862955856666,-33.4846677684646],[-70.6863229089999,-33.4850109461313],[-70.6869434449999,-33.4849550711313],[-70.6868399289999,-33.4846397106313],[-70.6862955856666,-33.4846677684646]]]}},{"type":"Feature","properties":{"id":"13121061001037","commune":"Pedro Aguirre Cerda","code":"13121","gse":"C3","quintil":"Q2","nse_score":713.2,"educ":11.3,"educ_score":553.3,"hacin":1.339,"hacin_class":"Hacinamiento Leve","hacin_score":778.9,"auto_score":121.0,"n_per":1422,"n_hog":464,"source_year":2024,"crime_score":0.4152,"crime_nivel":"Alto","crime_color":"#f44336"},"geometry":{"type":"Polygon","coordinates":[[[-70.6870168239999,-33.4850847251313],[-70.6848727929999,-33.4851776321313],[-70.6850391949999,-33.4872780021313],[-70.6855471459999,-33.4868693441313],[-70.6854511279999,-33.4854052661313],[-70.6851388179999,-33.4854951601313],[-70.6851286689999,-33.4853615431313],[-70.6854924879999,-33.4853421301313],[-70.6855559529999,-33.4855015071313],[-70.6856617189999,-33.4868058721313],[-70.6862968599999,-33.4862974761313],[-70.6862206489999,-33.4853040761313],[-70.6863453269999,-33.4854630651313],[-70.6863814639999,-33.4862122931313],[-70.6871119349999,-33.4856049621313],[-70.6870168239999,-33.4850847251313]]]}},{"type":"Feature","properties":{"id":"13121061001044","commune":"Pedro Aguirre Cerda","code":"13121","gse":"D","quintil":"Q2","nse_score":698.5,"educ":10.8,"educ_score":520.0,"hacin":1.423,"hacin_class":"Hacinamiento Leve","hacin_score":761.0,"auto_score":89.7,"n_per":521,"n_hog":156,"source_year":2024,"crime_score":0.4186,"crime_nivel":"Alto","crime_color":"#f44336"},"geometry":{"type":"Polygon","coordinates":[[[-70.6877468749999,-33.4879715861313],[-70.6880639644999,-33.4877401211313],[-70.6876216429999,-33.4865648401313],[-70.6874291739999,-33.4862522781313],[-70.6869904989999,-33.4861857461313],[-70.6867978109999,-33.4864336641313],[-70.6877468749999,-33.4879715861313]]]}},{"type":"Feature","properties":{"id":"13121061001045","commune":"Pedro Aguirre Cerda","code":"13121","gse":"D","quintil":"Q2","nse_score":699.2,"educ":10.9,"educ_score":526.7,"hacin":1.768,"hacin_class":"Hacinamiento Medio","hacin_score":687.7,"auto_score":111.1,"n_per":175,"n_hog":53,"source_year":2024,"crime_score":0.3957,"crime_nivel":"Alto","crime_color":"#f44336"},"geometry":{"type":"Polygon","coordinates":[[[-70.6866375899999,-33.4864512911312],[-70.6841998499999,-33.4882615521313],[-70.6845833699999,-33.4885185501312],[-70.6856437959999,-33.4876920331312],[-70.6854849639999,-33.4875215541313],[-70.6856674429999,-33.4876736031313],[-70.6868808399999,-33.4867219591313],[-70.6866375899999,-33.4864512911312]]]}},{"type":"Feature","properties":{"id":"13121061001047","commune":"Pedro Aguirre Cerda","code":"13121","gse":"D","quintil":"Q1","nse_score":674.3,"educ":10.9,"educ_score":526.7,"hacin":1.541,"hacin_class":"Hacinamiento Medio","hacin_score":736.0,"auto_score":71.4,"n_per":188,"n_hog":65,"source_year":2024,"crime_score":0.4035,"crime_nivel":"Alto","crime_color":"#f44336"},"geometry":{"type":"Polygon","coordinates":[[[-70.6842950159999,-33.4869211141313],[-70.684356766,-33.4877768051313],[-70.6849667919999,-33.4873309241313],[-70.6849145669999,-33.4866555781313],[-70.6844233819999,-33.4866805141313],[-70.6842950159999,-33.4869211141313]]]}},{"type":"Feature","properties":{"id":"13121061001048","commune":"Pedro Aguirre Cerda","code":"13121","gse":"C3","quintil":"Q2","nse_score":720.0,"educ":11.1,"educ_score":540.0,"hacin":1.684,"hacin_class":"Hacinamiento Medio","hacin_score":705.6,"auto_score":89.7,"n_per":165,"n_hog":49,"source_year":2024,"crime_score":0.3893,"crime_nivel":"Alto","crime_color":"#f44336"},"geometry":{"type":"Polygon","coordinates":[[[-70.6857008189999,-33.4877176081313],[-70.686107337,-33.4880712521313],[-70.6871929179999,-33.4872282651313],[-70.6869075699999,-33.4867759371313],[-70.6857008189999,-33.4877176081313]]]}},{"type":"Feature","properties":{"id":"13121061001049","commune":"Pedro Aguirre Cerda","code":"13121","gse":"E","quintil":"Q1","nse_score":628.9,"educ":9.9,"educ_score":460.0,"hacin":1.564,"hacin_class":"Hacinamiento Medio","hacin_score":731.1,"auto_score":71.4,"n_per":713,"n_hog":216,"source_year":2024,"crime_score":0.4347,"crime_nivel":"Alto","crime_color":"#f44336"},"geometry":{"type":"Polygon","coordinates":[[[-70.6838902579999,-33.4881083821313],[-70.6837971949999,-33.4870265441313],[-70.6832524579999,-33.4870466521313],[-70.6832778079999,-33.4873823271313],[-70.6832202329999,-33.4870482666313],[-70.6817364169999,-33.4871706571313],[-70.6819470839999,-33.4893692581313],[-70.6838902579999,-33.4881083821313]]]}},{"type":"Feature","properties":{"id":"13121061001051","commune":"Pedro Aguirre Cerda","code":"13121","gse":"D","quintil":"Q2","nse_score":684.8,"educ":10.4,"educ_score":493.3,"hacin":1.435,"hacin_class":"Hacinamiento Leve","hacin_score":758.4,"auto_score":120.0,"n_per":89,"n_hog":28,"source_year":2024,"crime_score":0.3831,"crime_nivel":"Alto","crime_color":"#f44336"},"geometry":{"type":"Polygon","coordinates":[[[-70.6873894839999,-33.4875739511313],[-70.6868858959999,-33.4878946601313],[-70.6866159249999,-33.4884273601313],[-70.687212025,-33.4886158341312],[-70.6873125659999,-33.4882852781312],[-70.6876477769999,-33.4880297471313],[-70.6873894839999,-33.4875739511313]]]}},{"type":"Feature","properties":{"id":"13121061001055","commune":"Pedro Aguirre Cerda","code":"13121","gse":"D","quintil":"Q2","nse_score":699.4,"educ":10.9,"educ_score":526.7,"hacin":1.417,"hacin_class":"Hacinamiento Leve","hacin_score":762.3,"auto_score":117.6,"n_per":265,"n_hog":91,"source_year":2024,"crime_score":0.412,"crime_nivel":"Alto","crime_color":"#f44336"},"geometry":{"type":"Polygon","coordinates":[[[-70.6819910559999,-33.4905213391312],[-70.6844558169999,-33.4886169091312],[-70.6844542779999,-33.4885654151313],[-70.6841223249999,-33.4882930091313],[-70.6836347139999,-33.4886373141313],[-70.6819903949999,-33.4899606761312],[-70.6819910559999,-33.4905213391312]]]}},{"type":"Feature","properties":{"id":"13121061001050","commune":"Pedro Aguirre Cerda","code":"13121","gse":"D","quintil":"Q2","nse_score":698.1,"educ":11.4,"educ_score":560.0,"hacin":1.447,"hacin_class":"Hacinamiento Leve","hacin_score":755.9,"auto_score":263.2,"n_per":55,"n_hog":21,"source_year":2024,"crime_score":0.3741,"crime_nivel":"Alto","crime_color":"#f44336"},"geometry":{"type":"MultiPolygon","coordinates":[[[[-70.6855024906666,-33.4885075374646],[-70.6860832489999,-33.4880893041312],[-70.6856772459999,-33.4877360581312],[-70.6851581094999,-33.4881497426313],[-70.6855024906666,-33.4885075374646]]],[[[-70.6871090689999,-33.4886122131313],[-70.68658181,-33.4884363591313],[-70.6868611649999,-33.4878772611313],[-70.6873859109999,-33.4875427971313],[-70.6872114699999,-33.4872591101313],[-70.6855343349999,-33.4885236321313],[-70.6871090689999,-33.4886122131313]]]]}},{"type":"Feature","properties":{"id":"13121061002001","commune":"Pedro Aguirre Cerda","code":"13121","gse":"C3","quintil":"Q2","nse_score":719.8,"educ":11.1,"educ_score":540.0,"hacin":1.466,"hacin_class":"Hacinamiento Leve","hacin_score":751.9,"auto_score":108.7,"n_per":173,"n_hog":52,"source_year":2024,"crime_score":0.3908,"crime_nivel":"Alto","crime_color":"#f44336"},"geometry":{"type":"Polygon","coordinates":[[[-70.6850677529999,-33.4882056091312],[-70.6845845059999,-33.4885979311312],[-70.6848055634999,-33.4890580261312],[-70.6847412804999,-33.4899223761313],[-70.6853049269999,-33.4900047631312],[-70.6854073144999,-33.4888293436313],[-70.6853081404999,-33.4883825326313],[-70.6850677529999,-33.4882056091312]]]}},{"type":"Feature","properties":{"id":"13121061002004","commune":"Pedro Aguirre Cerda","code":"13121","gse":"C3","quintil":"Q2","nse_score":710.9,"educ":10.5,"educ_score":500.0,"hacin":1.54,"hacin_class":"Hacinamiento Medio","hacin_score":736.3,"auto_score":100.0,"n_per":117,"n_hog":37,"source_year":2024,"crime_score":0.3826,"crime_nivel":"Alto","crime_color":"#f44336"},"geometry":{"type":"Polygon","coordinates":[[[-70.6858974799999,-33.4895993291312],[-70.6860117339999,-33.4885809981312],[-70.685510641,-33.4885492851312],[-70.6853855799999,-33.4895665701313],[-70.6858974799999,-33.4895993291312]]]}},{"type":"Feature","properties":{"id":"13121061002005","commune":"Pedro Aguirre Cerda","code":"13121","gse":"C3","quintil":"Q2","nse_score":702.4,"educ":10.6,"educ_score":506.7,"hacin":1.453,"hacin_class":"Hacinamiento Leve","hacin_score":754.8,"auto_score":83.3,"n_per":138,"n_hog":37,"source_year":2024,"crime_score":0.3883,"crime_nivel":"Alto","crime_color":"#f44336"},"geometry":{"type":"Polygon","coordinates":[[[-70.6859560639999,-33.4896110941312],[-70.6864957309999,-33.4896312571312],[-70.6866012049999,-33.4886184471313],[-70.6860439274999,-33.4885830281312],[-70.6859560639999,-33.4896110941312]]]}},{"type":"Feature","properties":{"id":"13121061002006","commune":"Pedro Aguirre Cerda","code":"13121","gse":"D","quintil":"Q1","nse_score":679.0,"educ":10.0,"educ_score":466.7,"hacin":1.296,"hacin_class":"Hacinamiento Leve","hacin_score":788.2,"auto_score":102.9,"n_per":114,"n_hog":40,"source_year":2024,"crime_score":0.3889,"crime_nivel":"Alto","crime_color":"#f44336"},"geometry":{"type":"Polygon","coordinates":[[[-70.686480635,-33.4900800371312],[-70.6870793659999,-33.4900675311313],[-70.6872094029999,-33.4886433381312],[-70.6866334369999,-33.4886201341312],[-70.686480635,-33.4900800371312]]]}},{"type":"Feature","properties":{"id":"13121061002007","commune":"Pedro Aguirre Cerda","code":"13121","gse":"C3","quintil":"Q3","nse_score":733.5,"educ":11.0,"educ_score":533.3,"hacin":1.55,"hacin_class":"Hacinamiento Medio","hacin_score":734.0,"auto_score":62.5,"n_per":62,"n_hog":22,"source_year":2024,"crime_score":0.368,"crime_nivel":"Alto","crime_color":"#f44336"},"geometry":{"type":"Polygon","coordinates":[[[-70.6841506439999,-33.4895513661312],[-70.6847122364999,-33.4895247621313],[-70.6847368204999,-33.4890056281312],[-70.6845304639999,-33.4886534711313],[-70.6839986074999,-33.4890600471312],[-70.6841506439999,-33.4895513661312]]]}},{"type":"Feature","properties":{"id":"13121061002009","commune":"Pedro Aguirre Cerda","code":"13121","gse":"D","quintil":"Q1","nse_score":682.8,"educ":10.2,"educ_score":480.0,"hacin":1.587,"hacin_class":"Hacinamiento Medio","hacin_score":726.2,"auto_score":121.6,"n_per":146,"n_hog":44,"source_year":2024,"crime_score":0.394,"crime_nivel":"Alto","crime_color":"#f44336"},"geometry":{"type":"Polygon","coordinates":[[[-70.6834421829999,-33.4906231731313],[-70.6839445939999,-33.4906505521312],[-70.6840140399999,-33.4895586001312],[-70.6837624769999,-33.4892386121313],[-70.6833638569999,-33.4895580691312],[-70.6834940784999,-33.4898136691312],[-70.6834421829999,-33.4906231731313]]]}},{"type":"Feature","properties":{"id":"13121061002010","commune":"Pedro Aguirre Cerda","code":"13121","gse":"D","quintil":"Q2","nse_score":697.5,"educ":10.7,"educ_score":513.3,"hacin":1.511,"hacin_class":"Hacinamiento Medio","hacin_score":742.4,"auto_score":166.7,"n_per":139,"n_hog":45,"source_year":2024,"crime_score":0.3895,"crime_nivel":"Alto","crime_color":"#f44336"},"geometry":{"type":"Polygon","coordinates":[[[-70.6845320979999,-33.4906855871312],[-70.6847001579999,-33.4896167341312],[-70.6840488064999,-33.4895720381312],[-70.683976803,-33.4906523921312],[-70.6845320979999,-33.4906855871312]]]}},{"type":"Feature","properties":{"id":"13121061002015","commune":"Pedro Aguirre Cerda","code":"13121","gse":"E","quintil":"Q1","nse_score":580.6,"educ":7.7,"educ_score":313.3,"hacin":1.0,"hacin_class":"Hacinamiento Leve","hacin_score":851.1,"auto_score":0.0,"n_per":6,"n_hog":4,"source_year":2024,"crime_score":0.389,"crime_nivel":"Alto","crime_color":"#f44336"},"geometry":{"type":"Polygon","coordinates":[[[-70.6816693629999,-33.4901109931312],[-70.6820464879999,-33.4951807381312],[-70.6823244809999,-33.4973085451311],[-70.6828089429999,-33.4971429481311],[-70.6828862419999,-33.4969538891312],[-70.6823069999999,-33.4956824101311],[-70.681859916,-33.4899484461312],[-70.6816693629999,-33.4901109931312]]]}},{"type":"Feature","properties":{"id":"13121061002016","commune":"Pedro Aguirre Cerda","code":"13121","gse":"C3","quintil":"Q2","nse_score":704.1,"educ":11.0,"educ_score":533.3,"hacin":1.373,"hacin_class":"Hacinamiento Leve","hacin_score":771.7,"auto_score":185.2,"n_per":81,"n_hog":28,"source_year":2024,"crime_score":0.3775,"crime_nivel":"Alto","crime_color":"#f44336"},"geometry":{"type":"Polygon","coordinates":[[[-70.6852937649999,-33.4900559751313],[-70.6847226414999,-33.4900848706313],[-70.6846413979999,-33.4909408601312],[-70.6851994219999,-33.4909770821312],[-70.6852937649999,-33.4900559751313]]]}},{"type":"Feature","properties":{"id":"13121061002017","commune":"Pedro Aguirre Cerda","code":"13121","gse":"C3","quintil":"Q2","nse_score":710.1,"educ":11.5,"educ_score":566.7,"hacin":1.431,"hacin_class":"Hacinamiento Leve","hacin_score":759.5,"auto_score":222.2,"n_per":103,"n_hog":31,"source_year":2024,"crime_score":0.3803,"crime_nivel":"Alto","crime_color":"#f44336"},"geometry":{"type":"Polygon","coordinates":[[[-70.6852316109999,-33.4909791741312],[-70.685768563,-33.4910140491312],[-70.6858602739999,-33.4900883911312],[-70.6853259789999,-33.4900577951312],[-70.6852316109999,-33.4909791741312]]]}},{"type":"Feature","properties":{"id":"13121061002018","commune":"Pedro Aguirre Cerda","code":"13121","gse":"D","quintil":"Q2","nse_score":688.0,"educ":10.1,"educ_score":473.3,"hacin":1.48,"hacin_class":"Hacinamiento Leve","hacin_score":749.1,"auto_score":87.0,"n_per":108,"n_hog":35,"source_year":2024,"crime_score":0.3859,"crime_nivel":"Alto","crime_color":"#f44336"},"geometry":{"type":"Polygon","coordinates":[[[-70.6858007519999,-33.4910161401312],[-70.6863240189999,-33.4910501241312],[-70.6864127039999,-33.4901227701312],[-70.6858924019999,-33.4900904231312],[-70.6858007519999,-33.4910161401312]]]}},{"type":"Feature","properties":{"id":"13121061002019","commune":"Pedro Aguirre Cerda","code":"13121","gse":"C3","quintil":"Q2","nse_score":711.1,"educ":11.0,"educ_score":533.3,"hacin":1.244,"hacin_class":"Hacinamiento Leve","hacin_score":799.1,"auto_score":112.9,"n_per":107,"n_hog":31,"source_year":2024,"crime_score":0.3808,"crime_nivel":"Alto","crime_color":"#f44336"},"geometry":{"type":"Polygon","coordinates":[[[-70.6863562089999,-33.4910522151312],[-70.6869869509999,-33.4910931751312],[-70.6870457609999,-33.4901775751312],[-70.6864448889999,-33.4901248981312],[-70.6863562089999,-33.4910522151312]]]}},{"type":"Feature","properties":{"id":"13121061002022","commune":"Pedro Aguirre Cerda","code":"13121","gse":"C3","quintil":"Q2","nse_score":708.1,"educ":10.3,"educ_score":486.7,"hacin":1.309,"hacin_class":"Hacinamiento Leve","hacin_score":785.4,"auto_score":74.1,"n_per":106,"n_hog":34,"source_year":2024,"crime_score":0.3812,"crime_nivel":"Alto","crime_color":"#f44336"},"geometry":{"type":"Polygon","coordinates":[[[-70.6845895269999,-33.4919189011312],[-70.6851117169999,-33.4919510911312],[-70.6851966574999,-33.4910040481312],[-70.6846388699999,-33.4909678131312],[-70.6845895269999,-33.4919189011312]]]}},{"type":"Feature","properties":{"id":"13121061002023","commune":"Pedro Aguirre Cerda","code":"13121","gse":"C3","quintil":"Q2","nse_score":713.4,"educ":10.2,"educ_score":480.0,"hacin":1.327,"hacin_class":"Hacinamiento Leve","hacin_score":781.4,"auto_score":87.0,"n_per":73,"n_hog":26,"source_year":2024,"crime_score":0.3741,"crime_nivel":"Alto","crime_color":"#f44336"},"geometry":{"type":"Polygon","coordinates":[[[-70.6851647029999,-33.4917819541312],[-70.6856897769999,-33.4918092501312],[-70.6857658879999,-33.4910410321312],[-70.6852288474999,-33.4910061391312],[-70.6851647029999,-33.4917819541312]]]}},{"type":"Feature","properties":{"id":"13121061002024","commune":"Pedro Aguirre Cerda","code":"13121","gse":"D","quintil":"Q1","nse_score":678.2,"educ":10.2,"educ_score":480.0,"hacin":1.333,"hacin_class":"Hacinamiento Leve","hacin_score":780.1,"auto_score":108.7,"n_per":72,"n_hog":26,"source_year":2024,"crime_score":0.3813,"crime_nivel":"Alto","crime_color":"#f44336"},"geometry":{"type":"Polygon","coordinates":[[[-70.6862459649999,-33.4918436241312],[-70.6863214379999,-33.4910771121312],[-70.6857980769999,-33.4910431111312],[-70.6857219749999,-33.4918112481312],[-70.6862459649999,-33.4918436241312]]]}},{"type":"Feature","properties":{"id":"13121061002025","commune":"Pedro Aguirre Cerda","code":"13121","gse":"C3","quintil":"Q2","nse_score":702.8,"educ":10.5,"educ_score":500.0,"hacin":1.197,"hacin_class":"Hacinamiento Leve","hacin_score":809.2,"auto_score":180.0,"n_per":79,"n_hog":26,"source_year":2024,"crime_score":0.3775,"crime_nivel":"Alto","crime_color":"#f44336"},"geometry":{"type":"Polygon","coordinates":[[[-70.6868220699999,-33.4920561931312],[-70.6869845089999,-33.4911201731312],[-70.6863536269999,-33.4910791911312],[-70.6862640609999,-33.4920124021312],[-70.6868220699999,-33.4920561931312]]]}},{"type":"Feature","properties":{"id":"13121061002026","commune":"Pedro Aguirre Cerda","code":"13121","gse":"C3","quintil":"Q3","nse_score":741.1,"educ":11.7,"educ_score":580.0,"hacin":1.594,"hacin_class":"Hacinamiento Medio","hacin_score":724.7,"auto_score":104.2,"n_per":102,"n_hog":30,"source_year":2024,"crime_score":0.3735,"crime_nivel":"Alto","crime_color":"#f44336"},"geometry":{"type":"Polygon","coordinates":[[[-70.6820277556666,-33.4911174191312],[-70.6820522419999,-33.4915392101312],[-70.6832896669999,-33.4916276391312],[-70.6833163249999,-33.4911913361312],[-70.6820277556666,-33.4911174191312]]]}},{"type":"Feature","properties":{"id":"13121061002027","commune":"Pedro Aguirre Cerda","code":"13121","gse":"C3","quintil":"Q2","nse_score":714.6,"educ":10.5,"educ_score":500.0,"hacin":1.377,"hacin_class":"Hacinamiento Leve","hacin_score":770.8,"auto_score":166.7,"n_per":84,"n_hog":35,"source_year":2024,"crime_score":0.3759,"crime_nivel":"Alto","crime_color":"#f44336"},"geometry":{"type":"Polygon","coordinates":[[[-70.6833088249999,-33.4918389151312],[-70.6838470399999,-33.4918855411312],[-70.6839090699999,-33.4911669751312],[-70.683350947,-33.4911362771312],[-70.6833088249999,-33.4918389151312]]]}},{"type":"Feature","properties":{"id":"13121061002029","commune":"Pedro Aguirre Cerda","code":"13121","gse":"D","quintil":"Q1","nse_score":678.3,"educ":11.4,"educ_score":560.0,"hacin":1.643,"hacin_class":"Hacinamiento Medio","hacin_score":714.3,"auto_score":185.7,"n_per":115,"n_hog":33,"source_year":2024,"crime_score":0.3892,"crime_nivel":"Alto","crime_color":"#f44336"},"geometry":{"type":"Polygon","coordinates":[[[-70.6821197719999,-33.4924439481312],[-70.6826632989999,-33.4924639601312],[-70.6827459899999,-33.4916164311312],[-70.6820542639999,-33.4915663561313],[-70.6821197719999,-33.4924439481312]]]}},{"type":"Feature","properties":{"id":"13121061002030","commune":"Pedro Aguirre Cerda","code":"13121","gse":"D","quintil":"Q2","nse_score":693.4,"educ":11.7,"educ_score":580.0,"hacin":1.267,"hacin_class":"Hacinamiento Leve","hacin_score":794.3,"auto_score":0.0,"n_per":38,"n_hog":11,"source_year":2024,"crime_score":0.3719,"crime_nivel":"Alto","crime_color":"#f44336"},"geometry":{"type":"Polygon","coordinates":[[[-70.6827087259999,-33.4924647671312],[-70.6832196699999,-33.4924955721312],[-70.6832764434999,-33.4916802981312],[-70.6827872409999,-33.4916686886312],[-70.6827087259999,-33.4924647671312]]]}},{"type":"Feature","properties":{"id":"13121061002032","commune":"Pedro Aguirre Cerda","code":"13121","gse":"C3","quintil":"Q3","nse_score":732.4,"educ":11.4,"educ_score":560.0,"hacin":1.366,"hacin_class":"Hacinamiento Leve","hacin_score":773.2,"auto_score":88.2,"n_per":56,"n_hog":18,"source_year":2024,"crime_score":0.3671,"crime_nivel":"Alto","crime_color":"#f44336"},"geometry":{"type":"Polygon","coordinates":[[[-70.6832520269999,-33.4924965591312],[-70.6837840849999,-33.4925265791312],[-70.6838445469999,-33.4919125371312],[-70.6833061839999,-33.4918655621312],[-70.6832520269999,-33.4924965591312]]]}},{"type":"Feature","properties":{"id":"13121061002033","commune":"Pedro Aguirre Cerda","code":"13121","gse":"C3","quintil":"Q2","nse_score":716.5,"educ":10.9,"educ_score":526.7,"hacin":1.286,"hacin_class":"Hacinamiento Leve","hacin_score":790.3,"auto_score":62.5,"n_per":54,"n_hog":17,"source_year":2024,"crime_score":0.3701,"crime_nivel":"Alto","crime_color":"#f44336"},"geometry":{"type":"Polygon","coordinates":[[[-70.6838162909999,-33.4925285081312],[-70.6844278169999,-33.4925666121312],[-70.6844860249999,-33.4919501941312],[-70.6838767139999,-33.4919148421312],[-70.6838162909999,-33.4925285081312]]]}},{"type":"Feature","properties":{"id":"13121061002034","commune":"Pedro Aguirre Cerda","code":"13121","gse":"D","quintil":"Q2","nse_score":692.1,"educ":10.1,"educ_score":473.3,"hacin":1.406,"hacin_class":"Hacinamiento Leve","hacin_score":764.7,"auto_score":100.0,"n_per":97,"n_hog":34,"source_year":2024,"crime_score":0.383,"crime_nivel":"Alto","crime_color":"#f44336"},"geometry":{"type":"Polygon","coordinates":[[[-70.6844580059999,-33.4929053641312],[-70.6850181449999,-33.4929411551312],[-70.6851103519999,-33.4919801431312],[-70.6845483634999,-33.4919663566312],[-70.6844580059999,-33.4929053641312]]]}},{"type":"Feature","properties":{"id":"13121061002035","commune":"Pedro Aguirre Cerda","code":"13121","gse":"D","quintil":"Q1","nse_score":681.2,"educ":10.1,"educ_score":473.3,"hacin":1.42,"hacin_class":"Hacinamiento Leve","hacin_score":761.8,"auto_score":116.7,"n_per":115,"n_hog":34,"source_year":2024,"crime_score":0.3886,"crime_nivel":"Alto","crime_color":"#f44336"},"geometry":{"type":"Polygon","coordinates":[[[-70.6861818499999,-33.4930155021312],[-70.6868031569999,-33.4930551921312],[-70.6868668799999,-33.4921101391312],[-70.6862603369999,-33.4920633431312],[-70.6861818499999,-33.4930155021312]]]}},{"type":"Feature","properties":{"id":"13121061002036","commune":"Pedro Aguirre Cerda","code":"13121","gse":"C3","quintil":"Q3","nse_score":739.1,"educ":11.1,"educ_score":540.0,"hacin":1.057,"hacin_class":"Hacinamiento Leve","hacin_score":839.0,"auto_score":142.9,"n_per":56,"n_hog":22,"source_year":2024,"crime_score":0.3657,"crime_nivel":"Alto","crime_color":"#f44336"},"geometry":{"type":"Polygon","coordinates":[[[-70.6850503379999,-33.4929432111312],[-70.6855915199999,-33.4929777881312],[-70.6856602209999,-33.4921987961312],[-70.6851322339999,-33.4921845011312],[-70.6850503379999,-33.4929432111312]]]}},{"type":"Feature","properties":{"id":"13121061002037","commune":"Pedro Aguirre Cerda","code":"13121","gse":"D","quintil":"Q2","nse_score":686.8,"educ":10.6,"educ_score":506.7,"hacin":1.739,"hacin_class":"Hacinamiento Medio","hacin_score":693.8,"auto_score":160.0,"n_per":120,"n_hog":31,"source_year":2024,"crime_score":0.3883,"crime_nivel":"Alto","crime_color":"#f44336"},"geometry":{"type":"Polygon","coordinates":[[[-70.6856923879999,-33.4922009994645],[-70.6856237129999,-33.4929798451312],[-70.6861497109999,-33.4930134491312],[-70.6862118519999,-33.4922342291312],[-70.6856923879999,-33.4922009994645]]]}},{"type":"Feature","properties":{"id":"13121061002038","commune":"Pedro Aguirre Cerda","code":"13121","gse":"D","quintil":"Q2","nse_score":688.0,"educ":10.9,"educ_score":526.7,"hacin":1.634,"hacin_class":"Hacinamiento Medio","hacin_score":716.1,"auto_score":20.8,"n_per":67,"n_hog":26,"source_year":2024,"crime_score":0.3784,"crime_nivel":"Alto","crime_color":"#f44336"},"geometry":{"type":"Polygon","coordinates":[[[-70.6821800089999,-33.4932737761312],[-70.6826173589999,-33.4932953081312],[-70.682660972,-33.4924909341312],[-70.6821210319999,-33.4924710601312],[-70.6821800089999,-33.4932737761312]]]}},{"type":"Feature","properties":{"id":"13121061002039","commune":"Pedro Aguirre Cerda","code":"13121","gse":"C3","quintil":"Q2","nse_score":710.7,"educ":11.2,"educ_score":546.7,"hacin":1.619,"hacin_class":"Hacinamiento Medio","hacin_score":719.4,"auto_score":71.4,"n_per":68,"n_hog":23,"source_year":2024,"crime_score":0.3738,"crime_nivel":"Alto","crime_color":"#f44336"},"geometry":{"type":"Polygon","coordinates":[[[-70.6831378669999,-33.4931223831312],[-70.683215087,-33.4925227511312],[-70.6827078679999,-33.4924917421312],[-70.6826571859999,-33.4931010221312],[-70.6831378669999,-33.4931223831312]]]}},{"type":"Feature","properties":{"id":"13121061002040","commune":"Pedro Aguirre Cerda","code":"13121","gse":"C3","quintil":"Q3","nse_score":735.5,"educ":11.1,"educ_score":540.0,"hacin":1.478,"hacin_class":"Hacinamiento Leve","hacin_score":749.3,"auto_score":105.3,"n_per":68,"n_hog":21,"source_year":2024,"crime_score":0.3686,"crime_nivel":"Alto","crime_color":"#f44336"},"geometry":{"type":"Polygon","coordinates":[[[-70.6831933129999,-33.4931275371312],[-70.6837294599999,-33.4931537031312],[-70.6837815839999,-33.4925535731312],[-70.6832491729999,-33.4925251291312],[-70.6831933129999,-33.4931275371312]]]}},{"type":"Feature","properties":{"id":"13121061002041","commune":"Pedro Aguirre Cerda","code":"13121","gse":"D","quintil":"Q2","nse_score":700.4,"educ":11.2,"educ_score":546.7,"hacin":1.717,"hacin_class":"Hacinamiento Medio","hacin_score":698.4,"auto_score":111.1,"n_per":79,"n_hog":20,"source_year":2024,"crime_score":0.378,"crime_nivel":"Alto","crime_color":"#f44336"},"geometry":{"type":"Polygon","coordinates":[[[-70.6837616829999,-33.4931554171312],[-70.684373563,-33.4931880181312],[-70.6844253669999,-33.4925936081312],[-70.6838137859999,-33.4925555021312],[-70.6837616829999,-33.4931554171312]]]}},{"type":"Feature","properties":{"id":"13121061002042","commune":"Pedro Aguirre Cerda","code":"13121","gse":"C3","quintil":"Q3","nse_score":733.9,"educ":11.3,"educ_score":553.3,"hacin":1.366,"hacin_class":"Hacinamiento Leve","hacin_score":773.1,"auto_score":64.5,"n_per":97,"n_hog":36,"source_year":2024,"crime_score":0.3741,"crime_nivel":"Alto","crime_color":"#f44336"},"geometry":{"type":"Polygon","coordinates":[[[-70.6848967749999,-33.4938928381312],[-70.6850156929999,-33.4929681521312],[-70.6844555929999,-33.4929323531312],[-70.6843819569999,-33.4938345131312],[-70.6848967749999,-33.4938928381312]]]}},{"type":"Feature","properties":{"id":"13121061002043","commune":"Pedro Aguirre Cerda","code":"13121","gse":"C3","quintil":"Q2","nse_score":718.0,"educ":10.8,"educ_score":520.0,"hacin":1.383,"hacin_class":"Hacinamiento Leve","hacin_score":769.5,"auto_score":250.0,"n_per":83,"n_hog":28,"source_year":2024,"crime_score":0.375,"crime_nivel":"Alto","crime_color":"#f44336"},"geometry":{"type":"Polygon","coordinates":[[[-70.6850248889999,-33.4939007801312],[-70.6855074879999,-33.4939307381312],[-70.6855891379999,-33.4930047891312],[-70.6850478864999,-33.4929701971312],[-70.6850248889999,-33.4939007801312]]]}},{"type":"Feature","properties":{"id":"13121061002044","commune":"Pedro Aguirre Cerda","code":"13121","gse":"D","quintil":"Q1","nse_score":673.1,"educ":10.4,"educ_score":493.3,"hacin":1.491,"hacin_class":"Hacinamiento Leve","hacin_score":746.5,"auto_score":166.7,"n_per":85,"n_hog":28,"source_year":2024,"crime_score":0.3848,"crime_nivel":"Alto","crime_color":"#f44336"},"geometry":{"type":"Polygon","coordinates":[[[-70.6856213309999,-33.4930068591312],[-70.6855396879999,-33.4939327331312],[-70.6860438509999,-33.4939532571312],[-70.6861475589999,-33.4930404641312],[-70.6856213309999,-33.4930068591312]]]}},{"type":"Feature","properties":{"id":"13121061002045","commune":"Pedro Aguirre Cerda","code":"13121","gse":"D","quintil":"Q1","nse_score":666.0,"educ":10.4,"educ_score":493.3,"hacin":1.783,"hacin_class":"Hacinamiento Medio","hacin_score":684.6,"auto_score":100.0,"n_per":123,"n_hog":38,"source_year":2024,"crime_score":0.3933,"crime_nivel":"Alto","crime_color":"#f44336"},"geometry":{"type":"Polygon","coordinates":[[[-70.6861796969999,-33.4930425311312],[-70.6861078439999,-33.4939477411312],[-70.6866971619999,-33.4939871271312],[-70.6868006529999,-33.4930821851312],[-70.6861796969999,-33.4930425311312]]]}},{"type":"Feature","properties":{"id":"13121061002046","commune":"Pedro Aguirre Cerda","code":"13121","gse":"C3","quintil":"Q3","nse_score":723.3,"educ":11.1,"educ_score":540.0,"hacin":1.404,"hacin_class":"Hacinamiento Leve","hacin_score":765.1,"auto_score":83.3,"n_per":66,"n_hog":19,"source_year":2024,"crime_score":0.3708,"crime_nivel":"Alto","crime_color":"#f44336"},"geometry":{"type":"Polygon","coordinates":[[[-70.6826364109999,-33.4933229291312],[-70.6821820129999,-33.4933008851312],[-70.6822292299999,-33.4937052511312],[-70.6831005919999,-33.4937734211312],[-70.6831572249999,-33.4931497421312],[-70.6826514239999,-33.4931277391312],[-70.6826364109999,-33.4933229291312]]]}},{"type":"Feature","properties":{"id":"13121061002048","commune":"Pedro Aguirre Cerda","code":"13121","gse":"C3","quintil":"Q3","nse_score":725.0,"educ":11.1,"educ_score":540.0,"hacin":1.378,"hacin_class":"Hacinamiento Leve","hacin_score":770.7,"auto_score":166.7,"n_per":62,"n_hog":19,"source_year":2024,"crime_score":0.3697,"crime_nivel":"Alto","crime_color":"#f44336"},"geometry":{"type":"Polygon","coordinates":[[[-70.6842396909999,-33.4938509001312],[-70.6843711989999,-33.4932149181312],[-70.6837593304999,-33.4931823671312],[-70.6837037989999,-33.4938168721312],[-70.6842396909999,-33.4938509001312]]]}},{"type":"Feature","properties":{"id":"13121061002049","commune":"Pedro Aguirre Cerda","code":"13121","gse":"D","quintil":"Q1","nse_score":667.3,"educ":11.0,"educ_score":533.3,"hacin":1.667,"hacin_class":"Hacinamiento Medio","hacin_score":709.2,"auto_score":88.2,"n_per":50,"n_hog":19,"source_year":2024,"crime_score":0.3795,"crime_nivel":"Alto","crime_color":"#f44336"},"geometry":{"type":"Polygon","coordinates":[[[-70.6822574029999,-33.4942171001312],[-70.6830471149999,-33.4942590211312],[-70.6830742454999,-33.4938751956312],[-70.6822779899999,-33.4938120071312],[-70.6822574029999,-33.4942171001312]]]}},{"type":"Feature","properties":{"id":"13121061002051","commune":"Pedro Aguirre Cerda","code":"13121","gse":"D","quintil":"Q1","nse_score":682.5,"educ":10.7,"educ_score":513.3,"hacin":1.558,"hacin_class":"Hacinamiento Medio","hacin_score":732.3,"auto_score":75.0,"n_per":134,"n_hog":45,"source_year":2024,"crime_score":0.3918,"crime_nivel":"Alto","crime_color":"#f44336"},"geometry":{"type":"Polygon","coordinates":[[[-70.6860894799999,-33.4940437941312],[-70.6860301299999,-33.4954397361311],[-70.6862888599999,-33.4959205641312],[-70.6868191444999,-33.4957168121311],[-70.686628401,-33.4949809331312],[-70.6866983969999,-33.4941300496312],[-70.6860894799999,-33.4940437941312]]]}},{"type":"Feature","properties":{"id":"13121061002052","commune":"Pedro Aguirre Cerda","code":"13121","gse":"D","quintil":"Q1","nse_score":664.1,"educ":10.7,"educ_score":513.3,"hacin":1.688,"hacin_class":"Hacinamiento Medio","hacin_score":704.8,"auto_score":184.2,"n_per":54,"n_hog":20,"source_year":2024,"crime_score":0.3809,"crime_nivel":"Alto","crime_color":"#f44336"},"geometry":{"type":"Polygon","coordinates":[[[-70.6822593229999,-33.4942441591312],[-70.6822888729999,-33.4946499501312],[-70.6830092449999,-33.4946942851312],[-70.6830447909999,-33.4942859231312],[-70.6822593229999,-33.4942441591312]]]}},{"type":"Feature","properties":{"id":"13121061002053","commune":"Pedro Aguirre Cerda","code":"13121","gse":"E","quintil":"Q1","nse_score":618.3,"educ":8.7,"educ_score":380.0,"hacin":1.35,"hacin_class":"Hacinamiento Leve","hacin_score":776.6,"auto_score":71.4,"n_per":54,"n_hog":21,"source_year":2024,"crime_score":0.3904,"crime_nivel":"Alto","crime_color":"#f44336"},"geometry":{"type":"Polygon","coordinates":[[[-70.6823222039999,-33.4951062371312],[-70.6829698889999,-33.4951299051312],[-70.6830068489999,-33.4947212851312],[-70.6822908429999,-33.4946769691312],[-70.6823222039999,-33.4951062371312]]]}},{"type":"Feature","properties":{"id":"13121061002055","commune":"Pedro Aguirre Cerda","code":"13121","gse":"D","quintil":"Q2","nse_score":684.8,"educ":10.9,"educ_score":526.7,"hacin":1.592,"hacin_class":"Hacinamiento Medio","hacin_score":725.2,"auto_score":141.3,"n_per":191,"n_hog":51,"source_year":2024,"crime_score":0.4018,"crime_nivel":"Alto","crime_color":"#f44336"},"geometry":{"type":"Polygon","coordinates":[[[-70.6851974869999,-33.4949234881312],[-70.6857799879999,-33.4960970041311],[-70.6861976399999,-33.4959499741311],[-70.6857561139999,-33.4947745281312],[-70.6851974869999,-33.4949234881312]]]}},{"type":"Feature","properties":{"id":"13121061002056","commune":"Pedro Aguirre Cerda","code":"13121","gse":"D","quintil":"Q2","nse_score":694.8,"educ":10.6,"educ_score":506.7,"hacin":1.657,"hacin_class":"Hacinamiento Medio","hacin_score":711.2,"auto_score":75.8,"n_per":121,"n_hog":40,"source_year":2024,"crime_score":0.3868,"crime_nivel":"Alto","crime_color":"#f44336"},"geometry":{"type":"Polygon","coordinates":[[[-70.6846887469999,-33.4950998581312],[-70.6852286419999,-33.4962854221311],[-70.6857501,-33.4961072581312],[-70.6851673809999,-33.4949332751312],[-70.6846887469999,-33.4950998581312]]]}},{"type":"Feature","properties":{"id":"13121061002057","commune":"Pedro Aguirre Cerda","code":"13121","gse":"C3","quintil":"Q2","nse_score":718.8,"educ":10.9,"educ_score":526.7,"hacin":1.28,"hacin_class":"Hacinamiento Leve","hacin_score":791.6,"auto_score":132.4,"n_per":119,"n_hog":42,"source_year":2024,"crime_score":0.3813,"crime_nivel":"Alto","crime_color":"#f44336"},"geometry":{"type":"Polygon","coordinates":[[[-70.6841566849999,-33.4952861401312],[-70.6847353929999,-33.4964551061311],[-70.6851988399999,-33.4962954631312],[-70.6846587949999,-33.4951099641312],[-70.6841566849999,-33.4952861401312]]]}},{"type":"Feature","properties":{"id":"13121061002058","commune":"Pedro Aguirre Cerda","code":"13121","gse":"C3","quintil":"Q2","nse_score":717.1,"educ":11.3,"educ_score":553.3,"hacin":1.277,"hacin_class":"Hacinamiento Leve","hacin_score":792.1,"auto_score":232.6,"n_per":129,"n_hog":43,"source_year":2024,"crime_score":0.3835,"crime_nivel":"Alto","crime_color":"#f44336"},"geometry":{"type":"Polygon","coordinates":[[[-70.682324289,-33.4951333261311],[-70.6827053289999,-33.4963974291312],[-70.6832682669999,-33.4962067681312],[-70.6829777139999,-33.4955135191312],[-70.6829677619999,-33.4951568891312],[-70.682324289,-33.4951333261311]]]}},{"type":"Feature","properties":{"id":"13121061002059","commune":"Pedro Aguirre Cerda","code":"13121","gse":"D","quintil":"Q2","nse_score":691.4,"educ":10.1,"educ_score":473.3,"hacin":1.433,"hacin_class":"Hacinamiento Leve","hacin_score":759.0,"auto_score":115.4,"n_per":149,"n_hog":43,"source_year":2024,"crime_score":0.3926,"crime_nivel":"Alto","crime_color":"#f44336"},"geometry":{"type":"Polygon","coordinates":[[[-70.6836451599999,-33.4954752251312],[-70.6842220689999,-33.4966307641311],[-70.6847055,-33.4964653491311],[-70.6841271319999,-33.4952970401312],[-70.6836451599999,-33.4954752251312]]]}},{"type":"Feature","properties":{"id":"13121061002060","commune":"Pedro Aguirre Cerda","code":"13121","gse":"D","quintil":"Q1","nse_score":682.4,"educ":10.1,"educ_score":473.3,"hacin":1.317,"hacin_class":"Hacinamiento Leve","hacin_score":783.7,"auto_score":110.0,"n_per":133,"n_hog":54,"source_year":2024,"crime_score":0.3917,"crime_nivel":"Alto","crime_color":"#f44336"},"geometry":{"type":"Polygon","coordinates":[[[-70.68367559,-33.4967966141312],[-70.6841922249999,-33.4966409531311],[-70.6836156079999,-33.4954861251312],[-70.6831167999999,-33.4956702726312],[-70.68367559,-33.4967966141312]]]}},{"type":"Feature","properties":{"id":"13121061002061","commune":"Pedro Aguirre Cerda","code":"13121","gse":"C3","quintil":"Q2","nse_score":714.8,"educ":11.6,"educ_score":573.3,"hacin":1.312,"hacin_class":"Hacinamiento Leve","hacin_score":784.8,"auto_score":96.2,"n_per":80,"n_hog":26,"source_year":2024,"crime_score":0.3751,"crime_nivel":"Alto","crime_color":"#f44336"},"geometry":{"type":"Polygon","coordinates":[[[-70.6830695829999,-33.4970190841311],[-70.6835616124999,-33.4968409616312],[-70.6832801199999,-33.4962313501312],[-70.6827176789999,-33.4964223841311],[-70.6830695829999,-33.4970190841311]]]}},{"type":"Feature","properties":{"id":"13121061002021","commune":"Pedro Aguirre Cerda","code":"13121","gse":"D","quintil":"Q2","nse_score":695.8,"educ":10.5,"educ_score":500.0,"hacin":1.841,"hacin_class":"Hacinamiento Medio","hacin_score":672.1,"auto_score":352.9,"n_per":81,"n_hog":24,"source_year":2024,"crime_score":0.3793,"crime_nivel":"Alto","crime_color":"#f44336"},"geometry":{"type":"MultiPolygon","coordinates":[[[[-70.6838792089999,-33.4918878591312],[-70.6844885829999,-33.4919233061312],[-70.6845576599999,-33.4912025741312],[-70.6839412879999,-33.4911687321312],[-70.6838792089999,-33.4918878591312]]],[[[-70.6833532639999,-33.4911093841312],[-70.6845601869999,-33.4911756831312],[-70.6845851759999,-33.4907657671312],[-70.6834021769999,-33.4906933861312],[-70.6833532639999,-33.4911093841312]]]]}},{"type":"Feature","properties":{"id":"13121061002012","commune":"Pedro Aguirre Cerda","code":"13121","gse":"C3","quintil":"Q2","nse_score":718.8,"educ":10.7,"educ_score":513.3,"hacin":1.495,"hacin_class":"Hacinamiento Leve","hacin_score":745.7,"auto_score":153.8,"n_per":154,"n_hog":50,"source_year":2024,"crime_score":0.3876,"crime_nivel":"Alto","crime_color":"#f44336"},"geometry":{"type":"MultiPolygon","coordinates":[[[[-70.6827439489999,-33.4911059971312],[-70.6833153569999,-33.4911643821313],[-70.6833813974999,-33.4902560716313],[-70.6830578249999,-33.4898226531312],[-70.6826641424999,-33.4900955926312],[-70.6827734769999,-33.4903233186312],[-70.6827439489999,-33.4911059971312]]],[[[-70.6833256079999,-33.4900895401312],[-70.6834425909999,-33.4898369081312],[-70.6833098179999,-33.4895972481312],[-70.6831015264999,-33.4897620316313],[-70.6833256079999,-33.4900895401312]]]]}},{"type":"Feature","properties":{"id":"13121061002047","commune":"Pedro Aguirre Cerda","code":"13121","gse":"C3","quintil":"Q3","nse_score":743.5,"educ":11.3,"educ_score":553.3,"hacin":1.519,"hacin_class":"Hacinamiento Medio","hacin_score":740.6,"auto_score":157.9,"n_per":79,"n_hog":26,"source_year":2024,"crime_score":0.3689,"crime_nivel":"Alto","crime_color":"#f44336"},"geometry":{"type":"MultiPolygon","coordinates":[[[[-70.683166217,-33.4939552261312],[-70.6831085679999,-33.4956439811312],[-70.6860043149999,-33.4946925431312],[-70.6860572959999,-33.4940430041312],[-70.6832698609999,-33.4938649641312],[-70.683166217,-33.4939552261312]]],[[[-70.6831397779999,-33.4937757411312],[-70.6836716099999,-33.4938147621312],[-70.6837271069999,-33.4931806651312],[-70.6831904539999,-33.4931527311312],[-70.6831397779999,-33.4937757411312]]]]}},{"type":"Feature","properties":{"id":"13121061003004","commune":"Pedro Aguirre Cerda","code":"13121","gse":"D","quintil":"Q1","nse_score":675.3,"educ":10.8,"educ_score":520.0,"hacin":1.24,"hacin_class":"Hacinamiento Leve","hacin_score":800.0,"auto_score":136.4,"n_per":31,"n_hog":10,"source_year":2024,"crime_score":0.3744,"crime_nivel":"Alto","crime_color":"#f44336"},"geometry":{"type":"Polygon","coordinates":[[[-70.6873279589999,-33.4885195151312],[-70.6873065859999,-33.4887465771312],[-70.6882369799999,-33.4886123111313],[-70.6881242729999,-33.4882852391313],[-70.6873279589999,-33.4885195151312]]]}},{"type":"Feature","properties":{"id":"13121061003005","commune":"Pedro Aguirre Cerda","code":"13121","gse":"C3","quintil":"Q3","nse_score":749.5,"educ":11.7,"educ_score":580.0,"hacin":1.224,"hacin_class":"Hacinamiento Leve","hacin_score":803.3,"auto_score":58.8,"n_per":60,"n_hog":17,"source_year":2024,"crime_score":0.3643,"crime_nivel":"Alto","crime_color":"#f44336"},"geometry":{"type":"Polygon","coordinates":[[[-70.6880248299999,-33.4886917521313],[-70.6882394659999,-33.4894210691313],[-70.6886828249999,-33.4893131101312],[-70.6884020699999,-33.4885889566313],[-70.6880248299999,-33.4886917521313]]]}},{"type":"Feature","properties":{"id":"13121061003006","commune":"Pedro Aguirre Cerda","code":"13121","gse":"C3","quintil":"Q2","nse_score":718.2,"educ":12.3,"educ_score":620.0,"hacin":1.419,"hacin_class":"Hacinamiento Leve","hacin_score":761.8,"auto_score":250.0,"n_per":44,"n_hog":10,"source_year":2024,"crime_score":0.3679,"crime_nivel":"Alto","crime_color":"#f44336"},"geometry":{"type":"Polygon","coordinates":[[[-70.6872740819999,-33.4890918771313],[-70.6880376629999,-33.4890139101312],[-70.6879285439999,-33.4886937931312],[-70.6873040539999,-33.4887734531313],[-70.6872740819999,-33.4890918771313]]]}},{"type":"Feature","properties":{"id":"13121061003008","commune":"Pedro Aguirre Cerda","code":"13121","gse":"C3","quintil":"Q3","nse_score":747.1,"educ":11.8,"educ_score":586.7,"hacin":1.378,"hacin_class":"Hacinamiento Leve","hacin_score":770.6,"auto_score":125.0,"n_per":51,"n_hog":16,"source_year":2024,"crime_score":0.3632,"crime_nivel":"Alto","crime_color":"#f44336"},"geometry":{"type":"Polygon","coordinates":[[[-70.6877482669999,-33.4891920321312],[-70.6872676859999,-33.4891624451312],[-70.6872059409999,-33.4898501011312],[-70.6876807779999,-33.4898811351313],[-70.6877482669999,-33.4891920321312]]]}},{"type":"Feature","properties":{"id":"13121061003009","commune":"Pedro Aguirre Cerda","code":"13121","gse":"C3","quintil":"Q3","nse_score":733.5,"educ":11.5,"educ_score":566.7,"hacin":1.265,"hacin_class":"Hacinamiento Leve","hacin_score":794.7,"auto_score":105.3,"n_per":43,"n_hog":20,"source_year":2024,"crime_score":0.3646,"crime_nivel":"Alto","crime_color":"#f44336"},"geometry":{"type":"Polygon","coordinates":[[[-70.688692795,-33.4893388031313],[-70.6877456919999,-33.4895318931313],[-70.6877128759999,-33.4898842101313],[-70.6888603949999,-33.4897711301313],[-70.688692795,-33.4893388031313]]]}},{"type":"Feature","properties":{"id":"13121061003010","commune":"Pedro Aguirre Cerda","code":"13121","gse":"C3","quintil":"Q3","nse_score":742.5,"educ":12.1,"educ_score":606.7,"hacin":1.443,"hacin_class":"Hacinamiento Leve","hacin_score":756.9,"auto_score":204.5,"n_per":88,"n_hog":23,"source_year":2024,"crime_score":0.3707,"crime_nivel":"Alto","crime_color":"#f44336"},"geometry":{"type":"Polygon","coordinates":[[[-70.6884091479999,-33.4898891771313],[-70.6887104799999,-33.4906816281312],[-70.689167472,-33.4905637921312],[-70.6888703529999,-33.4897967981312],[-70.6884091479999,-33.4898891771313]]]}},{"type":"Feature","properties":{"id":"13121061003012","commune":"Pedro Aguirre Cerda","code":"13121","gse":"C3","quintil":"Q3","nse_score":731.5,"educ":11.3,"educ_score":553.3,"hacin":1.316,"hacin_class":"Hacinamiento Leve","hacin_score":783.9,"auto_score":187.5,"n_per":50,"n_hog":16,"source_year":2024,"crime_score":0.3662,"crime_nivel":"Alto","crime_color":"#f44336"},"geometry":{"type":"Polygon","coordinates":[[[-70.6872034119999,-33.4898770791312],[-70.6871345039999,-33.4907365361312],[-70.6876858429999,-33.4907873321313],[-70.6877581264999,-33.4899172271312],[-70.6872034119999,-33.4898770791312]]]}},{"type":"Feature","properties":{"id":"13121061003013","commune":"Pedro Aguirre Cerda","code":"13121","gse":"C2","quintil":"Q3","nse_score":757.6,"educ":11.8,"educ_score":586.7,"hacin":1.508,"hacin_class":"Hacinamiento Medio","hacin_score":742.9,"auto_score":173.9,"n_per":89,"n_hog":27,"source_year":2024,"crime_score":0.3677,"crime_nivel":"Alto","crime_color":"#f44336"},"geometry":{"type":"Polygon","coordinates":[[[-70.6880933739999,-33.4898989011313],[-70.6877902089999,-33.4899205991313],[-70.68771799,-33.4907891711312],[-70.6880095569999,-33.4907759811312],[-70.6880933739999,-33.4898989011313]]]}},{"type":"Feature","properties":{"id":"13121061003014","commune":"Pedro Aguirre Cerda","code":"13121","gse":"D","quintil":"Q1","nse_score":679.0,"educ":10.9,"educ_score":526.7,"hacin":1.4,"hacin_class":"Hacinamiento Leve","hacin_score":766.0,"auto_score":230.8,"n_per":42,"n_hog":14,"source_year":2024,"crime_score":0.3756,"crime_nivel":"Alto","crime_color":"#f44336"},"geometry":{"type":"Polygon","coordinates":[[[-70.6887204849999,-33.4907073421312],[-70.6889223929999,-33.4912153211312],[-70.6893728559999,-33.4910968741312],[-70.6891774149999,-33.4905895061312],[-70.6887204849999,-33.4907073421312]]]}},{"type":"Feature","properties":{"id":"13121061003015","commune":"Pedro Aguirre Cerda","code":"13121","gse":"D","quintil":"Q2","nse_score":692.6,"educ":9.4,"educ_score":426.7,"hacin":1.161,"hacin_class":"Hacinamiento Leve","hacin_score":816.7,"auto_score":115.4,"n_per":36,"n_hog":14,"source_year":2024,"crime_score":0.3717,"crime_nivel":"Alto","crime_color":"#f44336"},"geometry":{"type":"Polygon","coordinates":[[[-70.6886078619999,-33.4912628441312],[-70.6888915909999,-33.4912234211312],[-70.6887000649999,-33.4907415611312],[-70.6884157909999,-33.4908036331312],[-70.6886078619999,-33.4912628441312]]]}},{"type":"Feature","properties":{"id":"13121061003017","commune":"Pedro Aguirre Cerda","code":"13121","gse":"C3","quintil":"Q3","nse_score":746.8,"educ":11.3,"educ_score":553.3,"hacin":1.04,"hacin_class":"Hacinamiento Leve","hacin_score":842.6,"auto_score":45.5,"n_per":26,"n_hog":11,"source_year":2024,"crime_score":0.3588,"crime_nivel":"Alto","crime_color":"#f44336"},"geometry":{"type":"Polygon","coordinates":[[[-70.6870852079999,-33.4911647391312],[-70.6877759769999,-33.4912083001312],[-70.6878058049999,-33.4908514591312],[-70.6871278439999,-33.4908203461312],[-70.6870852079999,-33.4911647391312]]]}},{"type":"Feature","properties":{"id":"13121061003018","commune":"Pedro Aguirre Cerda","code":"13121","gse":"D","quintil":"Q1","nse_score":658.8,"educ":9.6,"educ_score":440.0,"hacin":1.3,"hacin_class":"Hacinamiento Leve","hacin_score":787.2,"auto_score":100.0,"n_per":52,"n_hog":15,"source_year":2024,"crime_score":0.3817,"crime_nivel":"Alto","crime_color":"#f44336"},"geometry":{"type":"Polygon","coordinates":[[[-70.6878379419999,-33.4908534361312],[-70.6877580609999,-33.4917046551312],[-70.6881142849999,-33.4917316201312],[-70.6882060909999,-33.4908739381312],[-70.6878379419999,-33.4908534361312]]]}},{"type":"Feature","properties":{"id":"13121061003019","commune":"Pedro Aguirre Cerda","code":"13121","gse":"D","quintil":"Q2","nse_score":683.1,"educ":10.8,"educ_score":520.0,"hacin":1.244,"hacin_class":"Hacinamiento Leve","hacin_score":799.2,"auto_score":176.5,"n_per":51,"n_hog":18,"source_year":2024,"crime_score":0.3765,"crime_nivel":"Alto","crime_color":"#f44336"},"geometry":{"type":"Polygon","coordinates":[[[-70.6889585819999,-33.4912531201312],[-70.6892006219999,-33.4918274451312],[-70.6895969029999,-33.4917191011312],[-70.6893827749999,-33.4911226091312],[-70.6889585819999,-33.4912531201312]]]}},{"type":"Feature","properties":{"id":"13121061003020","commune":"Pedro Aguirre Cerda","code":"13121","gse":"C3","quintil":"Q3","nse_score":736.0,"educ":10.9,"educ_score":526.7,"hacin":1.0,"hacin_class":"Hacinamiento Leve","hacin_score":851.1,"auto_score":100.0,"n_per":20,"n_hog":10,"source_year":2024,"crime_score":0.36,"crime_nivel":"Alto","crime_color":"#f44336"},"geometry":{"type":"Polygon","coordinates":[[[-70.6870368319999,-33.4916630521312],[-70.6877258819999,-33.4917025111312],[-70.6877734749999,-33.4912352941312],[-70.6870828209999,-33.4911917331312],[-70.6870368319999,-33.4916630521312]]]}},{"type":"Feature","properties":{"id":"13121061003021","commune":"Pedro Aguirre Cerda","code":"13121","gse":"C3","quintil":"Q3","nse_score":721.8,"educ":10.4,"educ_score":493.3,"hacin":1.236,"hacin_class":"Hacinamiento Leve","hacin_score":800.8,"auto_score":157.9,"n_per":68,"n_hog":22,"source_year":2024,"crime_score":0.3715,"crime_nivel":"Alto","crime_color":"#f44336"},"geometry":{"type":"Polygon","coordinates":[[[-70.6889102869999,-33.4912468291312],[-70.6886292434999,-33.4913201446312],[-70.6888533779999,-33.4919208921312],[-70.6891698479999,-33.4918356341312],[-70.6889102869999,-33.4912468291312]]]}},{"type":"Feature","properties":{"id":"13121061003023","commune":"Pedro Aguirre Cerda","code":"13121","gse":"C2","quintil":"Q4","nse_score":771.8,"educ":12.3,"educ_score":620.0,"hacin":1.233,"hacin_class":"Hacinamiento Leve","hacin_score":801.4,"auto_score":166.7,"n_per":37,"n_hog":15,"source_year":2024,"crime_score":0.3556,"crime_nivel":"Alto","crime_color":"#f44336"},"geometry":{"type":"Polygon","coordinates":[[[-70.6870111429999,-33.4919650361312],[-70.6877030009999,-33.4920186151312],[-70.6877235444999,-33.4917295031312],[-70.6870358589999,-33.4916900301312],[-70.6870111429999,-33.4919650361312]]]}},{"type":"Feature","properties":{"id":"13121061003025","commune":"Pedro Aguirre Cerda","code":"13121","gse":"D","quintil":"Q2","nse_score":687.1,"educ":10.9,"educ_score":526.7,"hacin":1.105,"hacin_class":"Hacinamiento Leve","hacin_score":828.7,"auto_score":27.8,"n_per":42,"n_hog":17,"source_year":2024,"crime_score":0.374,"crime_nivel":"Alto","crime_color":"#f44336"},"geometry":{"type":"Polygon","coordinates":[[[-70.6891842156666,-33.4919253557979],[-70.6893434669999,-33.4923351131312],[-70.6898047469999,-33.4922111421312],[-70.6896255689999,-33.4917833611312],[-70.6891842156666,-33.4919253557979]]]}},{"type":"Feature","properties":{"id":"13121061003026","commune":"Pedro Aguirre Cerda","code":"13121","gse":"C3","quintil":"Q3","nse_score":729.9,"educ":12.1,"educ_score":606.7,"hacin":1.632,"hacin_class":"Hacinamiento Medio","hacin_score":716.7,"auto_score":277.8,"n_per":62,"n_hog":19,"source_year":2024,"crime_score":0.3687,"crime_nivel":"Alto","crime_color":"#f44336"},"geometry":{"type":"Polygon","coordinates":[[[-70.6888329593333,-33.4920183134645],[-70.6889808349999,-33.4924256391312],[-70.6893125599999,-33.4923429591312],[-70.6891435599999,-33.4919047401312],[-70.6888329593333,-33.4920183134645]]]}},{"type":"Feature","properties":{"id":"13121061003027","commune":"Pedro Aguirre Cerda","code":"13121","gse":"C3","quintil":"Q2","nse_score":702.7,"educ":10.7,"educ_score":513.3,"hacin":1.36,"hacin_class":"Hacinamiento Leve","hacin_score":774.5,"auto_score":25.0,"n_per":68,"n_hog":20,"source_year":2024,"crime_score":0.3755,"crime_nivel":"Alto","crime_color":"#f44336"},"geometry":{"type":"Polygon","coordinates":[[[-70.6869634829999,-33.4924699291312],[-70.6873820449999,-33.4924981781312],[-70.687434993,-33.4920304491312],[-70.6870081949999,-33.4919919761312],[-70.6869634829999,-33.4924699291312]]]}},{"type":"Feature","properties":{"id":"13121061003028","commune":"Pedro Aguirre Cerda","code":"13121","gse":"D","quintil":"Q1","nse_score":662.5,"educ":10.4,"educ_score":493.3,"hacin":1.69,"hacin_class":"Hacinamiento Medio","hacin_score":704.3,"auto_score":76.9,"n_per":49,"n_hog":14,"source_year":2024,"crime_score":0.3803,"crime_nivel":"Alto","crime_color":"#f44336"},"geometry":{"type":"Polygon","coordinates":[[[-70.6885699156666,-33.4921020767979],[-70.6886261959999,-33.4924179281312],[-70.6889263679999,-33.4923685691312],[-70.6887991559999,-33.4920224191312],[-70.6885699156666,-33.4921020767979]]]}},{"type":"Feature","properties":{"id":"13121061003029","commune":"Pedro Aguirre Cerda","code":"13121","gse":"D","quintil":"Q1","nse_score":658.0,"educ":10.2,"educ_score":480.0,"hacin":1.759,"hacin_class":"Hacinamiento Medio","hacin_score":689.7,"auto_score":159.1,"n_per":102,"n_hog":24,"source_year":2024,"crime_score":0.3911,"crime_nivel":"Alto","crime_color":"#f44336"},"geometry":{"type":"Polygon","coordinates":[[[-70.6874004069999,-33.4927039281312],[-70.6877364039999,-33.4927240411312],[-70.687794945,-33.4920466681312],[-70.6874671569999,-33.4920327931312],[-70.6874004069999,-33.4927039281312]]]}},{"type":"Feature","properties":{"id":"13121061003030","commune":"Pedro Aguirre Cerda","code":"13121","gse":"C3","quintil":"Q2","nse_score":718.8,"educ":10.6,"educ_score":506.7,"hacin":1.065,"hacin_class":"Hacinamiento Leve","hacin_score":837.2,"auto_score":100.0,"n_per":49,"n_hog":21,"source_year":2024,"crime_score":0.3687,"crime_nivel":"Alto","crime_color":"#f44336"},"geometry":{"type":"Polygon","coordinates":[[[-70.6880231409999,-33.4927460901312],[-70.6881388199999,-33.4920629061312],[-70.6878272479999,-33.4920474481312],[-70.6877686079999,-33.4927259681312],[-70.6880231409999,-33.4927460901312]]]}},{"type":"Feature","properties":{"id":"13121061003032","commune":"Pedro Aguirre Cerda","code":"13121","gse":"D","quintil":"Q2","nse_score":692.1,"educ":11.0,"educ_score":533.3,"hacin":1.63,"hacin_class":"Hacinamiento Medio","hacin_score":717.1,"auto_score":90.9,"n_per":44,"n_hog":12,"source_year":2024,"crime_score":0.3733,"crime_nivel":"Alto","crime_color":"#f44336"},"geometry":{"type":"Polygon","coordinates":[[[-70.6882550099999,-33.4921150191312],[-70.688342384,-33.4924456981312],[-70.6885943739999,-33.4924225461312],[-70.6885446949999,-33.4920851391312],[-70.6882550099999,-33.4921150191312]]]}},{"type":"Feature","properties":{"id":"13121061003033","commune":"Pedro Aguirre Cerda","code":"13121","gse":"C3","quintil":"Q2","nse_score":716.5,"educ":11.7,"educ_score":580.0,"hacin":1.474,"hacin_class":"Hacinamiento Leve","hacin_score":750.1,"auto_score":81.1,"n_per":115,"n_hog":38,"source_year":2024,"crime_score":0.3811,"crime_nivel":"Alto","crime_color":"#f44336"},"geometry":{"type":"Polygon","coordinates":[[[-70.6893536654999,-33.4923607936312],[-70.6896457869999,-33.4930671491312],[-70.6899898109999,-33.4929557021312],[-70.6898147989999,-33.4922368491312],[-70.6893536654999,-33.4923607936312]]]}},{"type":"Feature","properties":{"id":"13121061003034","commune":"Pedro Aguirre Cerda","code":"13121","gse":"D","quintil":"Q2","nse_score":691.8,"educ":10.3,"educ_score":486.7,"hacin":1.389,"hacin_class":"Hacinamiento Leve","hacin_score":768.3,"auto_score":83.3,"n_per":25,"n_hog":7,"source_year":2024,"crime_score":0.3699,"crime_nivel":"Alto","crime_color":"#f44336"},"geometry":{"type":"Polygon","coordinates":[[[-70.6889897379999,-33.4924516641312],[-70.6890632969999,-33.4926865531312],[-70.6894105969999,-33.4925900171312],[-70.6893227189999,-33.4923686491312],[-70.6889897379999,-33.4924516641312]]]}},{"type":"Feature","properties":{"id":"13121061003035","commune":"Pedro Aguirre Cerda","code":"13121","gse":"C3","quintil":"Q2","nse_score":711.8,"educ":10.6,"educ_score":506.7,"hacin":1.5,"hacin_class":"Hacinamiento Medio","hacin_score":744.7,"auto_score":0.0,"n_per":24,"n_hog":8,"source_year":2024,"crime_score":0.3656,"crime_nivel":"Alto","crime_color":"#f44336"},"geometry":{"type":"Polygon","coordinates":[[[-70.6886309729999,-33.4924447331312],[-70.6886853059999,-33.4927496371312],[-70.6890326139999,-33.4926951651312],[-70.6889358234999,-33.4923945936312],[-70.6886309729999,-33.4924447331312]]]}},{"type":"Feature","properties":{"id":"13121061003036","commune":"Pedro Aguirre Cerda","code":"13121","gse":"C3","quintil":"Q3","nse_score":745.2,"educ":11.4,"educ_score":560.0,"hacin":1.143,"hacin_class":"Hacinamiento Leve","hacin_score":820.7,"auto_score":125.0,"n_per":32,"n_hog":8,"source_year":2024,"crime_score":0.3602,"crime_nivel":"Alto","crime_color":"#f44336"},"geometry":{"type":"Polygon","coordinates":[[[-70.6883624743333,-33.4927261567979],[-70.6886540829999,-33.4927576171312],[-70.6885991469999,-33.4924493221312],[-70.688345023,-33.4924726731312],[-70.6883624743333,-33.4927261567979]]]}},{"type":"Feature","properties":{"id":"13121061003037","commune":"Pedro Aguirre Cerda","code":"13121","gse":"D","quintil":"Q1","nse_score":680.6,"educ":9.9,"educ_score":460.0,"hacin":1.293,"hacin_class":"Hacinamiento Leve","hacin_score":788.8,"auto_score":33.3,"n_per":53,"n_hog":15,"source_year":2024,"crime_score":0.3773,"crime_nivel":"Alto","crime_color":"#f44336"},"geometry":{"type":"Polygon","coordinates":[[[-70.6869311329999,-33.4928497221312],[-70.6873483029999,-33.4928755921312],[-70.6873796269999,-33.4925251771312],[-70.6869625419999,-33.4924969541312],[-70.6869311329999,-33.4928497221312]]]}},{"type":"Feature","properties":{"id":"13121061003038","commune":"Pedro Aguirre Cerda","code":"13121","gse":"C3","quintil":"Q3","nse_score":728.7,"educ":10.4,"educ_score":493.3,"hacin":1.375,"hacin_class":"Hacinamiento Leve","hacin_score":771.3,"auto_score":194.4,"n_per":55,"n_hog":20,"source_year":2024,"crime_score":0.3677,"crime_nivel":"Alto","crime_color":"#f44336"},"geometry":{"type":"Polygon","coordinates":[[[-70.6890737519999,-33.4927178161312],[-70.6892243009999,-33.4931603681312],[-70.6896146699999,-33.4930743761312],[-70.6894227569999,-33.4926207981312],[-70.6890737519999,-33.4927178161312]]]}},{"type":"Feature","properties":{"id":"13121061003039","commune":"Pedro Aguirre Cerda","code":"13121","gse":"D","quintil":"Q2","nse_score":687.1,"educ":9.9,"educ_score":460.0,"hacin":1.147,"hacin_class":"Hacinamiento Leve","hacin_score":819.8,"auto_score":35.7,"n_per":39,"n_hog":14,"source_year":2024,"crime_score":0.3734,"crime_nivel":"Alto","crime_color":"#f44336"},"geometry":{"type":"Polygon","coordinates":[[[-70.6886905329999,-33.4927804101312],[-70.6887618649999,-33.4932301051312],[-70.6891928389999,-33.4931663911312],[-70.6890426309999,-33.4927250161312],[-70.6886905329999,-33.4927804101312]]]}},{"type":"Feature","properties":{"id":"13121061003040","commune":"Pedro Aguirre Cerda","code":"13121","gse":"D","quintil":"Q1","nse_score":674.2,"educ":10.3,"educ_score":486.7,"hacin":1.578,"hacin_class":"Hacinamiento Medio","hacin_score":728.1,"auto_score":138.9,"n_per":71,"n_hog":19,"source_year":2024,"crime_score":0.382,"crime_nivel":"Alto","crime_color":"#f44336"},"geometry":{"type":"Polygon","coordinates":[[[-70.6873313709999,-33.4932912011312],[-70.6876729619999,-33.4932955511312],[-70.6877336199999,-33.4927510181312],[-70.6873979189999,-33.4927309221312],[-70.6873313709999,-33.4932912011312]]]}},{"type":"Feature","properties":{"id":"13121061003041","commune":"Pedro Aguirre Cerda","code":"13121","gse":"C3","quintil":"Q3","nse_score":739.5,"educ":11.4,"educ_score":560.0,"hacin":1.458,"hacin_class":"Hacinamiento Leve","hacin_score":753.5,"auto_score":52.6,"n_per":70,"n_hog":19,"source_year":2024,"crime_score":0.3681,"crime_nivel":"Alto","crime_color":"#f44336"},"geometry":{"type":"Polygon","coordinates":[[[-70.6877658269999,-33.4927529451312],[-70.6877052759999,-33.4932954331312],[-70.6880305449999,-33.4932864781312],[-70.6880434169999,-33.4928145881312],[-70.6877658269999,-33.4927529451312]]]}},{"type":"Feature","properties":{"id":"13121061003042","commune":"Pedro Aguirre Cerda","code":"13121","gse":"D","quintil":"Q1","nse_score":666.2,"educ":9.3,"educ_score":420.0,"hacin":1.526,"hacin_class":"Hacinamiento Medio","hacin_score":739.1,"auto_score":58.8,"n_per":58,"n_hog":18,"source_year":2024,"crime_score":0.3812,"crime_nivel":"Alto","crime_color":"#f44336"},"geometry":{"type":"Polygon","coordinates":[[[-70.6883906443333,-33.4928295561312],[-70.6884231309999,-33.4932628761312],[-70.6887298629999,-33.4932335001312],[-70.6886586019999,-33.4927844171312],[-70.6883906443333,-33.4928295561312]]]}},{"type":"Feature","properties":{"id":"13121061003043","commune":"Pedro Aguirre Cerda","code":"13121","gse":"C3","quintil":"Q3","nse_score":736.0,"educ":11.3,"educ_score":553.3,"hacin":1.22,"hacin_class":"Hacinamiento Leve","hacin_score":804.4,"auto_score":33.3,"n_per":50,"n_hog":15,"source_year":2024,"crime_score":0.3653,"crime_nivel":"Alto","crime_color":"#f44336"},"geometry":{"type":"Polygon","coordinates":[[[-70.6880752689999,-33.4928424621312],[-70.6880628429999,-33.4932851921312],[-70.6883909659999,-33.4932653051312],[-70.6883530879999,-33.4928126121312],[-70.6880752689999,-33.4928424621312]]]}},{"type":"Feature","properties":{"id":"13121061003044","commune":"Pedro Aguirre Cerda","code":"13121","gse":"C2","quintil":"Q3","nse_score":759.3,"educ":11.8,"educ_score":586.7,"hacin":1.306,"hacin_class":"Hacinamiento Leve","hacin_score":785.9,"auto_score":138.9,"n_per":64,"n_hog":19,"source_year":2024,"crime_score":0.3629,"crime_nivel":"Alto","crime_color":"#f44336"},"geometry":{"type":"Polygon","coordinates":[[[-70.6868971989999,-33.4932445571312],[-70.6872990949999,-33.4932901141312],[-70.6873450999999,-33.4929025421312],[-70.686928555,-33.4928766791312],[-70.6868971989999,-33.4932445571312]]]}},{"type":"Feature","properties":{"id":"13121061003045","commune":"Pedro Aguirre Cerda","code":"13121","gse":"C2","quintil":"Q4","nse_score":804.3,"educ":12.9,"educ_score":660.0,"hacin":1.188,"hacin_class":"Hacinamiento Leve","hacin_score":811.0,"auto_score":181.8,"n_per":101,"n_hog":34,"source_year":2024,"crime_score":0.3599,"crime_nivel":"Alto","crime_color":"#f44336"},"geometry":{"type":"Polygon","coordinates":[[[-70.6902382959999,-33.4945442771312],[-70.6906616089999,-33.4943523331312],[-70.6900304219999,-33.4930686611312],[-70.6895812129999,-33.4931523341312],[-70.6902382959999,-33.4945442771312]]]}},{"type":"Feature","properties":{"id":"13121061003046","commune":"Pedro Aguirre Cerda","code":"13121","gse":"C2","quintil":"Q3","nse_score":758.2,"educ":12.5,"educ_score":633.3,"hacin":1.398,"hacin_class":"Hacinamiento Leve","hacin_score":766.4,"auto_score":306.8,"n_per":151,"n_hog":43,"source_year":2024,"crime_score":0.3785,"crime_nivel":"Alto","crime_color":"#f44336"},"geometry":{"type":"Polygon","coordinates":[[[-70.6889311819999,-33.4932739681312],[-70.6896630999999,-33.4947554871312],[-70.6901465759999,-33.4945812861312],[-70.6895087099999,-33.4932220571312],[-70.6889311819999,-33.4932739681312]]]}},{"type":"Feature","properties":{"id":"13121061003047","commune":"Pedro Aguirre Cerda","code":"13121","gse":"C2","quintil":"Q3","nse_score":751.9,"educ":11.9,"educ_score":593.3,"hacin":1.351,"hacin_class":"Hacinamiento Leve","hacin_score":776.4,"auto_score":255.1,"n_per":177,"n_hog":54,"source_year":2024,"crime_score":0.3844,"crime_nivel":"Alto","crime_color":"#f44336"},"geometry":{"type":"Polygon","coordinates":[[[-70.6883493659999,-33.4933390731312],[-70.6890868309999,-33.4949543811312],[-70.6896332459999,-33.4947658101312],[-70.6888990169999,-33.4932785591312],[-70.6883493659999,-33.4933390731312]]]}},{"type":"Feature","properties":{"id":"13121061003048","commune":"Pedro Aguirre Cerda","code":"13121","gse":"C3","quintil":"Q3","nse_score":722.4,"educ":11.4,"educ_score":560.0,"hacin":1.5,"hacin_class":"Hacinamiento Medio","hacin_score":744.7,"auto_score":125.0,"n_per":57,"n_hog":18,"source_year":2024,"crime_score":0.3694,"crime_nivel":"Alto","crime_color":"#f44336"},"geometry":{"type":"Polygon","coordinates":[[[-70.6868193549999,-33.4940210721312],[-70.6874915689999,-33.4940681471312],[-70.6875530129999,-33.4933606931312],[-70.6868888119999,-33.4933606771312],[-70.6868193549999,-33.4940210721312]]]}},{"type":"Feature","properties":{"id":"13121061003050","commune":"Pedro Aguirre Cerda","code":"13121","gse":"C3","quintil":"Q3","nse_score":740.2,"educ":11.0,"educ_score":533.3,"hacin":1.25,"hacin_class":"Hacinamiento Leve","hacin_score":797.9,"auto_score":125.0,"n_per":80,"n_hog":25,"source_year":2024,"crime_score":0.3698,"crime_nivel":"Alto","crime_color":"#f44336"},"geometry":{"type":"Polygon","coordinates":[[[-70.6884291189999,-33.4937421861312],[-70.6875232349999,-33.4940912761312],[-70.6875095879999,-33.4944113211312],[-70.6878228329999,-33.4944254241312],[-70.6886444939999,-33.4941368641312],[-70.6884291189999,-33.4937421861312]]]}},{"type":"Feature","properties":{"id":"13121061003051","commune":"Pedro Aguirre Cerda","code":"13121","gse":"C3","quintil":"Q3","nse_score":736.4,"educ":11.5,"educ_score":566.7,"hacin":1.348,"hacin_class":"Hacinamiento Leve","hacin_score":777.0,"auto_score":148.9,"n_per":151,"n_hog":49,"source_year":2024,"crime_score":0.3832,"crime_nivel":"Alto","crime_color":"#f44336"},"geometry":{"type":"Polygon","coordinates":[[[-70.6869558659999,-33.4956785511311],[-70.6875320479999,-33.4954879631312],[-70.6874004339999,-33.4951339851312],[-70.6874911279999,-33.4940952741312],[-70.6868170319999,-33.4940480671312],[-70.6867448449999,-33.4951210151312],[-70.6869558659999,-33.4956785511311]]]}},{"type":"Feature","properties":{"id":"13121061003052","commune":"Pedro Aguirre Cerda","code":"13121","gse":"C3","quintil":"Q3","nse_score":733.0,"educ":11.4,"educ_score":560.0,"hacin":1.271,"hacin_class":"Hacinamiento Leve","hacin_score":793.3,"auto_score":145.2,"n_per":89,"n_hog":34,"source_year":2024,"crime_score":0.3729,"crime_nivel":"Alto","crime_color":"#f44336"},"geometry":{"type":"Polygon","coordinates":[[[-70.6877955609999,-33.4944547501312],[-70.6875074879999,-33.4944382821312],[-70.6874718279999,-33.4948612511312],[-70.6878472129999,-33.4948808891312],[-70.6888547169999,-33.4945404541312],[-70.6886572329999,-33.4941617221312],[-70.6877955609999,-33.4944547501312]]]}},{"type":"Feature","properties":{"id":"13121061003053","commune":"Pedro Aguirre Cerda","code":"13121","gse":"C3","quintil":"Q3","nse_score":745.3,"educ":12.2,"educ_score":613.3,"hacin":1.37,"hacin_class":"Hacinamiento Leve","hacin_score":772.3,"auto_score":219.5,"n_per":137,"n_hog":44,"source_year":2024,"crime_score":0.3788,"crime_nivel":"Alto","crime_color":"#f44336"},"geometry":{"type":"Polygon","coordinates":[[[-70.6874445349999,-33.4950587681311],[-70.6875619389999,-33.4954776431312],[-70.6890569549999,-33.4949646611312],[-70.6888671699999,-33.4945654131312],[-70.6874445349999,-33.4950587681311]]]}},{"type":"Feature","properties":{"id":"13121061003022","commune":"Pedro Aguirre Cerda","code":"13121","gse":"C3","quintil":"Q3","nse_score":747.8,"educ":12.1,"educ_score":606.7,"hacin":1.316,"hacin_class":"Hacinamiento Leve","hacin_score":783.9,"auto_score":100.0,"n_per":25,"n_hog":10,"source_year":2024,"crime_score":0.3584,"crime_nivel":"Alto","crime_color":"#f44336"},"geometry":{"type":"MultiPolygon","coordinates":[[[[-70.6877352809999,-33.4920195031312],[-70.6880973599999,-33.4920337631312],[-70.6881120229999,-33.4917586331312],[-70.6877557324999,-33.4917316501312],[-70.6877352809999,-33.4920195031312]]],[[[-70.6885979994999,-33.4913270646312],[-70.6881912299999,-33.4913320001312],[-70.6881295629999,-33.4920353621313],[-70.6888258589999,-33.4919378031312],[-70.6885979994999,-33.4913270646312]]]]}},{"type":"Feature","properties":{"id":"13121071001001","commune":"Pedro Aguirre Cerda","code":"13121","gse":"C2","quintil":"Q4","nse_score":771.2,"educ":12.6,"educ_score":640.0,"hacin":1.127,"hacin_class":"Hacinamiento Leve","hacin_score":824.0,"auto_score":200.0,"n_per":62,"n_hog":25,"source_year":2024,"crime_score":0.3601,"crime_nivel":"Alto","crime_color":"#f44336"},"geometry":{"type":"Polygon","coordinates":[[[-70.6907449429999,-33.4955605691312],[-70.6911803194999,-33.4954009261312],[-70.6906921389999,-33.4944927771312],[-70.6903010009999,-33.4946676521312],[-70.6907449429999,-33.4955605691312]]]}},{"type":"Feature","properties":{"id":"13121071001002","commune":"Pedro Aguirre Cerda","code":"13121","gse":"C3","quintil":"Q3","nse_score":734.8,"educ":11.5,"educ_score":566.7,"hacin":1.355,"hacin_class":"Hacinamiento Leve","hacin_score":775.5,"auto_score":112.2,"n_per":164,"n_hog":49,"source_year":2024,"crime_score":0.3859,"crime_nivel":"Alto","crime_color":"#f44336"},"geometry":{"type":"Polygon","coordinates":[[[-70.6896991739999,-33.4948324471312],[-70.690349351,-33.4961977091312],[-70.6908412989999,-33.4960219101312],[-70.6902209739999,-33.4946860471312],[-70.6896991739999,-33.4948324471312]]]}},{"type":"Feature","properties":{"id":"13121071001003","commune":"Pedro Aguirre Cerda","code":"13121","gse":"C2","quintil":"Q4","nse_score":771.4,"educ":12.2,"educ_score":613.3,"hacin":1.318,"hacin_class":"Hacinamiento Leve","hacin_score":783.4,"auto_score":196.4,"n_per":170,"n_hog":60,"source_year":2024,"crime_score":0.3789,"crime_nivel":"Alto","crime_color":"#f44336"},"geometry":{"type":"Polygon","coordinates":[[[-70.6891530339999,-33.4950204661312],[-70.6898176509999,-33.4963769061312],[-70.6903194049999,-33.4962078451312],[-70.6896693289999,-33.4948427401312],[-70.6891530339999,-33.4950204661312]]]}},{"type":"Feature","properties":{"id":"13121071001004","commune":"Pedro Aguirre Cerda","code":"13121","gse":"C2","quintil":"Q4","nse_score":774.5,"educ":12.2,"educ_score":613.3,"hacin":1.135,"hacin_class":"Hacinamiento Leve","hacin_score":822.4,"auto_score":131.6,"n_per":143,"n_hog":59,"source_year":2024,"crime_score":0.3735,"crime_nivel":"Alto","crime_color":"#f44336"},"geometry":{"type":"Polygon","coordinates":[[[-70.687062179,-33.4957411681312],[-70.6871947819999,-33.4961852651312],[-70.6893250729999,-33.4954372571312],[-70.6891231639999,-33.4950307311312],[-70.687062179,-33.4957411681312]]]}},{"type":"Feature","properties":{"id":"13121071001005","commune":"Pedro Aguirre Cerda","code":"13121","gse":"C2","quintil":"Q3","nse_score":752.6,"educ":12.0,"educ_score":600.0,"hacin":1.297,"hacin_class":"Hacinamiento Leve","hacin_score":787.9,"auto_score":135.6,"n_per":179,"n_hog":63,"source_year":2024,"crime_score":0.3846,"crime_nivel":"Alto","crime_color":"#f44336"},"geometry":{"type":"Polygon","coordinates":[[[-70.6872070833332,-33.4962102947978],[-70.687389907,-33.4965823611311],[-70.6895099979999,-33.4958540181312],[-70.6893368859999,-33.4954624411311],[-70.6872070833332,-33.4962102947978]]]}},{"type":"Feature","properties":{"id":"13121071001006","commune":"Pedro Aguirre Cerda","code":"13121","gse":"C2","quintil":"Q4","nse_score":769.9,"educ":12.4,"educ_score":626.7,"hacin":1.319,"hacin_class":"Hacinamiento Leve","hacin_score":783.2,"auto_score":78.9,"n_per":62,"n_hog":20,"source_year":2024,"crime_score":0.3604,"crime_nivel":"Alto","crime_color":"#f44336"},"geometry":{"type":"Polygon","coordinates":[[[-70.6911020539999,-33.4962888761312],[-70.6915276314999,-33.4961235701311],[-70.6912057839999,-33.4954903261312],[-70.6907768759999,-33.4956367206312],[-70.6911020539999,-33.4962888761312]]]}},{"type":"Feature","properties":{"id":"13121071001008","commune":"Pedro Aguirre Cerda","code":"13121","gse":"C3","quintil":"Q3","nse_score":732.1,"educ":12.0,"educ_score":600.0,"hacin":1.364,"hacin_class":"Hacinamiento Leve","hacin_score":773.5,"auto_score":127.3,"n_per":176,"n_hog":54,"source_year":2024,"crime_score":0.3886,"crime_nivel":"Alto","crime_color":"#f44336"},"geometry":{"type":"Polygon","coordinates":[[[-70.6874022089999,-33.4966073951312],[-70.6875909609999,-33.4969918321311],[-70.6895411839999,-33.4963184461311],[-70.6893486629999,-33.4959534961311],[-70.6874022089999,-33.4966073951312]]]}},{"type":"Feature","properties":{"id":"13121071001010","commune":"Pedro Aguirre Cerda","code":"13121","gse":"C3","quintil":"Q3","nse_score":733.5,"educ":11.3,"educ_score":553.3,"hacin":1.349,"hacin_class":"Hacinamiento Leve","hacin_score":776.8,"auto_score":187.5,"n_per":170,"n_hog":52,"source_year":2024,"crime_score":0.3872,"crime_nivel":"Alto","crime_color":"#f44336"},"geometry":{"type":"Polygon","coordinates":[[[-70.6876032649999,-33.4970168591312],[-70.6877908199999,-33.4973975811311],[-70.6897244909999,-33.4967271891312],[-70.6895545019999,-33.4963431051311],[-70.6876032649999,-33.4970168591312]]]}},{"type":"Feature","properties":{"id":"13121071001011","commune":"Pedro Aguirre Cerda","code":"13121","gse":"C3","quintil":"Q3","nse_score":744.6,"educ":12.0,"educ_score":600.0,"hacin":1.434,"hacin_class":"Hacinamiento Leve","hacin_score":758.8,"auto_score":173.1,"n_per":162,"n_hog":54,"source_year":2024,"crime_score":0.3834,"crime_nivel":"Alto","crime_color":"#f44336"},"geometry":{"type":"Polygon","coordinates":[[[-70.6878031639999,-33.4974225961311],[-70.6879911539999,-33.4978033321311],[-70.6899250479999,-33.4971396711312],[-70.6897370479999,-33.4967521061311],[-70.6878031639999,-33.4974225961311]]]}},{"type":"Feature","properties":{"id":"13121071001012","commune":"Pedro Aguirre Cerda","code":"13121","gse":"C3","quintil":"Q2","nse_score":720.5,"educ":11.8,"educ_score":586.7,"hacin":1.385,"hacin_class":"Hacinamiento Leve","hacin_score":769.1,"auto_score":142.9,"n_per":169,"n_hog":52,"source_year":2024,"crime_score":0.3899,"crime_nivel":"Alto","crime_color":"#f44336"},"geometry":{"type":"Polygon","coordinates":[[[-70.6880035859999,-33.4978283151311],[-70.6882073279999,-33.4982350271312],[-70.6901368959999,-33.4975612341311],[-70.6899373999999,-33.4971646491312],[-70.6880035859999,-33.4978283151311]]]}},{"type":"Feature","properties":{"id":"13121071001013","commune":"Pedro Aguirre Cerda","code":"13121","gse":"C3","quintil":"Q3","nse_score":725.9,"educ":10.9,"educ_score":526.7,"hacin":1.27,"hacin_class":"Hacinamiento Leve","hacin_score":793.7,"auto_score":177.1,"n_per":160,"n_hog":51,"source_year":2024,"crime_score":0.3871,"crime_nivel":"Alto","crime_color":"#f44336"},"geometry":{"type":"Polygon","coordinates":[[[-70.6916250189999,-33.4973655991311],[-70.6925686849999,-33.4992877191311],[-70.6929807489999,-33.4991358341311],[-70.6920794019999,-33.4972413901311],[-70.6916250189999,-33.4973655991311]]]}},{"type":"Feature","properties":{"id":"13121071001014","commune":"Pedro Aguirre Cerda","code":"13121","gse":"D","quintil":"Q2","nse_score":695.9,"educ":11.1,"educ_score":540.0,"hacin":1.599,"hacin_class":"Hacinamiento Medio","hacin_score":723.6,"auto_score":153.8,"n_per":307,"n_hog":85,"source_year":2024,"crime_score":0.4192,"crime_nivel":"Alto","crime_color":"#f44336"},"geometry":{"type":"Polygon","coordinates":[[[-70.6910861729999,-33.4975528287978],[-70.6920284889999,-33.4994744161311],[-70.692538828,-33.4992980381311],[-70.6915952019999,-33.4973759731311],[-70.6910861729999,-33.4975528287978]]]}},{"type":"Feature","properties":{"id":"13121071001015","commune":"Pedro Aguirre Cerda","code":"13121","gse":"D","quintil":"Q2","nse_score":702.2,"educ":10.4,"educ_score":493.3,"hacin":1.589,"hacin_class":"Hacinamiento Medio","hacin_score":725.7,"auto_score":173.1,"n_per":321,"n_hog":90,"source_year":2024,"crime_score":0.4177,"crime_nivel":"Alto","crime_color":"#f44336"},"geometry":{"type":"Polygon","coordinates":[[[-70.6905488459999,-33.4977388044645],[-70.6914895119999,-33.4996607621311],[-70.6919986309999,-33.4994847361311],[-70.6910563309999,-33.4975631571311],[-70.6905488459999,-33.4977388044645]]]}},{"type":"Feature","properties":{"id":"13121071001017","commune":"Pedro Aguirre Cerda","code":"13121","gse":"D","quintil":"Q1","nse_score":676.0,"educ":10.6,"educ_score":506.7,"hacin":1.796,"hacin_class":"Hacinamiento Medio","hacin_score":681.7,"auto_score":210.9,"n_per":273,"n_hog":73,"source_year":2024,"crime_score":0.4188,"crime_nivel":"Alto","crime_color":"#f44336"},"geometry":{"type":"Polygon","coordinates":[[[-70.6900165679999,-33.4979244291312],[-70.6909594869999,-33.4998439701311],[-70.6914596559999,-33.4996710841311],[-70.6905190339999,-33.4977491951311],[-70.6900165679999,-33.4979244291312]]]}},{"type":"Feature","properties":{"id":"13121071001018","commune":"Pedro Aguirre Cerda","code":"13121","gse":"D","quintil":"Q2","nse_score":683.5,"educ":10.3,"educ_score":486.7,"hacin":1.473,"hacin_class":"Hacinamiento Leve","hacin_score":750.3,"auto_score":159.4,"n_per":249,"n_hog":83,"source_year":2024,"crime_score":0.4127,"crime_nivel":"Alto","crime_color":"#f44336"},"geometry":{"type":"Polygon","coordinates":[[[-70.6894910049999,-33.4981066254645],[-70.6904155409999,-33.5000320881311],[-70.6909296299999,-33.4998542921311],[-70.6899866899999,-33.4979346891311],[-70.6894910049999,-33.4981066254645]]]}},{"type":"Feature","properties":{"id":"13121071001019","commune":"Pedro Aguirre Cerda","code":"13121","gse":"C3","quintil":"Q2","nse_score":708.9,"educ":10.8,"educ_score":520.0,"hacin":1.498,"hacin_class":"Hacinamiento Leve","hacin_score":745.2,"auto_score":186.7,"n_per":307,"n_hog":88,"source_year":2024,"crime_score":0.4162,"crime_nivel":"Alto","crime_color":"#f44336"},"geometry":{"type":"Polygon","coordinates":[[[-70.6889453573332,-33.4982939481311],[-70.6898759239999,-33.5002186661311],[-70.6903856859999,-33.5000424121311],[-70.6894611499999,-33.4981169081311],[-70.6889453573332,-33.4982939481311]]]}},{"type":"Feature","properties":{"id":"13121071001020","commune":"Pedro Aguirre Cerda","code":"13121","gse":"C3","quintil":"Q3","nse_score":737.8,"educ":11.6,"educ_score":573.3,"hacin":1.276,"hacin_class":"Hacinamiento Leve","hacin_score":792.3,"auto_score":146.2,"n_per":194,"n_hog":70,"source_year":2024,"crime_score":0.3906,"crime_nivel":"Alto","crime_color":"#f44336"},"geometry":{"type":"Polygon","coordinates":[[[-70.6893159499999,-33.5004068161311],[-70.689846068,-33.5002289881311],[-70.6889154939999,-33.4983042291311],[-70.6883566084999,-33.4985354916311],[-70.6893159499999,-33.5004068161311]]]}},{"type":"Feature","properties":{"id":"13121071001007","commune":"Pedro Aguirre Cerda","code":"13121","gse":"C3","quintil":"Q3","nse_score":721.0,"educ":11.2,"educ_score":546.7,"hacin":1.308,"hacin_class":"Hacinamiento Leve","hacin_score":785.6,"auto_score":83.3,"n_per":17,"n_hog":6,"source_year":2024,"crime_score":0.3625,"crime_nivel":"Alto","crime_color":"#f44336"},"geometry":{"type":"MultiPolygon","coordinates":[[[[-70.6908142249999,-33.4960991631312],[-70.6896853529999,-33.4964957731312],[-70.6903116809999,-33.4977441721311],[-70.6920225349999,-33.4971404571311],[-70.6915795549999,-33.4962170781311],[-70.6910861169999,-33.4963484131312],[-70.6908142249999,-33.4960991631312]]],[[[-70.6893778699999,-33.4959418411312],[-70.6896491539999,-33.4964499981312],[-70.6897876729999,-33.4963869791312],[-70.6895221909999,-33.4958791641311],[-70.6893778699999,-33.4959418411312]]]]}},{"type":"Feature","properties":{"id":"13121071002003","commune":"Pedro Aguirre Cerda","code":"13121","gse":"C3","quintil":"Q3","nse_score":726.4,"educ":10.3,"educ_score":486.7,"hacin":1.37,"hacin_class":"Hacinamiento Leve","hacin_score":772.3,"auto_score":200.0,"n_per":74,"n_hog":23,"source_year":2024,"crime_score":0.3716,"crime_nivel":"Alto","crime_color":"#f44336"},"geometry":{"type":"Polygon","coordinates":[[[-70.6929574159999,-33.5000124691311],[-70.6933787389999,-33.4998639241311],[-70.693023793,-33.4991951341311],[-70.6926192649999,-33.4993425396311],[-70.6929574159999,-33.5000124691311]]]}},{"type":"Feature","properties":{"id":"13121071002004","commune":"Pedro Aguirre Cerda","code":"13121","gse":"C2","quintil":"Q4","nse_score":765.3,"educ":11.9,"educ_score":593.3,"hacin":1.056,"hacin_class":"Hacinamiento Leve","hacin_score":839.2,"auto_score":166.7,"n_per":57,"n_hog":20,"source_year":2024,"crime_score":0.3605,"crime_nivel":"Alto","crime_color":"#f44336"},"geometry":{"type":"Polygon","coordinates":[[[-70.6924366889999,-33.5002121111311],[-70.6929010614999,-33.5000348676311],[-70.6925469119999,-33.4993627001311],[-70.6920952189999,-33.4995360076311],[-70.6924366889999,-33.5002121111311]]]}},{"type":"Feature","properties":{"id":"13121071002005","commune":"Pedro Aguirre Cerda","code":"13121","gse":"C3","quintil":"Q3","nse_score":743.2,"educ":12.1,"educ_score":606.7,"hacin":1.36,"hacin_class":"Hacinamiento Leve","hacin_score":774.4,"auto_score":204.5,"n_per":151,"n_hog":48,"source_year":2024,"crime_score":0.3817,"crime_nivel":"Alto","crime_color":"#f44336"},"geometry":{"type":"Polygon","coordinates":[[[-70.6922042659999,-33.5010430811311],[-70.6926659514999,-33.5008633371311],[-70.6919693919999,-33.4995577241311],[-70.6915515459999,-33.4997306911311],[-70.6922042659999,-33.5010430811311]]]}},{"type":"Feature","properties":{"id":"13121071002006","commune":"Pedro Aguirre Cerda","code":"13121","gse":"C3","quintil":"Q2","nse_score":713.0,"educ":11.1,"educ_score":540.0,"hacin":1.402,"hacin_class":"Hacinamiento Leve","hacin_score":765.5,"auto_score":65.2,"n_per":136,"n_hog":49,"source_year":2024,"crime_score":0.3856,"crime_nivel":"Alto","crime_color":"#f44336"},"geometry":{"type":"Polygon","coordinates":[[[-70.6916767219999,-33.5012249451311],[-70.6921371979999,-33.5010419006311],[-70.6914546519999,-33.4997371741311],[-70.6910126499999,-33.4999229911311],[-70.6916767219999,-33.5012249451311]]]}},{"type":"Feature","properties":{"id":"13121071002007","commune":"Pedro Aguirre Cerda","code":"13121","gse":"C3","quintil":"Q2","nse_score":705.2,"educ":10.8,"educ_score":520.0,"hacin":1.284,"hacin_class":"Hacinamiento Leve","hacin_score":790.5,"auto_score":77.8,"n_per":149,"n_hog":46,"source_year":2024,"crime_score":0.3896,"crime_nivel":"Alto","crime_color":"#f44336"},"geometry":{"type":"Polygon","coordinates":[[[-70.6911364759999,-33.5014124081311],[-70.6915922694999,-33.5012357676311],[-70.6909078549999,-33.4999277171311],[-70.6904784844999,-33.5001074881311],[-70.6911364759999,-33.5014124081311]]]}},{"type":"Feature","properties":{"id":"13121071002008","commune":"Pedro Aguirre Cerda","code":"13121","gse":"E","quintil":"Q1","nse_score":638.0,"educ":9.9,"educ_score":460.0,"hacin":1.528,"hacin_class":"Hacinamiento Medio","hacin_score":738.8,"auto_score":58.8,"n_per":110,"n_hog":34,"source_year":2024,"crime_score":0.3969,"crime_nivel":"Alto","crime_color":"#f44336"},"geometry":{"type":"Polygon","coordinates":[[[-70.6935220349999,-33.5011385691311],[-70.6939245534999,-33.5009674081311],[-70.6933815319999,-33.4999397601311],[-70.6930003649999,-33.5001043631311],[-70.6935220349999,-33.5011385691311]]]}},{"type":"Feature","properties":{"id":"13121071002009","commune":"Pedro Aguirre Cerda","code":"13121","gse":"C3","quintil":"Q3","nse_score":723.4,"educ":11.5,"educ_score":566.7,"hacin":1.516,"hacin_class":"Hacinamiento Medio","hacin_score":741.3,"auto_score":243.6,"n_per":144,"n_hog":44,"source_year":2024,"crime_score":0.3848,"crime_nivel":"Alto","crime_color":"#f44336"},"geometry":{"type":"Polygon","coordinates":[[[-70.6929766749999,-33.5013315421311],[-70.6934490959999,-33.5011516161311],[-70.6929044189999,-33.5001030691311],[-70.6924576189999,-33.5002733941311],[-70.6929766749999,-33.5013315421311]]]}},{"type":"Feature","properties":{"id":"13121071002010","commune":"Pedro Aguirre Cerda","code":"13121","gse":"C3","quintil":"Q2","nse_score":714.9,"educ":11.3,"educ_score":553.3,"hacin":1.363,"hacin_class":"Hacinamiento Leve","hacin_score":773.9,"auto_score":136.4,"n_per":154,"n_hog":49,"source_year":2024,"crime_score":0.3884,"crime_nivel":"Alto","crime_color":"#f44336"},"geometry":{"type":"Polygon","coordinates":[[[-70.6906035059999,-33.5015973131311],[-70.6910626754999,-33.5014247846311],[-70.6903821379999,-33.5001050711311],[-70.6899426169999,-33.5002937771311],[-70.6906035059999,-33.5015973131311]]]}},{"type":"Feature","properties":{"id":"13121071002011","commune":"Pedro Aguirre Cerda","code":"13121","gse":"C2","quintil":"Q3","nse_score":751.0,"educ":11.7,"educ_score":580.0,"hacin":1.29,"hacin_class":"Hacinamiento Leve","hacin_score":789.3,"auto_score":177.8,"n_per":160,"n_hog":49,"source_year":2024,"crime_score":0.3816,"crime_nivel":"Alto","crime_color":"#f44336"},"geometry":{"type":"Polygon","coordinates":[[[-70.6899898819999,-33.5018046091311],[-70.6905218859999,-33.5016104391311],[-70.6898290859999,-33.5002994491311],[-70.6893328084999,-33.5005191766311],[-70.6899898819999,-33.5018046091311]]]}},{"type":"Feature","properties":{"id":"13121071002012","commune":"Pedro Aguirre Cerda","code":"13121","gse":"E","quintil":"Q1","nse_score":567.0,"educ":9.1,"educ_score":406.7,"hacin":1.8,"hacin_class":"Hacinamiento Medio","hacin_score":680.9,"auto_score":125.0,"n_per":9,"n_hog":4,"source_year":2024,"crime_score":0.3923,"crime_nivel":"Alto","crime_color":"#f44336"},"geometry":{"type":"Polygon","coordinates":[[[-70.6920064269999,-33.5012149761311],[-70.6928096429999,-33.5028225391311],[-70.6945250409999,-33.5022248481311],[-70.6939591789999,-33.5010678531311],[-70.6929795059999,-33.5013945511311],[-70.6926978719999,-33.5009479951311],[-70.6920064269999,-33.5012149761311]]]}},{"type":"Feature","properties":{"id":"13121071002013","commune":"Pedro Aguirre Cerda","code":"13121","gse":"C3","quintil":"Q3","nse_score":739.0,"educ":11.6,"educ_score":573.3,"hacin":1.28,"hacin_class":"Hacinamiento Leve","hacin_score":791.4,"auto_score":175.9,"n_per":169,"n_hog":57,"source_year":2024,"crime_score":0.3859,"crime_nivel":"Alto","crime_color":"#f44336"},"geometry":{"type":"Polygon","coordinates":[[[-70.6902026339999,-33.5022545791311],[-70.6920886119999,-33.5016330351311],[-70.6921190959999,-33.5015928781311],[-70.6919006199999,-33.5012148841311],[-70.6900701149999,-33.5018441491311],[-70.6902026339999,-33.5022545791311]]]}},{"type":"Feature","properties":{"id":"13121071002014","commune":"Pedro Aguirre Cerda","code":"13121","gse":"C2","quintil":"Q3","nse_score":759.7,"educ":11.7,"educ_score":580.0,"hacin":1.315,"hacin_class":"Hacinamiento Leve","hacin_score":784.1,"auto_score":160.4,"n_per":188,"n_hog":58,"source_year":2024,"crime_score":0.3847,"crime_nivel":"Alto","crime_color":"#f44336"},"geometry":{"type":"Polygon","coordinates":[[[-70.6904146079999,-33.5026679781311],[-70.6922829959999,-33.5020407081311],[-70.6923200084999,-33.5020024661311],[-70.692127077,-33.5016815321311],[-70.6903579089999,-33.5022893031311],[-70.6902507464999,-33.5023751371311],[-70.6904146079999,-33.5026679781311]]]}},{"type":"Feature","properties":{"id":"13121071002015","commune":"Pedro Aguirre Cerda","code":"13121","gse":"C3","quintil":"Q2","nse_score":707.8,"educ":10.5,"educ_score":500.0,"hacin":1.289,"hacin_class":"Hacinamiento Leve","hacin_score":789.6,"auto_score":72.7,"n_per":165,"n_hog":58,"source_year":2024,"crime_score":0.392,"crime_nivel":"Alto","crime_color":"#f44336"},"geometry":{"type":"Polygon","coordinates":[[[-70.6906118449999,-33.5030739871311],[-70.6924596789999,-33.5024544851311],[-70.6925090654999,-33.5023897401311],[-70.692327658,-33.5020873051311],[-70.6904962329999,-33.502712962131],[-70.6906118449999,-33.5030739871311]]]}},{"type":"Feature","properties":{"id":"13121071002016","commune":"Pedro Aguirre Cerda","code":"13121","gse":"D","quintil":"Q2","nse_score":687.7,"educ":10.7,"educ_score":513.3,"hacin":1.482,"hacin_class":"Hacinamiento Leve","hacin_score":748.5,"auto_score":156.2,"n_per":249,"n_hog":72,"source_year":2024,"crime_score":0.4117,"crime_nivel":"Alto","crime_color":"#f44336"},"geometry":{"type":"Polygon","coordinates":[[[-70.6908354839999,-33.5035152221311],[-70.6927003839999,-33.502873139131],[-70.6927302089999,-33.5028403271311],[-70.6925112399999,-33.5025014241311],[-70.6907363319999,-33.5031062131311],[-70.6906425669999,-33.5031797181311],[-70.6908354839999,-33.5035152221311]]]}},{"type":"Feature","properties":{"id":"13121071003001","commune":"Pedro Aguirre Cerda","code":"13121","gse":"D","quintil":"Q2","nse_score":702.0,"educ":11.0,"educ_score":533.3,"hacin":1.261,"hacin_class":"Hacinamiento Leve","hacin_score":795.6,"auto_score":140.6,"n_per":87,"n_hog":34,"source_year":2024,"crime_score":0.3791,"crime_nivel":"Alto","crime_color":"#f44336"},"geometry":{"type":"Polygon","coordinates":[[[-70.6868665299999,-33.4973256421312],[-70.6875203149999,-33.4970727911311],[-70.6868600219999,-33.4958132981311],[-70.6862395719999,-33.4960480581311],[-70.6868665299999,-33.4973256421312]]]}},{"type":"Feature","properties":{"id":"13121071003002","commune":"Pedro Aguirre Cerda","code":"13121","gse":"C2","quintil":"Q4","nse_score":774.1,"educ":12.5,"educ_score":633.3,"hacin":1.247,"hacin_class":"Hacinamiento Leve","hacin_score":798.5,"auto_score":187.5,"n_per":101,"n_hog":40,"source_year":2024,"crime_score":0.3663,"crime_nivel":"Alto","crime_color":"#f44336"},"geometry":{"type":"Polygon","coordinates":[[[-70.6856479699999,-33.4962283034645],[-70.6861903469999,-33.4973544811312],[-70.6867035959999,-33.4971736831311],[-70.6861835469999,-33.4960753681312],[-70.6856479699999,-33.4962283034645]]]}},{"type":"Feature","properties":{"id":"13121071003003","commune":"Pedro Aguirre Cerda","code":"13121","gse":"D","quintil":"Q1","nse_score":665.7,"educ":10.9,"educ_score":526.7,"hacin":1.527,"hacin_class":"Hacinamiento Medio","hacin_score":738.9,"auto_score":208.3,"n_per":113,"n_hog":39,"source_year":2024,"crime_score":0.3915,"crime_nivel":"Alto","crime_color":"#f44336"},"geometry":{"type":"Polygon","coordinates":[[[-70.6856963989999,-33.4977259011312],[-70.6862482909999,-33.4975471041311],[-70.6856180639999,-33.4962385101312],[-70.6850612499999,-33.4964709771312],[-70.6856963989999,-33.4977259011312]]]}},{"type":"Feature","properties":{"id":"13121071003004","commune":"Pedro Aguirre Cerda","code":"13121","gse":"C3","quintil":"Q2","nse_score":710.2,"educ":11.3,"educ_score":553.3,"hacin":1.435,"hacin_class":"Hacinamiento Leve","hacin_score":758.4,"auto_score":181.8,"n_per":122,"n_hog":48,"source_year":2024,"crime_score":0.3837,"crime_nivel":"Alto","crime_color":"#f44336"},"geometry":{"type":"Polygon","coordinates":[[[-70.6843701199999,-33.4966688311312],[-70.6850087979999,-33.4979732251311],[-70.6856016049999,-33.4977593161311],[-70.6849819099999,-33.4964845111312],[-70.6843701199999,-33.4966688311312]]]}},{"type":"Feature","properties":{"id":"13121071003005","commune":"Pedro Aguirre Cerda","code":"13121","gse":"D","quintil":"Q2","nse_score":701.5,"educ":11.2,"educ_score":546.7,"hacin":1.516,"hacin_class":"Hacinamiento Medio","hacin_score":741.2,"auto_score":145.8,"n_per":141,"n_hog":51,"source_year":2024,"crime_score":0.389,"crime_nivel":"Alto","crime_color":"#f44336"},"geometry":{"type":"Polygon","coordinates":[[[-70.6843544389999,-33.4981822611311],[-70.6849789269999,-33.4979835151311],[-70.6843402339999,-33.4966790781312],[-70.6837292109999,-33.4969588171312],[-70.6843544389999,-33.4981822611311]]]}},{"type":"Feature","properties":{"id":"13121071003006","commune":"Pedro Aguirre Cerda","code":"13121","gse":"C2","quintil":"Q3","nse_score":753.1,"educ":12.6,"educ_score":640.0,"hacin":1.507,"hacin_class":"Hacinamiento Medio","hacin_score":743.1,"auto_score":129.0,"n_per":104,"n_hog":34,"source_year":2024,"crime_score":0.3713,"crime_nivel":"Alto","crime_color":"#f44336"},"geometry":{"type":"Polygon","coordinates":[[[-70.6875420109999,-33.4986966331311],[-70.6881951209999,-33.4984558131311],[-70.6875116219999,-33.4971701831311],[-70.6868898074999,-33.4974108836312],[-70.6875420109999,-33.4986966331311]]]}},{"type":"Feature","properties":{"id":"13121071003009","commune":"Pedro Aguirre Cerda","code":"13121","gse":"C3","quintil":"Q3","nse_score":742.0,"educ":12.1,"educ_score":606.7,"hacin":1.463,"hacin_class":"Hacinamiento Leve","hacin_score":752.5,"auto_score":102.9,"n_per":120,"n_hog":36,"source_year":2024,"crime_score":0.3765,"crime_nivel":"Alto","crime_color":"#f44336"},"geometry":{"type":"Polygon","coordinates":[[[-70.6863659319999,-33.4991011101311],[-70.6869283999999,-33.4989204461311],[-70.6862917879999,-33.4975869431311],[-70.6857224029999,-33.4978176386311],[-70.6863659319999,-33.4991011101311]]]}},{"type":"Feature","properties":{"id":"13121071003010","commune":"Pedro Aguirre Cerda","code":"13121","gse":"C3","quintil":"Q2","nse_score":720.0,"educ":11.9,"educ_score":593.3,"hacin":1.632,"hacin_class":"Hacinamiento Medio","hacin_score":716.7,"auto_score":205.9,"n_per":124,"n_hog":40,"source_year":2024,"crime_score":0.3819,"crime_nivel":"Alto","crime_color":"#f44336"},"geometry":{"type":"Polygon","coordinates":[[[-70.6864131709999,-33.4977683901311],[-70.686958247,-33.4989101091311],[-70.68745924,-33.4987350591311],[-70.6869055589999,-33.4975919841311],[-70.6864131709999,-33.4977683901311]]]}},{"type":"Feature","properties":{"id":"13121071003011","commune":"Pedro Aguirre Cerda","code":"13121","gse":"C3","quintil":"Q2","nse_score":708.1,"educ":11.5,"educ_score":566.7,"hacin":1.375,"hacin_class":"Hacinamiento Leve","hacin_score":771.3,"auto_score":152.8,"n_per":110,"n_hog":36,"source_year":2024,"crime_score":0.382,"crime_nivel":"Alto","crime_color":"#f44336"},"geometry":{"type":"Polygon","coordinates":[[[-70.6850270199999,-33.4980220447978],[-70.6856850919999,-33.4993512631311],[-70.686270293,-33.4991476641311],[-70.6856515639999,-33.4978280941312],[-70.6850270199999,-33.4980220447978]]]}},{"type":"Feature","properties":{"id":"13121071003012","commune":"Pedro Aguirre Cerda","code":"13121","gse":"C3","quintil":"Q3","nse_score":744.1,"educ":11.7,"educ_score":580.0,"hacin":1.297,"hacin_class":"Hacinamiento Leve","hacin_score":787.9,"auto_score":227.3,"n_per":118,"n_hog":35,"source_year":2024,"crime_score":0.3757,"crime_nivel":"Alto","crime_color":"#f44336"},"geometry":{"type":"Polygon","coordinates":[[[-70.6850186089999,-33.4995485491311],[-70.6856551849999,-33.4993614811311],[-70.6849971429999,-33.4980323051311],[-70.6843930949999,-33.4982847411311],[-70.6850186089999,-33.4995485491311]]]}},{"type":"Feature","properties":{"id":"13121071003013","commune":"Pedro Aguirre Cerda","code":"13121","gse":"C3","quintil":"Q2","nse_score":719.1,"educ":12.1,"educ_score":606.7,"hacin":1.593,"hacin_class":"Hacinamiento Medio","hacin_score":725.0,"auto_score":178.6,"n_per":172,"n_hog":60,"source_year":2024,"crime_score":0.3908,"crime_nivel":"Alto","crime_color":"#f44336"},"geometry":{"type":"Polygon","coordinates":[[[-70.6866431329999,-33.4996212651311],[-70.688428858,-33.4990160471311],[-70.688255738,-33.4985698801311],[-70.6864250099999,-33.4991653891311],[-70.6866431329999,-33.4996212651311]]]}},{"type":"Feature","properties":{"id":"13121071003014","commune":"Pedro Aguirre Cerda","code":"13121","gse":"C3","quintil":"Q3","nse_score":737.8,"educ":11.6,"educ_score":573.3,"hacin":1.313,"hacin_class":"Hacinamiento Leve","hacin_score":784.5,"auto_score":97.6,"n_per":151,"n_hog":50,"source_year":2024,"crime_score":0.3829,"crime_nivel":"Alto","crime_color":"#f44336"},"geometry":{"type":"Polygon","coordinates":[[[-70.6866604509999,-33.4997165851311],[-70.6868633059999,-33.5001279501311],[-70.6887153919999,-33.4994973441311],[-70.6884515929999,-33.4990563501311],[-70.6866604509999,-33.4997165851311]]]}},{"type":"Feature","properties":{"id":"13121071003015","commune":"Pedro Aguirre Cerda","code":"13121","gse":"C3","quintil":"Q3","nse_score":734.8,"educ":11.8,"educ_score":586.7,"hacin":1.375,"hacin_class":"Hacinamiento Leve","hacin_score":771.3,"auto_score":250.0,"n_per":55,"n_hog":17,"source_year":2024,"crime_score":0.3665,"crime_nivel":"Alto","crime_color":"#f44336"},"geometry":{"type":"Polygon","coordinates":[[[-70.6850847879999,-33.4997077951311],[-70.6852864749999,-33.5001084281311],[-70.6865594099999,-33.4996686851311],[-70.6862969319999,-33.4992025491311],[-70.6850847879999,-33.4997077951311]]]}},{"type":"Feature","properties":{"id":"13121071003016","commune":"Pedro Aguirre Cerda","code":"13121","gse":"C3","quintil":"Q3","nse_score":746.0,"educ":11.9,"educ_score":593.3,"hacin":1.253,"hacin_class":"Hacinamiento Leve","hacin_score":797.3,"auto_score":138.9,"n_per":114,"n_hog":38,"source_year":2024,"crime_score":0.3746,"crime_nivel":"Alto","crime_color":"#f44336"},"geometry":{"type":"Polygon","coordinates":[[[-70.6868756499999,-33.5001529701311],[-70.6871027239999,-33.5006134521311],[-70.6889480489999,-33.4999723531311],[-70.6887276579999,-33.4995223631311],[-70.6868756499999,-33.5001529701311]]]}},{"type":"Feature","properties":{"id":"13121071003017","commune":"Pedro Aguirre Cerda","code":"13121","gse":"C3","quintil":"Q2","nse_score":705.1,"educ":10.5,"educ_score":500.0,"hacin":1.365,"hacin_class":"Hacinamiento Leve","hacin_score":773.4,"auto_score":230.8,"n_per":86,"n_hog":28,"source_year":2024,"crime_score":0.3782,"crime_nivel":"Alto","crime_color":"#f44336"},"geometry":{"type":"Polygon","coordinates":[[[-70.6852989819999,-33.5001333901311],[-70.6855310549999,-33.5005991881311],[-70.6868005499999,-33.5001566191311],[-70.6865717709999,-33.4996936731311],[-70.6852989819999,-33.5001333901311]]]}},{"type":"Feature","properties":{"id":"13121071003018","commune":"Pedro Aguirre Cerda","code":"13121","gse":"C3","quintil":"Q2","nse_score":714.3,"educ":10.8,"educ_score":520.0,"hacin":1.607,"hacin_class":"Hacinamiento Medio","hacin_score":722.0,"auto_score":51.7,"n_per":98,"n_hog":35,"source_year":2024,"crime_score":0.3785,"crime_nivel":"Alto","crime_color":"#f44336"},"geometry":{"type":"Polygon","coordinates":[[[-70.6873508479999,-33.5010820371311],[-70.6891458999999,-33.5004775601311],[-70.6889603769999,-33.4999973491311],[-70.6871150939999,-33.5006384526311],[-70.6873508479999,-33.5010820371311]]]}},{"type":"Feature","properties":{"id":"13121071003019","commune":"Pedro Aguirre Cerda","code":"13121","gse":"D","quintil":"Q2","nse_score":695.2,"educ":11.0,"educ_score":533.3,"hacin":1.486,"hacin_class":"Hacinamiento Leve","hacin_score":747.7,"auto_score":181.8,"n_per":104,"n_hog":33,"source_year":2024,"crime_score":0.3836,"crime_nivel":"Alto","crime_color":"#f44336"},"geometry":{"type":"Polygon","coordinates":[[[-70.6855433919999,-33.5006242041311],[-70.6857620979999,-33.5010726341311],[-70.6870382909999,-33.5006390681311],[-70.6868128949999,-33.5001816121311],[-70.6855433919999,-33.5006242041311]]]}},{"type":"Feature","properties":{"id":"13121071003021","commune":"Pedro Aguirre Cerda","code":"13121","gse":"C3","quintil":"Q3","nse_score":722.1,"educ":11.2,"educ_score":546.7,"hacin":1.321,"hacin_class":"Hacinamiento Leve","hacin_score":782.7,"auto_score":142.9,"n_per":111,"n_hog":40,"source_year":2024,"crime_score":0.3791,"crime_nivel":"Alto","crime_color":"#f44336"},"geometry":{"type":"Polygon","coordinates":[[[-70.6860112779999,-33.5015396401311],[-70.6872571959999,-33.5011188021311],[-70.6870505929999,-33.5006640731311],[-70.6857742169999,-33.5010977201311],[-70.6860112779999,-33.5015396401311]]]}},{"type":"Feature","properties":{"id":"13121071003022","commune":"Pedro Aguirre Cerda","code":"13121","gse":"D","quintil":"Q2","nse_score":691.0,"educ":10.9,"educ_score":526.7,"hacin":1.215,"hacin_class":"Hacinamiento Leve","hacin_score":805.2,"auto_score":129.0,"n_per":79,"n_hog":28,"source_year":2024,"crime_score":0.3799,"crime_nivel":"Alto","crime_color":"#f44336"},"geometry":{"type":"Polygon","coordinates":[[[-70.6865763639999,-33.5026755291311],[-70.6877942579999,-33.5022467031311],[-70.6873037309999,-33.5011857651311],[-70.6860489104999,-33.5016138246311],[-70.6865763639999,-33.5026755291311]]]}},{"type":"Feature","properties":{"id":"13121071003024","commune":"Pedro Aguirre Cerda","code":"13121","gse":"C3","quintil":"Q3","nse_score":727.7,"educ":12.1,"educ_score":606.7,"hacin":1.833,"hacin_class":"Hacinamiento Medio","hacin_score":673.8,"auto_score":328.6,"n_per":165,"n_hog":45,"source_year":2024,"crime_score":0.3876,"crime_nivel":"Alto","crime_color":"#f44336"},"geometry":{"type":"Polygon","coordinates":[[[-70.6883769289999,-33.5032009981311],[-70.6901740489999,-33.5025915411311],[-70.6902084309999,-33.5025307231311],[-70.6899759779999,-33.5021418451311],[-70.6881830429999,-33.5027554111311],[-70.6883769289999,-33.5032009981311]]]}},{"type":"Feature","properties":{"id":"13121071003025","commune":"Pedro Aguirre Cerda","code":"13121","gse":"C3","quintil":"Q2","nse_score":707.7,"educ":11.3,"educ_score":553.3,"hacin":1.537,"hacin_class":"Hacinamiento Medio","hacin_score":736.7,"auto_score":230.8,"n_per":103,"n_hog":25,"source_year":2024,"crime_score":0.3808,"crime_nivel":"Alto","crime_color":"#f44336"},"geometry":{"type":"Polygon","coordinates":[[[-70.6866124219999,-33.5028144441311],[-70.6868035349999,-33.5032011261311],[-70.6880830269999,-33.5027688571311],[-70.6878046799999,-33.5023225631311],[-70.6866124219999,-33.5028144441311]]]}},{"type":"Feature","properties":{"id":"13121071003026","commune":"Pedro Aguirre Cerda","code":"13121","gse":"C3","quintil":"Q3","nse_score":722.8,"educ":12.1,"educ_score":606.7,"hacin":1.543,"hacin_class":"Hacinamiento Medio","hacin_score":735.5,"auto_score":94.6,"n_per":125,"n_hog":40,"source_year":2024,"crime_score":0.3815,"crime_nivel":"Alto","crime_color":"#f44336"},"geometry":{"type":"Polygon","coordinates":[[[-70.6886276989999,-33.503686884131],[-70.6903629249999,-33.503098015131],[-70.6904498029999,-33.5030237231311],[-70.6902293139999,-33.5026293651311],[-70.6884172459999,-33.503251011131],[-70.6886276989999,-33.503686884131]]]}},{"type":"Feature","properties":{"id":"13121071003028","commune":"Pedro Aguirre Cerda","code":"13121","gse":"C3","quintil":"Q2","nse_score":719.0,"educ":11.4,"educ_score":560.0,"hacin":1.454,"hacin_class":"Hacinamiento Leve","hacin_score":754.6,"auto_score":257.1,"n_per":125,"n_hog":39,"source_year":2024,"crime_score":0.3823,"crime_nivel":"Alto","crime_color":"#f44336"},"geometry":{"type":"Polygon","coordinates":[[[-70.6868158983332,-33.5032261337977],[-70.6870437529999,-33.503687181131],[-70.6883226879999,-33.5032510361311],[-70.6880954039999,-33.502793830131],[-70.6868158983332,-33.5032261337977]]]}},{"type":"Feature","properties":{"id":"13121071003029","commune":"Pedro Aguirre Cerda","code":"13121","gse":"C3","quintil":"Q3","nse_score":725.2,"educ":11.3,"educ_score":553.3,"hacin":1.253,"hacin_class":"Hacinamiento Leve","hacin_score":797.2,"auto_score":191.2,"n_per":99,"n_hog":37,"source_year":2024,"crime_score":0.3763,"crime_nivel":"Alto","crime_color":"#f44336"},"geometry":{"type":"Polygon","coordinates":[[[-70.6888675679999,-33.504191048131],[-70.6906669459999,-33.503570349131],[-70.6905110189999,-33.5031468381311],[-70.6886569089999,-33.5037336281311],[-70.6888675679999,-33.504191048131]]]}},{"type":"Feature","properties":{"id":"13121071003030","commune":"Pedro Aguirre Cerda","code":"13121","gse":"C3","quintil":"Q2","nse_score":718.8,"educ":11.4,"educ_score":560.0,"hacin":1.494,"hacin_class":"Hacinamiento Leve","hacin_score":745.9,"auto_score":210.5,"n_per":133,"n_hog":40,"source_year":2024,"crime_score":0.3838,"crime_nivel":"Alto","crime_color":"#f44336"},"geometry":{"type":"Polygon","coordinates":[[[-70.6870561189999,-33.5037121901311],[-70.6872814179999,-33.5041680091311],[-70.6885586449999,-33.5037285301311],[-70.6883350769999,-33.5032760111311],[-70.6870561189999,-33.5037121901311]]]}},{"type":"Feature","properties":{"id":"13121071003031","commune":"Pedro Aguirre Cerda","code":"13121","gse":"C3","quintil":"Q2","nse_score":705.7,"educ":11.6,"educ_score":573.3,"hacin":1.574,"hacin_class":"Hacinamiento Medio","hacin_score":729.0,"auto_score":173.1,"n_per":96,"n_hog":28,"source_year":2024,"crime_score":0.3799,"crime_nivel":"Alto","crime_color":"#f44336"},"geometry":{"type":"Polygon","coordinates":[[[-70.6875523999999,-33.5046437571311],[-70.688767229,-33.5042252061311],[-70.6885710349999,-33.5037535061311],[-70.6872936194999,-33.5041930681311],[-70.6875523999999,-33.5046437571311]]]}},{"type":"Feature","properties":{"id":"13121071003020","commune":"Pedro Aguirre Cerda","code":"13121","gse":"C2","quintil":"Q3","nse_score":754.5,"educ":12.3,"educ_score":620.0,"hacin":1.185,"hacin_class":"Hacinamiento Leve","hacin_score":811.8,"auto_score":148.1,"n_per":77,"n_hog":25,"source_year":2024,"crime_score":0.3662,"crime_nivel":"Alto","crime_color":"#f44336"},"geometry":{"type":"MultiPolygon","coordinates":[[[[-70.6881512699999,-33.5027278531311],[-70.689956735,-33.5021124281311],[-70.6899810494999,-33.5020694341311],[-70.6897259229999,-33.5016645801311],[-70.6879609819999,-33.5022685871311],[-70.6881512699999,-33.5027278531311]]],[[[-70.6878921769999,-33.5022115801311],[-70.6897125579999,-33.5015817841311],[-70.689224985,-33.5005445911311],[-70.6873850539999,-33.5011465251311],[-70.6878921769999,-33.5022115801311]]]]}},{"type":"Feature","properties":{"id":"13121071004002","commune":"Pedro Aguirre Cerda","code":"13121","gse":"C3","quintil":"Q3","nse_score":724.6,"educ":11.4,"educ_score":560.0,"hacin":1.305,"hacin_class":"Hacinamiento Leve","hacin_score":786.1,"auto_score":118.5,"n_per":560,"n_hog":180,"source_year":2024,"crime_score":0.4125,"crime_nivel":"Alto","crime_color":"#f44336"},"geometry":{"type":"Polygon","coordinates":[[[-70.6823348369999,-33.4973697801311],[-70.6841074419999,-33.5057345801311],[-70.6846002619999,-33.505634354131],[-70.6846717909999,-33.505566063131],[-70.6844691769999,-33.5049739391311],[-70.6840882669999,-33.505013196131],[-70.6844633269999,-33.5049473441311],[-70.6843225504999,-33.5043176666311],[-70.6839192959999,-33.504362389131],[-70.6843195809999,-33.5042908101311],[-70.6841901809999,-33.5036440371311],[-70.6837756149999,-33.5036946961311],[-70.6841848319999,-33.5036173441311],[-70.6841179254999,-33.5032838426311],[-70.6837073539999,-33.503311878131],[-70.6841125689999,-33.5032571581311],[-70.6840488854999,-33.5029397216311],[-70.6837477409999,-33.5029726281311],[-70.6840434629999,-33.5029131211311],[-70.6838966059999,-33.5022032051311],[-70.6834782379999,-33.5022167231311],[-70.6838910909999,-33.5021765501311],[-70.6837392119999,-33.5014423451311],[-70.6833035489999,-33.5014719531311],[-70.6837336949999,-33.5014156731311],[-70.6836688334999,-33.5011020506311],[-70.6832181229999,-33.5011218701311],[-70.6836631589999,-33.5010754661311],[-70.6835965949999,-33.5007728021311],[-70.6831630819999,-33.5007875781311],[-70.6835918119999,-33.5007460421311],[-70.6834567319999,-33.5000777291311],[-70.6830282049999,-33.5001005211311],[-70.6834515189999,-33.5000510241311],[-70.6830113859999,-33.5000002021311],[-70.6834329139999,-33.4999541161311],[-70.6832928299999,-33.4992766951311],[-70.6828466799999,-33.4993372791311],[-70.6832873399999,-33.4992500431311],[-70.6832212154999,-33.4989277241311],[-70.6828188554999,-33.4989522901311],[-70.6832157439999,-33.4989010561311],[-70.6831514924999,-33.4985877981311],[-70.6827255214999,-33.4986096021312],[-70.6831460079999,-33.4985611371311],[-70.6830527729999,-33.4979305831311],[-70.6826013729999,-33.4979729911311],[-70.6830533259999,-33.4978925191312],[-70.6829625089999,-33.4972675411311],[-70.6823348369999,-33.4973697801311]]]}},{"type":"Feature","properties":{"id":"13121071004003","commune":"Pedro Aguirre Cerda","code":"13121","gse":"D","quintil":"Q1","nse_score":674.5,"educ":10.4,"educ_score":493.3,"hacin":1.339,"hacin_class":"Hacinamiento Leve","hacin_score":779.1,"auto_score":217.4,"n_per":87,"n_hog":24,"source_year":2024,"crime_score":0.3849,"crime_nivel":"Alto","crime_color":"#f44336"},"geometry":{"type":"Polygon","coordinates":[[[-70.6830935279999,-33.4975469691311],[-70.6831174389999,-33.4978459711311],[-70.6839564749999,-33.4975968181311],[-70.6838089889999,-33.4972989031311],[-70.6830935279999,-33.4975469691311]]]}},{"type":"Feature","properties":{"id":"13121071004004","commune":"Pedro Aguirre Cerda","code":"13121","gse":"D","quintil":"Q2","nse_score":700.8,"educ":10.4,"educ_score":493.3,"hacin":1.562,"hacin_class":"Hacinamiento Medio","hacin_score":731.6,"auto_score":80.0,"n_per":114,"n_hog":29,"source_year":2024,"crime_score":0.3842,"crime_nivel":"Alto","crime_color":"#f44336"},"geometry":{"type":"Polygon","coordinates":[[[-70.6831182429999,-33.4978863551311],[-70.6831446689999,-33.4982379061311],[-70.6841131559999,-33.4979133421311],[-70.6839688289999,-33.4976218071311],[-70.6831182429999,-33.4978863551311]]]}},{"type":"Feature","properties":{"id":"13121071004005","commune":"Pedro Aguirre Cerda","code":"13121","gse":"C3","quintil":"Q3","nse_score":730.9,"educ":11.8,"educ_score":586.7,"hacin":1.431,"hacin_class":"Hacinamiento Leve","hacin_score":759.3,"auto_score":78.9,"n_per":73,"n_hog":20,"source_year":2024,"crime_score":0.3705,"crime_nivel":"Alto","crime_color":"#f44336"},"geometry":{"type":"Polygon","coordinates":[[[-70.6831503439999,-33.4982651401311],[-70.6832175449999,-33.4986094141311],[-70.6842794289999,-33.4982491931311],[-70.6841255279999,-33.4979383131312],[-70.6831503439999,-33.4982651401311]]]}},{"type":"Feature","properties":{"id":"13121071004006","commune":"Pedro Aguirre Cerda","code":"13121","gse":"C3","quintil":"Q3","nse_score":737.0,"educ":11.9,"educ_score":593.3,"hacin":1.586,"hacin_class":"Hacinamiento Medio","hacin_score":726.3,"auto_score":250.0,"n_per":92,"n_hog":26,"source_year":2024,"crime_score":0.3726,"crime_nivel":"Alto","crime_color":"#f44336"},"geometry":{"type":"Polygon","coordinates":[[[-70.6834307659999,-33.4985716461311],[-70.6835859979999,-33.4988930311312],[-70.6844526749999,-33.4986055881311],[-70.6842917049999,-33.4982742131311],[-70.6834307659999,-33.4985716461311]]]}},{"type":"Feature","properties":{"id":"13121071004008","commune":"Pedro Aguirre Cerda","code":"13121","gse":"D","quintil":"Q2","nse_score":691.4,"educ":10.3,"educ_score":486.7,"hacin":1.526,"hacin_class":"Hacinamiento Medio","hacin_score":739.1,"auto_score":125.0,"n_per":87,"n_hog":22,"source_year":2024,"crime_score":0.3813,"crime_nivel":"Alto","crime_color":"#f44336"},"geometry":{"type":"Polygon","coordinates":[[[-70.6835978549999,-33.4989182121311],[-70.6837338299999,-33.4992069961311],[-70.6846136169999,-33.4989372161311],[-70.6844648469999,-33.4986306321311],[-70.6835978549999,-33.4989182121311]]]}},{"type":"Feature","properties":{"id":"13121071004010","commune":"Pedro Aguirre Cerda","code":"13121","gse":"D","quintil":"Q1","nse_score":671.6,"educ":10.3,"educ_score":486.7,"hacin":1.538,"hacin_class":"Hacinamiento Medio","hacin_score":736.5,"auto_score":120.0,"n_per":80,"n_hog":29,"source_year":2024,"crime_score":0.3842,"crime_nivel":"Alto","crime_color":"#f44336"},"geometry":{"type":"Polygon","coordinates":[[[-70.6837773659999,-33.4992994381311],[-70.6838966099999,-33.4995414741311],[-70.6847752689999,-33.4992713681311],[-70.6846257589999,-33.4989622511312],[-70.6837773659999,-33.4992994381311]]]}},{"type":"Feature","properties":{"id":"13121071004011","commune":"Pedro Aguirre Cerda","code":"13121","gse":"C3","quintil":"Q2","nse_score":709.0,"educ":10.0,"educ_score":466.7,"hacin":1.16,"hacin_class":"Hacinamiento Leve","hacin_score":817.0,"auto_score":113.6,"n_per":58,"n_hog":23,"source_year":2024,"crime_score":0.3724,"crime_nivel":"Alto","crime_color":"#f44336"},"geometry":{"type":"Polygon","coordinates":[[[-70.6839089389999,-33.4995665061311],[-70.6840727839999,-33.4998990601311],[-70.6849232089999,-33.4995841556311],[-70.6847873929999,-33.4992964091311],[-70.6839089389999,-33.4995665061311]]]}},{"type":"Feature","properties":{"id":"13121071004012","commune":"Pedro Aguirre Cerda","code":"13121","gse":"D","quintil":"Q2","nse_score":686.1,"educ":10.3,"educ_score":486.7,"hacin":1.75,"hacin_class":"Hacinamiento Medio","hacin_score":691.5,"auto_score":40.0,"n_per":98,"n_hog":31,"source_year":2024,"crime_score":0.3844,"crime_nivel":"Alto","crime_color":"#f44336"},"geometry":{"type":"Polygon","coordinates":[[[-70.6841038059999,-33.4999503371311],[-70.6842604999999,-33.5002729361311],[-70.6851217019999,-33.4999811601311],[-70.6849385259999,-33.4996750121311],[-70.6841038059999,-33.4999503371311]]]}},{"type":"Feature","properties":{"id":"13121071004013","commune":"Pedro Aguirre Cerda","code":"13121","gse":"C2","quintil":"Q4","nse_score":769.9,"educ":12.5,"educ_score":633.3,"hacin":1.159,"hacin_class":"Hacinamiento Leve","hacin_score":817.2,"auto_score":178.6,"n_per":51,"n_hog":13,"source_year":2024,"crime_score":0.3585,"crime_nivel":"Alto","crime_color":"#f44336"},"geometry":{"type":"Polygon","coordinates":[[[-70.6835242069999,-33.5000602001311],[-70.6835799099999,-33.5003867041311],[-70.6842288299999,-33.5002819421311],[-70.684073366,-33.4999602201311],[-70.6835242069999,-33.5000602001311]]]}},{"type":"Feature","properties":{"id":"13121071004014","commune":"Pedro Aguirre Cerda","code":"13121","gse":"D","quintil":"Q1","nse_score":666.1,"educ":9.1,"educ_score":406.7,"hacin":1.291,"hacin_class":"Hacinamiento Leve","hacin_score":789.2,"auto_score":47.6,"n_per":71,"n_hog":25,"source_year":2024,"crime_score":0.3837,"crime_nivel":"Alto","crime_color":"#f44336"},"geometry":{"type":"Polygon","coordinates":[[[-70.6842931429999,-33.5003401411311],[-70.68441974,-33.5006007791311],[-70.6852806669999,-33.5003026091311],[-70.6851340649999,-33.5000061391311],[-70.6842931429999,-33.5003401411311]]]}},{"type":"Feature","properties":{"id":"13121071004015","commune":"Pedro Aguirre Cerda","code":"13121","gse":"E","quintil":"Q1","nse_score":648.0,"educ":9.6,"educ_score":440.0,"hacin":1.366,"hacin_class":"Hacinamiento Leve","hacin_score":773.2,"auto_score":66.7,"n_per":56,"n_hog":16,"source_year":2024,"crime_score":0.3847,"crime_nivel":"Alto","crime_color":"#f44336"},"geometry":{"type":"Polygon","coordinates":[[[-70.6835854306666,-33.5004133751311],[-70.6836501369999,-33.5007260411311],[-70.6843892709999,-33.5006098411311],[-70.6842423359999,-33.5003073091311],[-70.6835854306666,-33.5004133751311]]]}},{"type":"Feature","properties":{"id":"13121071004016","commune":"Pedro Aguirre Cerda","code":"13121","gse":"D","quintil":"Q2","nse_score":692.8,"educ":10.2,"educ_score":480.0,"hacin":1.385,"hacin_class":"Hacinamiento Leve","hacin_score":769.2,"auto_score":225.0,"n_per":72,"n_hog":21,"source_year":2024,"crime_score":0.3783,"crime_nivel":"Alto","crime_color":"#f44336"},"geometry":{"type":"Polygon","coordinates":[[[-70.6844321669999,-33.5006263711311],[-70.6845721939999,-33.5009146471311],[-70.6854339399999,-33.5006125681311],[-70.6852930339999,-33.5003275971311],[-70.6844321669999,-33.5006263711311]]]}},{"type":"Feature","properties":{"id":"13121071004017","commune":"Pedro Aguirre Cerda","code":"13121","gse":"C3","quintil":"Q3","nse_score":734.1,"educ":11.1,"educ_score":540.0,"hacin":1.214,"hacin_class":"Hacinamiento Leve","hacin_score":805.5,"auto_score":117.6,"n_per":68,"n_hog":18,"source_year":2024,"crime_score":0.3689,"crime_nivel":"Alto","crime_color":"#f44336"},"geometry":{"type":"Polygon","coordinates":[[[-70.6836556606666,-33.5007527121311],[-70.6837212369999,-33.5010691901311],[-70.6845415279999,-33.5009233041311],[-70.6844017019999,-33.5006354091311],[-70.6836556606666,-33.5007527121311]]]}},{"type":"Feature","properties":{"id":"13121071004018","commune":"Pedro Aguirre Cerda","code":"13121","gse":"C3","quintil":"Q2","nse_score":719.3,"educ":10.6,"educ_score":506.7,"hacin":1.293,"hacin_class":"Hacinamiento Leve","hacin_score":788.7,"auto_score":50.0,"n_per":75,"n_hog":24,"source_year":2024,"crime_score":0.3733,"crime_nivel":"Alto","crime_color":"#f44336"},"geometry":{"type":"Polygon","coordinates":[[[-70.684584373,-33.5009397251311],[-70.6847289879999,-33.5012374491311],[-70.6855953019999,-33.5009390311311],[-70.6854463029999,-33.5006375521311],[-70.684584373,-33.5009397251311]]]}},{"type":"Feature","properties":{"id":"13121071004019","commune":"Pedro Aguirre Cerda","code":"13121","gse":"D","quintil":"Q2","nse_score":699.8,"educ":10.5,"educ_score":500.0,"hacin":1.348,"hacin_class":"Hacinamiento Leve","hacin_score":777.1,"auto_score":194.4,"n_per":62,"n_hog":19,"source_year":2024,"crime_score":0.375,"crime_nivel":"Alto","crime_color":"#f44336"},"geometry":{"type":"Polygon","coordinates":[[[-70.6837267639999,-33.5010958651311],[-70.6837895559999,-33.5013988661311],[-70.6846982689999,-33.5012459961311],[-70.6845539029999,-33.5009487561311],[-70.6837267639999,-33.5010958651311]]]}},{"type":"Feature","properties":{"id":"13121071004020","commune":"Pedro Aguirre Cerda","code":"13121","gse":"C3","quintil":"Q2","nse_score":703.0,"educ":10.6,"educ_score":506.7,"hacin":1.22,"hacin_class":"Hacinamiento Leve","hacin_score":804.2,"auto_score":45.5,"n_per":72,"n_hog":24,"source_year":2024,"crime_score":0.3761,"crime_nivel":"Alto","crime_color":"#f44336"},"geometry":{"type":"Polygon","coordinates":[[[-70.6847411639999,-33.5012625181311],[-70.6848816709999,-33.5015517831311],[-70.6857504189999,-33.5012525821311],[-70.6856076689999,-33.5009640161311],[-70.6847411639999,-33.5012625181311]]]}},{"type":"Feature","properties":{"id":"13121071004021","commune":"Pedro Aguirre Cerda","code":"13121","gse":"C3","quintil":"Q3","nse_score":738.8,"educ":11.5,"educ_score":566.7,"hacin":1.156,"hacin_class":"Hacinamiento Leve","hacin_score":818.0,"auto_score":238.1,"n_per":52,"n_hog":23,"source_year":2024,"crime_score":0.3651,"crime_nivel":"Alto","crime_color":"#f44336"},"geometry":{"type":"Polygon","coordinates":[[[-70.6837950126666,-33.5014255441311],[-70.683857627,-33.5017359471311],[-70.6848505869999,-33.5015595781311],[-70.6847106689999,-33.5012715011311],[-70.6837950126666,-33.5014255441311]]]}},{"type":"Feature","properties":{"id":"13121071004022","commune":"Pedro Aguirre Cerda","code":"13121","gse":"C3","quintil":"Q3","nse_score":747.6,"educ":11.5,"educ_score":566.7,"hacin":1.304,"hacin_class":"Hacinamiento Leve","hacin_score":786.3,"auto_score":200.0,"n_per":60,"n_hog":23,"source_year":2024,"crime_score":0.3647,"crime_nivel":"Alto","crime_color":"#f44336"},"geometry":{"type":"Polygon","coordinates":[[[-70.6848938489999,-33.5015768601311],[-70.6850445459999,-33.5018871071311],[-70.6858926819999,-33.5015644111311],[-70.6857625529999,-33.5012776481311],[-70.6848938489999,-33.5015768601311]]]}},{"type":"Feature","properties":{"id":"13121071004023","commune":"Pedro Aguirre Cerda","code":"13121","gse":"C3","quintil":"Q3","nse_score":725.3,"educ":11.2,"educ_score":546.7,"hacin":1.264,"hacin_class":"Hacinamiento Leve","hacin_score":794.9,"auto_score":113.6,"n_per":67,"n_hog":23,"source_year":2024,"crime_score":0.3706,"crime_nivel":"Alto","crime_color":"#f44336"},"geometry":{"type":"Polygon","coordinates":[[[-70.6839649179999,-33.5020873011311],[-70.6846865219999,-33.5019861961311],[-70.6850145249999,-33.5018970801311],[-70.6848629609999,-33.5015850321311],[-70.6838630119999,-33.5017626431311],[-70.6839649179999,-33.5020873011311]]]}},{"type":"Feature","properties":{"id":"13121071004024","commune":"Pedro Aguirre Cerda","code":"13121","gse":"C3","quintil":"Q2","nse_score":711.8,"educ":10.8,"educ_score":520.0,"hacin":1.286,"hacin_class":"Hacinamiento Leve","hacin_score":790.3,"auto_score":190.5,"n_per":63,"n_hog":22,"source_year":2024,"crime_score":0.3727,"crime_nivel":"Alto","crime_color":"#f44336"},"geometry":{"type":"Polygon","coordinates":[[[-70.6850692509999,-33.5019304491311],[-70.6852546109999,-33.5022849091311],[-70.6861152199999,-33.5019945651311],[-70.6859162689999,-33.5016507061311],[-70.6850692509999,-33.5019304491311]]]}},{"type":"Feature","properties":{"id":"13121071004026","commune":"Pedro Aguirre Cerda","code":"13121","gse":"D","quintil":"Q1","nse_score":659.3,"educ":9.5,"educ_score":433.3,"hacin":1.548,"hacin_class":"Hacinamiento Medio","hacin_score":734.4,"auto_score":171.4,"n_per":144,"n_hog":40,"source_year":2024,"crime_score":0.3987,"crime_nivel":"Alto","crime_color":"#f44336"},"geometry":{"type":"Polygon","coordinates":[[[-70.6847655459999,-33.5024790871311],[-70.6849150879999,-33.5027850051311],[-70.6862779869999,-33.5023311341311],[-70.6861273549999,-33.5020196301311],[-70.6847655459999,-33.5024790871311]]]}},{"type":"Feature","properties":{"id":"13121071004028","commune":"Pedro Aguirre Cerda","code":"13121","gse":"D","quintil":"Q2","nse_score":689.4,"educ":10.1,"educ_score":473.3,"hacin":1.424,"hacin_class":"Hacinamiento Leve","hacin_score":760.8,"auto_score":153.8,"n_per":141,"n_hog":45,"source_year":2024,"crime_score":0.3916,"crime_nivel":"Alto","crime_color":"#f44336"},"geometry":{"type":"Polygon","coordinates":[[[-70.6849273933333,-33.5028100327977],[-70.6850765339999,-33.5031118201311],[-70.6864409579999,-33.5026538401311],[-70.6862903489999,-33.5023561001311],[-70.6849273933333,-33.5028100327977]]]}},{"type":"Feature","properties":{"id":"13121071004029","commune":"Pedro Aguirre Cerda","code":"13121","gse":"D","quintil":"Q1","nse_score":670.9,"educ":10.4,"educ_score":493.3,"hacin":1.727,"hacin_class":"Hacinamiento Medio","hacin_score":696.3,"auto_score":235.3,"n_per":76,"n_hog":21,"source_year":2024,"crime_score":0.3836,"crime_nivel":"Alto","crime_color":"#f44336"},"geometry":{"type":"Polygon","coordinates":[[[-70.6840243056666,-33.5025560511311],[-70.6840934789999,-33.5028954211311],[-70.6848620089999,-33.5027869551311],[-70.6847134289999,-33.5024866421311],[-70.6840243056666,-33.5025560511311]]]}},{"type":"Feature","properties":{"id":"13121071004030","commune":"Pedro Aguirre Cerda","code":"13121","gse":"C3","quintil":"Q2","nse_score":711.5,"educ":10.2,"educ_score":480.0,"hacin":1.344,"hacin_class":"Hacinamiento Leve","hacin_score":777.9,"auto_score":152.8,"n_per":125,"n_hog":40,"source_year":2024,"crime_score":0.3839,"crime_nivel":"Alto","crime_color":"#f44336"},"geometry":{"type":"Polygon","coordinates":[[[-70.6850889039999,-33.5031368351311],[-70.6852368479999,-33.503436236131],[-70.6866073969999,-33.5029828201311],[-70.6864535579999,-33.5026787231311],[-70.6850889039999,-33.5031368351311]]]}},{"type":"Feature","properties":{"id":"13121071004031","commune":"Pedro Aguirre Cerda","code":"13121","gse":"C3","quintil":"Q2","nse_score":713.4,"educ":10.5,"educ_score":500.0,"hacin":1.5,"hacin_class":"Hacinamiento Medio","hacin_score":744.7,"auto_score":75.0,"n_per":81,"n_hog":27,"source_year":2024,"crime_score":0.3756,"crime_nivel":"Alto","crime_color":"#f44336"},"geometry":{"type":"Polygon","coordinates":[[[-70.6840989179999,-33.502922105131],[-70.6841627709999,-33.5032354061311],[-70.685028224,-33.5031284291311],[-70.6848744459999,-33.5028122791311],[-70.6840989179999,-33.502922105131]]]}},{"type":"Feature","properties":{"id":"13121071004032","commune":"Pedro Aguirre Cerda","code":"13121","gse":"D","quintil":"Q2","nse_score":701.3,"educ":10.6,"educ_score":506.7,"hacin":1.352,"hacin_class":"Hacinamiento Leve","hacin_score":776.2,"auto_score":197.4,"n_per":123,"n_hog":39,"source_year":2024,"crime_score":0.3858,"crime_nivel":"Alto","crime_color":"#f44336"},"geometry":{"type":"Polygon","coordinates":[[[-70.6852492109999,-33.503461244131],[-70.6854031459999,-33.5037727421311],[-70.6867671809999,-33.5033103001311],[-70.6866198009999,-33.5030077771311],[-70.6852492109999,-33.503461244131]]]}},{"type":"Feature","properties":{"id":"13121071004033","commune":"Pedro Aguirre Cerda","code":"13121","gse":"C3","quintil":"Q3","nse_score":737.5,"educ":11.4,"educ_score":560.0,"hacin":1.326,"hacin_class":"Hacinamiento Leve","hacin_score":781.7,"auto_score":210.5,"n_per":61,"n_hog":21,"source_year":2024,"crime_score":0.367,"crime_nivel":"Alto","crime_color":"#f44336"},"geometry":{"type":"Polygon","coordinates":[[[-70.6841682029999,-33.503262089131],[-70.6842385239999,-33.5036078921311],[-70.685186541,-33.5034488581311],[-70.6850406739999,-33.5031537951311],[-70.6841682029999,-33.503262089131]]]}},{"type":"Feature","properties":{"id":"13121071004034","commune":"Pedro Aguirre Cerda","code":"13121","gse":"D","quintil":"Q2","nse_score":689.7,"educ":9.9,"educ_score":460.0,"hacin":1.429,"hacin_class":"Hacinamiento Leve","hacin_score":759.9,"auto_score":194.4,"n_per":150,"n_hog":43,"source_year":2024,"crime_score":0.3932,"crime_nivel":"Alto","crime_color":"#f44336"},"geometry":{"type":"Polygon","coordinates":[[[-70.6854155159999,-33.503797757131],[-70.6855661009999,-33.504102484131],[-70.6869288249999,-33.5036420451311],[-70.6867793919999,-33.5033353381311],[-70.6854155159999,-33.503797757131]]]}},{"type":"Feature","properties":{"id":"13121071004035","commune":"Pedro Aguirre Cerda","code":"13121","gse":"C3","quintil":"Q2","nse_score":705.2,"educ":10.8,"educ_score":520.0,"hacin":1.483,"hacin_class":"Hacinamiento Leve","hacin_score":748.3,"auto_score":136.4,"n_per":86,"n_hog":24,"source_year":2024,"crime_score":0.3782,"crime_nivel":"Alto","crime_color":"#f44336"},"geometry":{"type":"Polygon","coordinates":[[[-70.6842439656666,-33.5036345751311],[-70.684306477,-33.5039403541311],[-70.6853542429999,-33.503788048131],[-70.6851990149999,-33.5034740641311],[-70.6842439656666,-33.5036345751311]]]}},{"type":"Feature","properties":{"id":"13121071004036","commune":"Pedro Aguirre Cerda","code":"13121","gse":"C3","quintil":"Q2","nse_score":717.6,"educ":10.6,"educ_score":506.7,"hacin":1.281,"hacin_class":"Hacinamiento Leve","hacin_score":791.3,"auto_score":100.0,"n_per":146,"n_hog":46,"source_year":2024,"crime_score":0.3864,"crime_nivel":"Alto","crime_color":"#f44336"},"geometry":{"type":"Polygon","coordinates":[[[-70.6855786269999,-33.5041274391311],[-70.6857301849999,-33.5044289961311],[-70.6870859079999,-33.5039546211311],[-70.6869412109999,-33.5036670091311],[-70.6855786269999,-33.5041274391311]]]}},{"type":"Feature","properties":{"id":"13121071004038","commune":"Pedro Aguirre Cerda","code":"13121","gse":"D","quintil":"Q1","nse_score":665.1,"educ":9.6,"educ_score":440.0,"hacin":1.402,"hacin_class":"Hacinamiento Leve","hacin_score":765.5,"auto_score":121.6,"n_per":122,"n_hog":40,"source_year":2024,"crime_score":0.3933,"crime_nivel":"Alto","crime_color":"#f44336"},"geometry":{"type":"Polygon","coordinates":[[[-70.6857427049999,-33.5044539491311],[-70.6858933769999,-33.5047551651311],[-70.6872587669999,-33.5042981781311],[-70.6870984599999,-33.5039795451311],[-70.6857427049999,-33.5044539491311]]]}},{"type":"Feature","properties":{"id":"13121071004040","commune":"Pedro Aguirre Cerda","code":"13121","gse":"E","quintil":"Q1","nse_score":641.8,"educ":10.4,"educ_score":493.3,"hacin":1.468,"hacin_class":"Hacinamiento Leve","hacin_score":751.6,"auto_score":166.7,"n_per":113,"n_hog":38,"source_year":2024,"crime_score":0.3966,"crime_nivel":"Alto","crime_color":"#f44336"},"geometry":{"type":"Polygon","coordinates":[[[-70.6861074509999,-33.505146591131],[-70.6874249229999,-33.5046973241311],[-70.687271844,-33.5043229151311],[-70.6859058649999,-33.5047801211311],[-70.6861074509999,-33.505146591131]]]}},{"type":"Feature","properties":{"id":"13121071004037","commune":"Pedro Aguirre Cerda","code":"13121","gse":"C3","quintil":"Q3","nse_score":723.4,"educ":11.2,"educ_score":546.7,"hacin":1.387,"hacin_class":"Hacinamiento Leve","hacin_score":768.8,"auto_score":129.6,"n_per":104,"n_hog":29,"source_year":2024,"crime_score":0.3776,"crime_nivel":"Alto","crime_color":"#f44336"},"geometry":{"type":"MultiPolygon","coordinates":[[[[-70.6847929619999,-33.5055874701311],[-70.6860144889999,-33.505171800131],[-70.6855390919999,-33.5041621011311],[-70.6843773589999,-33.504314261131],[-70.6845978309999,-33.5052498931311],[-70.6847929619999,-33.5055874701311]]],[[[-70.6843118786666,-33.5039670401311],[-70.6843759689999,-33.504286913131],[-70.6855266399999,-33.5041367381311],[-70.6853667509999,-33.5038133261311],[-70.6843118786666,-33.5039670401311]]]]}},{"type":"Feature","properties":{"id":"13121081001006","commune":"Pedro Aguirre Cerda","code":"13121","gse":"C2","quintil":"Q3","nse_score":756.0,"educ":11.7,"educ_score":580.0,"hacin":1.214,"hacin_class":"Hacinamiento Leve","hacin_score":805.5,"auto_score":147.1,"n_per":51,"n_hog":17,"source_year":2024,"crime_score":0.3613,"crime_nivel":"Alto","crime_color":"#f44336"},"geometry":{"type":"Polygon","coordinates":[[[-70.6815038979999,-33.5024120141311],[-70.6818134689999,-33.5030566831311],[-70.682202388,-33.5029247571311],[-70.6819545139999,-33.5024142321311],[-70.6815038979999,-33.5024120141311]]]}},{"type":"Feature","properties":{"id":"13121081001007","commune":"Pedro Aguirre Cerda","code":"13121","gse":"C3","quintil":"Q3","nse_score":745.0,"educ":11.0,"educ_score":533.3,"hacin":1.109,"hacin_class":"Hacinamiento Leve","hacin_score":827.9,"auto_score":138.9,"n_per":51,"n_hog":18,"source_year":2024,"crime_score":0.3636,"crime_nivel":"Alto","crime_color":"#f44336"},"geometry":{"type":"Polygon","coordinates":[[[-70.681988079,-33.5024142961311],[-70.6823122309999,-33.5030588791311],[-70.6826850959999,-33.5029225901311],[-70.6824435899999,-33.5024145981311],[-70.681988079,-33.5024142961311]]]}},{"type":"Feature","properties":{"id":"13121081001009","commune":"Pedro Aguirre Cerda","code":"13121","gse":"C2","quintil":"Q3","nse_score":758.6,"educ":11.7,"educ_score":580.0,"hacin":1.286,"hacin_class":"Hacinamiento Leve","hacin_score":790.3,"auto_score":131.6,"n_per":54,"n_hog":19,"source_year":2024,"crime_score":0.3613,"crime_nivel":"Alto","crime_color":"#f44336"},"geometry":{"type":"Polygon","coordinates":[[[-70.681559552,-33.5035844761311],[-70.6820485499999,-33.5035872921311],[-70.6817177439999,-33.5029465521311],[-70.6812718134999,-33.5030996501311],[-70.681559552,-33.5035844761311]]]}},{"type":"Feature","properties":{"id":"13121081001010","commune":"Pedro Aguirre Cerda","code":"13121","gse":"C2","quintil":"Q3","nse_score":752.5,"educ":12.7,"educ_score":646.7,"hacin":1.595,"hacin_class":"Hacinamiento Medio","hacin_score":724.6,"auto_score":294.1,"n_per":59,"n_hog":16,"source_year":2024,"crime_score":0.3635,"crime_nivel":"Alto","crime_color":"#f44336"},"geometry":{"type":"Polygon","coordinates":[[[-70.6825844829999,-33.5035887181311],[-70.6830238339999,-33.5035430951311],[-70.6826983749999,-33.5029472511311],[-70.6823254859999,-33.5030835721311],[-70.6825844829999,-33.5035887181311]]]}},{"type":"Feature","properties":{"id":"13121081001011","commune":"Pedro Aguirre Cerda","code":"13121","gse":"C3","quintil":"Q3","nse_score":743.7,"educ":11.3,"educ_score":553.3,"hacin":1.222,"hacin_class":"Hacinamiento Leve","hacin_score":803.8,"auto_score":62.5,"n_per":55,"n_hog":16,"source_year":2024,"crime_score":0.3646,"crime_nivel":"Alto","crime_color":"#f44336"},"geometry":{"type":"Polygon","coordinates":[[[-70.6820823019999,-33.503587173131],[-70.6825507119999,-33.5035888741311],[-70.6822153359999,-33.5029495491311],[-70.6818265149999,-33.5030814651311],[-70.6820823019999,-33.503587173131]]]}},{"type":"Feature","properties":{"id":"13121081001012","commune":"Pedro Aguirre Cerda","code":"13121","gse":"C3","quintil":"Q3","nse_score":723.6,"educ":11.0,"educ_score":533.3,"hacin":1.444,"hacin_class":"Hacinamiento Leve","hacin_score":756.5,"auto_score":250.0,"n_per":39,"n_hog":12,"source_year":2024,"crime_score":0.3659,"crime_nivel":"Alto","crime_color":"#f44336"},"geometry":{"type":"Polygon","coordinates":[[[-70.6833858759999,-33.5036131591311],[-70.6828635099999,-33.5036395881311],[-70.6834053719999,-33.5046730441311],[-70.6836209759999,-33.504298185131],[-70.6833858759999,-33.5036131591311]]]}},{"type":"Feature","properties":{"id":"13121081001014","commune":"Pedro Aguirre Cerda","code":"13121","gse":"C3","quintil":"Q3","nse_score":748.4,"educ":12.2,"educ_score":613.3,"hacin":1.231,"hacin_class":"Hacinamiento Leve","hacin_score":802.0,"auto_score":250.0,"n_per":48,"n_hog":16,"source_year":2024,"crime_score":0.3624,"crime_nivel":"Alto","crime_color":"#f44336"},"geometry":{"type":"Polygon","coordinates":[[[-70.681791803,-33.5036321321311],[-70.6821342609999,-33.504292499131],[-70.6825896359999,-33.5041580371311],[-70.6823278489999,-33.5036362271311],[-70.681791803,-33.5036321321311]]]}},{"type":"Feature","properties":{"id":"13121081001015","commune":"Pedro Aguirre Cerda","code":"13121","gse":"C2","quintil":"Q4","nse_score":780.5,"educ":12.6,"educ_score":640.0,"hacin":1.048,"hacin_class":"Hacinamiento Leve","hacin_score":840.9,"auto_score":111.1,"n_per":44,"n_hog":17,"source_year":2024,"crime_score":0.3551,"crime_nivel":"Alto","crime_color":"#f44336"},"geometry":{"type":"Polygon","coordinates":[[[-70.6823615449999,-33.503636435131],[-70.6826989069999,-33.5042762031311],[-70.6830777489999,-33.504136373131],[-70.6828298259999,-33.5036393991311],[-70.6823615449999,-33.503636435131]]]}},{"type":"Feature","properties":{"id":"13121081001016","commune":"Pedro Aguirre Cerda","code":"13121","gse":"C2","quintil":"Q4","nse_score":765.9,"educ":12.3,"educ_score":620.0,"hacin":1.303,"hacin_class":"Hacinamiento Leve","hacin_score":786.6,"auto_score":144.9,"n_per":443,"n_hog":146,"source_year":2024,"crime_score":0.4029,"crime_nivel":"Alto","crime_color":"#f44336"},"geometry":{"type":"Polygon","coordinates":[[[-70.6773747729999,-33.506168434131],[-70.6817319399999,-33.5042782371311],[-70.6814742989999,-33.503691863131],[-70.6770889939999,-33.505643534131],[-70.6773747729999,-33.506168434131]]]}},{"type":"Feature","properties":{"id":"13121081001017","commune":"Pedro Aguirre Cerda","code":"13121","gse":"C2","quintil":"Q3","nse_score":759.8,"educ":11.9,"educ_score":593.3,"hacin":1.238,"hacin_class":"Hacinamiento Leve","hacin_score":800.4,"auto_score":117.6,"n_per":52,"n_hog":18,"source_year":2024,"crime_score":0.3607,"crime_nivel":"Alto","crime_color":"#f44336"},"geometry":{"type":"Polygon","coordinates":[[[-70.6827128109999,-33.5043006551311],[-70.6829701639999,-33.5048054501311],[-70.6833776939999,-33.5046874111311],[-70.6830905109999,-33.504161223131],[-70.6827128109999,-33.5043006551311]]]}},{"type":"Feature","properties":{"id":"13121081001018","commune":"Pedro Aguirre Cerda","code":"13121","gse":"C2","quintil":"Q4","nse_score":803.1,"educ":13.5,"educ_score":700.0,"hacin":1.244,"hacin_class":"Hacinamiento Leve","hacin_score":799.2,"auto_score":250.0,"n_per":51,"n_hog":19,"source_year":2024,"crime_score":0.3516,"crime_nivel":"Alto","crime_color":"#f44336"},"geometry":{"type":"Polygon","coordinates":[[[-70.6824085229999,-33.504803591131],[-70.6829364119999,-33.504805323131],[-70.6826033749999,-33.504182659131],[-70.6821489859999,-33.504316814131],[-70.6824085229999,-33.504803591131]]]}},{"type":"Feature","properties":{"id":"13121081001021","commune":"Pedro Aguirre Cerda","code":"13121","gse":"C2","quintil":"Q3","nse_score":751.1,"educ":11.5,"educ_score":566.7,"hacin":1.243,"hacin_class":"Hacinamiento Leve","hacin_score":799.3,"auto_score":153.8,"n_per":46,"n_hog":13,"source_year":2024,"crime_score":0.3615,"crime_nivel":"Alto","crime_color":"#f44336"},"geometry":{"type":"Polygon","coordinates":[[[-70.6810972749999,-33.504620651131],[-70.6815870849999,-33.505362554131],[-70.6818451189999,-33.505247158131],[-70.6813807179999,-33.5044957361311],[-70.6810972749999,-33.504620651131]]]}},{"type":"Feature","properties":{"id":"13121081001022","commune":"Pedro Aguirre Cerda","code":"13121","gse":"C3","quintil":"Q2","nse_score":704.8,"educ":10.7,"educ_score":513.3,"hacin":1.483,"hacin_class":"Hacinamiento Leve","hacin_score":748.2,"auto_score":145.8,"n_per":89,"n_hog":23,"source_year":2024,"crime_score":0.3788,"crime_nivel":"Alto","crime_color":"#f44336"},"geometry":{"type":"Polygon","coordinates":[[[-70.6807178529999,-33.5047808741311],[-70.6811922389999,-33.505539114131],[-70.6815585979999,-33.5053752581311],[-70.6810622469999,-33.504628278131],[-70.6807178529999,-33.5047808741311]]]}},{"type":"Feature","properties":{"id":"13121081001023","commune":"Pedro Aguirre Cerda","code":"13121","gse":"C2","quintil":"Q3","nse_score":754.0,"educ":11.6,"educ_score":573.3,"hacin":1.479,"hacin_class":"Hacinamiento Leve","hacin_score":749.1,"auto_score":250.0,"n_per":71,"n_hog":24,"source_year":2024,"crime_score":0.3653,"crime_nivel":"Alto","crime_color":"#f44336"},"geometry":{"type":"Polygon","coordinates":[[[-70.6803367069999,-33.504946133131],[-70.6808022539999,-33.505711244131],[-70.6811637249999,-33.505551779131],[-70.6806893349999,-33.5047933441311],[-70.6803367069999,-33.504946133131]]]}},{"type":"Feature","properties":{"id":"13121081001024","commune":"Pedro Aguirre Cerda","code":"13121","gse":"C3","quintil":"Q3","nse_score":744.3,"educ":12.1,"educ_score":606.7,"hacin":1.349,"hacin_class":"Hacinamiento Leve","hacin_score":776.8,"auto_score":157.1,"n_per":116,"n_hog":34,"source_year":2024,"crime_score":0.3753,"crime_nivel":"Alto","crime_color":"#f44336"},"geometry":{"type":"Polygon","coordinates":[[[-70.6822206979999,-33.504862404131],[-70.6827755849999,-33.5060167871311],[-70.6832241029999,-33.505854452131],[-70.6827276809999,-33.5048579521311],[-70.6822206979999,-33.504862404131]]]}},{"type":"Feature","properties":{"id":"13121081001025","commune":"Pedro Aguirre Cerda","code":"13121","gse":"C3","quintil":"Q3","nse_score":739.2,"educ":11.9,"educ_score":593.3,"hacin":1.351,"hacin_class":"Hacinamiento Leve","hacin_score":776.3,"auto_score":206.9,"n_per":100,"n_hog":30,"source_year":2024,"crime_score":0.3735,"crime_nivel":"Alto","crime_color":"#f44336"},"geometry":{"type":"Polygon","coordinates":[[[-70.6832664799999,-33.505869059131],[-70.6827886489999,-33.5060415501311],[-70.682915325,-33.506149219131],[-70.6837481509999,-33.5058191421311],[-70.6833730859999,-33.5048585961311],[-70.6827612889999,-33.504858050131],[-70.6832664799999,-33.505869059131]]]}},{"type":"Feature","properties":{"id":"13121081001026","commune":"Pedro Aguirre Cerda","code":"13121","gse":"D","quintil":"Q2","nse_score":685.7,"educ":10.7,"educ_score":513.3,"hacin":1.673,"hacin_class":"Hacinamiento Medio","hacin_score":707.9,"auto_score":160.0,"n_per":87,"n_hog":26,"source_year":2024,"crime_score":0.3825,"crime_nivel":"Alto","crime_color":"#f44336"},"geometry":{"type":"Polygon","coordinates":[[[-70.6799538689999,-33.5051161851311],[-70.6804200329999,-33.505874344131],[-70.6807736799999,-33.505723635131],[-70.6803081969999,-33.504958622131],[-70.6799538689999,-33.5051161851311]]]}},{"type":"Feature","properties":{"id":"13121081001027","commune":"Pedro Aguirre Cerda","code":"13121","gse":"C2","quintil":"Q4","nse_score":763.6,"educ":11.5,"educ_score":566.7,"hacin":1.132,"hacin_class":"Hacinamiento Leve","hacin_score":823.0,"auto_score":100.0,"n_per":60,"n_hog":20,"source_year":2024,"crime_score":0.3613,"crime_nivel":"Alto","crime_color":"#f44336"},"geometry":{"type":"Polygon","coordinates":[[[-70.6795667019999,-33.505283026131],[-70.6800402269999,-33.506043652131],[-70.6803914989999,-33.505886794131],[-70.6799253369999,-33.5051286441311],[-70.6795667019999,-33.505283026131]]]}},{"type":"Feature","properties":{"id":"13121081001029","commune":"Pedro Aguirre Cerda","code":"13121","gse":"C3","quintil":"Q3","nse_score":734.9,"educ":11.5,"educ_score":566.7,"hacin":1.382,"hacin_class":"Hacinamiento Leve","hacin_score":769.8,"auto_score":227.3,"n_per":76,"n_hog":23,"source_year":2024,"crime_score":0.3702,"crime_nivel":"Alto","crime_color":"#f44336"},"geometry":{"type":"Polygon","coordinates":[[[-70.6791676213332,-33.5054560614644],[-70.6796430509999,-33.506218541131],[-70.6800116999999,-33.5060562991311],[-70.67953811,-33.505295356131],[-70.6791676213332,-33.5054560614644]]]}},{"type":"Feature","properties":{"id":"13121081001030","commune":"Pedro Aguirre Cerda","code":"13121","gse":"C3","quintil":"Q2","nse_score":708.7,"educ":10.5,"educ_score":500.0,"hacin":1.303,"hacin_class":"Hacinamiento Leve","hacin_score":786.5,"auto_score":166.7,"n_per":116,"n_hog":38,"source_year":2024,"crime_score":0.3829,"crime_nivel":"Alto","crime_color":"#f44336"},"geometry":{"type":"Polygon","coordinates":[[[-70.6804533839999,-33.505928767131],[-70.6806648499999,-33.506271508131],[-70.6820557429999,-33.5056523691311],[-70.6818860319999,-33.5053039201311],[-70.6804533839999,-33.505928767131]]]}},{"type":"Feature","properties":{"id":"13121081001031","commune":"Pedro Aguirre Cerda","code":"13121","gse":"D","quintil":"Q2","nse_score":687.0,"educ":10.3,"educ_score":486.7,"hacin":1.511,"hacin_class":"Hacinamiento Medio","hacin_score":742.4,"auto_score":65.2,"n_per":71,"n_hog":25,"source_year":2024,"crime_score":0.3793,"crime_nivel":"Alto","crime_color":"#f44336"},"geometry":{"type":"Polygon","coordinates":[[[-70.6792212559999,-33.5063888281311],[-70.6796144779999,-33.506231116131],[-70.6791390559999,-33.505468438131],[-70.6787620004999,-33.505660314631],[-70.6792212559999,-33.5063888281311]]]}},{"type":"Feature","properties":{"id":"13121081001032","commune":"Pedro Aguirre Cerda","code":"13121","gse":"C3","quintil":"Q2","nse_score":718.3,"educ":10.6,"educ_score":506.7,"hacin":1.318,"hacin_class":"Hacinamiento Leve","hacin_score":783.5,"auto_score":69.4,"n_per":112,"n_hog":38,"source_year":2024,"crime_score":0.3801,"crime_nivel":"Alto","crime_color":"#f44336"},"geometry":{"type":"Polygon","coordinates":[[[-70.6806796749999,-33.506295542131],[-70.6808674639999,-33.5065998841311],[-70.6822207499999,-33.5060074251311],[-70.6820674349999,-33.505677546131],[-70.6806796749999,-33.506295542131]]]}},{"type":"Feature","properties":{"id":"13121081001033","commune":"Pedro Aguirre Cerda","code":"13121","gse":"D","quintil":"Q2","nse_score":686.0,"educ":11.0,"educ_score":533.3,"hacin":1.304,"hacin_class":"Hacinamiento Leve","hacin_score":786.3,"auto_score":184.2,"n_per":60,"n_hog":19,"source_year":2024,"crime_score":0.3775,"crime_nivel":"Alto","crime_color":"#f44336"},"geometry":{"type":"Polygon","coordinates":[[[-70.6782949703332,-33.5058362754644],[-70.6787677969999,-33.506594423131],[-70.6791192589999,-33.506427660131],[-70.6786859769999,-33.505686252131],[-70.6782949703332,-33.5058362754644]]]}},{"type":"Feature","properties":{"id":"13121081001034","commune":"Pedro Aguirre Cerda","code":"13121","gse":"C3","quintil":"Q3","nse_score":733.5,"educ":11.3,"educ_score":553.3,"hacin":1.377,"hacin_class":"Hacinamiento Leve","hacin_score":770.8,"auto_score":142.9,"n_per":73,"n_hog":25,"source_year":2024,"crime_score":0.3699,"crime_nivel":"Alto","crime_color":"#f44336"},"geometry":{"type":"Polygon","coordinates":[[[-70.6779002503333,-33.5060107624644],[-70.6783831689999,-33.506767274131],[-70.6787393539999,-33.5066072051311],[-70.6782664209999,-33.5058488761311],[-70.6779002503333,-33.5060107624644]]]}},{"type":"Feature","properties":{"id":"13121081001035","commune":"Pedro Aguirre Cerda","code":"13121","gse":"D","quintil":"Q2","nse_score":702.1,"educ":10.7,"educ_score":513.3,"hacin":1.427,"hacin_class":"Hacinamiento Leve","hacin_score":760.2,"auto_score":187.5,"n_per":117,"n_hog":34,"source_year":2024,"crime_score":0.3845,"crime_nivel":"Alto","crime_color":"#f44336"},"geometry":{"type":"Polygon","coordinates":[[[-70.6793228649999,-33.506437878131],[-70.6794688979999,-33.506800860131],[-70.6806363159999,-33.506284138131],[-70.6804249409999,-33.505941351131],[-70.6793228649999,-33.506437878131]]]}},{"type":"Feature","properties":{"id":"13121081001036","commune":"Pedro Aguirre Cerda","code":"13121","gse":"C3","quintil":"Q2","nse_score":704.0,"educ":10.8,"educ_score":520.0,"hacin":1.406,"hacin_class":"Hacinamiento Leve","hacin_score":764.6,"auto_score":74.1,"n_per":90,"n_hog":29,"source_year":2024,"crime_score":0.3792,"crime_nivel":"Alto","crime_color":"#f44336"},"geometry":{"type":"Polygon","coordinates":[[[-70.6779023809999,-33.506957399131],[-70.6783547039999,-33.506780029131],[-70.677871707,-33.506023363131],[-70.6774448869999,-33.506254161131],[-70.6779023809999,-33.506957399131]]]}},{"type":"Feature","properties":{"id":"13121081001037","commune":"Pedro Aguirre Cerda","code":"13121","gse":"C3","quintil":"Q3","nse_score":737.0,"educ":11.1,"educ_score":540.0,"hacin":1.448,"hacin_class":"Hacinamiento Leve","hacin_score":755.7,"auto_score":171.4,"n_per":126,"n_hog":36,"source_year":2024,"crime_score":0.3786,"crime_nivel":"Alto","crime_color":"#f44336"},"geometry":{"type":"Polygon","coordinates":[[[-70.6808822859999,-33.5066239161311],[-70.6811058279999,-33.506986383131],[-70.6823869144999,-33.506355270131],[-70.6822333379999,-33.506034394131],[-70.6808822859999,-33.5066239161311]]]}},{"type":"Feature","properties":{"id":"13121081001038","commune":"Pedro Aguirre Cerda","code":"13121","gse":"D","quintil":"Q1","nse_score":681.3,"educ":9.4,"educ_score":426.7,"hacin":1.447,"hacin_class":"Hacinamiento Leve","hacin_score":755.9,"auto_score":112.9,"n_per":110,"n_hog":33,"source_year":2024,"crime_score":0.3877,"crime_nivel":"Alto","crime_color":"#f44336"},"geometry":{"type":"Polygon","coordinates":[[[-70.6794840173333,-33.5068247574643],[-70.6796735329999,-33.507124686131],[-70.6808388889999,-33.506612444131],[-70.6806511439999,-33.506308147131],[-70.6794840173333,-33.5068247574643]]]}},{"type":"Feature","properties":{"id":"13121081001039","commune":"Pedro Aguirre Cerda","code":"13121","gse":"D","quintil":"Q2","nse_score":684.5,"educ":11.1,"educ_score":540.0,"hacin":1.43,"hacin_class":"Hacinamiento Leve","hacin_score":759.5,"auto_score":109.4,"n_per":113,"n_hog":31,"source_year":2024,"crime_score":0.3875,"crime_nivel":"Alto","crime_color":"#f44336"},"geometry":{"type":"Polygon","coordinates":[[[-70.6788038169999,-33.506655490131],[-70.6794628979999,-33.507705151131],[-70.6798029489999,-33.507553287131],[-70.6792113359999,-33.5065232151311],[-70.6788038169999,-33.506655490131]]]}},{"type":"Feature","properties":{"id":"13121081001040","commune":"Pedro Aguirre Cerda","code":"13121","gse":"D","quintil":"Q1","nse_score":672.6,"educ":9.8,"educ_score":453.3,"hacin":1.429,"hacin_class":"Hacinamiento Leve","hacin_score":759.9,"auto_score":66.7,"n_per":100,"n_hog":30,"source_year":2024,"crime_score":0.3877,"crime_nivel":"Alto","crime_color":"#f44336"},"geometry":{"type":"Polygon","coordinates":[[[-70.6799219919999,-33.507485343131],[-70.6810773289999,-33.506998888131],[-70.6808537139999,-33.506636452131],[-70.6796885049999,-33.507148654131],[-70.6799219919999,-33.507485343131]]]}},{"type":"Feature","properties":{"id":"13121081001041","commune":"Pedro Aguirre Cerda","code":"13121","gse":"D","quintil":"Q2","nse_score":697.9,"educ":10.7,"educ_score":513.3,"hacin":1.403,"hacin_class":"Hacinamiento Leve","hacin_score":765.4,"auto_score":185.2,"n_per":101,"n_hog":28,"source_year":2024,"crime_score":0.3825,"crime_nivel":"Alto","crime_color":"#f44336"},"geometry":{"type":"Polygon","coordinates":[[[-70.6783952563333,-33.5068378314644],[-70.6790660659999,-33.507880193131],[-70.6794342879999,-33.507717666131],[-70.6787753279999,-33.5066681961311],[-70.6783952563333,-33.5068378314644]]]}},{"type":"Feature","properties":{"id":"13121081001042","commune":"Pedro Aguirre Cerda","code":"13121","gse":"C3","quintil":"Q2","nse_score":715.0,"educ":11.0,"educ_score":533.3,"hacin":1.351,"hacin_class":"Hacinamiento Leve","hacin_score":776.5,"auto_score":62.5,"n_per":104,"n_hog":34,"source_year":2024,"crime_score":0.3794,"crime_nivel":"Alto","crime_color":"#f44336"},"geometry":{"type":"Polygon","coordinates":[[[-70.6786149869999,-33.508068275131],[-70.6790374569999,-33.507892728131],[-70.6783667649999,-33.506850522131],[-70.6779499674999,-33.507068522131],[-70.6786149869999,-33.508068275131]]]}},{"type":"Feature","properties":{"id":"13121081001001","commune":"Pedro Aguirre Cerda","code":"13121","gse":"C3","quintil":"Q3","nse_score":736.4,"educ":11.7,"educ_score":580.0,"hacin":1.171,"hacin_class":"Hacinamiento Leve","hacin_score":814.6,"auto_score":100.0,"n_per":41,"n_hog":14,"source_year":2024,"crime_score":0.3636,"crime_nivel":"Alto","crime_color":"#f44336"},"geometry":{"type":"MultiPolygon","coordinates":[[[[-70.6831680159999,-33.5023497251311],[-70.6824813039999,-33.5024215181311],[-70.682820251,-33.5030879141311],[-70.6833163229999,-33.5029017841311],[-70.6831680159999,-33.5023497251311]]],[[[-70.6831146729999,-33.5010965481311],[-70.6811031014999,-33.5011961651311],[-70.6810904899999,-33.5015215661311],[-70.6814509184999,-33.5015289231311],[-70.6814385589999,-33.5023664251311],[-70.6833612769999,-33.5022623031311],[-70.6831146729999,-33.5010965481311]]]]}},{"type":"Feature","properties":{"id":"13121081001002","commune":"Pedro Aguirre Cerda","code":"13121","gse":"C2","quintil":"Q4","nse_score":775.3,"educ":13.2,"educ_score":680.0,"hacin":1.238,"hacin_class":"Hacinamiento Leve","hacin_score":800.4,"auto_score":236.8,"n_per":52,"n_hog":19,"source_year":2024,"crime_score":0.3575,"crime_nivel":"Alto","crime_color":"#f44336"},"geometry":{"type":"MultiPolygon","coordinates":[[[[-70.6809591649999,-33.5024163441311],[-70.6812589509999,-33.5030748341311],[-70.6817052029999,-33.5029216231311],[-70.6814704259999,-33.5024118801311],[-70.6809591649999,-33.5024163441311]]],[[[-70.6803030789999,-33.5012412351311],[-70.6808750459999,-33.5023334891311],[-70.681386604,-33.5022979361311],[-70.6814181014999,-33.5015451846311],[-70.6810575919999,-33.5015483621311],[-70.6810708219999,-33.5011961511311],[-70.6803030789999,-33.5012412351311]]]]}},{"type":"Feature","properties":{"id":"13121081002001","commune":"Pedro Aguirre Cerda","code":"13121","gse":"C2","quintil":"Q3","nse_score":754.1,"educ":11.4,"educ_score":560.0,"hacin":1.268,"hacin_class":"Hacinamiento Leve","hacin_score":793.9,"auto_score":162.2,"n_per":137,"n_hog":49,"source_year":2024,"crime_score":0.3769,"crime_nivel":"Alto","crime_color":"#f44336"},"geometry":{"type":"Polygon","coordinates":[[[-70.6763318509999,-33.506329526131],[-70.6761257889999,-33.506090763131],[-70.6753131609999,-33.506502511131],[-70.6756169129999,-33.506940413131],[-70.6762949399999,-33.506719430131],[-70.6772727829999,-33.508262235131],[-70.6777634199999,-33.508265829131],[-70.6775615679999,-33.507823555131],[-70.6771894469999,-33.507925109131],[-70.6775894799999,-33.507780521131],[-70.6778069179999,-33.508264711131],[-70.67850218,-33.508116376131],[-70.6769946709999,-33.505744609131],[-70.6761539229999,-33.506077541131],[-70.6763318509999,-33.506329526131]]]}},{"type":"Feature","properties":{"id":"13121081002002","commune":"Pedro Aguirre Cerda","code":"13121","gse":"C2","quintil":"Q3","nse_score":755.4,"educ":12.2,"educ_score":613.3,"hacin":1.212,"hacin_class":"Hacinamiento Leve","hacin_score":806.1,"auto_score":207.3,"n_per":126,"n_hog":46,"source_year":2024,"crime_score":0.3747,"crime_nivel":"Alto","crime_color":"#f44336"},"geometry":{"type":"Polygon","coordinates":[[[-70.6742630769999,-33.507515333131],[-70.6755250889999,-33.5069897751311],[-70.6752648749999,-33.506528460131],[-70.6740083399999,-33.507082665131],[-70.6742630769999,-33.507515333131]]]}},{"type":"Feature","properties":{"id":"13121081002003","commune":"Pedro Aguirre Cerda","code":"13121","gse":"C3","quintil":"Q3","nse_score":721.7,"educ":10.7,"educ_score":513.3,"hacin":1.175,"hacin_class":"Hacinamiento Leve","hacin_score":813.8,"auto_score":166.7,"n_per":47,"n_hog":17,"source_year":2024,"crime_score":0.3677,"crime_nivel":"Alto","crime_color":"#f44336"},"geometry":{"type":"Polygon","coordinates":[[[-70.6754946849999,-33.507060274131],[-70.675691663,-33.507357493131],[-70.6764095889999,-33.507049942131],[-70.6762058489999,-33.506753783131],[-70.6754946849999,-33.507060274131]]]}},{"type":"Feature","properties":{"id":"13121081002004","commune":"Pedro Aguirre Cerda","code":"13121","gse":"C3","quintil":"Q3","nse_score":748.8,"educ":11.4,"educ_score":560.0,"hacin":1.37,"hacin_class":"Hacinamiento Leve","hacin_score":772.3,"auto_score":172.4,"n_per":111,"n_hog":32,"source_year":2024,"crime_score":0.3735,"crime_nivel":"Alto","crime_color":"#f44336"},"geometry":{"type":"Polygon","coordinates":[[[-70.6743253809999,-33.507629803131],[-70.6744794109999,-33.507882111131],[-70.6756629399999,-33.507369899131],[-70.6754660259999,-33.5070725081311],[-70.6743253809999,-33.507629803131]]]}},{"type":"Feature","properties":{"id":"13121081002005","commune":"Pedro Aguirre Cerda","code":"13121","gse":"C3","quintil":"Q2","nse_score":702.6,"educ":11.3,"educ_score":553.3,"hacin":1.438,"hacin_class":"Hacinamiento Leve","hacin_score":758.0,"auto_score":192.3,"n_per":69,"n_hog":28,"source_year":2024,"crime_score":0.3757,"crime_nivel":"Alto","crime_color":"#f44336"},"geometry":{"type":"Polygon","coordinates":[[[-70.6767118839999,-33.508288014131],[-70.6771396654999,-33.508230145131],[-70.6764245799999,-33.507073903131],[-70.676057866,-33.507230590131],[-70.6767118839999,-33.508288014131]]]}},{"type":"Feature","properties":{"id":"13121081002006","commune":"Pedro Aguirre Cerda","code":"13121","gse":"C3","quintil":"Q3","nse_score":749.6,"educ":12.1,"educ_score":606.7,"hacin":1.356,"hacin_class":"Hacinamiento Leve","hacin_score":775.4,"auto_score":156.0,"n_per":362,"n_hog":110,"source_year":2024,"crime_score":0.4067,"crime_nivel":"Alto","crime_color":"#f44336"},"geometry":{"type":"Polygon","coordinates":[[[-70.6706151899999,-33.509106459131],[-70.6741099889999,-33.507610002131],[-70.6741839639999,-33.507520569131],[-70.6738800539999,-33.507136260131],[-70.6704964959999,-33.508686911131],[-70.6706151899999,-33.509106459131]]]}},{"type":"Feature","properties":{"id":"13121081002007","commune":"Pedro Aguirre Cerda","code":"13121","gse":"D","quintil":"Q2","nse_score":701.2,"educ":10.6,"educ_score":506.7,"hacin":1.211,"hacin_class":"Hacinamiento Leve","hacin_score":806.1,"auto_score":116.7,"n_per":86,"n_hog":31,"source_year":2024,"crime_score":0.3791,"crime_nivel":"Alto","crime_color":"#f44336"},"geometry":{"type":"Polygon","coordinates":[[[-70.6756752419999,-33.507395034131],[-70.6763187179999,-33.508444826131],[-70.6766865179999,-33.508305578131],[-70.6760284789999,-33.507241813131],[-70.6756752419999,-33.507395034131]]]}},{"type":"Feature","properties":{"id":"13121081002008","commune":"Pedro Aguirre Cerda","code":"13121","gse":"D","quintil":"Q2","nse_score":687.8,"educ":10.6,"educ_score":506.7,"hacin":1.492,"hacin_class":"Hacinamiento Leve","hacin_score":746.3,"auto_score":96.8,"n_per":100,"n_hog":31,"source_year":2024,"crime_score":0.3844,"crime_nivel":"Alto","crime_color":"#f44336"},"geometry":{"type":"Polygon","coordinates":[[[-70.6752836079999,-33.507565082131],[-70.6759323919999,-33.508614109131],[-70.6762904739999,-33.508457928131],[-70.6756465839999,-33.507407435131],[-70.6752836079999,-33.507565082131]]]}},{"type":"Feature","properties":{"id":"13121081002009","commune":"Pedro Aguirre Cerda","code":"13121","gse":"C3","quintil":"Q2","nse_score":715.4,"educ":11.0,"educ_score":533.3,"hacin":1.456,"hacin_class":"Hacinamiento Leve","hacin_score":754.1,"auto_score":137.9,"n_per":99,"n_hog":34,"source_year":2024,"crime_score":0.3784,"crime_nivel":"Alto","crime_color":"#f44336"},"geometry":{"type":"Polygon","coordinates":[[[-70.6749078399999,-33.507728245131],[-70.6755329119999,-33.508787707131],[-70.6759038349999,-33.508626520131],[-70.6752549589999,-33.507577499131],[-70.6749078399999,-33.507728245131]]]}},{"type":"Feature","properties":{"id":"13121081002010","commune":"Pedro Aguirre Cerda","code":"13121","gse":"C3","quintil":"Q3","nse_score":724.7,"educ":11.5,"educ_score":566.7,"hacin":1.518,"hacin_class":"Hacinamiento Medio","hacin_score":740.7,"auto_score":106.1,"n_per":123,"n_hog":33,"source_year":2024,"crime_score":0.3807,"crime_nivel":"Alto","crime_color":"#f44336"},"geometry":{"type":"Polygon","coordinates":[[[-70.6729974449999,-33.508138825131],[-70.6731890029999,-33.508449577131],[-70.6744242839999,-33.507910971131],[-70.6742054859999,-33.507617829131],[-70.6729974449999,-33.508138825131]]]}},{"type":"Feature","properties":{"id":"13121081002011","commune":"Pedro Aguirre Cerda","code":"13121","gse":"C3","quintil":"Q2","nse_score":708.4,"educ":10.0,"educ_score":466.7,"hacin":1.352,"hacin_class":"Hacinamiento Leve","hacin_score":776.1,"auto_score":129.6,"n_per":96,"n_hog":30,"source_year":2024,"crime_score":0.3794,"crime_nivel":"Alto","crime_color":"#f44336"},"geometry":{"type":"Polygon","coordinates":[[[-70.6751350839999,-33.508928110131],[-70.6755042779999,-33.508800150131],[-70.6748791769999,-33.507740607131],[-70.6744941159999,-33.507906187131],[-70.6751350839999,-33.508928110131]]]}},{"type":"Feature","properties":{"id":"13121081002012","commune":"Pedro Aguirre Cerda","code":"13121","gse":"C3","quintil":"Q3","nse_score":724.4,"educ":10.9,"educ_score":526.7,"hacin":1.273,"hacin_class":"Hacinamiento Leve","hacin_score":793.0,"auto_score":206.9,"n_per":98,"n_hog":30,"source_year":2024,"crime_score":0.3763,"crime_nivel":"Alto","crime_color":"#f44336"},"geometry":{"type":"Polygon","coordinates":[[[-70.6740394919999,-33.508109193131],[-70.674693025,-33.509159545131],[-70.6750361729999,-33.509000483131],[-70.6744390869999,-33.507934871131],[-70.6740394919999,-33.508109193131]]]}},{"type":"Feature","properties":{"id":"13121081002014","commune":"Pedro Aguirre Cerda","code":"13121","gse":"C3","quintil":"Q2","nse_score":714.5,"educ":11.2,"educ_score":546.7,"hacin":1.5,"hacin_class":"Hacinamiento Medio","hacin_score":744.7,"auto_score":103.4,"n_per":105,"n_hog":31,"source_year":2024,"crime_score":0.3797,"crime_nivel":"Alto","crime_color":"#f44336"},"geometry":{"type":"Polygon","coordinates":[[[-70.6718216583333,-33.5086520517977],[-70.6720202729999,-33.508959232131],[-70.6731603639999,-33.508462065131],[-70.6729689139999,-33.508151257131],[-70.6718216583333,-33.5086520517977]]]}},{"type":"Feature","properties":{"id":"13121081002015","commune":"Pedro Aguirre Cerda","code":"13121","gse":"C3","quintil":"Q3","nse_score":741.1,"educ":11.1,"educ_score":540.0,"hacin":1.361,"hacin_class":"Hacinamiento Leve","hacin_score":774.2,"auto_score":178.6,"n_per":98,"n_hog":31,"source_year":2024,"crime_score":0.3728,"crime_nivel":"Alto","crime_color":"#f44336"},"geometry":{"type":"Polygon","coordinates":[[[-70.6738516209999,-33.509522731131],[-70.6742072199999,-33.509371676131],[-70.6735592989999,-33.508318592131],[-70.6732038279999,-33.508473632131],[-70.6738516209999,-33.509522731131]]]}},{"type":"Feature","properties":{"id":"13121081002016","commune":"Pedro Aguirre Cerda","code":"13121","gse":"C3","quintil":"Q3","nse_score":741.9,"educ":10.8,"educ_score":520.0,"hacin":1.231,"hacin_class":"Hacinamiento Leve","hacin_score":802.0,"auto_score":166.7,"n_per":96,"n_hog":30,"source_year":2024,"crime_score":0.3723,"crime_nivel":"Alto","crime_color":"#f44336"},"geometry":{"type":"Polygon","coordinates":[[[-70.6720356609999,-33.508983042131],[-70.6722230779999,-33.509272910131],[-70.6733574599999,-33.508781814131],[-70.6731751909999,-33.508486096131],[-70.6720356609999,-33.508983042131]]]}},{"type":"Feature","properties":{"id":"13121081002017","commune":"Pedro Aguirre Cerda","code":"13121","gse":"C3","quintil":"Q3","nse_score":725.4,"educ":11.0,"educ_score":533.3,"hacin":1.231,"hacin_class":"Hacinamiento Leve","hacin_score":802.0,"auto_score":196.4,"n_per":80,"n_hog":29,"source_year":2024,"crime_score":0.3729,"crime_nivel":"Alto","crime_color":"#f44336"},"geometry":{"type":"Polygon","coordinates":[[[-70.6706598319999,-33.5092252737977],[-70.6707887669999,-33.509493208131],[-70.6719916309999,-33.508971722131],[-70.6717931309999,-33.508664488131],[-70.6706598319999,-33.5092252737977]]]}},{"type":"Feature","properties":{"id":"13121081002019","commune":"Pedro Aguirre Cerda","code":"13121","gse":"C3","quintil":"Q3","nse_score":722.7,"educ":11.5,"educ_score":566.7,"hacin":1.508,"hacin_class":"Hacinamiento Medio","hacin_score":743.0,"auto_score":230.8,"n_per":95,"n_hog":28,"source_year":2024,"crime_score":0.3761,"crime_nivel":"Alto","crime_color":"#f44336"},"geometry":{"type":"Polygon","coordinates":[[[-70.6722384509999,-33.509296699131],[-70.6724344929999,-33.509599905131],[-70.6735680259999,-33.509118973131],[-70.6733723519999,-33.508805787131],[-70.6722384509999,-33.509296699131]]]}},{"type":"Feature","properties":{"id":"13121081002021","commune":"Pedro Aguirre Cerda","code":"13121","gse":"C3","quintil":"Q3","nse_score":727.9,"educ":11.2,"educ_score":546.7,"hacin":1.3,"hacin_class":"Hacinamiento Leve","hacin_score":787.2,"auto_score":134.6,"n_per":78,"n_hog":26,"source_year":2024,"crime_score":0.372,"crime_nivel":"Alto","crime_color":"#f44336"},"geometry":{"type":"Polygon","coordinates":[[[-70.6708008389999,-33.509518282131],[-70.6709483249999,-33.509824756131],[-70.6721943889999,-33.509285330131],[-70.6720070199999,-33.508995507131],[-70.6708008389999,-33.509518282131]]]}},{"type":"Feature","properties":{"id":"13121081002022","commune":"Pedro Aguirre Cerda","code":"13121","gse":"D","quintil":"Q2","nse_score":698.9,"educ":10.6,"educ_score":506.7,"hacin":1.386,"hacin_class":"Hacinamiento Leve","hacin_score":769.0,"auto_score":206.9,"n_per":97,"n_hog":29,"source_year":2024,"crime_score":0.3815,"crime_nivel":"Alto","crime_color":"#f44336"},"geometry":{"type":"Polygon","coordinates":[[[-70.6724498649999,-33.509623691131],[-70.6727070219999,-33.510021429131],[-70.673824813,-33.509537501131],[-70.6735828739999,-33.509142958131],[-70.6724498649999,-33.509623691131]]]}},{"type":"Feature","properties":{"id":"13121081002023","commune":"Pedro Aguirre Cerda","code":"13121","gse":"C3","quintil":"Q2","nse_score":708.6,"educ":11.0,"educ_score":533.3,"hacin":1.439,"hacin_class":"Hacinamiento Leve","hacin_score":757.7,"auto_score":180.0,"n_per":82,"n_hog":27,"source_year":2024,"crime_score":0.3768,"crime_nivel":"Alto","crime_color":"#f44336"},"geometry":{"type":"Polygon","coordinates":[[[-70.6709604229999,-33.509849868131],[-70.6711106119999,-33.510161578131],[-70.672405679,-33.509612130131],[-70.6722097649999,-33.509309093131],[-70.6709604229999,-33.509849868131]]]}},{"type":"Feature","properties":{"id":"13121081002024","commune":"Pedro Aguirre Cerda","code":"13121","gse":"C3","quintil":"Q3","nse_score":739.0,"educ":10.9,"educ_score":526.7,"hacin":1.423,"hacin_class":"Hacinamiento Leve","hacin_score":761.0,"auto_score":195.7,"n_per":74,"n_hog":28,"source_year":2024,"crime_score":0.369,"crime_nivel":"Alto","crime_color":"#f44336"},"geometry":{"type":"Polygon","coordinates":[[[-70.6713367659999,-33.510555902131],[-70.6719610339999,-33.510349469131],[-70.6726783839999,-33.510033915131],[-70.6724210539999,-33.509635892131],[-70.6711226999999,-33.510186649131],[-70.6713367659999,-33.510555902131]]]}}]}