{"type":"FeatureCollection","features":[{"type":"Feature","properties":{"id":"1401011001004","commune":"Pozo Almonte","code":"01401","gse":"C3","quintil":"Q3","nse_score":712.9,"educ":11.6,"educ_score":573.3,"hacin":1.549,"hacin_class":"Hacinamiento Medio","hacin_score":734.2,"auto_score":166.7,"n_per":110,"n_hog":31,"source_year":2024},"geometry":{"type":"Polygon","coordinates":[[[-69.7864880449999,-20.2498725863866],[-69.7869030359999,-20.2499001823866],[-69.7869780119999,-20.2489706963866],[-69.7865769489999,-20.2489517133866],[-69.7864880449999,-20.2498725863866]]]}},{"type":"Feature","properties":{"id":"1401011001005","commune":"Pozo Almonte","code":"01401","gse":"C3","quintil":"Q3","nse_score":702.9,"educ":11.4,"educ_score":560.0,"hacin":1.414,"hacin_class":"Hacinamiento Leve","hacin_score":763.0,"auto_score":20.8,"n_per":82,"n_hog":25,"source_year":2024},"geometry":{"type":"Polygon","coordinates":[[[-69.787049711,-20.2489683863866],[-69.7869341769999,-20.2499051023866],[-69.787345323,-20.2499483453866],[-69.7874363419999,-20.2490111983866],[-69.787049711,-20.2489683863866]]]}},{"type":"Feature","properties":{"id":"1401011001006","commune":"Pozo Almonte","code":"01401","gse":"C3","quintil":"Q3","nse_score":690.2,"educ":10.4,"educ_score":493.3,"hacin":1.365,"hacin_class":"Hacinamiento Leve","hacin_score":773.4,"auto_score":108.7,"n_per":86,"n_hog":23,"source_year":2024},"geometry":{"type":"Polygon","coordinates":[[[-69.7874898119999,-20.2490013803866],[-69.7873884409999,-20.2499360443866],[-69.7877955119999,-20.2499877983866],[-69.7878978429999,-20.2490730983866],[-69.7874898119999,-20.2490013803866]]]}},{"type":"Feature","properties":{"id":"1401011001007","commune":"Pozo Almonte","code":"01401","gse":"C3","quintil":"Q3","nse_score":694.3,"educ":11.4,"educ_score":560.0,"hacin":1.422,"hacin_class":"Hacinamiento Leve","hacin_score":761.3,"auto_score":80.6,"n_per":91,"n_hog":33,"source_year":2024},"geometry":{"type":"Polygon","coordinates":[[[-69.7878467569999,-20.2499922673865],[-69.788467695,-20.2500015843866],[-69.7885103929999,-20.2496026433866],[-69.7881221,-20.2495473223866],[-69.7885180709999,-20.2495305033866],[-69.7885272269999,-20.2490870773866],[-69.7879333429999,-20.2490500783866],[-69.7878467569999,-20.2499922673865]]]}},{"type":"Feature","properties":{"id":"1401011001008","commune":"Pozo Almonte","code":"01401","gse":"C3","quintil":"Q3","nse_score":713.0,"educ":11.8,"educ_score":586.7,"hacin":1.636,"hacin_class":"Hacinamiento Medio","hacin_score":715.7,"auto_score":272.7,"n_per":54,"n_hog":11,"source_year":2024},"geometry":{"type":"Polygon","coordinates":[[[-69.7885708019999,-20.2500378963866],[-69.7889786719999,-20.2500771753866],[-69.7890564219999,-20.2491306893866],[-69.7886322259999,-20.2491381993866],[-69.7885708019999,-20.2500378963866]]]}},{"type":"Feature","properties":{"id":"1401011001009","commune":"Pozo Almonte","code":"01401","gse":"C2","quintil":"Q4","nse_score":768.0,"educ":12.1,"educ_score":606.7,"hacin":1.296,"hacin_class":"Hacinamiento Leve","hacin_score":788.2,"auto_score":166.7,"n_per":57,"n_hog":18,"source_year":2024},"geometry":{"type":"Polygon","coordinates":[[[-69.7890361969999,-20.2500929093866],[-69.7894736289999,-20.2501084703866],[-69.7895466159999,-20.2491864933866],[-69.7891127409999,-20.2491730843866],[-69.7890361969999,-20.2500929093866]]]}},{"type":"Feature","properties":{"id":"1401011001016","commune":"Pozo Almonte","code":"01401","gse":"C2","quintil":"Q4","nse_score":735.9,"educ":11.6,"educ_score":573.3,"hacin":1.395,"hacin_class":"Hacinamiento Leve","hacin_score":766.9,"auto_score":235.3,"n_per":60,"n_hog":17,"source_year":2024},"geometry":{"type":"Polygon","coordinates":[[[-69.7868470079999,-20.2501815363866],[-69.7867470619999,-20.2512480263865],[-69.7871938429999,-20.2513072023866],[-69.7873762399999,-20.2502126843866],[-69.7868470079999,-20.2501815363866]]]}},{"type":"Feature","properties":{"id":"1401011001018","commune":"Pozo Almonte","code":"01401","gse":"C2","quintil":"Q3","nse_score":725.9,"educ":11.6,"educ_score":573.3,"hacin":1.407,"hacin_class":"Hacinamiento Leve","hacin_score":764.6,"auto_score":155.2,"n_per":173,"n_hog":58,"source_year":2024},"geometry":{"type":"Polygon","coordinates":[[[-69.7890041489999,-20.2503444293866],[-69.7885340849999,-20.2503131103865],[-69.7883976929999,-20.2519337483865],[-69.7888447469999,-20.2519579413865],[-69.7890041489999,-20.2503444293866]]]}},{"type":"Feature","properties":{"id":"1401011001019","commune":"Pozo Almonte","code":"01401","gse":"C3","quintil":"Q3","nse_score":692.4,"educ":12.4,"educ_score":626.7,"hacin":1.37,"hacin_class":"Hacinamiento Leve","hacin_score":772.4,"auto_score":200.0,"n_per":63,"n_hog":30,"source_year":2024},"geometry":{"type":"Polygon","coordinates":[[[-69.7890762729999,-20.2503503393866],[-69.7888222379999,-20.2525541863865],[-69.7890293819999,-20.2531865073865],[-69.7891338659999,-20.2531761603865],[-69.7896961629999,-20.2504836893866],[-69.7896407429999,-20.2503827293866],[-69.7890762729999,-20.2503503393866]]]}},{"type":"Feature","properties":{"id":"1401011001021","commune":"Pozo Almonte","code":"01401","gse":"C1","quintil":"Q5","nse_score":784.0,"educ":13.2,"educ_score":680.0,"hacin":1.438,"hacin_class":"Hacinamiento Leve","hacin_score":758.0,"auto_score":230.8,"n_per":46,"n_hog":13,"source_year":2024},"geometry":{"type":"Polygon","coordinates":[[[-69.7878446029999,-20.2519002713865],[-69.7882883519999,-20.2518954763865],[-69.7883635309999,-20.2508180743866],[-69.7879611679999,-20.2507891603866],[-69.7878052799999,-20.2514121543865],[-69.7878446029999,-20.2519002713865]]]}},{"type":"Feature","properties":{"id":"1401011001023","commune":"Pozo Almonte","code":"01401","gse":"C2","quintil":"Q3","nse_score":721.2,"educ":13.9,"educ_score":726.7,"hacin":1.214,"hacin_class":"Hacinamiento Leve","hacin_score":805.5,"auto_score":111.1,"n_per":17,"n_hog":8,"source_year":2024},"geometry":{"type":"Polygon","coordinates":[[[-69.7865144499999,-20.2535006043865],[-69.7867421189999,-20.2519393753865],[-69.7866307439999,-20.2517063003865],[-69.7866674159999,-20.2513455183865],[-69.7864225249999,-20.2512925823866],[-69.7862044699999,-20.2534138053865],[-69.7865144499999,-20.2535006043865]]]}},{"type":"Feature","properties":{"id":"1401011001025","commune":"Pozo Almonte","code":"01401","gse":"C3","quintil":"Q2","nse_score":665.4,"educ":10.8,"educ_score":520.0,"hacin":1.359,"hacin_class":"Hacinamiento Leve","hacin_score":774.7,"auto_score":125.0,"n_per":53,"n_hog":20,"source_year":2024},"geometry":{"type":"Polygon","coordinates":[[[-69.786863078,-20.2518703423865],[-69.7867495929999,-20.2523777583865],[-69.7876890229999,-20.2524515203865],[-69.7876835929999,-20.2519442763865],[-69.786863078,-20.2518703423865]]]}},{"type":"Feature","properties":{"id":"1401011001027","commune":"Pozo Almonte","code":"01401","gse":"C3","quintil":"Q3","nse_score":701.4,"educ":12.6,"educ_score":640.0,"hacin":1.59,"hacin_class":"Hacinamiento Medio","hacin_score":725.5,"auto_score":236.1,"n_per":97,"n_hog":37,"source_year":2024},"geometry":{"type":"Polygon","coordinates":[[[-69.7890334759999,-20.2536446383865],[-69.7887350189999,-20.2525567863865],[-69.7888157339999,-20.2520432423865],[-69.7883573899999,-20.2519917583865],[-69.7883531399999,-20.2525913913865],[-69.7888333239999,-20.2546345703865],[-69.7890334759999,-20.2536446383865]]]}},{"type":"Feature","properties":{"id":"1401011001028","commune":"Pozo Almonte","code":"01401","gse":"C3","quintil":"Q3","nse_score":705.9,"educ":10.5,"educ_score":500.0,"hacin":1.292,"hacin_class":"Hacinamiento Leve","hacin_score":789.0,"auto_score":76.9,"n_per":31,"n_hog":13,"source_year":2024},"geometry":{"type":"Polygon","coordinates":[[[-69.7867425329999,-20.2529530973865],[-69.7876722089999,-20.2527626073865],[-69.7876908819999,-20.2524973233865],[-69.7867452989999,-20.2524188003865],[-69.7867425329999,-20.2529530973865]]]}},{"type":"Feature","properties":{"id":"1401011001029","commune":"Pozo Almonte","code":"01401","gse":"C1","quintil":"Q5","nse_score":812.6,"educ":13.7,"educ_score":713.3,"hacin":1.216,"hacin_class":"Hacinamiento Leve","hacin_score":805.1,"auto_score":107.1,"n_per":45,"n_hog":16,"source_year":2024},"geometry":{"type":"Polygon","coordinates":[[[-69.7885046979999,-20.2538040343865],[-69.7882977959999,-20.2527044973865],[-69.7878227769999,-20.2527741293865],[-69.7880511099999,-20.2538713113865],[-69.7885046979999,-20.2538040343865]]]}},{"type":"Feature","properties":{"id":"1401011001030","commune":"Pozo Almonte","code":"01401","gse":"C1","quintil":"Q5","nse_score":797.0,"educ":13.9,"educ_score":726.7,"hacin":1.214,"hacin_class":"Hacinamiento Leve","hacin_score":805.5,"auto_score":294.1,"n_per":51,"n_hog":17,"source_year":2024},"geometry":{"type":"Polygon","coordinates":[[[-69.7867277349999,-20.2530185833865],[-69.7868663759999,-20.2535131213865],[-69.7878451529999,-20.2532620503865],[-69.7876927309999,-20.2528070613865],[-69.7867277349999,-20.2530185833865]]]}},{"type":"Feature","properties":{"id":"1401011001032","commune":"Pozo Almonte","code":"01401","gse":"C2","quintil":"Q4","nse_score":756.0,"educ":13.1,"educ_score":673.3,"hacin":1.292,"hacin_class":"Hacinamiento Leve","hacin_score":789.0,"auto_score":250.0,"n_per":31,"n_hog":10,"source_year":2024},"geometry":{"type":"Polygon","coordinates":[[[-69.7874824519999,-20.2534288533865],[-69.7875844949999,-20.2539944863865],[-69.7879920469999,-20.2539116053865],[-69.7878707379999,-20.2533612393865],[-69.7874824519999,-20.2534288533865]]]}},{"type":"Feature","properties":{"id":"1401011001034","commune":"Pozo Almonte","code":"01401","gse":"C2","quintil":"Q3","nse_score":720.3,"educ":11.5,"educ_score":566.7,"hacin":1.184,"hacin_class":"Hacinamiento Leve","hacin_score":812.0,"auto_score":175.0,"n_per":58,"n_hog":20,"source_year":2024},"geometry":{"type":"Polygon","coordinates":[[[-69.7874053149999,-20.2534925413865],[-69.7868800789999,-20.2535726063865],[-69.7871371909999,-20.2546627933865],[-69.7876571189999,-20.2545356743865],[-69.7874053149999,-20.2534925413865]]]}},{"type":"Feature","properties":{"id":"1401011001035","commune":"Pozo Almonte","code":"01401","gse":"D","quintil":"Q2","nse_score":634.3,"educ":12.3,"educ_score":620.0,"hacin":2.395,"hacin_class":"Hacinamiento Medio","hacin_score":554.3,"auto_score":125.0,"n_per":91,"n_hog":36,"source_year":2024},"geometry":{"type":"Polygon","coordinates":[[[-69.7859028579999,-20.2535383823865],[-69.7858225889999,-20.2570191653864],[-69.7864545409999,-20.2569853393864],[-69.7865019339999,-20.2563576823864],[-69.7870427959999,-20.2563745923864],[-69.7870589329999,-20.2548459383865],[-69.7868088659999,-20.2535957863865],[-69.7859028579999,-20.2535383823865]]]}},{"type":"Feature","properties":{"id":"1401011001036","commune":"Pozo Almonte","code":"01401","gse":"D","quintil":"Q1","nse_score":572.5,"educ":10.3,"educ_score":486.7,"hacin":1.641,"hacin_class":"Hacinamiento Medio","hacin_score":714.6,"auto_score":163.5,"n_per":215,"n_hog":55,"source_year":2024},"geometry":{"type":"Polygon","coordinates":[[[-69.7891024959999,-20.2535709663865],[-69.7874841369999,-20.2609780523863],[-69.7864350159999,-20.2611882353863],[-69.7864201529999,-20.2617505583863],[-69.7870338109999,-20.2617334473863],[-69.7870440949999,-20.2619631323863],[-69.7869950369999,-20.2617580343863],[-69.7864175909999,-20.2618234653863],[-69.786426822,-20.2621689483863],[-69.7868651469999,-20.2621996663863],[-69.7864321329999,-20.2622504933863],[-69.786457487,-20.2625316633863],[-69.7868899119999,-20.2625539383863],[-69.7864628709999,-20.2625929913863],[-69.7864886589999,-20.2629032543862],[-69.7869210619999,-20.2629210123862],[-69.7864939579999,-20.2629668423863],[-69.7865155299999,-20.2632574263862],[-69.7869457139999,-20.2632526943863],[-69.7865202819999,-20.2633264383862],[-69.7865414219999,-20.2636072653863],[-69.7869776679999,-20.2636271723862],[-69.7865478939999,-20.2636755473862],[-69.786570062,-20.2641765443862],[-69.7860343669999,-20.2646042873862],[-69.7862498489999,-20.2648498873862],[-69.7861927109999,-20.2651610783862],[-69.7863245469999,-20.2653181673862],[-69.7865595629999,-20.2653073543862],[-69.7870232499999,-20.2655460753862],[-69.7872742589999,-20.2654860933862],[-69.7886018709999,-20.2628119033863],[-69.7904513919999,-20.2542623203865],[-69.7901509069999,-20.2539190893865],[-69.7891024959999,-20.2535709663865]]]}},{"type":"Feature","properties":{"id":"1401011001038","commune":"Pozo Almonte","code":"01401","gse":"C3","quintil":"Q2","nse_score":684.0,"educ":11.6,"educ_score":573.3,"hacin":1.5,"hacin_class":"Hacinamiento Medio","hacin_score":744.7,"auto_score":250.0,"n_per":57,"n_hog":17,"source_year":2024},"geometry":{"type":"Polygon","coordinates":[[[-69.7883416319999,-20.2544655533865],[-69.7883493579999,-20.2547764363864],[-69.7882944989999,-20.2544777003864],[-69.7871290819999,-20.2547446033865],[-69.7871372429999,-20.2560027983864],[-69.7877148559999,-20.2560358053864],[-69.7877748459999,-20.2551162363864],[-69.7887202709999,-20.2551343373865],[-69.788712529,-20.2544026003865],[-69.7883416319999,-20.2544655533865]]]}},{"type":"Feature","properties":{"id":"1401011001039","commune":"Pozo Almonte","code":"01401","gse":"C2","quintil":"Q4","nse_score":730.4,"educ":12.3,"educ_score":620.0,"hacin":1.412,"hacin_class":"Hacinamiento Leve","hacin_score":763.5,"auto_score":200.0,"n_per":48,"n_hog":16,"source_year":2024},"geometry":{"type":"Polygon","coordinates":[[[-69.7886071169999,-20.2556192793864],[-69.7887115159999,-20.2551718563865],[-69.7877904269999,-20.2551682123864],[-69.7877819219999,-20.2555699813864],[-69.7886071169999,-20.2556192793864]]]}},{"type":"Feature","properties":{"id":"1401011001040","commune":"Pozo Almonte","code":"01401","gse":"C3","quintil":"Q3","nse_score":708.5,"educ":11.9,"educ_score":593.3,"hacin":1.31,"hacin_class":"Hacinamiento Leve","hacin_score":785.0,"auto_score":142.9,"n_per":38,"n_hog":14,"source_year":2024},"geometry":{"type":"Polygon","coordinates":[[[-69.7885060389999,-20.2560762673864],[-69.7885994609999,-20.2556520863864],[-69.7877664329999,-20.2556313133864],[-69.7877480219999,-20.2560433363864],[-69.7885060389999,-20.2560762673864]]]}},{"type":"Feature","properties":{"id":"1401011001041","commune":"Pozo Almonte","code":"01401","gse":"D","quintil":"Q2","nse_score":648.1,"educ":10.8,"educ_score":520.0,"hacin":1.528,"hacin_class":"Hacinamiento Medio","hacin_score":738.7,"auto_score":111.1,"n_per":81,"n_hog":28,"source_year":2024},"geometry":{"type":"Polygon","coordinates":[[[-69.7884863309999,-20.2561657493864],[-69.7871464009999,-20.2561101923864],[-69.7871117199999,-20.2566568313864],[-69.7883772069999,-20.2566612153864],[-69.7884863309999,-20.2561657493864]]]}},{"type":"Feature","properties":{"id":"1401011001043","commune":"Pozo Almonte","code":"01401","gse":"D","quintil":"Q2","nse_score":651.6,"educ":11.8,"educ_score":586.7,"hacin":1.7,"hacin_class":"Hacinamiento Medio","hacin_score":702.1,"auto_score":156.2,"n_per":68,"n_hog":22,"source_year":2024},"geometry":{"type":"Polygon","coordinates":[[[-69.788360844,-20.2567355103864],[-69.7871384249999,-20.2567692073864],[-69.7872503649999,-20.2571514603864],[-69.7871396179999,-20.2572907463864],[-69.787211425,-20.2580498813863],[-69.7880730749999,-20.2580393433864],[-69.788360844,-20.2567355103864]]]}},{"type":"Feature","properties":{"id":"1401011001044","commune":"Pozo Almonte","code":"01401","gse":"D","quintil":"Q2","nse_score":642.5,"educ":10.8,"educ_score":520.0,"hacin":1.808,"hacin_class":"Hacinamiento Medio","hacin_score":679.2,"auto_score":153.8,"n_per":47,"n_hog":15,"source_year":2024},"geometry":{"type":"Polygon","coordinates":[[[-69.7870097219999,-20.2570693203864],[-69.7865423469999,-20.2571006033864],[-69.7865535399999,-20.2580871693864],[-69.7871270719999,-20.2580499883864],[-69.7870097219999,-20.2570693203864]]]}},{"type":"Feature","properties":{"id":"1401011001045","commune":"Pozo Almonte","code":"01401","gse":"C3","quintil":"Q2","nse_score":678.4,"educ":11.5,"educ_score":566.7,"hacin":1.422,"hacin_class":"Hacinamiento Leve","hacin_score":761.2,"auto_score":50.0,"n_per":64,"n_hog":31,"source_year":2024},"geometry":{"type":"Polygon","coordinates":[[[-69.7864594169999,-20.2580485573864],[-69.7864371789999,-20.2571121893864],[-69.7857661979999,-20.2571150163864],[-69.7857858909999,-20.2580983823864],[-69.7864594169999,-20.2580485573864]]]}},{"type":"Feature","properties":{"id":"1401011001046","commune":"Pozo Almonte","code":"01401","gse":"D","quintil":"Q2","nse_score":652.7,"educ":11.3,"educ_score":553.3,"hacin":1.577,"hacin_class":"Hacinamiento Medio","hacin_score":728.3,"auto_score":225.8,"n_per":82,"n_hog":32,"source_year":2024},"geometry":{"type":"Polygon","coordinates":[[[-69.7878315679999,-20.2591856023863],[-69.7880543009999,-20.2581367533863],[-69.7872413199999,-20.2581681153864],[-69.7872987979999,-20.2591803153863],[-69.7878315679999,-20.2591856023863]]]}},{"type":"Feature","properties":{"id":"1401011001047","commune":"Pozo Almonte","code":"01401","gse":"C2","quintil":"Q4","nse_score":747.0,"educ":11.7,"educ_score":580.0,"hacin":1.632,"hacin_class":"Hacinamiento Medio","hacin_score":716.7,"auto_score":0.0,"n_per":31,"n_hog":8,"source_year":2024},"geometry":{"type":"Polygon","coordinates":[[[-69.7870877259999,-20.2581651903864],[-69.786544966,-20.2581908483864],[-69.7865677139999,-20.2591903733864],[-69.787224895,-20.2591643823863],[-69.7870877259999,-20.2581651903864]]]}},{"type":"Feature","properties":{"id":"1401011001048","commune":"Pozo Almonte","code":"01401","gse":"D","quintil":"Q2","nse_score":621.3,"educ":10.9,"educ_score":526.7,"hacin":1.756,"hacin_class":"Hacinamiento Medio","hacin_score":690.2,"auto_score":35.7,"n_per":72,"n_hog":28,"source_year":2024},"geometry":{"type":"Polygon","coordinates":[[[-69.7864788629999,-20.2591530933864],[-69.7864760079999,-20.2582058853864],[-69.7857927239999,-20.2582003653864],[-69.7857953779999,-20.2591843493863],[-69.7864788629999,-20.2591530933864]]]}},{"type":"Feature","properties":{"id":"1401011001049","commune":"Pozo Almonte","code":"01401","gse":"C2","quintil":"Q3","nse_score":724.6,"educ":11.1,"educ_score":540.0,"hacin":1.21,"hacin_class":"Hacinamiento Leve","hacin_score":806.3,"auto_score":166.7,"n_per":23,"n_hog":6,"source_year":2024},"geometry":{"type":"Polygon","coordinates":[[[-69.7878153169999,-20.2592657503863],[-69.7873157089999,-20.2592870423863],[-69.7873923849999,-20.2600619663863],[-69.7876545329999,-20.2600587273863],[-69.7878153169999,-20.2592657503863]]]}},{"type":"Feature","properties":{"id":"1401011001050","commune":"Pozo Almonte","code":"01401","gse":"C3","quintil":"Q2","nse_score":678.0,"educ":12.1,"educ_score":606.7,"hacin":1.0,"hacin_class":"Hacinamiento Leve","hacin_score":851.1,"auto_score":0.0,"n_per":10,"n_hog":4,"source_year":2024},"geometry":{"type":"Polygon","coordinates":[[[-69.7865848859999,-20.2592919483863],[-69.7865674789999,-20.2600939513863],[-69.7872916869999,-20.2600678403863],[-69.7872259169999,-20.2592910593864],[-69.7865848859999,-20.2592919483863]]]}},{"type":"Feature","properties":{"id":"1401011001052","commune":"Pozo Almonte","code":"01401","gse":"D","quintil":"Q2","nse_score":634.8,"educ":11.0,"educ_score":533.3,"hacin":1.482,"hacin_class":"Hacinamiento Leve","hacin_score":748.5,"auto_score":15.2,"n_per":83,"n_hog":33,"source_year":2024},"geometry":{"type":"Polygon","coordinates":[[[-69.7875878999999,-20.2601571463863],[-69.7865653829999,-20.2601720303863],[-69.7865805349999,-20.2610130113863],[-69.7873998159999,-20.2609163753863],[-69.7875878999999,-20.2601571463863]]]}},{"type":"Feature","properties":{"id":"1401011001053","commune":"Pozo Almonte","code":"01401","gse":"C2","quintil":"Q4","nse_score":747.7,"educ":13.2,"educ_score":680.0,"hacin":1.308,"hacin_class":"Hacinamiento Leve","hacin_score":785.6,"auto_score":100.0,"n_per":17,"n_hog":5,"source_year":2024},"geometry":{"type":"Polygon","coordinates":[[[-69.7864847709999,-20.2602118783863],[-69.7858017109999,-20.2602143983863],[-69.7858292799999,-20.2611261653863],[-69.7864882119999,-20.2610280633863],[-69.7864847709999,-20.2602118783863]]]}},{"type":"Feature","properties":{"id":"1401011001054","commune":"Pozo Almonte","code":"01401","gse":"C2","quintil":"Q3","nse_score":718.6,"educ":11.0,"educ_score":533.3,"hacin":1.0,"hacin_class":"Hacinamiento Leve","hacin_score":851.1,"auto_score":125.0,"n_per":8,"n_hog":4,"source_year":2024},"geometry":{"type":"Polygon","coordinates":[[[-69.7858147299999,-20.2618278573863],[-69.7863444389999,-20.2617810523863],[-69.7863511389999,-20.2611690943863],[-69.7858138549999,-20.2612574333863],[-69.7858147299999,-20.2618278573863]]]}},{"type":"Feature","properties":{"id":"1401011001055","commune":"Pozo Almonte","code":"01401","gse":"C3","quintil":"Q2","nse_score":686.3,"educ":10.8,"educ_score":520.0,"hacin":1.423,"hacin_class":"Hacinamiento Leve","hacin_score":761.0,"auto_score":0.0,"n_per":37,"n_hog":10,"source_year":2024},"geometry":{"type":"Polygon","coordinates":[[[-69.7853717199999,-20.2643830493862],[-69.7860138679999,-20.2645466293862],[-69.7865347579999,-20.2641127113862],[-69.7863330489999,-20.2618443643863],[-69.7858149869999,-20.2618688773863],[-69.7857105719999,-20.2632178293862],[-69.7853717199999,-20.2643830493862]]]}},{"type":"Feature","properties":{"id":"1401011001057","commune":"Pozo Almonte","code":"01401","gse":"D","quintil":"Q1","nse_score":574.6,"educ":11.0,"educ_score":533.3,"hacin":1.56,"hacin_class":"Hacinamiento Medio","hacin_score":731.9,"auto_score":41.7,"n_per":39,"n_hog":12,"source_year":2024},"geometry":{"type":"Polygon","coordinates":[[[-69.7840889149999,-20.2669328193861],[-69.7853197399999,-20.2671411673861],[-69.7851905619999,-20.2656621823862],[-69.7852655909999,-20.2647088473862],[-69.7840889149999,-20.2669328193861]]]}},{"type":"Feature","properties":{"id":"1401011001059","commune":"Pozo Almonte","code":"01401","gse":"D","quintil":"Q1","nse_score":534.4,"educ":11.3,"educ_score":553.3,"hacin":1.916,"hacin_class":"Hacinamiento Medio","hacin_score":656.2,"auto_score":270.3,"n_per":159,"n_hog":38,"source_year":2024},"geometry":{"type":"Polygon","coordinates":[[[-69.7868153929999,-20.2661510263862],[-69.786193582,-20.2665702263862],[-69.7860966989999,-20.2670923233861],[-69.7867228699999,-20.2670980053861],[-69.786936421,-20.2673829623861],[-69.787290417,-20.2674265143862],[-69.7869571529999,-20.2674242453861],[-69.7871892319999,-20.2677506383861],[-69.7867087989999,-20.2671319313861],[-69.7862374679999,-20.2671664323862],[-69.7863753549999,-20.2672868943861],[-69.7863535139999,-20.2681319223861],[-69.7855898369999,-20.2685884183861],[-69.7857998399999,-20.2698368693861],[-69.7867338089999,-20.2701240473861],[-69.7868992829999,-20.2696050273861],[-69.7881024349999,-20.2687045503861],[-69.7889326509999,-20.2686657553861],[-69.7889138619999,-20.2681629713861],[-69.78960459,-20.2679978323861],[-69.7896872409999,-20.2678206543861],[-69.7879477259999,-20.2680737813861],[-69.7877695679999,-20.2670648403861],[-69.7871242549999,-20.2667974803861],[-69.7869734019999,-20.2662534723862],[-69.7868153929999,-20.2661510263862]]]}},{"type":"Feature","properties":{"id":"1401011001060","commune":"Pozo Almonte","code":"01401","gse":"D","quintil":"Q1","nse_score":543.4,"educ":9.0,"educ_score":400.0,"hacin":1.952,"hacin_class":"Hacinamiento Medio","hacin_score":648.4,"auto_score":0.0,"n_per":41,"n_hog":9,"source_year":2024},"geometry":{"type":"Polygon","coordinates":[[[-69.7853796159999,-20.2671364903861],[-69.7860588229999,-20.2671409763862],[-69.7861485149999,-20.2663318523862],[-69.7852690429999,-20.2661764963862],[-69.7853796159999,-20.2671364903861]]]}},{"type":"Feature","properties":{"id":"1401011001061","commune":"Pozo Almonte","code":"01401","gse":"D","quintil":"Q2","nse_score":650.5,"educ":10.4,"educ_score":493.3,"hacin":1.346,"hacin_class":"Hacinamiento Leve","hacin_score":777.4,"auto_score":200.0,"n_per":35,"n_hog":10,"source_year":2024},"geometry":{"type":"Polygon","coordinates":[[[-69.783182731,-20.2686021163861],[-69.7843258959999,-20.2688595943861],[-69.784750733,-20.2671403003861],[-69.7840598799999,-20.2669871233861],[-69.783182731,-20.2686021163861]]]}},{"type":"Feature","properties":{"id":"1401011001062","commune":"Pozo Almonte","code":"01401","gse":"C3","quintil":"Q3","nse_score":694.0,"educ":11.5,"educ_score":566.7,"hacin":1.333,"hacin_class":"Hacinamiento Leve","hacin_score":780.1,"auto_score":388.9,"n_per":36,"n_hog":8,"source_year":2024},"geometry":{"type":"Polygon","coordinates":[[[-69.7856179759999,-20.2691070763861],[-69.7853394779999,-20.2672857593861],[-69.78481912,-20.2671552373861],[-69.7843860639999,-20.2688731463861],[-69.7856179759999,-20.2691070763861]]]}},{"type":"Feature","properties":{"id":"1401011001063","commune":"Pozo Almonte","code":"01401","gse":"D","quintil":"Q1","nse_score":569.0,"educ":9.2,"educ_score":413.3,"hacin":1.667,"hacin_class":"Hacinamiento Medio","hacin_score":709.2,"auto_score":227.3,"n_per":25,"n_hog":10,"source_year":2024},"geometry":{"type":"Polygon","coordinates":[[[-69.7863158039999,-20.2672587803862],[-69.7853876359999,-20.2671968553861],[-69.7855828179999,-20.2685486893861],[-69.7857540189999,-20.2685094093861],[-69.7859306809999,-20.2682495773861],[-69.7863148189999,-20.2681187813861],[-69.7863158039999,-20.2672587803862]]]}},{"type":"Feature","properties":{"id":"1401011001064","commune":"Pozo Almonte","code":"01401","gse":"D","quintil":"Q1","nse_score":543.5,"educ":12.0,"educ_score":600.0,"hacin":1.812,"hacin_class":"Hacinamiento Medio","hacin_score":678.2,"auto_score":142.9,"n_per":29,"n_hog":7,"source_year":2024},"geometry":{"type":"Polygon","coordinates":[[[-69.7889466359999,-20.2681889333861],[-69.7889707979999,-20.2686639883861],[-69.7895130769999,-20.2686129623861],[-69.7895990519999,-20.2680253123862],[-69.7889466359999,-20.2681889333861]]]}},{"type":"Feature","properties":{"id":"1401011001065","commune":"Pozo Almonte","code":"01401","gse":"E","quintil":"Q1","nse_score":444.7,"educ":9.5,"educ_score":433.3,"hacin":1.903,"hacin_class":"Hacinamiento Medio","hacin_score":658.9,"auto_score":105.3,"n_per":59,"n_hog":19,"source_year":2024},"geometry":{"type":"Polygon","coordinates":[[[-69.7871012549999,-20.2703441153861],[-69.7877917419999,-20.270450914386],[-69.7876710659999,-20.271430516386],[-69.7879731179999,-20.271406255386],[-69.7881828619999,-20.2698723493861],[-69.7887738249999,-20.2694120753861],[-69.7893702619999,-20.2693645453861],[-69.7895121889999,-20.2686516853861],[-69.7891950409999,-20.2686896573861],[-69.7892188519999,-20.2692626583861],[-69.7891569209999,-20.2686914233861],[-69.7881202749999,-20.2687377523861],[-69.7869281589999,-20.2696299183861],[-69.7867690289999,-20.2701391263861],[-69.7871012549999,-20.2703441153861]]]}},{"type":"Feature","properties":{"id":"1401011001066","commune":"Pozo Almonte","code":"01401","gse":"C3","quintil":"Q3","nse_score":697.5,"educ":10.5,"educ_score":500.0,"hacin":0.966,"hacin_class":"Sin Hacinamiento","hacin_score":858.4,"auto_score":100.0,"n_per":28,"n_hog":10,"source_year":2024},"geometry":{"type":"Polygon","coordinates":[[[-69.7839888109999,-20.2700288373861],[-69.784282334,-20.2689362923861],[-69.7831534589999,-20.2686570263861],[-69.7826037709999,-20.2696753773861],[-69.7839888109999,-20.2700288373861]]]}},{"type":"Feature","properties":{"id":"1401011001067","commune":"Pozo Almonte","code":"01401","gse":"C3","quintil":"Q3","nse_score":702.9,"educ":12.2,"educ_score":613.3,"hacin":1.636,"hacin_class":"Hacinamiento Medio","hacin_score":715.7,"auto_score":71.4,"n_per":18,"n_hog":7,"source_year":2024},"geometry":{"type":"Polygon","coordinates":[[[-69.7853544179999,-20.2693883713861],[-69.7853306369999,-20.2691190803861],[-69.7843715859999,-20.2689313883861],[-69.7843028499999,-20.2692079123861],[-69.7853544179999,-20.2693883713861]]]}},{"type":"Feature","properties":{"id":"1401011001068","commune":"Pozo Almonte","code":"01401","gse":"D","quintil":"Q2","nse_score":644.1,"educ":10.7,"educ_score":513.3,"hacin":1.52,"hacin_class":"Hacinamiento Medio","hacin_score":740.4,"auto_score":208.3,"n_per":38,"n_hog":13,"source_year":2024},"geometry":{"type":"Polygon","coordinates":[[[-69.7854176699999,-20.2694541313861],[-69.7842897599999,-20.2692605713861],[-69.7840959859999,-20.2700401103861],[-69.7857816599999,-20.2701252513861],[-69.7856322729999,-20.2691703683861],[-69.785388957,-20.2691289963861],[-69.7854176699999,-20.2694541313861]]]}},{"type":"Feature","properties":{"id":"1401011001069","commune":"Pozo Almonte","code":"01401","gse":"D","quintil":"Q1","nse_score":536.4,"educ":9.5,"educ_score":433.3,"hacin":1.792,"hacin_class":"Hacinamiento Medio","hacin_score":682.6,"auto_score":208.3,"n_per":43,"n_hog":12,"source_year":2024},"geometry":{"type":"Polygon","coordinates":[[[-69.7832895949999,-20.270239045386],[-69.7839296839999,-20.270335297386],[-69.7839780049999,-20.2700878763861],[-69.7825743899999,-20.2697296423861],[-69.7818222029999,-20.271139474386],[-69.7823001959999,-20.2714140723861],[-69.7836852029999,-20.271443946386],[-69.783922334,-20.270370922386],[-69.7832895949999,-20.270239045386]]]}},{"type":"Feature","properties":{"id":"1401011001071","commune":"Pozo Almonte","code":"01401","gse":"D","quintil":"Q1","nse_score":591.0,"educ":10.2,"educ_score":480.0,"hacin":2.143,"hacin_class":"Hacinamiento Medio","hacin_score":607.9,"auto_score":500.0,"n_per":30,"n_hog":9,"source_year":2024},"geometry":{"type":"Polygon","coordinates":[[[-69.7840813709999,-20.2700989033861],[-69.7837720319999,-20.271443559386],[-69.7850593339999,-20.271469555386],[-69.785022421,-20.2701978813861],[-69.7840813709999,-20.2700989033861]]]}},{"type":"Feature","properties":{"id":"1401011001001","commune":"Pozo Almonte","code":"01401","gse":"C3","quintil":"Q3","nse_score":688.6,"educ":11.7,"educ_score":580.0,"hacin":1.154,"hacin_class":"Hacinamiento Leve","hacin_score":818.3,"auto_score":0.0,"n_per":15,"n_hog":9,"source_year":2024},"geometry":{"type":"Polygon","coordinates":[[[-69.787983945,-20.2435094123867],[-69.7879827389999,-20.2436253473867],[-69.786704976,-20.2435444993867],[-69.7865938589999,-20.2449182743867],[-69.7878678559999,-20.2449990133867],[-69.7878556289999,-20.2451380743867],[-69.7865826059999,-20.2450573963867],[-69.7862873419999,-20.2487830483866],[-69.7901469129999,-20.2491898023866],[-69.7898237989999,-20.2503558233866],[-69.7904527119999,-20.2500729403866],[-69.7913529869999,-20.2502607223866],[-69.7921489279999,-20.2476208423866],[-69.7882973079999,-20.2472350513867],[-69.7886370229999,-20.2426552263868],[-69.7867782839999,-20.2425046913868],[-69.7867165779999,-20.2433807263867],[-69.787983945,-20.2435094123867]]]}},{"type":"Feature","properties":{"id":"1401011001072","commune":"Pozo Almonte","code":"01401","gse":"C3","quintil":"Q3","nse_score":699.8,"educ":12.8,"educ_score":653.3,"hacin":1.263,"hacin_class":"Hacinamiento Leve","hacin_score":795.1,"auto_score":437.5,"n_per":24,"n_hog":8,"source_year":2024},"geometry":{"type":"MultiPolygon","coordinates":[[[[-69.7860663279999,-20.271427536386],[-69.7867441969999,-20.271466629386],[-69.7867299469999,-20.2712115723861],[-69.7860425939999,-20.271243132386],[-69.7860663279999,-20.271427536386]]],[[[-69.7851272469999,-20.2714738543861],[-69.7860143299999,-20.271491789386],[-69.7857924429999,-20.2701879573861],[-69.7851219349999,-20.2701997303861],[-69.7851272469999,-20.2714738543861]]]]}},{"type":"Feature","properties":{"id":"1401011001056","commune":"Pozo Almonte","code":"01401","gse":"D","quintil":"Q2","nse_score":621.2,"educ":10.8,"educ_score":520.0,"hacin":1.718,"hacin_class":"Hacinamiento Medio","hacin_score":698.3,"auto_score":481.5,"n_per":134,"n_hog":31,"source_year":2024},"geometry":{"type":"MultiPolygon","coordinates":[[[[-69.7866818039999,-20.2655135853862],[-69.786794471,-20.2657796163862],[-69.7868133539999,-20.2661148373861],[-69.7870499449999,-20.2663076213862],[-69.7871542069999,-20.2667742623862],[-69.7877649339999,-20.2670335763862],[-69.787618876,-20.2660479873862],[-69.7873697919999,-20.2657039113862],[-69.7866818039999,-20.2655135853862]]],[[[-69.7853749169999,-20.2644502893862],[-69.7852644079999,-20.2661110993862],[-69.786168889,-20.2662752573862],[-69.7861884909999,-20.2665413003861],[-69.7863510279999,-20.2665299663862],[-69.7864731499999,-20.2664740843861],[-69.7865081989999,-20.2662324183862],[-69.7863682999999,-20.2657983623862],[-69.7865123979999,-20.2660272283862],[-69.7865558119999,-20.2664249993861],[-69.7867788279999,-20.2661656713862],[-69.7866273139999,-20.2655241223862],[-69.786773922,-20.2654913543862],[-69.7865534379999,-20.2653269893862],[-69.7863466919999,-20.2653615293862],[-69.7861816799999,-20.2651813653862],[-69.7859877039999,-20.2658517613862],[-69.7862109939999,-20.2648640013862],[-69.7859962059999,-20.2646218993862],[-69.7853749169999,-20.2644502893862]]]]}},{"type":"Feature","properties":{"id":"1401011001070","commune":"Pozo Almonte","code":"01401","gse":"D","quintil":"Q1","nse_score":589.6,"educ":11.2,"educ_score":546.7,"hacin":1.6,"hacin_class":"Hacinamiento Medio","hacin_score":723.4,"auto_score":269.2,"n_per":48,"n_hog":13,"source_year":2024},"geometry":{"type":"MultiPolygon","coordinates":[[[[-69.7872286569999,-20.271188671386],[-69.7872076609999,-20.271450652386],[-69.7876274099999,-20.271431588386],[-69.7876664049999,-20.271168569386],[-69.7872286569999,-20.271188671386]]],[[[-69.7858057979999,-20.269873585386],[-69.7860334079999,-20.2711894703861],[-69.7876734509999,-20.2711141623861],[-69.7877558569999,-20.270477880386],[-69.7869177169999,-20.2703549783861],[-69.7867777839999,-20.270182564386],[-69.7858057979999,-20.269873585386]]]]}},{"type":"Feature","properties":{"id":"1401011002001","commune":"Pozo Almonte","code":"01401","gse":"D","quintil":"Q1","nse_score":590.8,"educ":10.7,"educ_score":513.3,"hacin":1.822,"hacin_class":"Hacinamiento Medio","hacin_score":676.1,"auto_score":347.8,"n_per":82,"n_hog":24,"source_year":2024},"geometry":{"type":"Polygon","coordinates":[[[-69.7765004349999,-20.2509831623866],[-69.7750577909999,-20.2521288733865],[-69.775268863,-20.2551473183865],[-69.7765451689999,-20.2551452023864],[-69.7752699839999,-20.2551927143864],[-69.7754256279999,-20.2577281783864],[-69.777169038,-20.2576329773864],[-69.7771625139999,-20.2571089953864],[-69.7763685529999,-20.2571333943864],[-69.7760604629999,-20.2572989253864],[-69.7760538729999,-20.2571800763864],[-69.7762784999999,-20.2570890923864],[-69.7762959199999,-20.2568404053864],[-69.7777786579999,-20.2547631683865],[-69.782143861,-20.2547252683865],[-69.7825191749999,-20.2485732633866],[-69.785554826,-20.2487461213866],[-69.7862096109999,-20.2489034553866],[-69.7862939479999,-20.2478351453866],[-69.7850440389999,-20.2477559403866],[-69.7863016419999,-20.2477968343866],[-69.7865309449999,-20.2447085673867],[-69.7848542579999,-20.2445866213867],[-69.7845587229999,-20.2482335483866],[-69.7820373779999,-20.2480655033866],[-69.7818024429999,-20.2510637223866],[-69.7765004349999,-20.2509831623866]]]}},{"type":"Feature","properties":{"id":"1401011002002","commune":"Pozo Almonte","code":"01401","gse":"C3","quintil":"Q3","nse_score":703.1,"educ":11.5,"educ_score":566.7,"hacin":1.648,"hacin_class":"Hacinamiento Medio","hacin_score":713.2,"auto_score":250.0,"n_per":89,"n_hog":25,"source_year":2024},"geometry":{"type":"Polygon","coordinates":[[[-69.7836784269999,-20.2490346573866],[-69.7837378319999,-20.2486888173866],[-69.7825599769999,-20.2486457133866],[-69.7825629799999,-20.2489506793866],[-69.7836784269999,-20.2490346573866]]]}},{"type":"Feature","properties":{"id":"1401011002003","commune":"Pozo Almonte","code":"01401","gse":"C2","quintil":"Q4","nse_score":730.2,"educ":12.0,"educ_score":600.0,"hacin":1.394,"hacin_class":"Hacinamiento Leve","hacin_score":767.2,"auto_score":240.0,"n_per":92,"n_hog":25,"source_year":2024},"geometry":{"type":"Polygon","coordinates":[[[-69.7848347299999,-20.2487841533866],[-69.7838553059999,-20.2486955803866],[-69.7837932109999,-20.2490163693866],[-69.7847752449999,-20.2491175863866],[-69.7848347299999,-20.2487841533866]]]}},{"type":"Feature","properties":{"id":"1401011002005","commune":"Pozo Almonte","code":"01401","gse":"C2","quintil":"Q4","nse_score":752.8,"educ":12.3,"educ_score":620.0,"hacin":1.386,"hacin_class":"Hacinamiento Leve","hacin_score":769.0,"auto_score":166.7,"n_per":97,"n_hog":27,"source_year":2024},"geometry":{"type":"Polygon","coordinates":[[[-69.7824840899999,-20.2495598503866],[-69.7836152319999,-20.2496417863866],[-69.783692002,-20.2493089063866],[-69.7827989809999,-20.2492281963866],[-69.7827335459999,-20.2490005993866],[-69.7825295459999,-20.2489847743866],[-69.7824840899999,-20.2495598503866]]]}},{"type":"Feature","properties":{"id":"1401011002008","commune":"Pozo Almonte","code":"01401","gse":"C2","quintil":"Q4","nse_score":751.4,"educ":12.4,"educ_score":626.7,"hacin":1.242,"hacin_class":"Hacinamiento Leve","hacin_score":799.6,"auto_score":260.9,"n_per":77,"n_hog":23,"source_year":2024},"geometry":{"type":"Polygon","coordinates":[[[-69.7847490609999,-20.2493725133866],[-69.783777675,-20.2493001143866],[-69.7837352249999,-20.2496244863866],[-69.7847430599999,-20.2497213203866],[-69.7847490609999,-20.2493725133866]]]}},{"type":"Feature","properties":{"id":"1401011002011","commune":"Pozo Almonte","code":"01401","gse":"C2","quintil":"Q3","nse_score":717.8,"educ":11.8,"educ_score":586.7,"hacin":1.609,"hacin_class":"Hacinamiento Medio","hacin_score":721.6,"auto_score":166.7,"n_per":74,"n_hog":19,"source_year":2024},"geometry":{"type":"Polygon","coordinates":[[[-69.7828460259999,-20.2497975343866],[-69.7824409259999,-20.2497565793866],[-69.7823999679999,-20.2504251653866],[-69.7827933919999,-20.2504538913866],[-69.7828460259999,-20.2497975343866]]]}},{"type":"Feature","properties":{"id":"1401011002013","commune":"Pozo Almonte","code":"01401","gse":"C2","quintil":"Q4","nse_score":756.8,"educ":12.0,"educ_score":600.0,"hacin":1.327,"hacin_class":"Hacinamiento Leve","hacin_score":781.6,"auto_score":147.1,"n_per":65,"n_hog":17,"source_year":2024},"geometry":{"type":"Polygon","coordinates":[[[-69.783637085,-20.2498644963866],[-69.7829125179999,-20.2497824633866],[-69.7828767539999,-20.2501017843866],[-69.7835866189999,-20.2501645653865],[-69.783637085,-20.2498644963866]]]}},{"type":"Feature","properties":{"id":"1401011002014","commune":"Pozo Almonte","code":"01401","gse":"C2","quintil":"Q4","nse_score":735.8,"educ":11.2,"educ_score":546.7,"hacin":1.357,"hacin_class":"Hacinamiento Leve","hacin_score":775.1,"auto_score":76.9,"n_per":38,"n_hog":14,"source_year":2024},"geometry":{"type":"Polygon","coordinates":[[[-69.7843165279999,-20.2498846933866],[-69.7837373659999,-20.2498409323866],[-69.7836913169999,-20.2501548013866],[-69.7843056769999,-20.2502170823866],[-69.7843165279999,-20.2498846933866]]]}},{"type":"Feature","properties":{"id":"1401011002015","commune":"Pozo Almonte","code":"01401","gse":"C3","quintil":"Q3","nse_score":711.6,"educ":12.3,"educ_score":620.0,"hacin":1.778,"hacin_class":"Hacinamiento Medio","hacin_score":685.6,"auto_score":184.2,"n_per":64,"n_hog":19,"source_year":2024},"geometry":{"type":"Polygon","coordinates":[[[-69.7846756109999,-20.2506122333866],[-69.7847607949999,-20.2499284703866],[-69.7844116929999,-20.2498977573866],[-69.7843486189999,-20.2505793953866],[-69.7846756109999,-20.2506122333866]]]}},{"type":"Feature","properties":{"id":"1401011002018","commune":"Pozo Almonte","code":"01401","gse":"C3","quintil":"Q3","nse_score":704.1,"educ":10.7,"educ_score":513.3,"hacin":1.45,"hacin_class":"Hacinamiento Leve","hacin_score":755.3,"auto_score":333.3,"n_per":58,"n_hog":19,"source_year":2024},"geometry":{"type":"Polygon","coordinates":[[[-69.7835937749999,-20.2502103563866],[-69.7832134719999,-20.2501887383866],[-69.7831697999999,-20.2508254633866],[-69.7835627689999,-20.2508391223865],[-69.7835937749999,-20.2502103563866]]]}},{"type":"Feature","properties":{"id":"1401011002019","commune":"Pozo Almonte","code":"01401","gse":"C2","quintil":"Q4","nse_score":746.4,"educ":11.6,"educ_score":573.3,"hacin":1.511,"hacin_class":"Hacinamiento Medio","hacin_score":742.3,"auto_score":194.4,"n_per":68,"n_hog":20,"source_year":2024},"geometry":{"type":"Polygon","coordinates":[[[-69.7839921289999,-20.2508945703866],[-69.7840653909999,-20.2502382563866],[-69.7836809219999,-20.2502118183866],[-69.7836408429999,-20.2508492923865],[-69.7839921289999,-20.2508945703866]]]}},{"type":"Feature","properties":{"id":"1401011002021","commune":"Pozo Almonte","code":"01401","gse":"C2","quintil":"Q3","nse_score":720.2,"educ":11.4,"educ_score":560.0,"hacin":1.465,"hacin_class":"Hacinamiento Leve","hacin_score":752.1,"auto_score":205.9,"n_per":63,"n_hog":17,"source_year":2024},"geometry":{"type":"Polygon","coordinates":[[[-69.7827914209999,-20.2505156183866],[-69.7823967639999,-20.2504767533865],[-69.7823598319999,-20.2511953313866],[-69.7827354899999,-20.2512169643865],[-69.7827914209999,-20.2505156183866]]]}},{"type":"Feature","properties":{"id":"1401011002022","commune":"Pozo Almonte","code":"01401","gse":"C2","quintil":"Q3","nse_score":719.7,"educ":11.6,"educ_score":573.3,"hacin":1.391,"hacin_class":"Hacinamiento Leve","hacin_score":767.8,"auto_score":100.0,"n_per":64,"n_hog":21,"source_year":2024},"geometry":{"type":"Polygon","coordinates":[[[-69.7846198209999,-20.2513849753865],[-69.7847008239999,-20.2506603003866],[-69.7843472949999,-20.2506311013866],[-69.7842859789999,-20.2513519273865],[-69.7846198209999,-20.2513849753865]]]}},{"type":"Feature","properties":{"id":"1401011002023","commune":"Pozo Almonte","code":"01401","gse":"C3","quintil":"Q3","nse_score":716.1,"educ":12.1,"educ_score":606.7,"hacin":1.463,"hacin_class":"Hacinamiento Leve","hacin_score":752.6,"auto_score":119.0,"n_per":79,"n_hog":21,"source_year":2024},"geometry":{"type":"Polygon","coordinates":[[[-69.7835619429999,-20.2509462083866],[-69.7831542699999,-20.2508858983865],[-69.7831078479999,-20.2516057133865],[-69.7835069559999,-20.2516276883865],[-69.7835619429999,-20.2509462083866]]]}},{"type":"Feature","properties":{"id":"1401011002024","commune":"Pozo Almonte","code":"01401","gse":"C3","quintil":"Q3","nse_score":701.6,"educ":11.2,"educ_score":546.7,"hacin":1.475,"hacin_class":"Hacinamiento Leve","hacin_score":750.0,"auto_score":263.2,"n_per":59,"n_hog":21,"source_year":2024},"geometry":{"type":"Polygon","coordinates":[[[-69.7839854459999,-20.2509393833866],[-69.783629302,-20.2509434943866],[-69.7836042899999,-20.2516422193865],[-69.7839532959999,-20.2516532113866],[-69.7839854459999,-20.2509393833866]]]}},{"type":"Feature","properties":{"id":"1401011002025","commune":"Pozo Almonte","code":"01401","gse":"C2","quintil":"Q4","nse_score":740.8,"educ":12.0,"educ_score":600.0,"hacin":1.578,"hacin_class":"Hacinamiento Medio","hacin_score":728.1,"auto_score":235.3,"n_per":71,"n_hog":17,"source_year":2024},"geometry":{"type":"Polygon","coordinates":[[[-69.7830699829999,-20.2513186293866],[-69.7823569169999,-20.2512435623866],[-69.7823306289999,-20.2515155333865],[-69.7830368889999,-20.2516000533865],[-69.7830699829999,-20.2513186293866]]]}},{"type":"Feature","properties":{"id":"1401011002027","commune":"Pozo Almonte","code":"01401","gse":"C2","quintil":"Q4","nse_score":751.9,"educ":12.3,"educ_score":620.0,"hacin":1.349,"hacin_class":"Hacinamiento Leve","hacin_score":776.9,"auto_score":145.8,"n_per":89,"n_hog":23,"source_year":2024},"geometry":{"type":"Polygon","coordinates":[[[-69.7835082929999,-20.2517399813865],[-69.7823674629999,-20.2516132503865],[-69.7823215179999,-20.2519348433865],[-69.7834602889999,-20.2520409643865],[-69.7835082929999,-20.2517399813865]]]}},{"type":"Feature","properties":{"id":"1401011002028","commune":"Pozo Almonte","code":"01401","gse":"C2","quintil":"Q4","nse_score":738.9,"educ":12.3,"educ_score":620.0,"hacin":1.368,"hacin_class":"Hacinamiento Leve","hacin_score":772.7,"auto_score":90.9,"n_per":78,"n_hog":23,"source_year":2024},"geometry":{"type":"Polygon","coordinates":[[[-69.7846178639999,-20.2518165423865],[-69.7835907409999,-20.2517187833865],[-69.7835659419999,-20.2520166613866],[-69.7845723639999,-20.2521140713865],[-69.7846178639999,-20.2518165423865]]]}},{"type":"Feature","properties":{"id":"1401011002031","commune":"Pozo Almonte","code":"01401","gse":"C3","quintil":"Q3","nse_score":711.9,"educ":12.4,"educ_score":626.7,"hacin":1.553,"hacin_class":"Hacinamiento Medio","hacin_score":733.5,"auto_score":147.1,"n_per":59,"n_hog":16,"source_year":2024},"geometry":{"type":"Polygon","coordinates":[[[-69.7826961549999,-20.2520572573865],[-69.7823273679999,-20.2520202013865],[-69.7823299089999,-20.2527295373865],[-69.7826798399999,-20.2527363733865],[-69.7826961549999,-20.2520572573865]]]}},{"type":"Feature","properties":{"id":"1401011002033","commune":"Pozo Almonte","code":"01401","gse":"C2","quintil":"Q4","nse_score":748.0,"educ":12.1,"educ_score":606.7,"hacin":1.348,"hacin_class":"Hacinamiento Leve","hacin_score":777.1,"auto_score":166.7,"n_per":62,"n_hog":19,"source_year":2024},"geometry":{"type":"Polygon","coordinates":[[[-69.7834358029999,-20.2527955153865],[-69.7834829419999,-20.2520926713865],[-69.7830714279999,-20.2520691683865],[-69.783060271,-20.2527744803865],[-69.7834358029999,-20.2527955153865]]]}},{"type":"Feature","properties":{"id":"1401011002034","commune":"Pozo Almonte","code":"01401","gse":"C2","quintil":"Q3","nse_score":723.1,"educ":11.7,"educ_score":580.0,"hacin":1.645,"hacin_class":"Hacinamiento Medio","hacin_score":713.8,"auto_score":153.8,"n_per":51,"n_hog":14,"source_year":2024},"geometry":{"type":"Polygon","coordinates":[[[-69.7841551719999,-20.2524647993865],[-69.7841763149999,-20.2521321673865],[-69.7835671209999,-20.2521075963865],[-69.7835554569999,-20.2524254983865],[-69.7841551719999,-20.2524647993865]]]}},{"type":"Feature","properties":{"id":"1401011002035","commune":"Pozo Almonte","code":"01401","gse":"C2","quintil":"Q3","nse_score":722.6,"educ":12.2,"educ_score":613.3,"hacin":1.5,"hacin_class":"Hacinamiento Medio","hacin_score":744.7,"auto_score":192.3,"n_per":45,"n_hog":13,"source_year":2024},"geometry":{"type":"Polygon","coordinates":[[[-69.7841681129999,-20.2528626503865],[-69.7845485979999,-20.2528899013865],[-69.7845951259999,-20.2521596133865],[-69.7842143859999,-20.2521346623865],[-69.7841681129999,-20.2528626503865]]]}},{"type":"Feature","properties":{"id":"1401011002038","commune":"Pozo Almonte","code":"01401","gse":"C2","quintil":"Q4","nse_score":735.9,"educ":11.6,"educ_score":573.3,"hacin":1.643,"hacin_class":"Hacinamiento Medio","hacin_score":714.3,"auto_score":307.7,"n_per":46,"n_hog":13,"source_year":2024},"geometry":{"type":"Polygon","coordinates":[[[-69.7834387029999,-20.2528730823865],[-69.7827303439999,-20.2528053593865],[-69.7827228489999,-20.2531295753865],[-69.7833942049999,-20.2531889753865],[-69.7834387029999,-20.2528730823865]]]}},{"type":"Feature","properties":{"id":"1401011002039","commune":"Pozo Almonte","code":"01401","gse":"C3","quintil":"Q3","nse_score":702.1,"educ":11.4,"educ_score":560.0,"hacin":1.46,"hacin_class":"Hacinamiento Leve","hacin_score":753.2,"auto_score":130.4,"n_per":73,"n_hog":23,"source_year":2024},"geometry":{"type":"Polygon","coordinates":[[[-69.7845454709999,-20.2529257933865],[-69.7835070319999,-20.2528549653865],[-69.7834681189999,-20.2531525443865],[-69.7844851779999,-20.2532705233865],[-69.7845454709999,-20.2529257933865]]]}},{"type":"Feature","properties":{"id":"1401011002040","commune":"Pozo Almonte","code":"01401","gse":"C2","quintil":"Q4","nse_score":775.0,"educ":12.6,"educ_score":640.0,"hacin":1.271,"hacin_class":"Hacinamiento Leve","hacin_score":793.4,"auto_score":333.3,"n_per":75,"n_hog":21,"source_year":2024},"geometry":{"type":"Polygon","coordinates":[[[-69.7822908909999,-20.2536390623865],[-69.7833792119999,-20.2537113473864],[-69.7834123099999,-20.2532746953865],[-69.7823327829999,-20.2531810893865],[-69.7822908909999,-20.2536390623865]]]}},{"type":"Feature","properties":{"id":"1401011002042","commune":"Pozo Almonte","code":"01401","gse":"D","quintil":"Q2","nse_score":637.2,"educ":10.5,"educ_score":500.0,"hacin":1.569,"hacin_class":"Hacinamiento Medio","hacin_score":730.0,"auto_score":159.1,"n_per":91,"n_hog":32,"source_year":2024},"geometry":{"type":"Polygon","coordinates":[[[-69.7856641779999,-20.2553924413865],[-69.7858120309999,-20.2534745683865],[-69.7846049449999,-20.2533731693865],[-69.7846010959999,-20.2553133493864],[-69.7856641779999,-20.2553924413865]]]}},{"type":"Feature","properties":{"id":"1401011002043","commune":"Pozo Almonte","code":"01401","gse":"C2","quintil":"Q4","nse_score":744.8,"educ":12.6,"educ_score":640.0,"hacin":1.609,"hacin_class":"Hacinamiento Medio","hacin_score":721.4,"auto_score":172.4,"n_per":103,"n_hog":29,"source_year":2024},"geometry":{"type":"Polygon","coordinates":[[[-69.7822152669999,-20.2547373983864],[-69.7826280499999,-20.2547275713864],[-69.7827045559999,-20.2537062183865],[-69.7822884919999,-20.2536782083865],[-69.7822152669999,-20.2547373983864]]]}},{"type":"Feature","properties":{"id":"1401011002045","commune":"Pozo Almonte","code":"01401","gse":"C3","quintil":"Q3","nse_score":705.3,"educ":11.3,"educ_score":553.3,"hacin":1.491,"hacin_class":"Hacinamiento Leve","hacin_score":746.5,"auto_score":40.0,"n_per":85,"n_hog":25,"source_year":2024},"geometry":{"type":"Polygon","coordinates":[[[-69.7833882599999,-20.2538040103865],[-69.7829661359999,-20.2537409273865],[-69.7829754969999,-20.2547482213864],[-69.7833825419999,-20.2547343523865],[-69.7833882599999,-20.2538040103865]]]}},{"type":"Feature","properties":{"id":"1401011002046","commune":"Pozo Almonte","code":"01401","gse":"D","quintil":"Q2","nse_score":609.8,"educ":11.1,"educ_score":540.0,"hacin":1.442,"hacin_class":"Hacinamiento Leve","hacin_score":757.1,"auto_score":142.9,"n_per":62,"n_hog":21,"source_year":2024},"geometry":{"type":"Polygon","coordinates":[[[-69.7845239369999,-20.2542506163864],[-69.7840086729999,-20.2542477393865],[-69.7840368449999,-20.2551949743864],[-69.7845243969999,-20.2551596323865],[-69.7845239369999,-20.2542506163864]]]}},{"type":"Feature","properties":{"id":"1401011002047","commune":"Pozo Almonte","code":"01401","gse":"C3","quintil":"Q2","nse_score":662.6,"educ":10.1,"educ_score":473.3,"hacin":1.241,"hacin_class":"Hacinamiento Leve","hacin_score":799.8,"auto_score":238.1,"n_per":67,"n_hog":20,"source_year":2024},"geometry":{"type":"Polygon","coordinates":[[[-69.7839337499999,-20.2551804363864],[-69.7839153589999,-20.2542239203865],[-69.7834503569999,-20.2542627893865],[-69.7834609299999,-20.2551752303865],[-69.7839337499999,-20.2551804363864]]]}},{"type":"Feature","properties":{"id":"1401011002048","commune":"Pozo Almonte","code":"01401","gse":"D","quintil":"Q1","nse_score":595.8,"educ":10.2,"educ_score":480.0,"hacin":1.714,"hacin_class":"Hacinamiento Medio","hacin_score":699.1,"auto_score":176.5,"n_per":60,"n_hog":17,"source_year":2024},"geometry":{"type":"Polygon","coordinates":[[[-69.7783678159999,-20.2569802193864],[-69.7789004619999,-20.2570578223864],[-69.7792809989999,-20.2573533183864],[-69.7794821769999,-20.2577587633864],[-69.7794641229999,-20.2583810473864],[-69.7817855069999,-20.2582736533864],[-69.7820093289999,-20.2572832043864],[-69.7820913319999,-20.2555749853864],[-69.7815129859999,-20.2555345643864],[-69.7814862969999,-20.2552763693864],[-69.7821073809999,-20.2552211613865],[-69.7821394569999,-20.2547792023865],[-69.7783071429999,-20.2547682593865],[-69.7783678159999,-20.2569802193864]]]}},{"type":"Feature","properties":{"id":"1401011002050","commune":"Pozo Almonte","code":"01401","gse":"C3","quintil":"Q3","nse_score":693.7,"educ":11.2,"educ_score":546.7,"hacin":1.475,"hacin_class":"Hacinamiento Leve","hacin_score":749.9,"auto_score":134.6,"n_per":90,"n_hog":26,"source_year":2024},"geometry":{"type":"Polygon","coordinates":[[[-69.7821717749999,-20.2551963963864],[-69.7833694539999,-20.2551920423864],[-69.7833680269999,-20.2548043093865],[-69.7821868529999,-20.2547873263864],[-69.7821717749999,-20.2551963963864]]]}},{"type":"Feature","properties":{"id":"1401011002052","commune":"Pozo Almonte","code":"01401","gse":"C3","quintil":"Q3","nse_score":717.6,"educ":11.9,"educ_score":593.3,"hacin":1.441,"hacin_class":"Hacinamiento Leve","hacin_score":757.2,"auto_score":109.4,"n_per":98,"n_hog":33,"source_year":2024},"geometry":{"type":"Polygon","coordinates":[[[-69.7821297549999,-20.2556320413864],[-69.7833374869999,-20.2557023133864],[-69.7833670749999,-20.2552843653865],[-69.7821602129999,-20.2552462933864],[-69.7821297549999,-20.2556320413864]]]}},{"type":"Feature","properties":{"id":"1401011002054","commune":"Pozo Almonte","code":"01401","gse":"C3","quintil":"Q3","nse_score":717.6,"educ":11.9,"educ_score":593.3,"hacin":1.07,"hacin_class":"Hacinamiento Leve","hacin_score":836.2,"auto_score":205.9,"n_per":46,"n_hog":17,"source_year":2024},"geometry":{"type":"Polygon","coordinates":[[[-69.7834908369999,-20.2556972743864],[-69.7844893799999,-20.2556984123864],[-69.7845282869999,-20.2552858453864],[-69.7834701729999,-20.2552618423864],[-69.7834908369999,-20.2556972743864]]]}},{"type":"Feature","properties":{"id":"1401011002055","commune":"Pozo Almonte","code":"01401","gse":"D","quintil":"Q2","nse_score":654.5,"educ":10.8,"educ_score":520.0,"hacin":1.4,"hacin_class":"Hacinamiento Leve","hacin_score":766.0,"auto_score":55.6,"n_per":42,"n_hog":23,"source_year":2024},"geometry":{"type":"Polygon","coordinates":[[[-69.7856592899999,-20.2554483953864],[-69.7846173059999,-20.2554142973865],[-69.784623312,-20.2562095093864],[-69.7856254849999,-20.2561894803864],[-69.7856592899999,-20.2554483953864]]]}},{"type":"Feature","properties":{"id":"1401011002058","commune":"Pozo Almonte","code":"01401","gse":"C3","quintil":"Q3","nse_score":704.3,"educ":11.3,"educ_score":553.3,"hacin":1.485,"hacin_class":"Hacinamiento Leve","hacin_score":747.8,"auto_score":206.9,"n_per":101,"n_hog":32,"source_year":2024},"geometry":{"type":"Polygon","coordinates":[[[-69.7833781599999,-20.2561870583864],[-69.7833315329999,-20.2557697303864],[-69.782125489,-20.2557740113864],[-69.7821531629999,-20.2562083053864],[-69.7833781599999,-20.2561870583864]]]}},{"type":"Feature","properties":{"id":"1401011002060","commune":"Pozo Almonte","code":"01401","gse":"D","quintil":"Q2","nse_score":612.1,"educ":10.3,"educ_score":486.7,"hacin":1.941,"hacin_class":"Hacinamiento Medio","hacin_score":650.8,"auto_score":222.2,"n_per":33,"n_hog":10,"source_year":2024},"geometry":{"type":"Polygon","coordinates":[[[-69.7772522489999,-20.2570535703864],[-69.7777604079999,-20.2570018003864],[-69.7776961729999,-20.2558311363864],[-69.7771854929999,-20.2558758703864],[-69.7772522489999,-20.2570535703864]]]}},{"type":"Feature","properties":{"id":"1401011002062","commune":"Pozo Almonte","code":"01401","gse":"C2","quintil":"Q3","nse_score":725.1,"educ":12.0,"educ_score":600.0,"hacin":1.708,"hacin_class":"Hacinamiento Medio","hacin_score":700.4,"auto_score":41.7,"n_per":41,"n_hog":13,"source_year":2024},"geometry":{"type":"Polygon","coordinates":[[[-69.7833314299999,-20.2562647263864],[-69.7821215389999,-20.2562672583864],[-69.7820545049999,-20.2572456033864],[-69.7834044209999,-20.2570992003864],[-69.7833314299999,-20.2562647263864]]]}},{"type":"Feature","properties":{"id":"1401011002063","commune":"Pozo Almonte","code":"01401","gse":"C3","quintil":"Q3","nse_score":692.4,"educ":12.2,"educ_score":613.3,"hacin":1.8,"hacin_class":"Hacinamiento Medio","hacin_score":680.9,"auto_score":214.3,"n_per":18,"n_hog":6,"source_year":2024},"geometry":{"type":"Polygon","coordinates":[[[-69.7856305439999,-20.2562624663864],[-69.7845991369999,-20.2563337683864],[-69.7846205119999,-20.2570435233864],[-69.7856424119999,-20.2570037083864],[-69.7856305439999,-20.2562624663864]]]}},{"type":"Feature","properties":{"id":"1401011002064","commune":"Pozo Almonte","code":"01401","gse":"D","quintil":"Q1","nse_score":526.4,"educ":10.8,"educ_score":520.0,"hacin":2.316,"hacin_class":"Hacinamiento Medio","hacin_score":571.1,"auto_score":29.4,"n_per":44,"n_hog":17,"source_year":2024},"geometry":{"type":"Polygon","coordinates":[[[-69.78348145,-20.2570706643864],[-69.7845108249999,-20.2570703083864],[-69.7845206239999,-20.2562954473864],[-69.7834812749999,-20.2562914193864],[-69.78348145,-20.2570706643864]]]}},{"type":"Feature","properties":{"id":"1401011002067","commune":"Pozo Almonte","code":"01401","gse":"C2","quintil":"Q3","nse_score":719.6,"educ":11.5,"educ_score":566.7,"hacin":1.418,"hacin_class":"Hacinamiento Leve","hacin_score":762.1,"auto_score":35.7,"n_per":78,"n_hog":33,"source_year":2024},"geometry":{"type":"Polygon","coordinates":[[[-69.7846068539999,-20.2576217843864],[-69.7846474439999,-20.2581539903864],[-69.7856638929999,-20.2580951333863],[-69.7856236629999,-20.2571215283864],[-69.7846217539999,-20.2571572783864],[-69.7846066229999,-20.2575569083864],[-69.7851981939999,-20.2576227513864],[-69.7846068539999,-20.2576217843864]]]}},{"type":"Feature","properties":{"id":"1401011002068","commune":"Pozo Almonte","code":"01401","gse":"C3","quintil":"Q3","nse_score":701.8,"educ":11.3,"educ_score":553.3,"hacin":1.483,"hacin_class":"Hacinamiento Leve","hacin_score":748.3,"auto_score":180.0,"n_per":86,"n_hog":24,"source_year":2024},"geometry":{"type":"Polygon","coordinates":[[[-69.7840236479999,-20.2571814593864],[-69.7840712909999,-20.2581652423864],[-69.7845223289999,-20.2581595203864],[-69.7845335479999,-20.2571717693864],[-69.7840236479999,-20.2571814593864]]]}},{"type":"Feature","properties":{"id":"1401011002069","commune":"Pozo Almonte","code":"01401","gse":"C2","quintil":"Q3","nse_score":719.7,"educ":11.7,"educ_score":580.0,"hacin":1.246,"hacin_class":"Hacinamiento Leve","hacin_score":798.6,"auto_score":148.1,"n_per":86,"n_hog":27,"source_year":2024},"geometry":{"type":"Polygon","coordinates":[[[-69.7840275979999,-20.2581779073864],[-69.7839915319999,-20.2571544053864],[-69.7835204399999,-20.2571702453864],[-69.7835291659999,-20.2581650453864],[-69.7840275979999,-20.2581779073864]]]}},{"type":"Feature","properties":{"id":"1401011002070","commune":"Pozo Almonte","code":"01401","gse":"C2","quintil":"Q4","nse_score":760.4,"educ":12.8,"educ_score":653.3,"hacin":1.271,"hacin_class":"Hacinamiento Leve","hacin_score":793.4,"auto_score":138.9,"n_per":61,"n_hog":18,"source_year":2024},"geometry":{"type":"Polygon","coordinates":[[[-69.7819714849999,-20.2576835063864],[-69.7834253959999,-20.2576539033864],[-69.7834179749999,-20.2571862443864],[-69.7821287119999,-20.2572718873864],[-69.7819714849999,-20.2576835063864]]]}},{"type":"Feature","properties":{"id":"1401011002072","commune":"Pozo Almonte","code":"01401","gse":"C2","quintil":"Q4","nse_score":764.2,"educ":11.3,"educ_score":553.3,"hacin":1.0,"hacin_class":"Hacinamiento Leve","hacin_score":851.1,"auto_score":62.5,"n_per":49,"n_hog":17,"source_year":2024},"geometry":{"type":"Polygon","coordinates":[[[-69.7834279889999,-20.2576935583864],[-69.7819516229999,-20.2577525763863],[-69.7818370369999,-20.2582714083863],[-69.7834467999999,-20.2581795093864],[-69.7834279889999,-20.2576935583864]]]}},{"type":"Feature","properties":{"id":"1401011002073","commune":"Pozo Almonte","code":"01401","gse":"C3","quintil":"Q2","nse_score":687.2,"educ":11.1,"educ_score":540.0,"hacin":1.456,"hacin_class":"Hacinamiento Leve","hacin_score":753.9,"auto_score":275.0,"n_per":67,"n_hog":24,"source_year":2024},"geometry":{"type":"Polygon","coordinates":[[[-69.7856771439999,-20.2591684343863],[-69.7856566269999,-20.2582306123863],[-69.7846212119999,-20.2582689523863],[-69.7846375189999,-20.2592085093864],[-69.7856771439999,-20.2591684343863]]]}},{"type":"Feature","properties":{"id":"1401011002074","commune":"Pozo Almonte","code":"01401","gse":"C3","quintil":"Q2","nse_score":681.6,"educ":10.7,"educ_score":513.3,"hacin":1.317,"hacin_class":"Hacinamiento Leve","hacin_score":783.6,"auto_score":88.2,"n_per":54,"n_hog":18,"source_year":2024},"geometry":{"type":"Polygon","coordinates":[[[-69.783565398,-20.2582873183864],[-69.7835653759999,-20.2587217583863],[-69.784548174,-20.2586726363863],[-69.7845223609999,-20.2582611723864],[-69.783565398,-20.2582873183864]]]}},{"type":"Feature","properties":{"id":"1401011002075","commune":"Pozo Almonte","code":"01401","gse":"C3","quintil":"Q3","nse_score":689.3,"educ":10.6,"educ_score":506.7,"hacin":1.0,"hacin_class":"Hacinamiento Leve","hacin_score":851.1,"auto_score":156.2,"n_per":40,"n_hog":17,"source_year":2024},"geometry":{"type":"Polygon","coordinates":[[[-69.7830241219999,-20.2583037413864],[-69.7830486259999,-20.2592378413864],[-69.78346977,-20.2592271953863],[-69.7834435479999,-20.2582947303864],[-69.7830241219999,-20.2583037413864]]]}},{"type":"Feature","properties":{"id":"1401011002079","commune":"Pozo Almonte","code":"01401","gse":"C2","quintil":"Q4","nse_score":737.9,"educ":12.1,"educ_score":606.7,"hacin":1.263,"hacin_class":"Hacinamiento Leve","hacin_score":795.1,"auto_score":133.3,"n_per":96,"n_hog":30,"source_year":2024},"geometry":{"type":"Polygon","coordinates":[[[-69.7796575619999,-20.2602718803863],[-69.7796407459999,-20.2594484233863],[-69.7794225659999,-20.2593893383863],[-69.7810062199999,-20.2593467173863],[-69.7810002559999,-20.2583830123864],[-69.7803961609999,-20.2583938983864],[-69.7803838319999,-20.2591356113863],[-69.7803578269999,-20.2583957273864],[-69.7787043629999,-20.2584682993864],[-69.7787875749999,-20.2603050373863],[-69.7796575619999,-20.2602718803863]]]}},{"type":"Feature","properties":{"id":"1401011002080","commune":"Pozo Almonte","code":"01401","gse":"E","quintil":"Q1","nse_score":516.7,"educ":9.1,"educ_score":406.7,"hacin":1.333,"hacin_class":"Hacinamiento Leve","hacin_score":780.1,"auto_score":200.0,"n_per":28,"n_hog":10,"source_year":2024},"geometry":{"type":"Polygon","coordinates":[[[-69.7751767609999,-20.2586012823863],[-69.7752501349999,-20.2595707203863],[-69.7787107309999,-20.2594881883863],[-69.7786887699999,-20.2586021653864],[-69.7786529809999,-20.2584719373864],[-69.7751767609999,-20.2586012823863]]]}},{"type":"Feature","properties":{"id":"1401011002081","commune":"Pozo Almonte","code":"01401","gse":"D","quintil":"Q1","nse_score":538.2,"educ":11.3,"educ_score":553.3,"hacin":1.864,"hacin_class":"Hacinamiento Medio","hacin_score":667.3,"auto_score":125.0,"n_per":41,"n_hog":12,"source_year":2024},"geometry":{"type":"Polygon","coordinates":[[[-69.7732851209999,-20.2589075593864],[-69.7736076309999,-20.2590117513864],[-69.7737146799999,-20.2594823643863],[-69.7712540399999,-20.2641663043862],[-69.7754104039999,-20.2640278393862],[-69.7754044009999,-20.2639110583862],[-69.7738766829999,-20.2639993763862],[-69.7747663869999,-20.2639331713862],[-69.7747622739999,-20.2636298433862],[-69.7738726309999,-20.2636263483862],[-69.7747617839999,-20.2635936923862],[-69.7747555319999,-20.2631325893863],[-69.7737968499999,-20.2631647963863],[-69.7747550419999,-20.2630964393862],[-69.7747508499999,-20.2627872723863],[-69.7736977749999,-20.2628160993863],[-69.7753409319999,-20.2627347733862],[-69.7752508089999,-20.2615602993863],[-69.7733271379999,-20.2616973503863],[-69.7732576369999,-20.2615997803863],[-69.7733157529999,-20.2610177213863],[-69.7739220449999,-20.2596630593863],[-69.775127789,-20.2595855673863],[-69.7750972929999,-20.2586404873863],[-69.7732810609999,-20.2586757393864],[-69.7732851209999,-20.2589075593864]]]}},{"type":"Feature","properties":{"id":"1401011002085","commune":"Pozo Almonte","code":"01401","gse":"C3","quintil":"Q3","nse_score":699.5,"educ":10.5,"educ_score":500.0,"hacin":1.439,"hacin_class":"Hacinamiento Leve","hacin_score":757.7,"auto_score":166.7,"n_per":59,"n_hog":22,"source_year":2024},"geometry":{"type":"Polygon","coordinates":[[[-69.7845583519999,-20.2591928703863],[-69.7845408039999,-20.2587684483864],[-69.7835399099999,-20.2587988573863],[-69.7835683679999,-20.2592416633864],[-69.7845583519999,-20.2591928703863]]]}},{"type":"Feature","properties":{"id":"1401011002087","commune":"Pozo Almonte","code":"01401","gse":"C3","quintil":"Q3","nse_score":688.2,"educ":11.0,"educ_score":533.3,"hacin":1.406,"hacin_class":"Hacinamiento Leve","hacin_score":764.6,"auto_score":136.4,"n_per":45,"n_hog":12,"source_year":2024},"geometry":{"type":"Polygon","coordinates":[[[-69.7829788279999,-20.2589329243864],[-69.7820477809999,-20.2589345503863],[-69.7820080179999,-20.2592349863864],[-69.7829556209999,-20.2592501843863],[-69.7829788279999,-20.2589329243864]]]}},{"type":"Feature","properties":{"id":"1401011002091","commune":"Pozo Almonte","code":"01401","gse":"D","quintil":"Q2","nse_score":657.7,"educ":9.2,"educ_score":413.3,"hacin":1.3,"hacin_class":"Hacinamiento Leve","hacin_score":787.2,"auto_score":31.2,"n_per":39,"n_hog":18,"source_year":2024},"geometry":{"type":"Polygon","coordinates":[[[-69.7856855829999,-20.2601032373863],[-69.7856526739999,-20.2592907073863],[-69.7846453229999,-20.2593133803863],[-69.7846697149999,-20.2601470023863],[-69.7856855829999,-20.2601032373863]]]}},{"type":"Feature","properties":{"id":"1401011002092","commune":"Pozo Almonte","code":"01401","gse":"C3","quintil":"Q3","nse_score":697.3,"educ":11.5,"educ_score":566.7,"hacin":1.405,"hacin_class":"Hacinamiento Leve","hacin_score":764.9,"auto_score":147.1,"n_per":59,"n_hog":17,"source_year":2024},"geometry":{"type":"Polygon","coordinates":[[[-69.7841062219999,-20.2593250083864],[-69.7841171119999,-20.2601208313863],[-69.7845450619999,-20.2601494573863],[-69.7845591669999,-20.2593359033864],[-69.7841062219999,-20.2593250083864]]]}},{"type":"Feature","properties":{"id":"1401011002094","commune":"Pozo Almonte","code":"01401","gse":"C3","quintil":"Q3","nse_score":708.7,"educ":11.3,"educ_score":553.3,"hacin":1.068,"hacin_class":"Hacinamiento Leve","hacin_score":836.7,"auto_score":45.5,"n_per":79,"n_hog":33,"source_year":2024},"geometry":{"type":"Polygon","coordinates":[[[-69.7829660909999,-20.2597342743863],[-69.7829677639999,-20.2593042543863],[-69.7820071859999,-20.2593173053864],[-69.7820124609999,-20.2597397053864],[-69.7829660909999,-20.2597342743863]]]}},{"type":"Feature","properties":{"id":"1401011002095","commune":"Pozo Almonte","code":"01401","gse":"C2","quintil":"Q4","nse_score":735.3,"educ":11.2,"educ_score":546.7,"hacin":1.116,"hacin_class":"Hacinamiento Leve","hacin_score":826.3,"auto_score":93.8,"n_per":48,"n_hog":19,"source_year":2024},"geometry":{"type":"Polygon","coordinates":[[[-69.7840175769999,-20.2601677203863],[-69.7840372309999,-20.2593338103863],[-69.7835709419999,-20.2593157453863],[-69.7835719209999,-20.2601406173863],[-69.7840175769999,-20.2601677203863]]]}},{"type":"Feature","properties":{"id":"1401011002096","commune":"Pozo Almonte","code":"01401","gse":"D","quintil":"Q2","nse_score":659.1,"educ":11.0,"educ_score":533.3,"hacin":1.619,"hacin_class":"Hacinamiento Medio","hacin_score":719.4,"auto_score":250.0,"n_per":34,"n_hog":10,"source_year":2024},"geometry":{"type":"Polygon","coordinates":[[[-69.7835023719999,-20.2601334283863],[-69.7834732869999,-20.2593175373864],[-69.7830481499999,-20.2593146473863],[-69.7830611279999,-20.2601650373863],[-69.7835023719999,-20.2601334283863]]]}},{"type":"Feature","properties":{"id":"1401011002097","commune":"Pozo Almonte","code":"01401","gse":"C3","quintil":"Q2","nse_score":681.0,"educ":11.9,"educ_score":593.3,"hacin":1.652,"hacin_class":"Hacinamiento Medio","hacin_score":712.3,"auto_score":225.0,"n_per":76,"n_hog":19,"source_year":2024},"geometry":{"type":"Polygon","coordinates":[[[-69.7801561409999,-20.2597893743863],[-69.7810108009999,-20.2597821353863],[-69.781016125,-20.2594497063863],[-69.7801813369999,-20.2594297703863],[-69.7801561409999,-20.2597893743863]]]}},{"type":"Feature","properties":{"id":"1401011002098","commune":"Pozo Almonte","code":"01401","gse":"D","quintil":"Q2","nse_score":652.3,"educ":10.9,"educ_score":526.7,"hacin":1.737,"hacin_class":"Hacinamiento Medio","hacin_score":694.3,"auto_score":222.2,"n_per":33,"n_hog":10,"source_year":2024},"geometry":{"type":"Polygon","coordinates":[[[-69.779709265,-20.2602764333863],[-69.7800999389999,-20.2602355543863],[-69.7800691589999,-20.2594317493863],[-69.7796843229999,-20.2594491863863],[-69.779709265,-20.2602764333863]]]}},{"type":"Feature","properties":{"id":"1401011002099","commune":"Pozo Almonte","code":"01401","gse":"D","quintil":"Q1","nse_score":557.5,"educ":11.2,"educ_score":546.7,"hacin":1.885,"hacin_class":"Hacinamiento Medio","hacin_score":662.8,"auto_score":200.0,"n_per":98,"n_hog":29,"source_year":2024},"geometry":{"type":"Polygon","coordinates":[[[-69.7773812899999,-20.2595974213864],[-69.7774072569999,-20.2603637773863],[-69.7787434449999,-20.2603041733863],[-69.7787130429999,-20.2595646393864],[-69.7773812899999,-20.2595974213864]]]}},{"type":"Feature","properties":{"id":"1401011002100","commune":"Pozo Almonte","code":"01401","gse":"D","quintil":"Q2","nse_score":628.1,"educ":10.9,"educ_score":526.7,"hacin":1.333,"hacin_class":"Hacinamiento Leve","hacin_score":780.1,"auto_score":250.0,"n_per":12,"n_hog":8,"source_year":2024},"geometry":{"type":"Polygon","coordinates":[[[-69.7773142819999,-20.2595988883863],[-69.7752143139999,-20.2596569503864],[-69.7752700649999,-20.2604365703863],[-69.7773402849999,-20.2603663223863],[-69.7773142819999,-20.2595988883863]]]}},{"type":"Feature","properties":{"id":"1401011002101","commune":"Pozo Almonte","code":"01401","gse":"D","quintil":"Q1","nse_score":571.7,"educ":10.6,"educ_score":506.7,"hacin":1.667,"hacin_class":"Hacinamiento Medio","hacin_score":709.2,"auto_score":218.8,"n_per":60,"n_hog":16,"source_year":2024},"geometry":{"type":"Polygon","coordinates":[[[-69.7739605949999,-20.2596906643863],[-69.7736043179999,-20.2605065313863],[-69.7751622319999,-20.2604421783863],[-69.7751296579999,-20.2596307213863],[-69.7739605949999,-20.2596906643863]]]}},{"type":"Feature","properties":{"id":"1401011002102","commune":"Pozo Almonte","code":"01401","gse":"C3","quintil":"Q3","nse_score":694.4,"educ":11.4,"educ_score":560.0,"hacin":0.959,"hacin_class":"Sin Hacinamiento","hacin_score":859.7,"auto_score":125.0,"n_per":47,"n_hog":19,"source_year":2024},"geometry":{"type":"Polygon","coordinates":[[[-69.7820324229999,-20.2602077593863],[-69.7829971759999,-20.2601859243863],[-69.7830050889999,-20.2597971693863],[-69.7820262539999,-20.2597789493863],[-69.7820324229999,-20.2602077593863]]]}},{"type":"Feature","properties":{"id":"1401011002103","commune":"Pozo Almonte","code":"01401","gse":"C2","quintil":"Q4","nse_score":731.5,"educ":10.9,"educ_score":526.7,"hacin":1.463,"hacin_class":"Hacinamiento Leve","hacin_score":752.6,"auto_score":300.0,"n_per":79,"n_hog":20,"source_year":2024},"geometry":{"type":"Polygon","coordinates":[[[-69.7810260099999,-20.2602278773863],[-69.781011884,-20.2598214583863],[-69.7801619389999,-20.2598489243863],[-69.7801814309999,-20.2602657253863],[-69.7810260099999,-20.2602278773863]]]}},{"type":"Feature","properties":{"id":"1401011002105","commune":"Pozo Almonte","code":"01401","gse":"D","quintil":"Q1","nse_score":588.8,"educ":10.1,"educ_score":473.3,"hacin":1.273,"hacin_class":"Hacinamiento Leve","hacin_score":793.0,"auto_score":38.5,"n_per":28,"n_hog":13,"source_year":2024},"geometry":{"type":"Polygon","coordinates":[[[-69.7856416329999,-20.2601983093863],[-69.7846716469999,-20.2602265083863],[-69.7846568089999,-20.2606463763863],[-69.7856698209999,-20.2606244003863],[-69.7856416329999,-20.2601983093863]]]}},{"type":"Feature","properties":{"id":"1401011002106","commune":"Pozo Almonte","code":"01401","gse":"C2","quintil":"Q4","nse_score":731.0,"educ":12.4,"educ_score":626.7,"hacin":1.392,"hacin_class":"Hacinamiento Leve","hacin_score":767.6,"auto_score":100.0,"n_per":71,"n_hog":20,"source_year":2024},"geometry":{"type":"Polygon","coordinates":[[[-69.7835719899999,-20.2603068753863],[-69.7836029039999,-20.2607240993863],[-69.7845784309999,-20.2606353423863],[-69.7845356679999,-20.2602235023863],[-69.7835719899999,-20.2603068753863]]]}},{"type":"Feature","properties":{"id":"1401011002107","commune":"Pozo Almonte","code":"01401","gse":"D","quintil":"Q2","nse_score":611.6,"educ":10.0,"educ_score":466.7,"hacin":1.32,"hacin_class":"Hacinamiento Leve","hacin_score":783.0,"auto_score":50.0,"n_per":33,"n_hog":9,"source_year":2024},"geometry":{"type":"Polygon","coordinates":[[[-69.7834471869999,-20.2602412913863],[-69.7830547489999,-20.2602678923863],[-69.7830977649999,-20.2613417833863],[-69.7835269379999,-20.2613082403863],[-69.7834471869999,-20.2602412913863]]]}},{"type":"Feature","properties":{"id":"1401011002108","commune":"Pozo Almonte","code":"01401","gse":"C2","quintil":"Q4","nse_score":745.9,"educ":11.7,"educ_score":580.0,"hacin":1.179,"hacin_class":"Hacinamiento Leve","hacin_score":813.1,"auto_score":50.0,"n_per":33,"n_hog":10,"source_year":2024},"geometry":{"type":"Polygon","coordinates":[[[-69.782083096,-20.2613495573863],[-69.7830282389999,-20.2613012513863],[-69.7830119309999,-20.2602641083863],[-69.7820375009999,-20.2602848123863],[-69.782083096,-20.2613495573863]]]}},{"type":"Feature","properties":{"id":"1401011002110","commune":"Pozo Almonte","code":"01401","gse":"C3","quintil":"Q2","nse_score":682.2,"educ":11.4,"educ_score":560.0,"hacin":1.394,"hacin_class":"Hacinamiento Leve","hacin_score":767.2,"auto_score":180.0,"n_per":92,"n_hog":26,"source_year":2024},"geometry":{"type":"Polygon","coordinates":[[[-69.7810112629999,-20.2603086333863],[-69.7800131639999,-20.2603403643863],[-69.7800384319999,-20.2606835213863],[-69.781037711,-20.2606338033863],[-69.7810112629999,-20.2603086333863]]]}},{"type":"Feature","properties":{"id":"1401011002111","commune":"Pozo Almonte","code":"01401","gse":"D","quintil":"Q2","nse_score":655.3,"educ":11.1,"educ_score":540.0,"hacin":1.475,"hacin_class":"Hacinamiento Leve","hacin_score":750.1,"auto_score":178.6,"n_per":87,"n_hog":28,"source_year":2024},"geometry":{"type":"Polygon","coordinates":[[[-69.7799558299999,-20.2603443243863],[-69.7787979029999,-20.2603589203863],[-69.7787973329999,-20.2607034063863],[-69.7799350159999,-20.2606820843863],[-69.7799558299999,-20.2603443243863]]]}},{"type":"Feature","properties":{"id":"1401011002113","commune":"Pozo Almonte","code":"01401","gse":"D","quintil":"Q2","nse_score":643.2,"educ":10.7,"educ_score":513.3,"hacin":1.394,"hacin_class":"Hacinamiento Leve","hacin_score":767.2,"auto_score":153.8,"n_per":46,"n_hog":13,"source_year":2024},"geometry":{"type":"Polygon","coordinates":[[[-69.7733904649999,-20.2610498473863],[-69.7752032049999,-20.2609479313863],[-69.7751938029999,-20.2605075253863],[-69.7735788759999,-20.2605541113863],[-69.7733904649999,-20.2610498473863]]]}},{"type":"Feature","properties":{"id":"1401011002114","commune":"Pozo Almonte","code":"01401","gse":"C2","quintil":"Q3","nse_score":723.0,"educ":12.9,"educ_score":660.0,"hacin":1.333,"hacin_class":"Hacinamiento Leve","hacin_score":780.1,"auto_score":0.0,"n_per":16,"n_hog":4,"source_year":2024},"geometry":{"type":"Polygon","coordinates":[[[-69.7856906249999,-20.2607247853863],[-69.7846792859999,-20.2607367243863],[-69.784656261,-20.2612040663863],[-69.7856706649999,-20.2611535313863],[-69.7856906249999,-20.2607247853863]]]}},{"type":"Feature","properties":{"id":"1401011002115","commune":"Pozo Almonte","code":"01401","gse":"D","quintil":"Q2","nse_score":631.3,"educ":10.4,"educ_score":493.3,"hacin":1.783,"hacin_class":"Hacinamiento Medio","hacin_score":684.6,"auto_score":71.4,"n_per":82,"n_hog":24,"source_year":2024},"geometry":{"type":"Polygon","coordinates":[[[-69.7810409129999,-20.2609867263863],[-69.7809907219999,-20.2607151533863],[-69.7800051769999,-20.2607733043863],[-69.7800407229999,-20.2610653633863],[-69.7810409129999,-20.2609867263863]]]}},{"type":"Feature","properties":{"id":"1401011002116","commune":"Pozo Almonte","code":"01401","gse":"C3","quintil":"Q2","nse_score":666.8,"educ":10.9,"educ_score":526.7,"hacin":1.51,"hacin_class":"Hacinamiento Medio","hacin_score":742.6,"auto_score":71.4,"n_per":77,"n_hog":20,"source_year":2024},"geometry":{"type":"Polygon","coordinates":[[[-69.7799632079999,-20.2610162823863],[-69.7799257069999,-20.2607352553863],[-69.7787970639999,-20.2608031623863],[-69.7788431129999,-20.2610896633863],[-69.7799632079999,-20.2610162823863]]]}},{"type":"Feature","properties":{"id":"1401011002117","commune":"Pozo Almonte","code":"01401","gse":"C2","quintil":"Q4","nse_score":773.0,"educ":12.9,"educ_score":660.0,"hacin":1.278,"hacin_class":"Hacinamiento Leve","hacin_score":792.0,"auto_score":142.9,"n_per":23,"n_hog":8,"source_year":2024},"geometry":{"type":"Polygon","coordinates":[[[-69.7836501719999,-20.2607747593863],[-69.7836156179999,-20.2613113673863],[-69.7845810109999,-20.2612059393863],[-69.7845442149999,-20.2607430213863],[-69.7836501719999,-20.2607747593863]]]}},{"type":"Feature","properties":{"id":"1401011002118","commune":"Pozo Almonte","code":"01401","gse":"D","quintil":"Q1","nse_score":608.6,"educ":10.8,"educ_score":520.0,"hacin":2.0,"hacin_class":"Hacinamiento Medio","hacin_score":638.3,"auto_score":227.3,"n_per":54,"n_hog":15,"source_year":2024},"geometry":{"type":"Polygon","coordinates":[[[-69.7733817099999,-20.2616219893863],[-69.7752295019999,-20.2615141583863],[-69.7752256819999,-20.2610127503863],[-69.7733611529999,-20.2610985213863],[-69.7733817099999,-20.2616219893863]]]}},{"type":"Feature","properties":{"id":"1401011002119","commune":"Pozo Almonte","code":"01401","gse":"C3","quintil":"Q3","nse_score":707.2,"educ":10.5,"educ_score":500.0,"hacin":1.293,"hacin_class":"Hacinamiento Leve","hacin_score":788.8,"auto_score":58.8,"n_per":53,"n_hog":17,"source_year":2024},"geometry":{"type":"Polygon","coordinates":[[[-69.7810046229999,-20.2613884383863],[-69.7810051439999,-20.2610907073863],[-69.7800187319999,-20.2611290733863],[-69.7800480169999,-20.2614328163863],[-69.7810046229999,-20.2613884383863]]]}},{"type":"Feature","properties":{"id":"1401011002120","commune":"Pozo Almonte","code":"01401","gse":"C3","quintil":"Q3","nse_score":699.5,"educ":11.4,"educ_score":560.0,"hacin":1.286,"hacin_class":"Hacinamiento Leve","hacin_score":790.3,"auto_score":153.8,"n_per":90,"n_hog":26,"source_year":2024},"geometry":{"type":"Polygon","coordinates":[[[-69.7799672239999,-20.2613985683863],[-69.779928965,-20.2611191713863],[-69.7788126999999,-20.2611543133863],[-69.7788294009999,-20.2614696783863],[-69.7799672239999,-20.2613985683863]]]}},{"type":"Feature","properties":{"id":"1401011002121","commune":"Pozo Almonte","code":"01401","gse":"ABC1","quintil":"Q5","nse_score":862.3,"educ":14.3,"educ_score":753.3,"hacin":0.65,"hacin_class":"Sin Hacinamiento","hacin_score":925.5,"auto_score":0.0,"n_per":13,"n_hog":6,"source_year":2024},"geometry":{"type":"Polygon","coordinates":[[[-69.7846656899999,-20.2613083873863],[-69.7846659439999,-20.2629782873863],[-69.7856473339999,-20.2629673863863],[-69.7856990989999,-20.2612479183863],[-69.7846656899999,-20.2613083873863]]]}},{"type":"Feature","properties":{"id":"1401011002124","commune":"Pozo Almonte","code":"01401","gse":"C2","quintil":"Q4","nse_score":772.5,"educ":13.1,"educ_score":673.3,"hacin":1.37,"hacin_class":"Hacinamiento Leve","hacin_score":772.4,"auto_score":142.9,"n_per":63,"n_hog":22,"source_year":2024},"geometry":{"type":"Polygon","coordinates":[[[-69.7822591199999,-20.2617674073863],[-69.7834960329999,-20.2617513123863],[-69.7835330809999,-20.2614255873863],[-69.7822730649999,-20.2613975113863],[-69.7822591199999,-20.2617674073863]]]}},{"type":"Feature","properties":{"id":"1401011002126","commune":"Pozo Almonte","code":"01401","gse":"C3","quintil":"Q3","nse_score":692.2,"educ":11.0,"educ_score":533.3,"hacin":1.676,"hacin_class":"Hacinamiento Medio","hacin_score":707.3,"auto_score":111.1,"n_per":62,"n_hog":19,"source_year":2024},"geometry":{"type":"Polygon","coordinates":[[[-69.7808616539999,-20.2617493313862],[-69.7809180349999,-20.2614780973863],[-69.7800196719999,-20.2615280893863],[-69.7800437319999,-20.2618209213863],[-69.7808616539999,-20.2617493313862]]]}},{"type":"Feature","properties":{"id":"1401011002127","commune":"Pozo Almonte","code":"01401","gse":"D","quintil":"Q2","nse_score":636.4,"educ":10.9,"educ_score":526.7,"hacin":1.463,"hacin_class":"Hacinamiento Leve","hacin_score":752.6,"auto_score":92.6,"n_per":79,"n_hog":25,"source_year":2024},"geometry":{"type":"Polygon","coordinates":[[[-69.7799715939999,-20.2615640843863],[-69.7788332309999,-20.2615272193863],[-69.7788163479999,-20.2618280053863],[-69.7799387989999,-20.2618226533863],[-69.7799715939999,-20.2615640843863]]]}},{"type":"Feature","properties":{"id":"1401011002131","commune":"Pozo Almonte","code":"01401","gse":"C1","quintil":"Q5","nse_score":813.2,"educ":13.1,"educ_score":673.3,"hacin":1.059,"hacin_class":"Hacinamiento Leve","hacin_score":838.5,"auto_score":192.3,"n_per":36,"n_hog":13,"source_year":2024},"geometry":{"type":"Polygon","coordinates":[[[-69.7835459729999,-20.2618003333863],[-69.7827613629999,-20.2617934473863],[-69.7827500819999,-20.2621214963863],[-69.783550251,-20.2621186453863],[-69.7835459729999,-20.2618003333863]]]}},{"type":"Feature","properties":{"id":"1401011002132","commune":"Pozo Almonte","code":"01401","gse":"C3","quintil":"Q2","nse_score":672.9,"educ":11.5,"educ_score":566.7,"hacin":2.083,"hacin_class":"Hacinamiento Medio","hacin_score":620.6,"auto_score":100.0,"n_per":25,"n_hog":5,"source_year":2024},"geometry":{"type":"Polygon","coordinates":[[[-69.7827110729999,-20.2617891543863],[-69.7822381139999,-20.2617948963863],[-69.7822526369999,-20.2630413693862],[-69.7835580719999,-20.2630091753862],[-69.7835502259999,-20.2621708713863],[-69.7827532509999,-20.2621616013863],[-69.7827110729999,-20.2617891543863]]]}},{"type":"Feature","properties":{"id":"1401011002133","commune":"Pozo Almonte","code":"01401","gse":"D","quintil":"Q2","nse_score":633.6,"educ":10.2,"educ_score":480.0,"hacin":1.214,"hacin_class":"Hacinamiento Leve","hacin_score":805.5,"auto_score":83.3,"n_per":34,"n_hog":11,"source_year":2024},"geometry":{"type":"Polygon","coordinates":[[[-69.7806837459999,-20.2621696553862],[-69.7807739149999,-20.2618577903863],[-69.7800269959999,-20.2619015053863],[-69.7800602549999,-20.2622148983863],[-69.7806837459999,-20.2621696553862]]]}},{"type":"Feature","properties":{"id":"1401011002134","commune":"Pozo Almonte","code":"01401","gse":"C3","quintil":"Q3","nse_score":703.4,"educ":11.8,"educ_score":586.7,"hacin":1.297,"hacin_class":"Hacinamiento Leve","hacin_score":787.8,"auto_score":147.1,"n_per":96,"n_hog":34,"source_year":2024},"geometry":{"type":"Polygon","coordinates":[[[-69.7799170739999,-20.2618822053863],[-69.7788408619999,-20.2619053333863],[-69.778822966,-20.2622142553863],[-69.779944542,-20.2622056543863],[-69.7799170739999,-20.2618822053863]]]}},{"type":"Feature","properties":{"id":"1401011002136","commune":"Pozo Almonte","code":"01401","gse":"D","quintil":"Q1","nse_score":574.3,"educ":11.8,"educ_score":586.7,"hacin":1.833,"hacin_class":"Hacinamiento Medio","hacin_score":673.8,"auto_score":125.0,"n_per":22,"n_hog":8,"source_year":2024},"geometry":{"type":"Polygon","coordinates":[[[-69.7747891379999,-20.2627862153863],[-69.7748046639999,-20.2639313423862],[-69.7754029149999,-20.2638821693862],[-69.7753441699999,-20.2627708413863],[-69.7747891379999,-20.2627862153863]]]}},{"type":"Feature","properties":{"id":"1401011002137","commune":"Pozo Almonte","code":"01401","gse":"D","quintil":"Q1","nse_score":569.4,"educ":11.1,"educ_score":540.0,"hacin":1.6,"hacin_class":"Hacinamiento Medio","hacin_score":723.4,"auto_score":109.1,"n_per":160,"n_hog":56,"source_year":2024},"geometry":{"type":"Polygon","coordinates":[[[-69.784760548,-20.2640306183862],[-69.7836787679999,-20.2640328663862],[-69.7837016519999,-20.2643017203862],[-69.7846536549999,-20.2643027933862],[-69.7836925679999,-20.2643417603862],[-69.7837080419999,-20.2645566273862],[-69.7846917859999,-20.2645976363862],[-69.7838709779999,-20.2646445993862],[-69.7849214279999,-20.2651772953862],[-69.7854021239999,-20.2640666713862],[-69.7856299569999,-20.2630533943862],[-69.7836621129999,-20.2630707763863],[-69.7837037639999,-20.2639779903862],[-69.784760548,-20.2640306183862]]]}},{"type":"Feature","properties":{"id":"1401011002138","commune":"Pozo Almonte","code":"01401","gse":"C2","quintil":"Q4","nse_score":734.6,"educ":11.6,"educ_score":573.3,"hacin":1.543,"hacin_class":"Hacinamiento Medio","hacin_score":735.6,"auto_score":0.0,"n_per":54,"n_hog":13,"source_year":2024},"geometry":{"type":"Polygon","coordinates":[[[-69.7795900509999,-20.2631403563863],[-69.7796250419999,-20.2635131073862],[-69.7804855069999,-20.2634647323862],[-69.7804537519999,-20.2630887143862],[-69.7795900509999,-20.2631403563863]]]}},{"type":"Feature","properties":{"id":"1401011002141","commune":"Pozo Almonte","code":"01401","gse":"C3","quintil":"Q3","nse_score":706.3,"educ":11.7,"educ_score":580.0,"hacin":1.532,"hacin_class":"Hacinamiento Medio","hacin_score":737.9,"auto_score":147.1,"n_per":72,"n_hog":23,"source_year":2024},"geometry":{"type":"Polygon","coordinates":[[[-69.7787218439999,-20.2630951513863],[-69.7786822669999,-20.2635112443862],[-69.7795475279999,-20.2635027903863],[-69.7795256149999,-20.2631028733862],[-69.7787218439999,-20.2630951513863]]]}},{"type":"Feature","properties":{"id":"1401011002142","commune":"Pozo Almonte","code":"01401","gse":"C3","quintil":"Q2","nse_score":677.0,"educ":10.3,"educ_score":486.7,"hacin":1.516,"hacin_class":"Hacinamiento Medio","hacin_score":741.2,"auto_score":200.0,"n_per":47,"n_hog":11,"source_year":2024},"geometry":{"type":"Polygon","coordinates":[[[-69.7786329779999,-20.2638996403862],[-69.7786157829999,-20.2631398073863],[-69.7782696369999,-20.2631001413862],[-69.7782346299999,-20.2639144203862],[-69.7786329779999,-20.2638996403862]]]}},{"type":"Feature","properties":{"id":"1401011002143","commune":"Pozo Almonte","code":"01401","gse":"C3","quintil":"Q3","nse_score":705.5,"educ":11.7,"educ_score":580.0,"hacin":1.729,"hacin_class":"Hacinamiento Medio","hacin_score":695.9,"auto_score":411.8,"n_per":83,"n_hog":17,"source_year":2024},"geometry":{"type":"Polygon","coordinates":[[[-69.7796081849999,-20.2635695653862],[-69.7796317109999,-20.2639474273862],[-69.7804912049999,-20.2639149593862],[-69.7804629629999,-20.2635520273862],[-69.7796081849999,-20.2635695653862]]]}},{"type":"Feature","properties":{"id":"1401011002144","commune":"Pozo Almonte","code":"01401","gse":"C2","quintil":"Q4","nse_score":736.7,"educ":12.1,"educ_score":606.7,"hacin":1.667,"hacin_class":"Hacinamiento Medio","hacin_score":709.2,"auto_score":125.0,"n_per":70,"n_hog":16,"source_year":2024},"geometry":{"type":"Polygon","coordinates":[[[-69.7787195249999,-20.2635709853862],[-69.7787133719999,-20.2639497923862],[-69.7795578069999,-20.2639122453862],[-69.7795099179999,-20.2635644003862],[-69.7787195249999,-20.2635709853862]]]}},{"type":"Feature","properties":{"id":"1401011002145","commune":"Pozo Almonte","code":"01401","gse":"C2","quintil":"Q4","nse_score":749.1,"educ":11.7,"educ_score":580.0,"hacin":1.338,"hacin_class":"Hacinamiento Leve","hacin_score":779.2,"auto_score":333.3,"n_per":99,"n_hog":32,"source_year":2024},"geometry":{"type":"Polygon","coordinates":[[[-69.7832687819999,-20.2642250573862],[-69.783316914,-20.2639135593862],[-69.7822617709999,-20.2636546023862],[-69.7822650889999,-20.2639522313862],[-69.7832687819999,-20.2642250573862]]]}},{"type":"Feature","properties":{"id":"1401011002146","commune":"Pozo Almonte","code":"01401","gse":"C3","quintil":"Q3","nse_score":701.0,"educ":10.9,"educ_score":526.7,"hacin":1.431,"hacin_class":"Hacinamiento Leve","hacin_score":759.4,"auto_score":83.3,"n_per":83,"n_hog":25,"source_year":2024},"geometry":{"type":"Polygon","coordinates":[[[-69.7831489079999,-20.2658685053862],[-69.7833776679999,-20.2657903803862],[-69.7835149069999,-20.2650850033862],[-69.7836246779999,-20.2640347903862],[-69.7834414609999,-20.2639466163862],[-69.7831489079999,-20.2658685053862]]]}},{"type":"Feature","properties":{"id":"1401011002147","commune":"Pozo Almonte","code":"01401","gse":"C3","quintil":"Q3","nse_score":711.5,"educ":12.2,"educ_score":613.3,"hacin":1.568,"hacin_class":"Hacinamiento Medio","hacin_score":730.3,"auto_score":235.3,"n_per":58,"n_hog":17,"source_year":2024},"geometry":{"type":"Polygon","coordinates":[[[-69.7805042539999,-20.2640161923862],[-69.7796467109999,-20.2639982323862],[-69.7796107949999,-20.2643606363862],[-69.7804582099999,-20.2643633713862],[-69.7805042539999,-20.2640161923862]]]}},{"type":"Feature","properties":{"id":"1401011002148","commune":"Pozo Almonte","code":"01401","gse":"C2","quintil":"Q4","nse_score":757.2,"educ":12.5,"educ_score":633.3,"hacin":1.415,"hacin_class":"Hacinamiento Leve","hacin_score":762.8,"auto_score":166.7,"n_per":133,"n_hog":37,"source_year":2024},"geometry":{"type":"Polygon","coordinates":[[[-69.7832133559999,-20.2645713743862],[-69.7832917699999,-20.2642646213862],[-69.7822609919999,-20.2639958773862],[-69.782271497,-20.2643138143862],[-69.7832133559999,-20.2645713743862]]]}},{"type":"Feature","properties":{"id":"1401011002149","commune":"Pozo Almonte","code":"01401","gse":"C2","quintil":"Q4","nse_score":765.3,"educ":12.3,"educ_score":620.0,"hacin":1.371,"hacin_class":"Hacinamiento Leve","hacin_score":772.0,"auto_score":285.7,"n_per":48,"n_hog":14,"source_year":2024},"geometry":{"type":"Polygon","coordinates":[[[-69.7794752219999,-20.2639985433862],[-69.7787118749999,-20.2640144953862],[-69.7786925219999,-20.2643575793862],[-69.7795394189999,-20.2643717063862],[-69.7794752219999,-20.2639985433862]]]}},{"type":"Feature","properties":{"id":"1401011002150","commune":"Pozo Almonte","code":"01401","gse":"C2","quintil":"Q4","nse_score":748.0,"educ":12.2,"educ_score":613.3,"hacin":1.615,"hacin_class":"Hacinamiento Medio","hacin_score":720.1,"auto_score":133.3,"n_per":63,"n_hog":15,"source_year":2024},"geometry":{"type":"Polygon","coordinates":[[[-69.7786400329999,-20.2647765313862],[-69.7786215469999,-20.2640267333862],[-69.7782613879999,-20.2640191163862],[-69.7782460629999,-20.2647864123862],[-69.7786400329999,-20.2647765313862]]]}},{"type":"Feature","properties":{"id":"1401011002151","commune":"Pozo Almonte","code":"01401","gse":"C2","quintil":"Q4","nse_score":761.6,"educ":12.7,"educ_score":646.7,"hacin":1.339,"hacin_class":"Hacinamiento Leve","hacin_score":779.0,"auto_score":192.3,"n_per":83,"n_hog":25,"source_year":2024},"geometry":{"type":"Polygon","coordinates":[[[-69.7831664519999,-20.2649177443862],[-69.7832266329999,-20.2646029403862],[-69.7822654629999,-20.2643562973862],[-69.7822859719999,-20.2646801503862],[-69.7831664519999,-20.2649177443862]]]}},{"type":"Feature","properties":{"id":"1401011002152","commune":"Pozo Almonte","code":"01401","gse":"C2","quintil":"Q4","nse_score":737.0,"educ":11.4,"educ_score":560.0,"hacin":1.333,"hacin_class":"Hacinamiento Leve","hacin_score":780.1,"auto_score":315.8,"n_per":48,"n_hog":22,"source_year":2024},"geometry":{"type":"Polygon","coordinates":[[[-69.7804558149999,-20.2644204883862],[-69.7796430409999,-20.2644329603862],[-69.7796232879999,-20.2647915873862],[-69.7804870779999,-20.2647939783862],[-69.7804558149999,-20.2644204883862]]]}},{"type":"Feature","properties":{"id":"1401011002153","commune":"Pozo Almonte","code":"01401","gse":"C2","quintil":"Q4","nse_score":729.3,"educ":12.7,"educ_score":646.7,"hacin":1.282,"hacin_class":"Hacinamiento Leve","hacin_score":791.1,"auto_score":222.2,"n_per":50,"n_hog":16,"source_year":2024},"geometry":{"type":"Polygon","coordinates":[[[-69.7795304369999,-20.2644328283862],[-69.7787202489999,-20.2644454653862],[-69.7787093319999,-20.2648099263862],[-69.7795407679999,-20.2648142723862],[-69.7795304369999,-20.2644328283862]]]}},{"type":"Feature","properties":{"id":"1401011002155","commune":"Pozo Almonte","code":"01401","gse":"C2","quintil":"Q4","nse_score":766.1,"educ":12.5,"educ_score":633.3,"hacin":1.288,"hacin_class":"Hacinamiento Leve","hacin_score":789.8,"auto_score":86.2,"n_per":76,"n_hog":30,"source_year":2024},"geometry":{"type":"Polygon","coordinates":[[[-69.7831158839999,-20.2652590713862],[-69.7831868289999,-20.2649522603862],[-69.7822695209999,-20.2647155423862],[-69.7822834389999,-20.2650345443862],[-69.7831158839999,-20.2652590713862]]]}},{"type":"Feature","properties":{"id":"1401011002156","commune":"Pozo Almonte","code":"01401","gse":"C3","quintil":"Q3","nse_score":708.0,"educ":11.0,"educ_score":533.3,"hacin":1.341,"hacin_class":"Hacinamiento Leve","hacin_score":778.5,"auto_score":388.9,"n_per":59,"n_hog":19,"source_year":2024},"geometry":{"type":"Polygon","coordinates":[[[-69.7804441259999,-20.2648595883862],[-69.7796417549999,-20.2648655083862],[-69.7796236919999,-20.2652174413862],[-69.7805030679999,-20.2652342203862],[-69.7804441259999,-20.2648595883862]]]}},{"type":"Feature","properties":{"id":"1401011002158","commune":"Pozo Almonte","code":"01401","gse":"C2","quintil":"Q4","nse_score":738.7,"educ":12.2,"educ_score":613.3,"hacin":1.694,"hacin_class":"Hacinamiento Medio","hacin_score":703.3,"auto_score":176.5,"n_per":61,"n_hog":22,"source_year":2024},"geometry":{"type":"Polygon","coordinates":[[[-69.7795089529999,-20.2648668213862],[-69.7787117929999,-20.2648809373862],[-69.7787009529999,-20.2652223563862],[-69.7795326919999,-20.2652486583862],[-69.7795089529999,-20.2648668213862]]]}},{"type":"Feature","properties":{"id":"1401011002159","commune":"Pozo Almonte","code":"01401","gse":"C1","quintil":"Q5","nse_score":778.4,"educ":13.3,"educ_score":686.7,"hacin":1.206,"hacin_class":"Hacinamiento Leve","hacin_score":807.3,"auto_score":38.5,"n_per":41,"n_hog":13,"source_year":2024},"geometry":{"type":"Polygon","coordinates":[[[-69.7823295679999,-20.2657441223862],[-69.7830890229999,-20.2658636803862],[-69.7831518449999,-20.2653078843862],[-69.7822716039999,-20.2650693273862],[-69.7823295679999,-20.2657441223862]]]}},{"type":"Feature","properties":{"id":"1401011002160","commune":"Pozo Almonte","code":"01401","gse":"C3","quintil":"Q3","nse_score":710.1,"educ":11.7,"educ_score":580.0,"hacin":1.525,"hacin_class":"Hacinamiento Medio","hacin_score":739.4,"auto_score":125.0,"n_per":61,"n_hog":16,"source_year":2024},"geometry":{"type":"Polygon","coordinates":[[[-69.7804619699999,-20.2652877143862],[-69.7796434519999,-20.2653011153862],[-69.7796339299999,-20.2656568063862],[-69.7804929659999,-20.2656650913862],[-69.7804619699999,-20.2652877143862]]]}},{"type":"Feature","properties":{"id":"1401011002161","commune":"Pozo Almonte","code":"01401","gse":"C3","quintil":"Q2","nse_score":684.9,"educ":10.8,"educ_score":520.0,"hacin":1.676,"hacin_class":"Hacinamiento Medio","hacin_score":707.3,"auto_score":117.6,"n_per":62,"n_hog":17,"source_year":2024},"geometry":{"type":"Polygon","coordinates":[[[-69.779504948,-20.2652917923862],[-69.7787264849999,-20.2653115163862],[-69.7787146789999,-20.2656705603862],[-69.7795538589999,-20.2656716193862],[-69.779504948,-20.2652917923862]]]}},{"type":"Feature","properties":{"id":"1401011002163","commune":"Pozo Almonte","code":"01401","gse":"D","quintil":"Q1","nse_score":530.4,"educ":10.4,"educ_score":493.3,"hacin":1.849,"hacin_class":"Hacinamiento Medio","hacin_score":670.4,"auto_score":160.0,"n_per":196,"n_hog":52,"source_year":2024},"geometry":{"type":"Polygon","coordinates":[[[-69.7818247129999,-20.2683964733861],[-69.7814918449999,-20.2682366783861],[-69.7811336509999,-20.2688003103861],[-69.7797991209999,-20.2700504873861],[-69.7797458319999,-20.2705176473861],[-69.779846872,-20.2706463863861],[-69.7814986619999,-20.271048502386],[-69.781861826,-20.270844218386],[-69.7829163179999,-20.2688892903861],[-69.7823898209999,-20.2686610513861],[-69.7819343489999,-20.2693793433861],[-69.7820695739999,-20.2691017843861],[-69.7818576129999,-20.2689939753861],[-69.7816840859999,-20.2692582513861],[-69.7818070909999,-20.2689716383861],[-69.7815822419999,-20.2688836443861],[-69.7814057309999,-20.2691191673861],[-69.7818247129999,-20.2683964733861]]]}},{"type":"Feature","properties":{"id":"1401011002164","commune":"Pozo Almonte","code":"01401","gse":"E","quintil":"Q1","nse_score":443.8,"educ":11.4,"educ_score":560.0,"hacin":1.947,"hacin_class":"Hacinamiento Medio","hacin_score":649.5,"auto_score":166.7,"n_per":37,"n_hog":12,"source_year":2024},"geometry":{"type":"Polygon","coordinates":[[[-69.7816143339999,-20.2688165613861],[-69.7818500759999,-20.2689426963861],[-69.7820941559999,-20.2685084083861],[-69.7818504329999,-20.2684071733861],[-69.7816143339999,-20.2688165613861]]]}},{"type":"Feature","properties":{"id":"1401011002165","commune":"Pozo Almonte","code":"01401","gse":"D","quintil":"Q1","nse_score":521.0,"educ":10.5,"educ_score":500.0,"hacin":2.25,"hacin_class":"Hacinamiento Medio","hacin_score":585.1,"auto_score":90.9,"n_per":45,"n_hog":12,"source_year":2024},"geometry":{"type":"Polygon","coordinates":[[[-69.7818683359999,-20.2689464393861],[-69.782110557,-20.2690679843861],[-69.7823521719999,-20.2686306183861],[-69.7821186159999,-20.2685360313861],[-69.7818683359999,-20.2689464393861]]]}},{"type":"Feature","properties":{"id":"1401011002066","commune":"Pozo Almonte","code":"01401","gse":"D","quintil":"Q2","nse_score":624.3,"educ":9.7,"educ_score":446.7,"hacin":1.5,"hacin_class":"Hacinamiento Medio","hacin_score":744.7,"auto_score":166.7,"n_per":30,"n_hog":10,"source_year":2024},"geometry":{"type":"MultiPolygon","coordinates":[[[[-69.7753937249999,-20.2578239743864],[-69.7754559689999,-20.2585341963863],[-69.7771845039999,-20.2584667063863],[-69.777148629,-20.2576847153864],[-69.7753937249999,-20.2578239743864]]],[[[-69.7772640079999,-20.2584157533864],[-69.7793924239999,-20.2583841673863],[-69.7794093399999,-20.2576298753864],[-69.7787662309999,-20.2570591413864],[-69.7772628719999,-20.2571103583864],[-69.7772640079999,-20.2584157533864]]]]}},{"type":"Feature","properties":{"id":"1401011002154","commune":"Pozo Almonte","code":"01401","gse":"E","quintil":"Q1","nse_score":357.9,"educ":8.8,"educ_score":386.7,"hacin":2.6,"hacin_class":"Hacinamiento Crítico","hacin_score":510.6,"auto_score":0.0,"n_per":39,"n_hog":10,"source_year":2024},"geometry":{"type":"MultiPolygon","coordinates":[[[[-69.7782217639999,-20.2648616113862],[-69.7782281849999,-20.2670609813861],[-69.7806457409999,-20.2670437953861],[-69.7812696219999,-20.2673046033862],[-69.7797925629999,-20.2700175083861],[-69.7811114399999,-20.2687830043861],[-69.7814778279999,-20.2682118853861],[-69.7818065139999,-20.2683196073861],[-69.7832007019999,-20.2676186923861],[-69.7816670829999,-20.2667248913862],[-69.7805380389999,-20.2657104993862],[-69.7787008099999,-20.2657310713862],[-69.7786238529999,-20.2648921703862],[-69.7782217639999,-20.2648616113862]]],[[[-69.7834495469999,-20.2677416903861],[-69.7848832809999,-20.2652517153862],[-69.7836530949999,-20.2646200383862],[-69.7834386589999,-20.2658179623861],[-69.7826668229999,-20.2670336923861],[-69.7827125609999,-20.2672569863862],[-69.7834495469999,-20.2677416903861]]]]}},{"type":"Feature","properties":{"id":"1401011002049","commune":"Pozo Almonte","code":"01401","gse":"D","quintil":"Q2","nse_score":609.5,"educ":10.0,"educ_score":466.7,"hacin":1.733,"hacin_class":"Hacinamiento Medio","hacin_score":695.0,"auto_score":71.4,"n_per":26,"n_hog":7,"source_year":2024},"geometry":{"type":"MultiPolygon","coordinates":[[[[-69.7778041949999,-20.2570077513864],[-69.7783155459999,-20.2570008733864],[-69.7782449919999,-20.2558119863864],[-69.7777640429999,-20.2558283973864],[-69.7778041949999,-20.2570077513864]]],[[[-69.777701556,-20.2549094013865],[-69.7777445449999,-20.2557775903864],[-69.7782511849999,-20.2557483473864],[-69.7782244139999,-20.2548030233865],[-69.7778012709999,-20.2547900673864],[-69.777701556,-20.2549094013865]]]]}},{"type":"Feature","properties":{"id":"1401011002026","commune":"Pozo Almonte","code":"01401","gse":"C2","quintil":"Q3","nse_score":723.4,"educ":11.6,"educ_score":573.3,"hacin":1.512,"hacin_class":"Hacinamiento Medio","hacin_score":742.2,"auto_score":321.4,"n_per":65,"n_hog":15,"source_year":2024},"geometry":{"type":"MultiPolygon","coordinates":[[[[-69.785501011,-20.2533505733865],[-69.7856800669999,-20.2518891993865],[-69.78470956,-20.2517909613865],[-69.7846048719999,-20.2532679043865],[-69.785501011,-20.2533505733865]]],[[[-69.7840422199999,-20.2516792453865],[-69.78461096,-20.2517112333865],[-69.7846435999999,-20.2514387843866],[-69.7840373029999,-20.2513942783866],[-69.7840422199999,-20.2516792453865]]]]}},{"type":"Feature","properties":{"id":"1401031001001","commune":"Pozo Almonte","code":"01401","gse":"D","quintil":"Q1","nse_score":605.3,"educ":10.9,"educ_score":526.7,"hacin":1.429,"hacin_class":"Hacinamiento Leve","hacin_score":759.9,"auto_score":250.0,"n_per":20,"n_hog":6,"source_year":2024},"geometry":{"type":"Polygon","coordinates":[[[-69.6552289549999,-20.3267807293847],[-69.657043498,-20.3266291493846],[-69.6571501239999,-20.3223550813848],[-69.655937778,-20.3224797333848],[-69.6559653409999,-20.3227377033847],[-69.6547778359999,-20.3228565553847],[-69.6552289549999,-20.3267807293847]]]}},{"type":"Feature","properties":{"id":"1401031001002","commune":"Pozo Almonte","code":"01401","gse":"D","quintil":"Q1","nse_score":566.0,"educ":10.6,"educ_score":506.7,"hacin":1.222,"hacin_class":"Hacinamiento Leve","hacin_score":803.8,"auto_score":166.7,"n_per":22,"n_hog":9,"source_year":2024},"geometry":{"type":"Polygon","coordinates":[[[-69.653180544,-20.3269649703847],[-69.6551847609999,-20.3268152823846],[-69.6547302079999,-20.3228613213847],[-69.6527873489999,-20.3230557563847],[-69.653180544,-20.3269649703847]]]}},{"type":"Feature","properties":{"id":"1401031001003","commune":"Pozo Almonte","code":"01401","gse":"D","quintil":"Q2","nse_score":634.0,"educ":10.5,"educ_score":500.0,"hacin":1.333,"hacin_class":"Hacinamiento Leve","hacin_score":780.1,"auto_score":0.0,"n_per":12,"n_hog":4,"source_year":2024},"geometry":{"type":"Polygon","coordinates":[[[-69.6571556129999,-20.3244640943847],[-69.657098673,-20.3264024893846],[-69.6578985519999,-20.3262862753846],[-69.6582374859999,-20.3260987273847],[-69.6589408239999,-20.3261058053847],[-69.6590897029999,-20.3245157333847],[-69.6571556129999,-20.3244640943847]]]}},{"type":"Feature","properties":{"id":"1401031001005","commune":"Pozo Almonte","code":"01401","gse":"E","quintil":"Q1","nse_score":435.5,"educ":8.4,"educ_score":360.0,"hacin":2.0,"hacin_class":"Hacinamiento Medio","hacin_score":638.3,"auto_score":0.0,"n_per":8,"n_hog":4,"source_year":2024},"geometry":{"type":"Polygon","coordinates":[[[-69.6579025349999,-20.3263133683847],[-69.6570974569999,-20.3264404543847],[-69.6570614549999,-20.3274977493846],[-69.6577440129999,-20.3275232323846],[-69.657060225,-20.3275248393846],[-69.6569235199999,-20.3311081633845],[-69.6584910919999,-20.3311817193845],[-69.6589382929999,-20.3261328363847],[-69.6582442079999,-20.3261252633847],[-69.6579025349999,-20.3263133683847]]]}},{"type":"Feature","properties":{"id":"1401031001006","commune":"Pozo Almonte","code":"01401","gse":"D","quintil":"Q1","nse_score":595.6,"educ":10.7,"educ_score":513.3,"hacin":1.235,"hacin_class":"Hacinamiento Leve","hacin_score":801.0,"auto_score":200.0,"n_per":21,"n_hog":11,"source_year":2024},"geometry":{"type":"Polygon","coordinates":[[[-69.6552372069999,-20.3268530733847],[-69.6553735179999,-20.3280832103846],[-69.6561584829999,-20.3280331023846],[-69.655375509,-20.3281011853846],[-69.6555106609999,-20.3292983263846],[-69.656462728,-20.3292287243846],[-69.6555137119999,-20.3293252923846],[-69.6556609099999,-20.3310239423846],[-69.656874436,-20.3311030863845],[-69.6569166979999,-20.3301807273846],[-69.6565228189999,-20.3301461563846],[-69.6569195599999,-20.3301536743845],[-69.6570419739999,-20.3266747023846],[-69.6552372069999,-20.3268530733847]]]}},{"type":"Feature","properties":{"id":"1401031001007","commune":"Pozo Almonte","code":"01401","gse":"E","quintil":"Q1","nse_score":466.4,"educ":8.0,"educ_score":333.3,"hacin":1.087,"hacin_class":"Hacinamiento Leve","hacin_score":832.6,"auto_score":0.0,"n_per":25,"n_hog":12,"source_year":2024},"geometry":{"type":"Polygon","coordinates":[[[-69.6531834939999,-20.3270486333846],[-69.6535011169999,-20.3294575573846],[-69.6543087469999,-20.3294029463846],[-69.6535046939999,-20.3294844693846],[-69.6536281239999,-20.3304708303846],[-69.6544339369999,-20.3309071933845],[-69.65461726,-20.3307118143845],[-69.6546049559999,-20.3302389533846],[-69.6546455269999,-20.3307175613845],[-69.6544622179999,-20.3309225093845],[-69.6556105859999,-20.3310237603845],[-69.6553666369999,-20.3284511153846],[-69.6546193699999,-20.3285109953846],[-69.6553635829999,-20.3284241213846],[-69.6551898419999,-20.3268602093847],[-69.6531834939999,-20.3270486333846]]]}},{"type":"Feature","properties":{"id":"1401031001012","commune":"Pozo Almonte","code":"01401","gse":"C3","quintil":"Q2","nse_score":663.5,"educ":10.2,"educ_score":480.0,"hacin":2.0,"hacin_class":"Hacinamiento Medio","hacin_score":638.3,"auto_score":0.0,"n_per":10,"n_hog":5,"source_year":2024},"geometry":{"type":"Polygon","coordinates":[[[-69.6592560659999,-20.3283854293846],[-69.6592786259999,-20.3293500473846],[-69.6597287729999,-20.3293488173846],[-69.6597573689999,-20.3283792353846],[-69.6592560659999,-20.3283854293846]]]}},{"type":"Feature","properties":{"id":"1401031001014","commune":"Pozo Almonte","code":"01401","gse":"D","quintil":"Q2","nse_score":637.4,"educ":12.6,"educ_score":640.0,"hacin":1.375,"hacin_class":"Hacinamiento Leve","hacin_score":771.3,"auto_score":250.0,"n_per":11,"n_hog":4,"source_year":2024},"geometry":{"type":"Polygon","coordinates":[[[-69.6635248969999,-20.3283715863846],[-69.6626447469999,-20.3283745173846],[-69.6625762899999,-20.3287389733846],[-69.6625581309999,-20.3293571083846],[-69.6630411129999,-20.3293830043846],[-69.6626204639999,-20.3294075793846],[-69.6626104059999,-20.3311258313846],[-69.6640678319999,-20.3311370003846],[-69.6641079709999,-20.3302199453846],[-69.6641030769999,-20.3311381293846],[-69.6647705859999,-20.3311523583845],[-69.6653375019999,-20.3309589413845],[-69.6659006329999,-20.3311018503845],[-69.6660961159999,-20.3312207123845],[-69.6654641229999,-20.3310363403846],[-69.6655174289999,-20.3320171693845],[-69.6666072219999,-20.3319182783845],[-69.6665438219999,-20.3311641583845],[-69.6662642289999,-20.3305987643846],[-69.6646704859999,-20.3306301703846],[-69.6646498369999,-20.3298948323846],[-69.6634804129999,-20.3299019953846],[-69.6635248969999,-20.3283715863846]]]}},{"type":"Feature","properties":{"id":"1401031001022","commune":"Pozo Almonte","code":"01401","gse":"D","quintil":"Q2","nse_score":643.3,"educ":10.8,"educ_score":520.0,"hacin":1.0,"hacin_class":"Hacinamiento Leve","hacin_score":851.1,"auto_score":300.0,"n_per":12,"n_hog":5,"source_year":2024},"geometry":{"type":"Polygon","coordinates":[[[-69.6621983289999,-20.3311359993846],[-69.6625525149999,-20.3311016653846],[-69.6625620399999,-20.3294104123846],[-69.6621242549999,-20.3294536703846],[-69.6621983289999,-20.3311359993846]]]}},{"type":"Feature","properties":{"id":"1401031001023","commune":"Pozo Almonte","code":"01401","gse":"D","quintil":"Q1","nse_score":568.8,"educ":10.1,"educ_score":473.3,"hacin":1.091,"hacin_class":"Hacinamiento Leve","hacin_score":831.7,"auto_score":50.0,"n_per":24,"n_hog":10,"source_year":2024},"geometry":{"type":"Polygon","coordinates":[[[-69.6611219529999,-20.3301067253846],[-69.6610844049999,-20.3293993263846],[-69.6606138529999,-20.3294027853846],[-69.6606652149999,-20.3311582573846],[-69.6615744899999,-20.3311443903846],[-69.6615740239999,-20.3293979883846],[-69.661124405,-20.3293992173846],[-69.6611219529999,-20.3301067253846]]]}},{"type":"Feature","properties":{"id":"1401031001024","commune":"Pozo Almonte","code":"01401","gse":"D","quintil":"Q1","nse_score":590.2,"educ":10.8,"educ_score":520.0,"hacin":1.25,"hacin_class":"Hacinamiento Leve","hacin_score":797.9,"auto_score":214.3,"n_per":20,"n_hog":7,"source_year":2024},"geometry":{"type":"Polygon","coordinates":[[[-69.6601539189999,-20.3294018703846],[-69.6601418149999,-20.3311651403845],[-69.6605982919999,-20.3311556413845],[-69.6605633369999,-20.3294027593846],[-69.6601539189999,-20.3294018703846]]]}},{"type":"Feature","properties":{"id":"1401031001028","commune":"Pozo Almonte","code":"01401","gse":"D","quintil":"Q2","nse_score":650.6,"educ":12.5,"educ_score":633.3,"hacin":1.714,"hacin_class":"Hacinamiento Medio","hacin_score":699.1,"auto_score":250.0,"n_per":24,"n_hog":9,"source_year":2024},"geometry":{"type":"Polygon","coordinates":[[[-69.6498544969999,-20.3297773793846],[-69.6498429019999,-20.3304641093846],[-69.64617247,-20.3304302863846],[-69.6461695369999,-20.3315518223845],[-69.6450421239999,-20.3315619843845],[-69.6450464049999,-20.3333580243845],[-69.646164827,-20.3333505763845],[-69.6461597999999,-20.3352678713844],[-69.6471974929999,-20.3352640333844],[-69.6472060629999,-20.3347046333845],[-69.6472357039999,-20.3352638923844],[-69.6488657389999,-20.3352633733844],[-69.6488596609999,-20.3347983433844],[-69.6484868049999,-20.3347676993844],[-69.6488986239999,-20.3347609323844],[-69.6489039149999,-20.3352633733844],[-69.6497897689999,-20.3352442493845],[-69.6498011399999,-20.3345881063845],[-69.648494695,-20.3345537473844],[-69.6498022979999,-20.3345481013845],[-69.6497787209999,-20.3341498423845],[-69.6490521959999,-20.3341186463844],[-69.6497802659999,-20.3341138243845],[-69.6497981439999,-20.3336969903845],[-69.6491121569999,-20.3336714813845],[-69.64979969,-20.3336609553844],[-69.6498061959999,-20.3335092653844],[-69.6486554189999,-20.3335009803845],[-69.6486240629999,-20.3343079303845],[-69.6486172429999,-20.3335007053845],[-69.6471244339999,-20.3334899463845],[-69.6471319359999,-20.3331603663845],[-69.6451070749999,-20.3331665403845],[-69.6461358619999,-20.3331029713845],[-69.6461316189999,-20.3326917773845],[-69.6451049629999,-20.3326573163845],[-69.646138935,-20.3326224183845],[-69.6461398699999,-20.3322375033845],[-69.6450853859999,-20.3322150993845],[-69.6461269789999,-20.3321849543845],[-69.6461267089999,-20.3318149853845],[-69.6451126419999,-20.3317589613845],[-69.6485184969999,-20.3317588733845],[-69.6485444249999,-20.3308556303845],[-69.6498644029999,-20.3308658443846],[-69.6498472599999,-20.3352429933845],[-69.6509512899999,-20.3353060253845],[-69.6522977229999,-20.3349112113845],[-69.654285162,-20.3314862083845],[-69.6547514989999,-20.3310829113846],[-69.6527115309999,-20.3300525723846],[-69.6498544969999,-20.3297773793846]]]}},{"type":"Feature","properties":{"id":"1401031001031","commune":"Pozo Almonte","code":"01401","gse":"D","quintil":"Q1","nse_score":542.0,"educ":10.0,"educ_score":466.7,"hacin":1.0,"hacin_class":"Hacinamiento Leve","hacin_score":851.1,"auto_score":0.0,"n_per":7,"n_hog":4,"source_year":2024},"geometry":{"type":"Polygon","coordinates":[[[-69.6557040659999,-20.3327485033845],[-69.6561198019999,-20.3327215093845],[-69.6560953859999,-20.3311240183846],[-69.6556470269999,-20.3311416743845],[-69.6557040659999,-20.3327485033845]]]}},{"type":"Feature","properties":{"id":"1401031001032","commune":"Pozo Almonte","code":"01401","gse":"D","quintil":"Q1","nse_score":572.8,"educ":8.4,"educ_score":360.0,"hacin":0.789,"hacin_class":"Sin Hacinamiento","hacin_score":895.9,"auto_score":200.0,"n_per":15,"n_hog":5,"source_year":2024},"geometry":{"type":"Polygon","coordinates":[[[-69.6551040869999,-20.3322489763845],[-69.6555950189999,-20.3322263443845],[-69.6555811579999,-20.3311111103845],[-69.6550545489999,-20.3311429253845],[-69.6551040869999,-20.3322489763845]]]}},{"type":"Feature","properties":{"id":"1401031001034","commune":"Pozo Almonte","code":"01401","gse":"E","quintil":"Q1","nse_score":502.3,"educ":7.7,"educ_score":313.3,"hacin":1.6,"hacin_class":"Hacinamiento Medio","hacin_score":723.4,"auto_score":0.0,"n_per":8,"n_hog":4,"source_year":2024},"geometry":{"type":"Polygon","coordinates":[[[-69.6561907279999,-20.3327692283845],[-69.6568383459999,-20.3327515803845],[-69.6568457319999,-20.3311621983846],[-69.6561533499999,-20.3311445163845],[-69.6561907279999,-20.3327692283845]]]}},{"type":"Feature","properties":{"id":"1401031001052","commune":"Pozo Almonte","code":"01401","gse":"D","quintil":"Q2","nse_score":610.1,"educ":10.0,"educ_score":466.7,"hacin":1.5,"hacin_class":"Hacinamiento Medio","hacin_score":744.7,"auto_score":125.0,"n_per":9,"n_hog":4,"source_year":2024},"geometry":{"type":"Polygon","coordinates":[[[-69.656893625,-20.3318785443845],[-69.6569280859999,-20.3322859423845],[-69.6581341559999,-20.3322478003845],[-69.6581031929999,-20.3318160413845],[-69.656893625,-20.3318785443845]]]}},{"type":"Feature","properties":{"id":"1401031001062","commune":"Pozo Almonte","code":"01401","gse":"C3","quintil":"Q3","nse_score":697.2,"educ":10.6,"educ_score":506.7,"hacin":0.7,"hacin_class":"Sin Hacinamiento","hacin_score":914.9,"auto_score":100.0,"n_per":7,"n_hog":5,"source_year":2024},"geometry":{"type":"Polygon","coordinates":[[[-69.6568912449999,-20.3323499443845],[-69.6569164979999,-20.3327872703845],[-69.6581243749999,-20.3327767423845],[-69.6581092269999,-20.3323334033845],[-69.6568912449999,-20.3323499443845]]]}},{"type":"Feature","properties":{"id":"1401031001073","commune":"Pozo Almonte","code":"01401","gse":"E","quintil":"Q1","nse_score":506.2,"educ":10.3,"educ_score":486.7,"hacin":2.0,"hacin_class":"Hacinamiento Medio","hacin_score":638.3,"auto_score":0.0,"n_per":20,"n_hog":4,"source_year":2024},"geometry":{"type":"Polygon","coordinates":[[[-69.6640861089999,-20.3327317563845],[-69.6636318829999,-20.3327878653845],[-69.6635689079999,-20.3338448043845],[-69.6639382969999,-20.3338046483845],[-69.6640861089999,-20.3327317563845]]]}},{"type":"Feature","properties":{"id":"1401031001086","commune":"Pozo Almonte","code":"01401","gse":"D","quintil":"Q1","nse_score":568.8,"educ":8.5,"educ_score":366.7,"hacin":0.737,"hacin_class":"Sin Hacinamiento","hacin_score":907.1,"auto_score":250.0,"n_per":14,"n_hog":4,"source_year":2024},"geometry":{"type":"Polygon","coordinates":[[[-69.6589226219999,-20.3331772053845],[-69.6581709239999,-20.3331529443845],[-69.6581374159999,-20.3335340273845],[-69.6589330819999,-20.3335953883845],[-69.6589226219999,-20.3331772053845]]]}},{"type":"Feature","properties":{"id":"1401031001089","commune":"Pozo Almonte","code":"01401","gse":"D","quintil":"Q1","nse_score":578.1,"educ":10.5,"educ_score":500.0,"hacin":1.538,"hacin_class":"Hacinamiento Medio","hacin_score":736.5,"auto_score":285.7,"n_per":40,"n_hog":8,"source_year":2024},"geometry":{"type":"Polygon","coordinates":[[[-69.6549044049999,-20.3335320523845],[-69.6549357379999,-20.3331732313845],[-69.6534866999999,-20.3331670703845],[-69.6532087439999,-20.3336424053845],[-69.6549044049999,-20.3335320523845]]]}},{"type":"Feature","properties":{"id":"1401031001095","commune":"Pozo Almonte","code":"01401","gse":"D","quintil":"Q2","nse_score":650.0,"educ":11.8,"educ_score":586.7,"hacin":1.0,"hacin_class":"Hacinamiento Leve","hacin_score":851.1,"auto_score":400.0,"n_per":7,"n_hog":4,"source_year":2024},"geometry":{"type":"Polygon","coordinates":[[[-69.6575711869999,-20.3335908803845],[-69.656877231,-20.3335750423845],[-69.6568546959999,-20.3345497263844],[-69.6575286809999,-20.3345896003845],[-69.6575711869999,-20.3335908803845]]]}},{"type":"Feature","properties":{"id":"1401031001102","commune":"Pozo Almonte","code":"01401","gse":"D","quintil":"Q2","nse_score":636.2,"educ":9.1,"educ_score":406.7,"hacin":1.062,"hacin_class":"Hacinamiento Leve","hacin_score":837.8,"auto_score":55.6,"n_per":17,"n_hog":9,"source_year":2024},"geometry":{"type":"Polygon","coordinates":[[[-69.6657288119999,-20.3337544963845],[-69.6652605219999,-20.3337792303845],[-69.6652128169999,-20.3354784933844],[-69.6656798639999,-20.3354645453844],[-69.6657288119999,-20.3337544963845]]]}},{"type":"Feature","properties":{"id":"1401031001106","commune":"Pozo Almonte","code":"01401","gse":"D","quintil":"Q1","nse_score":521.8,"educ":7.5,"educ_score":300.0,"hacin":1.167,"hacin_class":"Hacinamiento Leve","hacin_score":815.6,"auto_score":142.9,"n_per":14,"n_hog":7,"source_year":2024},"geometry":{"type":"Polygon","coordinates":[[[-69.6628185549999,-20.3340687883845],[-69.6627358459999,-20.3354772533845],[-69.6633105509999,-20.3355085293844],[-69.6633835409999,-20.3340140483844],[-69.6628185549999,-20.3340687883845]]]}},{"type":"Feature","properties":{"id":"1401031001112","commune":"Pozo Almonte","code":"01401","gse":"C3","quintil":"Q2","nse_score":684.7,"educ":12.0,"educ_score":600.0,"hacin":1.167,"hacin_class":"Hacinamiento Leve","hacin_score":815.6,"auto_score":250.0,"n_per":7,"n_hog":4,"source_year":2024},"geometry":{"type":"Polygon","coordinates":[[[-69.6588585719999,-20.3342571413845],[-69.6581361689999,-20.3342065323845],[-69.6580997809999,-20.3345854923844],[-69.6588708939999,-20.3346704483845],[-69.6588585719999,-20.3342571413845]]]}},{"type":"Feature","properties":{"id":"1401031001114","commune":"Pozo Almonte","code":"01401","gse":"D","quintil":"Q1","nse_score":594.0,"educ":11.0,"educ_score":533.3,"hacin":1.125,"hacin_class":"Hacinamiento Leve","hacin_score":824.5,"auto_score":83.3,"n_per":9,"n_hog":4,"source_year":2024},"geometry":{"type":"Polygon","coordinates":[[[-69.6567557799999,-20.3346033803844],[-69.6561651339999,-20.3345670463845],[-69.6561534439999,-20.3351138163844],[-69.6567345109999,-20.3351481553845],[-69.6567557799999,-20.3346033803844]]]}},{"type":"Feature","properties":{"id":"1401031001125","commune":"Pozo Almonte","code":"01401","gse":"D","quintil":"Q2","nse_score":650.7,"educ":9.3,"educ_score":420.0,"hacin":1.615,"hacin_class":"Hacinamiento Medio","hacin_score":720.1,"auto_score":0.0,"n_per":21,"n_hog":6,"source_year":2024},"geometry":{"type":"Polygon","coordinates":[[[-69.656757179,-20.3352250413844],[-69.6561602349999,-20.3351710603844],[-69.6561383789999,-20.3354961333844],[-69.6567183689999,-20.3355606093845],[-69.656757179,-20.3352250413844]]]}},{"type":"Feature","properties":{"id":"1401031001126","commune":"Pozo Almonte","code":"01401","gse":"D","quintil":"Q2","nse_score":637.3,"educ":11.5,"educ_score":566.7,"hacin":1.7,"hacin_class":"Hacinamiento Medio","hacin_score":702.1,"auto_score":250.0,"n_per":17,"n_hog":4,"source_year":2024},"geometry":{"type":"Polygon","coordinates":[[[-69.6574984279999,-20.3352579283844],[-69.6568183329999,-20.3352061253845],[-69.6567936429999,-20.3355434213844],[-69.6574511449999,-20.3356303903844],[-69.6574984279999,-20.3352579283844]]]}},{"type":"Feature","properties":{"id":"1401031001129","commune":"Pozo Almonte","code":"01401","gse":"D","quintil":"Q1","nse_score":572.8,"educ":9.6,"educ_score":440.0,"hacin":1.133,"hacin_class":"Hacinamiento Leve","hacin_score":822.7,"auto_score":83.3,"n_per":17,"n_hog":6,"source_year":2024},"geometry":{"type":"Polygon","coordinates":[[[-69.6486723369999,-20.3353173843844],[-69.6485990609999,-20.3371404433844],[-69.6498082329999,-20.3371462923844],[-69.6498406029999,-20.3369219513844],[-69.6488870479999,-20.3368884713844],[-69.6498363259999,-20.3368823453844],[-69.6498595929999,-20.3364823793844],[-69.6488968449999,-20.3364191743844],[-69.6498619429999,-20.3364419853844],[-69.6498354909999,-20.3352972743845],[-69.6486723369999,-20.3353173843844]]]}},{"type":"Feature","properties":{"id":"1401031001133","commune":"Pozo Almonte","code":"01401","gse":"E","quintil":"Q1","nse_score":514.7,"educ":10.3,"educ_score":486.7,"hacin":2.0,"hacin_class":"Hacinamiento Medio","hacin_score":638.3,"auto_score":71.4,"n_per":22,"n_hog":7,"source_year":2024},"geometry":{"type":"Polygon","coordinates":[[[-69.6520016189999,-20.3358455843845],[-69.6528741259999,-20.3358749163844],[-69.6528925699999,-20.3354674923844],[-69.6520768399999,-20.3354456323844],[-69.6520016189999,-20.3358455843845]]]}},{"type":"Feature","properties":{"id":"1401031001140","commune":"Pozo Almonte","code":"01401","gse":"D","quintil":"Q1","nse_score":600.4,"educ":8.2,"educ_score":346.7,"hacin":0.9,"hacin_class":"Sin Hacinamiento","hacin_score":872.3,"auto_score":0.0,"n_per":9,"n_hog":4,"source_year":2024},"geometry":{"type":"Polygon","coordinates":[[[-69.6575226489999,-20.3357060963844],[-69.6575262009999,-20.3362335073844],[-69.6580607409999,-20.3362313803844],[-69.6580700019999,-20.3357252323844],[-69.6575226489999,-20.3357060963844]]]}},{"type":"Feature","properties":{"id":"1401031001144","commune":"Pozo Almonte","code":"01401","gse":"C3","quintil":"Q2","nse_score":681.3,"educ":12.1,"educ_score":606.7,"hacin":1.0,"hacin_class":"Hacinamiento Leve","hacin_score":851.1,"auto_score":0.0,"n_per":9,"n_hog":5,"source_year":2024},"geometry":{"type":"Polygon","coordinates":[[[-69.6580581129999,-20.3363013953844],[-69.6574918569999,-20.3363003763844],[-69.6574673189999,-20.3369748183844],[-69.6580518839999,-20.3369742893844],[-69.6580581129999,-20.3363013953844]]]}},{"type":"Feature","properties":{"id":"1401031001146","commune":"Pozo Almonte","code":"01401","gse":"C3","quintil":"Q2","nse_score":680.8,"educ":12.7,"educ_score":646.7,"hacin":0.737,"hacin_class":"Sin Hacinamiento","hacin_score":907.1,"auto_score":83.3,"n_per":14,"n_hog":6,"source_year":2024},"geometry":{"type":"Polygon","coordinates":[[[-69.6590391119999,-20.3370250363844],[-69.6591947589999,-20.3363032813844],[-69.6581146609999,-20.3362824143844],[-69.6581134569999,-20.3369926233844],[-69.6590391119999,-20.3370250363844]]]}},{"type":"Feature","properties":{"id":"1401031001148","commune":"Pozo Almonte","code":"01401","gse":"C3","quintil":"Q3","nse_score":706.9,"educ":11.5,"educ_score":566.7,"hacin":0.923,"hacin_class":"Sin Hacinamiento","hacin_score":867.4,"auto_score":100.0,"n_per":12,"n_hog":5,"source_year":2024},"geometry":{"type":"Polygon","coordinates":[[[-69.6521154309999,-20.3378314473844],[-69.6525020839999,-20.3378358463844],[-69.6525297259999,-20.3369027503844],[-69.6520071729999,-20.3369537593844],[-69.6521154309999,-20.3378314473844]]]}},{"type":"Feature","properties":{"id":"1401031001155","commune":"Pozo Almonte","code":"01401","gse":"D","quintil":"Q1","nse_score":581.3,"educ":9.2,"educ_score":413.3,"hacin":0.833,"hacin_class":"Sin Hacinamiento","hacin_score":886.5,"auto_score":125.0,"n_per":10,"n_hog":7,"source_year":2024},"geometry":{"type":"Polygon","coordinates":[[[-69.6566641769999,-20.3370197063844],[-69.6560648049999,-20.3369632243844],[-69.6560450279999,-20.3379222563844],[-69.656630548,-20.3379079863844],[-69.6566641769999,-20.3370197063844]]]}},{"type":"Feature","properties":{"id":"1401031001160","commune":"Pozo Almonte","code":"01401","gse":"D","quintil":"Q1","nse_score":582.4,"educ":9.2,"educ_score":413.3,"hacin":1.077,"hacin_class":"Hacinamiento Leve","hacin_score":834.7,"auto_score":0.0,"n_per":14,"n_hog":6,"source_year":2024},"geometry":{"type":"Polygon","coordinates":[[[-69.6478556769999,-20.3371709863844],[-69.6478966609999,-20.3378771243844],[-69.6488209029999,-20.3378422353844],[-69.6488091699999,-20.3371737393844],[-69.6478556769999,-20.3371709863844]]]}},{"type":"Feature","properties":{"id":"1401031001166","commune":"Pozo Almonte","code":"01401","gse":"D","quintil":"Q2","nse_score":621.3,"educ":10.3,"educ_score":486.7,"hacin":0.667,"hacin_class":"Sin Hacinamiento","hacin_score":922.0,"auto_score":250.0,"n_per":8,"n_hog":4,"source_year":2024},"geometry":{"type":"Polygon","coordinates":[[[-69.6497828169999,-20.3378585433843],[-69.6494654069999,-20.3417891843843],[-69.6501206559999,-20.3416005493843],[-69.6518342749999,-20.3416266933843],[-69.6518208399999,-20.3408375053843],[-69.6511817569999,-20.3409128493843],[-69.651819654,-20.3407822753843],[-69.6519207779999,-20.3402951753843],[-69.6522790309999,-20.3400936613843],[-69.6513030209999,-20.3384469993843],[-69.6510851059999,-20.3377208243843],[-69.6497828169999,-20.3378585433843]]]}},{"type":"Feature","properties":{"id":"1401031001168","commune":"Pozo Almonte","code":"01401","gse":"D","quintil":"Q2","nse_score":645.6,"educ":11.2,"educ_score":546.7,"hacin":1.444,"hacin_class":"Hacinamiento Leve","hacin_score":756.5,"auto_score":0.0,"n_per":26,"n_hog":10,"source_year":2024},"geometry":{"type":"Polygon","coordinates":[[[-69.6640901919999,-20.3378059973843],[-69.6640785019999,-20.3403455973843],[-69.6647757999999,-20.3403793013843],[-69.6640759029999,-20.3403997083843],[-69.6641007729999,-20.3421576783842],[-69.6648837929999,-20.3421556963843],[-69.6641010279999,-20.3422116883843],[-69.6641040619999,-20.3428628373842],[-69.6660411729999,-20.3428913293842],[-69.6661533229999,-20.3421706773843],[-69.6656758619999,-20.3422238293842],[-69.6654184619999,-20.3422065943843],[-69.6661529539999,-20.3421395403843],[-69.6661254069999,-20.3408311493843],[-69.6662911359999,-20.3400847343843],[-69.6660414279999,-20.3385119843843],[-69.6651723919999,-20.3385048963844],[-69.6660420439999,-20.3384579763843],[-69.6660491119999,-20.3378382193844],[-69.6640901919999,-20.3378059973843]]]}},{"type":"Feature","properties":{"id":"1401031001170","commune":"Pozo Almonte","code":"01401","gse":"D","quintil":"Q2","nse_score":615.5,"educ":9.6,"educ_score":440.0,"hacin":0.8,"hacin_class":"Sin Hacinamiento","hacin_score":893.6,"auto_score":0.0,"n_per":8,"n_hog":7,"source_year":2024},"geometry":{"type":"Polygon","coordinates":[[[-69.6497246769999,-20.3378663913843],[-69.6464007729999,-20.3379618703844],[-69.6463765539999,-20.3383932413844],[-69.6486564829999,-20.3383261743843],[-69.6484673609999,-20.3408911433843],[-69.6494851399999,-20.3408880973843],[-69.6497246769999,-20.3378663913843]]]}},{"type":"Feature","properties":{"id":"1401031001173","commune":"Pozo Almonte","code":"01401","gse":"D","quintil":"Q1","nse_score":607.2,"educ":9.0,"educ_score":400.0,"hacin":0.867,"hacin_class":"Sin Hacinamiento","hacin_score":879.4,"auto_score":83.3,"n_per":13,"n_hog":6,"source_year":2024},"geometry":{"type":"Polygon","coordinates":[[[-69.6550234189999,-20.3379852353844],[-69.6552186049999,-20.3390324903844],[-69.6559111359999,-20.3390486113844],[-69.6559588189999,-20.3380042203844],[-69.6550234189999,-20.3379852353844]]]}},{"type":"Feature","properties":{"id":"1401031001174","commune":"Pozo Almonte","code":"01401","gse":"D","quintil":"Q2","nse_score":617.9,"educ":8.9,"educ_score":393.3,"hacin":0.471,"hacin_class":"Sin Hacinamiento","hacin_score":963.7,"auto_score":71.4,"n_per":8,"n_hog":7,"source_year":2024},"geometry":{"type":"Polygon","coordinates":[[[-69.6560100729999,-20.3380106913844],[-69.6559798129999,-20.3390434013844],[-69.6565908889999,-20.3390470453843],[-69.6566308979999,-20.3379933653844],[-69.6560100729999,-20.3380106913844]]]}},{"type":"Feature","properties":{"id":"1401031001182","commune":"Pozo Almonte","code":"01401","gse":"C3","quintil":"Q3","nse_score":688.7,"educ":13.0,"educ_score":666.7,"hacin":1.0,"hacin_class":"Hacinamiento Leve","hacin_score":851.1,"auto_score":0.0,"n_per":8,"n_hog":6,"source_year":2024},"geometry":{"type":"Polygon","coordinates":[[[-69.6583131469999,-20.3387142343844],[-69.6574006889999,-20.3386634223844],[-69.6573862299999,-20.3390624833844],[-69.6582840109999,-20.3391152553844],[-69.6583131469999,-20.3387142343844]]]}},{"type":"Feature","properties":{"id":"1401031001186","commune":"Pozo Almonte","code":"01401","gse":"E","quintil":"Q1","nse_score":484.0,"educ":9.6,"educ_score":440.0,"hacin":1.429,"hacin_class":"Hacinamiento Leve","hacin_score":759.9,"auto_score":400.0,"n_per":20,"n_hog":5,"source_year":2024},"geometry":{"type":"Polygon","coordinates":[[[-69.6561436969999,-20.3391020853843],[-69.6561180209999,-20.3399764493843],[-69.6565719219999,-20.3400008153843],[-69.6565976049999,-20.3391223943844],[-69.6561436969999,-20.3391020853843]]]}},{"type":"Feature","properties":{"id":"1401031001205","commune":"Pozo Almonte","code":"01401","gse":"C3","quintil":"Q2","nse_score":676.2,"educ":11.9,"educ_score":593.3,"hacin":1.65,"hacin_class":"Hacinamiento Medio","hacin_score":712.8,"auto_score":187.5,"n_per":66,"n_hog":25,"source_year":2024},"geometry":{"type":"Polygon","coordinates":[[[-69.6579259909999,-20.3412091453843],[-69.6578385009999,-20.3405059303843],[-69.6570144399999,-20.3405000793843],[-69.6566397389999,-20.3407929973843],[-69.6564390699999,-20.3451472523842],[-69.6577241559999,-20.3451806683842],[-69.6578329609999,-20.3422103333843],[-69.6578876599999,-20.3424010013842],[-69.658373062,-20.3424136833843],[-69.6584554029999,-20.3418482903843],[-69.6582405249999,-20.3417846143843],[-69.6584742609999,-20.3417950633843],[-69.6586013629999,-20.3413937503843],[-69.6582401139999,-20.3413421973843],[-69.6586029589999,-20.3413397293843],[-69.6586191019999,-20.3405463663843],[-69.6578957829999,-20.3405075373843],[-69.6579259909999,-20.3412091453843]]]}},{"type":"Feature","properties":{"id":"1401031001206","commune":"Pozo Almonte","code":"01401","gse":"D","quintil":"Q1","nse_score":594.3,"educ":10.5,"educ_score":500.0,"hacin":1.609,"hacin_class":"Hacinamiento Medio","hacin_score":721.6,"auto_score":111.1,"n_per":37,"n_hog":9,"source_year":2024},"geometry":{"type":"Polygon","coordinates":[[[-69.6553103569999,-20.3405559903843],[-69.6551459169999,-20.3448473683842],[-69.656392922,-20.3448583853842],[-69.6565476339999,-20.3409302213843],[-69.6563775219999,-20.3405669403843],[-69.6553103569999,-20.3405559903843]]]}},{"type":"Feature","properties":{"id":"1401031001208","commune":"Pozo Almonte","code":"01401","gse":"D","quintil":"Q1","nse_score":586.7,"educ":11.2,"educ_score":546.7,"hacin":1.429,"hacin_class":"Hacinamiento Leve","hacin_score":759.9,"auto_score":300.0,"n_per":10,"n_hog":5,"source_year":2024},"geometry":{"type":"Polygon","coordinates":[[[-69.6459750769999,-20.3409527963843],[-69.6459059849999,-20.3447947233842],[-69.649629306,-20.3448039903842],[-69.6494102899999,-20.3418741483843],[-69.6490255189999,-20.3419567543843],[-69.6479067589999,-20.3418877743843],[-69.6479657209999,-20.3437558803842],[-69.6478491079999,-20.3418861463842],[-69.6468709549999,-20.3419503993843],[-69.6478777909999,-20.3418303313843],[-69.649320568,-20.3418546213843],[-69.6494087769999,-20.3418146993843],[-69.6494793269999,-20.3409423303843],[-69.6459750769999,-20.3409527963843]]]}},{"type":"Feature","properties":{"id":"1401031001215","commune":"Pozo Almonte","code":"01401","gse":"D","quintil":"Q1","nse_score":591.2,"educ":8.5,"educ_score":366.7,"hacin":0.722,"hacin_class":"Sin Hacinamiento","hacin_score":910.2,"auto_score":0.0,"n_per":13,"n_hog":8,"source_year":2024},"geometry":{"type":"Polygon","coordinates":[[[-69.6541680679999,-20.3424011703843],[-69.6540664969999,-20.3448476773842],[-69.6550884139999,-20.3448473363842],[-69.6551626879999,-20.3423825353843],[-69.6541680679999,-20.3424011703843]]]}},{"type":"Feature","properties":{"id":"1401031001217","commune":"Pozo Almonte","code":"01401","gse":"D","quintil":"Q2","nse_score":646.4,"educ":11.0,"educ_score":533.3,"hacin":1.0,"hacin_class":"Hacinamiento Leve","hacin_score":851.1,"auto_score":166.7,"n_per":12,"n_hog":9,"source_year":2024},"geometry":{"type":"Polygon","coordinates":[[[-69.6578870189999,-20.3424550143843],[-69.6577612539999,-20.3456246573842],[-69.6590164799999,-20.3456634173842],[-69.6589997299999,-20.3436538343842],[-69.6585058509999,-20.3427613093843],[-69.6583117249999,-20.3428018423842],[-69.6582451329999,-20.3432685833842],[-69.6582569669999,-20.3427700123843],[-69.6584778029999,-20.3427118483843],[-69.6583710509999,-20.3424676613843],[-69.6578870189999,-20.3424550143843]]]}},{"type":"Feature","properties":{"id":"1401031001218","commune":"Pozo Almonte","code":"01401","gse":"D","quintil":"Q2","nse_score":632.0,"educ":12.3,"educ_score":620.0,"hacin":1.333,"hacin_class":"Hacinamiento Leve","hacin_score":780.1,"auto_score":187.5,"n_per":20,"n_hog":8,"source_year":2024},"geometry":{"type":"Polygon","coordinates":[[[-69.6495864969999,-20.3425211813842],[-69.6496868339999,-20.3448041913842],[-69.6519339769999,-20.3448233143842],[-69.6518632469999,-20.3425186943842],[-69.6495864969999,-20.3425211813842]]]}},{"type":"Feature","properties":{"id":"1401031001222","commune":"Pozo Almonte","code":"01401","gse":"C3","quintil":"Q2","nse_score":675.4,"educ":11.9,"educ_score":593.3,"hacin":0.643,"hacin_class":"Sin Hacinamiento","hacin_score":927.1,"auto_score":100.0,"n_per":9,"n_hog":4,"source_year":2024},"geometry":{"type":"Polygon","coordinates":[[[-69.6591434589999,-20.3429831313842],[-69.6590844669999,-20.3445587103842],[-69.6600896019999,-20.3445493663842],[-69.6601122239999,-20.3429744073842],[-69.6591434589999,-20.3429831313842]]]}},{"type":"Feature","properties":{"id":"1401031001227","commune":"Pozo Almonte","code":"01401","gse":"D","quintil":"Q1","nse_score":562.9,"educ":9.7,"educ_score":446.7,"hacin":1.667,"hacin_class":"Hacinamiento Medio","hacin_score":709.2,"auto_score":71.4,"n_per":20,"n_hog":8,"source_year":2024},"geometry":{"type":"Polygon","coordinates":[[[-69.6480346229999,-20.3448484163842],[-69.6481141859999,-20.3463567553841],[-69.6498779749999,-20.3463350713842],[-69.6499283179999,-20.3456151613842],[-69.6499390199999,-20.3480265413841],[-69.6520214469999,-20.3480668083841],[-69.6519926389999,-20.3468505973842],[-69.6518396999999,-20.3470209323842],[-69.6515423479999,-20.3470938293842],[-69.6512279289999,-20.3470441163841],[-69.6518229059999,-20.3469682893842],[-69.6519908369999,-20.3467960403842],[-69.6519649329999,-20.3458556373842],[-69.6509670299999,-20.3458878083841],[-69.6519633739999,-20.3458013283842],[-69.6519356249999,-20.3448775553842],[-69.6480346229999,-20.3448484163842]]]}},{"type":"Feature","properties":{"id":"1401031001228","commune":"Pozo Almonte","code":"01401","gse":"D","quintil":"Q1","nse_score":568.0,"educ":9.9,"educ_score":460.0,"hacin":1.333,"hacin_class":"Hacinamiento Leve","hacin_score":780.1,"auto_score":83.3,"n_per":24,"n_hog":13,"source_year":2024},"geometry":{"type":"Polygon","coordinates":[[[-69.6519931489999,-20.3448782303842],[-69.6520787349999,-20.3476150273841],[-69.6544188409999,-20.3476715143841],[-69.6545335189999,-20.3449050753842],[-69.6519931489999,-20.3448782303842]]]}},{"type":"Feature","properties":{"id":"1401031001229","commune":"Pozo Almonte","code":"01401","gse":"D","quintil":"Q1","nse_score":602.3,"educ":9.0,"educ_score":400.0,"hacin":1.4,"hacin_class":"Hacinamiento Leve","hacin_score":766.0,"auto_score":125.0,"n_per":21,"n_hog":8,"source_year":2024},"geometry":{"type":"Polygon","coordinates":[[[-69.6545910719999,-20.3449050873842],[-69.654476272,-20.3476741643841],[-69.6562820119999,-20.3477360993841],[-69.6563908109999,-20.3449125713842],[-69.6545910719999,-20.3449050873842]]]}},{"type":"Feature","properties":{"id":"1401031001233","commune":"Pozo Almonte","code":"01401","gse":"D","quintil":"Q1","nse_score":599.6,"educ":11.5,"educ_score":566.7,"hacin":1.294,"hacin_class":"Hacinamiento Leve","hacin_score":788.5,"auto_score":272.7,"n_per":22,"n_hog":11,"source_year":2024},"geometry":{"type":"Polygon","coordinates":[[[-69.6561366769999,-20.351704238384],[-69.6575010359999,-20.351851480384],[-69.6577216989999,-20.3452346343842],[-69.6564369909999,-20.3452012293842],[-69.6561366769999,-20.351704238384]]]}},{"type":"Feature","properties":{"id":"1401031001241","commune":"Pozo Almonte","code":"01401","gse":"D","quintil":"Q1","nse_score":571.5,"educ":9.3,"educ_score":420.0,"hacin":0.636,"hacin_class":"Sin Hacinamiento","hacin_score":928.4,"auto_score":125.0,"n_per":7,"n_hog":4,"source_year":2024},"geometry":{"type":"Polygon","coordinates":[[[-69.6562798859999,-20.3477900733841],[-69.6544729089999,-20.3477282973841],[-69.6543772649999,-20.3502888183841],[-69.6561748819999,-20.3503393883841],[-69.6562798859999,-20.3477900733841]]]}},{"type":"Feature","properties":{"id":"1401031001244","commune":"Pozo Almonte","code":"01401","gse":"D","quintil":"Q2","nse_score":625.2,"educ":11.2,"educ_score":546.7,"hacin":1.765,"hacin_class":"Hacinamiento Medio","hacin_score":688.4,"auto_score":428.6,"n_per":30,"n_hog":7,"source_year":2024},"geometry":{"type":"Polygon","coordinates":[[[-69.6576424219999,-20.3488997283841],[-69.6575846529999,-20.351317608384],[-69.6586209029999,-20.3512628973841],[-69.6575827479999,-20.351356288384],[-69.6575596229999,-20.351825805384],[-69.6586344339999,-20.351761362384],[-69.6575578329999,-20.351862159384],[-69.6575436459999,-20.352266387384],[-69.6585292199999,-20.352246988384],[-69.6575417799999,-20.352320711384],[-69.6575096589999,-20.353982304384],[-69.6590403249999,-20.353112801384],[-69.6590195539999,-20.3490078243841],[-69.6576424219999,-20.3488997283841]]]}},{"type":"Feature","properties":{"id":"1401031001248","commune":"Pozo Almonte","code":"01401","gse":"D","quintil":"Q1","nse_score":597.3,"educ":10.1,"educ_score":473.3,"hacin":1.429,"hacin_class":"Hacinamiento Leve","hacin_score":759.9,"auto_score":200.0,"n_per":10,"n_hog":5,"source_year":2024},"geometry":{"type":"Polygon","coordinates":[[[-69.6540681659999,-20.353222406384],[-69.6557136469999,-20.353539102384],[-69.6561040159999,-20.351543715384],[-69.6561725939999,-20.350393561384],[-69.6543786319999,-20.350343034384],[-69.6543732719999,-20.352084666384],[-69.6540681659999,-20.353222406384]]]}},{"type":"Feature","properties":{"id":"1401031001009","commune":"Pozo Almonte","code":"01401","gse":"D","quintil":"Q2","nse_score":616.6,"educ":11.2,"educ_score":546.7,"hacin":1.9,"hacin_class":"Hacinamiento Medio","hacin_score":659.6,"auto_score":300.0,"n_per":19,"n_hog":5,"source_year":2024},"geometry":{"type":"MultiPolygon","coordinates":[[[[-69.6588096799999,-20.3283844923846],[-69.6587254559999,-20.3293515593846],[-69.65922366,-20.3293501973846],[-69.6592255909999,-20.3283711993846],[-69.6588096799999,-20.3283844923846]]],[[[-69.6592553079999,-20.3275402603846],[-69.6592508089999,-20.3283112613846],[-69.6599004209999,-20.3283094933846],[-69.6599355479999,-20.3280218233846],[-69.6599291679999,-20.3283094143846],[-69.6602445819999,-20.3283085553846],[-69.6602930489999,-20.3278889213846],[-69.6602827669999,-20.3283084513846],[-69.6608733309999,-20.3283068413846],[-69.6609335169999,-20.3280405013846],[-69.6606104539999,-20.3278223493846],[-69.6605964089999,-20.3276941513846],[-69.6608742559999,-20.3276773083846],[-69.6606263879999,-20.3277074603846],[-69.6606351259999,-20.3278055403846],[-69.6609591959999,-20.3280278813846],[-69.660906656,-20.3283067503846],[-69.6612061559999,-20.3283000413846],[-69.6612508849999,-20.3277174843846],[-69.6609427229999,-20.3276660533846],[-69.6609412409999,-20.3275613273846],[-69.6592553079999,-20.3275402603846]]],[[[-69.6588675009999,-20.3275354143846],[-69.6587991369999,-20.3283124893846],[-69.6592157959999,-20.3283113563846],[-69.6592171369999,-20.3275399953846],[-69.6588675009999,-20.3275354143846]]]]}},{"type":"Feature","properties":{"id":"1401031001015","commune":"Pozo Almonte","code":"01401","gse":"E","quintil":"Q1","nse_score":506.8,"educ":9.6,"educ_score":440.0,"hacin":2.167,"hacin_class":"Hacinamiento Medio","hacin_score":602.8,"auto_score":125.0,"n_per":13,"n_hog":4,"source_year":2024},"geometry":{"type":"MultiPolygon","coordinates":[[[[-69.6616898939999,-20.3293273083846],[-69.6621235259999,-20.3293422713846],[-69.6621226119999,-20.3283754413846],[-69.6616948739999,-20.3283766113846],[-69.6616898939999,-20.3293273083846]]],[[[-69.6621629639999,-20.3284534603846],[-69.662163517,-20.3293431303846],[-69.6625180999999,-20.3293575703846],[-69.6626015139999,-20.3283838143846],[-69.6621629639999,-20.3284534603846]]]]}},{"type":"Feature","properties":{"id":"1401031001017","commune":"Pozo Almonte","code":"01401","gse":"D","quintil":"Q2","nse_score":656.2,"educ":10.1,"educ_score":473.3,"hacin":0.818,"hacin_class":"Sin Hacinamiento","hacin_score":889.7,"auto_score":0.0,"n_per":9,"n_hog":4,"source_year":2024},"geometry":{"type":"MultiPolygon","coordinates":[[[[-69.6619782169999,-20.3293968843846],[-69.6616140269999,-20.3293978783846],[-69.6616494109999,-20.3311524223845],[-69.6620673639999,-20.3310934623845],[-69.6620971009999,-20.3295273533846],[-69.6619782169999,-20.3293968843846]]],[[[-69.6611975159999,-20.3283779703846],[-69.660748366,-20.3283788393846],[-69.6607382919999,-20.3293485663846],[-69.6611579889999,-20.3293431543846],[-69.6611975159999,-20.3283779703846]]],[[[-69.6612249389999,-20.3283980763846],[-69.6611985649999,-20.3293487393846],[-69.6616506139999,-20.3293435633846],[-69.6616416159999,-20.3283767563846],[-69.6612249389999,-20.3283980763846]]]]}},{"type":"Feature","properties":{"id":"1401031001020","commune":"Pozo Almonte","code":"01401","gse":"D","quintil":"Q2","nse_score":625.6,"educ":11.5,"educ_score":566.7,"hacin":1.1,"hacin_class":"Hacinamiento Leve","hacin_score":829.8,"auto_score":0.0,"n_per":11,"n_hog":5,"source_year":2024},"geometry":{"type":"MultiPolygon","coordinates":[[[[-69.6596226359999,-20.3294033223846],[-69.6595985129999,-20.3311442013845],[-69.6601018609999,-20.3311582063845],[-69.6601139169999,-20.3294019783846],[-69.6596226359999,-20.3294033223846]]],[[[-69.6598019269999,-20.3283825273846],[-69.6597687999999,-20.3293487073846],[-69.6602275949999,-20.3293474533846],[-69.6602419019999,-20.3283805823846],[-69.6598019269999,-20.3283825273846]]]]}},{"type":"Feature","properties":{"id":"1401031001026","commune":"Pozo Almonte","code":"01401","gse":"D","quintil":"Q2","nse_score":613.6,"educ":10.0,"educ_score":466.7,"hacin":0.923,"hacin_class":"Sin Hacinamiento","hacin_score":867.4,"auto_score":55.6,"n_per":24,"n_hog":8,"source_year":2024},"geometry":{"type":"MultiPolygon","coordinates":[[[[-69.6591190239999,-20.3312327573845],[-69.6590692239999,-20.3323190053845],[-69.6594552479999,-20.3323304523845],[-69.6594722319999,-20.3312264643845],[-69.6591190239999,-20.3312327573845]]],[[[-69.6585986869999,-20.3311526253846],[-69.6590389439999,-20.3311540053845],[-69.6590832869999,-20.3294047903846],[-69.6587212299999,-20.3294034973846],[-69.6585986869999,-20.3311526253846]]],[[[-69.6591233049999,-20.3294046863846],[-69.659087773,-20.3311533043845],[-69.6595584989999,-20.3311449143845],[-69.6595826309999,-20.3294034313846],[-69.6591233049999,-20.3294046863846]]]]}},{"type":"Feature","properties":{"id":"1401031001030","commune":"Pozo Almonte","code":"01401","gse":"C3","quintil":"Q2","nse_score":678.0,"educ":10.1,"educ_score":473.3,"hacin":1.0,"hacin_class":"Hacinamiento Leve","hacin_score":851.1,"auto_score":208.3,"n_per":25,"n_hog":12,"source_year":2024},"geometry":{"type":"MultiPolygon","coordinates":[[[[-69.6643407669999,-20.3321048893845],[-69.6643541509999,-20.3326275353845],[-69.6652219259999,-20.3325427493845],[-69.6651389849999,-20.3320636023845],[-69.6643407669999,-20.3321048893845]]],[[[-69.6652116989999,-20.3320725903845],[-69.6652609729999,-20.3325875093845],[-69.6657657209999,-20.3325540303845],[-69.6657300559999,-20.3320505483845],[-69.6652116989999,-20.3320725903845]]],[[[-69.6641898619999,-20.3311757813846],[-69.6642975249999,-20.3320417793845],[-69.6648373829999,-20.3320397273845],[-69.6648635419999,-20.3311779793846],[-69.6641898619999,-20.3311757813846]]],[[[-69.6648929809999,-20.3320083013845],[-69.6654379399999,-20.3320073183845],[-69.6654204189999,-20.3310269353846],[-69.6650311399999,-20.3310323593846],[-69.6649020219999,-20.3311644693845],[-69.6648929809999,-20.3320083013845]]]]}},{"type":"Feature","properties":{"id":"1401031001040","commune":"Pozo Almonte","code":"01401","gse":"D","quintil":"Q1","nse_score":584.0,"educ":10.1,"educ_score":473.3,"hacin":1.636,"hacin_class":"Hacinamiento Medio","hacin_score":715.7,"auto_score":0.0,"n_per":18,"n_hog":5,"source_year":2024},"geometry":{"type":"MultiPolygon","coordinates":[[[[-69.6612503579999,-20.3312196233845],[-69.6612467969999,-20.3320480603845],[-69.6618042569999,-20.3320372043845],[-69.6617771519999,-20.3312108323846],[-69.6612503579999,-20.3312196233845]]],[[[-69.6606309879999,-20.3320398953845],[-69.6612067949999,-20.3320482943845],[-69.6611759979999,-20.3312108573845],[-69.6606306969999,-20.3312552523845],[-69.6606309879999,-20.3320398953845]]],[[[-69.6618576099999,-20.3320358053845],[-69.6624238569999,-20.3320173313845],[-69.6623634239999,-20.3312024373845],[-69.6618471619999,-20.3312248303845],[-69.6618576099999,-20.3320358053845]]]]}},{"type":"Feature","properties":{"id":"1401031001048","commune":"Pozo Almonte","code":"01401","gse":"D","quintil":"Q1","nse_score":602.7,"educ":10.8,"educ_score":520.0,"hacin":1.167,"hacin_class":"Hacinamiento Leve","hacin_score":815.6,"auto_score":0.0,"n_per":7,"n_hog":4,"source_year":2024},"geometry":{"type":"MultiPolygon","coordinates":[[[[-69.6485215229999,-20.3326361703845],[-69.6485244799999,-20.3322359213845],[-69.6471961439999,-20.3322340343845],[-69.6471891349999,-20.3326305093845],[-69.6485215229999,-20.3326361703845]]],[[[-69.6461975139999,-20.3318011493845],[-69.6461965169999,-20.3321822323845],[-69.6471396159999,-20.3321799503845],[-69.6471462579999,-20.3318042833845],[-69.6461975139999,-20.3318011493845]]]]}},{"type":"Feature","properties":{"id":"1401031001051","commune":"Pozo Almonte","code":"01401","gse":"D","quintil":"Q1","nse_score":604.3,"educ":9.6,"educ_score":440.0,"hacin":1.25,"hacin_class":"Hacinamiento Leve","hacin_score":797.9,"auto_score":166.7,"n_per":25,"n_hog":9,"source_year":2024},"geometry":{"type":"MultiPolygon","coordinates":[[[[-69.6590573519999,-20.3332748633845],[-69.6594442809999,-20.3332601373845],[-69.6594550589999,-20.3323666073845],[-69.6590649059999,-20.3323550383845],[-69.6590573519999,-20.3332748633845]]],[[[-69.6581935139999,-20.3328050023845],[-69.6590038369999,-20.3327875903845],[-69.6589735059999,-20.3323516893845],[-69.6581938339999,-20.3323324563845],[-69.6581935139999,-20.3328050023845]]],[[[-69.6589490979999,-20.3323005253845],[-69.6590481069999,-20.3318308033845],[-69.6582044529999,-20.3318104253845],[-69.6581913339999,-20.3322875803845],[-69.6589490979999,-20.3323005253845]]]]}},{"type":"Feature","properties":{"id":"1401031001035","commune":"Pozo Almonte","code":"01401","gse":"D","quintil":"Q1","nse_score":559.3,"educ":8.4,"educ_score":360.0,"hacin":1.0,"hacin_class":"Hacinamiento Leve","hacin_score":851.1,"auto_score":200.0,"n_per":12,"n_hog":4,"source_year":2024},"geometry":{"type":"MultiPolygon","coordinates":[[[[-69.6625724269999,-20.3336951933845],[-69.6629768409999,-20.3337865413845],[-69.6630805119999,-20.3327773533845],[-69.6626873469999,-20.3328088653845],[-69.6625724269999,-20.3336951933845]]],[[[-69.6640395359999,-20.3337802923844],[-69.6648829169999,-20.3336780773845],[-69.6650345879999,-20.3326506903845],[-69.6641337399999,-20.3327272713845],[-69.6640395359999,-20.3337802923844]]],[[[-69.6627215929999,-20.3327400413845],[-69.6643254859999,-20.3326295803845],[-69.6642781119999,-20.3321478723845],[-69.6627105329999,-20.3321324273845],[-69.6627215929999,-20.3327400413845]]],[[[-69.6637030069999,-20.3320641203845],[-69.664236635,-20.3320276663845],[-69.6642198979999,-20.3313133743845],[-69.6641037779999,-20.3311861493846],[-69.6636673339999,-20.3311879023846],[-69.6637030069999,-20.3320641203845]]]]}},{"type":"Feature","properties":{"id":"1401031001061","commune":"Pozo Almonte","code":"01401","gse":"D","quintil":"Q2","nse_score":625.6,"educ":11.1,"educ_score":540.0,"hacin":0.933,"hacin_class":"Sin Hacinamiento","hacin_score":865.2,"auto_score":0.0,"n_per":14,"n_hog":4,"source_year":2024},"geometry":{"type":"MultiPolygon","coordinates":[[[[-69.653505074,-20.3331336213845],[-69.6549355779999,-20.3331352113845],[-69.6549707579999,-20.3327874253845],[-69.6537008719999,-20.3327624113845],[-69.653505074,-20.3331336213845]]],[[[-69.6551098759999,-20.3327319473845],[-69.6555636519999,-20.3327257893845],[-69.6555854219999,-20.3323023903845],[-69.655056096,-20.3323125613845],[-69.6551098759999,-20.3327319473845]]]]}},{"type":"Feature","properties":{"id":"1401031001067","commune":"Pozo Almonte","code":"01401","gse":"E","quintil":"Q1","nse_score":483.4,"educ":9.3,"educ_score":420.0,"hacin":1.625,"hacin_class":"Hacinamiento Medio","hacin_score":718.1,"auto_score":0.0,"n_per":13,"n_hog":5,"source_year":2024},"geometry":{"type":"MultiPolygon","coordinates":[[[[-69.666041075,-20.3354942303844],[-69.6662606859999,-20.3341916033845],[-69.6664148389999,-20.3340190053845],[-69.6662965599999,-20.3336340893845],[-69.6657623249999,-20.3337493793845],[-69.6657376399999,-20.3354614563845],[-69.666041075,-20.3354942303844]]],[[[-69.6649235109999,-20.3336874863845],[-69.6653529859999,-20.3336612103845],[-69.6655272809999,-20.3326275213845],[-69.66511177,-20.3326654423845],[-69.6649235109999,-20.3336874863845]]],[[[-69.665593843,-20.3326104283845],[-69.6653963759999,-20.3336562683845],[-69.6660726829999,-20.3335645303845],[-69.6661160339999,-20.3327974123845],[-69.665593843,-20.3326104283845]]]]}},{"type":"Feature","properties":{"id":"1401031001070","commune":"Pozo Almonte","code":"01401","gse":"D","quintil":"Q2","nse_score":647.3,"educ":9.9,"educ_score":460.0,"hacin":0.875,"hacin_class":"Sin Hacinamiento","hacin_score":877.7,"auto_score":100.0,"n_per":7,"n_hog":4,"source_year":2024},"geometry":{"type":"MultiPolygon","coordinates":[[[[-69.6471881769999,-20.3326847203845],[-69.647180724,-20.3331062163845],[-69.6485236269999,-20.3331038763845],[-69.6485241049999,-20.3326889553845],[-69.6471881769999,-20.3326847203845]]],[[[-69.6461940979999,-20.3331057233845],[-69.6471232399999,-20.3331063503845],[-69.6471306969999,-20.3326846163845],[-69.6461951919999,-20.3326881813845],[-69.6461940979999,-20.3331057233845]]]]}},{"type":"Feature","properties":{"id":"1401031001072","commune":"Pozo Almonte","code":"01401","gse":"D","quintil":"Q1","nse_score":585.0,"educ":9.1,"educ_score":406.7,"hacin":1.125,"hacin_class":"Hacinamiento Leve","hacin_score":824.5,"auto_score":125.0,"n_per":9,"n_hog":4,"source_year":2024},"geometry":{"type":"MultiPolygon","coordinates":[[[[-69.6485615349999,-20.3334462933845],[-69.6498085109999,-20.3334552713845],[-69.6498213539999,-20.3331558313845],[-69.648561819,-20.3331580243845],[-69.6485615349999,-20.3334462933845]]],[[[-69.648562351,-20.3326901723845],[-69.6485619449999,-20.3331038103845],[-69.6498222359999,-20.3331016153845],[-69.6498176609999,-20.3326951503845],[-69.648562351,-20.3326901723845]]]]}},{"type":"Feature","properties":{"id":"1401031001079","commune":"Pozo Almonte","code":"01401","gse":"C2","quintil":"Q3","nse_score":723.4,"educ":11.2,"educ_score":546.7,"hacin":1.167,"hacin_class":"Hacinamiento Leve","hacin_score":815.6,"auto_score":200.0,"n_per":14,"n_hog":9,"source_year":2024},"geometry":{"type":"MultiPolygon","coordinates":[[[[-69.6589747009999,-20.3352217193844],[-69.6592227989999,-20.3351804293844],[-69.6594940259999,-20.3348049003844],[-69.6589473249999,-20.3347517133844],[-69.6589747009999,-20.3352217193844]]],[[[-69.6615514819999,-20.3355585163844],[-69.6618247629999,-20.3355589603844],[-69.661855064,-20.3341420733845],[-69.6615370459999,-20.3341780023845],[-69.6615514819999,-20.3355585163844]]],[[[-69.6603015649999,-20.3328277433845],[-69.6609910409999,-20.3334843563845],[-69.6625228879999,-20.3337261033845],[-69.6626114989999,-20.3328101103845],[-69.6603015649999,-20.3328277433845]]],[[[-69.6595082089999,-20.3328041853845],[-69.6594322529999,-20.3342766433845],[-69.6594438349999,-20.3333216973845],[-69.6590332359999,-20.3333163613845],[-69.6589966209999,-20.3346868283844],[-69.6595639919999,-20.3347542163845],[-69.660335201,-20.3342810463845],[-69.6617379829999,-20.3340747983845],[-69.6608017949999,-20.3334559633845],[-69.6601665279999,-20.3328167493845],[-69.6598141109999,-20.3328048163845],[-69.6597744299999,-20.3341223843845],[-69.6597663939999,-20.3328047183845],[-69.6595082089999,-20.3328041853845]]]]}},{"type":"Feature","properties":{"id":"1401031001082","commune":"Pozo Almonte","code":"01401","gse":"D","quintil":"Q2","nse_score":641.7,"educ":11.3,"educ_score":553.3,"hacin":0.765,"hacin_class":"Sin Hacinamiento","hacin_score":901.1,"auto_score":166.7,"n_per":13,"n_hog":6,"source_year":2024},"geometry":{"type":"MultiPolygon","coordinates":[[[[-69.6576174549999,-20.3345914413844],[-69.6580433519999,-20.3345757023844],[-69.6580558879999,-20.3336030273845],[-69.6576385399999,-20.3336323363845],[-69.6576174549999,-20.3345914413844]]],[[[-69.6561830709999,-20.3345185003845],[-69.6567853319999,-20.3345132413845],[-69.6567819759999,-20.3335713893845],[-69.6561522369999,-20.3335964033845],[-69.6561830709999,-20.3345185003845]]],[[[-69.6568741239999,-20.3335325723845],[-69.6580552849999,-20.3335662633845],[-69.658102046,-20.3331810353845],[-69.6568845459999,-20.3331142223845],[-69.6568741239999,-20.3335325723845]]],[[[-69.6589339929999,-20.3331456803845],[-69.6589738399999,-20.3328645973845],[-69.6581591339999,-20.3328905683845],[-69.6581749939999,-20.3331199013845],[-69.6589339929999,-20.3331456803845]]],[[[-69.6568931179999,-20.3330872713845],[-69.6580827559999,-20.3331179003845],[-69.658114715,-20.3328928703845],[-69.6569052659999,-20.3328315943845],[-69.6568931179999,-20.3330872713845]]]]}},{"type":"Feature","properties":{"id":"1401031001103","commune":"Pozo Almonte","code":"01401","gse":"D","quintil":"Q1","nse_score":572.0,"educ":8.8,"educ_score":386.7,"hacin":1.333,"hacin_class":"Hacinamiento Leve","hacin_score":780.1,"auto_score":0.0,"n_per":12,"n_hog":5,"source_year":2024},"geometry":{"type":"MultiPolygon","coordinates":[[[[-69.6640984779999,-20.3356049043844],[-69.6640937089999,-20.3368620333844],[-69.6660340269999,-20.3368639553844],[-69.6660273379999,-20.3355468253844],[-69.6640984779999,-20.3356049043844]]],[[[-69.6646767029999,-20.3354770393844],[-69.6651383879999,-20.3354465243845],[-69.6651889669999,-20.3337608543845],[-69.6647117609999,-20.3338863993845],[-69.6646767029999,-20.3354770393844]]]]}},{"type":"Feature","properties":{"id":"1401031001115","commune":"Pozo Almonte","code":"01401","gse":"C2","quintil":"Q3","nse_score":724.9,"educ":12.0,"educ_score":600.0,"hacin":0.929,"hacin_class":"Sin Hacinamiento","hacin_score":866.3,"auto_score":0.0,"n_per":13,"n_hog":4,"source_year":2024},"geometry":{"type":"MultiPolygon","coordinates":[[[[-69.6575301789999,-20.3356113053844],[-69.6580855849999,-20.3356590893844],[-69.658092817,-20.3352597333844],[-69.6575613729999,-20.3352364573844],[-69.6575301789999,-20.3356113053844]]],[[[-69.6575836799999,-20.3351879593844],[-69.6581035649999,-20.3351915833844],[-69.6581048639999,-20.3346733343845],[-69.6575964639999,-20.3346553563844],[-69.6575836799999,-20.3351879593844]]],[[[-69.6568467379999,-20.3351543443844],[-69.657490864,-20.3351762213844],[-69.6575389819999,-20.3346563363845],[-69.6568428299999,-20.3346063143844],[-69.6568467379999,-20.3351543443844]]]]}},{"type":"Feature","properties":{"id":"1401031001118","commune":"Pozo Almonte","code":"01401","gse":"D","quintil":"Q1","nse_score":608.9,"educ":11.3,"educ_score":553.3,"hacin":1.8,"hacin_class":"Hacinamiento Medio","hacin_score":680.9,"auto_score":0.0,"n_per":18,"n_hog":7,"source_year":2024},"geometry":{"type":"MultiPolygon","coordinates":[[[[-69.6521091119999,-20.3353889463845],[-69.653378932,-20.3354167923844],[-69.6533546329999,-20.3351154403844],[-69.652294933,-20.3350732313845],[-69.6521091119999,-20.3353889463845]]],[[[-69.6510946149999,-20.3353202253844],[-69.649884374,-20.3352962073844],[-69.6497978979999,-20.3378145833844],[-69.6519910709999,-20.3375545563844],[-69.6519073069999,-20.3358571603844],[-69.6522435039999,-20.3349898593845],[-69.6510946149999,-20.3353202253844]]],[[[-69.6523339129999,-20.3350000383844],[-69.6533940589999,-20.3350472223845],[-69.6534111839999,-20.3347238123844],[-69.6525053099999,-20.3347059393844],[-69.6523339129999,-20.3350000383844]]]]}},{"type":"Feature","properties":{"id":"1401031001134","commune":"Pozo Almonte","code":"01401","gse":"C3","quintil":"Q3","nse_score":688.8,"educ":12.6,"educ_score":640.0,"hacin":1.667,"hacin_class":"Hacinamiento Medio","hacin_score":709.2,"auto_score":100.0,"n_per":20,"n_hog":5,"source_year":2024},"geometry":{"type":"MultiPolygon","coordinates":[[[[-69.6519792809999,-20.3363018733844],[-69.6528483789999,-20.3363461283844],[-69.6528592599999,-20.3359126333844],[-69.6519960319999,-20.3358863393844],[-69.6519792809999,-20.3363018733844]]],[[[-69.6529134239999,-20.3363201443844],[-69.6533393629999,-20.3362778163844],[-69.6533591539999,-20.3355064843844],[-69.6529616789999,-20.3354699493844],[-69.6529134239999,-20.3363201443844]]]]}},{"type":"Feature","properties":{"id":"1401031001139","commune":"Pozo Almonte","code":"01401","gse":"D","quintil":"Q2","nse_score":620.7,"educ":10.5,"educ_score":500.0,"hacin":0.846,"hacin_class":"Sin Hacinamiento","hacin_score":883.8,"auto_score":55.6,"n_per":11,"n_hog":6,"source_year":2024},"geometry":{"type":"MultiPolygon","coordinates":[[[[-69.6567709159999,-20.3369489583844],[-69.6573871479999,-20.3369713603844],[-69.6574412369999,-20.3363050863844],[-69.6567390899999,-20.3363006253844],[-69.6567709159999,-20.3369489583844]]],[[[-69.6567802129999,-20.3362203893844],[-69.6574287139999,-20.3362307323844],[-69.6574552339999,-20.3356774543844],[-69.6567835369999,-20.3356324713844],[-69.6567802129999,-20.3362203893844]]]]}},{"type":"Feature","properties":{"id":"1401031001150","commune":"Pozo Almonte","code":"01401","gse":"D","quintil":"Q1","nse_score":602.0,"educ":8.9,"educ_score":393.3,"hacin":1.167,"hacin_class":"Hacinamiento Leve","hacin_score":815.6,"auto_score":0.0,"n_per":7,"n_hog":6,"source_year":2024},"geometry":{"type":"MultiPolygon","coordinates":[[[[-69.662579848,-20.3377881873844],[-69.6625622349999,-20.3399369523843],[-69.6640383239999,-20.3399180413843],[-69.6640444949999,-20.3378022063844],[-69.662579848,-20.3377881873844]]],[[[-69.6650556959999,-20.3369146393844],[-69.6650573899999,-20.3377958413844],[-69.6660489779999,-20.3377842063844],[-69.6660345429999,-20.3369179683844],[-69.6650556959999,-20.3369146393844]]],[[[-69.6649984339999,-20.3369145873844],[-69.6640939479999,-20.3369160423844],[-69.6641052569999,-20.3377521613844],[-69.6650001289999,-20.3377967333844],[-69.6649984339999,-20.3369145873844]]]]}},{"type":"Feature","properties":{"id":"1401031001156","commune":"Pozo Almonte","code":"01401","gse":"C2","quintil":"Q4","nse_score":738.0,"educ":12.7,"educ_score":646.7,"hacin":1.071,"hacin_class":"Hacinamiento Leve","hacin_score":835.9,"auto_score":285.7,"n_per":15,"n_hog":7,"source_year":2024},"geometry":{"type":"MultiPolygon","coordinates":[[[[-69.6574214859999,-20.3386176573843],[-69.6578380629999,-20.3386191353843],[-69.6578403099999,-20.3380053883844],[-69.65741406,-20.3380069923843],[-69.6574214859999,-20.3386176573843]]],[[[-69.6567006209999,-20.3390661833843],[-69.6573182999999,-20.3390675033844],[-69.657326801,-20.3379905683844],[-69.6567019889999,-20.3380005323844],[-69.6567006209999,-20.3390661833843]]],[[[-69.6574497489999,-20.3379482763844],[-69.658023323,-20.3379271443844],[-69.6580314539999,-20.3370277413844],[-69.6574444699999,-20.3370346703844],[-69.6574497489999,-20.3379482763844]]],[[[-69.6567385839999,-20.3379322703844],[-69.6573493529999,-20.3379427373844],[-69.6573833119999,-20.3370068803844],[-69.6567243149999,-20.3370152293844],[-69.6567385839999,-20.3379322703844]]]]}},{"type":"Feature","properties":{"id":"1401031001152","commune":"Pozo Almonte","code":"01401","gse":"C3","quintil":"Q2","nse_score":662.2,"educ":10.6,"educ_score":506.7,"hacin":1.158,"hacin_class":"Hacinamiento Leve","hacin_score":817.5,"auto_score":71.4,"n_per":22,"n_hog":7,"source_year":2024},"geometry":{"type":"MultiPolygon","coordinates":[[[[-69.6527960839999,-20.3390031263844],[-69.6533100459999,-20.3390142783843],[-69.6532993879999,-20.3387157303843],[-69.6526119079999,-20.3386797533844],[-69.6527960839999,-20.3390031263844]]],[[[-69.6525728319999,-20.3386261533844],[-69.6532619269999,-20.3386577813843],[-69.6532808179999,-20.3383465783843],[-69.6524041009999,-20.3382971083844],[-69.6525728319999,-20.3386261533844]]],[[[-69.6523329899999,-20.3382557143844],[-69.6532526379999,-20.3382962523844],[-69.6532707809999,-20.3379831283844],[-69.652312477,-20.3379007093844],[-69.6521633769999,-20.3379558583844],[-69.6523329899999,-20.3382557143844]]],[[[-69.6512049439999,-20.3382502603844],[-69.6522949089999,-20.3400906923843],[-69.6532122479999,-20.3398225003843],[-69.6521273059999,-20.3380762283843],[-69.6520139929999,-20.3376740023844],[-69.6510843689999,-20.3377121403844],[-69.6512049439999,-20.3382502603844]]],[[[-69.6529116819999,-20.3378766133844],[-69.6532766689999,-20.3378515383844],[-69.6532708369999,-20.3369295043844],[-69.6529309289999,-20.3369342653844],[-69.6529116819999,-20.3378766133844]]]]}},{"type":"Feature","properties":{"id":"1401031001177","commune":"Pozo Almonte","code":"01401","gse":"D","quintil":"Q2","nse_score":644.8,"educ":11.5,"educ_score":566.7,"hacin":1.583,"hacin_class":"Hacinamiento Medio","hacin_score":727.0,"auto_score":62.5,"n_per":19,"n_hog":8,"source_year":2024},"geometry":{"type":"MultiPolygon","coordinates":[[[[-69.6583831109999,-20.3400289923843],[-69.6587417649999,-20.3400232393843],[-69.6588188929999,-20.3391789223843],[-69.6583400489999,-20.3391684803843],[-69.6583831109999,-20.3400289923843]]],[[[-69.6574266369999,-20.3395403443843],[-69.658263067,-20.3395500633843],[-69.6582930889999,-20.3391815973843],[-69.6574152509999,-20.3391325673843],[-69.6574266369999,-20.3395403443843]]],[[[-69.6587823749999,-20.3391291673844],[-69.6589086219999,-20.3385249233844],[-69.6583692709999,-20.3385107243844],[-69.6583451319999,-20.3391067193843],[-69.6587823749999,-20.3391291673844]]],[[[-69.6588692179999,-20.3384872153843],[-69.6589464749999,-20.3380423403844],[-69.6579275559999,-20.3380187663844],[-69.6579245229999,-20.3384467193844],[-69.6588692179999,-20.3384872153843]]]]}},{"type":"Feature","properties":{"id":"1401031001191","commune":"Pozo Almonte","code":"01401","gse":"C3","quintil":"Q3","nse_score":711.2,"educ":11.0,"educ_score":533.3,"hacin":0.333,"hacin_class":"Sin Hacinamiento","hacin_score":992.9,"auto_score":125.0,"n_per":6,"n_hog":4,"source_year":2024},"geometry":{"type":"MultiPolygon","coordinates":[[[[-69.6574638999999,-20.3400078203843],[-69.6582482669999,-20.3400156313843],[-69.6582721799999,-20.3396193503843],[-69.6574156309999,-20.3395900203843],[-69.6574638999999,-20.3400078203843]]],[[[-69.6566711789999,-20.3395772403843],[-69.6566625579999,-20.3399982093843],[-69.6573366619999,-20.3399647843843],[-69.6573268829999,-20.3395854853843],[-69.6566711789999,-20.3395772403843]]]]}},{"type":"Feature","properties":{"id":"1401031001209","commune":"Pozo Almonte","code":"01401","gse":"D","quintil":"Q1","nse_score":581.6,"educ":9.7,"educ_score":446.7,"hacin":1.625,"hacin_class":"Hacinamiento Medio","hacin_score":718.1,"auto_score":125.0,"n_per":13,"n_hog":8,"source_year":2024},"geometry":{"type":"MultiPolygon","coordinates":[[[[-69.6621159919999,-20.3413554203843],[-69.6621151759999,-20.3417479453843],[-69.6630836939999,-20.3417317083843],[-69.6621150629999,-20.3418019653843],[-69.6621198359999,-20.3428978293842],[-69.6640508749999,-20.3428562213842],[-69.6640494899999,-20.3413452753843],[-69.6621159919999,-20.3413554203843]]],[[[-69.6601446789999,-20.3410349283843],[-69.6601420099999,-20.3417653333843],[-69.6610682719999,-20.3418066333842],[-69.6601429139999,-20.3418193363843],[-69.6601592499999,-20.3422049273843],[-69.660939261,-20.3422616143843],[-69.6601600159999,-20.3422589333842],[-69.6601577589999,-20.3429211793842],[-69.6620625759999,-20.3428984543843],[-69.6620611009999,-20.3426818793842],[-69.6615134099999,-20.3426542613843],[-69.6620608539999,-20.3426456713843],[-69.6620581009999,-20.3422413503843],[-69.6611634379999,-20.3422372413843],[-69.6620578539999,-20.3422050763842],[-69.6620574559999,-20.3419985353843],[-69.6613563869999,-20.3419813373843],[-69.6612890749999,-20.3410352583843],[-69.6601446789999,-20.3410349283843]]],[[[-69.661824738,-20.3415175053843],[-69.6617745149999,-20.3410145153843],[-69.6613462949999,-20.3410330923843],[-69.6614110419999,-20.3419824323843],[-69.6620575529999,-20.3419623673843],[-69.6620640039999,-20.3410032193843],[-69.6618318159999,-20.3410121613843],[-69.661824738,-20.3415175053843]]]]}},{"type":"Feature","properties":{"id":"1401031001220","commune":"Pozo Almonte","code":"01401","gse":"D","quintil":"Q1","nse_score":518.1,"educ":11.1,"educ_score":540.0,"hacin":1.833,"hacin_class":"Hacinamiento Medio","hacin_score":673.8,"auto_score":0.0,"n_per":11,"n_hog":4,"source_year":2024},"geometry":{"type":"MultiPolygon","coordinates":[[[[-69.6602066299999,-20.3458232023842],[-69.6620442369999,-20.3458902723842],[-69.6620493579999,-20.3450704203842],[-69.660166897,-20.3450728173842],[-69.6602066299999,-20.3458232023842]]],[[[-69.6601558339999,-20.3436206983842],[-69.6610918899999,-20.3436502113842],[-69.6601567819999,-20.3437029613842],[-69.6601742369999,-20.3450106303842],[-69.6620499869999,-20.3450107043842],[-69.6620625869999,-20.3429524673842],[-69.6601554799999,-20.3429788053842],[-69.6601558339999,-20.3436206983842]]],[[[-69.6621073689999,-20.3449509803842],[-69.6640522989999,-20.3449696353842],[-69.6640460809999,-20.3429213093843],[-69.6621198559999,-20.3429518423842],[-69.6621073689999,-20.3449509803842]]]]}},{"type":"Feature","properties":{"id":"1401031001238","commune":"Pozo Almonte","code":"01401","gse":"C3","quintil":"Q3","nse_score":713.6,"educ":12.4,"educ_score":626.7,"hacin":1.273,"hacin_class":"Hacinamiento Leve","hacin_score":793.0,"auto_score":375.0,"n_per":14,"n_hog":4,"source_year":2024},"geometry":{"type":"MultiPolygon","coordinates":[[[[-69.6601059329999,-20.3480505713841],[-69.6600439869999,-20.3478876083841],[-69.6593295239999,-20.3478557903841],[-69.6600423209999,-20.3478336213841],[-69.6600950409999,-20.3466960983841],[-69.6590705209999,-20.3467294903841],[-69.659097088,-20.353079985384],[-69.6620815179999,-20.3513411213841],[-69.6620403559999,-20.3466507703842],[-69.6601523499999,-20.3466934213842],[-69.6601059329999,-20.3480505713841]]],[[[-69.6620975949999,-20.3466490943841],[-69.6621064569999,-20.3477784093841],[-69.6630176689999,-20.3478017293841],[-69.6621062959999,-20.3478324593841],[-69.6621037399999,-20.3486937373841],[-69.6631095049999,-20.3487075923841],[-69.6621039289999,-20.3487477543841],[-69.6621170609999,-20.3503146893841],[-69.6640926279999,-20.3503051483841],[-69.6640942969999,-20.3498334243841],[-69.6636526199999,-20.349700581384],[-69.6636132129999,-20.3495754333841],[-69.6637679429999,-20.3485063283841],[-69.6640563239999,-20.3480768243841],[-69.6640603849999,-20.3466543153842],[-69.6620975949999,-20.3466490943841]]]]}},{"type":"Feature","properties":{"id":"1401031001240","commune":"Pozo Almonte","code":"01401","gse":"E","quintil":"Q1","nse_score":468.3,"educ":8.7,"educ_score":380.0,"hacin":1.454,"hacin_class":"Hacinamiento Leve","hacin_score":754.4,"auto_score":150.0,"n_per":32,"n_hog":9,"source_year":2024},"geometry":{"type":"MultiPolygon","coordinates":[[[[-69.6521424239999,-20.3498574993841],[-69.6524346019999,-20.353055961384],[-69.6540130809999,-20.353206895384],[-69.6543160329999,-20.352079535384],[-69.6543064759999,-20.349884903384],[-69.6521424239999,-20.3498574993841]]],[[[-69.6521865079999,-20.351396434384],[-69.6520612109999,-20.3495791403841],[-69.6510483779999,-20.3496481023841],[-69.6510362669999,-20.351386165384],[-69.6521865079999,-20.351396434384]]],[[[-69.6531746469999,-20.3489263343841],[-69.65211296,-20.3489476913841],[-69.6521372509999,-20.3498032483841],[-69.6543052299999,-20.3498306223841],[-69.6543236859999,-20.3490176053841],[-69.6534955699999,-20.3490156363841],[-69.654328657,-20.3489634433841],[-69.6544154399999,-20.3477256343841],[-69.6520796569999,-20.3476692793841],[-69.6521113289999,-20.3488933373841],[-69.6531746469999,-20.3489263343841]]]]}},{"type":"Feature","properties":{"id":"1401031001004","commune":"Pozo Almonte","code":"01401","gse":"D","quintil":"Q1","nse_score":585.4,"educ":10.5,"educ_score":500.0,"hacin":1.312,"hacin_class":"Hacinamiento Leve","hacin_score":784.6,"auto_score":312.5,"n_per":21,"n_hog":8,"source_year":2024},"geometry":{"type":"MultiPolygon","coordinates":[[[[-69.6521334189999,-20.3271414523846],[-69.6525169739999,-20.3299309973846],[-69.653577159,-20.3304432633846],[-69.6534570979999,-20.3294895493846],[-69.6527297949999,-20.3295817173846],[-69.6534535229999,-20.3294626503846],[-69.6534051309999,-20.3290985363846],[-69.6528192169999,-20.3291391323846],[-69.6534015559999,-20.3290716393846],[-69.6531359219999,-20.3270538843846],[-69.6521334189999,-20.3271414523846]]],[[[-69.6521205449999,-20.3270874413846],[-69.6531328319999,-20.3270087823847],[-69.6529617729999,-20.3255826423847],[-69.6519323199999,-20.3256962793847],[-69.6521205449999,-20.3270874413846]]]]}},{"type":"Feature","properties":{"id":"1401031001044","commune":"Pozo Almonte","code":"01401","gse":"D","quintil":"Q1","nse_score":584.6,"educ":10.1,"educ_score":473.3,"hacin":1.0,"hacin_class":"Hacinamiento Leve","hacin_score":851.1,"auto_score":300.0,"n_per":12,"n_hog":5,"source_year":2024},"geometry":{"type":"MultiPolygon","coordinates":[[[[-69.6625306989999,-20.3321087313845],[-69.6602569909999,-20.3321024243846],[-69.6602304219999,-20.3327288983845],[-69.6626519279999,-20.3327486733845],[-69.6625306989999,-20.3321087313845]]],[[[-69.6597734499999,-20.3323324233845],[-69.6601805079999,-20.3323184463845],[-69.6601838489999,-20.3313143183845],[-69.6600796069999,-20.3312271253845],[-69.6597716989999,-20.3312211273845],[-69.6597734499999,-20.3323324233845]]]]}},{"type":"Feature","properties":{"id":"1401031001029","commune":"Pozo Almonte","code":"01401","gse":"D","quintil":"Q2","nse_score":650.0,"educ":10.3,"educ_score":486.7,"hacin":1.0,"hacin_class":"Hacinamiento Leve","hacin_score":851.1,"auto_score":0.0,"n_per":19,"n_hog":8,"source_year":2024},"geometry":{"type":"MultiPolygon","coordinates":[[[[-69.6485594789999,-20.3317659563845],[-69.6498072339999,-20.3317689733845],[-69.6498026109999,-20.3313583063846],[-69.6485576309999,-20.3313517843845],[-69.6485594789999,-20.3317659563845]]],[[[-69.6485579579999,-20.3313157793846],[-69.6498148159999,-20.3313219513845],[-69.6498167709999,-20.3308894793846],[-69.6485634169999,-20.3308917143846],[-69.6485579579999,-20.3313157793846]]]]}},{"type":"Feature","properties":{"id":"1401031001090","commune":"Pozo Almonte","code":"01401","gse":"C3","quintil":"Q2","nse_score":685.8,"educ":11.1,"educ_score":540.0,"hacin":1.4,"hacin_class":"Hacinamiento Leve","hacin_score":766.0,"auto_score":100.0,"n_per":14,"n_hog":5,"source_year":2024},"geometry":{"type":"MultiPolygon","coordinates":[[[[-69.6560360659999,-20.3351202103845],[-69.6560956069999,-20.3345585583845],[-69.6550200819999,-20.3345501133844],[-69.6550284149999,-20.3350632613845],[-69.6560360659999,-20.3351202103845]]],[[[-69.6556879169999,-20.3344884103845],[-69.6561205269999,-20.3344837223845],[-69.6560813049999,-20.3335572633845],[-69.6556610989999,-20.3335905443845],[-69.6556879169999,-20.3344884103845]]]]}},{"type":"Feature","properties":{"id":"1401031001084","commune":"Pozo Almonte","code":"01401","gse":"D","quintil":"Q1","nse_score":586.1,"educ":9.5,"educ_score":433.3,"hacin":1.667,"hacin_class":"Hacinamiento Medio","hacin_score":709.2,"auto_score":83.3,"n_per":10,"n_hog":6,"source_year":2024},"geometry":{"type":"MultiPolygon","coordinates":[[[[-69.6550807659999,-20.3344616763844],[-69.655613952,-20.3344644903845],[-69.6556016239999,-20.3335732103845],[-69.6550140389999,-20.3335946983845],[-69.6550807659999,-20.3344616763844]]],[[[-69.6550395609999,-20.3335250313845],[-69.655592624,-20.3335245153845],[-69.655609921,-20.3331151293845],[-69.6550318549999,-20.3331019223845],[-69.6550395609999,-20.3335250313845]]]]}},{"type":"Feature","properties":{"id":"1401031001105","commune":"Pozo Almonte","code":"01401","gse":"D","quintil":"Q2","nse_score":640.2,"educ":10.6,"educ_score":506.7,"hacin":1.083,"hacin_class":"Hacinamiento Leve","hacin_score":833.3,"auto_score":62.5,"n_per":13,"n_hog":6,"source_year":2024},"geometry":{"type":"MultiPolygon","coordinates":[[[[-69.6626292099999,-20.3355989633844],[-69.6625826729999,-20.3377359853844],[-69.6640392319999,-20.3377568023844],[-69.6640356589999,-20.3369200543844],[-69.6631488529999,-20.3369132423844],[-69.6640328689999,-20.3368602963844],[-69.6640383469999,-20.3355409573844],[-69.6626292099999,-20.3355989633844]]],[[[-69.6634343039999,-20.3340305913845],[-69.6633800629999,-20.3355059193844],[-69.6638453109999,-20.3354894903844],[-69.663867981,-20.3349111643844],[-69.6638836289999,-20.3354881303844],[-69.664269326,-20.3354794613844],[-69.6643449619999,-20.3339138453845],[-69.6634343039999,-20.3340305913845]]]]}},{"type":"Feature","properties":{"id":"1401031001107","commune":"Pozo Almonte","code":"01401","gse":"D","quintil":"Q1","nse_score":548.7,"educ":9.9,"educ_score":460.0,"hacin":1.375,"hacin_class":"Hacinamiento Leve","hacin_score":771.3,"auto_score":0.0,"n_per":11,"n_hog":5,"source_year":2024},"geometry":{"type":"MultiPolygon","coordinates":[[[[-69.6619187299999,-20.3355558663844],[-69.662107611,-20.3355609193844],[-69.6621455409999,-20.3341105643845],[-69.6619067919999,-20.3341347643845],[-69.6619187299999,-20.3355558663844]]],[[[-69.6622206549999,-20.3355548383844],[-69.6626752189999,-20.3355252973844],[-69.6627423649999,-20.3340332153844],[-69.6622038539999,-20.3341240943845],[-69.6622206549999,-20.3355548383844]]]]}},{"type":"Feature","properties":{"id":"1401031001123","commune":"Pozo Almonte","code":"01401","gse":"D","quintil":"Q1","nse_score":579.6,"educ":10.4,"educ_score":493.3,"hacin":1.25,"hacin_class":"Hacinamiento Leve","hacin_score":797.9,"auto_score":214.3,"n_per":15,"n_hog":7,"source_year":2024},"geometry":{"type":"MultiPolygon","coordinates":[[[[-69.6548654229999,-20.3362211663844],[-69.6560120839999,-20.3362246803844],[-69.6560823659999,-20.3356023713844],[-69.6548789579999,-20.3355006053844],[-69.6548654229999,-20.3362211663844]]],[[[-69.6560272559999,-20.3355083883844],[-69.6560745449999,-20.3351668343844],[-69.6548720979999,-20.3351162403844],[-69.654891141,-20.3354412443844],[-69.6560272559999,-20.3355083883844]]]]}},{"type":"Feature","properties":{"id":"1401031001128","commune":"Pozo Almonte","code":"01401","gse":"E","quintil":"Q1","nse_score":509.0,"educ":9.5,"educ_score":433.3,"hacin":1.083,"hacin_class":"Hacinamiento Leve","hacin_score":833.3,"auto_score":0.0,"n_per":13,"n_hog":6,"source_year":2024},"geometry":{"type":"MultiPolygon","coordinates":[[[[-69.6581253689999,-20.3362311363844],[-69.6592089819999,-20.3362349793844],[-69.6592609819999,-20.3353978053844],[-69.6586473259999,-20.3356420113844],[-69.6581277629999,-20.3357513523844],[-69.6581253689999,-20.3362311363844]]],[[[-69.6581514079999,-20.3356711663844],[-69.6586670059999,-20.3355781203844],[-69.6590910849999,-20.3353044353845],[-69.6581602759999,-20.3352556743844],[-69.6581514079999,-20.3356711663844]]]]}},{"type":"Feature","properties":{"id":"1401031001143","commune":"Pozo Almonte","code":"01401","gse":"D","quintil":"Q1","nse_score":581.9,"educ":11.4,"educ_score":560.0,"hacin":1.273,"hacin_class":"Hacinamiento Leve","hacin_score":793.0,"auto_score":0.0,"n_per":14,"n_hog":5,"source_year":2024},"geometry":{"type":"MultiPolygon","coordinates":[[[[-69.6550407699999,-20.3379110283844],[-69.6559654349999,-20.3378975633844],[-69.6559654789999,-20.3369609953844],[-69.6549082439999,-20.3369462043844],[-69.6550407699999,-20.3379110283844]]],[[[-69.6548915359999,-20.3369134453844],[-69.6559678059999,-20.3369280303844],[-69.6560372539999,-20.3362996063844],[-69.6548573349999,-20.3362680853844],[-69.6548915359999,-20.3369134453844]]]]}},{"type":"Feature","properties":{"id":"1401031001158","commune":"Pozo Almonte","code":"01401","gse":"D","quintil":"Q2","nse_score":656.5,"educ":11.2,"educ_score":546.7,"hacin":1.05,"hacin_class":"Hacinamiento Leve","hacin_score":840.4,"auto_score":0.0,"n_per":21,"n_hog":6,"source_year":2024},"geometry":{"type":"MultiPolygon","coordinates":[[[[-69.6581044129999,-20.3379625083843],[-69.6589763119999,-20.3379811663844],[-69.6590434519999,-20.3375271523844],[-69.6580898909999,-20.3375260103844],[-69.6581044129999,-20.3379625083843]]],[[[-69.658111834,-20.3374881463844],[-69.6590485199999,-20.3374928813844],[-69.6591121559999,-20.3370602763844],[-69.6581138509999,-20.3370280443844],[-69.658111834,-20.3374881463844]]]]}},{"type":"Feature","properties":{"id":"1401031001130","commune":"Pozo Almonte","code":"01401","gse":"D","quintil":"Q1","nse_score":596.2,"educ":12.0,"educ_score":600.0,"hacin":1.3,"hacin_class":"Hacinamiento Leve","hacin_score":787.2,"auto_score":0.0,"n_per":13,"n_hog":5,"source_year":2024},"geometry":{"type":"MultiPolygon","coordinates":[[[[-69.646528267,-20.3371573423844],[-69.6464027849999,-20.3379258773843],[-69.6478679389999,-20.3378782083844],[-69.6478269379999,-20.3371709443844],[-69.646528267,-20.3371573423844]]],[[[-69.6486339519999,-20.3353173843844],[-69.6476815089999,-20.3353174903845],[-69.6476960259999,-20.3362028703844],[-69.6476527399999,-20.3353174903845],[-69.6472237769999,-20.3353180493845],[-69.6472132139999,-20.3358940833844],[-69.6471935149999,-20.3353181613844],[-69.6464709399999,-20.3353207943844],[-69.6464459789999,-20.3371533543844],[-69.6480624769999,-20.3371241303844],[-69.6480683159999,-20.3365091953844],[-69.6480912069999,-20.3371248283844],[-69.6485467629999,-20.3371291843844],[-69.6486339519999,-20.3353173843844]]]]}},{"type":"Feature","properties":{"id":"1401031001111","commune":"Pozo Almonte","code":"01401","gse":"D","quintil":"Q1","nse_score":520.2,"educ":10.9,"educ_score":526.7,"hacin":2.5,"hacin_class":"Hacinamiento Crítico","hacin_score":531.9,"auto_score":125.0,"n_per":25,"n_hog":8,"source_year":2024},"geometry":{"type":"MultiPolygon","coordinates":[[[[-69.6610835789999,-20.3375137043844],[-69.6610806739999,-20.3378218733844],[-69.6625152079999,-20.3378674523844],[-69.6618750449999,-20.3377298003844],[-69.6625300609999,-20.3377444623844],[-69.6625354719999,-20.3375270293844],[-69.6610835789999,-20.3375137043844]]],[[[-69.6594284409999,-20.3350240863844],[-69.6590883029999,-20.3377707173844],[-69.6610236689999,-20.3377944523844],[-69.6610524659999,-20.3365811903844],[-69.661089983,-20.3374825413844],[-69.6625332419999,-20.3374996803844],[-69.6625383409999,-20.3372500023844],[-69.6622378339999,-20.3372177253844],[-69.6625391949999,-20.3372138493844],[-69.6625296969999,-20.3367892973844],[-69.6616431819999,-20.3367560683844],[-69.6625293729999,-20.3367531183844],[-69.6625071269999,-20.3356335183844],[-69.6611433039999,-20.3356044943844],[-69.6610783579999,-20.3363524923844],[-69.6611076869999,-20.3355867483845],[-69.6615092249999,-20.3355588213844],[-69.6614972989999,-20.3341855743845],[-69.6603592469999,-20.3343573873845],[-69.6595701759999,-20.3348550763844],[-69.6594284409999,-20.3350240863844]]]]}},{"type":"Feature","properties":{"id":"1401031001184","commune":"Pozo Almonte","code":"01401","gse":"C2","quintil":"Q4","nse_score":731.6,"educ":11.6,"educ_score":573.3,"hacin":1.048,"hacin_class":"Hacinamiento Leve","hacin_score":840.9,"auto_score":83.3,"n_per":22,"n_hog":7,"source_year":2024},"geometry":{"type":"MultiPolygon","coordinates":[[[[-69.6553123869999,-20.3399929233843],[-69.6560341989999,-20.3399968343843],[-69.6560504909999,-20.3396003103843],[-69.6553158729999,-20.3395707873843],[-69.6553123869999,-20.3399929233843]]],[[[-69.6533944629999,-20.3390724343843],[-69.6534649339999,-20.3395895863843],[-69.6552552919999,-20.3395876993843],[-69.6551810779999,-20.3390992753844],[-69.6533944629999,-20.3390724343843]]]]}},{"type":"Feature","properties":{"id":"1401031001195","commune":"Pozo Almonte","code":"01401","gse":"D","quintil":"Q1","nse_score":585.6,"educ":8.9,"educ_score":393.3,"hacin":1.2,"hacin_class":"Hacinamiento Leve","hacin_score":808.5,"auto_score":0.0,"n_per":12,"n_hog":7,"source_year":2024},"geometry":{"type":"MultiPolygon","coordinates":[[[[-69.6626295029999,-20.3404731923843],[-69.6624702129999,-20.3409625793843],[-69.6621213249999,-20.3410000303843],[-69.6621164869999,-20.3413014063843],[-69.6640466999999,-20.3412855173843],[-69.6640437379999,-20.3408788703843],[-69.6631025209999,-20.3408842003843],[-69.6637718189999,-20.3408314133843],[-69.6637460789999,-20.3404101673843],[-69.6626295029999,-20.3404731923843]]],[[[-69.6625620999999,-20.3399909703843],[-69.6625548309999,-20.3404505773843],[-69.6640375759999,-20.3403364253843],[-69.6640419399999,-20.3399634523843],[-69.6625620999999,-20.3399909703843]]]]}},{"type":"Feature","properties":{"id":"1401031001199","commune":"Pozo Almonte","code":"01401","gse":"C3","quintil":"Q2","nse_score":679.1,"educ":11.8,"educ_score":586.7,"hacin":0.857,"hacin_class":"Sin Hacinamiento","hacin_score":881.5,"auto_score":0.0,"n_per":6,"n_hog":5,"source_year":2024},"geometry":{"type":"MultiPolygon","coordinates":[[[[-69.6591497189999,-20.3422287633842],[-69.6601088979999,-20.3422212163843],[-69.6601037469999,-20.3410378433843],[-69.6591594829999,-20.3410388343843],[-69.6591497189999,-20.3422287633842]]],[[[-69.6584282029999,-20.3424412863843],[-69.6590869649999,-20.3435960653842],[-69.6591056339999,-20.3401901043843],[-69.658779336,-20.3401782143843],[-69.6586843029999,-20.3403571363843],[-69.6586537169999,-20.3415880933843],[-69.6584282029999,-20.3424412863843]]]]}},{"type":"Feature","properties":{"id":"1401031001194","commune":"Pozo Almonte","code":"01401","gse":"D","quintil":"Q1","nse_score":546.7,"educ":8.9,"educ_score":393.3,"hacin":1.25,"hacin_class":"Hacinamiento Leve","hacin_score":797.9,"auto_score":62.5,"n_per":20,"n_hog":8,"source_year":2024},"geometry":{"type":"MultiPolygon","coordinates":[[[[-69.6541104789999,-20.3424027143843],[-69.6519175969999,-20.3424159013842],[-69.6519915029999,-20.3448239943842],[-69.6535880759999,-20.3448412953842],[-69.6536011979999,-20.3445572183842],[-69.6530807819999,-20.3445555373842],[-69.6532886209999,-20.3445169543842],[-69.6532868539999,-20.3442171603842],[-69.6531076939999,-20.3442042603842],[-69.653106336,-20.3440576673842],[-69.6536319649999,-20.3440584963842],[-69.6536419289999,-20.3439043983842],[-69.6536301579999,-20.3448421163842],[-69.6540089949999,-20.3448471073842],[-69.6541104789999,-20.3424027143843]]],[[[-69.6518749009999,-20.3405170083843],[-69.651915862,-20.3423616923843],[-69.6542399269999,-20.3423447583843],[-69.6542692299999,-20.3417008283843],[-69.6542975209999,-20.3423434113843],[-69.655164823,-20.3423282743843],[-69.6552528159999,-20.3405559613843],[-69.6543913219999,-20.3404329073843],[-69.6532805539999,-20.3398622153843],[-69.6521061909999,-20.3401862783843],[-69.6518749009999,-20.3405170083843]]]]}},{"type":"Feature","properties":{"id":"1401031001225","commune":"Pozo Almonte","code":"01401","gse":"D","quintil":"Q2","nse_score":621.2,"educ":10.6,"educ_score":506.7,"hacin":1.8,"hacin_class":"Hacinamiento Medio","hacin_score":680.9,"auto_score":0.0,"n_per":18,"n_hog":7,"source_year":2024},"geometry":{"type":"MultiPolygon","coordinates":[[[[-69.6585420529999,-20.3483113783841],[-69.6576634409999,-20.3483188583841],[-69.6576539129999,-20.3485841593841],[-69.6585610879999,-20.3486159493841],[-69.6576519739999,-20.3486381383841],[-69.6576445219999,-20.3488456483841],[-69.6590194889999,-20.3489537333841],[-69.6590162939999,-20.3457174413842],[-69.6577590409999,-20.3456786273842],[-69.6576653799999,-20.3482648663841],[-69.6585420529999,-20.3483113783841]]],[[[-69.6590733539999,-20.3457818303842],[-69.6601073759999,-20.3458195793842],[-69.6600825659999,-20.3446034233842],[-69.6590836149999,-20.3446127323842],[-69.6590733539999,-20.3457818303842]]]]}},{"type":"Feature","properties":{"id":"1401031001226","commune":"Pozo Almonte","code":"01401","gse":"E","quintil":"Q1","nse_score":495.6,"educ":10.7,"educ_score":513.3,"hacin":1.571,"hacin_class":"Hacinamiento Medio","hacin_score":729.5,"auto_score":142.9,"n_per":22,"n_hog":7,"source_year":2024},"geometry":{"type":"MultiPolygon","coordinates":[[[[-69.6481159649999,-20.3464109523841],[-69.6480399309999,-20.3480342833841],[-69.649881536,-20.3480263463841],[-69.6498782749999,-20.3463893813841],[-69.6481159649999,-20.3464109523841]]],[[[-69.646982024,-20.3458286723842],[-69.6469481519999,-20.3448428653842],[-69.645905722,-20.3448489403842],[-69.6459220109999,-20.3484946773841],[-69.6479778679999,-20.3485038693841],[-69.6480600589999,-20.3465272043841],[-69.6479770459999,-20.3448479473842],[-69.6469864739999,-20.3448426423842],[-69.646982024,-20.3458286723842]]]]}},{"type":"Feature","properties":{"id":"1401031001242","commune":"Pozo Almonte","code":"01401","gse":"E","quintil":"Q1","nse_score":459.3,"educ":9.2,"educ_score":413.3,"hacin":1.765,"hacin_class":"Hacinamiento Medio","hacin_score":688.4,"auto_score":0.0,"n_per":30,"n_hog":8,"source_year":2024},"geometry":{"type":"MultiPolygon","coordinates":[[[[-69.6499902649999,-20.350071568384],[-69.6509984099999,-20.3500771643841],[-69.6510101249999,-20.3496506543841],[-69.6500278639999,-20.3497503313841],[-69.6499902649999,-20.350071568384]]],[[[-69.6499679099999,-20.3496692423841],[-69.652059113,-20.3495248903841],[-69.652022455,-20.3481210533841],[-69.6499293679999,-20.3480807203841],[-69.6499679099999,-20.3496692423841]]]]}},{"type":"Feature","properties":{"id":"1401031001249","commune":"Pozo Almonte","code":"01401","gse":"D","quintil":"Q1","nse_score":578.2,"educ":9.3,"educ_score":420.0,"hacin":0.923,"hacin_class":"Sin Hacinamiento","hacin_score":867.4,"auto_score":0.0,"n_per":12,"n_hog":6,"source_year":2024},"geometry":{"type":"MultiPolygon","coordinates":[[[[-69.6524207069999,-20.353172538384],[-69.6520914119999,-20.355090952384],[-69.6523036809999,-20.3568635253839],[-69.6553382739999,-20.3553097943839],[-69.6557013799999,-20.353596663384],[-69.653696125,-20.353200785384],[-69.6524207069999,-20.353172538384]]],[[[-69.6555167149999,-20.354801730384],[-69.6563300279999,-20.3546367073839],[-69.6574520999999,-20.354014010384],[-69.657498744,-20.351905594384],[-69.6561283699999,-20.351757089384],[-69.6555167149999,-20.354801730384]]]]}},{"type":"Feature","properties":{"id":"1401013001002","commune":"Pozo Almonte","code":"01401","gse":"C1","quintil":"Q5","nse_score":776.6,"educ":13.8,"educ_score":720.0,"hacin":1.458,"hacin_class":"Hacinamiento Leve","hacin_score":753.5,"auto_score":312.5,"n_per":35,"n_hog":8,"source_year":2024},"geometry":{"type":"Polygon","coordinates":[[[-69.752408956,-20.1361678423894],[-69.7526152229999,-20.1365384223894],[-69.7537566979999,-20.1359974073894],[-69.7535491549999,-20.1356180973895],[-69.752408956,-20.1361678423894]]]}},{"type":"Feature","properties":{"id":"1401013001003","commune":"Pozo Almonte","code":"01401","gse":"C2","quintil":"Q4","nse_score":750.7,"educ":13.1,"educ_score":673.3,"hacin":1.375,"hacin_class":"Hacinamiento Leve","hacin_score":771.3,"auto_score":375.0,"n_per":33,"n_hog":8,"source_year":2024},"geometry":{"type":"Polygon","coordinates":[[[-69.7526374859999,-20.1365784193894],[-69.7528022059999,-20.1368743513894],[-69.7539363999999,-20.1363258353894],[-69.7537786609999,-20.1360375473894],[-69.7526374859999,-20.1365784193894]]]}},{"type":"Feature","properties":{"id":"1401013001009","commune":"Pozo Almonte","code":"01401","gse":"C1","quintil":"Q5","nse_score":775.6,"educ":13.8,"educ_score":720.0,"hacin":1.278,"hacin_class":"Hacinamiento Leve","hacin_score":792.0,"auto_score":500.0,"n_per":23,"n_hog":6,"source_year":2024},"geometry":{"type":"Polygon","coordinates":[[[-69.7520763449999,-20.1371257233894],[-69.7525050249999,-20.1379345013894],[-69.7531555169999,-20.1376199063894],[-69.7527158899999,-20.1368163733894],[-69.7520763449999,-20.1371257233894]]]}},{"type":"Feature","properties":{"id":"1401013001010","commune":"Pozo Almonte","code":"01401","gse":"C2","quintil":"Q4","nse_score":760.5,"educ":13.2,"educ_score":680.0,"hacin":1.375,"hacin_class":"Hacinamiento Leve","hacin_score":771.3,"auto_score":500.0,"n_per":33,"n_hog":7,"source_year":2024},"geometry":{"type":"Polygon","coordinates":[[[-69.7532199509999,-20.1376395023894],[-69.7535415159999,-20.1382308283894],[-69.7546869379999,-20.1376975133894],[-69.7543548629999,-20.1370906193894],[-69.7532199509999,-20.1376395023894]]]}},{"type":"Feature","properties":{"id":"1401013001012","commune":"Pozo Almonte","code":"01401","gse":"C2","quintil":"Q4","nse_score":755.6,"educ":12.9,"educ_score":660.0,"hacin":1.214,"hacin_class":"Hacinamiento Leve","hacin_score":805.5,"auto_score":437.5,"n_per":34,"n_hog":8,"source_year":2024},"geometry":{"type":"Polygon","coordinates":[[[-69.7540538559999,-20.1380426523894],[-69.7544603439999,-20.1388370843894],[-69.7551158279999,-20.1385113623893],[-69.7547089039999,-20.1377376563894],[-69.7540538559999,-20.1380426523894]]]}},{"type":"Feature","properties":{"id":"1401013001013","commune":"Pozo Almonte","code":"01401","gse":"C1","quintil":"Q5","nse_score":798.7,"educ":13.2,"educ_score":680.0,"hacin":1.057,"hacin_class":"Hacinamiento Leve","hacin_score":838.9,"auto_score":312.5,"n_per":37,"n_hog":8,"source_year":2024},"geometry":{"type":"Polygon","coordinates":[[[-69.7520491559999,-20.1382057263894],[-69.7524800839999,-20.1390134733893],[-69.753101796,-20.1387120463894],[-69.7526446709999,-20.1379177233894],[-69.7520491559999,-20.1382057263894]]]}},{"type":"Feature","properties":{"id":"1401013001015","commune":"Pozo Almonte","code":"01401","gse":"C2","quintil":"Q4","nse_score":774.2,"educ":14.1,"educ_score":740.0,"hacin":1.895,"hacin_class":"Hacinamiento Medio","hacin_score":660.7,"auto_score":500.0,"n_per":36,"n_hog":10,"source_year":2024},"geometry":{"type":"Polygon","coordinates":[[[-69.7546207049999,-20.1402678463893],[-69.7562646419999,-20.1395166823894],[-69.7556104359999,-20.1383166293894],[-69.7551792779999,-20.1385308833894],[-69.7555261329999,-20.1391932363893],[-69.7543565079999,-20.1397621173893],[-69.7546207049999,-20.1402678463893]]]}},{"type":"Feature","properties":{"id":"1401013001016","commune":"Pozo Almonte","code":"01401","gse":"ABC1","quintil":"Q5","nse_score":820.6,"educ":13.7,"educ_score":713.3,"hacin":0.867,"hacin_class":"Sin Hacinamiento","hacin_score":879.4,"auto_score":571.4,"n_per":26,"n_hog":7,"source_year":2024},"geometry":{"type":"Polygon","coordinates":[[[-69.7527550589999,-20.1389309413894],[-69.7530650169999,-20.1395138953893],[-69.7539503739999,-20.1390860973894],[-69.7536356179999,-20.1385040143893],[-69.7527550589999,-20.1389309413894]]]}},{"type":"Feature","properties":{"id":"1401013001017","commune":"Pozo Almonte","code":"01401","gse":"C2","quintil":"Q4","nse_score":759.2,"educ":13.5,"educ_score":700.0,"hacin":1.698,"hacin_class":"Hacinamiento Medio","hacin_score":702.6,"auto_score":394.7,"n_per":73,"n_hog":19,"source_year":2024},"geometry":{"type":"Polygon","coordinates":[[[-69.7540177069999,-20.1391112823893],[-69.7543353989999,-20.1397215653893],[-69.7554650889999,-20.1391716153894],[-69.7551369269999,-20.1385519283894],[-69.7540177069999,-20.1391112823893]]]}},{"type":"Feature","properties":{"id":"1401013001019","commune":"Pozo Almonte","code":"01401","gse":"C2","quintil":"Q4","nse_score":751.2,"educ":14.1,"educ_score":740.0,"hacin":1.714,"hacin_class":"Hacinamiento Medio","hacin_score":699.1,"auto_score":409.1,"n_per":36,"n_hog":11,"source_year":2024},"geometry":{"type":"Polygon","coordinates":[[[-69.7531286149999,-20.1395409033893],[-69.7534507619999,-20.1401373253893],[-69.7542928699999,-20.1397422693894],[-69.7539721329999,-20.1391263333893],[-69.7531286149999,-20.1395409033893]]]}},{"type":"Feature","properties":{"id":"1401013001020","commune":"Pozo Almonte","code":"01401","gse":"C2","quintil":"Q4","nse_score":753.8,"educ":13.8,"educ_score":720.0,"hacin":1.75,"hacin_class":"Hacinamiento Medio","hacin_score":691.5,"auto_score":291.7,"n_per":42,"n_hog":12,"source_year":2024},"geometry":{"type":"Polygon","coordinates":[[[-69.7537505419999,-20.1406857963893],[-69.7545775589999,-20.1402891543893],[-69.7543139789999,-20.1397828203893],[-69.7534725929999,-20.1401775393893],[-69.7537505419999,-20.1406857963893]]]}},{"type":"Feature","properties":{"id":"1401013001005","commune":"Pozo Almonte","code":"01401","gse":"C2","quintil":"Q4","nse_score":765.8,"educ":13.4,"educ_score":693.3,"hacin":1.6,"hacin_class":"Hacinamiento Medio","hacin_score":723.4,"auto_score":285.7,"n_per":32,"n_hog":7,"source_year":2024},"geometry":{"type":"MultiPolygon","coordinates":[[[[-69.7531593559999,-20.1367523873894],[-69.7535478059999,-20.1374301833894],[-69.7538549639999,-20.1372816313894],[-69.7534822489999,-20.1365962293894],[-69.7531593559999,-20.1367523873894]]],[[[-69.7535248279999,-20.1365756373894],[-69.7538975429999,-20.1372610383894],[-69.7543329019999,-20.1370504823894],[-69.7539583609999,-20.1363659723894],[-69.7535248279999,-20.1365756373894]]]]}},{"type":"Feature","properties":{"id":"1401033022014","commune":"Pozo Almonte","code":"01401","gse":"D","quintil":"Q2","nse_score":636.1,"educ":11.4,"educ_score":560.0,"hacin":1.364,"hacin_class":"Hacinamiento Leve","hacin_score":773.7,"auto_score":100.0,"n_per":15,"n_hog":5,"source_year":2024},"geometry":{"type":"Polygon","coordinates":[[[-69.5628740949999,-20.4286887953821],[-69.5611581639999,-20.4287695973821],[-69.5614682089999,-20.4306983913821],[-69.5629547429999,-20.430331091382],[-69.5628740949999,-20.4286887953821]]]}},{"type":"Feature","properties":{"id":"1401033022017","commune":"Pozo Almonte","code":"01401","gse":"C3","quintil":"Q2","nse_score":672.6,"educ":11.4,"educ_score":560.0,"hacin":1.105,"hacin_class":"Hacinamiento Leve","hacin_score":828.7,"auto_score":142.9,"n_per":21,"n_hog":7,"source_year":2024},"geometry":{"type":"Polygon","coordinates":[[[-69.5633611339999,-20.433095444382],[-69.5628528499999,-20.433162774382],[-69.5625405759999,-20.433746699382],[-69.5629453219999,-20.433875307382],[-69.5632659949999,-20.433302338382],[-69.5645139639999,-20.433564655382],[-69.5645527799999,-20.432642588382],[-69.5647173169999,-20.432635827382],[-69.5647311119999,-20.431885719382],[-69.5638379019999,-20.431835164382],[-69.5638100349999,-20.431578226382],[-69.5654269979999,-20.4304495103821],[-69.5656676409999,-20.4298595423821],[-69.5655544879999,-20.4295044063821],[-69.5629861819999,-20.430379149382],[-69.5633922809999,-20.432911665382],[-69.5633611339999,-20.433095444382]]]}},{"type":"Feature","properties":{"id":"1401033022018","commune":"Pozo Almonte","code":"01401","gse":"D","quintil":"Q2","nse_score":629.0,"educ":9.8,"educ_score":453.3,"hacin":1.294,"hacin_class":"Hacinamiento Leve","hacin_score":788.5,"auto_score":111.1,"n_per":22,"n_hog":9,"source_year":2024},"geometry":{"type":"Polygon","coordinates":[[[-69.5579733969999,-20.4297015733821],[-69.5582575899999,-20.430540867382],[-69.5583348619999,-20.4314998503821],[-69.5603600659999,-20.430976799382],[-69.5601121289999,-20.4301656963821],[-69.5597784109999,-20.4300806713821],[-69.5595768479999,-20.4297716643821],[-69.5579733969999,-20.4297015733821]]]}},{"type":"Feature","properties":{"id":"1401033022021","commune":"Pozo Almonte","code":"01401","gse":"C2","quintil":"Q4","nse_score":731.8,"educ":12.3,"educ_score":620.0,"hacin":0.867,"hacin_class":"Sin Hacinamiento","hacin_score":879.4,"auto_score":100.0,"n_per":13,"n_hog":5,"source_year":2024},"geometry":{"type":"Polygon","coordinates":[[[-69.5622082869999,-20.4305713573821],[-69.5623929599999,-20.4312086413821],[-69.5630832049999,-20.4310278733821],[-69.562930735,-20.4303928493821],[-69.5622082869999,-20.4305713573821]]]}},{"type":"Feature","properties":{"id":"1401033022022","commune":"Pozo Almonte","code":"01401","gse":"D","quintil":"Q1","nse_score":552.0,"educ":9.4,"educ_score":426.7,"hacin":1.533,"hacin_class":"Hacinamiento Medio","hacin_score":737.6,"auto_score":0.0,"n_per":23,"n_hog":10,"source_year":2024},"geometry":{"type":"Polygon","coordinates":[[[-69.5568260649999,-20.432084346382],[-69.5566577659999,-20.431447366382],[-69.5568792429999,-20.432062166382],[-69.5571063069999,-20.431967451382],[-69.5570394739999,-20.431758525382],[-69.5571590889999,-20.431945432382],[-69.558278862,-20.431516225382],[-69.5582028589999,-20.4305774273821],[-69.5565050069999,-20.4308780203821],[-69.5563587659999,-20.431345916382],[-69.5556769179999,-20.4314861973821],[-69.5555727159999,-20.431243953382],[-69.5551139269999,-20.431319530382],[-69.5553655749999,-20.432711344382],[-69.5568260649999,-20.432084346382]]]}},{"type":"Feature","properties":{"id":"1401033022023","commune":"Pozo Almonte","code":"01401","gse":"D","quintil":"Q1","nse_score":585.4,"educ":11.6,"educ_score":573.3,"hacin":1.25,"hacin_class":"Hacinamiento Leve","hacin_score":797.9,"auto_score":166.7,"n_per":10,"n_hog":6,"source_year":2024},"geometry":{"type":"Polygon","coordinates":[[[-69.5617217779999,-20.431382474382],[-69.5623378629999,-20.431223445382],[-69.5621528679999,-20.430585050382],[-69.5615263869999,-20.4307398433821],[-69.5617217779999,-20.431382474382]]]}},{"type":"Feature","properties":{"id":"1401033022024","commune":"Pozo Almonte","code":"01401","gse":"C3","quintil":"Q2","nse_score":671.9,"educ":12.2,"educ_score":613.3,"hacin":1.226,"hacin_class":"Hacinamiento Leve","hacin_score":803.0,"auto_score":107.1,"n_per":38,"n_hog":14,"source_year":2024},"geometry":{"type":"Polygon","coordinates":[[[-69.5571772409999,-20.431996913382],[-69.5573657649999,-20.432478832382],[-69.5589935199999,-20.431946014382],[-69.5599634369999,-20.431836836382],[-69.5616700189999,-20.431407522382],[-69.5614709559999,-20.430753538382],[-69.5583179469999,-20.4315611743821],[-69.5571772409999,-20.431996913382]]]}},{"type":"Feature","properties":{"id":"1401033022032","commune":"Pozo Almonte","code":"01401","gse":"D","quintil":"Q1","nse_score":559.4,"educ":10.2,"educ_score":480.0,"hacin":1.333,"hacin_class":"Hacinamiento Leve","hacin_score":780.1,"auto_score":0.0,"n_per":12,"n_hog":6,"source_year":2024},"geometry":{"type":"Polygon","coordinates":[[[-69.5621038889999,-20.432965581382],[-69.5628147479999,-20.433108813382],[-69.5626874299999,-20.432474165382],[-69.5620738079999,-20.432536843382],[-69.5621038889999,-20.432965581382]]]}},{"type":"Feature","properties":{"id":"1401033022033","commune":"Pozo Almonte","code":"01401","gse":"D","quintil":"Q1","nse_score":538.4,"educ":8.8,"educ_score":386.7,"hacin":1.6,"hacin_class":"Hacinamiento Medio","hacin_score":723.4,"auto_score":166.7,"n_per":16,"n_hog":6,"source_year":2024},"geometry":{"type":"Polygon","coordinates":[[[-69.5610895369999,-20.433644256382],[-69.5615415609999,-20.433789576382],[-69.5620174719999,-20.432745509382],[-69.5614243789999,-20.432797957382],[-69.5610895369999,-20.433644256382]]]}},{"type":"Feature","properties":{"id":"1401033022010","commune":"Pozo Almonte","code":"01401","gse":"D","quintil":"Q2","nse_score":629.3,"educ":10.7,"educ_score":513.3,"hacin":1.1,"hacin_class":"Hacinamiento Leve","hacin_score":829.8,"auto_score":125.0,"n_per":11,"n_hog":4,"source_year":2024},"geometry":{"type":"MultiPolygon","coordinates":[[[[-69.5656716359999,-20.4300149143821],[-69.5666957249999,-20.4299303603821],[-69.5664904389999,-20.4290589613821],[-69.565597109,-20.4294835443821],[-69.5656716359999,-20.4300149143821]]],[[[-69.5666478339999,-20.4293676563821],[-69.5669697379999,-20.4293112893821],[-69.5668797669999,-20.4289444773821],[-69.5665441239999,-20.4290396883821],[-69.5666478339999,-20.4293676563821]]],[[[-69.5637419999999,-20.4289612093821],[-69.5637427109999,-20.4291563333821],[-69.5629591319999,-20.4291552303821],[-69.5630110949999,-20.4303178243821],[-69.5650999169999,-20.4296379593821],[-69.566868886,-20.4288914383821],[-69.5667587649999,-20.4282260563821],[-69.5652557649999,-20.4282182163821],[-69.5652536819999,-20.4288799553821],[-69.5637419999999,-20.4289612093821]]]]}},{"type":"Feature","properties":{"id":"1401033022026","commune":"Pozo Almonte","code":"01401","gse":"D","quintil":"Q1","nse_score":583.1,"educ":11.2,"educ_score":546.7,"hacin":1.529,"hacin_class":"Hacinamiento Medio","hacin_score":738.4,"auto_score":71.4,"n_per":26,"n_hog":7,"source_year":2024},"geometry":{"type":"MultiPolygon","coordinates":[[[[-69.5628745589999,-20.433109260382],[-69.5633143599999,-20.433062581382],[-69.5632838259999,-20.432409650382],[-69.5627448659999,-20.432468223382],[-69.5628745589999,-20.433109260382]]],[[[-69.5626675899999,-20.432170600382],[-69.5627311389999,-20.432415355382],[-69.5632783739999,-20.432355883382],[-69.5632542389999,-20.432112283382],[-69.5626675899999,-20.432170600382]]],[[[-69.5620595779999,-20.432467913382],[-69.5626736909999,-20.432421250382],[-69.5625757559999,-20.432049002382],[-69.5619460689999,-20.432048995382],[-69.5620595779999,-20.432467913382]]],[[[-69.5626442919999,-20.432080871382],[-69.5632490419999,-20.432058498382],[-69.5630958659999,-20.431080604382],[-69.5624080159999,-20.4312607463821],[-69.5626442919999,-20.432080871382]]]]}},{"type":"Feature","properties":{"id":"1401033022019","commune":"Pozo Almonte","code":"01401","gse":"D","quintil":"Q1","nse_score":605.6,"educ":7.4,"educ_score":293.3,"hacin":0.875,"hacin_class":"Sin Hacinamiento","hacin_score":877.7,"auto_score":0.0,"n_per":7,"n_hog":4,"source_year":2024},"geometry":{"type":"MultiPolygon","coordinates":[[[[-69.5601539339999,-20.4301552923821],[-69.5604039129999,-20.4309663233821],[-69.5614127649999,-20.430712090382],[-69.5612945189999,-20.4302362413821],[-69.5608548399999,-20.4303344833821],[-69.5607610729999,-20.4300048613821],[-69.5601539339999,-20.4301552923821]]],[[[-69.5608045899999,-20.4299957063821],[-69.5608845099999,-20.4302841623821],[-69.5612875819999,-20.4301955863821],[-69.5612147529999,-20.4298951033821],[-69.5608045899999,-20.4299957063821]]]]}},{"type":"Feature","properties":{"id":"1401033022002","commune":"Pozo Almonte","code":"01401","gse":"D","quintil":"Q1","nse_score":535.4,"educ":6.6,"educ_score":240.0,"hacin":1.25,"hacin_class":"Hacinamiento Leve","hacin_score":797.9,"auto_score":0.0,"n_per":10,"n_hog":4,"source_year":2024},"geometry":{"type":"MultiPolygon","coordinates":[[[[-69.5586473049999,-20.4291580853821],[-69.5591003719999,-20.4291647543821],[-69.5591930019999,-20.4282251083821],[-69.5587691019999,-20.4281835433821],[-69.5586473049999,-20.4291580853821]]],[[[-69.5577170039999,-20.4290493283821],[-69.5581006419999,-20.4291448783821],[-69.5582250779999,-20.4281301993821],[-69.5577719819999,-20.4280857723821],[-69.5577170039999,-20.4290493283821]]],[[[-69.5582782559999,-20.4280899913821],[-69.5587270359999,-20.4281339953821],[-69.5588418469999,-20.4272153553821],[-69.5583911269999,-20.4271696113822],[-69.5582782559999,-20.4280899913821]]]]}},{"type":"Feature","properties":{"id":"1401033022028","commune":"Pozo Almonte","code":"01401","gse":"D","quintil":"Q1","nse_score":589.7,"educ":10.1,"educ_score":473.3,"hacin":1.861,"hacin_class":"Hacinamiento Medio","hacin_score":668.0,"auto_score":173.9,"n_per":80,"n_hog":26,"source_year":2024},"geometry":{"type":"MultiPolygon","coordinates":[[[[-69.5579924589999,-20.4365186043819],[-69.5595865569999,-20.4368061763819],[-69.5596671869999,-20.4360020673819],[-69.5580901789999,-20.4356905223819],[-69.5579924589999,-20.4365186043819]]],[[[-69.5594017409999,-20.432003460382],[-69.5590054299999,-20.431998991382],[-69.5573856189999,-20.432529583382],[-69.5579080429999,-20.433849002382],[-69.5594555729999,-20.4343872893819],[-69.5594220059999,-20.434871486382],[-69.5594177429999,-20.434418336382],[-69.5585108149999,-20.434112340382],[-69.5584307409999,-20.434574487382],[-69.5584638829999,-20.434096710382],[-69.5580434999999,-20.433956705382],[-69.5580204449999,-20.434293046382],[-69.5578528789999,-20.4347186503819],[-69.5579965379999,-20.433941065382],[-69.5577939609999,-20.433754868382],[-69.5573330149999,-20.432551197382],[-69.5563786399999,-20.432943195382],[-69.5573131609999,-20.432500446382],[-69.5571247489999,-20.432018811382],[-69.5558666979999,-20.432547690382],[-69.5557876099999,-20.434368149382],[-69.5560157999999,-20.4343382413819],[-69.5558413369999,-20.4356614883819],[-69.5564488999999,-20.4357332983819],[-69.5565667919999,-20.4353341923819],[-69.560687534,-20.4361482483819],[-69.560988602,-20.4350734263819],[-69.5599306509999,-20.434718772382],[-69.5598019049999,-20.435073127382],[-69.5598616899999,-20.4347026643819],[-69.5601925559999,-20.4347409563819],[-69.5609931209999,-20.435027777382],[-69.5615186429999,-20.4338392643819],[-69.5610240419999,-20.433664648382],[-69.5613609359999,-20.432803770382],[-69.5602102069999,-20.432910641382],[-69.5600339229999,-20.433491802382],[-69.5600425219999,-20.432991266382],[-69.5601936969999,-20.432857936382],[-69.5620295019999,-20.432690206382],[-69.5619246269999,-20.432170014382],[-69.5616868879999,-20.431459137382],[-69.5594017409999,-20.432003460382]]]]}},{"type":"Feature","properties":{"id":"1401033022005","commune":"Pozo Almonte","code":"01401","gse":"D","quintil":"Q1","nse_score":524.7,"educ":8.6,"educ_score":373.3,"hacin":1.133,"hacin_class":"Hacinamiento Leve","hacin_score":822.7,"auto_score":71.4,"n_per":17,"n_hog":7,"source_year":2024},"geometry":{"type":"MultiPolygon","coordinates":[[[[-69.5598648039999,-20.4291987393821],[-69.5591439899999,-20.4292105793821],[-69.5591309289999,-20.4293418183821],[-69.559095925,-20.4292098713821],[-69.558641668,-20.4292031853821],[-69.5586234059999,-20.4293374233821],[-69.5585934969999,-20.4292024753821],[-69.5577443309999,-20.4291691383821],[-69.5579473889999,-20.4296515963821],[-69.5595965509999,-20.4297245233821],[-69.5599542409999,-20.4301220563821],[-69.561203153,-20.4298421483821],[-69.5610995059999,-20.4287818883821],[-69.5606999039999,-20.4288656203821],[-69.5607369189999,-20.4291136613821],[-69.5601381859999,-20.4292091793821],[-69.5601540179999,-20.4288968583821],[-69.5605435479999,-20.4284163903821],[-69.5604738939999,-20.4283507053821],[-69.5602211709999,-20.4283259243821],[-69.5601221969999,-20.4289094773821],[-69.5599757019999,-20.4291509833821],[-69.5598648039999,-20.4291987393821]]],[[[-69.5596306099999,-20.4291725593821],[-69.5600038979999,-20.4290487763821],[-69.5601734999999,-20.4283212503821],[-69.5597385899999,-20.4282786053821],[-69.5596306099999,-20.4291725593821]]],[[[-69.5597440129999,-20.4282337143821],[-69.5601784049999,-20.4282763083821],[-69.560278277,-20.4273611393822],[-69.559854604,-20.4273181403822],[-69.5597440129999,-20.4282337143821]]]]}}]}