{"type":"FeatureCollection","features":[{"type":"Feature","properties":{"id":"10208011001001","commune":"Quellón","code":"10208","gse":"C3","quintil":"Q2","nse_score":679.4,"educ":12.1,"educ_score":606.7,"hacin":1.415,"hacin_class":"Hacinamiento Leve","hacin_score":762.7,"auto_score":238.1,"n_per":167,"n_hog":60,"source_year":2024},"geometry":{"type":"Polygon","coordinates":[[[-73.6434170069999,-43.1120089810586],[-73.6423637529999,-43.1131686820586],[-73.6402782879999,-43.1166325610587],[-73.6381426309999,-43.1156332190586],[-73.6364106179999,-43.1179814480586],[-73.6366914039999,-43.1181111780586],[-73.6372279319999,-43.1176803330586],[-73.6372022339999,-43.1178002580586],[-73.6373350079999,-43.1178716410586],[-73.6371512419999,-43.1178525260586],[-73.6381228299999,-43.1182455450586],[-73.6384302669999,-43.1179178280586],[-73.638024991,-43.1177041570586],[-73.6384981609999,-43.1179051000586],[-73.6381933069999,-43.1182740190587],[-73.6371121399999,-43.1178777820586],[-73.6367260679999,-43.1181271510586],[-73.6390329649999,-43.1193190810586],[-73.6397779089999,-43.1185241780586],[-73.6406086619999,-43.1179719720586],[-73.6404814049999,-43.1178682600587],[-73.6404681879999,-43.1177657190586],[-73.6409898989999,-43.1172196570587],[-73.6411158279999,-43.1171336270586],[-73.6410063689999,-43.1172585730586],[-73.6412427409999,-43.1174030250586],[-73.6410088559999,-43.1173294700587],[-73.6405228849999,-43.1177325110586],[-73.6405863839999,-43.1179235360586],[-73.6416675309999,-43.1172259940587],[-73.6437236729999,-43.1147643360586],[-73.6420303189999,-43.1142890670586],[-73.6430533619999,-43.1144926340586],[-73.6429870759999,-43.1143107850586],[-73.6431517769999,-43.1142934480587],[-73.6430519479999,-43.1143917160586],[-73.6431423879999,-43.1144941650586],[-73.6437616159999,-43.1146859220586],[-73.6443704939999,-43.1138786470586],[-73.643058676,-43.1132893000587],[-73.6441076779999,-43.1136567460586],[-73.6446811789999,-43.1130054080586],[-73.6441742049999,-43.1136800510587],[-73.6444337979999,-43.1138510430586],[-73.6454744069999,-43.1125003300586],[-73.6445324399999,-43.1121556220586],[-73.6443856049999,-43.1123254230587],[-73.6434170069999,-43.1120089810586]]]}},{"type":"Feature","properties":{"id":"10208011001002","commune":"Quellón","code":"10208","gse":"C3","quintil":"Q2","nse_score":680.4,"educ":11.2,"educ_score":546.7,"hacin":1.405,"hacin_class":"Hacinamiento Leve","hacin_score":764.9,"auto_score":185.5,"n_per":163,"n_hog":62,"source_year":2024},"geometry":{"type":"Polygon","coordinates":[[[-73.638746179,-43.1147539050586],[-73.6388052309999,-43.1145070060586],[-73.6385022699999,-43.1145284860586],[-73.6378549949999,-43.1143592080586],[-73.6376941709999,-43.1141124220586],[-73.6379723569999,-43.1143670940586],[-73.6388135329999,-43.1144706560586],[-73.6389356099999,-43.1145374120586],[-73.6394016969999,-43.1139795820586],[-73.6363651419999,-43.1133319070586],[-73.6359125659999,-43.1146150420586],[-73.6347948259999,-43.1141046930586],[-73.6330293679999,-43.1137642810586],[-73.6329282219999,-43.1140988930586],[-73.633131439,-43.1144357130586],[-73.6331623789999,-43.1149382940587],[-73.6328140189999,-43.1158156140586],[-73.6324139439999,-43.1162144430586],[-73.6323643209999,-43.1164275820586],[-73.6331675239999,-43.1165005510586],[-73.6347600519999,-43.1172311420586],[-73.6350141149999,-43.1172189340586],[-73.6349613709999,-43.1168932340586],[-73.6346523299999,-43.1166456980586],[-73.634722672,-43.1166054760586],[-73.6350389569999,-43.1168755200586],[-73.6350900799999,-43.1173681480586],[-73.6355662659999,-43.1175949840586],[-73.6358532039999,-43.1172681250586],[-73.6356308919999,-43.1171369110586],[-73.6358637309999,-43.1172469600586],[-73.6360445649999,-43.1168214200586],[-73.6353423559999,-43.1165187880586],[-73.6360719319999,-43.1167711250586],[-73.6362737319999,-43.1164574770586],[-73.6356520769999,-43.1161719370586],[-73.6365226459999,-43.1165377820587],[-73.6363053749999,-43.1164778630586],[-73.6362339839999,-43.1165880030586],[-73.6367917869999,-43.1168147560586],[-73.6365836619999,-43.1171611100586],[-73.636903334,-43.1172492130586],[-73.6382203519999,-43.1154577610587],[-73.6364411269999,-43.1147424660586],[-73.6382397859999,-43.1154246430586],[-73.638514546,-43.1150293640586],[-73.6366501919999,-43.1145255410586],[-73.6365841569999,-43.1143091130586],[-73.6367255489999,-43.1140431020586],[-73.6366819679999,-43.1144958030586],[-73.6385389979999,-43.1149976480586],[-73.638719277,-43.1147846510586],[-73.6381643049999,-43.1145801750586],[-73.638746179,-43.1147539050586]]]}},{"type":"Feature","properties":{"id":"10208011001003","commune":"Quellón","code":"10208","gse":"E","quintil":"Q1","nse_score":540.2,"educ":8.4,"educ_score":360.0,"hacin":1.413,"hacin_class":"Hacinamiento Leve","hacin_score":763.2,"auto_score":57.4,"n_per":130,"n_hog":56,"source_year":2024},"geometry":{"type":"Polygon","coordinates":[[[-73.6417723929999,-43.1184004910586],[-73.6424532139999,-43.1186576860586],[-73.6431165429999,-43.1179609800586],[-73.6439401549999,-43.1174456700586],[-73.6449501529999,-43.1171864160586],[-73.6430321589999,-43.1156781320586],[-73.6419811279999,-43.1169626310586],[-73.6414649579999,-43.1173718230586],[-73.6419240909999,-43.1175186960586],[-73.6413199499999,-43.1174467150586],[-73.6398084539999,-43.1185436300586],[-73.6390654929999,-43.1193433300586],[-73.6397137499999,-43.1198609770586],[-73.6414159849999,-43.1197448720586],[-73.6418527939999,-43.1193642060586],[-73.6413675189999,-43.1191687140586],[-73.6409665869999,-43.1192141700586],[-73.6408122659999,-43.1191859820586],[-73.6404107799999,-43.1188594720586],[-73.6409818389999,-43.1191831340586],[-73.6409666199999,-43.1187468780587],[-73.6410837059999,-43.1191514750587],[-73.6414059589999,-43.1191425170586],[-73.6419116979999,-43.1193353700586],[-73.6424306189999,-43.1186898740586],[-73.6414083669999,-43.1183063620586],[-73.641675431,-43.1183685610586],[-73.6419620469999,-43.1178323360586],[-73.6417723929999,-43.1184004910586]]]}},{"type":"Feature","properties":{"id":"10208011001005","commune":"Quellón","code":"10208","gse":"E","quintil":"Q1","nse_score":589.1,"educ":9.8,"educ_score":453.3,"hacin":1.339,"hacin_class":"Hacinamiento Leve","hacin_score":778.9,"auto_score":58.0,"n_per":221,"n_hog":89,"source_year":2024},"geometry":{"type":"Polygon","coordinates":[[[-73.625489522,-43.1172142160586],[-73.625558097,-43.1178517650587],[-73.6254431099999,-43.1181397950586],[-73.6260483069999,-43.1178624250586],[-73.6267488309999,-43.1183733000586],[-73.6271264709999,-43.1181083690586],[-73.6268071189999,-43.1178013130586],[-73.6271427189999,-43.1180960210586],[-73.6274380689999,-43.1178719930586],[-73.627134183,-43.1176093710586],[-73.6274706289999,-43.1178615780586],[-73.6276077369999,-43.1178042420586],[-73.6275212879999,-43.1176684040586],[-73.6276531809999,-43.1178058680586],[-73.6282662409999,-43.1176546470586],[-73.6281431629999,-43.1173041480587],[-73.6283186699999,-43.1176351950586],[-73.6288310599999,-43.1175663280586],[-73.6288367749999,-43.1172498800586],[-73.6288681819999,-43.1175773080587],[-73.6296556609999,-43.1176187100586],[-73.6293855179999,-43.1164877770586],[-73.6285051749999,-43.1165597670586],[-73.625489522,-43.1172142160586]]]}},{"type":"Feature","properties":{"id":"10208011001006","commune":"Quellón","code":"10208","gse":"E","quintil":"Q1","nse_score":610.8,"educ":9.3,"educ_score":420.0,"hacin":1.386,"hacin_class":"Hacinamiento Leve","hacin_score":768.9,"auto_score":90.9,"n_per":79,"n_hog":31,"source_year":2024},"geometry":{"type":"Polygon","coordinates":[[[-73.6302381449999,-43.1176715510586],[-73.6302901569999,-43.1164897310586],[-73.629413827,-43.1164878010586],[-73.6297003979999,-43.1176520230586],[-73.6302381449999,-43.1176715510586]]]}},{"type":"Feature","properties":{"id":"10208011001007","commune":"Quellón","code":"10208","gse":"E","quintil":"Q1","nse_score":587.9,"educ":8.5,"educ_score":366.7,"hacin":1.183,"hacin_class":"Hacinamiento Leve","hacin_score":812.1,"auto_score":0.0,"n_per":97,"n_hog":40,"source_year":2024},"geometry":{"type":"Polygon","coordinates":[[[-73.6308594049999,-43.1174856910586],[-73.6311975109999,-43.1175073410586],[-73.6311658649999,-43.1172457870586],[-73.6307117549999,-43.1172239720586],[-73.6311620589999,-43.1172098560586],[-73.6311339609999,-43.1169164750586],[-73.6306201219999,-43.1169417620586],[-73.630613906,-43.1167209020586],[-73.6306704639999,-43.1168885820586],[-73.6311295149999,-43.1168806040587],[-73.6310701309999,-43.1165002070586],[-73.6303210069999,-43.1164898300586],[-73.6302950479999,-43.1176574910586],[-73.6312032809999,-43.1176763170586],[-73.6312004689999,-43.1175436830586],[-73.6308594049999,-43.1174856910586]]]}},{"type":"Feature","properties":{"id":"10208011001008","commune":"Quellón","code":"10208","gse":"E","quintil":"Q1","nse_score":573.8,"educ":7.8,"educ_score":320.0,"hacin":1.429,"hacin_class":"Hacinamiento Leve","hacin_score":759.9,"auto_score":71.4,"n_per":80,"n_hog":28,"source_year":2024},"geometry":{"type":"Polygon","coordinates":[[[-73.6311193219999,-43.1165000660586],[-73.6312698009999,-43.1176533400586],[-73.6317089189999,-43.1176179820586],[-73.6320821369999,-43.1170481230586],[-73.6320794329999,-43.1165902000587],[-73.6311193219999,-43.1165000660586]]]}},{"type":"Feature","properties":{"id":"10208011001011","commune":"Quellón","code":"10208","gse":"E","quintil":"Q1","nse_score":613.6,"educ":10.8,"educ_score":520.0,"hacin":1.406,"hacin_class":"Hacinamiento Leve","hacin_score":764.6,"auto_score":166.7,"n_per":45,"n_hog":18,"source_year":2024},"geometry":{"type":"Polygon","coordinates":[[[-73.6349841639999,-43.1174050640587],[-73.6335053839999,-43.1167447840586],[-73.6331589349999,-43.1169903450586],[-73.6334541339999,-43.1166907860586],[-73.6329062299999,-43.1165103960587],[-73.6325135729999,-43.1166234850586],[-73.6324470729999,-43.1167725290586],[-73.6326122359999,-43.1173537780586],[-73.632878021,-43.1176116980586],[-73.6337769909999,-43.1177526170586],[-73.6339122539999,-43.1176370610586],[-73.6338230439999,-43.1180692610586],[-73.6347761749999,-43.1183895010587],[-73.6358947619999,-43.1187021790587],[-73.6362637409999,-43.1181192710586],[-73.6364632469999,-43.1180802270586],[-73.6350204599999,-43.1174212290586],[-73.634930703,-43.1179796490586],[-73.6354233859999,-43.1182220810586],[-73.6349550259999,-43.1180466640587],[-73.6348852899999,-43.1179765860586],[-73.6348850789999,-43.1177815410586],[-73.6349841639999,-43.1174050640587]]]}},{"type":"Feature","properties":{"id":"10208011001012","commune":"Quellón","code":"10208","gse":"D","quintil":"Q1","nse_score":631.1,"educ":10.4,"educ_score":493.3,"hacin":1.533,"hacin_class":"Hacinamiento Medio","hacin_score":737.6,"auto_score":125.0,"n_per":23,"n_hog":8,"source_year":2024},"geometry":{"type":"Polygon","coordinates":[[[-73.6362125399999,-43.1166204950586],[-73.6360052329999,-43.1169967640586],[-73.6365490789999,-43.1171516640586],[-73.6367351179999,-43.1168373770587],[-73.6362125399999,-43.1166204950586]]]}},{"type":"Feature","properties":{"id":"10208011001013","commune":"Quellón","code":"10208","gse":"C3","quintil":"Q3","nse_score":711.7,"educ":12.7,"educ_score":646.7,"hacin":1.312,"hacin_class":"Hacinamiento Leve","hacin_score":784.6,"auto_score":58.8,"n_per":84,"n_hog":32,"source_year":2024},"geometry":{"type":"Polygon","coordinates":[[[-73.6474786329999,-43.1178343570586],[-73.6466138899999,-43.1169652570586],[-73.6443972409999,-43.1173566220586],[-73.6451100999999,-43.1178682120586],[-73.6461541899999,-43.1178952040586],[-73.6469619129999,-43.1176611530586],[-73.6461623439999,-43.1179308580586],[-73.6451581289999,-43.1179026800586],[-73.6467122699999,-43.1188694170586],[-73.6473141989999,-43.1186291490586],[-73.6468120569999,-43.1180839100586],[-73.6473546749999,-43.1186086560586],[-73.6485154069999,-43.1182134250586],[-73.6469809129999,-43.1168851010586],[-73.6466633079999,-43.1169544650586],[-73.6474786329999,-43.1178343570586]]]}},{"type":"Feature","properties":{"id":"10208011001014","commune":"Quellón","code":"10208","gse":"D","quintil":"Q2","nse_score":656.4,"educ":11.2,"educ_score":546.7,"hacin":1.276,"hacin_class":"Hacinamiento Leve","hacin_score":792.4,"auto_score":0.0,"n_per":37,"n_hog":14,"source_year":2024},"geometry":{"type":"Polygon","coordinates":[[[-73.6356163969999,-43.1176180040586],[-73.6363725529999,-43.1179633360586],[-73.6368857119999,-43.1172729800586],[-73.6359956809999,-43.1170237030586],[-73.6356163969999,-43.1176180040586]]]}},{"type":"Feature","properties":{"id":"10208011001015","commune":"Quellón","code":"10208","gse":"D","quintil":"Q2","nse_score":659.2,"educ":10.4,"educ_score":493.3,"hacin":1.316,"hacin_class":"Hacinamiento Leve","hacin_score":783.9,"auto_score":66.7,"n_per":75,"n_hog":29,"source_year":2024},"geometry":{"type":"Polygon","coordinates":[[[-73.6236464509999,-43.1178023990586],[-73.6254514939999,-43.1177433280587],[-73.6254044809999,-43.1172133750586],[-73.6236221279999,-43.1172753300586],[-73.6236464509999,-43.1178023990586]]]}},{"type":"Feature","properties":{"id":"10208011001017","commune":"Quellón","code":"10208","gse":"C2","quintil":"Q4","nse_score":729.5,"educ":12.2,"educ_score":613.3,"hacin":1.391,"hacin_class":"Hacinamiento Leve","hacin_score":767.8,"auto_score":115.4,"n_per":32,"n_hog":13,"source_year":2024},"geometry":{"type":"Polygon","coordinates":[[[-73.6221390309999,-43.1173394200586],[-73.6221964959999,-43.1178624770587],[-73.6235494679999,-43.1177914170586],[-73.6234830859999,-43.1172872540586],[-73.6221390309999,-43.1173394200586]]]}},{"type":"Feature","properties":{"id":"10208011001018","commune":"Quellón","code":"10208","gse":"C2","quintil":"Q4","nse_score":742.9,"educ":12.2,"educ_score":613.3,"hacin":1.121,"hacin_class":"Hacinamiento Leve","hacin_score":825.3,"auto_score":218.8,"n_per":37,"n_hog":17,"source_year":2024},"geometry":{"type":"Polygon","coordinates":[[[-73.6208663909999,-43.1182670620586],[-73.6210827039999,-43.1190728010586],[-73.6221244549999,-43.1188981440586],[-73.6220034669999,-43.1173496740587],[-73.621185867,-43.1173855680586],[-73.6208663909999,-43.1182670620586]]]}},{"type":"Feature","properties":{"id":"10208011001019","commune":"Quellón","code":"10208","gse":"E","quintil":"Q1","nse_score":593.2,"educ":9.8,"educ_score":453.3,"hacin":1.4,"hacin_class":"Hacinamiento Leve","hacin_score":766.0,"auto_score":104.5,"n_per":168,"n_hog":60,"source_year":2024},"geometry":{"type":"Polygon","coordinates":[[[-73.6464313719999,-43.1193450110586],[-73.6466498589999,-43.1188933540586],[-73.6443383479999,-43.1173647720586],[-73.6429049519999,-43.1181991430586],[-73.6416422339999,-43.1197083880586],[-73.6411887479999,-43.1198537420586],[-73.6400696959999,-43.1199294120586],[-73.6399657729999,-43.1200760350586],[-73.6405859749999,-43.1205997670586],[-73.6414996009999,-43.1202989830586],[-73.6420151319999,-43.1199352690586],[-73.6423669459999,-43.1198080090586],[-73.6415249989999,-43.1203298490586],[-73.6406201639999,-43.1206284890586],[-73.641017959,-43.1209610060586],[-73.6424518099999,-43.1203939280586],[-73.6431230839999,-43.1204317240586],[-73.6436119959999,-43.1203186870586],[-73.6442850459999,-43.1199211690586],[-73.6450691939999,-43.1199423270586],[-73.6457688749999,-43.1194884590587],[-73.6464313719999,-43.1193450110586]]]}},{"type":"Feature","properties":{"id":"10208011001020","commune":"Quellón","code":"10208","gse":"C3","quintil":"Q2","nse_score":684.3,"educ":11.4,"educ_score":560.0,"hacin":0.854,"hacin_class":"Sin Hacinamiento","hacin_score":882.1,"auto_score":87.0,"n_per":41,"n_hog":20,"source_year":2024},"geometry":{"type":"Polygon","coordinates":[[[-73.6210405059999,-43.1174051570586],[-73.6207773339999,-43.1177718980586],[-73.6208215019999,-43.1174035070586],[-73.6196679529999,-43.1174836050587],[-73.619744894,-43.1191242040586],[-73.6209279119999,-43.1190797600586],[-73.6207339579999,-43.1183184130586],[-73.6210405059999,-43.1174051570586]]]}},{"type":"Feature","properties":{"id":"10208011001022","commune":"Quellón","code":"10208","gse":"E","quintil":"Q1","nse_score":582.4,"educ":8.7,"educ_score":380.0,"hacin":1.042,"hacin_class":"Hacinamiento Leve","hacin_score":842.2,"auto_score":27.8,"n_per":25,"n_hog":15,"source_year":2024},"geometry":{"type":"Polygon","coordinates":[[[-73.6236277189999,-43.1179251790586],[-73.623761768,-43.1188434730586],[-73.6245905169999,-43.1187387190587],[-73.6252525059999,-43.1182750070586],[-73.6244967359999,-43.1181478750586],[-73.6252939799999,-43.1182288610586],[-73.6254891129999,-43.1178581280586],[-73.6236277189999,-43.1179251790586]]]}},{"type":"Feature","properties":{"id":"10208011001023","commune":"Quellón","code":"10208","gse":"C3","quintil":"Q3","nse_score":711.9,"educ":11.8,"educ_score":586.7,"hacin":1.018,"hacin_class":"Hacinamiento Leve","hacin_score":847.3,"auto_score":153.8,"n_per":57,"n_hog":25,"source_year":2024},"geometry":{"type":"Polygon","coordinates":[[[-73.6222806029999,-43.1189074080586],[-73.6235901759999,-43.1188377160586],[-73.623521621,-43.1178876130586],[-73.6221765369999,-43.1179412080586],[-73.6222806029999,-43.1189074080586]]]}},{"type":"Feature","properties":{"id":"10208011001024","commune":"Quellón","code":"10208","gse":"E","quintil":"Q1","nse_score":586.1,"educ":9.6,"educ_score":440.0,"hacin":1.239,"hacin_class":"Hacinamiento Leve","hacin_score":800.2,"auto_score":16.7,"n_per":57,"n_hog":27,"source_year":2024},"geometry":{"type":"Polygon","coordinates":[[[-73.6259160529999,-43.1184898520586],[-73.6255303249999,-43.1181918100586],[-73.6251849929999,-43.1184190820586],[-73.6253254499999,-43.1185471960586],[-73.6251224299999,-43.1184518280586],[-73.6248818709999,-43.1186111120586],[-73.6251025139999,-43.1188801230586],[-73.6248455779999,-43.1186454340586],[-73.6243621199999,-43.1188597870586],[-73.6222539809999,-43.1189708410586],[-73.6220224209999,-43.1197145440586],[-73.6226263749999,-43.1204144600586],[-73.6236516349999,-43.1201208180586],[-73.6239513709999,-43.1201626040586],[-73.6258301199999,-43.1190983160586],[-73.6260015689999,-43.1189567490586],[-73.6258639679999,-43.1188052580587],[-73.6260524969999,-43.1189275550586],[-73.6267168569999,-43.1184124470586],[-73.6259969829999,-43.1179038610586],[-73.6255839139999,-43.1181645390587],[-73.6259160529999,-43.1184898520586]]]}},{"type":"Feature","properties":{"id":"10208011001027","commune":"Quellón","code":"10208","gse":"E","quintil":"Q1","nse_score":391.7,"educ":5.8,"educ_score":186.7,"hacin":1.6,"hacin_class":"Hacinamiento Medio","hacin_score":723.4,"auto_score":0.0,"n_per":8,"n_hog":4,"source_year":2024},"geometry":{"type":"Polygon","coordinates":[[[-73.6365852829999,-43.1191772870586],[-73.6373837219999,-43.1185051060586],[-73.6365040749999,-43.1180991820586],[-73.6362986919999,-43.1181229290586],[-73.6359328019999,-43.1187129700586],[-73.6364942259999,-43.1189656720586],[-73.6365852829999,-43.1191772870586]]]}},{"type":"Feature","properties":{"id":"10208011001028","commune":"Quellón","code":"10208","gse":"C2","quintil":"Q4","nse_score":748.8,"educ":14.2,"educ_score":746.7,"hacin":1.375,"hacin_class":"Hacinamiento Leve","hacin_score":771.3,"auto_score":62.5,"n_per":44,"n_hog":14,"source_year":2024},"geometry":{"type":"Polygon","coordinates":[[[-73.6467078759999,-43.1189291090587],[-73.6463200929999,-43.1197168530586],[-73.6477525219999,-43.1199079170586],[-73.6505013519999,-43.1190145490586],[-73.6503577199999,-43.1187438760586],[-73.6483903889999,-43.1194090550586],[-73.6479320649999,-43.1184625560586],[-73.6473772649999,-43.1186406560586],[-73.6477198729999,-43.1193379120586],[-73.6473362859999,-43.1186646380586],[-73.6467654189999,-43.1188906820586],[-73.6468864509999,-43.1189473920586],[-73.6471989189999,-43.1196147590586],[-73.6467078759999,-43.1189291090587]]]}},{"type":"Feature","properties":{"id":"10208011001029","commune":"Quellón","code":"10208","gse":"D","quintil":"Q1","nse_score":627.0,"educ":9.7,"educ_score":446.7,"hacin":1.423,"hacin_class":"Hacinamiento Leve","hacin_score":761.0,"auto_score":0.0,"n_per":37,"n_hog":15,"source_year":2024},"geometry":{"type":"Polygon","coordinates":[[[-73.6366269989999,-43.1192155730586],[-73.6368899209999,-43.1198012530586],[-73.6372938729999,-43.1200216390586],[-73.6381342979999,-43.1199720380586],[-73.6387523169999,-43.1203111510586],[-73.6390373009999,-43.1200023810586],[-73.6390412409999,-43.1194151390586],[-73.6386239279999,-43.1191272910586],[-73.6383883389999,-43.1194982780586],[-73.6388284529999,-43.1196278270586],[-73.6387122689999,-43.1199049430586],[-73.6387882189999,-43.1196500060586],[-73.6384103179999,-43.1195376480586],[-73.6380758779999,-43.1197789290586],[-73.6385853609999,-43.1191045240586],[-73.6374257619999,-43.1185244660586],[-73.6366269989999,-43.1192155730586]]]}},{"type":"Feature","properties":{"id":"10208011001030","commune":"Quellón","code":"10208","gse":"C1","quintil":"Q5","nse_score":779.3,"educ":11.4,"educ_score":560.0,"hacin":1.0,"hacin_class":"Hacinamiento Leve","hacin_score":851.1,"auto_score":125.0,"n_per":14,"n_hog":8,"source_year":2024},"geometry":{"type":"Polygon","coordinates":[[[-73.6216084459999,-43.1207862520586],[-73.6225137889999,-43.1204686640586],[-73.6219398409999,-43.1198010750586],[-73.6221245399999,-43.1189819790586],[-73.6211006019999,-43.1191625230586],[-73.6216084459999,-43.1207862520586]]]}},{"type":"Feature","properties":{"id":"10208011001031","commune":"Quellón","code":"10208","gse":"C3","quintil":"Q3","nse_score":700.4,"educ":13.1,"educ_score":673.3,"hacin":0.857,"hacin_class":"Sin Hacinamiento","hacin_score":881.5,"auto_score":55.6,"n_per":12,"n_hog":6,"source_year":2024},"geometry":{"type":"Polygon","coordinates":[[[-73.6197673749999,-43.1196716020586],[-73.6206250069999,-43.1196826660586],[-73.6211791599999,-43.1198517010586],[-73.6209489689999,-43.1191656480586],[-73.6197534789999,-43.1192125540586],[-73.6197673749999,-43.1196716020586]]]}},{"type":"Feature","properties":{"id":"10208011001032","commune":"Quellón","code":"10208","gse":"C2","quintil":"Q3","nse_score":722.0,"educ":12.7,"educ_score":646.7,"hacin":1.173,"hacin_class":"Hacinamiento Leve","hacin_score":814.2,"auto_score":182.5,"n_per":149,"n_hog":59,"source_year":2024},"geometry":{"type":"Polygon","coordinates":[[[-73.6450213909999,-43.1199836270586],[-73.6442989779999,-43.1199562280586],[-73.643632152,-43.1203520780586],[-73.643129987,-43.1204675360586],[-73.6424679839999,-43.1204279530586],[-73.6410653909999,-43.1210006500586],[-73.6421564409999,-43.1219862050586],[-73.6428397459999,-43.1229949280586],[-73.6435251799999,-43.1230276050586],[-73.6428638119999,-43.1230461170586],[-73.6429605529999,-43.1233068260586],[-73.6435282619999,-43.1234173840586],[-73.6441402589999,-43.1232928090586],[-73.6453468859999,-43.1234219460586],[-73.6454708439999,-43.1225528010586],[-73.6454290839999,-43.1234072360586],[-73.6466477929999,-43.1230755000586],[-73.6470337819999,-43.1233842340586],[-73.6474823519999,-43.1233363700586],[-73.6470631329999,-43.1234086060586],[-73.6472634429999,-43.1235890930586],[-73.6481177539999,-43.1237269870586],[-73.6485914429999,-43.1235357260586],[-73.6491520829999,-43.1236200510586],[-73.6494012439999,-43.1225283780586],[-73.6493957019999,-43.1219883170586],[-73.6487473609999,-43.1219256430586],[-73.6478850789999,-43.1222802680586],[-73.6458422939999,-43.1224887090586],[-73.6442069859999,-43.1224783480586],[-73.6431780229999,-43.1206364830586],[-73.6437431319999,-43.1205174010586],[-73.6441713559999,-43.1202723140586],[-73.6449042659999,-43.1202214340586],[-73.6458165479999,-43.1197795600586],[-73.6463200929999,-43.1197168530586],[-73.6464414559999,-43.1193848940586],[-73.6457944139999,-43.1195193020586],[-73.6450213909999,-43.1199836270586]]]}},{"type":"Feature","properties":{"id":"10208011001033","commune":"Quellón","code":"10208","gse":"E","quintil":"Q1","nse_score":559.3,"educ":8.9,"educ_score":393.3,"hacin":1.64,"hacin_class":"Hacinamiento Medio","hacin_score":714.9,"auto_score":31.2,"n_per":41,"n_hog":14,"source_year":2024},"geometry":{"type":"Polygon","coordinates":[[[-73.6387963559999,-43.1203271160586],[-73.6391846469999,-43.1206335940586],[-73.6397832749999,-43.1207342720586],[-73.6403908519999,-43.1210192900586],[-73.6406667949999,-43.1215830150586],[-73.6411964889999,-43.1212079580586],[-73.6390863339999,-43.1194487420586],[-73.6390863949999,-43.1200089020586],[-73.6387963559999,-43.1203271160586]]]}},{"type":"Feature","properties":{"id":"10208011001034","commune":"Quellón","code":"10208","gse":"C2","quintil":"Q3","nse_score":721.6,"educ":11.5,"educ_score":566.7,"hacin":1.423,"hacin_class":"Hacinamiento Leve","hacin_score":761.0,"auto_score":0.0,"n_per":37,"n_hog":16,"source_year":2024},"geometry":{"type":"Polygon","coordinates":[[[-73.6174259899999,-43.1206388490586],[-73.621445579,-43.1207639390586],[-73.6212405029999,-43.1200759380586],[-73.6206301289999,-43.1197446810586],[-73.6197590029999,-43.1197596580586],[-73.6197542199999,-43.1202512580586],[-73.6196541329999,-43.1203016480586],[-73.6174390639999,-43.1203443590586],[-73.6174259899999,-43.1206388490586]]]}},{"type":"Feature","properties":{"id":"10208011001037","commune":"Quellón","code":"10208","gse":"C2","quintil":"Q4","nse_score":734.4,"educ":10.9,"educ_score":526.7,"hacin":1.182,"hacin_class":"Hacinamiento Leve","hacin_score":812.4,"auto_score":0.0,"n_per":26,"n_hog":10,"source_year":2024},"geometry":{"type":"Polygon","coordinates":[[[-73.6156506559999,-43.1205828470586],[-73.6157035629999,-43.1206787570586],[-73.6174014279999,-43.1206381020586],[-73.6174144329999,-43.1203451680586],[-73.6159331989999,-43.1204165260586],[-73.6156506559999,-43.1205828470586]]]}},{"type":"Feature","properties":{"id":"10208011001038","commune":"Quellón","code":"10208","gse":"E","quintil":"Q1","nse_score":603.7,"educ":11.2,"educ_score":546.7,"hacin":1.231,"hacin_class":"Hacinamiento Leve","hacin_score":802.0,"auto_score":0.0,"n_per":16,"n_hog":7,"source_year":2024},"geometry":{"type":"Polygon","coordinates":[[[-73.6406851539999,-43.1216176040586],[-73.6411082659999,-43.1222457930586],[-73.6411581269999,-43.1228512820586],[-73.6420977489999,-43.1228517930586],[-73.64257312,-43.1226843670586],[-73.6420846209999,-43.1220209220586],[-73.6412283559999,-43.1212354830587],[-73.6406851539999,-43.1216176040586]]]}},{"type":"Feature","properties":{"id":"10208011001039","commune":"Quellón","code":"10208","gse":"C3","quintil":"Q3","nse_score":704.2,"educ":13.4,"educ_score":693.3,"hacin":1.333,"hacin_class":"Hacinamiento Leve","hacin_score":780.1,"auto_score":392.9,"n_per":28,"n_hog":13,"source_year":2024},"geometry":{"type":"Polygon","coordinates":[[[-73.6492085659999,-43.1236246270586],[-73.6497668009999,-43.1236740050586],[-73.6504047989999,-43.1220858640586],[-73.6494500159999,-43.1219935670586],[-73.6492085659999,-43.1236246270586]]]}},{"type":"Feature","properties":{"id":"10208011001040","commune":"Quellón","code":"10208","gse":"C3","quintil":"Q3","nse_score":698.9,"educ":12.6,"educ_score":640.0,"hacin":1.397,"hacin_class":"Hacinamiento Leve","hacin_score":766.6,"auto_score":258.1,"n_per":285,"n_hog":111,"source_year":2024},"geometry":{"type":"Polygon","coordinates":[[[-73.6411744019999,-43.1232945800586],[-73.6428181279999,-43.1231665620586],[-73.64257312,-43.1226843670586],[-73.6420977489999,-43.1228517930586],[-73.6411581269999,-43.1228512820586],[-73.6403861489999,-43.1247095750586],[-73.6398816059999,-43.1251870770586],[-73.6395144689999,-43.1260144340586],[-73.6389000979999,-43.1265065490586],[-73.6381934899999,-43.1276117370586],[-73.6375959819999,-43.1281437820586],[-73.6364493839999,-43.1287489010586],[-73.6353601439999,-43.1287005740586],[-73.6354423799999,-43.1290126090586],[-73.63579311,-43.1291281590586],[-73.6361290829999,-43.1293842690586],[-73.6353043539999,-43.1289541170586],[-73.6348715339999,-43.1292492100586],[-73.6347005959999,-43.1302886540586],[-73.6358601379999,-43.1313099540586],[-73.6365156879999,-43.1313797140586],[-73.6409369649999,-43.1302796400586],[-73.6407922519999,-43.1295198360586],[-73.6388060759999,-43.1298655890586],[-73.6382094359999,-43.1297803420586],[-73.6371829259999,-43.1292970900586],[-73.6364515269999,-43.1291288650586],[-73.6365763459999,-43.1288779380586],[-73.6365805739999,-43.1291527030586],[-73.637210422,-43.1292465030586],[-73.6381323849999,-43.1296805070586],[-73.638341335,-43.1293187530586],[-73.639425393,-43.1282447200586],[-73.6392385589999,-43.1281297750586],[-73.6381216309999,-43.1284340620586],[-73.6379395689999,-43.1283559600586],[-73.6379431009999,-43.1281977960586],[-73.6385159109999,-43.1279392820586],[-73.6390954899999,-43.1278274140586],[-73.6381119579999,-43.1281651710586],[-73.638009027,-43.1283274650586],[-73.6384223159999,-43.1283288570586],[-73.639237594,-43.1280708100586],[-73.6394647809999,-43.1281984050586],[-73.6397574989999,-43.1277373680586],[-73.6388206859999,-43.1274092850586],[-73.6397797049999,-43.1276856860586],[-73.6402641159999,-43.1268828860586],[-73.6395105789999,-43.1265864000586],[-73.6394257739999,-43.1264790820586],[-73.641765931,-43.1273515140586],[-73.641849938,-43.1271121510586],[-73.6418386699999,-43.1273747180586],[-73.6420791899999,-43.1274514470586],[-73.6421681059999,-43.1271714000586],[-73.6421527219999,-43.1274749040586],[-73.6424269029999,-43.1275624140586],[-73.6425372059999,-43.1273118110586],[-73.6422970209999,-43.1272230110586],[-73.6425672729999,-43.1272515160586],[-73.6424945199999,-43.1275840730586],[-73.6432766829999,-43.1277886560586],[-73.6432848949999,-43.1275782590586],[-73.6428092659999,-43.1274562030586],[-73.6432900059999,-43.1275224220586],[-73.6432915309999,-43.1272748880586],[-73.6406017059999,-43.1264644350586],[-73.6409948729999,-43.1260250260586],[-73.6407752049999,-43.1264620280586],[-73.6412204579999,-43.1266025920586],[-73.6414395689999,-43.1261834190586],[-73.64128833,-43.1266240180586],[-73.6417124569999,-43.1267494930586],[-73.6420215519999,-43.1263585630586],[-73.6417808979999,-43.1267697200586],[-73.6422361709999,-43.1269042730586],[-73.6425182159999,-43.1265008040586],[-73.642304582,-43.1269244920586],[-73.6432918889999,-43.1272167220586],[-73.6431575519999,-43.1242879860586],[-73.6423566939999,-43.1242056960586],[-73.6418793989999,-43.1243013270586],[-73.6415600379999,-43.1246787620586],[-73.6406877499999,-43.1248404680586],[-73.6407406669999,-43.1252384990586],[-73.6405976359999,-43.1257801510586],[-73.6406434149999,-43.1251416340586],[-73.6406035789999,-43.1254894210586],[-73.6405681239999,-43.1251931070586],[-73.6402622699999,-43.1254485060586],[-73.6406215229999,-43.1251059760586],[-73.6406362409999,-43.1248044490586],[-73.6415310429999,-43.1246394460586],[-73.6418415779999,-43.1242742800586],[-73.6422896949999,-43.1241798360586],[-73.643156916,-43.1242088870586],[-73.6428611529999,-43.1232833240586],[-73.6411744019999,-43.1232945800586]]]}},{"type":"Feature","properties":{"id":"10208011001041","commune":"Quellón","code":"10208","gse":"C3","quintil":"Q3","nse_score":710.8,"educ":11.7,"educ_score":580.0,"hacin":1.444,"hacin_class":"Hacinamiento Leve","hacin_score":756.5,"auto_score":222.2,"n_per":78,"n_hog":27,"source_year":2024},"geometry":{"type":"Polygon","coordinates":[[[-73.6473545559999,-43.1250126060586],[-73.6490590849999,-43.1249828080586],[-73.6484239829999,-43.1240823310586],[-73.648612753,-43.1235854730586],[-73.6481327959999,-43.1237528960586],[-73.6472496529999,-43.1236286190586],[-73.6468002639999,-43.1231601820586],[-73.6467196539999,-43.1235860910586],[-73.6467067069999,-43.1231183450586],[-73.6450304669999,-43.1235036750586],[-73.6450006459999,-43.1236518640586],[-73.6453596669999,-43.1236934090586],[-73.6449966699999,-43.1236708320586],[-73.6449963869999,-43.1237594940586],[-73.6452717989999,-43.1238577150586],[-73.6466028239999,-43.1241200580586],[-73.6466934319999,-43.1239198080586],[-73.6465645839999,-43.1243054410586],[-73.6462590259999,-43.1245986590586],[-73.6466392939999,-43.1247014740586],[-73.647273202,-43.1246574640586],[-73.6473545559999,-43.1250126060586]]]}},{"type":"Feature","properties":{"id":"10208011001042","commune":"Quellón","code":"10208","gse":"C3","quintil":"Q2","nse_score":684.7,"educ":11.9,"educ_score":593.3,"hacin":1.438,"hacin_class":"Hacinamiento Leve","hacin_score":757.9,"auto_score":276.9,"n_per":151,"n_hog":62,"source_year":2024},"geometry":{"type":"Polygon","coordinates":[[[-73.6462589099999,-43.1245371920586],[-73.6465775429999,-43.1241602610586],[-73.6449743439999,-43.1237888870586],[-73.6450260099999,-43.1234845630586],[-73.6442597879999,-43.1233365560586],[-73.6435234869999,-43.1234565060586],[-73.6429778199999,-43.1233529720586],[-73.6431927779999,-43.1238812960586],[-73.6436307279999,-43.1239330780586],[-73.6432103559999,-43.1239409430586],[-73.6433945439999,-43.1255086510586],[-73.6441808409999,-43.1252537880586],[-73.6454256249999,-43.1245023200586],[-73.6442350499999,-43.1252734910586],[-73.6433936609999,-43.1256316470586],[-73.6442158179999,-43.1254413090586],[-73.6462589099999,-43.1245371920586]]]}},{"type":"Feature","properties":{"id":"10208011001045","commune":"Quellón","code":"10208","gse":"C1","quintil":"Q5","nse_score":801.4,"educ":15.1,"educ_score":806.7,"hacin":1.352,"hacin_class":"Hacinamiento Leve","hacin_score":776.2,"auto_score":541.7,"n_per":123,"n_hog":48,"source_year":2024},"geometry":{"type":"Polygon","coordinates":[[[-73.6406825709999,-43.1288287900586],[-73.6393642809999,-43.1284195510586],[-73.6382117399999,-43.1297107210586],[-73.6387981899999,-43.1298153830586],[-73.6407356149999,-43.1294333930586],[-73.6410149369999,-43.1293056740586],[-73.6417509349999,-43.1282068420586],[-73.6432711569999,-43.1286272320586],[-73.6432686519999,-43.1278576530586],[-73.6402562689999,-43.1269903960586],[-73.6397452679999,-43.1279949180586],[-73.6394053619999,-43.1283737650586],[-73.6406825709999,-43.1288287900586]]]}},{"type":"Feature","properties":{"id":"10208011001046","commune":"Quellón","code":"10208","gse":"C1","quintil":"Q5","nse_score":809.2,"educ":14.1,"educ_score":740.0,"hacin":1.091,"hacin_class":"Hacinamiento Leve","hacin_score":831.7,"auto_score":272.7,"n_per":24,"n_hog":11,"source_year":2024},"geometry":{"type":"Polygon","coordinates":[[[-73.6432701569999,-43.1286724870586],[-73.6427031649999,-43.1285145950586],[-73.6422848109999,-43.1291257910586],[-73.6426570649999,-43.1285020300586],[-73.6417822069999,-43.1282635770586],[-73.6410498119999,-43.1293465900586],[-73.6408721989999,-43.1294350160586],[-73.6410516909999,-43.1302900840586],[-73.6430113679999,-43.1297844290586],[-73.6432938059999,-43.1293684590586],[-73.6432701569999,-43.1286724870586]]]}},{"type":"Feature","properties":{"id":"10208011001049","commune":"Quellón","code":"10208","gse":"C2","quintil":"Q4","nse_score":727.2,"educ":13.4,"educ_score":693.3,"hacin":1.184,"hacin_class":"Hacinamiento Leve","hacin_score":811.9,"auto_score":322.9,"n_per":103,"n_hog":44,"source_year":2024},"geometry":{"type":"Polygon","coordinates":[[[-73.6389391829999,-43.1314789950586],[-73.6388197059999,-43.1313906700586],[-73.6377895549999,-43.1316833000586],[-73.6388067639999,-43.1313344580586],[-73.6386951479999,-43.1309571630586],[-73.6361841419999,-43.1315416160586],[-73.6367896459999,-43.1317924640586],[-73.6370126249999,-43.1320271000586],[-73.636101504,-43.1315609890586],[-73.6348316869999,-43.1318698090586],[-73.6350766259999,-43.1323768630586],[-73.6354211669999,-43.1325739310586],[-73.6354240579999,-43.1327035530586],[-73.6350081369999,-43.1323994440586],[-73.6347617779999,-43.1318870590586],[-73.6338498459999,-43.1321086600586],[-73.6340027459999,-43.1322090940586],[-73.6339280939999,-43.1325587140586],[-73.634458864,-43.1329713400586],[-73.6338575139999,-43.1325782070586],[-73.6339308109999,-43.1322255820586],[-73.6337481259999,-43.1321330440586],[-73.6334829279999,-43.1325926360586],[-73.6336845159999,-43.1335315820586],[-73.6334087119999,-43.1325921020586],[-73.6336397939999,-43.1321590130586],[-73.6332199329999,-43.1323604760586],[-73.6326698699999,-43.1328712900586],[-73.6323683729999,-43.1329696380586],[-73.6333771339999,-43.1322006040586],[-73.6316847509999,-43.1324132210586],[-73.6299252549999,-43.1319585480586],[-73.6284998429999,-43.1314030230586],[-73.6271772219999,-43.1314864910586],[-73.6284022079999,-43.1324729690586],[-73.6325169379999,-43.1350322020586],[-73.6433559179999,-43.1327773850586],[-73.6433618559999,-43.1309854580586],[-73.6433017719999,-43.1300837490586],[-73.6431777859999,-43.1299536230586],[-73.6429629949999,-43.1299125110586],[-73.6387659519999,-43.1309407090586],[-73.6389391829999,-43.1314789950586]]]}},{"type":"Feature","properties":{"id":"10208011001050","commune":"Quellón","code":"10208","gse":"E","quintil":"Q1","nse_score":618.3,"educ":9.3,"educ_score":420.0,"hacin":1.235,"hacin_class":"Hacinamiento Leve","hacin_score":801.0,"auto_score":0.0,"n_per":21,"n_hog":10,"source_year":2024},"geometry":{"type":"Polygon","coordinates":[[[-73.6346520389999,-43.1303425410586],[-73.6345058569999,-43.1300075880586],[-73.6343541219999,-43.1302818050586],[-73.6345956999999,-43.1308278990586],[-73.6344882799999,-43.1312697620586],[-73.6347919439999,-43.1317669610586],[-73.6360542539999,-43.1314675280586],[-73.6358164359999,-43.1313838630586],[-73.6346520389999,-43.1303425410586]]]}},{"type":"Feature","properties":{"id":"10208011001051","commune":"Quellón","code":"10208","gse":"C3","quintil":"Q3","nse_score":706.6,"educ":12.8,"educ_score":653.3,"hacin":1.158,"hacin_class":"Hacinamiento Leve","hacin_score":817.5,"auto_score":107.1,"n_per":22,"n_hog":12,"source_year":2024},"geometry":{"type":"Polygon","coordinates":[[[-73.6434808829999,-43.1311343910586],[-73.6434802239999,-43.1317187280586],[-73.6452659139999,-43.1315821670586],[-73.6452054059999,-43.1313346900586],[-73.6458670209999,-43.1312260010586],[-73.6455222569999,-43.1306349750586],[-73.6445017589999,-43.1309944900586],[-73.6434808829999,-43.1311343910586]]]}},{"type":"Feature","properties":{"id":"10208011001053","commune":"Quellón","code":"10208","gse":"C2","quintil":"Q4","nse_score":748.1,"educ":13.3,"educ_score":686.7,"hacin":1.5,"hacin_class":"Hacinamiento Medio","hacin_score":744.7,"auto_score":500.0,"n_per":12,"n_hog":4,"source_year":2024},"geometry":{"type":"Polygon","coordinates":[[[-73.6434801629999,-43.1317734390586],[-73.6434798379999,-43.1320620370586],[-73.64537816,-43.1320254920586],[-73.6451771319999,-43.1315857410586],[-73.6434801629999,-43.1317734390586]]]}},{"type":"Feature","properties":{"id":"10208011001054","commune":"Quellón","code":"10208","gse":"C2","quintil":"Q4","nse_score":757.1,"educ":13.9,"educ_score":726.7,"hacin":1.308,"hacin_class":"Hacinamiento Leve","hacin_score":785.6,"auto_score":307.7,"n_per":51,"n_hog":24,"source_year":2024},"geometry":{"type":"Polygon","coordinates":[[[-73.6268440579999,-43.1343268480586],[-73.6263721999999,-43.1346130120586],[-73.6264275729999,-43.1350681790586],[-73.6281121829999,-43.1346546070586],[-73.6287231779999,-43.1350567490586],[-73.6301415589999,-43.1340156550586],[-73.6299089889999,-43.1335302010586],[-73.6284683199999,-43.1326361760586],[-73.6284795049999,-43.1329475720586],[-73.628322367,-43.1332513170586],[-73.6284637819999,-43.1338098630586],[-73.6291996109999,-43.1338974160586],[-73.6299400639999,-43.1338025930586],[-73.6292031369999,-43.1339514370586],[-73.6284132429999,-43.1338528030586],[-73.6282482949999,-43.1332484960586],[-73.6284524349999,-43.1327376690586],[-73.628331779,-43.1325514410586],[-73.6268432239999,-43.1315955020586],[-73.6263081869999,-43.1317444350586],[-73.6259303999999,-43.1320937680586],[-73.6265660609999,-43.1331257840586],[-73.6264824099999,-43.1331569430586],[-73.6258691109999,-43.1321694150586],[-73.6255414219999,-43.1325738660586],[-73.6246670129999,-43.1331773380586],[-73.6250744539999,-43.1337069750586],[-73.6256574789999,-43.1341023140586],[-73.6264071979999,-43.1335146100586],[-73.6268440579999,-43.1343268480586]]]}},{"type":"Feature","properties":{"id":"10208011001057","commune":"Quellón","code":"10208","gse":"C3","quintil":"Q2","nse_score":675.5,"educ":11.6,"educ_score":573.3,"hacin":1.143,"hacin_class":"Hacinamiento Leve","hacin_score":820.7,"auto_score":416.7,"n_per":56,"n_hog":21,"source_year":2024},"geometry":{"type":"Polygon","coordinates":[[[-73.6288045649999,-43.1351051800586],[-73.6307276239999,-43.1363186050586],[-73.6323777039999,-43.1350775920586],[-73.6317231169999,-43.1346710210586],[-73.6316009199999,-43.1347908450586],[-73.632213266,-43.1351374750586],[-73.6315577639999,-43.1348346820586],[-73.6314535169999,-43.1349442070586],[-73.6320119529999,-43.1352859430586],[-73.6313997219999,-43.1349817410586],[-73.6308503299999,-43.1353392090586],[-73.6316667539999,-43.1346360130586],[-73.6301238949999,-43.1336776880586],[-73.6302388069999,-43.1340311150586],[-73.630157988,-43.1341540370586],[-73.6288045649999,-43.1351051800586]]]}},{"type":"Feature","properties":{"id":"10208011001043","commune":"Quellón","code":"10208","gse":"C3","quintil":"Q3","nse_score":698.3,"educ":11.6,"educ_score":573.3,"hacin":1.317,"hacin_class":"Hacinamiento Leve","hacin_score":783.5,"auto_score":192.0,"n_per":278,"n_hog":112,"source_year":2024},"geometry":{"type":"MultiPolygon","coordinates":[[[[-73.6468492889999,-43.1257923270586],[-73.646908816,-43.1256442100586],[-73.6467538139999,-43.1253949950586],[-73.6464587609999,-43.1254806560586],[-73.6464894609999,-43.1256320120586],[-73.6468492889999,-43.1257923270586]]],[[[-73.6462177669999,-43.1246150050586],[-73.6464368939999,-43.1254354510586],[-73.6471308709999,-43.1252264950586],[-73.646815494,-43.1253559810586],[-73.6469725899999,-43.1256291830586],[-73.6469026429999,-43.1258486000586],[-73.6464593509999,-43.1256546620586],[-73.646134893,-43.1246694960586],[-73.6453817519999,-43.1249614650586],[-73.6454851059999,-43.1251487750586],[-73.6453495959999,-43.1254014650586],[-73.6458775349999,-43.1258784530586],[-73.6458951199999,-43.1259546490586],[-73.6458151639999,-43.1260231820586],[-73.6458190119999,-43.1258604230586],[-73.6453271819999,-43.1254296950586],[-73.6454451099999,-43.1251389440586],[-73.6453264639999,-43.1249861180586],[-73.6433886499999,-43.1257336410586],[-73.6434052969999,-43.1267470740586],[-73.6445776569999,-43.1272872780586],[-73.6451797669999,-43.1272451860586],[-73.6445699049999,-43.1273232780586],[-73.6433868809999,-43.1267839930586],[-73.6434027839999,-43.1273127910586],[-73.6439010359999,-43.1274338500586],[-73.6435489749999,-43.1273918600586],[-73.6436068009999,-43.1275227290586],[-73.6444844019999,-43.1276554000586],[-73.6446183699999,-43.1277546820586],[-73.6437850389999,-43.1276499550586],[-73.6435522599999,-43.1275620960586],[-73.6434039,-43.1273687890586],[-73.6434408949999,-43.1288990370586],[-73.6440032239999,-43.1288955810586],[-73.6434424939999,-43.1289542050586],[-73.643453899,-43.1293476170586],[-73.6446300809999,-43.1293835400586],[-73.6434554659999,-43.1294016820586],[-73.6434687109999,-43.1298586210586],[-73.6442344649999,-43.1298624670586],[-73.6434702849999,-43.1299129280586],[-73.6434937189999,-43.1310298770586],[-73.6437006909999,-43.1310301640586],[-73.6434852979999,-43.1310372200586],[-73.6440565729999,-43.1310207240586],[-73.6444746369999,-43.1309442200586],[-73.6463809509999,-43.1302960160586],[-73.6460370809999,-43.1295773420586],[-73.6471000499999,-43.1292635520586],[-73.6473206229999,-43.1248780020586],[-73.6472492919999,-43.1246952190586],[-73.6466283569999,-43.1247346440586],[-73.6467321549999,-43.1250571530586],[-73.6465863019999,-43.1247286360586],[-73.6462177669999,-43.1246150050586]]]]}},{"type":"Feature","properties":{"id":"10208011001004","commune":"Quellón","code":"10208","gse":"C2","quintil":"Q4","nse_score":746.3,"educ":14.1,"educ_score":740.0,"hacin":1.235,"hacin_class":"Hacinamiento Leve","hacin_score":801.0,"auto_score":50.0,"n_per":21,"n_hog":9,"source_year":2024},"geometry":{"type":"MultiPolygon","coordinates":[[[[-73.6495724319999,-43.1179327520586],[-73.6480021519999,-43.1184455130586],[-73.6484313009999,-43.1193429150586],[-73.6503128169999,-43.1186984550586],[-73.6495724319999,-43.1179327520586]]],[[[-73.6470758409999,-43.1168661450587],[-73.6485815979999,-43.1181878180586],[-73.6495775049999,-43.1178755900586],[-73.6500478109999,-43.1179177430587],[-73.6484276549999,-43.1164386780586],[-73.6470758409999,-43.1168661450587]]]]}},{"type":"Feature","properties":{"id":"10208011001047","commune":"Quellón","code":"10208","gse":"C3","quintil":"Q3","nse_score":707.8,"educ":12.9,"educ_score":660.0,"hacin":1.125,"hacin_class":"Hacinamiento Leve","hacin_score":824.5,"auto_score":250.0,"n_per":54,"n_hog":26,"source_year":2024},"geometry":{"type":"MultiPolygon","coordinates":[[[[-73.6253893559999,-43.1352468100586],[-73.6263558269999,-43.1350857920586],[-73.6262886949999,-43.1346166690586],[-73.6250163979999,-43.1337408550586],[-73.6246238199999,-43.1332263720586],[-73.624396595,-43.1334843230586],[-73.6253893559999,-43.1352468100586]]],[[[-73.6353601439999,-43.1287005740586],[-73.6312025129999,-43.1303226820586],[-73.6286451029999,-43.1307919840586],[-73.6252726399999,-43.1318528040586],[-73.6249023349999,-43.1322740230586],[-73.6248031509999,-43.1326131730586],[-73.6242211809999,-43.1331728910586],[-73.6243524099999,-43.1334058760586],[-73.6264395159999,-43.1315959140586],[-73.6281869219999,-43.1312495710586],[-73.6292487139999,-43.1315643080586],[-73.6290927449999,-43.1310789030586],[-73.6293330499999,-43.1315982470586],[-73.6304530369999,-43.1320100930586],[-73.6303429669999,-43.1312478620586],[-73.6307620309999,-43.1308894180586],[-73.6304164699999,-43.1312544850586],[-73.630478777,-43.1316913180586],[-73.6307714699999,-43.1314211850586],[-73.6304920069999,-43.1317832930586],[-73.630530802,-43.1320327930586],[-73.6315922189999,-43.1322957690586],[-73.6323642719999,-43.1322339450586],[-73.6312765359999,-43.1319120530586],[-73.63252947,-43.1322100000586],[-73.6335533289999,-43.1320480420586],[-73.6333450489999,-43.1313183630586],[-73.6336236209999,-43.1320315260586],[-73.6346744429999,-43.1317846180586],[-73.6343724209999,-43.1312670480586],[-73.6345010149999,-43.1308830990586],[-73.6342662479999,-43.1303362690586],[-73.6335546629999,-43.1304058550586],[-73.633254501,-43.1303285220586],[-73.6331658469999,-43.1302083380586],[-73.6333912999999,-43.1300289490586],[-73.6343740369999,-43.1299075490586],[-73.6334157379999,-43.1300800820586],[-73.6332407069999,-43.1302151530586],[-73.6337968419999,-43.1303770370586],[-73.6342192769999,-43.1302945760586],[-73.6345463519999,-43.1299390340586],[-73.6347708009999,-43.1292079020586],[-73.6352735539999,-43.1288923090586],[-73.6353601439999,-43.1287005740586]]]]}},{"type":"Feature","properties":{"id":"10208011002001","commune":"Quellón","code":"10208","gse":"E","quintil":"Q1","nse_score":597.8,"educ":9.4,"educ_score":426.7,"hacin":1.403,"hacin_class":"Hacinamiento Leve","hacin_score":765.3,"auto_score":75.9,"n_per":181,"n_hog":72,"source_year":2024},"geometry":{"type":"Polygon","coordinates":[[[-73.6010723069999,-43.1094157720586],[-73.5987669069999,-43.1098589370587],[-73.5986000059999,-43.1103095640586],[-73.5986656299999,-43.1106642280587],[-73.5973000049999,-43.1107804770586],[-73.5975205849999,-43.1113740430587],[-73.5975398339999,-43.1120069060586],[-73.5988035409999,-43.1121466820586],[-73.5991914919999,-43.1120028840586],[-73.5990565299999,-43.1117680670587],[-73.5985782059999,-43.1118732940587],[-73.5995650789999,-43.1115458780586],[-73.5994166809999,-43.1112758860586],[-73.5989629179999,-43.1113559830586],[-73.5987786349999,-43.1112965040586],[-73.5980122989999,-43.1116003690586],[-73.5986927519999,-43.1112692300587],[-73.5985078869999,-43.1110487890586],[-73.5978529579999,-43.1113031000586],[-73.5979288179999,-43.1112126000586],[-73.5977246369999,-43.1108830380587],[-73.5979942699999,-43.1111871850586],[-73.598470501,-43.1110022640586],[-73.5984361789999,-43.1108532370587],[-73.5987337879999,-43.1112236020586],[-73.5989775139999,-43.1113014370587],[-73.5997234979999,-43.1111448320586],[-73.5995473079999,-43.1106792170586],[-73.5994962199999,-43.1099487070587],[-73.6004903639999,-43.1097288330587],[-73.5995748639999,-43.1099825350586],[-73.5996209259999,-43.1106718790586],[-73.5997944759999,-43.1111305190586],[-73.6007112839999,-43.1109540820586],[-73.6006782999999,-43.1106893830587],[-73.6009784029999,-43.1105458710586],[-73.6010418269999,-43.1106524460587],[-73.6007363999999,-43.1107315440586],[-73.6007593799999,-43.1110015560587],[-73.5994861469999,-43.1112577740587],[-73.5996087489999,-43.1114716140586],[-73.6003663829999,-43.1112777940586],[-73.5999399559999,-43.1114270830587],[-73.5999862859999,-43.1115192660587],[-73.5996334509999,-43.1115236500586],[-73.5997858939999,-43.1118074010587],[-73.5995878209999,-43.1115971870586],[-73.5991231889999,-43.1117451690587],[-73.5992648839999,-43.1120045910586],[-73.5994736659999,-43.1120217330586],[-73.6004063809999,-43.1116713100587],[-73.6008400919999,-43.1110838100586],[-73.6012998779999,-43.1107352890586],[-73.6010665919999,-43.1104549250586],[-73.6010723069999,-43.1094157720586]]]}},{"type":"Feature","properties":{"id":"10208011002002","commune":"Quellón","code":"10208","gse":"E","quintil":"Q1","nse_score":596.0,"educ":11.0,"educ_score":533.3,"hacin":1.55,"hacin_class":"Hacinamiento Medio","hacin_score":734.0,"auto_score":93.8,"n_per":31,"n_hog":12,"source_year":2024},"geometry":{"type":"Polygon","coordinates":[[[-73.5995630929999,-43.1120127740586],[-73.5995571639999,-43.1126904760586],[-73.6005381639999,-43.1136637270587],[-73.6016077609999,-43.1138296100586],[-73.6027132649999,-43.1137945780587],[-73.6027676049999,-43.1135131240586],[-73.6026443819999,-43.1132182100587],[-73.6012664549999,-43.1124844550587],[-73.601233196,-43.1124284150586],[-73.6013031719999,-43.1122772920586],[-73.6014995889999,-43.1122845760586],[-73.6013254899999,-43.1123066750587],[-73.6012900759999,-43.1124567100586],[-73.602290035,-43.1129596220586],[-73.60273781,-43.1132772330587],[-73.6028200119999,-43.1135164650586],[-73.6027475309999,-43.1139848160586],[-73.6037560689999,-43.1142854610586],[-73.603425205,-43.1136902620586],[-73.6034198139999,-43.1135818010587],[-73.6038563609999,-43.1143451250586],[-73.604548168,-43.1146834080587],[-73.6055591189999,-43.1119454660586],[-73.6007946979999,-43.1111476410586],[-73.6004063809999,-43.1116713100587],[-73.5995630929999,-43.1120127740586]]]}},{"type":"Feature","properties":{"id":"10208011002003","commune":"Quellón","code":"10208","gse":"E","quintil":"Q1","nse_score":585.3,"educ":8.9,"educ_score":393.3,"hacin":1.429,"hacin_class":"Hacinamiento Leve","hacin_score":759.9,"auto_score":500.0,"n_per":10,"n_hog":4,"source_year":2024},"geometry":{"type":"Polygon","coordinates":[[[-73.5988489559999,-43.1121307360586],[-73.5984468779999,-43.1121006200586],[-73.5979612609999,-43.1120053260586],[-73.5984105889999,-43.1126718060586],[-73.5992209579999,-43.1124832920586],[-73.5992036939999,-43.1120030340586],[-73.5988489559999,-43.1121307360586]]]}},{"type":"Feature","properties":{"id":"10208011002004","commune":"Quellón","code":"10208","gse":"D","quintil":"Q1","nse_score":644.0,"educ":10.5,"educ_score":500.0,"hacin":1.244,"hacin_class":"Hacinamiento Leve","hacin_score":799.1,"auto_score":150.9,"n_per":270,"n_hog":98,"source_year":2024},"geometry":{"type":"Polygon","coordinates":[[[-73.6045234189999,-43.1147881020586],[-73.6030652549999,-43.1141906500586],[-73.6028715269999,-43.1145057130586],[-73.6030348329999,-43.1141840230586],[-73.6025563599999,-43.1139164770586],[-73.6005166149999,-43.1136927930586],[-73.5995255569999,-43.1127081740586],[-73.5995274019999,-43.1120176510586],[-73.599252911,-43.1120036370586],[-73.5992766389999,-43.1126314690586],[-73.5998468239999,-43.1139959630586],[-73.6004768259999,-43.1139223370587],[-73.601066177,-43.1141738480587],[-73.6011257829999,-43.1149783920586],[-73.6019801139999,-43.1148136400587],[-73.6019200869999,-43.1144167500586],[-73.6025982849999,-43.1157900620586],[-73.603341096,-43.1156697350586],[-73.6029061479999,-43.1147186300586],[-73.6033883929999,-43.1156438380586],[-73.6037748709999,-43.1155668550586],[-73.6033776299999,-43.1146020720586],[-73.603819186,-43.1155314040587],[-73.6045061919999,-43.1153730190586],[-73.6045234189999,-43.1147881020586]]]}},{"type":"Feature","properties":{"id":"10208011002005","commune":"Quellón","code":"10208","gse":"D","quintil":"Q2","nse_score":663.4,"educ":12.6,"educ_score":640.0,"hacin":1.75,"hacin_class":"Hacinamiento Medio","hacin_score":691.5,"auto_score":333.3,"n_per":14,"n_hog":6,"source_year":2024},"geometry":{"type":"Polygon","coordinates":[[[-73.5992233519999,-43.1125378690586],[-73.5984397009999,-43.1127215440587],[-73.5987140789999,-43.1131737780586],[-73.5993233249999,-43.1129104620587],[-73.5992233519999,-43.1125378690586]]]}},{"type":"Feature","properties":{"id":"10208011002007","commune":"Quellón","code":"10208","gse":"D","quintil":"Q1","nse_score":636.7,"educ":10.7,"educ_score":513.3,"hacin":1.424,"hacin_class":"Hacinamiento Leve","hacin_score":760.9,"auto_score":218.8,"n_per":84,"n_hog":29,"source_year":2024},"geometry":{"type":"Polygon","coordinates":[[[-73.5994302389999,-43.1150481960586],[-73.6001453899999,-43.1150623150586],[-73.600002533,-43.1144783290586],[-73.5993421049999,-43.1129642390586],[-73.5988067909999,-43.1131729390586],[-73.5993900989999,-43.1145208360586],[-73.5994302389999,-43.1150481960586]]]}},{"type":"Feature","properties":{"id":"10208011002008","commune":"Quellón","code":"10208","gse":"E","quintil":"Q1","nse_score":585.7,"educ":9.9,"educ_score":460.0,"hacin":1.579,"hacin_class":"Hacinamiento Medio","hacin_score":727.9,"auto_score":166.7,"n_per":30,"n_hog":11,"source_year":2024},"geometry":{"type":"Polygon","coordinates":[[[-73.5981611519999,-43.1134059190586],[-73.5987465239999,-43.1147303070587],[-73.5993233549999,-43.1146065040586],[-73.5986722929999,-43.1132297000586],[-73.5981611519999,-43.1134059190586]]]}},{"type":"Feature","properties":{"id":"10208011002009","commune":"Quellón","code":"10208","gse":"C3","quintil":"Q2","nse_score":670.4,"educ":10.9,"educ_score":526.7,"hacin":1.331,"hacin_class":"Hacinamiento Leve","hacin_score":780.5,"auto_score":138.9,"n_per":237,"n_hog":83,"source_year":2024},"geometry":{"type":"Polygon","coordinates":[[[-73.5965096589999,-43.1140473250586],[-73.5965682279999,-43.1158929800586],[-73.5945594049999,-43.1161747040586],[-73.5934201139999,-43.1165037830586],[-73.5919783639999,-43.1172579790586],[-73.5911533509999,-43.1174545690586],[-73.5909595479999,-43.1181308940586],[-73.5934212629999,-43.1180451240586],[-73.5932808739999,-43.1168547740586],[-73.5933557409999,-43.1170313770586],[-73.5941730619999,-43.1169168880586],[-73.5933645529999,-43.1170759690586],[-73.5934187799999,-43.1176277240586],[-73.5940634599999,-43.1175968380586],[-73.5934428999999,-43.1176694430586],[-73.593464847,-43.1180420580586],[-73.5969768189999,-43.1176105420586],[-73.5967935269999,-43.1171649920586],[-73.5970951219999,-43.1170271360586],[-73.5970450969999,-43.1176026450586],[-73.5976524689999,-43.1175313900586],[-73.5974631029999,-43.1158206690586],[-73.5966907779999,-43.1155135120586],[-73.5967219209999,-43.1149278650586],[-73.5967363929999,-43.1154981930586],[-73.5974212919999,-43.1157367860587],[-73.5972630289999,-43.1142210490586],[-73.5979465499999,-43.1141001260586],[-73.5982561859999,-43.1149029400586],[-73.5986756209999,-43.1147449350586],[-73.5981858839999,-43.1136456170586],[-73.5965096589999,-43.1140473250586]]]}},{"type":"Feature","properties":{"id":"10208011002010","commune":"Quellón","code":"10208","gse":"D","quintil":"Q1","nse_score":624.2,"educ":9.4,"educ_score":426.7,"hacin":1.327,"hacin_class":"Hacinamiento Leve","hacin_score":781.5,"auto_score":119.0,"n_per":69,"n_hog":21,"source_year":2024},"geometry":{"type":"Polygon","coordinates":[[[-73.6010219409999,-43.1144004330586],[-73.6009916519999,-43.1141688120586],[-73.6004692989999,-43.1139581130587],[-73.5998636659999,-43.1140300800587],[-73.6001994119999,-43.1150743140586],[-73.6010771229999,-43.1149834300586],[-73.6010157549999,-43.1144307150586],[-73.6004224999999,-43.1144315940586],[-73.6010219409999,-43.1144004330586]]]}},{"type":"Feature","properties":{"id":"10208011002011","commune":"Quellón","code":"10208","gse":"D","quintil":"Q1","nse_score":629.9,"educ":10.3,"educ_score":486.7,"hacin":1.5,"hacin_class":"Hacinamiento Medio","hacin_score":744.7,"auto_score":117.6,"n_per":45,"n_hog":16,"source_year":2024},"geometry":{"type":"Polygon","coordinates":[[[-73.5978966909999,-43.1141703290586],[-73.5973390279999,-43.1142449850586],[-73.5974709429999,-43.1154566130586],[-73.5982691729999,-43.1153941710586],[-73.5978966909999,-43.1141703290586]]]}},{"type":"Feature","properties":{"id":"10208011002012","commune":"Quellón","code":"10208","gse":"E","quintil":"Q1","nse_score":588.7,"educ":8.8,"educ_score":386.7,"hacin":1.529,"hacin_class":"Hacinamiento Medio","hacin_score":738.4,"auto_score":250.0,"n_per":26,"n_hog":8,"source_year":2024},"geometry":{"type":"Polygon","coordinates":[[[-73.5982645509999,-43.1150195130586],[-73.598327863,-43.1153760430586],[-73.5993572469999,-43.1150580900586],[-73.599327506,-43.1146618150586],[-73.5984408579999,-43.1148474350586],[-73.5982645509999,-43.1150195130586]]]}},{"type":"Feature","properties":{"id":"10208011002013","commune":"Quellón","code":"10208","gse":"D","quintil":"Q1","nse_score":644.2,"educ":9.5,"educ_score":433.3,"hacin":1.432,"hacin_class":"Hacinamiento Leve","hacin_score":759.2,"auto_score":196.1,"n_per":126,"n_hog":52,"source_year":2024},"geometry":{"type":"Polygon","coordinates":[[[-73.6013605969999,-43.1155866930586],[-73.601180472,-43.1150093020586],[-73.6002037169999,-43.1151124310586],[-73.600361646,-43.1160196260586],[-73.6025485899999,-43.1157863040586],[-73.6023467099999,-43.1153993880586],[-73.6022039329999,-43.1154329780586],[-73.6023379199999,-43.1153825440586],[-73.6020074409999,-43.1148435830586],[-73.6012293969999,-43.1150047420586],[-73.6013605969999,-43.1155866930586]]]}},{"type":"Feature","properties":{"id":"10208011002014","commune":"Quellón","code":"10208","gse":"D","quintil":"Q2","nse_score":655.8,"educ":10.1,"educ_score":473.3,"hacin":1.273,"hacin_class":"Hacinamiento Leve","hacin_score":793.0,"auto_score":107.1,"n_per":70,"n_hog":26,"source_year":2024},"geometry":{"type":"Polygon","coordinates":[[[-73.5974768219999,-43.1155103770587],[-73.5975843249999,-43.1161988470586],[-73.6002508849999,-43.1159663140586],[-73.600155346,-43.1151192100586],[-73.5994031429999,-43.1151024480587],[-73.5982597799999,-43.1154551860587],[-73.5974768219999,-43.1155103770587]]]}},{"type":"Feature","properties":{"id":"10208011002015","commune":"Quellón","code":"10208","gse":"D","quintil":"Q2","nse_score":654.4,"educ":10.8,"educ_score":520.0,"hacin":1.351,"hacin_class":"Hacinamiento Leve","hacin_score":776.3,"auto_score":157.9,"n_per":300,"n_hog":115,"source_year":2024},"geometry":{"type":"Polygon","coordinates":[[[-73.6047606459999,-43.1161570420586],[-73.6045338589999,-43.1155629320586],[-73.6043189509999,-43.1157354820586],[-73.6045296389999,-43.1155435120586],[-73.6044628599999,-43.1154354340586],[-73.6026491129999,-43.1158412900586],[-73.600374557,-43.1160625570586],[-73.6004824139999,-43.1173487600586],[-73.6011832879999,-43.1174354020586],[-73.601233755,-43.1162561310586],[-73.6012444519999,-43.1174429940586],[-73.6018445139999,-43.1175035470586],[-73.6020550139999,-43.1174683900586],[-73.6016579829999,-43.1161570420586],[-73.6021070539999,-43.1174772190587],[-73.6041840839999,-43.1164683860586],[-73.60363043,-43.1158268160586],[-73.6038537709999,-43.1160577980586],[-73.6040598549999,-43.1159692700586],[-73.603880236,-43.1160845000586],[-73.6042033849999,-43.1164574560586],[-73.6047606459999,-43.1161570420586]]]}},{"type":"Feature","properties":{"id":"10208011002016","commune":"Quellón","code":"10208","gse":"E","quintil":"Q1","nse_score":576.1,"educ":10.2,"educ_score":480.0,"hacin":1.27,"hacin_class":"Hacinamiento Leve","hacin_score":793.7,"auto_score":40.0,"n_per":80,"n_hog":31,"source_year":2024},"geometry":{"type":"Polygon","coordinates":[[[-73.5975940369999,-43.1162257090586],[-73.5976920749999,-43.1169328820586],[-73.5984573289999,-43.1169073210586],[-73.5976748139999,-43.1169728310586],[-73.5977781829999,-43.1175220350586],[-73.5985618659999,-43.1174630270586],[-73.5985335349999,-43.1170702230586],[-73.5985858249999,-43.1174609440586],[-73.6003982629999,-43.1173412470586],[-73.6002256429999,-43.1160059860586],[-73.5975940369999,-43.1162257090586]]]}},{"type":"Feature","properties":{"id":"10208011002017","commune":"Quellón","code":"10208","gse":"E","quintil":"Q1","nse_score":596.4,"educ":9.1,"educ_score":406.7,"hacin":1.41,"hacin_class":"Hacinamiento Leve","hacin_score":763.8,"auto_score":90.9,"n_per":55,"n_hog":22,"source_year":2024},"geometry":{"type":"Polygon","coordinates":[[[-73.6045943159999,-43.1170985890586],[-73.6051643569999,-43.1169169820586],[-73.6046019659999,-43.1163185130587],[-73.6041535829999,-43.1165451140586],[-73.6045943159999,-43.1170985890586]]]}},{"type":"Feature","properties":{"id":"10208011002018","commune":"Quellón","code":"10208","gse":"D","quintil":"Q1","nse_score":639.2,"educ":10.6,"educ_score":506.7,"hacin":1.236,"hacin_class":"Hacinamiento Leve","hacin_score":800.8,"auto_score":240.7,"n_per":68,"n_hog":26,"source_year":2024},"geometry":{"type":"Polygon","coordinates":[[[-73.6018853449999,-43.1180685500586],[-73.6028997419999,-43.1179219050587],[-73.6044997769999,-43.1170776260586],[-73.6040595079999,-43.1165954540586],[-73.6022572429999,-43.1174941820586],[-73.6018853449999,-43.1180685500586]]]}},{"type":"Feature","properties":{"id":"10208011002019","commune":"Quellón","code":"10208","gse":"E","quintil":"Q1","nse_score":615.0,"educ":8.5,"educ_score":366.7,"hacin":1.441,"hacin_class":"Hacinamiento Leve","hacin_score":757.2,"auto_score":117.6,"n_per":49,"n_hog":17,"source_year":2024},"geometry":{"type":"Polygon","coordinates":[[[-73.6054232029999,-43.1171504780586],[-73.6051988309999,-43.1169577430586],[-73.6046266569999,-43.1171629170586],[-73.604786154,-43.1175329760586],[-73.6051734089999,-43.1173127730586],[-73.6051063049999,-43.1172410000586],[-73.6051863479999,-43.1173043670586],[-73.6054232029999,-43.1171504780586]]]}},{"type":"Feature","properties":{"id":"10208011002021","commune":"Quellón","code":"10208","gse":"D","quintil":"Q2","nse_score":648.3,"educ":10.9,"educ_score":526.7,"hacin":1.538,"hacin_class":"Hacinamiento Medio","hacin_score":736.5,"auto_score":166.7,"n_per":40,"n_hog":11,"source_year":2024},"geometry":{"type":"Polygon","coordinates":[[[-73.6039720399999,-43.1183839180586],[-73.6042762229999,-43.1184337350586],[-73.6046802569999,-43.1175898550586],[-73.6045367259999,-43.1171501140586],[-73.6041528789999,-43.1173393350586],[-73.6042766109999,-43.1177581200587],[-73.6039720399999,-43.1183839180586]]]}},{"type":"Feature","properties":{"id":"10208011002022","commune":"Quellón","code":"10208","gse":"D","quintil":"Q2","nse_score":650.0,"educ":9.9,"educ_score":460.0,"hacin":1.253,"hacin_class":"Hacinamiento Leve","hacin_score":797.3,"auto_score":73.2,"n_per":228,"n_hog":83,"source_year":2024},"geometry":{"type":"Polygon","coordinates":[[[-73.6046801599999,-43.1177131280586],[-73.6043288639999,-43.1184696160586],[-73.6039911909999,-43.1196024970586],[-73.6045697149999,-43.1195384790586],[-73.6046744789999,-43.1184093570586],[-73.6046212809999,-43.1195195680586],[-73.6050270099999,-43.1195861980586],[-73.6052956139999,-43.1176645330586],[-73.6050159729999,-43.1177402750587],[-73.6058305109999,-43.1173526460586],[-73.6054723659999,-43.1171669260586],[-73.6046801599999,-43.1177131280586]]]}},{"type":"Feature","properties":{"id":"10208011002023","commune":"Quellón","code":"10208","gse":"D","quintil":"Q2","nse_score":666.9,"educ":10.1,"educ_score":473.3,"hacin":1.307,"hacin_class":"Hacinamiento Leve","hacin_score":785.8,"auto_score":145.3,"n_per":213,"n_hog":87,"source_year":2024},"geometry":{"type":"Polygon","coordinates":[[[-73.5967575959999,-43.1198595350586],[-73.596458331,-43.1177386670586],[-73.5942278999999,-43.1180166800586],[-73.5944798169999,-43.1190555860586],[-73.5958245189999,-43.1190797520586],[-73.5959770449999,-43.1200268390586],[-73.5998833749999,-43.1201810690586],[-73.5999698869999,-43.1199935700586],[-73.600285073,-43.1198421850586],[-73.5997454999999,-43.1197964110586],[-73.5997529569999,-43.1194371240586],[-73.5995066489999,-43.1193442420586],[-73.5989216249999,-43.1196905150586],[-73.5995522659999,-43.1192574550586],[-73.5999858709999,-43.1185865070586],[-73.600429748,-43.1173944000587],[-73.5994987959999,-43.1174306420586],[-73.5995836369999,-43.1177312680586],[-73.5995444659999,-43.1179558170586],[-73.5994565519999,-43.1174342680586],[-73.5977675379999,-43.1175844880586],[-73.5978045439999,-43.1190730340586],[-73.5976757169999,-43.1175952490586],[-73.5965584709999,-43.1177244470586],[-73.5966741189999,-43.1191513130586],[-73.5973300939999,-43.1191582170586],[-73.5973792899999,-43.1199275230586],[-73.5972821599999,-43.1191774870586],[-73.5966784049999,-43.1191872660586],[-73.5967575959999,-43.1198595350586]]]}},{"type":"Feature","properties":{"id":"10208011002024","commune":"Quellón","code":"10208","gse":"E","quintil":"Q1","nse_score":618.7,"educ":9.3,"educ_score":420.0,"hacin":1.511,"hacin_class":"Hacinamiento Medio","hacin_score":742.4,"auto_score":60.0,"n_per":139,"n_hog":48,"source_year":2024},"geometry":{"type":"Polygon","coordinates":[[[-73.6052453729999,-43.1181185530586],[-73.6054041799999,-43.1181395050586],[-73.6052398669999,-43.1181435350586],[-73.6051774459999,-43.1188471380586],[-73.6054343139999,-43.1188671230586],[-73.6051773859999,-43.1188664070586],[-73.6051539539999,-43.1191170690586],[-73.6053551169999,-43.1191381840586],[-73.6051471819999,-43.1191392280586],[-73.6051107309999,-43.1194018110586],[-73.6053572589999,-43.1194312910586],[-73.6051036659999,-43.1194206350586],[-73.6050689369999,-43.1196723440586],[-73.6051929049999,-43.1197994720586],[-73.6056191679999,-43.1198226770586],[-73.6068311739999,-43.1176838730586],[-73.6059181319999,-43.1173968460586],[-73.6053577789999,-43.1176389070586],[-73.6052453729999,-43.1181185530586]]]}},{"type":"Feature","properties":{"id":"10208011002025","commune":"Quellón","code":"10208","gse":"C3","quintil":"Q2","nse_score":676.1,"educ":9.8,"educ_score":453.3,"hacin":1.196,"hacin_class":"Hacinamiento Leve","hacin_score":809.3,"auto_score":180.0,"n_per":67,"n_hog":24,"source_year":2024},"geometry":{"type":"Polygon","coordinates":[[[-73.6004718479999,-43.1173970760586],[-73.6001131109999,-43.1181598900586],[-73.6000231069999,-43.1185976790586],[-73.5995828459999,-43.1192748480586],[-73.6000986099999,-43.1194319900586],[-73.5998148129999,-43.1194359900586],[-73.5997925139999,-43.1197777170586],[-73.6003742889999,-43.1198072510586],[-73.600849852,-43.1194832320586],[-73.6021558279999,-43.1175160850586],[-73.6004718479999,-43.1173970760586]]]}},{"type":"Feature","properties":{"id":"10208011002026","commune":"Quellón","code":"10208","gse":"C3","quintil":"Q2","nse_score":682.8,"educ":9.8,"educ_score":453.3,"hacin":1.264,"hacin_class":"Hacinamiento Leve","hacin_score":794.8,"auto_score":138.5,"n_per":177,"n_hog":65,"source_year":2024},"geometry":{"type":"Polygon","coordinates":[[[-73.6040505619999,-43.1174035800586],[-73.6023518279999,-43.1181601730586],[-73.6018624359999,-43.1181012040586],[-73.6010266329999,-43.1193799480586],[-73.600470588,-43.1198141980586],[-73.6007610949999,-43.1197477850586],[-73.6009001579999,-43.1197515570586],[-73.600178147,-43.1199330850586],[-73.5999968649999,-43.1201527430586],[-73.6014918249999,-43.1201007010586],[-73.6056018989999,-43.1205367320586],[-73.6056424159999,-43.1203106830586],[-73.6051555679999,-43.1201369990586],[-73.6049601869999,-43.1196328380586],[-73.6039876219999,-43.1196386050586],[-73.6038453099999,-43.1198038780586],[-73.6033951159999,-43.1196714210587],[-73.6034750659999,-43.1193877890586],[-73.6018754069999,-43.1192435410586],[-73.6019184709999,-43.1191506040586],[-73.6025518349999,-43.1192050470586],[-73.6026669509999,-43.1187402380586],[-73.6031271069999,-43.1182460870586],[-73.6033700359999,-43.1182601860586],[-73.6035556339999,-43.1180151020586],[-73.6039553839999,-43.1180793470586],[-73.604195709,-43.1176010760586],[-73.6040505619999,-43.1174035800586]]]}},{"type":"Feature","properties":{"id":"10208011002027","commune":"Quellón","code":"10208","gse":"C3","quintil":"Q3","nse_score":693.8,"educ":11.3,"educ_score":553.3,"hacin":1.159,"hacin_class":"Hacinamiento Leve","hacin_score":817.3,"auto_score":151.5,"n_per":73,"n_hog":32,"source_year":2024},"geometry":{"type":"Polygon","coordinates":[[[-73.6181813149999,-43.1181087760586],[-73.6187750149999,-43.1181799690586],[-73.6181908429999,-43.1182261330586],[-73.6182310199999,-43.1191499630586],[-73.6195610919999,-43.1191311710586],[-73.6194885579999,-43.1174697340586],[-73.6181738789999,-43.1175161750586],[-73.6181813149999,-43.1181087760586]]]}},{"type":"Feature","properties":{"id":"10208011002029","commune":"Quellón","code":"10208","gse":"C1","quintil":"Q5","nse_score":783.7,"educ":13.3,"educ_score":686.7,"hacin":1.145,"hacin_class":"Hacinamiento Leve","hacin_score":820.1,"auto_score":74.1,"n_per":63,"n_hog":27,"source_year":2024},"geometry":{"type":"Polygon","coordinates":[[[-73.6169577059999,-43.1175822520586],[-73.6169969599999,-43.1191955630586],[-73.6181069239999,-43.1191638620586],[-73.6181047719999,-43.1189645610586],[-73.6177493199999,-43.1189683710586],[-73.6181050479999,-43.1189523180586],[-73.6180933399999,-43.1186642060586],[-73.6177772659999,-43.1186661500587],[-73.6180925689999,-43.1186493380586],[-73.6180255239999,-43.1175267200586],[-73.6169577059999,-43.1175822520586]]]}},{"type":"Feature","properties":{"id":"10208011002030","commune":"Quellón","code":"10208","gse":"C2","quintil":"Q3","nse_score":724.8,"educ":11.8,"educ_score":586.7,"hacin":1.238,"hacin_class":"Hacinamiento Leve","hacin_score":800.4,"auto_score":0.0,"n_per":26,"n_hog":12,"source_year":2024},"geometry":{"type":"Polygon","coordinates":[[[-73.6146641429999,-43.1176592270586],[-73.6145527859999,-43.1192276730586],[-73.6168608019999,-43.1191883340586],[-73.6167915659999,-43.1175801540586],[-73.6146641429999,-43.1176592270586]]]}},{"type":"Feature","properties":{"id":"10208011002031","commune":"Quellón","code":"10208","gse":"C3","quintil":"Q2","nse_score":673.8,"educ":11.4,"educ_score":560.0,"hacin":1.435,"hacin_class":"Hacinamiento Leve","hacin_score":758.6,"auto_score":0.0,"n_per":99,"n_hog":42,"source_year":2024},"geometry":{"type":"Polygon","coordinates":[[[-73.6121327229999,-43.1191283740587],[-73.6144521239999,-43.1192162790586],[-73.6145353239999,-43.1176809890586],[-73.6122558709999,-43.1177643010586],[-73.6121327229999,-43.1191283740587]]]}},{"type":"Feature","properties":{"id":"10208011002032","commune":"Quellón","code":"10208","gse":"C1","quintil":"Q5","nse_score":782.5,"educ":13.2,"educ_score":680.0,"hacin":1.212,"hacin_class":"Hacinamiento Leve","hacin_score":805.9,"auto_score":31.2,"n_per":40,"n_hog":16,"source_year":2024},"geometry":{"type":"Polygon","coordinates":[[[-73.6069182069999,-43.1177106860586],[-73.6062504009999,-43.1187495350586],[-73.6078285769999,-43.1188423160586],[-73.6079047689999,-43.1184365900586],[-73.6072578389999,-43.1183714500586],[-73.6072592079999,-43.1182461170586],[-73.6079041989999,-43.1183803930586],[-73.6078931519999,-43.1178701410586],[-73.6069182069999,-43.1177106860586]]]}},{"type":"Feature","properties":{"id":"10208011002033","commune":"Quellón","code":"10208","gse":"C3","quintil":"Q3","nse_score":694.3,"educ":11.1,"educ_score":540.0,"hacin":1.188,"hacin_class":"Hacinamiento Leve","hacin_score":811.1,"auto_score":90.4,"n_per":177,"n_hog":82,"source_year":2024},"geometry":{"type":"Polygon","coordinates":[[[-73.6105315439999,-43.1190478830586],[-73.610565903,-43.1186903670586],[-73.6105688789999,-43.1190500380586],[-73.6108527999999,-43.1190657450586],[-73.6109368119999,-43.1185579980586],[-73.6108841079999,-43.1190673850586],[-73.6119543869999,-43.1191218880586],[-73.6121346569999,-43.1177649920586],[-73.6096352589999,-43.1178824120586],[-73.6096159489999,-43.1189739100586],[-73.6105315439999,-43.1190478830586]]]}},{"type":"Feature","properties":{"id":"10208011002034","commune":"Quellón","code":"10208","gse":"D","quintil":"Q1","nse_score":639.5,"educ":10.0,"educ_score":466.7,"hacin":1.371,"hacin_class":"Hacinamiento Leve","hacin_score":772.2,"auto_score":63.4,"n_per":159,"n_hog":68,"source_year":2024},"geometry":{"type":"Polygon","coordinates":[[[-73.6079987789999,-43.1178900660586],[-73.6079933599999,-43.1184923270586],[-73.6076515339999,-43.1200742590586],[-73.6077362429999,-43.1205831560586],[-73.6081669949999,-43.1205170800586],[-73.6082990879999,-43.1199228440586],[-73.6094194049999,-43.1197496190586],[-73.6095207679999,-43.1194098420586],[-73.6095210619999,-43.1190386710586],[-73.6093402919999,-43.1190419670586],[-73.6091826449999,-43.1191423440586],[-73.6087393279999,-43.1192588780586],[-73.6084690549999,-43.1195123150586],[-73.6082534969999,-43.1196294560586],[-73.608715517,-43.1192410290587],[-73.6093325849999,-43.1190186410586],[-73.6095210859999,-43.1190158900586],[-73.6094995729999,-43.1179413640586],[-73.6093846079999,-43.1178560430586],[-73.6079987789999,-43.1178900660586]]]}},{"type":"Feature","properties":{"id":"10208011002035","commune":"Quellón","code":"10208","gse":"D","quintil":"Q1","nse_score":642.9,"educ":9.9,"educ_score":460.0,"hacin":1.321,"hacin_class":"Hacinamiento Leve","hacin_score":782.7,"auto_score":138.6,"n_per":222,"n_hog":84,"source_year":2024},"geometry":{"type":"Polygon","coordinates":[[[-73.5931399789999,-43.1190363990586],[-73.593013089,-43.1195359960587],[-73.5931638169999,-43.1195648630586],[-73.5930082199999,-43.1195629500586],[-73.5929422249999,-43.1199070820586],[-73.5936654389999,-43.1199047190586],[-73.5924039399999,-43.1200197730587],[-73.5928922009999,-43.1199068270586],[-73.5929232859999,-43.1197251300586],[-73.5923297519999,-43.1197224250586],[-73.592925895,-43.1197024740586],[-73.5930800549999,-43.1190689070586],[-73.5926973549999,-43.1190386270586],[-73.5930871149999,-43.1190451310586],[-73.5933548249999,-43.1181014870586],[-73.5915956279999,-43.1181587375586],[-73.5913719609999,-43.1190568930586],[-73.591518376,-43.1181614660586],[-73.59108312,-43.1181773570586],[-73.5909941859999,-43.1187531950586],[-73.5909446559999,-43.1181828630586],[-73.5903560759999,-43.1202367840586],[-73.5910287049999,-43.1203642030586],[-73.5925857789999,-43.1201898580586],[-73.5952907789999,-43.1201235110586],[-73.5999597509999,-43.1202985030586],[-73.5946425839999,-43.1200078510586],[-73.5941515369999,-43.1180257370586],[-73.5934325239999,-43.1180955090586],[-73.5931523069999,-43.1190093280586],[-73.5939118479999,-43.1190210920586],[-73.5931399789999,-43.1190363990586]]]}},{"type":"Feature","properties":{"id":"10208011002036","commune":"Quellón","code":"10208","gse":"D","quintil":"Q2","nse_score":651.2,"educ":9.6,"educ_score":440.0,"hacin":1.21,"hacin_class":"Hacinamiento Leve","hacin_score":806.3,"auto_score":222.2,"n_per":23,"n_hog":9,"source_year":2024},"geometry":{"type":"Polygon","coordinates":[[[-73.6034565689999,-43.1182681180586],[-73.6038004019999,-43.1183561580586],[-73.6038955799999,-43.1181360580586],[-73.6035121529999,-43.1180803550587],[-73.6034565689999,-43.1182681180586]]]}},{"type":"Feature","properties":{"id":"10208011002037","commune":"Quellón","code":"10208","gse":"C3","quintil":"Q2","nse_score":681.2,"educ":10.6,"educ_score":506.7,"hacin":1.531,"hacin_class":"Hacinamiento Medio","hacin_score":738.0,"auto_score":160.7,"n_per":98,"n_hog":28,"source_year":2024},"geometry":{"type":"Polygon","coordinates":[[[-73.6026492979999,-43.1192040000586],[-73.6030393929999,-43.1192364810586],[-73.6033607559999,-43.1183878440586],[-73.6030690799999,-43.1183511960586],[-73.6027777879999,-43.1187173990586],[-73.6026492979999,-43.1192040000586]]]}},{"type":"Feature","properties":{"id":"10208011002039","commune":"Quellón","code":"10208","gse":"D","quintil":"Q1","nse_score":642.9,"educ":9.7,"educ_score":446.7,"hacin":1.292,"hacin_class":"Hacinamiento Leve","hacin_score":788.9,"auto_score":137.9,"n_per":84,"n_hog":30,"source_year":2024},"geometry":{"type":"Polygon","coordinates":[[[-73.6031446789999,-43.1192345540586],[-73.6035270809999,-43.1192857340586],[-73.6038149959999,-43.1184838560586],[-73.6034271429999,-43.1184077130586],[-73.6031446789999,-43.1192345540586]]]}},{"type":"Feature","properties":{"id":"10208011002040","commune":"Quellón","code":"10208","gse":"E","quintil":"Q1","nse_score":603.8,"educ":9.3,"educ_score":420.0,"hacin":1.167,"hacin_class":"Hacinamiento Leve","hacin_score":815.6,"auto_score":88.2,"n_per":70,"n_hog":29,"source_year":2024},"geometry":{"type":"Polygon","coordinates":[[[-73.6035913259999,-43.1192952520586],[-73.6039625219999,-43.1193523590586],[-73.6042218829999,-43.1185766550586],[-73.6038794839999,-43.1185077240586],[-73.6035913259999,-43.1192952520586]]]}},{"type":"Feature","properties":{"id":"10208011002041","commune":"Quellón","code":"10208","gse":"D","quintil":"Q1","nse_score":623.8,"educ":10.2,"educ_score":480.0,"hacin":1.439,"hacin_class":"Hacinamiento Leve","hacin_score":757.7,"auto_score":125.0,"n_per":118,"n_hog":42,"source_year":2024},"geometry":{"type":"Polygon","coordinates":[[[-73.6062292539999,-43.1187918080586],[-73.6057604189999,-43.1197139110586],[-73.6060008629999,-43.1199242100586],[-73.6051259929999,-43.1198391770586],[-73.6051942729999,-43.1201145120586],[-73.6056715439999,-43.1202776730586],[-73.6056503449999,-43.1205428670586],[-73.606136724,-43.1206543570586],[-73.6072494789999,-43.1207014960586],[-73.6076905039999,-43.1205944850586],[-73.607619902,-43.1200760350586],[-73.6077477549999,-43.1196836420586],[-73.6076115479999,-43.1197289810586],[-73.6074652959999,-43.1197169360586],[-73.6077550629999,-43.1196665240586],[-73.6077901649999,-43.1194450790586],[-73.6072490629999,-43.1193218780586],[-73.6071632609999,-43.1199396380586],[-73.607216606,-43.1193167100586],[-73.6077327329999,-43.1192906660586],[-73.607804842,-43.1189078510586],[-73.6062292539999,-43.1187918080586]]]}},{"type":"Feature","properties":{"id":"10208011002042","commune":"Quellón","code":"10208","gse":"C3","quintil":"Q2","nse_score":669.0,"educ":10.5,"educ_score":500.0,"hacin":1.289,"hacin_class":"Hacinamiento Leve","hacin_score":789.6,"auto_score":67.0,"n_per":272,"n_hog":108,"source_year":2024},"geometry":{"type":"Polygon","coordinates":[[[-73.6119097209999,-43.1198560060586],[-73.6119481829999,-43.1192060070586],[-73.6106036989999,-43.1191281840586],[-73.6102946139999,-43.1198584950586],[-73.6102232189999,-43.1198465520586],[-73.610570547,-43.1191264360586],[-73.6096348999999,-43.1190815670586],[-73.6093623189999,-43.1210379510586],[-73.6099393999999,-43.1210458650586],[-73.6099356239999,-43.1206665430586],[-73.6099798369999,-43.1210433390586],[-73.6105488869999,-43.1209417900587],[-73.6104872719999,-43.1207584260586],[-73.6104800199999,-43.1202098610586],[-73.6105759599999,-43.1209349080586],[-73.6117843169999,-43.1207449070586],[-73.6118663509999,-43.1203515850586],[-73.6112648139999,-43.1202893560586],[-73.6118705289999,-43.1203190390586],[-73.6119044559999,-43.1199100520586],[-73.6114608939999,-43.1198197410586],[-73.6119097209999,-43.1198560060586]]]}},{"type":"Feature","properties":{"id":"10208011002043","commune":"Quellón","code":"10208","gse":"D","quintil":"Q1","nse_score":642.3,"educ":9.9,"educ_score":460.0,"hacin":1.345,"hacin_class":"Hacinamiento Leve","hacin_score":777.7,"auto_score":187.5,"n_per":39,"n_hog":16,"source_year":2024},"geometry":{"type":"Polygon","coordinates":[[[-73.5946608779999,-43.1199582830586],[-73.5959164539999,-43.1200052160586],[-73.5957889979999,-43.1191252570586],[-73.5944934949999,-43.1191172250586],[-73.5946608779999,-43.1199582830586]]]}},{"type":"Feature","properties":{"id":"10208011002044","commune":"Quellón","code":"10208","gse":"C2","quintil":"Q4","nse_score":732.4,"educ":12.8,"educ_score":653.3,"hacin":1.183,"hacin_class":"Hacinamiento Leve","hacin_score":812.0,"auto_score":169.4,"n_per":129,"n_hog":58,"source_year":2024},"geometry":{"type":"Polygon","coordinates":[[[-73.6121204989999,-43.1192069270586],[-73.6119481789999,-43.1207067340586],[-73.6131449019999,-43.1207566340586],[-73.6132876389999,-43.1199475920586],[-73.6131938179999,-43.1207602410586],[-73.6143677929999,-43.1207905440586],[-73.6144173419999,-43.1193032030586],[-73.6133145109999,-43.1192547600586],[-73.6133249379999,-43.1197059130586],[-73.6132654199999,-43.1192526610587],[-73.6121204989999,-43.1192069270586]]]}},{"type":"Feature","properties":{"id":"10208011002045","commune":"Quellón","code":"10208","gse":"C2","quintil":"Q4","nse_score":761.6,"educ":12.0,"educ_score":600.0,"hacin":0.958,"hacin_class":"Sin Hacinamiento","hacin_score":859.9,"auto_score":90.9,"n_per":23,"n_hog":11,"source_year":2024},"geometry":{"type":"Polygon","coordinates":[[[-73.6195600139999,-43.1196929630586],[-73.6195448679999,-43.1192239940586],[-73.6182308429999,-43.1192670220586],[-73.6182933079999,-43.1197194540586],[-73.6195600139999,-43.1196929630586]]]}},{"type":"Feature","properties":{"id":"10208011002046","commune":"Quellón","code":"10208","gse":"C1","quintil":"Q5","nse_score":780.1,"educ":13.0,"educ_score":666.7,"hacin":1.087,"hacin_class":"Hacinamiento Leve","hacin_score":832.6,"auto_score":181.8,"n_per":25,"n_hog":11,"source_year":2024},"geometry":{"type":"Polygon","coordinates":[[[-73.6181271819999,-43.1202844750586],[-73.6181188399999,-43.1192625180586],[-73.6169831169999,-43.1192971490586],[-73.6170025529999,-43.1202896150586],[-73.6181271819999,-43.1202844750586]]]}},{"type":"Feature","properties":{"id":"10208011002047","commune":"Quellón","code":"10208","gse":"C2","quintil":"Q4","nse_score":754.1,"educ":13.4,"educ_score":693.3,"hacin":1.163,"hacin_class":"Hacinamiento Leve","hacin_score":816.4,"auto_score":204.5,"n_per":50,"n_hog":21,"source_year":2024},"geometry":{"type":"Polygon","coordinates":[[[-73.616856659,-43.1193012940587],[-73.6145516239999,-43.1193227490586],[-73.6144934369999,-43.1207899040586],[-73.6155450999999,-43.1206847630586],[-73.6156431019999,-43.1204490350586],[-73.6158641709999,-43.1203649950586],[-73.6168835709999,-43.1202892570586],[-73.616856659,-43.1193012940587]]]}},{"type":"Feature","properties":{"id":"10208011002049","commune":"Quellón","code":"10208","gse":"D","quintil":"Q2","nse_score":648.1,"educ":9.1,"educ_score":406.7,"hacin":1.312,"hacin_class":"Hacinamiento Leve","hacin_score":784.6,"auto_score":312.5,"n_per":21,"n_hog":8,"source_year":2024},"geometry":{"type":"Polygon","coordinates":[[[-73.6034675939999,-43.1196288520586],[-73.6038173749999,-43.1197145130587],[-73.6039173119999,-43.1194832290586],[-73.603546117,-43.1194147010586],[-73.6034675939999,-43.1196288520586]]]}},{"type":"Feature","properties":{"id":"10208011002050","commune":"Quellón","code":"10208","gse":"C2","quintil":"Q4","nse_score":755.1,"educ":13.4,"educ_score":693.3,"hacin":1.588,"hacin_class":"Hacinamiento Medio","hacin_score":725.9,"auto_score":150.0,"n_per":27,"n_hog":10,"source_year":2024},"geometry":{"type":"Polygon","coordinates":[[[-73.6195754329999,-43.1197616750586],[-73.6182695429999,-43.1197922850586],[-73.6182600989999,-43.1202446580586],[-73.619592683,-43.1202409340586],[-73.6195754329999,-43.1197616750586]]]}},{"type":"Feature","properties":{"id":"10208011002051","commune":"Quellón","code":"10208","gse":"C3","quintil":"Q2","nse_score":673.0,"educ":10.8,"educ_score":520.0,"hacin":1.312,"hacin_class":"Hacinamiento Leve","hacin_score":784.6,"auto_score":92.6,"n_per":63,"n_hog":26,"source_year":2024},"geometry":{"type":"Polygon","coordinates":[[[-73.6092139469999,-43.1210542470586],[-73.6093944929999,-43.1198454870586],[-73.6083428289999,-43.1199671390586],[-73.6083160899999,-43.1207128550587],[-73.6086529549999,-43.1209601700586],[-73.6092139469999,-43.1210542470586]]]}},{"type":"Feature","properties":{"id":"10208011002053","commune":"Quellón","code":"10208","gse":"C3","quintil":"Q2","nse_score":668.0,"educ":9.8,"educ_score":453.3,"hacin":1.031,"hacin_class":"Hacinamiento Leve","hacin_score":844.4,"auto_score":233.3,"n_per":33,"n_hog":15,"source_year":2024},"geometry":{"type":"Polygon","coordinates":[[[-73.6081251749999,-43.1207308270586],[-73.6084545969999,-43.1209853120586],[-73.6087842669999,-43.1211162880586],[-73.6098639839999,-43.1211852410586],[-73.6110561769999,-43.1209537130586],[-73.6142496779999,-43.1209728100586],[-73.6155815979999,-43.1208659830586],[-73.6155953489999,-43.1207583370586],[-73.6143309049999,-43.1208890580586],[-73.6120661509999,-43.1208225250586],[-73.6110128749999,-43.1209116750586],[-73.6102222849999,-43.1211041400586],[-73.6091319039999,-43.1211378940586],[-73.6086195299999,-43.1210301800586],[-73.6081251749999,-43.1207308270586]]]}},{"type":"Feature","properties":{"id":"10208011003001","commune":"Quellón","code":"10208","gse":"D","quintil":"Q1","nse_score":647.6,"educ":10.1,"educ_score":473.3,"hacin":1.401,"hacin_class":"Hacinamiento Leve","hacin_score":765.7,"auto_score":125.0,"n_per":276,"n_hog":84,"source_year":2024},"geometry":{"type":"Polygon","coordinates":[[[-73.6160642299999,-43.1083537660586],[-73.6132774109999,-43.1082970190587],[-73.6123128449999,-43.1102446890587],[-73.612676555,-43.1104611940586],[-73.6131881389999,-43.1101518650586],[-73.6139329099999,-43.1107134170586],[-73.6138826839999,-43.1114787680586],[-73.6148190219999,-43.1116465970586],[-73.6172660949999,-43.1125800250586],[-73.6173219419999,-43.1123953410587],[-73.6146905079999,-43.1115313970587],[-73.6152996639999,-43.1116847610586],[-73.6154857729999,-43.1113495760587],[-73.6147190039999,-43.1108673600586],[-73.6145931689999,-43.1107075150586],[-73.6147124479999,-43.1108046800586],[-73.6149063579999,-43.1106643810586],[-73.6157205739999,-43.1107852290586],[-73.6158014279999,-43.1106991110586],[-73.6158274809999,-43.1104211230586],[-73.6152668719999,-43.1102887890586],[-73.6158770959999,-43.1103970640586],[-73.6160142809999,-43.1100673930587],[-73.6154566539999,-43.1099550940586],[-73.6160235089999,-43.1100367690586],[-73.6161387209999,-43.1097483090586],[-73.6155562459999,-43.1096214330586],[-73.6157584999999,-43.1093477950587],[-73.6156515089999,-43.1088206520587],[-73.615401243,-43.1087194740587],[-73.6156189409999,-43.1087248220586],[-73.6156553479999,-43.1084686800586],[-73.6156730409999,-43.1087306300586],[-73.6161580389999,-43.1087423450586],[-73.6160642299999,-43.1083537660586]]]}},{"type":"Feature","properties":{"id":"10208011003002","commune":"Quellón","code":"10208","gse":"C3","quintil":"Q2","nse_score":685.1,"educ":10.8,"educ_score":520.0,"hacin":1.286,"hacin_class":"Hacinamiento Leve","hacin_score":790.3,"auto_score":66.7,"n_per":45,"n_hog":16,"source_year":2024},"geometry":{"type":"Polygon","coordinates":[[[-73.6209386949999,-43.1102445560586],[-73.6208854209999,-43.1090283180587],[-73.6197920209999,-43.1088405860586],[-73.6191099899999,-43.1089039100586],[-73.6198543849999,-43.1088053100586],[-73.6209655099999,-43.1089900650586],[-73.6210261369999,-43.1095150810586],[-73.6215557219999,-43.1094868030586],[-73.6222401539999,-43.1091446060586],[-73.6215587459999,-43.1087972930587],[-73.6209299949999,-43.1086838440586],[-73.620879467,-43.1083158990586],[-73.6161455929999,-43.1083042010587],[-73.6161973929999,-43.1085182740587],[-73.6163377369999,-43.1085039840586],[-73.6162041129999,-43.1085448180586],[-73.6162576439999,-43.1087430950587],[-73.6171784399999,-43.1087586430586],[-73.6168946919999,-43.1083960100586],[-73.6181617549999,-43.1093180510587],[-73.6185305719999,-43.1099545570586],[-73.6202789719999,-43.1111046560586],[-73.6209386949999,-43.1102445560586]]]}},{"type":"Feature","properties":{"id":"10208011003003","commune":"Quellón","code":"10208","gse":"E","quintil":"Q1","nse_score":616.0,"educ":10.5,"educ_score":500.0,"hacin":1.286,"hacin_class":"Hacinamiento Leve","hacin_score":790.3,"auto_score":78.9,"n_per":54,"n_hog":18,"source_year":2024},"geometry":{"type":"Polygon","coordinates":[[[-73.6157471829999,-43.1095522260587],[-73.6161847329999,-43.1096171020587],[-73.6162660319999,-43.1092225960586],[-73.6161708959999,-43.1087984660587],[-73.6157043329999,-43.1087885300586],[-73.6158206849999,-43.1093415450586],[-73.6157471829999,-43.1095522260587]]]}},{"type":"Feature","properties":{"id":"10208011003004","commune":"Quellón","code":"10208","gse":"D","quintil":"Q2","nse_score":656.6,"educ":10.2,"educ_score":480.0,"hacin":1.284,"hacin_class":"Hacinamiento Leve","hacin_score":790.6,"auto_score":88.2,"n_per":131,"n_hog":46,"source_year":2024},"geometry":{"type":"Polygon","coordinates":[[[-73.6163466059999,-43.1091380750586],[-73.6172747759999,-43.1091769220587],[-73.6177690259999,-43.1095865740586],[-73.6178037569999,-43.1099394370586],[-73.6183972739999,-43.1100558570587],[-73.6181016959999,-43.1094127770586],[-73.6173900579999,-43.1088294120586],[-73.6162701669999,-43.1087972540587],[-73.6163466059999,-43.1091380750586]]]}},{"type":"Feature","properties":{"id":"10208011003005","commune":"Quellón","code":"10208","gse":"D","quintil":"Q1","nse_score":630.9,"educ":9.3,"educ_score":420.0,"hacin":1.364,"hacin_class":"Hacinamiento Leve","hacin_score":773.7,"auto_score":57.7,"n_per":75,"n_hog":26,"source_year":2024},"geometry":{"type":"Polygon","coordinates":[[[-73.616305242,-43.1096558600586],[-73.6166639559999,-43.1097184820586],[-73.6167775389999,-43.1095328310587],[-73.6176565509999,-43.1095190950586],[-73.6172642599999,-43.1092220350587],[-73.6163952589999,-43.1091852480587],[-73.616305242,-43.1096558600586]]]}},{"type":"Feature","properties":{"id":"10208011003007","commune":"Quellón","code":"10208","gse":"D","quintil":"Q1","nse_score":646.6,"educ":10.5,"educ_score":500.0,"hacin":1.323,"hacin_class":"Hacinamiento Leve","hacin_score":782.4,"auto_score":119.0,"n_per":127,"n_hog":41,"source_year":2024},"geometry":{"type":"Polygon","coordinates":[[[-73.6161386549999,-43.1100300530587],[-73.6182358919999,-43.1104350900587],[-73.6183634949999,-43.1101416300586],[-73.616259726,-43.1097382860586],[-73.6161386549999,-43.1100300530587]]]}},{"type":"Feature","properties":{"id":"10208011003009","commune":"Quellón","code":"10208","gse":"D","quintil":"Q2","nse_score":649.3,"educ":10.1,"educ_score":473.3,"hacin":1.362,"hacin_class":"Hacinamiento Leve","hacin_score":774.0,"auto_score":69.4,"n_per":94,"n_hog":35,"source_year":2024},"geometry":{"type":"Polygon","coordinates":[[[-73.6160118099999,-43.1104234520587],[-73.618108059,-43.1108045540586],[-73.6182288469999,-43.1104990350586],[-73.6161110279999,-43.1101043200587],[-73.6160118099999,-43.1104234520587]]]}},{"type":"Feature","properties":{"id":"10208011003010","commune":"Quellón","code":"10208","gse":"D","quintil":"Q2","nse_score":649.4,"educ":9.6,"educ_score":440.0,"hacin":1.38,"hacin_class":"Hacinamiento Leve","hacin_score":770.2,"auto_score":76.9,"n_per":69,"n_hog":25,"source_year":2024},"geometry":{"type":"Polygon","coordinates":[[[-73.6184394949999,-43.1112378440587],[-73.6188896079999,-43.1112938960587],[-73.6191638529999,-43.1104606370587],[-73.6187938399999,-43.1102355550586],[-73.6184394949999,-43.1112378440587]]]}},{"type":"Feature","properties":{"id":"10208011003011","commune":"Quellón","code":"10208","gse":"C3","quintil":"Q2","nse_score":672.5,"educ":10.6,"educ_score":506.7,"hacin":1.375,"hacin_class":"Hacinamiento Leve","hacin_score":771.3,"auto_score":64.1,"n_per":121,"n_hog":38,"source_year":2024},"geometry":{"type":"Polygon","coordinates":[[[-73.6158611519999,-43.1107837000587],[-73.6179624709999,-43.1111781630586],[-73.6180954559999,-43.1108505490587],[-73.6159765649999,-43.1104639180586],[-73.6158611519999,-43.1107837000587]]]}},{"type":"Feature","properties":{"id":"10208011003014","commune":"Quellón","code":"10208","gse":"D","quintil":"Q1","nse_score":629.9,"educ":9.9,"educ_score":460.0,"hacin":1.52,"hacin_class":"Hacinamiento Medio","hacin_score":740.4,"auto_score":119.0,"n_per":76,"n_hog":22,"source_year":2024},"geometry":{"type":"Polygon","coordinates":[[[-73.6196076079999,-43.1113563660586],[-73.6200709739999,-43.1113922580587],[-73.6200763539999,-43.1112870080586],[-73.6191542139999,-43.1107116960587],[-73.6189483499999,-43.1113053010586],[-73.6195261619999,-43.1113500570586],[-73.6195542509999,-43.1111776860587],[-73.6196076079999,-43.1113563660586]]]}},{"type":"Feature","properties":{"id":"10208011003016","commune":"Quellón","code":"10208","gse":"D","quintil":"Q1","nse_score":634.2,"educ":10.0,"educ_score":466.7,"hacin":1.524,"hacin_class":"Hacinamiento Medio","hacin_score":739.5,"auto_score":115.4,"n_per":125,"n_hog":38,"source_year":2024},"geometry":{"type":"Polygon","coordinates":[[[-73.6155832509999,-43.1113050800587],[-73.6175771279999,-43.1119757940586],[-73.6177645899999,-43.1116988320586],[-73.6157688489999,-43.1110109790587],[-73.6155832509999,-43.1113050800587]]]}},{"type":"Feature","properties":{"id":"10208011003018","commune":"Quellón","code":"10208","gse":"E","quintil":"Q1","nse_score":598.1,"educ":8.6,"educ_score":373.3,"hacin":1.511,"hacin_class":"Hacinamiento Medio","hacin_score":742.4,"auto_score":0.0,"n_per":71,"n_hog":23,"source_year":2024},"geometry":{"type":"Polygon","coordinates":[[[-73.6202514129999,-43.1115251060586],[-73.6189971039999,-43.1113768130586],[-73.6189505719999,-43.1117034370587],[-73.6201700329999,-43.1117796940586],[-73.6202514129999,-43.1115251060586]]]}},{"type":"Feature","properties":{"id":"10208011003019","commune":"Quellón","code":"10208","gse":"D","quintil":"Q2","nse_score":663.0,"educ":9.9,"educ_score":460.0,"hacin":1.432,"hacin_class":"Hacinamiento Leve","hacin_score":759.1,"auto_score":153.8,"n_per":116,"n_hog":39,"source_year":2024},"geometry":{"type":"Polygon","coordinates":[[[-73.6154029909999,-43.1117107080586],[-73.6173137549999,-43.1123445340586],[-73.6175078649999,-43.1120496860586],[-73.6155921509999,-43.1113975490586],[-73.6154029909999,-43.1117107080586]]]}},{"type":"Feature","properties":{"id":"10208011003020","commune":"Quellón","code":"10208","gse":"D","quintil":"Q2","nse_score":648.0,"educ":9.7,"educ_score":446.7,"hacin":1.351,"hacin_class":"Hacinamiento Leve","hacin_score":776.4,"auto_score":181.8,"n_per":127,"n_hog":43,"source_year":2024},"geometry":{"type":"Polygon","coordinates":[[[-73.6202110659999,-43.1118622900586],[-73.6189642289999,-43.1117766300586],[-73.6189341539999,-43.1120247510586],[-73.6192477849999,-43.1121201620586],[-73.6189248169999,-43.1121017810586],[-73.6188880859999,-43.1124048070587],[-73.6196019239999,-43.1124619140586],[-73.6197399329999,-43.1120574060587],[-73.6196923439999,-43.1124476380586],[-73.6201628949999,-43.1124757320586],[-73.6202110659999,-43.1118622900586]]]}},{"type":"Feature","properties":{"id":"10208011003022","commune":"Quellón","code":"10208","gse":"C3","quintil":"Q3","nse_score":714.8,"educ":11.8,"educ_score":586.7,"hacin":1.314,"hacin_class":"Hacinamiento Leve","hacin_score":784.2,"auto_score":137.9,"n_per":439,"n_hog":143,"source_year":2024},"geometry":{"type":"Polygon","coordinates":[[[-73.6171881019999,-43.1128099970586],[-73.6151068869999,-43.1122861400586],[-73.6138188899999,-43.1123639160586],[-73.6138243799999,-43.1125130610586],[-73.6147856949999,-43.1127235850586],[-73.6148124579999,-43.1129919800586],[-73.615665196,-43.1131669080586],[-73.6157605909999,-43.1130953040587],[-73.6155047139999,-43.1138248330587],[-73.6159161769999,-43.1138868120586],[-73.6162337169999,-43.1130932840586],[-73.6160186019999,-43.1139286620586],[-73.6164214789999,-43.1139899050586],[-73.6167322859999,-43.1131621660586],[-73.6168135529999,-43.1131829590586],[-73.6165096739999,-43.1139596340586],[-73.6170694119999,-43.1139761270586],[-73.6172114799999,-43.1135729920586],[-73.6171413089999,-43.1139817950586],[-73.6175728439999,-43.1140313780586],[-73.6177529869999,-43.1136020470586],[-73.6176317789999,-43.1140177720586],[-73.6178210889999,-43.1141203720586],[-73.6164757989999,-43.1140560280586],[-73.6163315819999,-43.1154157070586],[-73.6189651219999,-43.1153688260586],[-73.6189499769999,-43.1150247530586],[-73.6189976989999,-43.1153676890586],[-73.6198388529999,-43.1153436210586],[-73.61992921,-43.1147195120587],[-73.618067515,-43.1145852020586],[-73.6199360819999,-43.1146652970586],[-73.6201662099999,-43.1125343360586],[-73.6188025949999,-43.1124765150586],[-73.6186786499999,-43.1128631420586],[-73.6176544729999,-43.1125240210586],[-73.6178606759999,-43.1121708240586],[-73.6176279649999,-43.1120808800586],[-73.6171881019999,-43.1128099970586]]]}},{"type":"Feature","properties":{"id":"10208011003023","commune":"Quellón","code":"10208","gse":"C3","quintil":"Q3","nse_score":692.3,"educ":9.8,"educ_score":453.3,"hacin":1.2,"hacin_class":"Hacinamiento Leve","hacin_score":808.5,"auto_score":210.5,"n_per":54,"n_hog":19,"source_year":2024},"geometry":{"type":"Polygon","coordinates":[[[-73.6179362759999,-43.1122047020586],[-73.6177151809999,-43.1125011180587],[-73.6186540089999,-43.1128077790586],[-73.6186836709999,-43.1124776440587],[-73.6179362759999,-43.1122047020586]]]}},{"type":"Feature","properties":{"id":"10208011003025","commune":"Quellón","code":"10208","gse":"D","quintil":"Q1","nse_score":637.4,"educ":9.5,"educ_score":433.3,"hacin":1.311,"hacin_class":"Hacinamiento Leve","hacin_score":784.9,"auto_score":71.4,"n_per":59,"n_hog":22,"source_year":2024},"geometry":{"type":"Polygon","coordinates":[[[-73.6156565029999,-43.1132308260586],[-73.6147958099999,-43.1130325700586],[-73.6146820829999,-43.1132956620586],[-73.6155472989999,-43.1134842490587],[-73.6156565029999,-43.1132308260586]]]}},{"type":"Feature","properties":{"id":"10208011003026","commune":"Quellón","code":"10208","gse":"D","quintil":"Q2","nse_score":663.0,"educ":9.5,"educ_score":433.3,"hacin":1.244,"hacin_class":"Hacinamiento Leve","hacin_score":799.1,"auto_score":83.3,"n_per":56,"n_hog":23,"source_year":2024},"geometry":{"type":"Polygon","coordinates":[[[-73.6155336279999,-43.1135400030586],[-73.6146824219999,-43.1133460030586],[-73.6145629329999,-43.1135974990586],[-73.6154166979999,-43.1138035070586],[-73.6155336279999,-43.1135400030586]]]}},{"type":"Feature","properties":{"id":"10208011003027","commune":"Quellón","code":"10208","gse":"D","quintil":"Q2","nse_score":660.3,"educ":10.1,"educ_score":473.3,"hacin":1.538,"hacin_class":"Hacinamiento Medio","hacin_score":736.5,"auto_score":200.0,"n_per":60,"n_hog":20,"source_year":2024},"geometry":{"type":"Polygon","coordinates":[[[-73.6153987419999,-43.1138748770586],[-73.6145447279999,-43.1136961500586],[-73.6144167699999,-43.1139742880586],[-73.6152855029999,-43.1141599480586],[-73.6153987419999,-43.1138748770586]]]}},{"type":"Feature","properties":{"id":"10208011003028","commune":"Quellón","code":"10208","gse":"D","quintil":"Q1","nse_score":627.6,"educ":9.9,"educ_score":460.0,"hacin":1.619,"hacin_class":"Hacinamiento Medio","hacin_score":719.4,"auto_score":27.8,"n_per":102,"n_hog":35,"source_year":2024},"geometry":{"type":"Polygon","coordinates":[[[-73.615457982,-43.1143872970586],[-73.6142685789999,-43.1143646490586],[-73.6142519749999,-43.1146646660587],[-73.6153140279999,-43.1147264210586],[-73.6152686209999,-43.1154154530586],[-73.6157949199999,-43.1154161610586],[-73.6158697079999,-43.1139744060586],[-73.615451333,-43.1138919030587],[-73.6152849489999,-43.1143207660586],[-73.615457982,-43.1143872970586]]]}},{"type":"Feature","properties":{"id":"10208011003029","commune":"Quellón","code":"10208","gse":"C3","quintil":"Q2","nse_score":671.0,"educ":13.1,"educ_score":673.3,"hacin":0.9,"hacin_class":"Sin Hacinamiento","hacin_score":872.3,"auto_score":0.0,"n_per":9,"n_hog":5,"source_year":2024},"geometry":{"type":"Polygon","coordinates":[[[-73.6163626499999,-43.1146546680586],[-73.6164391759999,-43.1140581900586],[-73.6159561249999,-43.1140066980586],[-73.6158970119999,-43.1146400020586],[-73.6163626499999,-43.1146546680586]]]}},{"type":"Feature","properties":{"id":"10208011003030","commune":"Quellón","code":"10208","gse":"C3","quintil":"Q3","nse_score":702.5,"educ":11.6,"educ_score":573.3,"hacin":1.111,"hacin_class":"Hacinamiento Leve","hacin_score":827.4,"auto_score":62.5,"n_per":20,"n_hog":8,"source_year":2024},"geometry":{"type":"Polygon","coordinates":[[[-73.6152700869999,-43.1141949690586],[-73.6144130119999,-43.1140155740586],[-73.6142857239999,-43.1143074960586],[-73.6151356789999,-43.1143449830587],[-73.6152700869999,-43.1141949690586]]]}},{"type":"Feature","properties":{"id":"10208011003031","commune":"Quellón","code":"10208","gse":"C3","quintil":"Q3","nse_score":701.7,"educ":12.6,"educ_score":640.0,"hacin":1.64,"hacin_class":"Hacinamiento Medio","hacin_score":714.9,"auto_score":125.0,"n_per":41,"n_hog":16,"source_year":2024},"geometry":{"type":"Polygon","coordinates":[[[-73.6159029729999,-43.1154159260586],[-73.6162839059999,-43.1154041450587],[-73.6163589909999,-43.1146906000586],[-73.6158996999999,-43.1146761340586],[-73.6159029729999,-43.1154159260586]]]}},{"type":"Feature","properties":{"id":"10208011003032","commune":"Quellón","code":"10208","gse":"C3","quintil":"Q2","nse_score":679.7,"educ":9.9,"educ_score":460.0,"hacin":0.927,"hacin_class":"Sin Hacinamiento","hacin_score":866.6,"auto_score":71.4,"n_per":38,"n_hog":14,"source_year":2024},"geometry":{"type":"Polygon","coordinates":[[[-73.6147722809999,-43.1154074810586],[-73.6152082919999,-43.1154144530586],[-73.6152281859999,-43.1147558170586],[-73.6147871859999,-43.1147467560586],[-73.6147722809999,-43.1154074810586]]]}},{"type":"Feature","properties":{"id":"10208011003033","commune":"Quellón","code":"10208","gse":"E","quintil":"Q1","nse_score":472.6,"educ":7.2,"educ_score":280.0,"hacin":1.178,"hacin_class":"Hacinamiento Leve","hacin_score":813.2,"auto_score":0.0,"n_per":53,"n_hog":18,"source_year":2024},"geometry":{"type":"Polygon","coordinates":[[[-73.6142897319999,-43.1154153070586],[-73.6147239059999,-43.1154254930586],[-73.6147407079999,-43.1147471020587],[-73.6142467849999,-43.1147639250586],[-73.6142897319999,-43.1154153070586]]]}},{"type":"Feature","properties":{"id":"10208011003017","commune":"Quellón","code":"10208","gse":"D","quintil":"Q2","nse_score":661.3,"educ":10.1,"educ_score":473.3,"hacin":1.476,"hacin_class":"Hacinamiento Leve","hacin_score":749.7,"auto_score":58.8,"n_per":62,"n_hog":17,"source_year":2024},"geometry":{"type":"MultiPolygon","coordinates":[[[[-73.6179759699999,-43.1121003710586],[-73.6187841729999,-43.1124017550586],[-73.6188253549999,-43.1120692670586],[-73.6182234679999,-43.1118338710586],[-73.6179759699999,-43.1121003710586]]],[[[-73.6180843369999,-43.1112703570587],[-73.6176968459999,-43.1120284380586],[-73.6179123919999,-43.1120803580587],[-73.618221747,-43.1117809060586],[-73.6188416189999,-43.1120091180586],[-73.6189434039999,-43.1113741780587],[-73.6180843369999,-43.1112703570587]]]]}},{"type":"Feature","properties":{"id":"10208011004002","commune":"Quellón","code":"10208","gse":"E","quintil":"Q1","nse_score":590.0,"educ":9.7,"educ_score":446.7,"hacin":1.406,"hacin_class":"Hacinamiento Leve","hacin_score":764.6,"auto_score":90.3,"n_per":360,"n_hog":138,"source_year":2024},"geometry":{"type":"Polygon","coordinates":[[[-73.6246385269999,-43.1119146080587],[-73.6248364389999,-43.1121120560586],[-73.6245824119999,-43.1119567290586],[-73.6243866159999,-43.1120605180587],[-73.6250936979999,-43.1115503440587],[-73.6257683389999,-43.1120719010586],[-73.6265168289999,-43.1116606370587],[-73.6258880969999,-43.1111245940586],[-73.626539583,-43.1116159770586],[-73.6268067279999,-43.1114150460586],[-73.6270980569999,-43.1104401780586],[-73.6270639009999,-43.1098265000586],[-73.6272200219999,-43.1092159190587],[-73.6276255609999,-43.1089647170586],[-73.6277812519999,-43.1085314260587],[-73.6283025879999,-43.1080205990586],[-73.6284014419999,-43.1074380160587],[-73.6279650219999,-43.1073646510587],[-73.6277406359999,-43.1072358550587],[-73.6284088919999,-43.1074023200587],[-73.6285111389999,-43.1066152030586],[-73.6282293159999,-43.1055986980586],[-73.6283831219999,-43.1052577530586],[-73.6277127089999,-43.1053149290586],[-73.6273268029999,-43.1064603150586],[-73.6264291159999,-43.1075784770587],[-73.6265208239999,-43.1094180890586],[-73.6263918219999,-43.1096949410586],[-73.6259824359999,-43.1099876430586],[-73.6258626829999,-43.1104998320587],[-73.6250944599999,-43.1111364990586],[-73.6244271459999,-43.1112440020586],[-73.6233244229999,-43.1119192250586],[-73.6232661269999,-43.1120908980587],[-73.6228518159999,-43.1123718580587],[-73.622628544,-43.1130717500587],[-73.6221584329999,-43.1134330820586],[-73.6221038489999,-43.1136947100586],[-73.6218590709999,-43.1138118100587],[-73.6214829179999,-43.1145030470586],[-73.6212424189999,-43.1164884670587],[-73.6214373099999,-43.1163530530586],[-73.6215140809999,-43.1158954580586],[-73.6217834319999,-43.1154226230586],[-73.621909377,-43.1146413590587],[-73.6233262869999,-43.1131845220586],[-73.6241245049999,-43.1128101380586],[-73.6237756649999,-43.1125891880587],[-73.6241668909999,-43.1127946780586],[-73.6243561019999,-43.1127210340586],[-73.6238663359999,-43.1124025590586],[-73.624390075,-43.1127071900586],[-73.6250973819999,-43.1124782370586],[-73.6248305559999,-43.1122473000586],[-73.6251162539999,-43.1124752220586],[-73.6254547739999,-43.1123279580586],[-73.6251936459999,-43.1121092090586],[-73.6254648299999,-43.1123211970586],[-73.6257243499999,-43.1121201890586],[-73.6250932479999,-43.1116033770586],[-73.6246385269999,-43.1119146080587]]]}},{"type":"Feature","properties":{"id":"10208011004003","commune":"Quellón","code":"10208","gse":"E","quintil":"Q1","nse_score":591.2,"educ":9.5,"educ_score":433.3,"hacin":1.483,"hacin_class":"Hacinamiento Leve","hacin_score":748.3,"auto_score":200.0,"n_per":43,"n_hog":13,"source_year":2024},"geometry":{"type":"Polygon","coordinates":[[[-73.6297600009999,-43.1069586920586],[-73.6298152219999,-43.1065939780586],[-73.6285486719999,-43.1066223540587],[-73.6284288319999,-43.1074927730586],[-73.6290410979999,-43.1075065870586],[-73.6291442529999,-43.1068889470587],[-73.6297600009999,-43.1069586920586]]]}},{"type":"Feature","properties":{"id":"10208011004005","commune":"Quellón","code":"10208","gse":"D","quintil":"Q2","nse_score":660.7,"educ":10.7,"educ_score":513.3,"hacin":1.301,"hacin_class":"Hacinamiento Leve","hacin_score":787.0,"auto_score":138.5,"n_per":324,"n_hog":129,"source_year":2024},"geometry":{"type":"Polygon","coordinates":[[[-73.6210121429999,-43.1105241490587],[-73.6204429869999,-43.1111041110586],[-73.6202185459999,-43.1128527750587],[-73.6221562139999,-43.1127473590586],[-73.622281358,-43.1111302070586],[-73.6223425249999,-43.1111422820586],[-73.6221808009999,-43.1127740380586],[-73.6201901269999,-43.1129375610587],[-73.6201200869999,-43.1135526480586],[-73.621185711,-43.1135683150587],[-73.6201181069999,-43.1135796380586],[-73.6200819619999,-43.1140863410587],[-73.6208218489999,-43.1140499690586],[-73.6210142549999,-43.1140751600586],[-73.620081007,-43.1141069510586],[-73.6200282949999,-43.1146257980587],[-73.6212665279999,-43.1146036270587],[-73.6200288569999,-43.1146445340586],[-73.6199658509999,-43.1151236370586],[-73.6207642359999,-43.1151320040586],[-73.6199639779999,-43.1151413530587],[-73.6199354739999,-43.1153650470586],[-73.6210075689999,-43.1154073310586],[-73.6199243129999,-43.1154514480586],[-73.6198572779999,-43.1159128520586],[-73.6206641939999,-43.1160070480586],[-73.6198494729999,-43.1159761480586],[-73.6198008039999,-43.1163443240587],[-73.6212065079999,-43.1164804170586],[-73.6214468919999,-43.1144965170586],[-73.621817845,-43.1137825120586],[-73.6220536139999,-43.1136753050586],[-73.6221147979999,-43.1134245670586],[-73.6225859389999,-43.1130281550586],[-73.6228186889999,-43.1123550950586],[-73.623238882,-43.1120723090586],[-73.6232984079999,-43.1119000170586],[-73.6244049109999,-43.1112223150587],[-73.6250749739999,-43.1111130700586],[-73.6258423479999,-43.1104669370587],[-73.6239522829999,-43.1094550040586],[-73.6227004809999,-43.1093444210587],[-73.6223149669999,-43.1091929820587],[-73.6215806799999,-43.1095483210586],[-73.6211354509999,-43.1095722970586],[-73.6211061179999,-43.1102612980587],[-73.6210121429999,-43.1105241490587]]]}},{"type":"Feature","properties":{"id":"10208011004006","commune":"Quellón","code":"10208","gse":"D","quintil":"Q1","nse_score":638.6,"educ":10.5,"educ_score":500.0,"hacin":1.196,"hacin_class":"Hacinamiento Leve","hacin_score":809.4,"auto_score":149.3,"n_per":342,"n_hog":132,"source_year":2024},"geometry":{"type":"Polygon","coordinates":[[[-73.6273606599999,-43.1125701580586],[-73.6270736849999,-43.1125363940587],[-73.6270205529999,-43.1122365130586],[-73.6262300609999,-43.1124519330586],[-73.6270160749999,-43.1122040570586],[-73.6271068499999,-43.1122165830587],[-73.6271341589999,-43.1125417770586],[-73.6273609069999,-43.1125371130586],[-73.627362247,-43.1121142670586],[-73.6278788609999,-43.1119368580586],[-73.6282260709999,-43.1114681400586],[-73.6278673149999,-43.1113256320586],[-73.627339962,-43.1116760990587],[-73.6278418049999,-43.1113069820586],[-73.6275179329999,-43.1110231540587],[-73.6271273819999,-43.1116196050586],[-73.6275088919999,-43.1110060000586],[-73.6271360189999,-43.1101552520586],[-73.6269975679999,-43.1110097820586],[-73.6267360169999,-43.1115432360586],[-73.6252952969999,-43.1124603550586],[-73.6234403579999,-43.1131566290586],[-73.6221900069999,-43.1144378090586],[-73.6232667269999,-43.1145308230586],[-73.62345081,-43.1133732850586],[-73.6245341919999,-43.1133121550587],[-73.6234939259999,-43.1133918070586],[-73.6234845139999,-43.1137857810586],[-73.6245302899999,-43.1137837710586],[-73.6234154539999,-43.1138618510587],[-73.6234208729999,-43.1151936260586],[-73.6257857159999,-43.1150847410586],[-73.6259426609999,-43.1141355390587],[-73.6274918169999,-43.1138288830586],[-73.6274500589999,-43.1134360510586],[-73.6271426269999,-43.1134469490586],[-73.6274463089999,-43.1134005590587],[-73.6273606599999,-43.1125701580586]]]}},{"type":"Feature","properties":{"id":"10208011004007","commune":"Quellón","code":"10208","gse":"D","quintil":"Q1","nse_score":638.4,"educ":10.8,"educ_score":520.0,"hacin":1.404,"hacin_class":"Hacinamiento Leve","hacin_score":765.1,"auto_score":72.6,"n_per":264,"n_hog":97,"source_year":2024},"geometry":{"type":"Polygon","coordinates":[[[-73.6296239959999,-43.1113694860586],[-73.6273997829999,-43.1121395710586],[-73.6274166339999,-43.1125244200586],[-73.6281509359999,-43.1124593920586],[-73.6274201459999,-43.1125608040586],[-73.6274474949999,-43.1129523700587],[-73.6282127689999,-43.1129485100587],[-73.6274583979999,-43.1130199470586],[-73.6275057659999,-43.1133807940587],[-73.628272922,-43.1133353090586],[-73.6275250139999,-43.1134324420586],[-73.6275578649999,-43.1138049120586],[-73.6283152409999,-43.1137335830586],[-73.6275722819999,-43.1138692890586],[-73.6276299459999,-43.1143494820587],[-73.6280956709999,-43.1143132250586],[-73.6276358699999,-43.1143853760586],[-73.6277066779999,-43.1147743460586],[-73.629202829,-43.1145457220586],[-73.6300364829999,-43.1145787470586],[-73.6300193349999,-43.1142767260586],[-73.6295961739999,-43.1142618260587],[-73.630022418,-43.1142266970586],[-73.6300102549999,-43.1139510060586],[-73.6295075999999,-43.1139595740586],[-73.630010292,-43.1138997700586],[-73.6300053099999,-43.1136492880586],[-73.6294599069999,-43.1136127710587],[-73.6300969149999,-43.1135760060587],[-73.630115041,-43.1139039960586],[-73.630310973,-43.1139420910586],[-73.6301206029999,-43.1139577310586],[-73.6301223799999,-43.1142306850586],[-73.6306023419999,-43.1142376880586],[-73.6301318729999,-43.1142772730586],[-73.6301335069999,-43.1145798280586],[-73.6315247739999,-43.1146011180586],[-73.6310676179999,-43.1164306660586],[-73.6317011289999,-43.1164342170586],[-73.631748436,-43.1159329490586],[-73.6320327589999,-43.1158542270586],[-73.6317825279999,-43.1159474940586],[-73.6317399619999,-43.1164345910586],[-73.6323151819999,-43.1164276320586],[-73.6323698429999,-43.1161985500586],[-73.6327679119999,-43.1158031700586],[-73.6331141109999,-43.1149315740586],[-73.6330836649999,-43.1144446530586],[-73.6328789819999,-43.1141044290586],[-73.6329802389999,-43.1137632820586],[-73.6309324349999,-43.1137643640587],[-73.6310797629999,-43.1113531110586],[-73.6296239959999,-43.1113694860586]]]}},{"type":"Feature","properties":{"id":"10208011004008","commune":"Quellón","code":"10208","gse":"E","quintil":"Q1","nse_score":610.1,"educ":10.4,"educ_score":493.3,"hacin":1.395,"hacin_class":"Hacinamiento Leve","hacin_score":767.1,"auto_score":239.1,"n_per":53,"n_hog":21,"source_year":2024},"geometry":{"type":"Polygon","coordinates":[[[-73.6270705699999,-43.1148966520586],[-73.6276322799999,-43.1147979460586],[-73.6275009579999,-43.1138724640586],[-73.6271417429999,-43.1139618250586],[-73.6270705699999,-43.1148966520586]]]}},{"type":"Feature","properties":{"id":"10208011004009","commune":"Quellón","code":"10208","gse":"C3","quintil":"Q2","nse_score":682.9,"educ":10.9,"educ_score":526.7,"hacin":1.091,"hacin_class":"Hacinamiento Leve","hacin_score":831.7,"auto_score":159.1,"n_per":48,"n_hog":20,"source_year":2024},"geometry":{"type":"Polygon","coordinates":[[[-73.6264788759999,-43.1149675320586],[-73.6270021279999,-43.1148957410586],[-73.627088178,-43.1139662250586],[-73.6265538979999,-43.1140808360586],[-73.6264788759999,-43.1149675320586]]]}},{"type":"Feature","properties":{"id":"10208011004010","commune":"Quellón","code":"10208","gse":"E","quintil":"Q1","nse_score":607.6,"educ":9.7,"educ_score":446.7,"hacin":1.5,"hacin_class":"Hacinamiento Medio","hacin_score":744.7,"auto_score":194.4,"n_per":57,"n_hog":16,"source_year":2024},"geometry":{"type":"Polygon","coordinates":[[[-73.6258757139999,-43.1150509670586],[-73.6264237409999,-43.1149706520587],[-73.6264914109999,-43.1140884600586],[-73.6259557949999,-43.1141912560586],[-73.6258757139999,-43.1150509670586]]]}},{"type":"Feature","properties":{"id":"10208011004011","commune":"Quellón","code":"10208","gse":"C3","quintil":"Q3","nse_score":689.6,"educ":11.3,"educ_score":553.3,"hacin":1.443,"hacin_class":"Hacinamiento Leve","hacin_score":756.9,"auto_score":220.6,"n_per":88,"n_hog":33,"source_year":2024},"geometry":{"type":"Polygon","coordinates":[[[-73.6219102089999,-43.1147631130586],[-73.6224006109999,-43.1148247620586],[-73.6218877429999,-43.1148170600586],[-73.6217887969999,-43.1157038150587],[-73.6233259409999,-43.1150913610586],[-73.6232422939999,-43.1145899610586],[-73.6221110669999,-43.1145432050587],[-73.6219102089999,-43.1147631130586]]]}},{"type":"Feature","properties":{"id":"10208011004012","commune":"Quellón","code":"10208","gse":"C3","quintil":"Q3","nse_score":704.9,"educ":11.5,"educ_score":566.7,"hacin":1.262,"hacin_class":"Hacinamiento Leve","hacin_score":795.3,"auto_score":189.7,"n_per":154,"n_hog":58,"source_year":2024},"geometry":{"type":"Polygon","coordinates":[[[-73.6292089589999,-43.1145822810586],[-73.6281773579999,-43.1147543390586],[-73.6284224389999,-43.1155376160586],[-73.6285183169999,-43.1164729170586],[-73.6305103239999,-43.1164225800586],[-73.6301706719999,-43.1162863240586],[-73.6301426169999,-43.1159350740586],[-73.6298283639999,-43.1159496800586],[-73.6301526379999,-43.1158880990587],[-73.630128538,-43.1156350470586],[-73.6298046309999,-43.1156096030586],[-73.6301184179999,-43.1155872910586],[-73.6300954369999,-43.1153226370587],[-73.6296607099999,-43.1152837510586],[-73.6300747669999,-43.1152574650586],[-73.6300607299999,-43.1149885960586],[-73.6296073859999,-43.1149348530587],[-73.6300479439999,-43.1149226180586],[-73.6300372709999,-43.1146159290587],[-73.6292089589999,-43.1145822810586]]]}},{"type":"Feature","properties":{"id":"10208011004013","commune":"Quellón","code":"10208","gse":"C2","quintil":"Q4","nse_score":727.9,"educ":12.0,"educ_score":600.0,"hacin":1.146,"hacin_class":"Hacinamiento Leve","hacin_score":820.0,"auto_score":186.0,"n_per":110,"n_hog":42,"source_year":2024},"geometry":{"type":"Polygon","coordinates":[[[-73.6301438879999,-43.1149194450586],[-73.6305157969999,-43.1149268010587],[-73.6301470889999,-43.1149798150586],[-73.6301777849999,-43.1152457320586],[-73.6305451459999,-43.1152722220586],[-73.6301839589999,-43.1152995650586],[-73.6302137209999,-43.1155742950586],[-73.6305294609999,-43.1155921220587],[-73.6302183219999,-43.1156270280586],[-73.6302555319999,-43.1162566340587],[-73.6310175819999,-43.1164303450586],[-73.6314749729999,-43.1146100230586],[-73.6301345329999,-43.1146212960586],[-73.6301438879999,-43.1149194450586]]]}},{"type":"Feature","properties":{"id":"10208011004014","commune":"Quellón","code":"10208","gse":"D","quintil":"Q2","nse_score":650.3,"educ":9.6,"educ_score":440.0,"hacin":1.551,"hacin_class":"Hacinamiento Medio","hacin_score":733.8,"auto_score":20.8,"n_per":76,"n_hog":22,"source_year":2024},"geometry":{"type":"Polygon","coordinates":[[[-73.6276865069999,-43.1148326680587],[-73.6278332799999,-43.1156153560586],[-73.6283566339999,-43.1155631180586],[-73.6281215699999,-43.1147624780586],[-73.6276865069999,-43.1148326680587]]]}},{"type":"Feature","properties":{"id":"10208011004015","commune":"Quellón","code":"10208","gse":"C3","quintil":"Q3","nse_score":693.1,"educ":11.3,"educ_score":553.3,"hacin":1.379,"hacin_class":"Hacinamiento Leve","hacin_score":770.4,"auto_score":109.4,"n_per":80,"n_hog":31,"source_year":2024},"geometry":{"type":"Polygon","coordinates":[[[-73.6275411379999,-43.1154813020586],[-73.6271797699999,-43.1157513170586],[-73.6273285039999,-43.1167504510586],[-73.6278458459999,-43.1166155920587],[-73.6277791519999,-43.1156893760586],[-73.6276015289999,-43.1148468260587],[-73.6270006369999,-43.1149378240586],[-73.6270745749999,-43.1153497290586],[-73.6274890459999,-43.1152806000586],[-73.6275411379999,-43.1154813020586]]]}},{"type":"Feature","properties":{"id":"10208011004016","commune":"Quellón","code":"10208","gse":"D","quintil":"Q2","nse_score":653.8,"educ":9.8,"educ_score":453.3,"hacin":1.29,"hacin_class":"Hacinamiento Leve","hacin_score":789.3,"auto_score":125.0,"n_per":80,"n_hog":28,"source_year":2024},"geometry":{"type":"Polygon","coordinates":[[[-73.6266668589999,-43.1158282090586],[-73.627105905,-43.1157351470587],[-73.6269324599999,-43.1149464850587],[-73.6262331409999,-43.1150348180586],[-73.6265060879999,-43.1150697920586],[-73.6266668589999,-43.1158282090586]]]}},{"type":"Feature","properties":{"id":"10208011004017","commune":"Quellón","code":"10208","gse":"D","quintil":"Q1","nse_score":632.2,"educ":9.5,"educ_score":433.3,"hacin":1.212,"hacin_class":"Hacinamiento Leve","hacin_score":805.9,"auto_score":85.7,"n_per":97,"n_hog":32,"source_year":2024},"geometry":{"type":"Polygon","coordinates":[[[-73.6258499289999,-43.1151211640586],[-73.6259546499999,-43.1156760320586],[-73.6261387179999,-43.1156622150586],[-73.6259620409999,-43.1157027750586],[-73.6260298139999,-43.1159478880586],[-73.6266183589999,-43.1158478880587],[-73.6264644459999,-43.1150796480586],[-73.6258499289999,-43.1151211640586]]]}},{"type":"Feature","properties":{"id":"10208011004018","commune":"Quellón","code":"10208","gse":"D","quintil":"Q1","nse_score":630.7,"educ":9.6,"educ_score":440.0,"hacin":1.23,"hacin_class":"Hacinamiento Leve","hacin_score":802.2,"auto_score":54.7,"n_per":150,"n_hog":58,"source_year":2024},"geometry":{"type":"Polygon","coordinates":[[[-73.6257764339999,-43.1151263140586],[-73.6234460149999,-43.1152564210586],[-73.6234591709999,-43.1154810680586],[-73.6246025659999,-43.1154627630586],[-73.6234665769999,-43.1155254790586],[-73.6234783729999,-43.1160883970586],[-73.6259403669999,-43.1159627520586],[-73.6257764339999,-43.1151263140586]]]}},{"type":"Feature","properties":{"id":"10208011004019","commune":"Quellón","code":"10208","gse":"E","quintil":"Q1","nse_score":612.1,"educ":8.5,"educ_score":366.7,"hacin":1.306,"hacin_class":"Hacinamiento Leve","hacin_score":785.9,"auto_score":46.3,"n_per":128,"n_hog":57,"source_year":2024},"geometry":{"type":"Polygon","coordinates":[[[-73.6215434029999,-43.1161497450586],[-73.6234027329999,-43.1160959520587],[-73.6233301359999,-43.1152002780586],[-73.6216618249999,-43.1157914320586],[-73.6215434029999,-43.1161497450586]]]}},{"type":"Feature","properties":{"id":"10208011004020","commune":"Quellón","code":"10208","gse":"D","quintil":"Q1","nse_score":647.0,"educ":10.1,"educ_score":473.3,"hacin":1.188,"hacin_class":"Hacinamiento Leve","hacin_score":811.2,"auto_score":142.9,"n_per":19,"n_hog":6,"source_year":2024},"geometry":{"type":"Polygon","coordinates":[[[-73.6274631499999,-43.1153273960586],[-73.6270880729999,-43.1154002270586],[-73.6271523859999,-43.1157122930586],[-73.6274959779999,-43.1154773550586],[-73.6274631499999,-43.1153273960586]]]}},{"type":"Feature","properties":{"id":"10208011004021","commune":"Quellón","code":"10208","gse":"E","quintil":"Q1","nse_score":566.0,"educ":7.6,"educ_score":306.7,"hacin":1.0,"hacin_class":"Hacinamiento Leve","hacin_score":851.1,"auto_score":20.0,"n_per":47,"n_hog":22,"source_year":2024},"geometry":{"type":"Polygon","coordinates":[[[-73.6279450669999,-43.1165997680586],[-73.6284518839999,-43.1164975140586],[-73.6283596229999,-43.1155935370586],[-73.6278410759999,-43.1156566120586],[-73.6279450669999,-43.1165997680586]]]}},{"type":"Feature","properties":{"id":"10208011004022","commune":"Quellón","code":"10208","gse":"D","quintil":"Q2","nse_score":651.0,"educ":10.4,"educ_score":493.3,"hacin":1.026,"hacin_class":"Hacinamiento Leve","hacin_score":845.5,"auto_score":43.5,"n_per":39,"n_hog":19,"source_year":2024},"geometry":{"type":"Polygon","coordinates":[[[-73.6271363399999,-43.1157683340586],[-73.6266543819999,-43.1159134240586],[-73.6267347499999,-43.1168504790586],[-73.6272809119999,-43.1167617950586],[-73.6271954499999,-43.1158627530586],[-73.6271363399999,-43.1157683340586]]]}},{"type":"Feature","properties":{"id":"10208011004023","commune":"Quellón","code":"10208","gse":"E","quintil":"Q1","nse_score":618.5,"educ":10.0,"educ_score":466.7,"hacin":1.368,"hacin_class":"Hacinamiento Leve","hacin_score":772.7,"auto_score":20.4,"n_per":104,"n_hog":45,"source_year":2024},"geometry":{"type":"Polygon","coordinates":[[[-73.6263506969999,-43.1163896410586],[-73.6262271799999,-43.1159770020586],[-73.6255771309999,-43.1160624840586],[-73.6256657619999,-43.1170670350586],[-73.6266660459999,-43.1168821950586],[-73.6265785839999,-43.1159335860586],[-73.6263009009999,-43.1159837410586],[-73.6263506969999,-43.1163896410586]]]}},{"type":"Feature","properties":{"id":"10208011004024","commune":"Quellón","code":"10208","gse":"E","quintil":"Q1","nse_score":573.5,"educ":8.6,"educ_score":373.3,"hacin":1.314,"hacin_class":"Hacinamiento Leve","hacin_score":784.3,"auto_score":55.6,"n_per":134,"n_hog":51,"source_year":2024},"geometry":{"type":"Polygon","coordinates":[[[-73.6235946379999,-43.1166208960586],[-73.6255098229999,-43.1165489210586],[-73.6255022579999,-43.1161291190586],[-73.6235343069999,-43.1161484120586],[-73.6235946379999,-43.1166208960586]]]}},{"type":"Feature","properties":{"id":"10208011004025","commune":"Quellón","code":"10208","gse":"D","quintil":"Q1","nse_score":638.7,"educ":10.7,"educ_score":513.3,"hacin":1.471,"hacin_class":"Hacinamiento Leve","hacin_score":750.8,"auto_score":81.1,"n_per":103,"n_hog":34,"source_year":2024},"geometry":{"type":"Polygon","coordinates":[[[-73.623400553,-43.1161548160586],[-73.6215250769999,-43.1162159780586],[-73.6212723199999,-43.1172852160586],[-73.6220587519999,-43.1172468760586],[-73.6220436869999,-43.1166781750586],[-73.6234427119999,-43.1166044800586],[-73.623400553,-43.1161548160586]]]}},{"type":"Feature","properties":{"id":"10208011004027","commune":"Quellón","code":"10208","gse":"E","quintil":"Q1","nse_score":548.3,"educ":10.3,"educ_score":486.7,"hacin":1.222,"hacin_class":"Hacinamiento Leve","hacin_score":803.8,"auto_score":0.0,"n_per":11,"n_hog":4,"source_year":2024},"geometry":{"type":"Polygon","coordinates":[[[-73.6196905169999,-43.1173547490586],[-73.6208525599999,-43.1173243940586],[-73.6212034149999,-43.1165037390586],[-73.6197877949999,-43.1164339280586],[-73.6196905169999,-43.1173547490586]]]}},{"type":"Feature","properties":{"id":"10208011004028","commune":"Quellón","code":"10208","gse":"D","quintil":"Q2","nse_score":665.1,"educ":10.7,"educ_score":513.3,"hacin":1.51,"hacin_class":"Hacinamiento Medio","hacin_score":742.6,"auto_score":111.1,"n_per":77,"n_hog":26,"source_year":2024},"geometry":{"type":"Polygon","coordinates":[[[-73.6236033799999,-43.1171959530587],[-73.6255501829999,-43.1170960830586],[-73.6255389179999,-43.1166384170586],[-73.6235792029999,-43.1166788800586],[-73.6236033799999,-43.1171959530587]]]}},{"type":"Feature","properties":{"id":"10208011004029","commune":"Quellón","code":"10208","gse":"E","quintil":"Q1","nse_score":604.0,"educ":9.8,"educ_score":453.3,"hacin":1.25,"hacin_class":"Hacinamiento Leve","hacin_score":797.9,"auto_score":41.7,"n_per":40,"n_hog":19,"source_year":2024},"geometry":{"type":"Polygon","coordinates":[[[-73.6221027199999,-43.1167281920586],[-73.6221509199999,-43.1172478060587],[-73.6234951879999,-43.1171806030586],[-73.6234146129999,-43.1166735680586],[-73.6221027199999,-43.1167281920586]]]}},{"type":"Feature","properties":{"id":"10208011004001","commune":"Quellón","code":"10208","gse":"D","quintil":"Q1","nse_score":628.9,"educ":10.4,"educ_score":493.3,"hacin":1.353,"hacin_class":"Hacinamiento Leve","hacin_score":775.9,"auto_score":228.9,"n_per":203,"n_hog":74,"source_year":2024},"geometry":{"type":"MultiPolygon","coordinates":[[[[-73.6280119889999,-43.1088959590586],[-73.6280643149999,-43.1091955030587],[-73.6285134789999,-43.1089727320586],[-73.6289900749999,-43.1089974940586],[-73.6289734239999,-43.1087566060586],[-73.6282430539999,-43.1087410470587],[-73.6280119889999,-43.1088959590586]]],[[[-73.6282672369999,-43.1056040200586],[-73.6284377809999,-43.1062968440586],[-73.629314888,-43.1061651530586],[-73.6284497689999,-43.1063288130587],[-73.6285452679999,-43.1065845070586],[-73.6298458829999,-43.1065591570587],[-73.6298477559999,-43.1068016360587],[-73.6296744079999,-43.1075101780586],[-73.6297477499999,-43.1070090710587],[-73.6291972579999,-43.1069020430587],[-73.6291166939999,-43.1075039580586],[-73.6284206149999,-43.1075286090586],[-73.6283372569999,-43.1080371860586],[-73.6280407289999,-43.1083454550587],[-73.6284542079999,-43.1081567530586],[-73.628824,-43.1077582530586],[-73.6292480019999,-43.1079054250587],[-73.6298690359999,-43.1079064470587],[-73.6292371889999,-43.1079344480586],[-73.6288464949999,-43.1077978370587],[-73.6287940459999,-43.1079643240587],[-73.6282144609999,-43.1083327360587],[-73.6279247979999,-43.1084478880586],[-73.6280066899999,-43.1088601020586],[-73.6282258979999,-43.1087049670586],[-73.6290014849999,-43.1087214100586],[-73.6290394689999,-43.1090000340587],[-73.630290854,-43.1089872450586],[-73.6285302709999,-43.1090081750586],[-73.6283635839999,-43.1091046180587],[-73.6304200899999,-43.1091565620586],[-73.6293370929999,-43.1092304280586],[-73.6283062479999,-43.1091301000587],[-73.6280359529999,-43.1092420820586],[-73.6278826689999,-43.1084862460586],[-73.6276544809999,-43.1089901940587],[-73.6272106009999,-43.1093429110586],[-73.6271024739999,-43.1099347050586],[-73.6273369439999,-43.1106343940586],[-73.6275713289999,-43.1109696620587],[-73.6279141909999,-43.1103005800586],[-73.6275725939999,-43.1110560320587],[-73.6282614259999,-43.1114188020586],[-73.6284591989999,-43.1112339610586],[-73.6285850309999,-43.1111927690586],[-73.6283574829999,-43.1108298550587],[-73.6286151269999,-43.1111831230586],[-73.62891278,-43.1110605720586],[-73.6286624419999,-43.1106973660587],[-73.6289405359999,-43.1110472790586],[-73.6292173609999,-43.1109147030586],[-73.6289768029999,-43.1106060980587],[-73.6292456169999,-43.1109011710587],[-73.6297301879999,-43.1106691010586],[-73.6293207789999,-43.1104665830586],[-73.6297665149999,-43.1106517040587],[-73.6300004329999,-43.1105560190586],[-73.6304432949999,-43.1106892660587],[-73.6304818909999,-43.1107479520586],[-73.6303824519999,-43.1110275390586],[-73.6304238969999,-43.1107230560586],[-73.6300008359999,-43.1105947500587],[-73.6284786959999,-43.1112667540586],[-73.6279333879999,-43.1119113080586],[-73.6296239959999,-43.1113694860586],[-73.6310797629999,-43.1113531100586],[-73.631195955,-43.1094514300586],[-73.6310066759999,-43.1092291940587],[-73.630484324,-43.1091574780586],[-73.6313771229999,-43.1076777510586],[-73.6304425969999,-43.1077013620586],[-73.6304484249999,-43.1057251940587],[-73.6299715629999,-43.1058124490586],[-73.6301121519999,-43.1052340740587],[-73.6284289309999,-43.1052538460586],[-73.6282672369999,-43.1056040200586]]]]}},{"type":"Feature","properties":{"id":"10208011005001","commune":"Quellón","code":"10208","gse":"D","quintil":"Q1","nse_score":638.6,"educ":9.8,"educ_score":453.3,"hacin":1.327,"hacin_class":"Hacinamiento Leve","hacin_score":781.5,"auto_score":124.5,"n_per":605,"n_hog":239,"source_year":2024},"geometry":{"type":"Polygon","coordinates":[[[-73.6077554709999,-43.1146203300586],[-73.6072242559999,-43.1147596770586],[-73.6070186929999,-43.1147241420586],[-73.6068853019999,-43.1151032370586],[-73.6081803019999,-43.1156681970586],[-73.609356181,-43.1170383640586],[-73.6095551049999,-43.1167486570587],[-73.6094956239999,-43.1164426360586],[-73.6095793039999,-43.1167518770587],[-73.6093672019999,-43.1170560590586],[-73.6097597229999,-43.1175699290586],[-73.6103048839999,-43.1177104530586],[-73.6120580039999,-43.1176486210586],[-73.612120091,-43.1165768210587],[-73.6113836869999,-43.1165717570586],[-73.6112543189999,-43.1167863000586],[-73.6114903869999,-43.1153593050586],[-73.6090028469999,-43.1152776700586],[-73.6097353299999,-43.1142142360587],[-73.6116302659999,-43.1146103310586],[-73.6116673239999,-43.1147049560586],[-73.6125915379999,-43.1147811690586],[-73.6127395929999,-43.1141286550586],[-73.6105959739999,-43.1136628510586],[-73.6112845239999,-43.1137606280587],[-73.6114009099999,-43.1135219740586],[-73.6107277069999,-43.1133055220587],[-73.6114241699999,-43.1134554410586],[-73.6115301539999,-43.1131867420586],[-73.6113117509999,-43.1130756360587],[-73.6116030689999,-43.1131274630586],[-73.6118075779999,-43.1127967720587],[-73.6131587169999,-43.1130894580586],[-73.6132657609999,-43.1128123290586],[-73.6125940709999,-43.1126704650586],[-73.6128524219999,-43.1126706260587],[-73.6129548929999,-43.1124272990586],[-73.6129134479999,-43.1126841530586],[-73.6132839579999,-43.1127685160587],[-73.6134666879999,-43.1124266090587],[-73.6140643629999,-43.1122390750586],[-73.614845053,-43.1122217450586],[-73.6159410999999,-43.1124029440586],[-73.6161081099999,-43.1122648730587],[-73.6149471859999,-43.1117236860586],[-73.6138339779999,-43.1114862580586],[-73.6139109799999,-43.1107141700586],[-73.6131723949999,-43.1101773640586],[-73.6127079249999,-43.1104900250586],[-73.6122939509999,-43.1102776810587],[-73.6121053799999,-43.1106069490586],[-73.6072627889999,-43.1107664060586],[-73.6072876639999,-43.1109268770586],[-73.6094899159999,-43.1108880820586],[-73.6089333279999,-43.1109136960587],[-73.6089340259999,-43.1117959980586],[-73.6092979589999,-43.1118672350586],[-73.6085265109999,-43.1118309430586],[-73.6084812919999,-43.1127381170586],[-73.6074224769999,-43.1126329600586],[-73.607418875,-43.1127842350586],[-73.6083987669999,-43.1129057740587],[-73.6074166639999,-43.1128387480586],[-73.607322484,-43.1142046650586],[-73.6070279239999,-43.1147085250586],[-73.6077554709999,-43.1146203300586]]]}},{"type":"Feature","properties":{"id":"10208011005002","commune":"Quellón","code":"10208","gse":"E","quintil":"Q1","nse_score":586.1,"educ":8.8,"educ_score":386.7,"hacin":1.375,"hacin_class":"Hacinamiento Leve","hacin_score":771.3,"auto_score":50.0,"n_per":55,"n_hog":17,"source_year":2024},"geometry":{"type":"Polygon","coordinates":[[[-73.6084931639999,-43.1117752400586],[-73.6088603919999,-43.1117925310586],[-73.6088569959999,-43.1109368120586],[-73.6084441089999,-43.1109484240586],[-73.6084931639999,-43.1117752400586]]]}},{"type":"Feature","properties":{"id":"10208011005003","commune":"Quellón","code":"10208","gse":"E","quintil":"Q1","nse_score":571.1,"educ":7.6,"educ_score":306.7,"hacin":1.735,"hacin_class":"Hacinamiento Medio","hacin_score":694.6,"auto_score":50.0,"n_per":59,"n_hog":19,"source_year":2024},"geometry":{"type":"Polygon","coordinates":[[[-73.6079718539999,-43.1117619740586],[-73.6083809929999,-43.1117715380586],[-73.6083949259999,-43.1109498070586],[-73.607952984,-43.1109622340586],[-73.6079718539999,-43.1117619740586]]]}},{"type":"Feature","properties":{"id":"10208011005004","commune":"Quellón","code":"10208","gse":"E","quintil":"Q1","nse_score":561.8,"educ":7.2,"educ_score":280.0,"hacin":1.4,"hacin_class":"Hacinamiento Leve","hacin_score":766.0,"auto_score":50.0,"n_per":63,"n_hog":19,"source_year":2024},"geometry":{"type":"Polygon","coordinates":[[[-73.6074484639999,-43.1117497370586],[-73.6078697209999,-43.1117595860586],[-73.6079037469999,-43.1109636180586],[-73.6072960079999,-43.1109807040586],[-73.6074484639999,-43.1117497370586]]]}},{"type":"Feature","properties":{"id":"10208011005005","commune":"Quellón","code":"10208","gse":"D","quintil":"Q1","nse_score":645.8,"educ":8.8,"educ_score":386.7,"hacin":1.222,"hacin_class":"Hacinamiento Leve","hacin_score":803.8,"auto_score":111.1,"n_per":55,"n_hog":18,"source_year":2024},"geometry":{"type":"Polygon","coordinates":[[[-73.6074240839999,-43.1125784970587],[-73.6079114499999,-43.1126327560586],[-73.6079450039999,-43.1118153930586],[-73.6074507859999,-43.1118038380587],[-73.6074240839999,-43.1125784970587]]]}},{"type":"Feature","properties":{"id":"10208011005006","commune":"Quellón","code":"10208","gse":"E","quintil":"Q1","nse_score":588.6,"educ":8.7,"educ_score":380.0,"hacin":1.371,"hacin_class":"Hacinamiento Leve","hacin_score":772.0,"auto_score":125.0,"n_per":48,"n_hog":18,"source_year":2024},"geometry":{"type":"Polygon","coordinates":[[[-73.6079604039999,-43.1126382060586],[-73.6084178359999,-43.1126891290586],[-73.6084528879999,-43.1118274760586],[-73.6079941339999,-43.1118165420586],[-73.6079604039999,-43.1126382060586]]]}},{"type":"Feature","properties":{"id":"10208011005007","commune":"Quellón","code":"10208","gse":"D","quintil":"Q1","nse_score":623.4,"educ":11.1,"educ_score":540.0,"hacin":1.268,"hacin_class":"Hacinamiento Leve","hacin_score":794.0,"auto_score":57.7,"n_per":52,"n_hog":19,"source_year":2024},"geometry":{"type":"Polygon","coordinates":[[[-73.6073627279999,-43.1122551760587],[-73.6056947769999,-43.1119681800587],[-73.6046203629999,-43.1148560920586],[-73.6046095829999,-43.1154163260586],[-73.6048689069999,-43.1160935780586],[-73.6055815569999,-43.1159094860586],[-73.6052626919999,-43.1154884100586],[-73.6050375069999,-43.1155102470586],[-73.6052161829999,-43.1153552030586],[-73.6056661839999,-43.1159014230586],[-73.6077495719999,-43.1155341890587],[-73.6069667399999,-43.1152573090587],[-73.6067738719999,-43.1150304730586],[-73.6072551939999,-43.1141686450586],[-73.6073627279999,-43.1122551760587]]]}},{"type":"Feature","properties":{"id":"10208011005008","commune":"Quellón","code":"10208","gse":"E","quintil":"Q1","nse_score":603.2,"educ":10.4,"educ_score":493.3,"hacin":1.632,"hacin_class":"Hacinamiento Medio","hacin_score":716.7,"auto_score":45.5,"n_per":31,"n_hog":10,"source_year":2024},"geometry":{"type":"Polygon","coordinates":[[[-73.6172636899999,-43.1126173260587],[-73.61619092,-43.1122892230586],[-73.6160980529999,-43.1124417720587],[-73.617213165,-43.1127684000586],[-73.6172636899999,-43.1126173260587]]]}},{"type":"Feature","properties":{"id":"10208011005009","commune":"Quellón","code":"10208","gse":"E","quintil":"Q1","nse_score":609.2,"educ":9.3,"educ_score":420.0,"hacin":1.444,"hacin_class":"Hacinamiento Leve","hacin_score":756.5,"auto_score":0.0,"n_per":13,"n_hog":7,"source_year":2024},"geometry":{"type":"Polygon","coordinates":[[[-73.6134743929999,-43.1125322880587],[-73.6133937999999,-43.1127919990587],[-73.6138035369999,-43.1128701720586],[-73.6139046589999,-43.1125938720586],[-73.6134743929999,-43.1125322880587]]]}},{"type":"Feature","properties":{"id":"10208011005010","commune":"Quellón","code":"10208","gse":"D","quintil":"Q2","nse_score":649.0,"educ":10.2,"educ_score":480.0,"hacin":1.293,"hacin_class":"Hacinamiento Leve","hacin_score":788.7,"auto_score":105.1,"n_per":428,"n_hog":147,"source_year":2024},"geometry":{"type":"Polygon","coordinates":[[[-73.6138696959999,-43.1128850220586],[-73.6140178249999,-43.1129711010586],[-73.6133642339999,-43.1128385550586],[-73.6132666979999,-43.1131137280586],[-73.6139496359999,-43.1132531130586],[-73.6139343499999,-43.1132986720586],[-73.613261399,-43.1131578780586],[-73.6131481709999,-43.1134094480586],[-73.6138878289999,-43.1135845490586],[-73.6138660529999,-43.1136344410586],[-73.6131207809999,-43.1134630540587],[-73.6130084079999,-43.1137311140587],[-73.6136935799999,-43.1138915980586],[-73.613673306,-43.1139403380587],[-73.613032099,-43.1137923630586],[-73.6128837409999,-43.1140536820587],[-73.6135537919999,-43.1142253300586],[-73.6135402439999,-43.1142592040586],[-73.6128705189999,-43.1141112420586],[-73.6127694339999,-43.1146112740586],[-73.6130751489999,-43.1146643340586],[-73.6131754799999,-43.1143213450586],[-73.6131265309999,-43.1146670020586],[-73.6133088509999,-43.1146757810587],[-73.6134107659999,-43.1143151860586],[-73.6133458979999,-43.1146769710586],[-73.6141731769999,-43.1146651520586],[-73.6141676869999,-43.1143746830586],[-73.6137190279999,-43.1142670430586],[-73.6141802049999,-43.1143210760587],[-73.6142886249999,-43.1140210010586],[-73.6138368439999,-43.1139319640586],[-73.6143222269999,-43.1139807960587],[-73.6144231739999,-43.1136959390587],[-73.6139809259999,-43.1136039560587],[-73.6144555499999,-43.1136392410586],[-73.6145537739999,-43.1133551600586],[-73.6141410859999,-43.1132659680586],[-73.6145810239999,-43.1133131680586],[-73.6146922969999,-43.1130226720586],[-73.6142648899999,-43.1129268180587],[-73.6147105519999,-43.1129762490586],[-73.6147701079999,-43.1128043490586],[-73.6139965539999,-43.1126066010586],[-73.6138696959999,-43.1128850220586]]]}},{"type":"Feature","properties":{"id":"10208011005011","commune":"Quellón","code":"10208","gse":"E","quintil":"Q1","nse_score":609.1,"educ":9.1,"educ_score":406.7,"hacin":1.234,"hacin_class":"Hacinamiento Leve","hacin_score":801.2,"auto_score":60.6,"n_per":79,"n_hog":31,"source_year":2024},"geometry":{"type":"Polygon","coordinates":[[[-73.6117491399999,-43.1128630920586],[-73.6117164009999,-43.1131368890586],[-73.6129988229999,-43.1134099790586],[-73.6131380889999,-43.1131429660586],[-73.6117491399999,-43.1128630920586]]]}},{"type":"Feature","properties":{"id":"10208011005012","commune":"Quellón","code":"10208","gse":"E","quintil":"Q1","nse_score":609.0,"educ":9.4,"educ_score":426.7,"hacin":1.266,"hacin_class":"Hacinamiento Leve","hacin_score":794.5,"auto_score":16.7,"n_per":100,"n_hog":30,"source_year":2024},"geometry":{"type":"Polygon","coordinates":[[[-73.6116371819999,-43.1132049930587],[-73.6115432159999,-43.1134795780586],[-73.6128600859999,-43.1137623630586],[-73.6129913519999,-43.1135121820587],[-73.6116371819999,-43.1132049930587]]]}},{"type":"Feature","properties":{"id":"10208011005013","commune":"Quellón","code":"10208","gse":"D","quintil":"Q2","nse_score":665.7,"educ":10.6,"educ_score":506.7,"hacin":1.354,"hacin_class":"Hacinamiento Leve","hacin_score":775.8,"auto_score":197.0,"n_per":88,"n_hog":31,"source_year":2024},"geometry":{"type":"Polygon","coordinates":[[[-73.6113941499999,-43.1137665510586],[-73.6127607219999,-43.1140803710586],[-73.6128680769999,-43.1138166680586],[-73.6115387969999,-43.1135119420586],[-73.6113941499999,-43.1137665510586]]]}},{"type":"Feature","properties":{"id":"10208011005014","commune":"Quellón","code":"10208","gse":"C3","quintil":"Q2","nse_score":675.5,"educ":10.5,"educ_score":500.0,"hacin":1.226,"hacin_class":"Hacinamiento Leve","hacin_score":803.0,"auto_score":250.0,"n_per":76,"n_hog":29,"source_year":2024},"geometry":{"type":"Polygon","coordinates":[[[-73.6098217859999,-43.1142750430586],[-73.6097294849999,-43.1152465220586],[-73.6101031709999,-43.1152724940586],[-73.6101484029999,-43.1143765320586],[-73.6098217859999,-43.1142750430586]]]}},{"type":"Feature","properties":{"id":"10208011005017","commune":"Quellón","code":"10208","gse":"C3","quintil":"Q3","nse_score":687.1,"educ":10.4,"educ_score":493.3,"hacin":1.139,"hacin_class":"Hacinamiento Leve","hacin_score":821.5,"auto_score":166.7,"n_per":82,"n_hog":30,"source_year":2024},"geometry":{"type":"Polygon","coordinates":[[[-73.6126949839999,-43.1147226840586],[-73.6126560319999,-43.1148761920586],[-73.6131783399999,-43.1149783380586],[-73.6126478989999,-43.1149077800586],[-73.6125794499999,-43.1153085840586],[-73.6136385019999,-43.1154002140586],[-73.6136595809999,-43.1147551000586],[-73.6126949839999,-43.1147226840586]]]}},{"type":"Feature","properties":{"id":"10208011005018","commune":"Quellón","code":"10208","gse":"D","quintil":"Q1","nse_score":633.2,"educ":9.5,"educ_score":433.3,"hacin":1.265,"hacin_class":"Hacinamiento Leve","hacin_score":794.7,"auto_score":71.4,"n_per":43,"n_hog":14,"source_year":2024},"geometry":{"type":"Polygon","coordinates":[[[-73.6111333559999,-43.1147436400586],[-73.6111112399999,-43.1152649260586],[-73.6115247149999,-43.1152653520586],[-73.6115843259999,-43.1147436210586],[-73.6111333559999,-43.1147436400586]]]}},{"type":"Feature","properties":{"id":"10208011005019","commune":"Quellón","code":"10208","gse":"E","quintil":"Q1","nse_score":561.9,"educ":7.8,"educ_score":320.0,"hacin":1.818,"hacin_class":"Hacinamiento Medio","hacin_score":677.0,"auto_score":153.8,"n_per":40,"n_hog":14,"source_year":2024},"geometry":{"type":"Polygon","coordinates":[[[-73.6116640689999,-43.1147419420587],[-73.6116102349999,-43.1152611670586],[-73.6120090859999,-43.1152832060586],[-73.6120783239999,-43.1147761750586],[-73.6116640689999,-43.1147419420587]]]}},{"type":"Feature","properties":{"id":"10208011005020","commune":"Quellón","code":"10208","gse":"E","quintil":"Q1","nse_score":615.4,"educ":8.6,"educ_score":373.3,"hacin":1.25,"hacin_class":"Hacinamiento Leve","hacin_score":797.9,"auto_score":133.3,"n_per":45,"n_hog":15,"source_year":2024},"geometry":{"type":"Polygon","coordinates":[[[-73.6102293409999,-43.1152752870586],[-73.6106049549999,-43.1152812900586],[-73.6105990029999,-43.1147457970587],[-73.6102211889999,-43.1147557050586],[-73.6102293409999,-43.1152752870586]]]}},{"type":"Feature","properties":{"id":"10208011005021","commune":"Quellón","code":"10208","gse":"D","quintil":"Q1","nse_score":635.2,"educ":9.2,"educ_score":413.3,"hacin":1.102,"hacin_class":"Hacinamiento Leve","hacin_score":829.4,"auto_score":184.2,"n_per":54,"n_hog":19,"source_year":2024},"geometry":{"type":"Polygon","coordinates":[[[-73.6106651179999,-43.1147463290587],[-73.6106697249999,-43.1152815360586],[-73.6110592829999,-43.1152802190586],[-73.6110650549999,-43.1147528060586],[-73.6106651179999,-43.1147463290587]]]}},{"type":"Feature","properties":{"id":"10208011005022","commune":"Quellón","code":"10208","gse":"D","quintil":"Q1","nse_score":619.6,"educ":9.6,"educ_score":440.0,"hacin":1.327,"hacin_class":"Hacinamiento Leve","hacin_score":781.6,"auto_score":0.0,"n_per":65,"n_hog":22,"source_year":2024},"geometry":{"type":"Polygon","coordinates":[[[-73.6141595999999,-43.1147765560586],[-73.6137040379999,-43.1147622120587],[-73.6137091439999,-43.1154017000586],[-73.6141616849999,-43.1153976380586],[-73.6141595999999,-43.1147765560586]]]}},{"type":"Feature","properties":{"id":"10208011005023","commune":"Quellón","code":"10208","gse":"D","quintil":"Q2","nse_score":652.2,"educ":10.1,"educ_score":473.3,"hacin":1.167,"hacin_class":"Hacinamiento Leve","hacin_score":815.6,"auto_score":45.5,"n_per":28,"n_hog":11,"source_year":2024},"geometry":{"type":"Polygon","coordinates":[[[-73.6121181409999,-43.1147794660586],[-73.6120658379999,-43.1152847050587],[-73.6124638309999,-43.1152903430586],[-73.6125820499999,-43.1148178000586],[-73.6121181409999,-43.1147794660586]]]}},{"type":"Feature","properties":{"id":"10208011005024","commune":"Quellón","code":"10208","gse":"D","quintil":"Q1","nse_score":622.7,"educ":9.4,"educ_score":426.7,"hacin":1.5,"hacin_class":"Hacinamiento Medio","hacin_score":744.7,"auto_score":285.7,"n_per":18,"n_hog":7,"source_year":2024},"geometry":{"type":"Polygon","coordinates":[[[-73.609335256,-43.1149607830587],[-73.6091834449999,-43.1152217860586],[-73.609668225,-43.1152486590586],[-73.6096698759999,-43.1149640400587],[-73.609335256,-43.1149607830587]]]}},{"type":"Feature","properties":{"id":"10208011005025","commune":"Quellón","code":"10208","gse":"D","quintil":"Q2","nse_score":662.6,"educ":10.1,"educ_score":473.3,"hacin":1.296,"hacin_class":"Hacinamiento Leve","hacin_score":788.2,"auto_score":105.3,"n_per":57,"n_hog":21,"source_year":2024},"geometry":{"type":"Polygon","coordinates":[[[-73.6124254679999,-43.1153888390586],[-73.611599914,-43.1153751320586],[-73.6115337639999,-43.1156587880587],[-73.6123149599999,-43.1156828540586],[-73.6124254679999,-43.1153888390586]]]}},{"type":"Feature","properties":{"id":"10208011005026","commune":"Quellón","code":"10208","gse":"C2","quintil":"Q3","nse_score":719.6,"educ":12.3,"educ_score":620.0,"hacin":1.341,"hacin_class":"Hacinamiento Leve","hacin_score":778.4,"auto_score":47.6,"n_per":55,"n_hog":22,"source_year":2024},"geometry":{"type":"Polygon","coordinates":[[[-73.6125391609999,-43.1153998530586],[-73.6124499379999,-43.1157038520587],[-73.6132212439999,-43.1158012700586],[-73.6132341229999,-43.1154868010586],[-73.6125391609999,-43.1153998530586]]]}},{"type":"Feature","properties":{"id":"10208011005027","commune":"Quellón","code":"10208","gse":"C2","quintil":"Q4","nse_score":753.5,"educ":13.3,"educ_score":686.7,"hacin":1.348,"hacin_class":"Hacinamiento Leve","hacin_score":777.1,"auto_score":100.0,"n_per":93,"n_hog":33,"source_year":2024},"geometry":{"type":"Polygon","coordinates":[[[-73.6169126839999,-43.1162905200586],[-73.6196762889999,-43.1164894930586],[-73.6198026229999,-43.1154188240586],[-73.6168748769999,-43.1155351960586],[-73.6169126839999,-43.1162905200586]]]}},{"type":"Feature","properties":{"id":"10208011005028","commune":"Quellón","code":"10208","gse":"D","quintil":"Q1","nse_score":638.9,"educ":9.5,"educ_score":433.3,"hacin":1.11,"hacin_class":"Hacinamiento Leve","hacin_score":827.7,"auto_score":120.7,"n_per":81,"n_hog":29,"source_year":2024},"geometry":{"type":"Polygon","coordinates":[[[-73.6133050959999,-43.1154860480586],[-73.6132792529999,-43.1158070150586],[-73.6144900239999,-43.1158373530586],[-73.6143847749999,-43.1154902070586],[-73.6133050959999,-43.1154860480586]]]}},{"type":"Feature","properties":{"id":"10208011005029","commune":"Quellón","code":"10208","gse":"C3","quintil":"Q3","nse_score":701.3,"educ":11.1,"educ_score":540.0,"hacin":1.256,"hacin_class":"Hacinamiento Leve","hacin_score":796.5,"auto_score":85.4,"n_per":98,"n_hog":42,"source_year":2024},"geometry":{"type":"Polygon","coordinates":[[[-73.6146676929999,-43.1175182560586],[-73.6168189529999,-43.1174393810586],[-73.6168126319999,-43.1172179680586],[-73.6164244899999,-43.1171946350586],[-73.6168102309999,-43.1171936260586],[-73.6167594539999,-43.1155027340587],[-73.6159886399999,-43.1154860280587],[-73.6159878789999,-43.1160170280586],[-73.6157162179999,-43.1160395850587],[-73.6154915149999,-43.1163923370586],[-73.6146993269999,-43.1163504560586],[-73.6146676929999,-43.1175182560586]]]}},{"type":"Feature","properties":{"id":"10208011005030","commune":"Quellón","code":"10208","gse":"D","quintil":"Q2","nse_score":653.2,"educ":10.1,"educ_score":473.3,"hacin":1.348,"hacin_class":"Hacinamiento Leve","hacin_score":777.1,"auto_score":115.4,"n_per":31,"n_hog":12,"source_year":2024},"geometry":{"type":"Polygon","coordinates":[[[-73.6159124369999,-43.1154867480587],[-73.6150793549999,-43.1154905240586],[-73.6152198419999,-43.1163411790586],[-73.6155435589999,-43.1162719150586],[-73.6156531839999,-43.1160604340587],[-73.6155299269999,-43.1159992410586],[-73.6159356939999,-43.1159928040586],[-73.6159124369999,-43.1154867480587]]]}},{"type":"Feature","properties":{"id":"10208011005031","commune":"Quellón","code":"10208","gse":"E","quintil":"Q1","nse_score":604.0,"educ":9.3,"educ_score":420.0,"hacin":1.042,"hacin_class":"Hacinamiento Leve","hacin_score":842.2,"auto_score":41.7,"n_per":25,"n_hog":11,"source_year":2024},"geometry":{"type":"Polygon","coordinates":[[[-73.6150058719999,-43.1154905430587],[-73.6145029579999,-43.1155310790586],[-73.6146824849999,-43.1162906410586],[-73.6151480249999,-43.1163426510586],[-73.6150058719999,-43.1154905430587]]]}},{"type":"Feature","properties":{"id":"10208011005032","commune":"Quellón","code":"10208","gse":"D","quintil":"Q2","nse_score":663.6,"educ":10.7,"educ_score":513.3,"hacin":1.256,"hacin_class":"Hacinamiento Leve","hacin_score":796.6,"auto_score":87.2,"n_per":260,"n_hog":100,"source_year":2024},"geometry":{"type":"Polygon","coordinates":[[[-73.6065293309999,-43.1157591290586],[-73.6066941399999,-43.1165454480586],[-73.6064362839999,-43.1157753750586],[-73.6056898979999,-43.1159505170586],[-73.6058079809999,-43.1162445200586],[-73.6051806899999,-43.1164144470586],[-73.6057324829999,-43.1162132540586],[-73.6055776749999,-43.1159776040587],[-73.6049219179999,-43.1162157090587],[-73.6055318439999,-43.1169564900586],[-73.6068006669999,-43.1176036300587],[-73.6070584789999,-43.1176358900586],[-73.6069405499999,-43.1168884670587],[-73.6071214159999,-43.1172328490586],[-73.6076948759999,-43.1172037200586],[-73.6074447319999,-43.1163855680586],[-73.607777542,-43.1172008540586],[-73.6082826969999,-43.1171428870586],[-73.6077948689999,-43.1172443770587],[-73.6080265979999,-43.1178070210586],[-73.6088020739999,-43.1178034290586],[-73.6086745519999,-43.1173656570586],[-73.6088384729999,-43.1178019480587],[-73.6094765859999,-43.1177188480586],[-73.6093434089999,-43.1171994230586],[-73.6086148939999,-43.1172926770587],[-73.6093366059999,-43.1171765420586],[-73.6081740209999,-43.1157717650586],[-73.607411597,-43.1156191320586],[-73.6065293309999,-43.1157591290586]]]}},{"type":"Feature","properties":{"id":"10208011005033","commune":"Quellón","code":"10208","gse":"C3","quintil":"Q3","nse_score":702.1,"educ":11.8,"educ_score":586.7,"hacin":1.381,"hacin_class":"Hacinamiento Leve","hacin_score":770.0,"auto_score":409.1,"n_per":29,"n_hog":11,"source_year":2024},"geometry":{"type":"Polygon","coordinates":[[[-73.6123286559999,-43.1157566790586],[-73.6115479129999,-43.1157125390586],[-73.6114790629999,-43.1159741910587],[-73.6122279929999,-43.1160120930586],[-73.6123286559999,-43.1157566790586]]]}},{"type":"Feature","properties":{"id":"10208011005034","commune":"Quellón","code":"10208","gse":"C2","quintil":"Q4","nse_score":744.0,"educ":12.6,"educ_score":640.0,"hacin":1.231,"hacin_class":"Hacinamiento Leve","hacin_score":802.0,"auto_score":157.9,"n_per":48,"n_hog":19,"source_year":2024},"geometry":{"type":"Polygon","coordinates":[[[-73.6124081139999,-43.1157597140586],[-73.6123456889999,-43.1160526910586],[-73.6131258549999,-43.1161389610586],[-73.6131787849999,-43.1158580250587],[-73.6124081139999,-43.1157597140586]]]}},{"type":"Feature","properties":{"id":"10208011005035","commune":"Quellón","code":"10208","gse":"C3","quintil":"Q2","nse_score":668.6,"educ":10.9,"educ_score":526.7,"hacin":1.197,"hacin_class":"Hacinamiento Leve","hacin_score":809.1,"auto_score":30.3,"n_per":91,"n_hog":34,"source_year":2024},"geometry":{"type":"Polygon","coordinates":[[[-73.6132673629999,-43.1158599990586],[-73.6132119359999,-43.1161644080586],[-73.6145886689999,-43.1162647420586],[-73.614491428,-43.1159112990586],[-73.6132673629999,-43.1158599990586]]]}},{"type":"Feature","properties":{"id":"10208011005036","commune":"Quellón","code":"10208","gse":"C1","quintil":"Q5","nse_score":791.4,"educ":13.0,"educ_score":666.7,"hacin":1.088,"hacin_class":"Hacinamiento Leve","hacin_score":832.3,"auto_score":156.2,"n_per":37,"n_hog":16,"source_year":2024},"geometry":{"type":"Polygon","coordinates":[[[-73.612226028,-43.1160609650586],[-73.6114837069999,-43.1160406120586],[-73.6114003929999,-43.1164961410586],[-73.6121006329999,-43.1164968930586],[-73.612226028,-43.1160609650586]]]}},{"type":"Feature","properties":{"id":"10208011005037","commune":"Quellón","code":"10208","gse":"C3","quintil":"Q3","nse_score":704.9,"educ":11.9,"educ_score":593.3,"hacin":1.35,"hacin_class":"Hacinamiento Leve","hacin_score":776.6,"auto_score":109.0,"n_per":189,"n_hog":73,"source_year":2024},"geometry":{"type":"Polygon","coordinates":[[[-73.6126831459999,-43.1164746930586],[-73.612210924,-43.1164518570586],[-73.6121990679999,-43.1167561470586],[-73.6125866629999,-43.1167845490586],[-73.6121990849999,-43.1167968640586],[-73.6122421589999,-43.1176150160586],[-73.6130286409999,-43.1176021320586],[-73.6132898839999,-43.1165336460586],[-73.6132624969999,-43.1168754940586],[-73.614131976,-43.1168826980586],[-73.613233626,-43.1169183670586],[-73.6130895419999,-43.1175996280586],[-73.6145606859999,-43.1175157900586],[-73.6146043699999,-43.1163315670586],[-73.6123045869999,-43.1161037900586],[-73.6122465609999,-43.1163870050586],[-73.6126831459999,-43.1164746930586]]]}},{"type":"Feature","properties":{"id":"10208011005039","commune":"Quellón","code":"10208","gse":"C3","quintil":"Q3","nse_score":708.5,"educ":12.8,"educ_score":653.3,"hacin":1.128,"hacin_class":"Hacinamiento Leve","hacin_score":823.9,"auto_score":166.7,"n_per":53,"n_hog":22,"source_year":2024},"geometry":{"type":"Polygon","coordinates":[[[-73.6168844699999,-43.1163752730586],[-73.6169238529999,-43.1174480330586],[-73.6195348389999,-43.1173411650586],[-73.61964237,-43.1165603110586],[-73.6186132639999,-43.1164967430586],[-73.6186108449999,-43.1166916670586],[-73.6191961489999,-43.1167585240586],[-73.6190689869999,-43.1167668940587],[-73.6190537019999,-43.1168944870586],[-73.6190241419999,-43.1167659930586],[-73.6185510329999,-43.1166949970587],[-73.6185670259999,-43.1164758340586],[-73.6172152059999,-43.1163603610586],[-73.617136823,-43.1166042530586],[-73.6171710099999,-43.1163634290586],[-73.6168844699999,-43.1163752730586]]]}},{"type":"Feature","properties":{"id":"10208011005040","commune":"Quellón","code":"10208","gse":"E","quintil":"Q1","nse_score":615.2,"educ":11.8,"educ_score":586.7,"hacin":1.5,"hacin_class":"Hacinamiento Medio","hacin_score":744.7,"auto_score":285.7,"n_per":12,"n_hog":4,"source_year":2024},"geometry":{"type":"Polygon","coordinates":[[[-73.6077300979999,-43.1172549350586],[-73.6071334549999,-43.1172764880586],[-73.6071290959999,-43.1176799370586],[-73.6078916689999,-43.1177891710586],[-73.6077300979999,-43.1172549350586]]]}},{"type":"Feature","properties":{"id":"10208033003001","commune":"Quellón","code":"10208","gse":"E","quintil":"Q1","nse_score":609.8,"educ":10.5,"educ_score":500.0,"hacin":1.571,"hacin_class":"Hacinamiento Medio","hacin_score":729.5,"auto_score":90.9,"n_per":33,"n_hog":11,"source_year":2024},"geometry":{"type":"Polygon","coordinates":[[[-73.5395904669999,-43.0265897310588],[-73.5391575849999,-43.0275561870588],[-73.5402250729999,-43.0275022400588],[-73.5416217,-43.0276247440588],[-73.5422563079999,-43.0259373550588],[-73.5404364699999,-43.0259954620588],[-73.5400227949999,-43.0261620810588],[-73.5395904669999,-43.0265897310588]]]}},{"type":"Feature","properties":{"id":"10208033003002","commune":"Quellón","code":"10208","gse":"E","quintil":"Q1","nse_score":587.7,"educ":9.3,"educ_score":420.0,"hacin":1.267,"hacin_class":"Hacinamiento Leve","hacin_score":794.2,"auto_score":107.1,"n_per":147,"n_hog":61,"source_year":2024},"geometry":{"type":"Polygon","coordinates":[[[-73.5402240149999,-43.0275563520588],[-73.5391389489999,-43.0276087650588],[-73.5388485859999,-43.0283995490588],[-73.5397022369999,-43.0285154960588],[-73.5397886089999,-43.0290866730588],[-73.5396579349999,-43.0285606930588],[-73.5388290229999,-43.0284518500588],[-73.5385843209999,-43.0290951090588],[-73.538670324,-43.0296240550588],[-73.5394309459999,-43.0296218170589],[-73.5386807629999,-43.0296549540589],[-73.5387924779999,-43.0303303900588],[-73.5378344449999,-43.0310051050588],[-73.5383381359999,-43.0310712830588],[-73.5388199809999,-43.0315708910588],[-73.5396851719999,-43.0315782470588],[-73.5387845089999,-43.0316121230588],[-73.5383026719999,-43.0311123570588],[-73.5377983659999,-43.0310460980588],[-73.5373912619999,-43.0319573710588],[-73.537001502,-43.0323769290588],[-73.5377704579999,-43.0326309630588],[-73.5381099009999,-43.0321187630588],[-73.5378096099999,-43.0326416330588],[-73.5385183389999,-43.0328787210588],[-73.5369524719999,-43.0324099630588],[-73.5366044419999,-43.0327663960588],[-73.5374909599999,-43.0332271940588],[-73.5370460469999,-43.0330840550588],[-73.5363957629999,-43.0339945790588],[-73.5363941569999,-43.0341707810588],[-73.5363376849999,-43.0339788950588],[-73.5369970349999,-43.0330556780588],[-73.5365702729999,-43.0328041200588],[-73.5356595759999,-43.0338093620588],[-73.5358909779999,-43.0339289280588],[-73.5356364489999,-43.0338348550588],[-73.5354019819999,-43.0341023420588],[-73.5361781459999,-43.0345162170588],[-73.5353674399999,-43.0341395770588],[-73.5347213089999,-43.0347668100588],[-73.5352664999999,-43.0353097900588],[-73.5353890059999,-43.0358077660588],[-73.5357848419999,-43.0364545330588],[-73.5362391019999,-43.0367882910588],[-73.5362864869999,-43.0371719810588],[-73.5365759159999,-43.0376828350588],[-73.5377804149999,-43.0382640940588],[-73.5387171369999,-43.0379335910588],[-73.5391167329999,-43.0380768600588],[-73.5387158549999,-43.0379672050588],[-73.5378163929999,-43.0382833340588],[-73.5386691869999,-43.0388150820588],[-73.5393162379999,-43.0390051590588],[-73.5393933369999,-43.0391417740588],[-73.5386446349999,-43.0388404340588],[-73.5377044769999,-43.0382613660588],[-73.5375298359999,-43.0384139040588],[-73.5388618899999,-43.0399691210588],[-73.5387183809999,-43.0405813330588],[-73.5388054439999,-43.0410861820588],[-73.5408194319999,-43.0402787400588],[-73.5405716199999,-43.0399730490588],[-73.5407120359999,-43.0384649420588],[-73.5409814999999,-43.0381356880588],[-73.5409881769999,-43.0378107070588],[-73.5417157859999,-43.0371910530588],[-73.5401004649999,-43.0368957250588],[-73.5378328749999,-43.0367497280588],[-73.5368341229999,-43.0362952460588],[-73.5360806459999,-43.0361045320588],[-73.5374549859999,-43.0350236050588],[-73.5387160179999,-43.0336319060588],[-73.5391736699999,-43.0332719100588],[-73.5393756899999,-43.0333401460588],[-73.5397496949999,-43.0329084180588],[-73.5395229649999,-43.0327847120588],[-73.5399058329999,-43.0320234080588],[-73.5406670609999,-43.0315338180588],[-73.5411840149999,-43.0307956580588],[-73.5412086449999,-43.0300064330588],[-73.5410228659999,-43.0292521880588],[-73.541601925,-43.0276773230588],[-73.5402240149999,-43.0275563520588]]]}},{"type":"Feature","properties":{"id":"10208033003003","commune":"Quellón","code":"10208","gse":"E","quintil":"Q1","nse_score":574.0,"educ":8.9,"educ_score":393.3,"hacin":1.214,"hacin_class":"Hacinamiento Leve","hacin_score":805.5,"auto_score":125.0,"n_per":17,"n_hog":7,"source_year":2024},"geometry":{"type":"Polygon","coordinates":[[[-73.5303891099999,-43.0372832940588],[-73.5307931829999,-43.0376878000588],[-73.5322583609999,-43.0368728390588],[-73.5349133659999,-43.0344895990588],[-73.5370915959999,-43.0322399400588],[-73.5377301949999,-43.0310040280588],[-73.5381520699999,-43.0298030190588],[-73.537798215,-43.0309039970588],[-73.5386948649999,-43.0303113980588],[-73.5384742709999,-43.0293431430588],[-73.5387411549999,-43.0284145840588],[-73.5381764929999,-43.0283607560588],[-73.5379551969999,-43.0293183380588],[-73.5371671839999,-43.0310475160588],[-73.5358904129999,-43.0328419120588],[-73.5335002769999,-43.0350151470588],[-73.5303891099999,-43.0372832940588]]]}},{"type":"Feature","properties":{"id":"10208033003004","commune":"Quellón","code":"10208","gse":"E","quintil":"Q1","nse_score":592.3,"educ":9.0,"educ_score":400.0,"hacin":1.273,"hacin_class":"Hacinamiento Leve","hacin_score":793.0,"auto_score":41.7,"n_per":98,"n_hog":35,"source_year":2024},"geometry":{"type":"Polygon","coordinates":[[[-73.5346109139999,-43.0356655500588],[-73.5340859879999,-43.0353438530588],[-73.5334949669999,-43.0358651760588],[-73.5340123559999,-43.0362151560588],[-73.5334676559999,-43.0358883380588],[-73.5332368559999,-43.0360840800588],[-73.5338127919999,-43.0364905410588],[-73.5336320159999,-43.0368143680588],[-73.5338413529999,-43.0372719050588],[-73.5347123149999,-43.0375448720588],[-73.5337933909999,-43.0373055270588],[-73.5335859349999,-43.0368618220588],[-73.5333282819999,-43.0372631650588],[-73.5337483119999,-43.0364975030588],[-73.5331966789999,-43.0361181550588],[-73.5325998409999,-43.0366153610588],[-73.5330794879999,-43.0370511490588],[-73.532768142,-43.0377979670588],[-73.5331282739999,-43.0383544900588],[-73.5335219479999,-43.0387852870588],[-73.5341878069999,-43.0384523530588],[-73.5346866249999,-43.0380247790588],[-73.5351456159999,-43.0385757890588],[-73.5357650639999,-43.0389354010588],[-73.5368739879999,-43.0402115190588],[-73.5369186529999,-43.0411836220588],[-73.5374549319999,-43.0411010940588],[-73.5377621839999,-43.0414635560588],[-73.5387283009999,-43.0410961120588],[-73.5386552559999,-43.0404214900588],[-73.5388141409999,-43.0400715060588],[-73.538693442,-43.0397806670588],[-73.5374893549999,-43.0385445250588],[-73.5375584479999,-43.0382158910588],[-73.5374115509999,-43.0380989970588],[-73.5365582699999,-43.0377384300588],[-73.5364390409999,-43.0378996520588],[-73.5361661929999,-43.0380417400588],[-73.5365221499999,-43.0377201370588],[-73.5362145009999,-43.0371840150588],[-73.5361722179999,-43.0368120060588],[-73.5357214049999,-43.0364825460588],[-73.5353190459999,-43.0358250830588],[-73.5352002329999,-43.0353335790588],[-73.5346737259999,-43.0348104810588],[-73.5341126299999,-43.0353202680588],[-73.5346109139999,-43.0356655500588]]]}},{"type":"Feature","properties":{"id":"10208033003005","commune":"Quellón","code":"10208","gse":"E","quintil":"Q1","nse_score":538.1,"educ":9.4,"educ_score":426.7,"hacin":1.75,"hacin_class":"Hacinamiento Medio","hacin_score":691.5,"auto_score":0.0,"n_per":14,"n_hog":4,"source_year":2024},"geometry":{"type":"Polygon","coordinates":[[[-73.5308442239999,-43.0377388960588],[-73.5316383059999,-43.0385338240588],[-73.5327898219999,-43.0379706610588],[-73.5327601139999,-43.0376297670588],[-73.5330304419999,-43.0370582660588],[-73.5325743429999,-43.0366475370588],[-73.5323162009999,-43.0369201910588],[-73.5308442239999,-43.0377388960588]]]}},{"type":"Feature","properties":{"id":"10208033044001","commune":"Quellón","code":"10208","gse":"D","quintil":"Q2","nse_score":650.9,"educ":10.3,"educ_score":486.7,"hacin":1.271,"hacin_class":"Hacinamiento Leve","hacin_score":793.4,"auto_score":0.0,"n_per":61,"n_hog":22,"source_year":2024},"geometry":{"type":"Polygon","coordinates":[[[-73.566504876,-43.0267836740588],[-73.5645635969999,-43.0284881670588],[-73.5651345919999,-43.0288945470588],[-73.5659257469999,-43.0281412510588],[-73.5661738389999,-43.0280688910588],[-73.5666775469999,-43.0282149010588],[-73.5659628429999,-43.0281788770588],[-73.5651801539999,-43.0289291360588],[-73.566202142,-43.0295804540588],[-73.5685625959999,-43.0292422250588],[-73.5697636179999,-43.0292294490588],[-73.5705043829999,-43.0293517330588],[-73.5716381549999,-43.0298886290588],[-73.5728015119999,-43.0300084280588],[-73.5725179729999,-43.0291179820588],[-73.5719068809999,-43.0290462220588],[-73.5709909629999,-43.0285573620588],[-73.5703585299999,-43.0284140500588],[-73.5682608139999,-43.0284017230588],[-73.566504876,-43.0267836740588]]]}},{"type":"Feature","properties":{"id":"10208033044002","commune":"Quellón","code":"10208","gse":"E","quintil":"Q1","nse_score":615.5,"educ":9.9,"educ_score":460.0,"hacin":1.453,"hacin_class":"Hacinamiento Leve","hacin_score":754.7,"auto_score":128.2,"n_per":93,"n_hog":38,"source_year":2024},"geometry":{"type":"Polygon","coordinates":[[[-73.5779513429999,-43.0281708660588],[-73.5782359839999,-43.0293379570588],[-73.5764595889999,-43.0291741190588],[-73.574987028,-43.0292484180588],[-73.5726253649999,-43.0291261260588],[-73.5729038449999,-43.0300144790588],[-73.5761296439999,-43.0300911280588],[-73.5761554099999,-43.0297669710588],[-73.5762505589999,-43.0300762520588],[-73.5777197699999,-43.0302088420588],[-73.5782991709999,-43.0293911260588],[-73.5781465629999,-43.0287716810589],[-73.5781945879999,-43.0285164860588],[-73.5783690079999,-43.0292054010588],[-73.5783396309999,-43.0294012500588],[-73.5780540049999,-43.0297715260588],[-73.5784583629999,-43.0296419370588],[-73.5790150879999,-43.0292322440588],[-73.5784822629999,-43.0296673350588],[-73.5780245519999,-43.0298131810588],[-73.5777637419999,-43.0302082960588],[-73.5790718779999,-43.0302102160588],[-73.5806395259999,-43.0304049840588],[-73.5836695109999,-43.0310031360588],[-73.583783648,-43.0308062970588],[-73.5849722569999,-43.0299820320588],[-73.5837181149999,-43.0310149420588],[-73.5849376589999,-43.0314023770588],[-73.5862510019999,-43.0322712970588],[-73.5869220379999,-43.0316569350588],[-73.5862879649999,-43.0323028560588],[-73.5867111079999,-43.0326645700588],[-73.5884579109999,-43.0308356260588],[-73.5871780089999,-43.0298945170588],[-73.5861315309999,-43.0299482220588],[-73.5859054929999,-43.0294785510588],[-73.5845697579999,-43.0288549270588],[-73.5834865919999,-43.0286298370588],[-73.5820985819999,-43.0290124840588],[-73.5813527299999,-43.0296302060588],[-73.5803122809999,-43.0294878680588],[-73.580361261,-43.0291204240588],[-73.5800748099999,-43.0282712630588],[-73.5779513429999,-43.0281708660588]]]}},{"type":"Feature","properties":{"id":"10208033044003","commune":"Quellón","code":"10208","gse":"E","quintil":"Q1","nse_score":568.3,"educ":7.7,"educ_score":313.3,"hacin":1.417,"hacin_class":"Hacinamiento Leve","hacin_score":762.4,"auto_score":357.1,"n_per":17,"n_hog":7,"source_year":2024},"geometry":{"type":"Polygon","coordinates":[[[-73.5636609879999,-43.0293232880588],[-73.5656091139999,-43.0307487220588],[-73.5662282569999,-43.0299353980588],[-73.5662461159999,-43.0296530440588],[-73.5655032219999,-43.0292616980588],[-73.5647082639999,-43.0297873630588],[-73.5654721509999,-43.0292397360588],[-73.5645041059999,-43.0285455090588],[-73.5636609879999,-43.0293232880588]]]}},{"type":"Feature","properties":{"id":"10208033044004","commune":"Quellón","code":"10208","gse":"D","quintil":"Q2","nse_score":658.3,"educ":9.4,"educ_score":426.7,"hacin":1.202,"hacin_class":"Hacinamiento Leve","hacin_score":808.0,"auto_score":190.5,"n_per":107,"n_hog":42,"source_year":2024},"geometry":{"type":"Polygon","coordinates":[[[-73.5685730559999,-43.0293139190588],[-73.5663076299999,-43.0296538150588],[-73.5661916989999,-43.0302057940588],[-73.5659308479999,-43.0304953370588],[-73.5696568069999,-43.0301632310588],[-73.5699773599999,-43.0302121070588],[-73.5707702459999,-43.0306523120588],[-73.5717415529999,-43.0308557230588],[-73.5713081439999,-43.0319248590588],[-73.570592744,-43.0326518450588],[-73.5685761359999,-43.0333988130588],[-73.5673924209999,-43.0343498890588],[-73.5665421939999,-43.0340014110588],[-73.5642660109999,-43.0333905730588],[-73.5639484239999,-43.0331355750588],[-73.5636136169999,-43.0335014580588],[-73.5639490629999,-43.0337644790588],[-73.5669401499999,-43.0346451570588],[-73.5678448179999,-43.0352551470588],[-73.5681792239999,-43.0349941060588],[-73.5676590649999,-43.0347290800588],[-73.5674689829999,-43.0344166800588],[-73.5676891009999,-43.0347071140588],[-73.5682098159999,-43.0349724180588],[-73.5692573509999,-43.0341032570588],[-73.5695674169999,-43.0339896750588],[-73.5692811259999,-43.0339017150588],[-73.5691149429999,-43.0337706320588],[-73.5697616609999,-43.0339463750588],[-73.5711709389999,-43.0334061490588],[-73.5709368239999,-43.0331886410588],[-73.5712069759999,-43.0333893510588],[-73.5716566509999,-43.0330778990588],[-73.5721542779999,-43.0326215270588],[-73.5725853199999,-43.0318659850588],[-73.5723132519999,-43.0318146700588],[-73.5718604709999,-43.0314440480588],[-73.5723335839999,-43.0317868980588],[-73.5725974709999,-43.0318366700588],[-73.5729640889999,-43.0308748650588],[-73.5734764549999,-43.0301036490588],[-73.5716126089999,-43.0299583950588],[-73.5704638349999,-43.0294179310588],[-73.5697553999999,-43.0293012950588],[-73.5685730559999,-43.0293139190588]]]}},{"type":"Feature","properties":{"id":"10208033044005","commune":"Quellón","code":"10208","gse":"D","quintil":"Q1","nse_score":625.6,"educ":10.1,"educ_score":473.3,"hacin":1.5,"hacin_class":"Hacinamiento Medio","hacin_score":744.7,"auto_score":32.3,"n_per":84,"n_hog":31,"source_year":2024},"geometry":{"type":"Polygon","coordinates":[[[-73.5685242349999,-43.0360082490588],[-73.5691295979999,-43.0357044880588],[-73.5711175729999,-43.0340139050588],[-73.5716263639999,-43.0337820030588],[-73.572047386,-43.0332443480588],[-73.5731253269999,-43.0329778470588],[-73.5737493169999,-43.0316275800588],[-73.574256837,-43.0314492590588],[-73.5746033819999,-43.0315607900588],[-73.5750894419999,-43.0312571140588],[-73.5758126829999,-43.0305275320588],[-73.5762535969999,-43.0307712720588],[-73.5766786999999,-43.0302940970588],[-73.5774401479999,-43.0305927130588],[-73.5776749309999,-43.0302814380588],[-73.5764756519999,-43.0301215930588],[-73.5749040759999,-43.0301831090588],[-73.5749093219999,-43.0303803570588],[-73.5748610069999,-43.0301802460588],[-73.5735972099999,-43.0301085650588],[-73.5733544089999,-43.0303292940588],[-73.5727583579999,-43.0316595760588],[-73.5733255289999,-43.0318459300588],[-73.5727482709999,-43.0316894770588],[-73.572235841,-43.0326625070588],[-73.5714791169999,-43.0333478350588],[-73.5706881839999,-43.0337536660588],[-73.5693252249999,-43.0341572810588],[-73.5690819579999,-43.0344031870588],[-73.5693693009999,-43.0346029840588],[-73.5690574399999,-43.0344279710588],[-73.5679011469999,-43.0353175170588],[-73.5685242349999,-43.0360082490588]]]}},{"type":"Feature","properties":{"id":"10208033044006","commune":"Quellón","code":"10208","gse":"E","quintil":"Q1","nse_score":554.4,"educ":6.6,"educ_score":240.0,"hacin":1.188,"hacin_class":"Hacinamiento Leve","hacin_score":811.2,"auto_score":75.0,"n_per":38,"n_hog":20,"source_year":2024},"geometry":{"type":"Polygon","coordinates":[[[-73.5777514479999,-43.0302804870588],[-73.5770522649999,-43.0312012180588],[-73.5771609879999,-43.0312730100588],[-73.5770341489999,-43.0312287950588],[-73.5755642509999,-43.0329150260588],[-73.5769902589999,-43.0331819240588],[-73.5778266209999,-43.0322056110588],[-73.577472913,-43.0320523050588],[-73.5781581629999,-43.0312090650588],[-73.5784794009999,-43.0313619650588],[-73.5786470449999,-43.0311414440588],[-73.5804293549999,-43.0313292470588],[-73.5808634169999,-43.0305123250588],[-73.5784600059999,-43.0302746550588],[-73.5784631879999,-43.0304933300588],[-73.5782616119999,-43.0307668980588],[-73.5784175919999,-43.0302741280588],[-73.5777514479999,-43.0302804870588]]]}},{"type":"Feature","properties":{"id":"10208033044007","commune":"Quellón","code":"10208","gse":"D","quintil":"Q1","nse_score":638.4,"educ":9.0,"educ_score":400.0,"hacin":1.292,"hacin_class":"Hacinamiento Leve","hacin_score":789.0,"auto_score":166.7,"n_per":31,"n_hog":11,"source_year":2024},"geometry":{"type":"Polygon","coordinates":[[[-73.5637142079999,-43.0342054520588],[-73.5653217489999,-43.0346380980588],[-73.5622869839999,-43.0360264770588],[-73.5623146619999,-43.0363820040588],[-73.5643121929999,-43.0366011610588],[-73.5664307989999,-43.0356926920588],[-73.5678006699999,-43.0352875350588],[-73.5669089559999,-43.0346839610588],[-73.5639156989999,-43.0338038370588],[-73.5635783529999,-43.0335399340588],[-73.5632433479999,-43.0339054470588],[-73.5637142079999,-43.0342054520588]]]}},{"type":"Feature","properties":{"id":"10208033044008","commune":"Quellón","code":"10208","gse":"E","quintil":"Q1","nse_score":469.9,"educ":5.5,"educ_score":166.7,"hacin":1.556,"hacin_class":"Hacinamiento Medio","hacin_score":732.9,"auto_score":0.0,"n_per":14,"n_hog":5,"source_year":2024},"geometry":{"type":"Polygon","coordinates":[[[-73.5659713939999,-43.0373404250588],[-73.5663897019999,-43.0376000460588],[-73.5672852529999,-43.0368012010588],[-73.5679916709999,-43.0364526630588],[-73.5684922989999,-43.0360207460588],[-73.567854742,-43.0353479100588],[-73.5658712569999,-43.0359925190588],[-73.5665012779999,-43.0367747800588],[-73.5659713939999,-43.0373404250588]]]}},{"type":"Feature","properties":{"id":"10208033044009","commune":"Quellón","code":"10208","gse":"D","quintil":"Q2","nse_score":648.6,"educ":9.3,"educ_score":420.0,"hacin":1.5,"hacin_class":"Hacinamiento Medio","hacin_score":744.7,"auto_score":285.7,"n_per":24,"n_hog":7,"source_year":2024},"geometry":{"type":"Polygon","coordinates":[[[-73.5643994989999,-43.0366439740588],[-73.5645135079999,-43.0368003450588],[-73.5654050219999,-43.0370116590588],[-73.5659406159999,-43.0373197400588],[-73.5664445399999,-43.0367922450588],[-73.5658165829999,-43.0360134650588],[-73.5643994989999,-43.0366439740588]]]}}]}