{"type":"FeatureCollection","features":[{"type":"Feature","properties":{"id":"6116011001001","commune":"Requínoa","code":"06116","gse":"C2","quintil":"Q4","nse_score":745.6,"educ":12.0,"educ_score":600.0,"hacin":1.324,"hacin_class":"Hacinamiento Leve","hacin_score":782.1,"auto_score":220.9,"n_per":237,"n_hog":86,"source_year":2024,"crime_score":0.3166,"crime_nivel":"Medio","crime_color":"#ff9800"},"geometry":{"type":"Polygon","coordinates":[[[-70.8252653719999,-34.2798282061214],[-70.8247190309999,-34.2799843411214],[-70.8244853689999,-34.2797343961214],[-70.8237908679999,-34.2786925301214],[-70.8235438769999,-34.2787941691214],[-70.8237011449999,-34.2789915491214],[-70.8229032389999,-34.2793809031214],[-70.8240868769999,-34.2810886231214],[-70.8249790329999,-34.2808330751214],[-70.8238228519999,-34.2791138111214],[-70.8250159279999,-34.2808230651214],[-70.8255548469999,-34.2806703301215],[-70.8254328169999,-34.2804322101214],[-70.8256141289999,-34.2806540271215],[-70.8259338669999,-34.2805580811214],[-70.8239742019999,-34.2777104331214],[-70.8240433159999,-34.2775858931214],[-70.8253535779999,-34.2772638521215],[-70.8252868529999,-34.2771064511215],[-70.8236603869999,-34.2775131321215],[-70.8252653719999,-34.2798282061214]]]}},{"type":"Feature","properties":{"id":"6116011001002","commune":"Requínoa","code":"06116","gse":"C3","quintil":"Q3","nse_score":695.5,"educ":11.1,"educ_score":540.0,"hacin":1.45,"hacin_class":"Hacinamiento Leve","hacin_score":755.3,"auto_score":117.6,"n_per":58,"n_hog":17,"source_year":2024,"crime_score":0.2996,"crime_nivel":"Medio","crime_color":"#ff9800"},"geometry":{"type":"Polygon","coordinates":[[[-70.8252801699999,-34.2773733791214],[-70.8249723469999,-34.2774267121215],[-70.8252783439999,-34.2780745011214],[-70.8255370689999,-34.2779820881214],[-70.8252801699999,-34.2773733791214]]]}},{"type":"Feature","properties":{"id":"6116011001003","commune":"Requínoa","code":"06116","gse":"C2","quintil":"Q4","nse_score":733.6,"educ":11.7,"educ_score":580.0,"hacin":1.429,"hacin_class":"Hacinamiento Leve","hacin_score":759.9,"auto_score":157.9,"n_per":60,"n_hog":19,"source_year":2024,"crime_score":0.2935,"crime_nivel":"Medio","crime_color":"#ff9800"},"geometry":{"type":"Polygon","coordinates":[[[-70.8252021509999,-34.2780992711214],[-70.8249413259999,-34.2774401901215],[-70.8246465119999,-34.2774984371215],[-70.8249259649999,-34.2781642441214],[-70.8252021509999,-34.2780992711214]]]}},{"type":"Feature","properties":{"id":"6116011001004","commune":"Requínoa","code":"06116","gse":"C2","quintil":"Q4","nse_score":757.0,"educ":13.2,"educ_score":680.0,"hacin":1.448,"hacin_class":"Hacinamiento Leve","hacin_score":755.7,"auto_score":250.0,"n_per":42,"n_hog":12,"source_year":2024,"crime_score":0.2871,"crime_nivel":"Medio","crime_color":"#ff9800"},"geometry":{"type":"Polygon","coordinates":[[[-70.8247074219999,-34.2777427341215],[-70.8245888189999,-34.2775097931215],[-70.8240376039999,-34.2776850391215],[-70.8241895159999,-34.2778922711214],[-70.8247074219999,-34.2777427341215]]]}},{"type":"Feature","properties":{"id":"6116011001006","commune":"Requínoa","code":"06116","gse":"C2","quintil":"Q4","nse_score":738.0,"educ":11.4,"educ_score":560.0,"hacin":1.474,"hacin_class":"Hacinamiento Leve","hacin_score":750.3,"auto_score":166.7,"n_per":56,"n_hog":18,"source_year":2024,"crime_score":0.2922,"crime_nivel":"Medio","crime_color":"#ff9800"},"geometry":{"type":"Polygon","coordinates":[[[-70.8258371839999,-34.2786764541214],[-70.8255777009999,-34.2780694691215],[-70.82528894,-34.2781392341214],[-70.8255511559999,-34.2787823311214],[-70.8258371839999,-34.2786764541214]]]}},{"type":"Feature","properties":{"id":"6116011001007","commune":"Requínoa","code":"06116","gse":"C2","quintil":"Q3","nse_score":724.7,"educ":11.4,"educ_score":560.0,"hacin":1.542,"hacin_class":"Hacinamiento Medio","hacin_score":735.8,"auto_score":150.0,"n_per":74,"n_hog":20,"source_year":2024,"crime_score":0.297,"crime_nivel":"Medio","crime_color":"#ff9800"},"geometry":{"type":"Polygon","coordinates":[[[-70.8255010899999,-34.2788193711215],[-70.8252491019999,-34.2781601441214],[-70.8249642239999,-34.2782323831214],[-70.8252303889999,-34.2788792221215],[-70.8255010899999,-34.2788193711215]]]}},{"type":"Feature","properties":{"id":"6116011001008","commune":"Requínoa","code":"06116","gse":"C3","quintil":"Q2","nse_score":678.8,"educ":11.1,"educ_score":540.0,"hacin":1.634,"hacin_class":"Hacinamiento Medio","hacin_score":716.1,"auto_score":280.0,"n_per":67,"n_hog":23,"source_year":2024,"crime_score":0.3037,"crime_nivel":"Medio","crime_color":"#ff9800"},"geometry":{"type":"Polygon","coordinates":[[[-70.8267869229999,-34.2803195561214],[-70.8261056839999,-34.2787053321215],[-70.8259740269999,-34.2787426111214],[-70.8266207049999,-34.2803324601214],[-70.8267869229999,-34.2803195561214]]]}},{"type":"Feature","properties":{"id":"6116011001009","commune":"Requínoa","code":"06116","gse":"C3","quintil":"Q3","nse_score":708.6,"educ":11.3,"educ_score":553.3,"hacin":1.478,"hacin_class":"Hacinamiento Leve","hacin_score":749.3,"auto_score":395.8,"n_per":68,"n_hog":24,"source_year":2024,"crime_score":0.2988,"crime_nivel":"Medio","crime_color":"#ff9800"},"geometry":{"type":"Polygon","coordinates":[[[-70.8261663859999,-34.2795447621214],[-70.8258883209999,-34.2787960601214],[-70.8256018259999,-34.2788528841214],[-70.8258983119999,-34.2795951901214],[-70.8261663859999,-34.2795447621214]]]}},{"type":"Feature","properties":{"id":"6116011001010","commune":"Requínoa","code":"06116","gse":"C2","quintil":"Q3","nse_score":716.1,"educ":11.4,"educ_score":560.0,"hacin":1.468,"hacin_class":"Hacinamiento Leve","hacin_score":751.5,"auto_score":291.7,"n_per":69,"n_hog":23,"source_year":2024,"crime_score":0.2977,"crime_nivel":"Medio","crime_color":"#ff9800"},"geometry":{"type":"Polygon","coordinates":[[[-70.8255816759999,-34.2797045711215],[-70.8258665609999,-34.2796095731215],[-70.8255181359999,-34.2788716981214],[-70.8252685379999,-34.2789724331214],[-70.8255816759999,-34.2797045711215]]]}},{"type":"Feature","properties":{"id":"6116011001013","commune":"Requínoa","code":"06116","gse":"C3","quintil":"Q3","nse_score":713.6,"educ":11.2,"educ_score":546.7,"hacin":1.294,"hacin_class":"Hacinamiento Leve","hacin_score":788.5,"auto_score":312.5,"n_per":66,"n_hog":25,"source_year":2024,"crime_score":0.2977,"crime_nivel":"Medio","crime_color":"#ff9800"},"geometry":{"type":"Polygon","coordinates":[[[-70.8265598689999,-34.2803533591214],[-70.8262367699999,-34.2796046681214],[-70.8259465259999,-34.2796711731214],[-70.8262643429999,-34.2804476991214],[-70.8265598689999,-34.2803533591214]]]}},{"type":"Feature","properties":{"id":"6116011001014","commune":"Requínoa","code":"06116","gse":"C2","quintil":"Q4","nse_score":730.6,"educ":11.4,"educ_score":560.0,"hacin":1.371,"hacin_class":"Hacinamiento Leve","hacin_score":772.0,"auto_score":312.5,"n_per":48,"n_hog":16,"source_year":2024,"crime_score":0.2923,"crime_nivel":"Medio","crime_color":"#ff9800"},"geometry":{"type":"Polygon","coordinates":[[[-70.8262331179999,-34.2804658551214],[-70.8259043229999,-34.2796949251214],[-70.825519815,-34.2798027631215],[-70.8260069309999,-34.2805322091214],[-70.8262331179999,-34.2804658551214]]]}},{"type":"Feature","properties":{"id":"6116011001015","commune":"Requínoa","code":"06116","gse":"C3","quintil":"Q2","nse_score":664.3,"educ":10.2,"educ_score":480.0,"hacin":1.296,"hacin_class":"Hacinamiento Leve","hacin_score":788.0,"auto_score":192.3,"n_per":105,"n_hog":39,"source_year":2024,"crime_score":0.3117,"crime_nivel":"Medio","crime_color":"#ff9800"},"geometry":{"type":"Polygon","coordinates":[[[-70.8306400279999,-34.2840008491214],[-70.8296563099999,-34.2815532021214],[-70.8287894729999,-34.2806705951214],[-70.8286846249999,-34.2798267611214],[-70.8282930319999,-34.2799419701214],[-70.8299235169999,-34.2841380261214],[-70.8306400279999,-34.2840008491214]]]}},{"type":"Feature","properties":{"id":"6116011001017","commune":"Requínoa","code":"06116","gse":"C3","quintil":"Q2","nse_score":661.3,"educ":10.3,"educ_score":486.7,"hacin":1.345,"hacin_class":"Hacinamiento Leve","hacin_score":777.7,"auto_score":300.9,"n_per":308,"n_hog":109,"source_year":2024,"crime_score":0.3411,"crime_nivel":"Medio","crime_color":"#ff9800"},"geometry":{"type":"Polygon","coordinates":[[[-70.8269125169999,-34.2818133501214],[-70.8267504839999,-34.2813783601214],[-70.826965416,-34.2817982241214],[-70.8272338159999,-34.2817222671214],[-70.8270865609999,-34.2813026561214],[-70.8272788389999,-34.2817096031214],[-70.8277692439999,-34.2815722641214],[-70.8275460199999,-34.2809401801214],[-70.8278105939999,-34.2815605571214],[-70.8280932609999,-34.2814613011214],[-70.8278571609999,-34.2808567301214],[-70.8281375049999,-34.2814678551214],[-70.8287484099999,-34.2812871461214],[-70.8282318589999,-34.2799764181214],[-70.8279105899999,-34.2800484771214],[-70.8280890729999,-34.2805707731214],[-70.8278642909999,-34.2800623331214],[-70.8273770929999,-34.2802069271214],[-70.8275866339999,-34.2807590571214],[-70.8273207419999,-34.2802230961214],[-70.8270277399999,-34.2803064541214],[-70.8271775289999,-34.2807378391214],[-70.826970103,-34.2803234541214],[-70.8270458249999,-34.2807354751214],[-70.8268482299999,-34.2803587231214],[-70.8264766529999,-34.2804653431214],[-70.8265592769999,-34.2807697811214],[-70.826425561,-34.2804786381214],[-70.8262350219999,-34.2805333251215],[-70.8263981429999,-34.2810338511214],[-70.8261764,-34.2805499781214],[-70.8259191339999,-34.2806233331214],[-70.8260565879999,-34.2810772651214],[-70.8258113979999,-34.2806543331214],[-70.8259575339999,-34.2811079561214],[-70.8257721089999,-34.2806659201214],[-70.8256318639999,-34.2807056101214],[-70.8257222979999,-34.2810397781214],[-70.8255703329999,-34.2807233881214],[-70.824914368,-34.2809202611214],[-70.8254658649999,-34.2822215571214],[-70.8269125169999,-34.2818133501214]]]}},{"type":"Feature","properties":{"id":"6116011001026","commune":"Requínoa","code":"06116","gse":"C3","quintil":"Q3","nse_score":695.1,"educ":10.8,"educ_score":520.0,"hacin":1.377,"hacin_class":"Hacinamiento Leve","hacin_score":770.7,"auto_score":220.6,"n_per":613,"n_hog":207,"source_year":2024,"crime_score":0.3349,"crime_nivel":"Medio","crime_color":"#ff9800"},"geometry":{"type":"Polygon","coordinates":[[[-70.8205923829999,-34.2831714111214],[-70.8209353509999,-34.2837611601214],[-70.8212953679999,-34.2836665421214],[-70.8209573789999,-34.2838004171214],[-70.8213276339999,-34.2844317711214],[-70.8219295609999,-34.2842612391214],[-70.8218159669999,-34.2839526381214],[-70.8215760909999,-34.2839757011213],[-70.8217961849999,-34.2839051621214],[-70.8217378209999,-34.2836820551214],[-70.8219648709999,-34.2842564751214],[-70.8213536839999,-34.2844711481214],[-70.8215342249999,-34.2847932501214],[-70.82237362,-34.2846830241214],[-70.8229141549999,-34.2845067261214],[-70.8227421359999,-34.2840915361214],[-70.8223685259999,-34.2842006081214],[-70.8227229389999,-34.2840325831214],[-70.8225436199999,-34.2836163291214],[-70.8221781059999,-34.2837178851214],[-70.8225283889999,-34.2835599291214],[-70.8223571789999,-34.2831619491214],[-70.8218222379999,-34.2831894731214],[-70.8228703899999,-34.2829631571214],[-70.8227323109999,-34.2824948031214],[-70.8229243079999,-34.2829498221214],[-70.8232087049999,-34.2828749871214],[-70.8231004069999,-34.2824928431214],[-70.823266138,-34.2828584441214],[-70.8235058229999,-34.2827904951214],[-70.8234038229999,-34.2824335051214],[-70.8235353889999,-34.2827612011214],[-70.8236780539999,-34.2827428471214],[-70.8235384179999,-34.2823835321214],[-70.8237298859999,-34.2827285511214],[-70.8239960909999,-34.2826562401214],[-70.8239668489999,-34.2824441491214],[-70.8240470619999,-34.2826423161214],[-70.8243320439999,-34.2825593561214],[-70.8242061019999,-34.2821602531214],[-70.8243716599999,-34.2825477651214],[-70.8253892339999,-34.2822343301214],[-70.824807329,-34.2809383561214],[-70.8240126099999,-34.2811686691214],[-70.8241270219999,-34.2815370161214],[-70.8239649369999,-34.2811793881214],[-70.8236834339999,-34.2812572461214],[-70.8238698499999,-34.2818209981214],[-70.8236292149999,-34.2812716691214],[-70.8234984799999,-34.2813342981214],[-70.8236515819999,-34.2817036021214],[-70.8234713989999,-34.2813428161214],[-70.8233230129999,-34.2813577391214],[-70.8234906829999,-34.2818533321214],[-70.8232886619999,-34.2813917931214],[-70.8230536289999,-34.2814335221214],[-70.8231536819999,-34.2818111001214],[-70.8229990479999,-34.2814512861214],[-70.8231821319999,-34.2819866851214],[-70.8229543309999,-34.2814630421214],[-70.8227092159999,-34.2815308871214],[-70.8228875769999,-34.2820991801214],[-70.8226509449999,-34.2815488881214],[-70.8223868419999,-34.2816277471214],[-70.8224914069999,-34.2819930861214],[-70.8223301669999,-34.2816441881214],[-70.8221989849999,-34.2817666951214],[-70.8201183079999,-34.2822729941214],[-70.8205772869999,-34.2831452771214],[-70.8208308,-34.2830214931214],[-70.8214573529999,-34.2828436951214],[-70.8207815099999,-34.2830700151214],[-70.8205923829999,-34.2831714111214]]]}},{"type":"Feature","properties":{"id":"6116011001029","commune":"Requínoa","code":"06116","gse":"D","quintil":"Q2","nse_score":654.4,"educ":9.9,"educ_score":460.0,"hacin":1.472,"hacin_class":"Hacinamiento Leve","hacin_score":750.7,"auto_score":230.4,"n_per":340,"n_hog":119,"source_year":2024,"crime_score":0.3424,"crime_nivel":"Medio","crime_color":"#ff9800"},"geometry":{"type":"Polygon","coordinates":[[[-70.8260537909999,-34.2836241971214],[-70.8293487199999,-34.2826626251214],[-70.8287884519999,-34.2813454281214],[-70.8254860329999,-34.2822951941214],[-70.8260537909999,-34.2836241971214]]]}},{"type":"Feature","properties":{"id":"6116011001031","commune":"Requínoa","code":"06116","gse":"C3","quintil":"Q2","nse_score":663.8,"educ":10.6,"educ_score":506.7,"hacin":1.471,"hacin_class":"Hacinamiento Leve","hacin_score":750.8,"auto_score":205.1,"n_per":103,"n_hog":39,"source_year":2024,"crime_score":0.3115,"crime_nivel":"Medio","crime_color":"#ff9800"},"geometry":{"type":"Polygon","coordinates":[[[-70.823002717,-34.2844879161214],[-70.8259600809999,-34.2836309131214],[-70.8254013589999,-34.2823127761214],[-70.822433213,-34.2831415231214],[-70.823002717,-34.2844879161214]]]}},{"type":"Feature","properties":{"id":"6116011001032","commune":"Requínoa","code":"06116","gse":"C3","quintil":"Q3","nse_score":706.0,"educ":11.2,"educ_score":546.7,"hacin":1.21,"hacin_class":"Hacinamiento Leve","hacin_score":806.3,"auto_score":209.1,"n_per":161,"n_hog":53,"source_year":2024,"crime_score":0.3127,"crime_nivel":"Medio","crime_color":"#ff9800"},"geometry":{"type":"Polygon","coordinates":[[[-70.8222215039999,-34.2863770221214],[-70.8218304609999,-34.2855783571214],[-70.8222626049999,-34.2863636951213],[-70.8227635529999,-34.2862099011214],[-70.8220876069999,-34.2848042261214],[-70.8213310239999,-34.2848607411214],[-70.8214393739999,-34.2847521901214],[-70.8200429179999,-34.2823181161214],[-70.8191519049999,-34.2825473941214],[-70.8205229179999,-34.2850366811214],[-70.8207110079999,-34.2853311691214],[-70.8208713059999,-34.2852788331214],[-70.8207513959999,-34.2853955801214],[-70.8214358569999,-34.2864721231214],[-70.8216306839999,-34.2865444151213],[-70.8222215039999,-34.2863770221214]]]}},{"type":"Feature","properties":{"id":"6116011001034","commune":"Requínoa","code":"06116","gse":"C3","quintil":"Q3","nse_score":684.3,"educ":10.5,"educ_score":500.0,"hacin":1.294,"hacin_class":"Hacinamiento Leve","hacin_score":788.4,"auto_score":194.0,"n_per":189,"n_hog":70,"source_year":2024,"crime_score":0.3206,"crime_nivel":"Medio","crime_color":"#ff9800"},"geometry":{"type":"Polygon","coordinates":[[[-70.8298280249999,-34.2842128491214],[-70.8293609049999,-34.2827536931214],[-70.8260730809999,-34.2837124541214],[-70.8266747509999,-34.2851127121214],[-70.8298280249999,-34.2842128491214]]]}},{"type":"Feature","properties":{"id":"6116011001035","commune":"Requínoa","code":"06116","gse":"C3","quintil":"Q3","nse_score":687.4,"educ":10.6,"educ_score":506.7,"hacin":1.347,"hacin_class":"Hacinamiento Leve","hacin_score":777.1,"auto_score":268.0,"n_per":287,"n_hog":104,"source_year":2024,"crime_score":0.3344,"crime_nivel":"Medio","crime_color":"#ff9800"},"geometry":{"type":"Polygon","coordinates":[[[-70.8265612519999,-34.2851427271214],[-70.8259828399999,-34.2837188491214],[-70.8230303009999,-34.2845881341214],[-70.8231725439999,-34.2849523701214],[-70.8235421959999,-34.2848410101214],[-70.823563255,-34.2848905601214],[-70.8231954539999,-34.2849971131213],[-70.8233386479999,-34.2853499741214],[-70.8237169689999,-34.2852576911213],[-70.8233692859999,-34.2854256201214],[-70.8235543519999,-34.2858460241214],[-70.8240320389999,-34.2857270131213],[-70.8235880799999,-34.2858786141214],[-70.8236492159999,-34.2859780001214],[-70.8265612519999,-34.2851427271214]]]}},{"type":"Feature","properties":{"id":"6116011001037","commune":"Requínoa","code":"06116","gse":"D","quintil":"Q2","nse_score":658.8,"educ":10.2,"educ_score":480.0,"hacin":1.342,"hacin_class":"Hacinamiento Leve","hacin_score":778.3,"auto_score":166.7,"n_per":102,"n_hog":35,"source_year":2024,"crime_score":0.3122,"crime_nivel":"Medio","crime_color":"#ff9800"},"geometry":{"type":"Polygon","coordinates":[[[-70.823519314,-34.2860142591214],[-70.8234901099999,-34.2858994591214],[-70.8233092899999,-34.2859068391214],[-70.8234757179999,-34.2858618021214],[-70.823300361,-34.2854432371213],[-70.8230295799999,-34.2854650301214],[-70.8232764199999,-34.2853859761214],[-70.8231270819999,-34.2850252711214],[-70.8227353089999,-34.2850731201214],[-70.8230988149999,-34.2849688861214],[-70.8229460069999,-34.2845932651214],[-70.8221541189999,-34.2847754651214],[-70.8227978579999,-34.2861937011214],[-70.823519314,-34.2860142591214]]]}},{"type":"Feature","properties":{"id":"6116011001038","commune":"Requínoa","code":"06116","gse":"C3","quintil":"Q2","nse_score":670.9,"educ":10.6,"educ_score":506.7,"hacin":1.305,"hacin_class":"Hacinamiento Leve","hacin_score":786.2,"auto_score":294.1,"n_per":107,"n_hog":37,"source_year":2024,"crime_score":0.3109,"crime_nivel":"Medio","crime_color":"#ff9800"},"geometry":{"type":"Polygon","coordinates":[[[-70.8248209829999,-34.2864244461214],[-70.8245529129999,-34.2857968011214],[-70.8215957369999,-34.2867076341213],[-70.8219072439999,-34.2874017741213],[-70.8220274139999,-34.2873579151213],[-70.8218972419999,-34.2869307891213],[-70.8221062949999,-34.2873252301214],[-70.824685385,-34.2865679291214],[-70.8248209829999,-34.2864244461214]]]}},{"type":"Feature","properties":{"id":"6116011001039","commune":"Requínoa","code":"06116","gse":"D","quintil":"Q2","nse_score":648.0,"educ":10.4,"educ_score":493.3,"hacin":1.446,"hacin_class":"Hacinamiento Leve","hacin_score":756.1,"auto_score":238.1,"n_per":81,"n_hog":24,"source_year":2024,"crime_score":0.3109,"crime_nivel":"Medio","crime_color":"#ff9800"},"geometry":{"type":"Polygon","coordinates":[[[-70.8236382009999,-34.2869916241213],[-70.8238924449999,-34.2875414711214],[-70.8241737189999,-34.2874872401214],[-70.8239161429999,-34.2875974741213],[-70.8241481339999,-34.2881279051213],[-70.8238543259999,-34.2875922621213],[-70.8228925239999,-34.2878304671213],[-70.8230252479999,-34.2882315441213],[-70.8228551389999,-34.2878448191213],[-70.8221592269999,-34.2880082191213],[-70.8224438279999,-34.2890740551213],[-70.8255454469999,-34.2881902241213],[-70.8248563519999,-34.2866012971214],[-70.8236382009999,-34.2869916241213]]]}},{"type":"Feature","properties":{"id":"6116011001043","commune":"Requínoa","code":"06116","gse":"C3","quintil":"Q2","nse_score":675.4,"educ":10.1,"educ_score":473.3,"hacin":1.25,"hacin_class":"Hacinamiento Leve","hacin_score":797.9,"auto_score":133.3,"n_per":50,"n_hog":14,"source_year":2024,"crime_score":0.3017,"crime_nivel":"Medio","crime_color":"#ff9800"},"geometry":{"type":"Polygon","coordinates":[[[-70.8235611599999,-34.2869554421213],[-70.8219238159999,-34.2874373801213],[-70.8221494349999,-34.2879824291213],[-70.8238495519999,-34.2875522991213],[-70.8235611599999,-34.2869554421213]]]}},{"type":"Feature","properties":{"id":"6116011001044","commune":"Requínoa","code":"06116","gse":"D","quintil":"Q2","nse_score":648.7,"educ":10.3,"educ_score":486.7,"hacin":1.358,"hacin_class":"Hacinamiento Leve","hacin_score":774.8,"auto_score":227.3,"n_per":235,"n_hog":88,"source_year":2024,"crime_score":0.3338,"crime_nivel":"Medio","crime_color":"#ff9800"},"geometry":{"type":"Polygon","coordinates":[[[-70.8196543419999,-34.2872197541213],[-70.8168099939999,-34.2880318311213],[-70.8185719479999,-34.2921710061213],[-70.8203934749999,-34.2916861641213],[-70.8201641119999,-34.2911158331213],[-70.8192997579999,-34.2913261431213],[-70.8191087729999,-34.2908877871213],[-70.8188808879999,-34.2909500501213],[-70.8188608609999,-34.2908978701213],[-70.8199579779999,-34.2906250451213],[-70.8199872069999,-34.2904541021213],[-70.8200685969999,-34.2906011291213],[-70.8210422619999,-34.2903167851213],[-70.8196543419999,-34.2872197541213]]]}},{"type":"Feature","properties":{"id":"6116011001045","commune":"Requínoa","code":"06116","gse":"C3","quintil":"Q3","nse_score":712.3,"educ":12.0,"educ_score":600.0,"hacin":1.169,"hacin_class":"Hacinamiento Leve","hacin_score":815.1,"auto_score":236.1,"n_per":90,"n_hog":34,"source_year":2024,"crime_score":0.3014,"crime_nivel":"Medio","crime_color":"#ff9800"},"geometry":{"type":"Polygon","coordinates":[[[-70.8207185409999,-34.2877900351213],[-70.8209254339999,-34.2883414041213],[-70.8210705369999,-34.2883498871213],[-70.8202982449999,-34.2885811051213],[-70.8205429529999,-34.2892034161213],[-70.820804973,-34.2891273871213],[-70.8206723729999,-34.2886863621213],[-70.8208544779999,-34.2891107811213],[-70.8212895389999,-34.2889838491213],[-70.8212066099999,-34.2886296391214],[-70.8213287869999,-34.2889701911213],[-70.8215635339999,-34.2889493881213],[-70.8205702359999,-34.2892645061213],[-70.8211143759999,-34.2903158021213],[-70.8218674769999,-34.2901309401213],[-70.8219155979999,-34.2899194111213],[-70.8220844029999,-34.2908070851213],[-70.8223889889999,-34.2907263121213],[-70.8217826809999,-34.2885381181214],[-70.8213306169999,-34.2876095981214],[-70.8207185409999,-34.2877900351213]]]}},{"type":"Feature","properties":{"id":"6116011001049","commune":"Requínoa","code":"06116","gse":"E","quintil":"Q1","nse_score":558.1,"educ":8.3,"educ_score":353.3,"hacin":1.156,"hacin_class":"Hacinamiento Leve","hacin_score":817.8,"auto_score":142.9,"n_per":37,"n_hog":17,"source_year":2024,"crime_score":0.3191,"crime_nivel":"Medio","crime_color":"#ff9800"},"geometry":{"type":"Polygon","coordinates":[[[-70.8218861889999,-34.2901724091213],[-70.8211480989999,-34.2903682301213],[-70.8212865609999,-34.2907836501213],[-70.8219683639999,-34.2906072401213],[-70.8218861889999,-34.2901724091213]]]}},{"type":"Feature","properties":{"id":"6116011001050","commune":"Requínoa","code":"06116","gse":"E","quintil":"Q1","nse_score":597.3,"educ":8.5,"educ_score":366.7,"hacin":1.171,"hacin_class":"Hacinamiento Leve","hacin_score":814.7,"auto_score":218.8,"n_per":48,"n_hog":18,"source_year":2024,"crime_score":0.3143,"crime_nivel":"Medio","crime_color":"#ff9800"},"geometry":{"type":"Polygon","coordinates":[[[-70.8200750779999,-34.2906547741213],[-70.8202347029999,-34.2910542811213],[-70.821209602,-34.2907866881213],[-70.821043486,-34.2903935901213],[-70.8200750779999,-34.2906547741213]]]}},{"type":"Feature","properties":{"id":"6116011001051","commune":"Requínoa","code":"06116","gse":"E","quintil":"Q1","nse_score":512.5,"educ":6.0,"educ_score":200.0,"hacin":1.133,"hacin_class":"Hacinamiento Leve","hacin_score":822.7,"auto_score":71.4,"n_per":17,"n_hog":7,"source_year":2024,"crime_score":0.3234,"crime_nivel":"Medio","crime_color":"#ff9800"},"geometry":{"type":"Polygon","coordinates":[[[-70.8213164769999,-34.2908258551213],[-70.8213588019999,-34.2909995031213],[-70.8220248549999,-34.2908228761213],[-70.8219598269999,-34.2906596641213],[-70.8213164769999,-34.2908258551213]]]}},{"type":"Feature","properties":{"id":"6116011001052","commune":"Requínoa","code":"06116","gse":"E","quintil":"Q1","nse_score":497.2,"educ":8.8,"educ_score":386.7,"hacin":1.536,"hacin_class":"Hacinamiento Medio","hacin_score":737.1,"auto_score":285.7,"n_per":43,"n_hog":12,"source_year":2024,"crime_score":0.3301,"crime_nivel":"Medio","crime_color":"#ff9800"},"geometry":{"type":"Polygon","coordinates":[[[-70.8200021519999,-34.2906735311213],[-70.8191662569999,-34.2908733171213],[-70.8193066849999,-34.2912695051213],[-70.8201365549999,-34.2910772901213],[-70.8200021519999,-34.2906735311213]]]}},{"type":"Feature","properties":{"id":"6116011001054","commune":"Requínoa","code":"06116","gse":"C2","quintil":"Q4","nse_score":758.7,"educ":12.4,"educ_score":626.7,"hacin":1.303,"hacin_class":"Hacinamiento Leve","hacin_score":786.6,"auto_score":370.0,"n_per":142,"n_hog":50,"source_year":2024,"crime_score":0.3009,"crime_nivel":"Medio","crime_color":"#ff9800"},"geometry":{"type":"Polygon","coordinates":[[[-70.8230364409999,-34.2945571201212],[-70.8222804949999,-34.2907998521213],[-70.8213737789999,-34.2910416661213],[-70.8220948309999,-34.2945669841212],[-70.8229201929999,-34.2946057921212],[-70.8230364409999,-34.2945571201212]]]}},{"type":"Feature","properties":{"id":"6116011001055","commune":"Requínoa","code":"06116","gse":"C3","quintil":"Q3","nse_score":693.7,"educ":10.8,"educ_score":520.0,"hacin":1.419,"hacin_class":"Hacinamiento Leve","hacin_score":761.8,"auto_score":285.7,"n_per":44,"n_hog":15,"source_year":2024,"crime_score":0.2978,"crime_nivel":"Medio","crime_color":"#ff9800"},"geometry":{"type":"Polygon","coordinates":[[[-70.8202447939999,-34.2910990351213],[-70.8204737989999,-34.2916728881213],[-70.8214428319999,-34.2914251271213],[-70.8212204689999,-34.2908421601213],[-70.8202447939999,-34.2910990351213]]]}},{"type":"Feature","properties":{"id":"6116011001056","commune":"Requínoa","code":"06116","gse":"D","quintil":"Q1","nse_score":606.2,"educ":9.6,"educ_score":440.0,"hacin":1.394,"hacin_class":"Hacinamiento Leve","hacin_score":767.2,"auto_score":250.0,"n_per":46,"n_hog":17,"source_year":2024,"crime_score":0.3126,"crime_nivel":"Medio","crime_color":"#ff9800"},"geometry":{"type":"Polygon","coordinates":[[[-70.8216349379999,-34.2924330551213],[-70.8214556459999,-34.2915053661213],[-70.8204963899999,-34.2917330551213],[-70.8208447819999,-34.2926788801213],[-70.8216349379999,-34.2924330551213]]]}},{"type":"Feature","properties":{"id":"6116011001057","commune":"Requínoa","code":"06116","gse":"C2","quintil":"Q4","nse_score":761.4,"educ":12.8,"educ_score":653.3,"hacin":1.256,"hacin_class":"Hacinamiento Leve","hacin_score":796.5,"auto_score":222.2,"n_per":49,"n_hog":18,"source_year":2024,"crime_score":0.2874,"crime_nivel":"Medio","crime_color":"#ff9800"},"geometry":{"type":"Polygon","coordinates":[[[-70.8204077319999,-34.2917527671213],[-70.8195710989999,-34.2919893571213],[-70.8199358089999,-34.2929265561213],[-70.8207593929999,-34.2926990851213],[-70.8204077319999,-34.2917527671213]]]}},{"type":"Feature","properties":{"id":"6116011001058","commune":"Requínoa","code":"06116","gse":"C2","quintil":"Q3","nse_score":716.6,"educ":11.2,"educ_score":546.7,"hacin":1.227,"hacin_class":"Hacinamiento Leve","hacin_score":802.7,"auto_score":214.3,"n_per":54,"n_hog":21,"source_year":2024,"crime_score":0.2955,"crime_nivel":"Medio","crime_color":"#ff9800"},"geometry":{"type":"Polygon","coordinates":[[[-70.8194983689999,-34.2919971101213],[-70.8185702029999,-34.2922463231212],[-70.8189213469999,-34.2931795791213],[-70.8198718729999,-34.2929440971213],[-70.8194983689999,-34.2919971101213]]]}},{"type":"Feature","properties":{"id":"6116011001060","commune":"Requínoa","code":"06116","gse":"C2","quintil":"Q4","nse_score":733.1,"educ":11.9,"educ_score":593.3,"hacin":1.262,"hacin_class":"Hacinamiento Leve","hacin_score":795.3,"auto_score":214.3,"n_per":77,"n_hog":28,"source_year":2024,"crime_score":0.296,"crime_nivel":"Medio","crime_color":"#ff9800"},"geometry":{"type":"Polygon","coordinates":[[[-70.8211211009999,-34.2945635231213],[-70.822020242,-34.2945490681212],[-70.8217150809999,-34.2930152511213],[-70.8208792819999,-34.2932505731213],[-70.8211211009999,-34.2945635231213]]]}},{"type":"Feature","properties":{"id":"6116011001062","commune":"Requínoa","code":"06116","gse":"C3","quintil":"Q3","nse_score":700.0,"educ":11.1,"educ_score":540.0,"hacin":1.454,"hacin_class":"Hacinamiento Leve","hacin_score":754.4,"auto_score":365.4,"n_per":80,"n_hog":26,"source_year":2024,"crime_score":0.302,"crime_nivel":"Medio","crime_color":"#ff9800"},"geometry":{"type":"Polygon","coordinates":[[[-70.8210543709999,-34.2945674011212],[-70.8208353299999,-34.2932628591212],[-70.8200158569999,-34.2934796301212],[-70.8201936649999,-34.2945353821213],[-70.8210543709999,-34.2945674011212]]]}},{"type":"Feature","properties":{"id":"6116011001063","commune":"Requínoa","code":"06116","gse":"C2","quintil":"Q4","nse_score":754.4,"educ":11.7,"educ_score":580.0,"hacin":1.154,"hacin_class":"Hacinamiento Leve","hacin_score":818.3,"auto_score":192.3,"n_per":30,"n_hog":13,"source_year":2024,"crime_score":0.2859,"crime_nivel":"Medio","crime_color":"#ff9800"},"geometry":{"type":"Polygon","coordinates":[[[-70.8191310669999,-34.2937610251212],[-70.8194201849999,-34.2944976411213],[-70.8195319459999,-34.2945263691212],[-70.8193541199999,-34.2939530151213],[-70.8195700209999,-34.2945286871213],[-70.8201425809999,-34.2945343371213],[-70.8199461759999,-34.2934977961213],[-70.8191310669999,-34.2937610251212]]]}},{"type":"Feature","properties":{"id":"6116011001064","commune":"Requínoa","code":"06116","gse":"C3","quintil":"Q3","nse_score":689.2,"educ":11.8,"educ_score":586.7,"hacin":1.476,"hacin_class":"Hacinamiento Leve","hacin_score":749.7,"auto_score":351.9,"n_per":62,"n_hog":25,"source_year":2024,"crime_score":0.3012,"crime_nivel":"Medio","crime_color":"#ff9800"},"geometry":{"type":"Polygon","coordinates":[[[-70.8214065369999,-34.2955062501213],[-70.8233774989999,-34.2954684001212],[-70.8231980539999,-34.2945774511213],[-70.8229303769999,-34.2946661781212],[-70.8194693869999,-34.2946381131213],[-70.8201529799999,-34.2964483691213],[-70.8211567969999,-34.2961834811213],[-70.8209927959999,-34.2958021241212],[-70.8214971379999,-34.2957138261212],[-70.8214065369999,-34.2955062501213]]]}},{"type":"Feature","properties":{"id":"6116011001042","commune":"Requínoa","code":"06116","gse":"C2","quintil":"Q4","nse_score":738.6,"educ":12.7,"educ_score":646.7,"hacin":1.047,"hacin_class":"Hacinamiento Leve","hacin_score":841.1,"auto_score":275.9,"n_per":67,"n_hog":25,"source_year":2024,"crime_score":0.2937,"crime_nivel":"Medio","crime_color":"#ff9800"},"geometry":{"type":"MultiPolygon","coordinates":[[[[-70.8200670749999,-34.2880323511213],[-70.8202844579999,-34.2885362271213],[-70.8205407129999,-34.2884600131214],[-70.8204789089999,-34.2881129731213],[-70.8206119969999,-34.2884307311213],[-70.8208866339999,-34.2883505471213],[-70.8206648469999,-34.2878038181213],[-70.8200670749999,-34.2880323511213]]],[[[-70.8197318069999,-34.2871600211213],[-70.820066719,-34.2879100871213],[-70.8213006549999,-34.2875601631214],[-70.820797953,-34.2868646601213],[-70.8197318069999,-34.2871600211213]]]]}},{"type":"Feature","properties":{"id":"6116011002001","commune":"Requínoa","code":"06116","gse":"C3","quintil":"Q2","nse_score":666.0,"educ":11.3,"educ_score":553.3,"hacin":1.327,"hacin_class":"Hacinamiento Leve","hacin_score":781.5,"auto_score":217.7,"n_per":402,"n_hog":144,"source_year":2024,"crime_score":0.3403,"crime_nivel":"Medio","crime_color":"#ff9800"},"geometry":{"type":"Polygon","coordinates":[[[-70.815326351,-34.2767146181214],[-70.8125023369999,-34.2777756161215],[-70.8123022969999,-34.2774137491215],[-70.8112212709999,-34.2778068831214],[-70.8135756159999,-34.2820256771214],[-70.8141994409999,-34.2817822731214],[-70.8136768659999,-34.2808027571214],[-70.8142399319999,-34.2817608451214],[-70.8151488599999,-34.2814096981214],[-70.8141499609999,-34.2805566241214],[-70.8137386429999,-34.2800375631214],[-70.8135129689999,-34.2801310811214],[-70.8137272849999,-34.2800221181214],[-70.8134652819999,-34.2795749081214],[-70.8132388899999,-34.2796447141214],[-70.8134365999999,-34.2795291681214],[-70.8133083969999,-34.2792902261214],[-70.8129117469999,-34.2794235941214],[-70.8132676149999,-34.2792323101214],[-70.8131158369999,-34.2789375421214],[-70.8126420199999,-34.2790840441214],[-70.8119624539999,-34.2784858191215],[-70.8126836529999,-34.2782152841215],[-70.8126413299999,-34.2780856191215],[-70.8147584789999,-34.2773836021215],[-70.8148152129999,-34.2772487711215],[-70.8149337549999,-34.2774727961214],[-70.8151394469999,-34.2773953601215],[-70.8149562499999,-34.2775136711215],[-70.8150742259999,-34.2777214741214],[-70.8152696399999,-34.2776560911214],[-70.8151066889999,-34.2777763571215],[-70.8153396069999,-34.2781921881215],[-70.8157629339999,-34.2781026881214],[-70.8153911879999,-34.2782622961214],[-70.8158969839999,-34.2791855861214],[-70.8165716929999,-34.2789575001214],[-70.815326351,-34.2767146181214]]]}},{"type":"Feature","properties":{"id":"6116011002002","commune":"Requínoa","code":"06116","gse":"C2","quintil":"Q4","nse_score":762.1,"educ":12.7,"educ_score":646.7,"hacin":1.291,"hacin_class":"Hacinamiento Leve","hacin_score":789.2,"auto_score":458.3,"n_per":71,"n_hog":23,"source_year":2024,"crime_score":0.2903,"crime_nivel":"Medio","crime_color":"#ff9800"},"geometry":{"type":"Polygon","coordinates":[[[-70.8149794459999,-34.2783702881215],[-70.8152770339999,-34.2782473981215],[-70.8149098359999,-34.2775576401215],[-70.8147974529999,-34.2774432581215],[-70.8145116939999,-34.2775453231214],[-70.8149794459999,-34.2783702881215]]]}},{"type":"Feature","properties":{"id":"6116011002003","commune":"Requínoa","code":"06116","gse":"C2","quintil":"Q4","nse_score":755.8,"educ":12.4,"educ_score":626.7,"hacin":1.473,"hacin_class":"Hacinamiento Leve","hacin_score":750.5,"auto_score":550.0,"n_per":81,"n_hog":21,"source_year":2024,"crime_score":0.2928,"crime_nivel":"Medio","crime_color":"#ff9800"},"geometry":{"type":"Polygon","coordinates":[[[-70.814634124,-34.2784909991214],[-70.8149019839999,-34.2783848701215],[-70.8144239619999,-34.2775771901214],[-70.8141852719999,-34.2776962301215],[-70.814634124,-34.2784909991214]]]}},{"type":"Feature","properties":{"id":"6116011002004","commune":"Requínoa","code":"06116","gse":"C2","quintil":"Q4","nse_score":774.6,"educ":12.6,"educ_score":640.0,"hacin":1.184,"hacin_class":"Hacinamiento Leve","hacin_score":812.0,"auto_score":475.0,"n_per":58,"n_hog":19,"source_year":2024,"crime_score":0.2864,"crime_nivel":"Medio","crime_color":"#ff9800"},"geometry":{"type":"Polygon","coordinates":[[[-70.8141509899999,-34.2777183781214],[-70.8138685979999,-34.2778205731214],[-70.8143435499999,-34.2786067521214],[-70.8145783769999,-34.2784898421215],[-70.8141509899999,-34.2777183781214]]]}},{"type":"Feature","properties":{"id":"6116011002005","commune":"Requínoa","code":"06116","gse":"C2","quintil":"Q4","nse_score":734.4,"educ":12.4,"educ_score":626.7,"hacin":1.182,"hacin_class":"Hacinamiento Leve","hacin_score":812.4,"auto_score":300.0,"n_per":52,"n_hog":18,"source_year":2024,"crime_score":0.2923,"crime_nivel":"Medio","crime_color":"#ff9800"},"geometry":{"type":"Polygon","coordinates":[[[-70.8138349339999,-34.2778411791215],[-70.8135542539999,-34.2779421751215],[-70.8140208409999,-34.2787233391215],[-70.8142568259999,-34.2786047001215],[-70.8138349339999,-34.2778411791215]]]}},{"type":"Feature","properties":{"id":"6116011002007","commune":"Requínoa","code":"06116","gse":"C1","quintil":"Q5","nse_score":780.9,"educ":12.8,"educ_score":653.3,"hacin":1.202,"hacin_class":"Hacinamiento Leve","hacin_score":808.0,"auto_score":414.3,"n_per":101,"n_hog":35,"source_year":2024,"crime_score":0.2914,"crime_nivel":"Medio","crime_color":"#ff9800"},"geometry":{"type":"Polygon","coordinates":[[[-70.8134655429999,-34.2784594311214],[-70.8131804759999,-34.2780630331215],[-70.8128045639999,-34.2782059231214],[-70.8132515819999,-34.2790471601214],[-70.8139552619999,-34.2787449571215],[-70.8134941679999,-34.2779363011215],[-70.8132347999999,-34.2780484321215],[-70.8134655429999,-34.2784594311214]]]}},{"type":"Feature","properties":{"id":"6116011002008","commune":"Requínoa","code":"06116","gse":"C2","quintil":"Q4","nse_score":728.1,"educ":11.4,"educ_score":560.0,"hacin":1.091,"hacin_class":"Hacinamiento Leve","hacin_score":831.7,"auto_score":136.4,"n_per":24,"n_hog":11,"source_year":2024,"crime_score":0.2893,"crime_nivel":"Medio","crime_color":"#ff9800"},"geometry":{"type":"Polygon","coordinates":[[[-70.8123018149999,-34.2787703311214],[-70.8128698629999,-34.2785557111215],[-70.8127420999999,-34.2782612181215],[-70.8121376719999,-34.2784609571215],[-70.8123018149999,-34.2787703311214]]]}},{"type":"Feature","properties":{"id":"6116011002009","commune":"Requínoa","code":"06116","gse":"C3","quintil":"Q3","nse_score":697.4,"educ":11.8,"educ_score":586.7,"hacin":1.306,"hacin_class":"Hacinamiento Leve","hacin_score":785.9,"auto_score":346.2,"n_per":64,"n_hog":25,"source_year":2024,"crime_score":0.3001,"crime_nivel":"Medio","crime_color":"#ff9800"},"geometry":{"type":"Polygon","coordinates":[[[-70.8148612199999,-34.2784996271214],[-70.8153432209999,-34.2793755061214],[-70.8158246849999,-34.2791959691215],[-70.8153605389999,-34.2783219921214],[-70.8148612199999,-34.2784996271214]]]}},{"type":"Feature","properties":{"id":"6116011002010","commune":"Requínoa","code":"06116","gse":"C3","quintil":"Q3","nse_score":705.3,"educ":10.7,"educ_score":513.3,"hacin":1.371,"hacin_class":"Hacinamiento Leve","hacin_score":772.0,"auto_score":236.8,"n_per":48,"n_hog":20,"source_year":2024,"crime_score":0.2965,"crime_nivel":"Medio","crime_color":"#ff9800"},"geometry":{"type":"Polygon","coordinates":[[[-70.8148564409999,-34.2795707181214],[-70.8153016959999,-34.2793842351214],[-70.8147996619999,-34.2785009911214],[-70.8143623809999,-34.2786742791214],[-70.8148564409999,-34.2795707181214]]]}},{"type":"Feature","properties":{"id":"6116011002011","commune":"Requínoa","code":"06116","gse":"C2","quintil":"Q4","nse_score":758.9,"educ":11.7,"educ_score":580.0,"hacin":1.25,"hacin_class":"Hacinamiento Leve","hacin_score":797.9,"auto_score":62.5,"n_per":25,"n_hog":8,"source_year":2024,"crime_score":0.2844,"crime_nivel":"Medio","crime_color":"#ff9800"},"geometry":{"type":"Polygon","coordinates":[[[-70.812654258,-34.2790513941215],[-70.8130713199999,-34.2788928461215],[-70.8129121249999,-34.2785864651214],[-70.8123495979999,-34.2788001921215],[-70.812654258,-34.2790513941215]]]}},{"type":"Feature","properties":{"id":"6116011002012","commune":"Requínoa","code":"06116","gse":"C3","quintil":"Q3","nse_score":704.8,"educ":11.1,"educ_score":540.0,"hacin":1.306,"hacin_class":"Hacinamiento Leve","hacin_score":786.1,"auto_score":205.9,"n_per":47,"n_hog":17,"source_year":2024,"crime_score":0.2964,"crime_nivel":"Medio","crime_color":"#ff9800"},"geometry":{"type":"Polygon","coordinates":[[[-70.8133320429999,-34.2790560681214],[-70.8134491719999,-34.2794324561214],[-70.8145085789999,-34.2790285201215],[-70.8142893379999,-34.2786921951215],[-70.8133320429999,-34.2790560681214]]]}},{"type":"Feature","properties":{"id":"6116011002015","commune":"Requínoa","code":"06116","gse":"C2","quintil":"Q4","nse_score":767.1,"educ":12.3,"educ_score":620.0,"hacin":1.219,"hacin_class":"Hacinamiento Leve","hacin_score":804.5,"auto_score":166.7,"n_per":39,"n_hog":18,"source_year":2024,"crime_score":0.285,"crime_nivel":"Medio","crime_color":"#ff9800"},"geometry":{"type":"Polygon","coordinates":[[[-70.8147920869999,-34.2795936731215],[-70.8145762339999,-34.2791801821215],[-70.8135346589999,-34.2795793471214],[-70.8138151159999,-34.2799723331214],[-70.8147920869999,-34.2795936731215]]]}},{"type":"Feature","properties":{"id":"6116011002017","commune":"Requínoa","code":"06116","gse":"C3","quintil":"Q2","nse_score":681.6,"educ":11.2,"educ_score":546.7,"hacin":1.272,"hacin_class":"Hacinamiento Leve","hacin_score":793.2,"auto_score":204.5,"n_per":117,"n_hog":42,"source_year":2024,"crime_score":0.3105,"crime_nivel":"Medio","crime_color":"#ff9800"},"geometry":{"type":"Polygon","coordinates":[[[-70.8173341369999,-34.2806957181214],[-70.8150323209999,-34.2815721071214],[-70.815576845,-34.2826419101214],[-70.8172393929999,-34.2820670511214],[-70.8169679819999,-34.2815292561214],[-70.8173305459999,-34.2820324271214],[-70.8179955049999,-34.2817677451214],[-70.8173341369999,-34.2806957181214]]]}},{"type":"Feature","properties":{"id":"6116011002018","commune":"Requínoa","code":"06116","gse":"C3","quintil":"Q2","nse_score":680.8,"educ":13.4,"educ_score":693.3,"hacin":1.343,"hacin_class":"Hacinamiento Leve","hacin_score":778.1,"auto_score":175.0,"n_per":47,"n_hog":18,"source_year":2024,"crime_score":0.3004,"crime_nivel":"Medio","crime_color":"#ff9800"},"geometry":{"type":"Polygon","coordinates":[[[-70.8141735219999,-34.2831943331214],[-70.8154899029999,-34.2826955871214],[-70.8149204499999,-34.2816232661214],[-70.8136022939999,-34.2821247381214],[-70.8141735219999,-34.2831943331214]]]}},{"type":"Feature","properties":{"id":"6116011002019","commune":"Requínoa","code":"06116","gse":"C2","quintil":"Q4","nse_score":738.5,"educ":11.9,"educ_score":593.3,"hacin":1.136,"hacin_class":"Hacinamiento Leve","hacin_score":822.1,"auto_score":181.8,"n_per":25,"n_hog":10,"source_year":2024,"crime_score":0.2877,"crime_nivel":"Medio","crime_color":"#ff9800"},"geometry":{"type":"Polygon","coordinates":[[[-70.8179842789999,-34.2818568171214],[-70.8162717499999,-34.2824811181214],[-70.8162493319999,-34.2825498881214],[-70.8170016099999,-34.2831469181214],[-70.8185349079999,-34.2826888331214],[-70.8179842789999,-34.2818568171214]]]}},{"type":"Feature","properties":{"id":"6116011002020","commune":"Requínoa","code":"06116","gse":"C3","quintil":"Q2","nse_score":666.7,"educ":12.0,"educ_score":600.0,"hacin":1.1,"hacin_class":"Hacinamiento Leve","hacin_score":829.8,"auto_score":55.6,"n_per":22,"n_hog":9,"source_year":2024,"crime_score":0.299,"crime_nivel":"Medio","crime_color":"#ff9800"},"geometry":{"type":"Polygon","coordinates":[[[-70.817217609,-34.2834366711214],[-70.8161463899999,-34.2825566441214],[-70.81565101,-34.2827214211214],[-70.8162423329999,-34.2838349811214],[-70.817217609,-34.2834366711214]]]}},{"type":"Feature","properties":{"id":"6116011002021","commune":"Requínoa","code":"06116","gse":"C2","quintil":"Q4","nse_score":731.5,"educ":13.0,"educ_score":666.7,"hacin":1.439,"hacin_class":"Hacinamiento Leve","hacin_score":757.7,"auto_score":281.2,"n_per":59,"n_hog":20,"source_year":2024,"crime_score":0.2937,"crime_nivel":"Medio","crime_color":"#ff9800"},"geometry":{"type":"Polygon","coordinates":[[[-70.8161322959999,-34.2838250711214],[-70.815542923,-34.2827718051214],[-70.8142166749999,-34.2832613211214],[-70.8148270269999,-34.2843764091214],[-70.8161322959999,-34.2838250711214]]]}},{"type":"Feature","properties":{"id":"6116011002023","commune":"Requínoa","code":"06116","gse":"C2","quintil":"Q4","nse_score":734.8,"educ":13.7,"educ_score":713.3,"hacin":1.3,"hacin_class":"Hacinamiento Leve","hacin_score":787.2,"auto_score":200.0,"n_per":39,"n_hog":15,"source_year":2024,"crime_score":0.2903,"crime_nivel":"Medio","crime_color":"#ff9800"},"geometry":{"type":"Polygon","coordinates":[[[-70.8163061389999,-34.2839024731214],[-70.8167770219999,-34.2847996981213],[-70.8178007689999,-34.2844222141214],[-70.8180129219999,-34.2846239281214],[-70.8184331079999,-34.2844527741214],[-70.8173303749999,-34.2835330111214],[-70.8163061389999,-34.2839024731214]]]}},{"type":"Feature","properties":{"id":"6116011002025","commune":"Requínoa","code":"06116","gse":"C3","quintil":"Q2","nse_score":665.5,"educ":13.3,"educ_score":686.7,"hacin":1.227,"hacin_class":"Hacinamiento Leve","hacin_score":802.7,"auto_score":125.0,"n_per":27,"n_hog":13,"source_year":2024,"crime_score":0.3,"crime_nivel":"Medio","crime_color":"#ff9800"},"geometry":{"type":"Polygon","coordinates":[[[-70.815442877,-34.2855342421213],[-70.8167885489999,-34.2850676881213],[-70.8161884539999,-34.2839662541214],[-70.8148703589999,-34.2844516891213],[-70.815442877,-34.2855342421213]]]}},{"type":"Feature","properties":{"id":"6116011002027","commune":"Requínoa","code":"06116","gse":"D","quintil":"Q1","nse_score":634.0,"educ":12.0,"educ_score":600.0,"hacin":1.091,"hacin_class":"Hacinamiento Leve","hacin_score":831.7,"auto_score":250.0,"n_per":48,"n_hog":19,"source_year":2024,"crime_score":0.3083,"crime_nivel":"Medio","crime_color":"#ff9800"},"geometry":{"type":"Polygon","coordinates":[[[-70.8190986379999,-34.2858468121213],[-70.8185252629999,-34.2845200241214],[-70.8180500309999,-34.2846925361214],[-70.8180672079999,-34.2849654911213],[-70.8170598919999,-34.2853646451214],[-70.8176147359999,-34.2863462811214],[-70.8190986379999,-34.2858468121213]]]}},{"type":"Feature","properties":{"id":"6116011002029","commune":"Requínoa","code":"06116","gse":"C2","quintil":"Q3","nse_score":720.2,"educ":14.0,"educ_score":733.3,"hacin":0.923,"hacin_class":"Sin Hacinamiento","hacin_score":867.4,"auto_score":500.0,"n_per":12,"n_hog":5,"source_year":2024,"crime_score":0.2889,"crime_nivel":"Medio","crime_color":"#ff9800"},"geometry":{"type":"Polygon","coordinates":[[[-70.8155244049999,-34.2856933531214],[-70.8161545069999,-34.2868259941214],[-70.8175011109999,-34.2863817801214],[-70.8168276949999,-34.2851552921214],[-70.8155244049999,-34.2856933531214]]]}},{"type":"Feature","properties":{"id":"6116011002030","commune":"Requínoa","code":"06116","gse":"D","quintil":"Q1","nse_score":613.2,"educ":10.6,"educ_score":506.7,"hacin":1.245,"hacin_class":"Hacinamiento Leve","hacin_score":799.0,"auto_score":83.3,"n_per":61,"n_hog":27,"source_year":2024,"crime_score":0.3137,"crime_nivel":"Medio","crime_color":"#ff9800"},"geometry":{"type":"Polygon","coordinates":[[[-70.818994685,-34.2866283111214],[-70.8186751759999,-34.2860829381214],[-70.8176589219999,-34.2864357921214],[-70.8182491189999,-34.2874996741213],[-70.8195818249999,-34.2871212871213],[-70.8191098579999,-34.2859440271213],[-70.8187300789999,-34.2860799601214],[-70.818994685,-34.2866283111214]]]}},{"type":"Feature","properties":{"id":"6116011002031","commune":"Requínoa","code":"06116","gse":"C3","quintil":"Q2","nse_score":672.9,"educ":12.5,"educ_score":633.3,"hacin":1.0,"hacin_class":"Hacinamiento Leve","hacin_score":851.1,"auto_score":107.1,"n_per":35,"n_hog":15,"source_year":2024,"crime_score":0.2999,"crime_nivel":"Medio","crime_color":"#ff9800"},"geometry":{"type":"Polygon","coordinates":[[[-70.8162157849999,-34.2869677321213],[-70.8167610079999,-34.2879313001214],[-70.8181333399999,-34.2875259201213],[-70.8175515039999,-34.2864669621214],[-70.8162157849999,-34.2869677321213]]]}},{"type":"Feature","properties":{"id":"6116011003001","commune":"Requínoa","code":"06116","gse":"D","quintil":"Q2","nse_score":644.2,"educ":9.3,"educ_score":420.0,"hacin":1.344,"hacin_class":"Hacinamiento Leve","hacin_score":777.9,"auto_score":357.1,"n_per":43,"n_hog":14,"source_year":2024,"crime_score":0.3058,"crime_nivel":"Medio","crime_color":"#ff9800"},"geometry":{"type":"Polygon","coordinates":[[[-70.8417758779999,-34.2793677361214],[-70.8420246459999,-34.2802006911214],[-70.8424512489999,-34.2798806151214],[-70.8426311459999,-34.2798396111214],[-70.8420345459999,-34.2802363481214],[-70.8421663979999,-34.2806383291214],[-70.8436835269999,-34.2802109971214],[-70.8432358609999,-34.2789492451214],[-70.8417758779999,-34.2793677361214]]]}},{"type":"Feature","properties":{"id":"6116011003002","commune":"Requínoa","code":"06116","gse":"C3","quintil":"Q3","nse_score":682.3,"educ":10.3,"educ_score":486.7,"hacin":1.333,"hacin_class":"Hacinamiento Leve","hacin_score":780.1,"auto_score":208.3,"n_per":236,"n_hog":82,"source_year":2024,"crime_score":0.3279,"crime_nivel":"Medio","crime_color":"#ff9800"},"geometry":{"type":"Polygon","coordinates":[[[-70.8417364919999,-34.2793789921214],[-70.8374547839999,-34.2806217331214],[-70.8371402569999,-34.2799223161214],[-70.8346508259999,-34.2806430481214],[-70.8342617179999,-34.2797197391214],[-70.833087454,-34.2800516741214],[-70.8332287309999,-34.2804222131214],[-70.8342805159999,-34.2801813551214],[-70.8345184619999,-34.2808000151214],[-70.833541883,-34.2810655831214],[-70.8336731589999,-34.2813737061214],[-70.8347442419999,-34.2810961471214],[-70.8354845239999,-34.2825955801214],[-70.8359823589999,-34.2824036181214],[-70.8357475869999,-34.2823619351214],[-70.8359407879999,-34.2823048571214],[-70.8353651419999,-34.2809372651214],[-70.8350118029999,-34.2810003451214],[-70.836831216,-34.2804837351214],[-70.8374344119999,-34.2818635921214],[-70.8377680039999,-34.2817650381214],[-70.8374490849999,-34.2818975341214],[-70.8375389089999,-34.2819910101214],[-70.8385219689999,-34.2817000701214],[-70.8381927109999,-34.2808363551215],[-70.8385659529999,-34.2816870241214],[-70.8407971569999,-34.2810451661214],[-70.8404700369999,-34.2804801971214],[-70.8408178349999,-34.2810391081214],[-70.8421135239999,-34.2806394861214],[-70.8417364919999,-34.2793789921214]]]}},{"type":"Feature","properties":{"id":"6116011003007","commune":"Requínoa","code":"06116","gse":"C3","quintil":"Q2","nse_score":677.0,"educ":10.0,"educ_score":466.7,"hacin":1.235,"hacin_class":"Hacinamiento Leve","hacin_score":801.0,"auto_score":83.3,"n_per":21,"n_hog":12,"source_year":2024,"crime_score":0.2972,"crime_nivel":"Medio","crime_color":"#ff9800"},"geometry":{"type":"Polygon","coordinates":[[[-70.8363277459999,-34.2811578951214],[-70.8369782539999,-34.2809661831214],[-70.8368068969999,-34.2805541601214],[-70.8361350019999,-34.2807265351214],[-70.8363277459999,-34.2811578951214]]]}},{"type":"Feature","properties":{"id":"6116011003008","commune":"Requínoa","code":"06116","gse":"C3","quintil":"Q2","nse_score":676.0,"educ":10.4,"educ_score":493.3,"hacin":1.478,"hacin_class":"Hacinamiento Leve","hacin_score":749.3,"auto_score":230.8,"n_per":34,"n_hog":13,"source_year":2024,"crime_score":0.2993,"crime_nivel":"Medio","crime_color":"#ff9800"},"geometry":{"type":"Polygon","coordinates":[[[-70.8354290429999,-34.2809250871214],[-70.8356160849999,-34.2813694521214],[-70.8362601849999,-34.2811681061214],[-70.8360652629999,-34.2807463361214],[-70.8354290429999,-34.2809250871214]]]}},{"type":"Feature","properties":{"id":"6116011003009","commune":"Requínoa","code":"06116","gse":"C3","quintil":"Q3","nse_score":689.3,"educ":9.7,"educ_score":446.7,"hacin":1.179,"hacin_class":"Hacinamiento Leve","hacin_score":813.1,"auto_score":333.3,"n_per":33,"n_hog":12,"source_year":2024,"crime_score":0.2969,"crime_nivel":"Medio","crime_color":"#ff9800"},"geometry":{"type":"Polygon","coordinates":[[[-70.8356271959999,-34.2813958471214],[-70.8358086259999,-34.2818268781214],[-70.8371738509999,-34.2814086811214],[-70.8369782769999,-34.2810072091214],[-70.8356271959999,-34.2813958471214]]]}},{"type":"Feature","properties":{"id":"6116011003010","commune":"Requínoa","code":"06116","gse":"C2","quintil":"Q4","nse_score":764.5,"educ":13.0,"educ_score":666.7,"hacin":1.366,"hacin_class":"Hacinamiento Leve","hacin_score":773.3,"auto_score":378.0,"n_per":127,"n_hog":38,"source_year":2024,"crime_score":0.2978,"crime_nivel":"Medio","crime_color":"#ff9800"},"geometry":{"type":"Polygon","coordinates":[[[-70.8336919979999,-34.2814504981214],[-70.8338319149999,-34.2817844841214],[-70.8347304709999,-34.2816053151214],[-70.8350188939999,-34.2823243871214],[-70.8341837769999,-34.2825985321214],[-70.8343271249999,-34.2829301771214],[-70.8354127449999,-34.2826164071214],[-70.8346992039999,-34.2811610281214],[-70.8336919979999,-34.2814504981214]]]}},{"type":"Feature","properties":{"id":"6116011003012","commune":"Requínoa","code":"06116","gse":"C2","quintil":"Q4","nse_score":729.9,"educ":11.7,"educ_score":580.0,"hacin":1.188,"hacin_class":"Hacinamiento Leve","hacin_score":811.2,"auto_score":318.2,"n_per":57,"n_hog":21,"source_year":2024,"crime_score":0.2937,"crime_nivel":"Medio","crime_color":"#ff9800"},"geometry":{"type":"Polygon","coordinates":[[[-70.8358210279999,-34.2818563431214],[-70.8360021819999,-34.2822867201214],[-70.8373742509999,-34.2818813651214],[-70.837176499,-34.2814603981214],[-70.8358210279999,-34.2818563431214]]]}},{"type":"Feature","properties":{"id":"6116011003013","commune":"Requínoa","code":"06116","gse":"C2","quintil":"Q4","nse_score":772.5,"educ":13.8,"educ_score":720.0,"hacin":1.438,"hacin_class":"Hacinamiento Leve","hacin_score":758.0,"auto_score":428.6,"n_per":23,"n_hog":6,"source_year":2024,"crime_score":0.2819,"crime_nivel":"Medio","crime_color":"#ff9800"},"geometry":{"type":"Polygon","coordinates":[[[-70.8344971839999,-34.2822038391214],[-70.8348843909999,-34.2821019921214],[-70.8346522559999,-34.2816027581214],[-70.8342753239999,-34.2817067691214],[-70.8344971839999,-34.2822038391214]]]}},{"type":"Feature","properties":{"id":"6116011003016","commune":"Requínoa","code":"06116","gse":"C2","quintil":"Q4","nse_score":734.8,"educ":11.2,"educ_score":546.7,"hacin":1.318,"hacin_class":"Hacinamiento Leve","hacin_score":783.5,"auto_score":202.7,"n_per":112,"n_hog":37,"source_year":2024,"crime_score":0.3007,"crime_nivel":"Medio","crime_color":"#ff9800"},"geometry":{"type":"Polygon","coordinates":[[[-70.8361795999999,-34.2825379181214],[-70.8362853829999,-34.2827045301214],[-70.8365070659999,-34.2826869921214],[-70.8367549309999,-34.2834440871214],[-70.8374061369999,-34.2832214871214],[-70.8375996389999,-34.2836502841214],[-70.8378134999999,-34.2835902221214],[-70.8375679079999,-34.2829833931214],[-70.8388231549999,-34.2826160961214],[-70.8376638029999,-34.2825585071214],[-70.8374078999999,-34.2824748301214],[-70.8372362879999,-34.2821622831214],[-70.8361795999999,-34.2825379181214]]]}},{"type":"Feature","properties":{"id":"6116011003017","commune":"Requínoa","code":"06116","gse":"C2","quintil":"Q4","nse_score":728.9,"educ":12.2,"educ_score":613.3,"hacin":1.328,"hacin_class":"Hacinamiento Leve","hacin_score":781.2,"auto_score":323.1,"n_per":174,"n_hog":59,"source_year":2024,"crime_score":0.3106,"crime_nivel":"Medio","crime_color":"#ff9800"},"geometry":{"type":"Polygon","coordinates":[[[-70.8354511969999,-34.2826891001214],[-70.8362373009999,-34.2840158631214],[-70.8369292769999,-34.2838347121214],[-70.8368228959999,-34.2836671561214],[-70.8363430839999,-34.2837714341214],[-70.8368024389999,-34.2836349361214],[-70.8366303109999,-34.2833638271214],[-70.8361761319999,-34.2834989041214],[-70.8366098509999,-34.2833316031214],[-70.8364438749999,-34.2830701831214],[-70.8359834249999,-34.2832055111214],[-70.8364234059999,-34.2830379441214],[-70.836243582,-34.2827547121214],[-70.8357770709999,-34.2829129831214],[-70.836223232,-34.2827226611214],[-70.8360808599999,-34.2824984181214],[-70.8354511969999,-34.2826891001214]]]}},{"type":"Feature","properties":{"id":"6116011003019","commune":"Requínoa","code":"06116","gse":"C2","quintil":"Q4","nse_score":759.3,"educ":12.1,"educ_score":606.7,"hacin":1.535,"hacin_class":"Hacinamiento Medio","hacin_score":737.3,"auto_score":340.9,"n_per":66,"n_hog":22,"source_year":2024,"crime_score":0.2901,"crime_nivel":"Medio","crime_color":"#ff9800"},"geometry":{"type":"Polygon","coordinates":[[[-70.8349900629999,-34.2828283741214],[-70.8358139139999,-34.2841428531214],[-70.8361433689999,-34.2840573061214],[-70.8353205099999,-34.2827385771214],[-70.8349900629999,-34.2828283741214]]]}},{"type":"Feature","properties":{"id":"6116011003020","commune":"Requínoa","code":"06116","gse":"C2","quintil":"Q4","nse_score":745.3,"educ":12.2,"educ_score":613.3,"hacin":1.345,"hacin_class":"Hacinamiento Leve","hacin_score":777.7,"auto_score":333.3,"n_per":78,"n_hog":26,"source_year":2024,"crime_score":0.2941,"crime_nivel":"Medio","crime_color":"#ff9800"},"geometry":{"type":"Polygon","coordinates":[[[-70.8352590269999,-34.2842972391214],[-70.8357426439999,-34.2841523981214],[-70.8349291629999,-34.2828802321214],[-70.8344527929999,-34.2829783471214],[-70.8352590269999,-34.2842972391214]]]}},{"type":"Feature","properties":{"id":"6116011003021","commune":"Requínoa","code":"06116","gse":"C3","quintil":"Q3","nse_score":700.8,"educ":11.2,"educ_score":546.7,"hacin":1.364,"hacin_class":"Hacinamiento Leve","hacin_score":773.7,"auto_score":193.2,"n_per":135,"n_hog":42,"source_year":2024,"crime_score":0.3099,"crime_nivel":"Medio","crime_color":"#ff9800"},"geometry":{"type":"Polygon","coordinates":[[[-70.8333676959999,-34.2832874571214],[-70.8335855319999,-34.2837142971214],[-70.8342596419999,-34.2835525441214],[-70.8336134609999,-34.2837597761214],[-70.8338557089999,-34.2841350361214],[-70.8345175469999,-34.2839833811214],[-70.8338894699999,-34.2841789831214],[-70.8341416849999,-34.2845828561214],[-70.8351699739999,-34.2843183211214],[-70.8343469859999,-34.2830280821214],[-70.8333676959999,-34.2832874571214]]]}},{"type":"Feature","properties":{"id":"6116011003022","commune":"Requínoa","code":"06116","gse":"C3","quintil":"Q2","nse_score":671.1,"educ":9.9,"educ_score":460.0,"hacin":1.357,"hacin_class":"Hacinamiento Leve","hacin_score":775.1,"auto_score":272.7,"n_per":38,"n_hog":11,"source_year":2024,"crime_score":0.3007,"crime_nivel":"Medio","crime_color":"#ff9800"},"geometry":{"type":"Polygon","coordinates":[[[-70.8367752249999,-34.2834760521214],[-70.83699386,-34.2838204121214],[-70.8375584659999,-34.2836618481214],[-70.8373896259999,-34.2832556041214],[-70.8367752249999,-34.2834760521214]]]}},{"type":"Feature","properties":{"id":"6116011003023","commune":"Requínoa","code":"06116","gse":"C2","quintil":"Q3","nse_score":723.2,"educ":11.4,"educ_score":560.0,"hacin":1.311,"hacin_class":"Hacinamiento Leve","hacin_score":784.8,"auto_score":456.0,"n_per":278,"n_hog":90,"source_year":2024,"crime_score":0.3265,"crime_nivel":"Medio","crime_color":"#ff9800"},"geometry":{"type":"Polygon","coordinates":[[[-70.833256935,-34.2833342891214],[-70.8306698099999,-34.2840754451214],[-70.8310276959999,-34.2848832931214],[-70.8327353209999,-34.2843860041214],[-70.8345058859999,-34.2870414631213],[-70.8355393299999,-34.2867524311214],[-70.8353968799999,-34.2865319621213],[-70.8347892169999,-34.2866912041214],[-70.8353325929999,-34.2864912771213],[-70.8350192319999,-34.2860200441214],[-70.8344923749999,-34.2861606771214],[-70.8350088649999,-34.2860038711214],[-70.8346684209999,-34.2855420201213],[-70.8339743129999,-34.2856689111214],[-70.8346242649999,-34.2854746051214],[-70.8343799549999,-34.2851197561213],[-70.8337233389999,-34.2852771921214],[-70.8343372529999,-34.2850792781214],[-70.8341015679999,-34.2846713711214],[-70.8333189079999,-34.2848471021214],[-70.8340465189999,-34.2845826591214],[-70.8337939029999,-34.2841952001214],[-70.8331396449999,-34.2843508861213],[-70.8337609049999,-34.2841563811214],[-70.8335445019999,-34.2837806451214],[-70.8328710609999,-34.2839332781214],[-70.8334975589999,-34.2837299531214],[-70.833256935,-34.2833342891214]]]}},{"type":"Feature","properties":{"id":"6116011003024","commune":"Requínoa","code":"06116","gse":"D","quintil":"Q1","nse_score":622.1,"educ":8.6,"educ_score":373.3,"hacin":1.575,"hacin_class":"Hacinamiento Medio","hacin_score":728.8,"auto_score":166.7,"n_per":74,"n_hog":25,"source_year":2024,"crime_score":0.3142,"crime_nivel":"Medio","crime_color":"#ff9800"},"geometry":{"type":"Polygon","coordinates":[[[-70.8370246289999,-34.2838688741214],[-70.8372107819999,-34.2841620701214],[-70.837959683,-34.2839514211214],[-70.8378342519999,-34.2836414981214],[-70.8370246289999,-34.2838688741214]]]}},{"type":"Feature","properties":{"id":"6116011003025","commune":"Requínoa","code":"06116","gse":"C3","quintil":"Q3","nse_score":685.5,"educ":10.7,"educ_score":513.3,"hacin":1.374,"hacin_class":"Hacinamiento Leve","hacin_score":771.4,"auto_score":73.2,"n_per":213,"n_hog":79,"source_year":2024,"crime_score":0.3239,"crime_nivel":"Medio","crime_color":"#ff9800"},"geometry":{"type":"Polygon","coordinates":[[[-70.836307626,-34.2840876641214],[-70.8370056299999,-34.2852780531214],[-70.8383694499999,-34.2849639031214],[-70.8379735169999,-34.2839856051214],[-70.8377543149999,-34.2840472621214],[-70.8381189929999,-34.2847793051213],[-70.8371047439999,-34.2850973771214],[-70.8376084459999,-34.2849044271214],[-70.8375255379999,-34.2847738441214],[-70.837050486,-34.2849148331214],[-70.8375050779999,-34.2847416201214],[-70.8373428479999,-34.2844861011214],[-70.8368743099999,-34.2846292281213],[-70.8373224149999,-34.2844539181214],[-70.8371633639999,-34.2842034071214],[-70.8366832529999,-34.2843317981214],[-70.8371428009999,-34.2841710191214],[-70.8369652809999,-34.2838914181214],[-70.836307626,-34.2840876641214]]]}},{"type":"Feature","properties":{"id":"6116011003026","commune":"Requínoa","code":"06116","gse":"D","quintil":"Q2","nse_score":642.3,"educ":7.8,"educ_score":320.0,"hacin":1.281,"hacin_class":"Hacinamiento Leve","hacin_score":791.2,"auto_score":230.8,"n_per":41,"n_hog":13,"source_year":2024,"crime_score":0.3059,"crime_nivel":"Medio","crime_color":"#ff9800"},"geometry":{"type":"Polygon","coordinates":[[[-70.8373923049999,-34.2844479761214],[-70.8378468559999,-34.2843923581214],[-70.8377131679999,-34.2840588361214],[-70.8372312929999,-34.2841943761214],[-70.8373923049999,-34.2844479761214]]]}},{"type":"Feature","properties":{"id":"6116011003027","commune":"Requínoa","code":"06116","gse":"C3","quintil":"Q3","nse_score":699.9,"educ":10.9,"educ_score":526.7,"hacin":1.318,"hacin_class":"Hacinamiento Leve","hacin_score":783.4,"auto_score":283.1,"n_per":232,"n_hog":78,"source_year":2024,"crime_score":0.3241,"crime_nivel":"Medio","crime_color":"#ff9800"},"geometry":{"type":"Polygon","coordinates":[[[-70.8364474269999,-34.2851441581214],[-70.835785326,-34.2842468841214],[-70.835305204,-34.2843876171214],[-70.8359220279999,-34.2854675141214],[-70.8352196229999,-34.2843934991214],[-70.8341837569999,-34.2846593211214],[-70.8344423309999,-34.2850608431214],[-70.8351084119999,-34.2848891951214],[-70.8344765319999,-34.2850950461213],[-70.8347109339999,-34.2854738481213],[-70.8353805879999,-34.2853115221214],[-70.8347468329999,-34.2855111791214],[-70.8349011759999,-34.2857823241214],[-70.8370056299999,-34.2852780531214],[-70.8362113969999,-34.2841233711214],[-70.8358800319999,-34.2842360881214],[-70.8364474269999,-34.2851441581214]]]}},{"type":"Feature","properties":{"id":"6116011003028","commune":"Requínoa","code":"06116","gse":"C3","quintil":"Q3","nse_score":682.8,"educ":10.3,"educ_score":486.7,"hacin":1.269,"hacin_class":"Hacinamiento Leve","hacin_score":793.8,"auto_score":100.0,"n_per":33,"n_hog":10,"source_year":2024,"crime_score":0.298,"crime_nivel":"Medio","crime_color":"#ff9800"},"geometry":{"type":"Polygon","coordinates":[[[-70.837461587,-34.2845570971214],[-70.8376502539999,-34.2848542541214],[-70.8379952109999,-34.2847624751214],[-70.8378674279999,-34.2844436841214],[-70.837461587,-34.2845570971214]]]}},{"type":"Feature","properties":{"id":"6116011003004","commune":"Requínoa","code":"06116","gse":"C3","quintil":"Q3","nse_score":699.7,"educ":12.2,"educ_score":613.3,"hacin":1.537,"hacin_class":"Hacinamiento Medio","hacin_score":736.8,"auto_score":395.8,"n_per":83,"n_hog":24,"source_year":2024,"crime_score":0.3025,"crime_nivel":"Medio","crime_color":"#ff9800"},"geometry":{"type":"MultiPolygon","coordinates":[[[[-70.8375447419999,-34.2824921141214],[-70.8388613909999,-34.2826049091214],[-70.8409082269999,-34.2820093541214],[-70.8405699409999,-34.2811958511214],[-70.8372670799999,-34.2821534401214],[-70.8375447419999,-34.2824921141214]]],[[[-70.8406757119999,-34.2811646871214],[-70.8409582659999,-34.2819948561214],[-70.8449707839999,-34.2808332201214],[-70.8447639409999,-34.2800475041214],[-70.8406757119999,-34.2811646871214]]]]}},{"type":"Feature","properties":{"id":"6116011003003","commune":"Requínoa","code":"06116","gse":"C1","quintil":"Q5","nse_score":785.9,"educ":13.5,"educ_score":700.0,"hacin":1.267,"hacin_class":"Hacinamiento Leve","hacin_score":794.3,"auto_score":426.5,"n_per":95,"n_hog":33,"source_year":2024,"crime_score":0.2897,"crime_nivel":"Medio","crime_color":"#ff9800"},"geometry":{"type":"MultiPolygon","coordinates":[[[[-70.8338502599999,-34.2818269171214],[-70.8341654339999,-34.2825561041214],[-70.8349659529999,-34.2823121491214],[-70.8348988749999,-34.2821359901214],[-70.8344637709999,-34.2822280331214],[-70.8342341919999,-34.2817183951214],[-70.8338502599999,-34.2818269171214]]],[[[-70.8295051489999,-34.2813348181214],[-70.8306399889999,-34.2840007521214],[-70.8342758239999,-34.2829449681214],[-70.8334451209999,-34.2809897571214],[-70.8302437949999,-34.2819103121214],[-70.8290753029999,-34.2796647401214],[-70.828917912,-34.2797158101214],[-70.8286846249999,-34.2798267611214],[-70.8287522839999,-34.2805835071214],[-70.8295051489999,-34.2813348181214]]]]}},{"type":"Feature","properties":{"id":"6116011004001","commune":"Requínoa","code":"06116","gse":"C3","quintil":"Q3","nse_score":691.4,"educ":12.1,"educ_score":606.7,"hacin":1.515,"hacin_class":"Hacinamiento Medio","hacin_score":741.5,"auto_score":210.5,"n_per":50,"n_hog":18,"source_year":2024,"crime_score":0.2991,"crime_nivel":"Medio","crime_color":"#ff9800"},"geometry":{"type":"Polygon","coordinates":[[[-70.8514354309999,-34.2760821311215],[-70.8518066269999,-34.2771766831215],[-70.8502647359999,-34.2775478791215],[-70.8501530799999,-34.2773657951214],[-70.8496705389999,-34.2774737141215],[-70.8499705869999,-34.2783463661214],[-70.8514891879999,-34.2779518741215],[-70.8528351489999,-34.2783686461214],[-70.8529281769999,-34.2771174701215],[-70.8521652329999,-34.2772326471215],[-70.8519114919999,-34.2772038991214],[-70.8529247579999,-34.2770759771214],[-70.8527860539999,-34.2748674771215],[-70.8514830199999,-34.2751969711215],[-70.8515401269999,-34.2760535771214],[-70.8514354309999,-34.2760821311215]]]}},{"type":"Feature","properties":{"id":"6116021001001","commune":"Requínoa","code":"06116","gse":"C3","quintil":"Q2","nse_score":662.8,"educ":9.2,"educ_score":413.3,"hacin":1.28,"hacin_class":"Hacinamiento Leve","hacin_score":791.5,"auto_score":100.0,"n_per":32,"n_hog":10,"source_year":2024,"crime_score":0.3011,"crime_nivel":"Medio","crime_color":"#ff9800"},"geometry":{"type":"Polygon","coordinates":[[[-70.8523408869999,-34.2676498731216],[-70.8524436999999,-34.2694257941215],[-70.8541005979999,-34.2694622321216],[-70.8540708909999,-34.2684488391215],[-70.855131018,-34.2683416301216],[-70.8551037099999,-34.2677176061216],[-70.8548884499999,-34.2676629761216],[-70.8560904399999,-34.2676066211215],[-70.8560858399999,-34.2674082591216],[-70.8523408869999,-34.2676498731216]]]}},{"type":"Feature","properties":{"id":"6116021001002","commune":"Requínoa","code":"06116","gse":"C2","quintil":"Q3","nse_score":720.4,"educ":10.8,"educ_score":520.0,"hacin":1.476,"hacin_class":"Hacinamiento Leve","hacin_score":749.7,"auto_score":312.5,"n_per":31,"n_hog":9,"source_year":2024,"crime_score":0.2916,"crime_nivel":"Medio","crime_color":"#ff9800"},"geometry":{"type":"Polygon","coordinates":[[[-70.8556338849999,-34.2676891421216],[-70.8556790689999,-34.2683105091216],[-70.8561061789999,-34.2682852921215],[-70.8560916939999,-34.2676607091216],[-70.8556338849999,-34.2676891421216]]]}},{"type":"Feature","properties":{"id":"6116021001003","commune":"Requínoa","code":"06116","gse":"C3","quintil":"Q2","nse_score":673.1,"educ":8.3,"educ_score":353.3,"hacin":1.368,"hacin_class":"Hacinamiento Leve","hacin_score":772.7,"auto_score":375.0,"n_per":26,"n_hog":9,"source_year":2024,"crime_score":0.2986,"crime_nivel":"Medio","crime_color":"#ff9800"},"geometry":{"type":"Polygon","coordinates":[[[-70.8551969139999,-34.2683192381216],[-70.8556141669999,-34.2683143231215],[-70.8555689879999,-34.2676930161216],[-70.8551687419999,-34.2677159841216],[-70.8551969139999,-34.2683192381216]]]}},{"type":"Feature","properties":{"id":"6116021001004","commune":"Requínoa","code":"06116","gse":"D","quintil":"Q1","nse_score":630.3,"educ":9.5,"educ_score":433.3,"hacin":1.549,"hacin_class":"Hacinamiento Medio","hacin_score":734.2,"auto_score":266.7,"n_per":110,"n_hog":33,"source_year":2024,"crime_score":0.3182,"crime_nivel":"Medio","crime_color":"#ff9800"},"geometry":{"type":"Polygon","coordinates":[[[-70.8546928779999,-34.2697377301215],[-70.8561143079999,-34.2698429371216],[-70.8561069099999,-34.2683393991216],[-70.8556594369999,-34.2683658181216],[-70.8557178569999,-34.2694056891216],[-70.8546866549999,-34.2693793071216],[-70.8546928779999,-34.2697377301215]]]}},{"type":"Feature","properties":{"id":"6116021001005","commune":"Requínoa","code":"06116","gse":"C3","quintil":"Q2","nse_score":671.4,"educ":11.4,"educ_score":560.0,"hacin":1.647,"hacin_class":"Hacinamiento Medio","hacin_score":713.4,"auto_score":277.8,"n_per":28,"n_hog":8,"source_year":2024,"crime_score":0.2991,"crime_nivel":"Medio","crime_color":"#ff9800"},"geometry":{"type":"Polygon","coordinates":[[[-70.8551515429999,-34.2683946101215],[-70.8551839499999,-34.2689109521216],[-70.8556653029999,-34.2689078201215],[-70.8555944839999,-34.2683695751216],[-70.8551515429999,-34.2683946101215]]]}},{"type":"Feature","properties":{"id":"6116021001006","commune":"Requínoa","code":"06116","gse":"C3","quintil":"Q2","nse_score":672.2,"educ":9.5,"educ_score":433.3,"hacin":1.571,"hacin_class":"Hacinamiento Medio","hacin_score":729.5,"auto_score":300.0,"n_per":33,"n_hog":10,"source_year":2024,"crime_score":0.2998,"crime_nivel":"Medio","crime_color":"#ff9800"},"geometry":{"type":"Polygon","coordinates":[[[-70.8546143399999,-34.2684427041216],[-70.8546626129999,-34.2689685351216],[-70.8551190479999,-34.2689148861216],[-70.8550866979999,-34.2683994521215],[-70.8546143399999,-34.2684427041216]]]}},{"type":"Feature","properties":{"id":"6116021001007","commune":"Requínoa","code":"06116","gse":"D","quintil":"Q1","nse_score":635.9,"educ":9.5,"educ_score":433.3,"hacin":1.707,"hacin_class":"Hacinamiento Medio","hacin_score":700.6,"auto_score":119.0,"n_per":70,"n_hog":21,"source_year":2024,"crime_score":0.3113,"crime_nivel":"Medio","crime_color":"#ff9800"},"geometry":{"type":"Polygon","coordinates":[[[-70.8541618089999,-34.2697129031215],[-70.8546277439999,-34.2697338741216],[-70.8545496599999,-34.2684489011216],[-70.8541270429999,-34.2684910291216],[-70.8541618089999,-34.2697129031215]]]}},{"type":"Feature","properties":{"id":"6116021001008","commune":"Requínoa","code":"06116","gse":"D","quintil":"Q1","nse_score":610.6,"educ":8.7,"educ_score":380.0,"hacin":1.471,"hacin_class":"Hacinamiento Leve","hacin_score":750.9,"auto_score":222.2,"n_per":25,"n_hog":8,"source_year":2024,"crime_score":0.3086,"crime_nivel":"Medio","crime_color":"#ff9800"},"geometry":{"type":"Polygon","coordinates":[[[-70.8546667609999,-34.2690225961216],[-70.8546846629999,-34.2693251931215],[-70.8556703599999,-34.2693564091216],[-70.8556734269999,-34.2689617831216],[-70.8546667609999,-34.2690225961216]]]}},{"type":"Feature","properties":{"id":"6116021001009","commune":"Requínoa","code":"06116","gse":"C3","quintil":"Q3","nse_score":684.2,"educ":10.7,"educ_score":513.3,"hacin":1.536,"hacin_class":"Hacinamiento Medio","hacin_score":737.1,"auto_score":246.5,"n_per":258,"n_hog":73,"source_year":2024,"crime_score":0.3307,"crime_nivel":"Medio","crime_color":"#ff9800"},"geometry":{"type":"Polygon","coordinates":[[[-70.8541012449999,-34.2695162791216],[-70.8537784769999,-34.2695089041216],[-70.8537929029999,-34.2700556201215],[-70.8534859519999,-34.2700698971215],[-70.8537036729999,-34.2699878051215],[-70.8536835799999,-34.2695067361215],[-70.8524476809999,-34.2694798721215],[-70.8526281279999,-34.2722796941215],[-70.8536897389999,-34.2722893641215],[-70.8536819959999,-34.2714212671215],[-70.853754825,-34.2722912731215],[-70.8540489509999,-34.2723078951215],[-70.8541725789999,-34.2721741381216],[-70.8561529069999,-34.2722575131215],[-70.8561148509999,-34.2698971831216],[-70.8552806099999,-34.2698366991215],[-70.8553737219999,-34.2703438791216],[-70.8553060339999,-34.2707401371216],[-70.8552153449999,-34.2698317321215],[-70.8541163219999,-34.2697634381216],[-70.8541012449999,-34.2695162791216]]]}},{"type":"Feature","properties":{"id":"6116021001010","commune":"Requínoa","code":"06116","gse":"D","quintil":"Q2","nse_score":653.6,"educ":9.6,"educ_score":440.0,"hacin":1.464,"hacin_class":"Hacinamiento Leve","hacin_score":752.4,"auto_score":92.6,"n_per":262,"n_hog":81,"source_year":2024,"crime_score":0.3369,"crime_nivel":"Medio","crime_color":"#ff9800"},"geometry":{"type":"Polygon","coordinates":[[[-70.8561832889999,-34.2701062251215],[-70.8613528449999,-34.2701581331215],[-70.8601929239999,-34.2702156951215],[-70.8601878149999,-34.2706620401215],[-70.8612640039999,-34.2707401431216],[-70.8561922229999,-34.2706602481216],[-70.8562191779999,-34.2723479481215],[-70.8566844299999,-34.2722472311215],[-70.8563987829999,-34.2716439761216],[-70.8564172679999,-34.2710925001215],[-70.8566192429999,-34.2709091091215],[-70.8613899509999,-34.2709796361215],[-70.8614235739999,-34.2699288931215],[-70.8561793879999,-34.2698464591216],[-70.8561832889999,-34.2701062251215]]]}},{"type":"Feature","properties":{"id":"6116021001011","commune":"Requínoa","code":"06116","gse":"C3","quintil":"Q2","nse_score":670.4,"educ":10.3,"educ_score":486.7,"hacin":1.482,"hacin_class":"Hacinamiento Leve","hacin_score":748.4,"auto_score":219.5,"n_per":126,"n_hog":43,"source_year":2024,"crime_score":0.3138,"crime_nivel":"Medio","crime_color":"#ff9800"},"geometry":{"type":"Polygon","coordinates":[[[-70.8561841609999,-34.2701602621215],[-70.8561913509999,-34.2706062171216],[-70.8601227659999,-34.2706605661216],[-70.8601278559999,-34.2702158941216],[-70.8561841609999,-34.2701602621215]]]}},{"type":"Feature","properties":{"id":"6116021001012","commune":"Requínoa","code":"06116","gse":"D","quintil":"Q2","nse_score":654.9,"educ":11.0,"educ_score":533.3,"hacin":1.4,"hacin_class":"Hacinamiento Leve","hacin_score":766.0,"auto_score":323.5,"n_per":49,"n_hog":17,"source_year":2024,"crime_score":0.305,"crime_nivel":"Medio","crime_color":"#ff9800"},"geometry":{"type":"Polygon","coordinates":[[[-70.854359127,-34.2732182541215],[-70.8543802069999,-34.2735780241215],[-70.8561699569999,-34.2735567491215],[-70.8561536749999,-34.2723116291215],[-70.8541881829999,-34.2722288771215],[-70.8540989729999,-34.2723431231215],[-70.8541401539999,-34.2732130521215],[-70.854359127,-34.2732182541215]]]}},{"type":"Feature","properties":{"id":"6116021001013","commune":"Requínoa","code":"06116","gse":"C3","quintil":"Q3","nse_score":694.8,"educ":11.1,"educ_score":540.0,"hacin":1.378,"hacin_class":"Hacinamiento Leve","hacin_score":770.7,"auto_score":214.3,"n_per":62,"n_hog":22,"source_year":2024,"crime_score":0.3003,"crime_nivel":"Medio","crime_color":"#ff9800"},"geometry":{"type":"Polygon","coordinates":[[[-70.8540351579999,-34.2723612541215],[-70.8526326689999,-34.2723339811215],[-70.8527009469999,-34.2731502141215],[-70.8540750559999,-34.2732124031215],[-70.8540351579999,-34.2723612541215]]]}},{"type":"Feature","properties":{"id":"6116021001014","commune":"Requínoa","code":"06116","gse":"D","quintil":"Q1","nse_score":606.2,"educ":10.2,"educ_score":480.0,"hacin":1.718,"hacin_class":"Hacinamiento Medio","hacin_score":698.3,"auto_score":190.5,"n_per":67,"n_hog":21,"source_year":2024,"crime_score":0.3158,"crime_nivel":"Medio","crime_color":"#ff9800"},"geometry":{"type":"Polygon","coordinates":[[[-70.8527054899999,-34.2732045251215],[-70.8527360219999,-34.2735167381215],[-70.8543151489999,-34.2735771831215],[-70.8543246429999,-34.2732714701215],[-70.8527054899999,-34.2732045251215]]]}},{"type":"Feature","properties":{"id":"6116021001015","commune":"Requínoa","code":"06116","gse":"C3","quintil":"Q2","nse_score":666.6,"educ":10.4,"educ_score":493.3,"hacin":1.197,"hacin_class":"Hacinamiento Leve","hacin_score":809.2,"auto_score":234.7,"n_per":152,"n_hog":48,"source_year":2024,"crime_score":0.3183,"crime_nivel":"Medio","crime_color":"#ff9800"},"geometry":{"type":"Polygon","coordinates":[[[-70.8537838589999,-34.2751930451215],[-70.8548799399999,-34.2754897791215],[-70.8551412649999,-34.2748359131215],[-70.854516041,-34.2741410951215],[-70.8543229379999,-34.2736315531215],[-70.8527414339999,-34.2735710171215],[-70.8527917589999,-34.2740753481215],[-70.8541731459999,-34.2745173271215],[-70.8541232949999,-34.2747345391215],[-70.8547584189999,-34.2749576451215],[-70.8540667299999,-34.2747730611215],[-70.8541163599999,-34.2745565001215],[-70.8527977229999,-34.2741351311215],[-70.8529327479999,-34.2758036871215],[-70.8533477739999,-34.2757865031215],[-70.8529345999999,-34.2758399801215],[-70.8529508379999,-34.2761880171214],[-70.8532123489999,-34.2760943841215],[-70.8535273509999,-34.2761808961215],[-70.8544705389999,-34.2766128071215],[-70.8548642359999,-34.2755272491215],[-70.8537838589999,-34.2751930451215]]]}},{"type":"Feature","properties":{"id":"6116021001016","commune":"Requínoa","code":"06116","gse":"D","quintil":"Q1","nse_score":611.6,"educ":9.6,"educ_score":440.0,"hacin":1.68,"hacin_class":"Hacinamiento Medio","hacin_score":706.3,"auto_score":178.0,"n_per":205,"n_hog":59,"source_year":2024,"crime_score":0.3359,"crime_nivel":"Medio","crime_color":"#ff9800"},"geometry":{"type":"Polygon","coordinates":[[[-70.8563662089999,-34.2753938841215],[-70.8550513449999,-34.2752451891215],[-70.8549028549999,-34.2755994751215],[-70.8552718979999,-34.2756871531215],[-70.8548812049999,-34.2756511321215],[-70.8544785759999,-34.2767822841214],[-70.8555846429999,-34.2770518641215],[-70.8560327189999,-34.2758634891215],[-70.8557455599999,-34.2758161671215],[-70.8557165439999,-34.2757288671215],[-70.8560728529999,-34.2758149881215],[-70.8569421119999,-34.2756129691215],[-70.8561796199999,-34.2736106531215],[-70.8543915879999,-34.2736319091215],[-70.8545743369999,-34.2741161151215],[-70.8552082279999,-34.2748230101215],[-70.8550721419999,-34.2751930361215],[-70.8563662089999,-34.2753938841215]]]}},{"type":"Feature","properties":{"id":"6116021001017","commune":"Requínoa","code":"06116","gse":"C3","quintil":"Q3","nse_score":692.5,"educ":10.6,"educ_score":506.7,"hacin":1.439,"hacin_class":"Hacinamiento Leve","hacin_score":757.7,"auto_score":375.0,"n_per":59,"n_hog":16,"source_year":2024,"crime_score":0.3002,"crime_nivel":"Medio","crime_color":"#ff9800"},"geometry":{"type":"Polygon","coordinates":[[[-70.8561002009999,-34.2758647231215],[-70.8559024129999,-34.2764122941215],[-70.8571155689999,-34.2760843091215],[-70.8569611119999,-34.2756646441215],[-70.8561002009999,-34.2758647231215]]]}},{"type":"Feature","properties":{"id":"6116021001018","commune":"Requínoa","code":"06116","gse":"C3","quintil":"Q3","nse_score":690.9,"educ":10.4,"educ_score":493.3,"hacin":1.444,"hacin_class":"Hacinamiento Leve","hacin_score":756.5,"auto_score":166.7,"n_per":65,"n_hog":21,"source_year":2024,"crime_score":0.3014,"crime_nivel":"Medio","crime_color":"#ff9800"},"geometry":{"type":"Polygon","coordinates":[[[-70.8557552229999,-34.2767799041215],[-70.8564707599999,-34.2768602801215],[-70.8572817129999,-34.2765595131215],[-70.8571341129999,-34.2761361021215],[-70.855879006,-34.2764754281215],[-70.8557552229999,-34.2767799041215]]]}},{"type":"Feature","properties":{"id":"6116021001019","commune":"Requínoa","code":"06116","gse":"E","quintil":"Q1","nse_score":589.1,"educ":10.7,"educ_score":513.3,"hacin":1.68,"hacin_class":"Hacinamiento Medio","hacin_score":706.4,"auto_score":109.4,"n_per":84,"n_hog":32,"source_year":2024,"crime_score":0.3212,"crime_nivel":"Medio","crime_color":"#ff9800"},"geometry":{"type":"Polygon","coordinates":[[[-70.8529530019999,-34.2762427011215],[-70.8529129779999,-34.2783959201214],[-70.8538675109999,-34.2787297151214],[-70.8542743339999,-34.2777747431215],[-70.8541546009999,-34.2774375061215],[-70.8542881649999,-34.2770887681215],[-70.8535136639999,-34.2769171931214],[-70.854308736,-34.2770375191214],[-70.8544530049999,-34.2766629301215],[-70.8541879199999,-34.2764624131215],[-70.8532140899999,-34.2761507051215],[-70.8529530019999,-34.2762427011215]]]}},{"type":"Feature","properties":{"id":"6116021001020","commune":"Requínoa","code":"06116","gse":"D","quintil":"Q1","nse_score":615.1,"educ":9.3,"educ_score":420.0,"hacin":1.573,"hacin_class":"Hacinamiento Medio","hacin_score":729.2,"auto_score":198.1,"n_per":173,"n_hog":53,"source_year":2024,"crime_score":0.3304,"crime_nivel":"Medio","crime_color":"#ff9800"},"geometry":{"type":"Polygon","coordinates":[[[-70.8564802259999,-34.2769147241215],[-70.8557349579999,-34.2768316281215],[-70.8556051049999,-34.2771117251215],[-70.8544590799999,-34.2768338361214],[-70.8543171879999,-34.2771873221214],[-70.8553373849999,-34.2774314151215],[-70.8542970959999,-34.2772387291214],[-70.8542373499999,-34.2775680931215],[-70.8543351269999,-34.2777536821215],[-70.855060406,-34.2781862261215],[-70.8575174999999,-34.2771686041215],[-70.8573010029999,-34.2766115181214],[-70.8564802259999,-34.2769147241215]]]}},{"type":"Feature","properties":{"id":"6116031001001","commune":"Requínoa","code":"06116","gse":"D","quintil":"Q2","nse_score":644.3,"educ":10.4,"educ_score":493.3,"hacin":1.354,"hacin_class":"Hacinamiento Leve","hacin_score":775.7,"auto_score":309.5,"n_per":65,"n_hog":20,"source_year":2024,"crime_score":0.3091,"crime_nivel":"Medio","crime_color":"#ff9800"},"geometry":{"type":"Polygon","coordinates":[[[-70.7773597519999,-34.2153407021222],[-70.7798677959999,-34.2175670061222],[-70.7807192039999,-34.2169798261222],[-70.778834146,-34.2156064801222],[-70.7779006889999,-34.2153210711222],[-70.7773597519999,-34.2153407021222]]]}},{"type":"Feature","properties":{"id":"6116031001002","commune":"Requínoa","code":"06116","gse":"D","quintil":"Q1","nse_score":630.4,"educ":9.9,"educ_score":460.0,"hacin":1.291,"hacin_class":"Hacinamiento Leve","hacin_score":789.2,"auto_score":338.7,"n_per":182,"n_hog":62,"source_year":2024,"crime_score":0.3291,"crime_nivel":"Medio","crime_color":"#ff9800"},"geometry":{"type":"Polygon","coordinates":[[[-70.7835352929999,-34.2245874281221],[-70.7800351629999,-34.2178749401222],[-70.7788038429999,-34.2166327111222],[-70.7772849899999,-34.2153573841222],[-70.7732772699999,-34.2161326831222],[-70.7799242089999,-34.2239121401221],[-70.7831957659999,-34.2247078631221],[-70.7835352929999,-34.2245874281221]]]}},{"type":"Feature","properties":{"id":"6116031001003","commune":"Requínoa","code":"06116","gse":"D","quintil":"Q2","nse_score":646.9,"educ":10.4,"educ_score":493.3,"hacin":1.367,"hacin_class":"Hacinamiento Leve","hacin_score":772.9,"auto_score":205.9,"n_per":160,"n_hog":48,"source_year":2024,"crime_score":0.3229,"crime_nivel":"Medio","crime_color":"#ff9800"},"geometry":{"type":"Polygon","coordinates":[[[-70.7710601929999,-34.2160591791222],[-70.7700772359999,-34.2183965691222],[-70.7709065869999,-34.2189147531221],[-70.7723551509999,-34.2194697561222],[-70.7752238899999,-34.2212619521222],[-70.7770636889999,-34.2218177121221],[-70.7773588229999,-34.2221821051221],[-70.7777162869999,-34.2231801591221],[-70.7781702519999,-34.2238533061221],[-70.7787474439999,-34.2235059041221],[-70.7794404969999,-34.2237509631221],[-70.7729870699999,-34.2161746621222],[-70.7723391029999,-34.2162666701222],[-70.7710601929999,-34.2160591791222]]]}},{"type":"Feature","properties":{"id":"6116031001004","commune":"Requínoa","code":"06116","gse":"C3","quintil":"Q3","nse_score":692.5,"educ":10.8,"educ_score":520.0,"hacin":1.474,"hacin_class":"Hacinamiento Leve","hacin_score":750.1,"auto_score":297.3,"n_per":115,"n_hog":36,"source_year":2024,"crime_score":0.3084,"crime_nivel":"Medio","crime_color":"#ff9800"},"geometry":{"type":"Polygon","coordinates":[[[-70.7809777729999,-34.2184235611222],[-70.7811811249999,-34.2186417741222],[-70.780935241,-34.2184538281222],[-70.7805676099999,-34.2187231551222],[-70.7809985019999,-34.2196117711222],[-70.7812662129999,-34.2198382521222],[-70.7815708429999,-34.2198251551222],[-70.7827400939999,-34.2189193621222],[-70.7813442009999,-34.2177781631222],[-70.7807965349999,-34.2170880871222],[-70.7805293039999,-34.2172734721222],[-70.7816930909999,-34.2184086201222],[-70.7813462419999,-34.2181632131222],[-70.7809777729999,-34.2184235611222]]]}},{"type":"Feature","properties":{"id":"6116031001005","commune":"Requínoa","code":"06116","gse":"C3","quintil":"Q3","nse_score":682.7,"educ":9.8,"educ_score":453.3,"hacin":1.062,"hacin_class":"Hacinamiento Leve","hacin_score":837.8,"auto_score":416.7,"n_per":17,"n_hog":6,"source_year":2024,"crime_score":0.2957,"crime_nivel":"Medio","crime_color":"#ff9800"},"geometry":{"type":"Polygon","coordinates":[[[-70.7799835529999,-34.2177220681222],[-70.7800837589999,-34.2178548791222],[-70.78063556,-34.2174629281222],[-70.7804748009999,-34.2173018501222],[-70.7799835529999,-34.2177220681222]]]}},{"type":"Feature","properties":{"id":"6116031001006","commune":"Requínoa","code":"06116","gse":"D","quintil":"Q1","nse_score":636.6,"educ":9.8,"educ_score":453.3,"hacin":1.242,"hacin_class":"Hacinamiento Leve","hacin_score":799.5,"auto_score":307.7,"n_per":41,"n_hog":14,"source_year":2024,"crime_score":0.3068,"crime_nivel":"Medio","crime_color":"#ff9800"},"geometry":{"type":"Polygon","coordinates":[[[-70.7801451079999,-34.2179595591222],[-70.7803160219999,-34.2182511911221],[-70.7809524219999,-34.2177974071222],[-70.7806685479999,-34.2175114731222],[-70.7801451079999,-34.2179595591222]]]}},{"type":"Feature","properties":{"id":"6116031001007","commune":"Requínoa","code":"06116","gse":"C2","quintil":"Q4","nse_score":736.8,"educ":11.5,"educ_score":566.7,"hacin":1.5,"hacin_class":"Hacinamiento Medio","hacin_score":744.7,"auto_score":333.3,"n_per":45,"n_hog":15,"source_year":2024,"crime_score":0.2909,"crime_nivel":"Medio","crime_color":"#ff9800"},"geometry":{"type":"Polygon","coordinates":[[[-70.7810026599999,-34.2178477441222],[-70.7803445819999,-34.2183027221221],[-70.7805294519999,-34.2186591861222],[-70.7812885219999,-34.2181111801222],[-70.7810026599999,-34.2178477441222]]]}},{"type":"Feature","properties":{"id":"6116031001008","commune":"Requínoa","code":"06116","gse":"C3","quintil":"Q2","nse_score":671.6,"educ":10.6,"educ_score":506.7,"hacin":1.411,"hacin_class":"Hacinamiento Leve","hacin_score":763.5,"auto_score":193.5,"n_per":470,"n_hog":175,"source_year":2024,"crime_score":0.3392,"crime_nivel":"Medio","crime_color":"#ff9800"},"geometry":{"type":"Polygon","coordinates":[[[-70.7919151579999,-34.2249772451221],[-70.7913225129999,-34.2249596561221],[-70.791261533,-34.2250754811221],[-70.7918335219999,-34.2252811621221],[-70.7924491919999,-34.2251967651221],[-70.7919912369999,-34.2242579391221],[-70.7898796709999,-34.2240842771221],[-70.7893769379999,-34.2239402381221],[-70.7870538339999,-34.2228374271221],[-70.7827819299999,-34.2189533371222],[-70.7814931309999,-34.2201198111222],[-70.781471258,-34.2204925511221],[-70.7819103999999,-34.2212823571221],[-70.7825603499999,-34.2210133801221],[-70.7820701289999,-34.2204767601221],[-70.7822762079999,-34.2200535081221],[-70.7820457189999,-34.2197416231222],[-70.7823022109999,-34.2200197651222],[-70.7827128589999,-34.2194805381221],[-70.7832234179999,-34.2199459881222],[-70.7841748099999,-34.2204763861221],[-70.7843735959999,-34.2207100291221],[-70.7838929829999,-34.2214936791221],[-70.7841913729999,-34.2216363201222],[-70.7842320349999,-34.2227003071222],[-70.7849371359999,-34.2227253611221],[-70.7847530929999,-34.2211992861221],[-70.7848722379999,-34.2213766631221],[-70.7850136749999,-34.2227545201222],[-70.7856540059999,-34.2230201691221],[-70.785681328,-34.2222306371221],[-70.7857092929999,-34.2230496361221],[-70.7876204559999,-34.2238113891221],[-70.7867921979999,-34.2235636251221],[-70.786675709,-34.2243751091221],[-70.7894006239999,-34.2246961131221],[-70.7876980789999,-34.2235058041221],[-70.7894797749999,-34.2247050481221],[-70.7919151579999,-34.2249772451221]]]}},{"type":"Feature","properties":{"id":"6116031001009","commune":"Requínoa","code":"06116","gse":"ABC1","quintil":"Q5","nse_score":820.8,"educ":15.3,"educ_score":820.0,"hacin":1.196,"hacin_class":"Hacinamiento Leve","hacin_score":809.4,"auto_score":406.2,"n_per":55,"n_hog":14,"source_year":2024,"crime_score":0.2784,"crime_nivel":"Medio","crime_color":"#ff9800"},"geometry":{"type":"Polygon","coordinates":[[[-70.7715511589999,-34.2192125161221],[-70.7715395529999,-34.2224018411221],[-70.7753218969999,-34.2234617641221],[-70.7753708229999,-34.2229900771221],[-70.7751243159999,-34.2226188321221],[-70.7751861899999,-34.2212948411221],[-70.7743237909999,-34.2207622731221],[-70.7741916479999,-34.2226278071221],[-70.7742708599999,-34.2207294901221],[-70.7733483909999,-34.2201521021221],[-70.7733006889999,-34.2210940231221],[-70.7731480219999,-34.2215916111221],[-70.7732923049999,-34.2201169511222],[-70.7723266529999,-34.2195083791222],[-70.7715511589999,-34.2192125161221]]]}},{"type":"Feature","properties":{"id":"6116031001010","commune":"Requínoa","code":"06116","gse":"C3","quintil":"Q2","nse_score":673.1,"educ":10.6,"educ_score":506.7,"hacin":1.409,"hacin_class":"Hacinamiento Leve","hacin_score":764.0,"auto_score":264.7,"n_per":62,"n_hog":17,"source_year":2024,"crime_score":0.3039,"crime_nivel":"Medio","crime_color":"#ff9800"},"geometry":{"type":"Polygon","coordinates":[[[-70.7825207629999,-34.2208970331221],[-70.7831957139999,-34.2199634551221],[-70.7827185309999,-34.2195107111221],[-70.7820928799999,-34.2203927181221],[-70.7825207629999,-34.2208970331221]]]}},{"type":"Feature","properties":{"id":"6116031001012","commune":"Requínoa","code":"06116","gse":"D","quintil":"Q1","nse_score":625.6,"educ":10.0,"educ_score":466.7,"hacin":1.482,"hacin_class":"Hacinamiento Leve","hacin_score":748.6,"auto_score":214.3,"n_per":40,"n_hog":16,"source_year":2024,"crime_score":0.3085,"crime_nivel":"Medio","crime_color":"#ff9800"},"geometry":{"type":"Polygon","coordinates":[[[-70.7837655789999,-34.2203418421221],[-70.7832289699999,-34.2200103701222],[-70.7825779889999,-34.2209296211221],[-70.7831925379999,-34.2211854971222],[-70.7837655789999,-34.2203418421221]]]}},{"type":"Feature","properties":{"id":"6116031001013","commune":"Requínoa","code":"06116","gse":"D","quintil":"Q2","nse_score":655.2,"educ":10.4,"educ_score":493.3,"hacin":1.29,"hacin_class":"Hacinamiento Leve","hacin_score":789.5,"auto_score":184.2,"n_per":49,"n_hog":19,"source_year":2024,"crime_score":0.3049,"crime_nivel":"Medio","crime_color":"#ff9800"},"geometry":{"type":"Polygon","coordinates":[[[-70.7832443469999,-34.2212082931222],[-70.7838411929999,-34.2214708931221],[-70.7843198079999,-34.2206889631221],[-70.7838302219999,-34.2203333371221],[-70.7832443469999,-34.2212082931222]]]}},{"type":"Feature","properties":{"id":"6116031001014","commune":"Requínoa","code":"06116","gse":"C3","quintil":"Q3","nse_score":683.5,"educ":10.6,"educ_score":506.7,"hacin":1.207,"hacin_class":"Hacinamiento Leve","hacin_score":807.0,"auto_score":250.0,"n_per":175,"n_hog":62,"source_year":2024,"crime_score":0.3187,"crime_nivel":"Medio","crime_color":"#ff9800"},"geometry":{"type":"Polygon","coordinates":[[[-70.7832866269999,-34.2213194481221],[-70.7826370669999,-34.2210556211221],[-70.7819732129999,-34.2214130891221],[-70.7824223539999,-34.2222425971221],[-70.7827595979999,-34.2221394131221],[-70.7832240099999,-34.2223716231222],[-70.7838038149999,-34.2218269871221],[-70.7828149799999,-34.2229846361221],[-70.7833099079999,-34.2239508491221],[-70.783980659,-34.2240344411221],[-70.7841379539999,-34.2227310031221],[-70.7836742699999,-34.2227164981221],[-70.7841514669999,-34.2226977471221],[-70.7841040829999,-34.2216641301222],[-70.7833810069999,-34.2213464121221],[-70.7828622589999,-34.2219561211221],[-70.7832866269999,-34.2213194481221]]]}},{"type":"Feature","properties":{"id":"6116031001015","commune":"Requínoa","code":"06116","gse":"C2","quintil":"Q4","nse_score":733.7,"educ":14.6,"educ_score":773.3,"hacin":1.171,"hacin_class":"Hacinamiento Leve","hacin_score":814.6,"auto_score":500.0,"n_per":41,"n_hog":13,"source_year":2024,"crime_score":0.2908,"crime_nivel":"Medio","crime_color":"#ff9800"},"geometry":{"type":"Polygon","coordinates":[[[-70.7754320559999,-34.2229281551221],[-70.7752097569999,-34.2247741211221],[-70.7771925989999,-34.2246479441221],[-70.7782456749999,-34.2239516581221],[-70.7775292609999,-34.2243420671221],[-70.7772728969999,-34.2242614561221],[-70.7775013209999,-34.2242782171221],[-70.7781348009999,-34.2238885181221],[-70.7776663739999,-34.2231979131221],[-70.7771835899999,-34.2220020571221],[-70.7767023129999,-34.2217190291221],[-70.7752385539999,-34.2213142191222],[-70.7751780609999,-34.2226342541221],[-70.7753866489999,-34.2228817701221],[-70.7766216209999,-34.2226955511221],[-70.7754320559999,-34.2229281551221]]]}},{"type":"Feature","properties":{"id":"6116031001016","commune":"Requínoa","code":"06116","gse":"C1","quintil":"Q5","nse_score":784.6,"educ":13.1,"educ_score":673.3,"hacin":1.0,"hacin_class":"Hacinamiento Leve","hacin_score":851.1,"auto_score":400.0,"n_per":10,"n_hog":5,"source_year":2024,"crime_score":0.2781,"crime_nivel":"Medio","crime_color":"#ff9800"},"geometry":{"type":"Polygon","coordinates":[[[-70.7832033619999,-34.2224033831221],[-70.7827189189999,-34.2221713231221],[-70.7824507599999,-34.2222904381221],[-70.7827901869999,-34.2229013521221],[-70.7832033619999,-34.2224033831221]]]}},{"type":"Feature","properties":{"id":"6116031001019","commune":"Requínoa","code":"06116","gse":"E","quintil":"Q1","nse_score":587.8,"educ":12.4,"educ_score":626.7,"hacin":1.286,"hacin_class":"Hacinamiento Leve","hacin_score":790.3,"auto_score":200.0,"n_per":18,"n_hog":6,"source_year":2024,"crime_score":0.3113,"crime_nivel":"Medio","crime_color":"#ff9800"},"geometry":{"type":"Polygon","coordinates":[[[-70.7816218419999,-34.226280538122],[-70.7794992789999,-34.2238091771221],[-70.7793172189999,-34.2238484901221],[-70.7788193049999,-34.2235763711221],[-70.7782458599999,-34.2238967781221],[-70.7791865289999,-34.2244938861221],[-70.7797141889999,-34.2255916291221],[-70.7806120789999,-34.226436205122],[-70.7816218419999,-34.226280538122]]]}},{"type":"Feature","properties":{"id":"6116031001020","commune":"Requínoa","code":"06116","gse":"C3","quintil":"Q3","nse_score":695.2,"educ":12.0,"educ_score":600.0,"hacin":1.445,"hacin_class":"Hacinamiento Leve","hacin_score":756.3,"auto_score":367.9,"n_per":172,"n_hog":55,"source_year":2024,"crime_score":0.3162,"crime_nivel":"Medio","crime_color":"#ff9800"},"geometry":{"type":"Polygon","coordinates":[[[-70.7860477819999,-34.2264942441221],[-70.7862150959999,-34.2252846411221],[-70.7850060259999,-34.2251077311221],[-70.7862315839999,-34.2252500741221],[-70.7863085359999,-34.2246539521221],[-70.7863142109999,-34.2252488701221],[-70.7871986379999,-34.2253818691221],[-70.7873176779999,-34.2244962151221],[-70.7843871989999,-34.2241465811221],[-70.7843477679999,-34.2245762631221],[-70.7843655919999,-34.2241438421221],[-70.7834085539999,-34.2240524791221],[-70.7845504379999,-34.2263905931221],[-70.7860477819999,-34.2264942441221]]]}},{"type":"Feature","properties":{"id":"6116031001021","commune":"Requínoa","code":"06116","gse":"D","quintil":"Q2","nse_score":652.3,"educ":9.2,"educ_score":413.3,"hacin":1.4,"hacin_class":"Hacinamiento Leve","hacin_score":766.0,"auto_score":71.4,"n_per":21,"n_hog":7,"source_year":2024,"crime_score":0.3012,"crime_nivel":"Medio","crime_color":"#ff9800"},"geometry":{"type":"Polygon","coordinates":[[[-70.7831914389999,-34.2248315221221],[-70.7804311739999,-34.2240850881221],[-70.7802237149999,-34.2241651301221],[-70.7820533589999,-34.2264317231221],[-70.7821138039999,-34.2262940391221],[-70.7831489859999,-34.2262435981221],[-70.7838087379999,-34.2260246791221],[-70.7832673309999,-34.2251653891221],[-70.7831914389999,-34.2248315221221]]]}},{"type":"Feature","properties":{"id":"6116031001022","commune":"Requínoa","code":"06116","gse":"C3","quintil":"Q2","nse_score":668.4,"educ":10.5,"educ_score":500.0,"hacin":1.615,"hacin_class":"Hacinamiento Medio","hacin_score":720.1,"auto_score":309.5,"n_per":63,"n_hog":21,"source_year":2024,"crime_score":0.3048,"crime_nivel":"Medio","crime_color":"#ff9800"},"geometry":{"type":"Polygon","coordinates":[[[-70.7872917739999,-34.2253890941221],[-70.7893465079999,-34.2256566221221],[-70.7892407189999,-34.2247256171221],[-70.7874144359999,-34.2245119681221],[-70.7872917739999,-34.2253890941221]]]}},{"type":"Feature","properties":{"id":"6116031001023","commune":"Requínoa","code":"06116","gse":"D","quintil":"Q2","nse_score":651.8,"educ":10.2,"educ_score":480.0,"hacin":1.19,"hacin_class":"Hacinamiento Leve","hacin_score":810.5,"auto_score":375.0,"n_per":25,"n_hog":12,"source_year":2024,"crime_score":0.3019,"crime_nivel":"Medio","crime_color":"#ff9800"},"geometry":{"type":"Polygon","coordinates":[[[-70.7843082699999,-34.228004161122],[-70.7840783519999,-34.227832661122],[-70.7831948109999,-34.2262917411221],[-70.7821526339999,-34.2263371731221],[-70.7820914489999,-34.2264765431221],[-70.7852792379999,-34.230209855122],[-70.7858764829999,-34.230690735122],[-70.7867793779999,-34.231111136122],[-70.7835489119999,-34.2246574551221],[-70.7832262469999,-34.2247487081221],[-70.7833403419999,-34.2251708151221],[-70.7838827519999,-34.2260776651221],[-70.7832978979999,-34.2263251641221],[-70.7843082699999,-34.228004161122]]]}},{"type":"Feature","properties":{"id":"6116031001024","commune":"Requínoa","code":"06116","gse":"C3","quintil":"Q3","nse_score":698.9,"educ":11.3,"educ_score":553.3,"hacin":1.385,"hacin_class":"Hacinamiento Leve","hacin_score":769.2,"auto_score":276.6,"n_per":144,"n_hog":47,"source_year":2024,"crime_score":0.3115,"crime_nivel":"Medio","crime_color":"#ff9800"},"geometry":{"type":"Polygon","coordinates":[[[-70.791592239,-34.2262598371221],[-70.7917118509999,-34.2260845871221],[-70.7920282689999,-34.2260509251221],[-70.7917538339999,-34.2261276561221],[-70.7919616279999,-34.2263768521221],[-70.7924078359999,-34.2263351921221],[-70.792433006,-34.2260723261221],[-70.7926617819999,-34.2273626481221],[-70.7929570339999,-34.227477182122],[-70.7928802039999,-34.2270241741221],[-70.7929846549999,-34.2270083951221],[-70.7925019729999,-34.2252783571221],[-70.7915955229999,-34.2253405791221],[-70.7908022809999,-34.2249602691221],[-70.7901377969999,-34.2248361361221],[-70.7908415509999,-34.2255971381221],[-70.7908987689999,-34.2257323771221],[-70.7901147949999,-34.2248330621221],[-70.7893029299999,-34.2247361511221],[-70.7894925299999,-34.2266986011221],[-70.7905751989999,-34.226864182122],[-70.7906996579999,-34.2263521831221],[-70.7902603209999,-34.2262550341221],[-70.7907175639999,-34.2263192801221],[-70.7908580639999,-34.2260922761221],[-70.7903826639999,-34.2259490021221],[-70.790874443,-34.2260688651221],[-70.7909771379999,-34.2259560371221],[-70.7907461449999,-34.2258219031221],[-70.791592239,-34.2262598371221]]]}},{"type":"Feature","properties":{"id":"6116031001025","commune":"Requínoa","code":"06116","gse":"C3","quintil":"Q3","nse_score":686.7,"educ":10.7,"educ_score":513.3,"hacin":1.456,"hacin_class":"Hacinamiento Leve","hacin_score":754.0,"auto_score":206.9,"n_per":182,"n_hog":59,"source_year":2024,"crime_score":0.3192,"crime_nivel":"Medio","crime_color":"#ff9800"},"geometry":{"type":"Polygon","coordinates":[[[-70.7863360149999,-34.2253029031221],[-70.7861168199999,-34.2265018191221],[-70.7881584609999,-34.2266338821221],[-70.7882069549999,-34.2260668231221],[-70.7882018519999,-34.2266368741221],[-70.788791623,-34.2266716291221],[-70.7888174809999,-34.2263544201221],[-70.7888242289999,-34.2266735511221],[-70.7894446919999,-34.2267164631221],[-70.7893542389999,-34.2256965571221],[-70.7872824729999,-34.2254378591221],[-70.7872007539999,-34.2256450121221],[-70.7872064299999,-34.2254246651221],[-70.7863360149999,-34.2253029031221]]]}},{"type":"Feature","properties":{"id":"6116031001026","commune":"Requínoa","code":"06116","gse":"E","quintil":"Q1","nse_score":596.3,"educ":8.2,"educ_score":346.7,"hacin":1.312,"hacin_class":"Hacinamiento Leve","hacin_score":784.6,"auto_score":305.6,"n_per":42,"n_hog":17,"source_year":2024,"crime_score":0.3136,"crime_nivel":"Medio","crime_color":"#ff9800"},"geometry":{"type":"Polygon","coordinates":[[[-70.790957353,-34.2269661491221],[-70.7910536719999,-34.2265280821221],[-70.7913194589999,-34.2261321031221],[-70.7910570329999,-34.2259993921221],[-70.7906502189999,-34.2266872911221],[-70.7906744459999,-34.2269139341221],[-70.790957353,-34.2269661491221]]]}},{"type":"Feature","properties":{"id":"6116031001027","commune":"Requínoa","code":"06116","gse":"D","quintil":"Q1","nse_score":634.7,"educ":9.1,"educ_score":406.7,"hacin":1.783,"hacin_class":"Hacinamiento Medio","hacin_score":684.6,"auto_score":527.8,"n_per":82,"n_hog":18,"source_year":2024,"crime_score":0.3133,"crime_nivel":"Medio","crime_color":"#ff9800"},"geometry":{"type":"Polygon","coordinates":[[[-70.7913490279999,-34.227071472122],[-70.7914024679999,-34.2266740231221],[-70.7916187669999,-34.2263751181221],[-70.7913753079999,-34.2261672621221],[-70.7911150499999,-34.2265462291221],[-70.7910289229999,-34.2269474371221],[-70.7913490279999,-34.227071472122]]]}},{"type":"Feature","properties":{"id":"6116031001028","commune":"Requínoa","code":"06116","gse":"C3","quintil":"Q3","nse_score":702.8,"educ":10.9,"educ_score":526.7,"hacin":1.371,"hacin_class":"Hacinamiento Leve","hacin_score":772.1,"auto_score":368.4,"n_per":133,"n_hog":38,"source_year":2024,"crime_score":0.3092,"crime_nivel":"Medio","crime_color":"#ff9800"},"geometry":{"type":"Polygon","coordinates":[[[-70.7917725479999,-34.2262928681221],[-70.7914337589999,-34.2267698661221],[-70.7914856549999,-34.227121025122],[-70.7925805339999,-34.2274063451221],[-70.7925514369999,-34.2270500841221],[-70.7921563359999,-34.2270182011221],[-70.792548871,-34.226971092122],[-70.7925140679999,-34.2267228851221],[-70.7917345049999,-34.2267366901221],[-70.792483376,-34.2266602481221],[-70.7924372589999,-34.2263995341221],[-70.7919397499999,-34.2264320681221],[-70.7917725479999,-34.2262928681221]]]}},{"type":"Feature","properties":{"id":"6116031001030","commune":"Requínoa","code":"06116","gse":"ABC1","quintil":"Q5","nse_score":898.3,"educ":16.5,"educ_score":900.0,"hacin":0.966,"hacin_class":"Sin Hacinamiento","hacin_score":858.4,"auto_score":596.2,"n_per":84,"n_hog":25,"source_year":2024,"crime_score":0.2693,"crime_nivel":"Medio","crime_color":"#ff9800"},"geometry":{"type":"Polygon","coordinates":[[[-70.7805751329999,-34.2264789701221],[-70.7764447409999,-34.2265422641221],[-70.7773460099999,-34.2292438151221],[-70.7788162139999,-34.2289879081221],[-70.7785124139999,-34.2280614061221],[-70.7774407079999,-34.2282412641221],[-70.7772583779999,-34.227719124122],[-70.7774657419999,-34.228192005122],[-70.7784926589999,-34.2280182201221],[-70.7781335589999,-34.2269878841221],[-70.7771844949999,-34.2271027451221],[-70.7770582489999,-34.226784589122],[-70.77721263,-34.2270520331221],[-70.7781827049999,-34.2269661801221],[-70.7788700979999,-34.228980697122],[-70.7793464639999,-34.228889519122],[-70.7802362979999,-34.227114370122],[-70.7797199179999,-34.2269743961221],[-70.7793507439999,-34.2270136681221],[-70.7793343219999,-34.227401737122],[-70.7792924489999,-34.2269744231221],[-70.7795995149999,-34.2269417591221],[-70.7795362919999,-34.2268772031221],[-70.7802566919999,-34.2270724811221],[-70.7805751329999,-34.2264789701221]]]}},{"type":"Feature","properties":{"id":"6116031001031","commune":"Requínoa","code":"06116","gse":"C3","quintil":"Q3","nse_score":712.9,"educ":12.1,"educ_score":606.7,"hacin":1.214,"hacin_class":"Hacinamiento Leve","hacin_score":805.5,"auto_score":214.3,"n_per":34,"n_hog":14,"source_year":2024,"crime_score":0.2932,"crime_nivel":"Medio","crime_color":"#ff9800"},"geometry":{"type":"Polygon","coordinates":[[[-70.7856047749999,-34.2265246251221],[-70.7845775049999,-34.2265264291221],[-70.7851399149999,-34.227620137122],[-70.7862268719999,-34.2277029711221],[-70.7856047749999,-34.2265246251221]]]}},{"type":"Feature","properties":{"id":"6116031001032","commune":"Requínoa","code":"06116","gse":"C2","quintil":"Q3","nse_score":718.3,"educ":11.3,"educ_score":553.3,"hacin":1.156,"hacin_class":"Hacinamiento Leve","hacin_score":817.8,"auto_score":177.4,"n_per":74,"n_hog":31,"source_year":2024,"crime_score":0.2981,"crime_nivel":"Medio","crime_color":"#ff9800"},"geometry":{"type":"Polygon","coordinates":[[[-70.7872579929999,-34.2266239891221],[-70.7856805119999,-34.226528011122],[-70.7859874829999,-34.2271161211221],[-70.7868647619999,-34.2271976121221],[-70.7860068189999,-34.2271360411221],[-70.7863025629999,-34.227704112122],[-70.7873717519999,-34.2277872921221],[-70.7872579929999,-34.2266239891221]]]}},{"type":"Feature","properties":{"id":"6116031001033","commune":"Requínoa","code":"06116","gse":"C1","quintil":"Q5","nse_score":785.9,"educ":14.5,"educ_score":766.7,"hacin":0.81,"hacin_class":"Sin Hacinamiento","hacin_score":891.4,"auto_score":676.5,"n_per":47,"n_hog":17,"source_year":2024,"crime_score":0.283,"crime_nivel":"Medio","crime_color":"#ff9800"},"geometry":{"type":"Polygon","coordinates":[[[-70.7806023129999,-34.2265315171221],[-70.7793871359999,-34.228925315122],[-70.7792468579999,-34.228966961122],[-70.7802567849999,-34.232812351122],[-70.7797629259999,-34.232914200122],[-70.7797459769999,-34.233108311122],[-70.7794828289999,-34.233130165122],[-70.7792970719999,-34.233331235122],[-70.775265939,-34.233737731122],[-70.7752124909999,-34.234187750122],[-70.7801445679999,-34.233732422122],[-70.7801045679999,-34.233181038122],[-70.7803940669999,-34.233072253122],[-70.7803826099999,-34.232883712122],[-70.7804290369999,-34.233079781122],[-70.7801339779999,-34.233197024122],[-70.7801769409999,-34.233729485122],[-70.7867664329999,-34.233057454122],[-70.7867403359999,-34.232681984122],[-70.7863933829999,-34.232089797122],[-70.7848422599999,-34.230916882122],[-70.7828888359999,-34.228616304122],[-70.7821523669999,-34.2280263491221],[-70.781314946,-34.2286199111221],[-70.7805161079999,-34.228727850122],[-70.7812905389999,-34.228579263122],[-70.7821121029999,-34.2279956941221],[-70.7814275269999,-34.2274555451221],[-70.7806023129999,-34.2265315171221]]]}},{"type":"Feature","properties":{"id":"6116031001034","commune":"Requínoa","code":"06116","gse":"C3","quintil":"Q3","nse_score":709.7,"educ":11.3,"educ_score":553.3,"hacin":1.206,"hacin_class":"Hacinamiento Leve","hacin_score":807.3,"auto_score":423.1,"n_per":41,"n_hog":13,"source_year":2024,"crime_score":0.2948,"crime_nivel":"Medio","crime_color":"#ff9800"},"geometry":{"type":"Polygon","coordinates":[[[-70.7874312329999,-34.2277886701221],[-70.7881240569999,-34.2278369261221],[-70.7880914749999,-34.226679174122],[-70.7873255769999,-34.2266252491221],[-70.7874312329999,-34.2277886701221]]]}},{"type":"Feature","properties":{"id":"6116031001035","commune":"Requínoa","code":"06116","gse":"D","quintil":"Q1","nse_score":634.6,"educ":9.8,"educ_score":453.3,"hacin":1.488,"hacin_class":"Hacinamiento Leve","hacin_score":747.2,"auto_score":187.5,"n_per":64,"n_hog":24,"source_year":2024,"crime_score":0.3106,"crime_nivel":"Medio","crime_color":"#ff9800"},"geometry":{"type":"Polygon","coordinates":[[[-70.7881456629999,-34.2266839271221],[-70.7881700279999,-34.2278363851221],[-70.7888080449999,-34.2278785671221],[-70.7888936289999,-34.2276913821221],[-70.7894811469999,-34.2276255951221],[-70.7894492249999,-34.226767888122],[-70.7889939859999,-34.2267373441221],[-70.7889146349999,-34.2272190801221],[-70.7886630659999,-34.2272113081221],[-70.7884088329999,-34.226914655122],[-70.7884248939999,-34.2266970181221],[-70.7881456629999,-34.2266839271221]]]}},{"type":"Feature","properties":{"id":"6116031001036","commune":"Requínoa","code":"06116","gse":"C2","quintil":"Q4","nse_score":747.2,"educ":12.8,"educ_score":653.3,"hacin":1.462,"hacin_class":"Hacinamiento Leve","hacin_score":752.9,"auto_score":200.0,"n_per":19,"n_hog":5,"source_year":2024,"crime_score":0.2855,"crime_nivel":"Medio","crime_color":"#ff9800"},"geometry":{"type":"Polygon","coordinates":[[[-70.7886897619999,-34.2271708701221],[-70.7889265919999,-34.227133087122],[-70.7889387199999,-34.2267295691221],[-70.7884974359999,-34.2267074021221],[-70.7884772059999,-34.226890774122],[-70.7886897619999,-34.2271708701221]]]}},{"type":"Feature","properties":{"id":"6116031001037","commune":"Requínoa","code":"06116","gse":"E","quintil":"Q1","nse_score":575.5,"educ":10.1,"educ_score":473.3,"hacin":1.3,"hacin_class":"Hacinamiento Leve","hacin_score":787.2,"auto_score":250.0,"n_per":13,"n_hog":4,"source_year":2024,"crime_score":0.3125,"crime_nivel":"Medio","crime_color":"#ff9800"},"geometry":{"type":"Polygon","coordinates":[[[-70.7929805099999,-34.2275309991221],[-70.789535053,-34.2267551921221],[-70.7895599689999,-34.2276072811221],[-70.7894183329999,-34.2277495171221],[-70.7894798249999,-34.229516456122],[-70.7899662599999,-34.229881230122],[-70.7927153359999,-34.230404592122],[-70.7930421359999,-34.228808980122],[-70.7929867629999,-34.2270263131221],[-70.7929034239999,-34.2270326441221],[-70.7929805099999,-34.2275309991221]]]}},{"type":"Feature","properties":{"id":"6116031001038","commune":"Requínoa","code":"06116","gse":"C3","quintil":"Q2","nse_score":667.8,"educ":10.6,"educ_score":506.7,"hacin":1.457,"hacin_class":"Hacinamiento Leve","hacin_score":753.9,"auto_score":220.8,"n_per":236,"n_hog":77,"source_year":2024,"crime_score":0.3305,"crime_nivel":"Medio","crime_color":"#ff9800"},"geometry":{"type":"Polygon","coordinates":[[[-70.7851968479999,-34.2276836711221],[-70.7865987309999,-34.230508203122],[-70.7871571269999,-34.230588729122],[-70.7869795419999,-34.2306599721221],[-70.78661847,-34.230556158122],[-70.7868515779999,-34.231142782122],[-70.7896843689999,-34.232402111122],[-70.7909129939999,-34.233098062122],[-70.7917523269999,-34.233795423122],[-70.7919106859999,-34.232647018122],[-70.7926996019999,-34.230445041122],[-70.7900209559999,-34.229959815122],[-70.7894738879999,-34.231355630122],[-70.7898275029999,-34.230364655122],[-70.7891332609999,-34.230228077122],[-70.7889042399999,-34.231123920122],[-70.7890744269999,-34.230214633122],[-70.7884241279999,-34.230081092122],[-70.7881752259999,-34.230851358122],[-70.7883754429999,-34.230058919122],[-70.787752871,-34.229933552122],[-70.7877140869999,-34.229565103122],[-70.787399692,-34.229518197122],[-70.7877236289999,-34.229527776122],[-70.7878904529999,-34.229110559122],[-70.78785389,-34.2278696021221],[-70.7863259829999,-34.2277631481221],[-70.7868920679999,-34.228801871122],[-70.7869996249999,-34.229199216122],[-70.7862677559999,-34.2277783001221],[-70.7851968479999,-34.2276836711221]]]}},{"type":"Feature","properties":{"id":"6116031001040","commune":"Requínoa","code":"06116","gse":"C2","quintil":"Q4","nse_score":727.4,"educ":11.3,"educ_score":553.3,"hacin":1.087,"hacin_class":"Hacinamiento Leve","hacin_score":832.6,"auto_score":250.0,"n_per":50,"n_hog":16,"source_year":2024,"crime_score":0.2931,"crime_nivel":"Medio","crime_color":"#ff9800"},"geometry":{"type":"Polygon","coordinates":[[[-70.7879526069999,-34.229118234122],[-70.7886095419999,-34.229240239122],[-70.7885919919999,-34.227921768122],[-70.7879159819999,-34.2278744171221],[-70.7879526069999,-34.229118234122]]]}},{"type":"Feature","properties":{"id":"6116031001041","commune":"Requínoa","code":"06116","gse":"D","quintil":"Q1","nse_score":608.3,"educ":9.7,"educ_score":446.7,"hacin":1.5,"hacin_class":"Hacinamiento Medio","hacin_score":744.7,"auto_score":93.8,"n_per":63,"n_hog":19,"source_year":2024,"crime_score":0.3148,"crime_nivel":"Medio","crime_color":"#ff9800"},"geometry":{"type":"Polygon","coordinates":[[[-70.7893495799999,-34.229382605122],[-70.789369243,-34.2281964841221],[-70.7888969649999,-34.2281747711221],[-70.7888023089999,-34.227933002122],[-70.7886471389999,-34.2279238241221],[-70.7886856489999,-34.2292562911221],[-70.7893495799999,-34.229382605122]]]}},{"type":"Feature","properties":{"id":"6116031001042","commune":"Requínoa","code":"06116","gse":"D","quintil":"Q1","nse_score":634.5,"educ":11.2,"educ_score":546.7,"hacin":1.333,"hacin_class":"Hacinamiento Leve","hacin_score":780.1,"auto_score":363.6,"n_per":24,"n_hog":10,"source_year":2024,"crime_score":0.3046,"crime_nivel":"Medio","crime_color":"#ff9800"},"geometry":{"type":"Polygon","coordinates":[[[-70.7878077159999,-34.2299213091221],[-70.7883503149999,-34.230010655122],[-70.7885484159999,-34.2292811781221],[-70.7878846559999,-34.229162134122],[-70.7877378879999,-34.229713506122],[-70.7878077159999,-34.2299213091221]]]}},{"type":"Feature","properties":{"id":"6116031001043","commune":"Requínoa","code":"06116","gse":"D","quintil":"Q2","nse_score":658.8,"educ":11.6,"educ_score":573.3,"hacin":1.517,"hacin_class":"Hacinamiento Medio","hacin_score":741.0,"auto_score":357.1,"n_per":44,"n_hog":16,"source_year":2024,"crime_score":0.3036,"crime_nivel":"Medio","crime_color":"#ff9800"},"geometry":{"type":"Polygon","coordinates":[[[-70.7890802849999,-34.230165918122],[-70.7892814609999,-34.2294192311221],[-70.7886141349999,-34.229294522122],[-70.7884198389999,-34.230041107122],[-70.7890802849999,-34.230165918122]]]}},{"type":"Feature","properties":{"id":"6116031001044","commune":"Requínoa","code":"06116","gse":"E","quintil":"Q1","nse_score":504.9,"educ":9.4,"educ_score":426.7,"hacin":1.625,"hacin_class":"Hacinamiento Medio","hacin_score":718.1,"auto_score":281.2,"n_per":39,"n_hog":17,"source_year":2024,"crime_score":0.3282,"crime_nivel":"Medio","crime_color":"#ff9800"},"geometry":{"type":"Polygon","coordinates":[[[-70.7891920049999,-34.230197460122],[-70.7898413059999,-34.230323583122],[-70.7899572619999,-34.229944294122],[-70.7893299039999,-34.229429967122],[-70.7891920049999,-34.230197460122]]]}},{"type":"Feature","properties":{"id":"6116031001045","commune":"Requínoa","code":"06116","gse":"ABC1","quintil":"Q5","nse_score":850.1,"educ":16.0,"educ_score":866.7,"hacin":1.247,"hacin_class":"Hacinamiento Leve","hacin_score":798.4,"auto_score":402.8,"n_per":121,"n_hog":33,"source_year":2024,"crime_score":0.2823,"crime_nivel":"Medio","crime_color":"#ff9800"},"geometry":{"type":"Polygon","coordinates":[[[-70.7876131429999,-34.233024260122],[-70.7830121039999,-34.233530638122],[-70.7832653559999,-34.234057018122],[-70.7872603349999,-34.233887763122],[-70.7876105439999,-34.235245837122],[-70.7836555619999,-34.234064779122],[-70.7832859129999,-34.234100417122],[-70.7835724779999,-34.234681761122],[-70.7855054479999,-34.235248287122],[-70.7863921179999,-34.235635130122],[-70.787161007,-34.2369085161219],[-70.7879179349999,-34.236625763122],[-70.7871873429999,-34.236938671122],[-70.7876751129999,-34.237611999122],[-70.7876331159999,-34.2381143701219],[-70.7893256929999,-34.2375194711219],[-70.7871598019999,-34.2383136771219],[-70.7869889859999,-34.2385317671219],[-70.7869728159999,-34.2390136871219],[-70.7868284639999,-34.2392667991219],[-70.7858531599999,-34.2395596311219],[-70.7861089819999,-34.2401152321219],[-70.7866415629999,-34.2399699921219],[-70.7868094889999,-34.2402904861219],[-70.78656953,-34.2400139881219],[-70.7861235899999,-34.2401491941219],[-70.7861705119999,-34.2404222121219],[-70.7858101509999,-34.2395682821219],[-70.7850381919999,-34.2397986331219],[-70.7852380129999,-34.2405083151219],[-70.7849989569999,-34.2398143441219],[-70.7839860079999,-34.2399183941219],[-70.7838559959999,-34.2400384871219],[-70.7839187429999,-34.2407611491219],[-70.7911369909999,-34.2399820711219],[-70.7876131429999,-34.233024260122]]]}},{"type":"Feature","properties":{"id":"6116031001048","commune":"Requínoa","code":"06116","gse":"ABC1","quintil":"Q5","nse_score":903.8,"educ":17.5,"educ_score":966.7,"hacin":1.25,"hacin_class":"Hacinamiento Leve","hacin_score":797.9,"auto_score":666.7,"n_per":65,"n_hog":17,"source_year":2024,"crime_score":0.2659,"crime_nivel":"Medio","crime_color":"#ff9800"},"geometry":{"type":"Polygon","coordinates":[[[-70.7827279939999,-34.233566529122],[-70.7751999279999,-34.234293519122],[-70.7671178349999,-34.235003856122],[-70.7681283919999,-34.2369938341219],[-70.7691141109999,-34.2366851541219],[-70.7688255679999,-34.236422710122],[-70.7681772179999,-34.2366322211219],[-70.7687859729999,-34.236394039122],[-70.7685911019999,-34.236047137122],[-70.7680403989999,-34.236218789122],[-70.768587136,-34.2360145031219],[-70.76848236,-34.235682445122],[-70.7676329159999,-34.235835101122],[-70.7684640859999,-34.235644347122],[-70.7682789679999,-34.235268776122],[-70.7674116259999,-34.235397281122],[-70.7682655359999,-34.235241642122],[-70.7682554979999,-34.2351028181219],[-70.7685925459999,-34.235756433122],[-70.7690184329999,-34.235228812122],[-70.7697384799999,-34.234863812122],[-70.7714586289999,-34.234781592122],[-70.7727985529999,-34.234521311122],[-70.7777543679999,-34.234270499122],[-70.7788817759999,-34.234428313122],[-70.7791848879999,-34.234588323122],[-70.7793224889999,-34.234576286122],[-70.7795124449999,-34.234154805122],[-70.7797478689999,-34.234097564122],[-70.7823941679999,-34.234775796122],[-70.782701889,-34.234718208122],[-70.7828415039999,-34.234433501122],[-70.7827096959999,-34.234185814122],[-70.7827279939999,-34.233566529122]]]}},{"type":"Feature","properties":{"id":"6116031001049","commune":"Requínoa","code":"06116","gse":"ABC1","quintil":"Q5","nse_score":851.2,"educ":15.3,"educ_score":820.0,"hacin":1.111,"hacin_class":"Hacinamiento Leve","hacin_score":827.4,"auto_score":125.0,"n_per":10,"n_hog":4,"source_year":2024,"crime_score":0.2673,"crime_nivel":"Medio","crime_color":"#ff9800"},"geometry":{"type":"Polygon","coordinates":[[[-70.7875647749999,-34.2351927591219],[-70.7872164679999,-34.233932641122],[-70.7837769999999,-34.234053072122],[-70.7847998389999,-34.234356644122],[-70.7875647749999,-34.2351927591219]]]}},{"type":"Feature","properties":{"id":"6116031001051","commune":"Requínoa","code":"06116","gse":"ABC1","quintil":"Q5","nse_score":891.7,"educ":16.2,"educ_score":880.0,"hacin":1.17,"hacin_class":"Hacinamiento Leve","hacin_score":814.9,"auto_score":484.1,"n_per":234,"n_hog":63,"source_year":2024,"crime_score":0.2898,"crime_nivel":"Medio","crime_color":"#ff9800"},"geometry":{"type":"Polygon","coordinates":[[[-70.7796136949999,-34.2368454501219],[-70.7792555749999,-34.2373269311219],[-70.7796237299999,-34.2383206651219],[-70.7792317889999,-34.2373487641219],[-70.7788905169999,-34.237528175122],[-70.7775298519999,-34.237524816122],[-70.773540593,-34.2381043721219],[-70.7727216619999,-34.2382896551219],[-70.7725517689999,-34.2386787921219],[-70.7733081849999,-34.2395897751219],[-70.7739953989999,-34.2398429981219],[-70.7752762499999,-34.2398308731219],[-70.7774332029999,-34.2394946321219],[-70.7789375509999,-34.2394152691219],[-70.7812797799999,-34.2389876261219],[-70.7812432849999,-34.2381762661219],[-70.7816157769999,-34.2372025091219],[-70.7819639889999,-34.2350880261219],[-70.7818146029999,-34.234775341122],[-70.7803450659999,-34.234281370122],[-70.7795494889999,-34.234188306122],[-70.7791648749999,-34.235283849122],[-70.7791898839999,-34.235558915122],[-70.7796343929999,-34.236358955122],[-70.7796136949999,-34.2368454501219]]]}},{"type":"Feature","properties":{"id":"6116031001052","commune":"Requínoa","code":"06116","gse":"ABC1","quintil":"Q5","nse_score":889.6,"educ":16.2,"educ_score":880.0,"hacin":1.278,"hacin_class":"Hacinamiento Leve","hacin_score":792.0,"auto_score":744.9,"n_per":207,"n_hog":49,"source_year":2024,"crime_score":0.2867,"crime_nivel":"Medio","crime_color":"#ff9800"},"geometry":{"type":"Polygon","coordinates":[[[-70.7699855739999,-34.2365312241219],[-70.7718033309999,-34.2364275871219],[-70.7723582109999,-34.236579574122],[-70.7750880519999,-34.2360086331219],[-70.7763327069999,-34.2360823621219],[-70.7786430979999,-34.2357472121219],[-70.7791104429999,-34.235518093122],[-70.7791021149999,-34.234606460122],[-70.7788629909999,-34.234470981122],[-70.7777531959999,-34.234315578122],[-70.7728031599999,-34.234566251122],[-70.7714653929999,-34.234826329122],[-70.7704893379999,-34.234833970122],[-70.7705847779999,-34.235510874122],[-70.7704456399999,-34.234833494122],[-70.7697565119999,-34.234906353122],[-70.7693502959999,-34.235068294122],[-70.769480401,-34.235351955122],[-70.7698635749999,-34.235341160122],[-70.7699093779999,-34.235569442122],[-70.7698303049999,-34.235373208122],[-70.7694512679999,-34.235383969122],[-70.7693127839999,-34.235087813122],[-70.7687212379999,-34.235594011122],[-70.7686642349999,-34.236119460122],[-70.7690804169999,-34.2365454721219],[-70.7699419619999,-34.2365309931219],[-70.7699217299999,-34.2359268951219],[-70.7699855739999,-34.2365312241219]]]}},{"type":"Feature","properties":{"id":"6116031001055","commune":"Requínoa","code":"06116","gse":"ABC1","quintil":"Q5","nse_score":888.4,"educ":16.3,"educ_score":886.7,"hacin":1.19,"hacin_class":"Hacinamiento Leve","hacin_score":810.7,"auto_score":595.2,"n_per":69,"n_hog":21,"source_year":2024,"crime_score":0.269,"crime_nivel":"Medio","crime_color":"#ff9800"},"geometry":{"type":"Polygon","coordinates":[[[-70.7812978349999,-34.238179402122],[-70.7813339309999,-34.2389775051219],[-70.7817805579999,-34.2389617101219],[-70.7823821509999,-34.2392929771219],[-70.7830867029999,-34.2393616181219],[-70.7837445749999,-34.2397768251219],[-70.7838541089999,-34.2396374281219],[-70.7836145379999,-34.2375327841219],[-70.7839594469999,-34.2373007641219],[-70.7834923759999,-34.235377763122],[-70.7837159379999,-34.234757927122],[-70.7824050199999,-34.234819973122],[-70.7819877789999,-34.235148331122],[-70.7816691359999,-34.237211300122],[-70.7812978349999,-34.238179402122]]]}},{"type":"Feature","properties":{"id":"6116031001057","commune":"Requínoa","code":"06116","gse":"ABC1","quintil":"Q5","nse_score":911.6,"educ":16.3,"educ_score":886.7,"hacin":0.976,"hacin_class":"Sin Hacinamiento","hacin_score":856.3,"auto_score":650.0,"n_per":40,"n_hog":10,"source_year":2024,"crime_score":0.2614,"crime_nivel":"Medio","crime_color":"#ff9800"},"geometry":{"type":"Polygon","coordinates":[[[-70.7870125069999,-34.238254175122],[-70.7875659439999,-34.2381350231219],[-70.787651336,-34.2377820681219],[-70.7875035229999,-34.2373774621219],[-70.7868968999999,-34.2366556891219],[-70.7866025729999,-34.235940054122],[-70.7860771279999,-34.235513910122],[-70.7851456739999,-34.235193860122],[-70.7849115369999,-34.2352458641219],[-70.7850082809999,-34.2357437611219],[-70.7856643619999,-34.2367241621219],[-70.7863490669999,-34.2373346381219],[-70.7867662989999,-34.238121593122],[-70.7870125069999,-34.238254175122]]]}},{"type":"Feature","properties":{"id":"6116031001058","commune":"Requínoa","code":"06116","gse":"ABC1","quintil":"Q5","nse_score":885.4,"educ":15.9,"educ_score":860.0,"hacin":1.218,"hacin_class":"Hacinamiento Leve","hacin_score":804.6,"auto_score":734.4,"n_per":134,"n_hog":33,"source_year":2024,"crime_score":0.2779,"crime_nivel":"Medio","crime_color":"#ff9800"},"geometry":{"type":"Polygon","coordinates":[[[-70.7763353639999,-34.236127394122],[-70.7750977429999,-34.236053018122],[-70.7725691129999,-34.2365381351219],[-70.7722348109999,-34.236751001122],[-70.7719426169999,-34.2372023361219],[-70.7718956759999,-34.2377453671219],[-70.7721900939999,-34.238142674122],[-70.7728836699999,-34.2381889301219],[-70.7775249449999,-34.2374798611219],[-70.7788809129999,-34.2374832421219],[-70.7792101469999,-34.237302262122],[-70.7795870159999,-34.236749076122],[-70.7795017159999,-34.2360721241219],[-70.7791381209999,-34.235671839122],[-70.7763353639999,-34.236127394122]]]}},{"type":"Feature","properties":{"id":"6116031001059","commune":"Requínoa","code":"06116","gse":"ABC1","quintil":"Q5","nse_score":877.1,"educ":16.3,"educ_score":886.7,"hacin":1.288,"hacin_class":"Hacinamiento Leve","hacin_score":789.9,"auto_score":666.7,"n_per":197,"n_hog":46,"source_year":2024,"crime_score":0.2876,"crime_nivel":"Medio","crime_color":"#ff9800"},"geometry":{"type":"Polygon","coordinates":[[[-70.7726900739999,-34.2399993551219],[-70.7732256529999,-34.2399389661219],[-70.7732614299999,-34.2396143921219],[-70.7718863629999,-34.2378683061219],[-70.7718193219999,-34.2374193651219],[-70.7721224109999,-34.2368174081219],[-70.7720820249999,-34.236577048122],[-70.7717049309999,-34.2364726781219],[-70.7697398859999,-34.236582552122],[-70.7692188629999,-34.236797039122],[-70.7692798549999,-34.237160763122],[-70.7696634179999,-34.2377794251219],[-70.7699454569999,-34.2387449601219],[-70.7705336519999,-34.2400030551219],[-70.7717508459999,-34.2414788921219],[-70.7746223819999,-34.2416147691219],[-70.775542131,-34.2415047661219],[-70.7761788789999,-34.2412855911219],[-70.7757481239999,-34.2398151771219],[-70.7739888159999,-34.2398879531219],[-70.7733168349999,-34.2396512651219],[-70.7732581529999,-34.2399773341219],[-70.7726266499999,-34.2400194651219],[-70.7725142809999,-34.2401973311219],[-70.7723661899999,-34.2402543231219],[-70.7725928599999,-34.2399444671219],[-70.7726283969999,-34.2393323211219],[-70.7726900739999,-34.2399993551219]]]}},{"type":"Feature","properties":{"id":"6116031001060","commune":"Requínoa","code":"06116","gse":"ABC1","quintil":"Q5","nse_score":898.6,"educ":17.4,"educ_score":960.0,"hacin":1.143,"hacin_class":"Hacinamiento Leve","hacin_score":820.7,"auto_score":578.9,"n_per":72,"n_hog":17,"source_year":2024,"crime_score":0.2677,"crime_nivel":"Medio","crime_color":"#ff9800"},"geometry":{"type":"Polygon","coordinates":[[[-70.7681283919999,-34.2369938341219],[-70.7707453929999,-34.2421471911219],[-70.7837580779999,-34.2407797461219],[-70.7836789779999,-34.2401228531219],[-70.7826318449999,-34.2406834531219],[-70.7797210519999,-34.2411251201219],[-70.7769004009999,-34.2414286901219],[-70.7762096449999,-34.2413228431219],[-70.7755560509999,-34.2415484081219],[-70.7746245599999,-34.2416598561219],[-70.7718131909999,-34.2415501011219],[-70.7704840689999,-34.2400214301219],[-70.7698936419999,-34.2387584071219],[-70.7696125319999,-34.2377952341219],[-70.7692286459999,-34.2371758141219],[-70.7691141109999,-34.2366851541219],[-70.7681283919999,-34.2369938341219]]]}},{"type":"Feature","properties":{"id":"6116031001063","commune":"Requínoa","code":"06116","gse":"ABC1","quintil":"Q5","nse_score":880.9,"educ":16.8,"educ_score":920.0,"hacin":1.167,"hacin_class":"Hacinamiento Leve","hacin_score":815.6,"auto_score":590.9,"n_per":77,"n_hog":20,"source_year":2024,"crime_score":0.2713,"crime_nivel":"Medio","crime_color":"#ff9800"},"geometry":{"type":"Polygon","coordinates":[[[-70.7766452989999,-34.2413765191219],[-70.7797133159999,-34.2410804941219],[-70.7826155229999,-34.2406403731219],[-70.7832048739999,-34.2403882221219],[-70.7834642829999,-34.2398831971219],[-70.7832009409999,-34.2394654691219],[-70.782363083,-34.2393355131219],[-70.7816537489999,-34.2389875111219],[-70.7789454169999,-34.2394599201219],[-70.7774396119999,-34.2395395271219],[-70.7758015869999,-34.2398073641219],[-70.7762331349999,-34.2412822021219],[-70.7766452989999,-34.2413765191219]]]}},{"type":"Feature","properties":{"id":"6116031001066","commune":"Requínoa","code":"06116","gse":"D","quintil":"Q1","nse_score":620.4,"educ":10.7,"educ_score":513.3,"hacin":1.407,"hacin_class":"Hacinamiento Leve","hacin_score":764.4,"auto_score":83.3,"n_per":114,"n_hog":39,"source_year":2024,"crime_score":0.3205,"crime_nivel":"Medio","crime_color":"#ff9800"},"geometry":{"type":"Polygon","coordinates":[[[-70.7919193339999,-34.2441402671218],[-70.7912130349999,-34.2427717001219],[-70.7909939129999,-34.2412320161219],[-70.7910731239999,-34.2423556671219],[-70.7912655939999,-34.2430362421219],[-70.7907283309999,-34.2447744341219],[-70.7932786519999,-34.2441890451219],[-70.7911084249999,-34.2400417431219],[-70.7921367039999,-34.2420632911219],[-70.7921082519999,-34.2421385691219],[-70.791396173,-34.2423891591219],[-70.7920711599999,-34.2420720471219],[-70.7913646829999,-34.2406687541219],[-70.7910742939999,-34.2410072381219],[-70.7911677069999,-34.2423002521219],[-70.7917450279999,-34.2420555601219],[-70.7911713819999,-34.2423196581219],[-70.7912552579999,-34.2427625361219],[-70.7916783769999,-34.2436560661218],[-70.7924734739999,-34.2434419251219],[-70.7916908249999,-34.2436810811219],[-70.7919193339999,-34.2441402671218]]]}},{"type":"Feature","properties":{"id":"6116031001017","commune":"Requínoa","code":"06116","gse":"C2","quintil":"Q4","nse_score":726.3,"educ":11.7,"educ_score":580.0,"hacin":1.368,"hacin_class":"Hacinamiento Leve","hacin_score":772.7,"auto_score":312.5,"n_per":52,"n_hog":16,"source_year":2024,"crime_score":0.2936,"crime_nivel":"Medio","crime_color":"#ff9800"},"geometry":{"type":"MultiPolygon","coordinates":[[[[-70.784875644,-34.2241513351221],[-70.7866089589999,-34.2243663771221],[-70.7867394799999,-34.2235349061221],[-70.7850091509999,-34.2228077781221],[-70.784875644,-34.2241513351221]]],[[[-70.7840503009999,-34.2240432031221],[-70.7848168769999,-34.2241407481221],[-70.7849227829999,-34.2227947321221],[-70.7842067089999,-34.2228051551221],[-70.7840503009999,-34.2240432031221]]]]}},{"type":"Feature","properties":{"id":"6116031001056","commune":"Requínoa","code":"06116","gse":"ABC1","quintil":"Q5","nse_score":820.5,"educ":15.5,"educ_score":833.3,"hacin":1.182,"hacin_class":"Hacinamiento Leve","hacin_score":812.4,"auto_score":369.6,"n_per":65,"n_hog":20,"source_year":2024,"crime_score":0.2798,"crime_nivel":"Medio","crime_color":"#ff9800"},"geometry":{"type":"MultiPolygon","coordinates":[[[[-70.7849423259999,-34.2387174501219],[-70.7838590369999,-34.2390292651219],[-70.7839084169999,-34.2396507961219],[-70.7837944259999,-34.2397958651219],[-70.7845671979999,-34.2398660661219],[-70.7853047489999,-34.2396418551219],[-70.7849423259999,-34.2387174501219]]],[[[-70.7836701889999,-34.2375407951219],[-70.7838255299999,-34.2388172441219],[-70.7839317539999,-34.2388958291219],[-70.7849597809999,-34.238674745122],[-70.7852059139999,-34.2384300691219],[-70.7849980809999,-34.238706980122],[-70.7853552029999,-34.2396250541219],[-70.7864189619999,-34.2394201201219],[-70.7868766859999,-34.2391205331219],[-70.7869070669999,-34.2383803991219],[-70.7864127379999,-34.2375035651219],[-70.7857123039999,-34.2368693251219],[-70.7849597019999,-34.235764121122],[-70.7847309679999,-34.235126153122],[-70.7837676669999,-34.234771581122],[-70.7835466569999,-34.235373174122],[-70.7840147709999,-34.237306105122],[-70.7836701889999,-34.2375407951219]]]]}},{"type":"Feature","properties":{"id":"6116061001002","commune":"Requínoa","code":"06116","gse":"C3","quintil":"Q2","nse_score":668.0,"educ":9.9,"educ_score":460.0,"hacin":1.389,"hacin_class":"Hacinamiento Leve","hacin_score":768.2,"auto_score":339.3,"n_per":182,"n_hog":58,"source_year":2024,"crime_score":0.3225,"crime_nivel":"Medio","crime_color":"#ff9800"},"geometry":{"type":"Polygon","coordinates":[[[-70.8081467059999,-34.2754617841215],[-70.8081696249999,-34.2750827881215],[-70.8062305879999,-34.2719694431215],[-70.8073052499999,-34.2715308241215],[-70.8071967649999,-34.2711561041215],[-70.8057846549999,-34.2716428771215],[-70.8081467059999,-34.2754617841215]]]}},{"type":"Feature","properties":{"id":"6116061001003","commune":"Requínoa","code":"06116","gse":"C3","quintil":"Q3","nse_score":691.4,"educ":10.3,"educ_score":486.7,"hacin":1.359,"hacin_class":"Hacinamiento Leve","hacin_score":774.8,"auto_score":333.3,"n_per":144,"n_hog":43,"source_year":2024,"crime_score":0.3128,"crime_nivel":"Medio","crime_color":"#ff9800"},"geometry":{"type":"Polygon","coordinates":[[[-70.806299883,-34.2719655211215],[-70.8064950369999,-34.2722789281215],[-70.8071636399999,-34.2720844051215],[-70.8075164679999,-34.2726382001215],[-70.807883682,-34.2725089941215],[-70.8073571129999,-34.2715842021215],[-70.806299883,-34.2719655211215]]]}},{"type":"Feature","properties":{"id":"6116061001005","commune":"Requínoa","code":"06116","gse":"C3","quintil":"Q3","nse_score":702.8,"educ":10.4,"educ_score":493.3,"hacin":1.259,"hacin_class":"Hacinamiento Leve","hacin_score":795.9,"auto_score":125.0,"n_per":34,"n_hog":12,"source_year":2024,"crime_score":0.2949,"crime_nivel":"Medio","crime_color":"#ff9800"},"geometry":{"type":"Polygon","coordinates":[[[-70.8066823489999,-34.2725786221215],[-70.8068784369999,-34.2728923561215],[-70.8074627239999,-34.2726743201216],[-70.8072698129999,-34.2723655901215],[-70.8066823489999,-34.2725786221215]]]}},{"type":"Feature","properties":{"id":"6116061001006","commune":"Requínoa","code":"06116","gse":"D","quintil":"Q2","nse_score":644.3,"educ":9.1,"educ_score":406.7,"hacin":1.386,"hacin_class":"Hacinamiento Leve","hacin_score":769.0,"auto_score":109.1,"n_per":176,"n_hog":56,"source_year":2024,"crime_score":0.3257,"crime_nivel":"Medio","crime_color":"#ff9800"},"geometry":{"type":"Polygon","coordinates":[[[-70.806943251,-34.2729960551215],[-70.8071071829999,-34.2732576081215],[-70.8077075859999,-34.2730769431215],[-70.8080507679999,-34.2736421101215],[-70.8084272979999,-34.2735119331215],[-70.8079240439999,-34.2725731961215],[-70.806943251,-34.2729960551215]]]}},{"type":"Feature","properties":{"id":"6116061001008","commune":"Requínoa","code":"06116","gse":"C3","quintil":"Q2","nse_score":669.1,"educ":9.0,"educ_score":400.0,"hacin":1.55,"hacin_class":"Hacinamiento Medio","hacin_score":734.0,"auto_score":277.8,"n_per":31,"n_hog":9,"source_year":2024,"crime_score":0.3,"crime_nivel":"Medio","crime_color":"#ff9800"},"geometry":{"type":"Polygon","coordinates":[[[-70.8074916769999,-34.2738456301215],[-70.8079797809999,-34.2736642131215],[-70.8077992689999,-34.2733617791215],[-70.8072980429999,-34.2735621221215],[-70.8074916769999,-34.2738456301215]]]}},{"type":"Feature","properties":{"id":"6116061001009","commune":"Requínoa","code":"06116","gse":"D","quintil":"Q2","nse_score":640.0,"educ":8.8,"educ_score":386.7,"hacin":1.575,"hacin_class":"Hacinamiento Medio","hacin_score":728.7,"auto_score":305.6,"n_per":63,"n_hog":18,"source_year":2024,"crime_score":0.3095,"crime_nivel":"Medio","crime_color":"#ff9800"},"geometry":{"type":"Polygon","coordinates":[[[-70.8077176329999,-34.2742152871215],[-70.8086179379999,-34.2739096761215],[-70.8084866899999,-34.2735878741215],[-70.8075492869999,-34.2738979121215],[-70.8077176329999,-34.2742152871215]]]}},{"type":"Feature","properties":{"id":"6116061001010","commune":"Requínoa","code":"06116","gse":"C3","quintil":"Q2","nse_score":661.3,"educ":9.9,"educ_score":460.0,"hacin":1.317,"hacin_class":"Hacinamiento Leve","hacin_score":783.6,"auto_score":211.1,"n_per":270,"n_hog":89,"source_year":2024,"crime_score":0.3367,"crime_nivel":"Medio","crime_color":"#ff9800"},"geometry":{"type":"Polygon","coordinates":[[[-70.8083152049999,-34.2740991801215],[-70.8088223789999,-34.2752243931215],[-70.8087287959999,-34.2752641011215],[-70.8086309139999,-34.2749667791215],[-70.8083081369999,-34.2751145651215],[-70.8082665169999,-34.2755190851215],[-70.8087957339999,-34.2762877811215],[-70.8090633149999,-34.2761432561215],[-70.8086033179999,-34.2754640461215],[-70.8086578799999,-34.2754352881215],[-70.8091122089999,-34.2761186401215],[-70.8094081069999,-34.2759877641215],[-70.8089718749999,-34.2753481471215],[-70.8089990269999,-34.2752770551215],[-70.8094424149999,-34.2759666991215],[-70.8096824499999,-34.2758445821215],[-70.8086766169999,-34.2739676951215],[-70.8083152049999,-34.2740991801215]]]}},{"type":"Feature","properties":{"id":"6116061001011","commune":"Requínoa","code":"06116","gse":"D","quintil":"Q1","nse_score":633.5,"educ":9.1,"educ_score":406.7,"hacin":1.429,"hacin_class":"Hacinamiento Leve","hacin_score":759.9,"auto_score":142.9,"n_per":20,"n_hog":7,"source_year":2024,"crime_score":0.3041,"crime_nivel":"Medio","crime_color":"#ff9800"},"geometry":{"type":"Polygon","coordinates":[[[-70.8077714709999,-34.2743218101215],[-70.8079226279999,-34.2745666601215],[-70.8083841369999,-34.2743955881215],[-70.8082124139999,-34.2741338321215],[-70.8077714709999,-34.2743218101215]]]}},{"type":"Feature","properties":{"id":"6116061001013","commune":"Requínoa","code":"06116","gse":"C3","quintil":"Q2","nse_score":666.5,"educ":10.0,"educ_score":466.7,"hacin":1.462,"hacin_class":"Hacinamiento Leve","hacin_score":752.7,"auto_score":213.7,"n_per":408,"n_hog":123,"source_year":2024,"crime_score":0.3402,"crime_nivel":"Medio","crime_color":"#ff9800"},"geometry":{"type":"Polygon","coordinates":[[[-70.8071302879999,-34.2758127631215],[-70.8088448639999,-34.2783639541214],[-70.807054665,-34.2788940751214],[-70.8076831989999,-34.2796460621214],[-70.8079314079999,-34.2795729201215],[-70.8077048,-34.2791770761214],[-70.8079624329999,-34.2795639721214],[-70.8085496219999,-34.2793900801214],[-70.8083722729999,-34.2790188631214],[-70.8081000789999,-34.2790154061214],[-70.8083944449999,-34.2789966261214],[-70.8085801129999,-34.2793805361215],[-70.8090009929999,-34.2792415571214],[-70.8088717439999,-34.2788213871214],[-70.8090581399999,-34.2792319671214],[-70.8102144549999,-34.2788885671215],[-70.8097649869999,-34.2779010991215],[-70.8092310949999,-34.2771501271214],[-70.8084481089999,-34.2774266931215],[-70.8091687489999,-34.2770995611215],[-70.8090218969999,-34.2768411421215],[-70.8082461119999,-34.2771342821215],[-70.8089777679999,-34.2768042841215],[-70.8088338459999,-34.2765457321215],[-70.8080429169999,-34.2768264701215],[-70.808774991,-34.2765008851215],[-70.8086227509999,-34.2762342501215],[-70.8078414759999,-34.2765345911214],[-70.8085896229999,-34.2761937121215],[-70.8084282439999,-34.2759313601215],[-70.8076447539999,-34.2762296591215],[-70.8083852419999,-34.2758963781214],[-70.8082212619999,-34.2756291941214],[-70.8077514459999,-34.2757997831215],[-70.808174016,-34.2756040131215],[-70.8081444919999,-34.2754984111215],[-70.8071302879999,-34.2758127631215]]]}},{"type":"Feature","properties":{"id":"6116061001014","commune":"Requínoa","code":"06116","gse":"C3","quintil":"Q2","nse_score":677.6,"educ":10.0,"educ_score":466.7,"hacin":1.323,"hacin_class":"Hacinamiento Leve","hacin_score":782.4,"auto_score":218.8,"n_per":41,"n_hog":16,"source_year":2024,"crime_score":0.3,"crime_nivel":"Medio","crime_color":"#ff9800"},"geometry":{"type":"Polygon","coordinates":[[[-70.8087971699999,-34.2763649441215],[-70.8092947339999,-34.2771191601215],[-70.8101605229999,-34.2767127851214],[-70.8099800109999,-34.2763891321215],[-70.8096562269999,-34.2764809281215],[-70.8099505839999,-34.2763439411215],[-70.8097211869999,-34.2759186681214],[-70.8087971699999,-34.2763649441215]]]}},{"type":"Feature","properties":{"id":"6116061001015","commune":"Requínoa","code":"06116","gse":"C3","quintil":"Q3","nse_score":700.2,"educ":11.2,"educ_score":546.7,"hacin":1.311,"hacin_class":"Hacinamiento Leve","hacin_score":785.0,"auto_score":290.0,"n_per":135,"n_hog":50,"source_year":2024,"crime_score":0.31,"crime_nivel":"Medio","crime_color":"#ff9800"},"geometry":{"type":"Polygon","coordinates":[[[-70.809332879,-34.2771707141215],[-70.8102869879999,-34.2788569271214],[-70.811218762,-34.2785687721214],[-70.8105303669999,-34.2774114441214],[-70.8097947949999,-34.2777562981215],[-70.809903974,-34.2776860671215],[-70.8096843689999,-34.2773326051214],[-70.8099468299999,-34.2776685721214],[-70.8101875109999,-34.2775205661215],[-70.8099811249999,-34.2771808841215],[-70.8102226689999,-34.2774936281215],[-70.8104921659999,-34.2773521391215],[-70.8101873919999,-34.2767602661215],[-70.809332879,-34.2771707141215]]]}},{"type":"Feature","properties":{"id":"6116061001016","commune":"Requínoa","code":"06116","gse":"C2","quintil":"Q3","nse_score":719.5,"educ":12.6,"educ_score":640.0,"hacin":1.812,"hacin_class":"Hacinamiento Medio","hacin_score":678.2,"auto_score":100.0,"n_per":29,"n_hog":10,"source_year":2024,"crime_score":0.2914,"crime_nivel":"Medio","crime_color":"#ff9800"},"geometry":{"type":"Polygon","coordinates":[[[-70.8102474989999,-34.2794265651214],[-70.8114377779999,-34.2789436401215],[-70.8112766909999,-34.2786412231215],[-70.8100206769999,-34.2789952121214],[-70.8102474989999,-34.2794265651214]]]}},{"type":"Feature","properties":{"id":"6116061001017","commune":"Requínoa","code":"06116","gse":"D","quintil":"Q2","nse_score":660.2,"educ":9.7,"educ_score":446.7,"hacin":1.439,"hacin_class":"Hacinamiento Leve","hacin_score":757.7,"auto_score":312.5,"n_per":59,"n_hog":23,"source_year":2024,"crime_score":0.3056,"crime_nivel":"Medio","crime_color":"#ff9800"},"geometry":{"type":"Polygon","coordinates":[[[-70.8114630219999,-34.2789936051214],[-70.8093205079999,-34.2799131031214],[-70.810163955,-34.2809759921214],[-70.8109838749999,-34.2806223161214],[-70.8107360329999,-34.2802747731214],[-70.8109290309999,-34.2801823831214],[-70.8107752679999,-34.2802910541214],[-70.8108901109999,-34.2804238871214],[-70.8115457409999,-34.2801272891214],[-70.8113319219999,-34.2798279751214],[-70.8115842469999,-34.2801104911214],[-70.811962106,-34.2799270791214],[-70.8114630219999,-34.2789936051214]]]}},{"type":"Feature","properties":{"id":"6116061001018","commune":"Requínoa","code":"06116","gse":"C3","quintil":"Q2","nse_score":679.4,"educ":11.0,"educ_score":533.3,"hacin":1.615,"hacin_class":"Hacinamiento Medio","hacin_score":720.1,"auto_score":285.7,"n_per":42,"n_hog":14,"source_year":2024,"crime_score":0.2999,"crime_nivel":"Medio","crime_color":"#ff9800"},"geometry":{"type":"Polygon","coordinates":[[[-70.8098614159999,-34.2796173851214],[-70.8102219129999,-34.2794541741215],[-70.8099664259999,-34.2790233361215],[-70.809581927,-34.2791309071215],[-70.8098614159999,-34.2796173851214]]]}},{"type":"Feature","properties":{"id":"6116061001019","commune":"Requínoa","code":"06116","gse":"D","quintil":"Q2","nse_score":642.5,"educ":9.8,"educ_score":453.3,"hacin":1.192,"hacin_class":"Hacinamiento Leve","hacin_score":810.1,"auto_score":363.6,"n_per":31,"n_hog":11,"source_year":2024,"crime_score":0.3043,"crime_nivel":"Medio","crime_color":"#ff9800"},"geometry":{"type":"Polygon","coordinates":[[[-70.8094969049999,-34.2797708261214],[-70.8098188589999,-34.2796372371214],[-70.8095460389999,-34.2791441511215],[-70.8092023309999,-34.2792494041214],[-70.8094969049999,-34.2797708261214]]]}},{"type":"Feature","properties":{"id":"6116061001021","commune":"Requínoa","code":"06116","gse":"C3","quintil":"Q3","nse_score":683.8,"educ":10.6,"educ_score":506.7,"hacin":1.379,"hacin_class":"Hacinamiento Leve","hacin_score":770.4,"auto_score":269.4,"n_per":615,"n_hog":209,"source_year":2024,"crime_score":0.337,"crime_nivel":"Medio","crime_color":"#ff9800"},"geometry":{"type":"Polygon","coordinates":[[[-70.8089012639999,-34.2793322991214],[-70.8078229539999,-34.2796818381214],[-70.8082905879999,-34.2801943971214],[-70.8087700959999,-34.2800291641214],[-70.8083276639999,-34.2802245981214],[-70.8091375769999,-34.2813138181214],[-70.8091391829999,-34.2814767981214],[-70.8096820129999,-34.2819195941214],[-70.8102253939999,-34.2829182151214],[-70.8103670349999,-34.2828900361214],[-70.8102821029999,-34.2830224811214],[-70.8106314519999,-34.2836658751214],[-70.8120592809999,-34.2830903621214],[-70.8120878349999,-34.2829774801214],[-70.8121981399999,-34.2830896171214],[-70.8124711819999,-34.2829960771214],[-70.8121893059999,-34.2831622001214],[-70.8125139399999,-34.2837245151214],[-70.8137523759999,-34.2832702911214],[-70.8131027519999,-34.2820554891214],[-70.8127347389999,-34.2822078201214],[-70.8127352529999,-34.2823986991214],[-70.8108516359999,-34.2832178751214],[-70.8108055689999,-34.2831516521214],[-70.812694426,-34.2823539471214],[-70.8126427759999,-34.2821917121214],[-70.8123580769999,-34.2820983411214],[-70.8105535739999,-34.2828838021214],[-70.8105075069999,-34.2828175781214],[-70.8123206849999,-34.2820477171214],[-70.8126662509999,-34.2821321771214],[-70.813057866,-34.2819279341214],[-70.8127823829999,-34.2814623231214],[-70.8104108759999,-34.2824961001214],[-70.8110101589999,-34.2821259361214],[-70.8089012639999,-34.2793322991214]]]}},{"type":"Feature","properties":{"id":"6116061001022","commune":"Requínoa","code":"06116","gse":"C3","quintil":"Q2","nse_score":679.2,"educ":10.5,"educ_score":500.0,"hacin":1.448,"hacin_class":"Hacinamiento Leve","hacin_score":755.7,"auto_score":337.5,"n_per":126,"n_hog":44,"source_year":2024,"crime_score":0.3123,"crime_nivel":"Medio","crime_color":"#ff9800"},"geometry":{"type":"Polygon","coordinates":[[[-70.8116425779999,-34.2807236641214],[-70.8113156119999,-34.2802982141214],[-70.8109748589999,-34.2804502271214],[-70.811548721,-34.2813561411214],[-70.81253799,-34.2809875061214],[-70.812005526,-34.2799964971215],[-70.8113602449999,-34.2802673481214],[-70.8116425779999,-34.2807236641214]]]}},{"type":"Feature","properties":{"id":"6116061001023","commune":"Requínoa","code":"06116","gse":"C3","quintil":"Q3","nse_score":710.8,"educ":11.3,"educ_score":553.3,"hacin":1.402,"hacin_class":"Hacinamiento Leve","hacin_score":765.5,"auto_score":298.9,"n_per":265,"n_hog":89,"source_year":2024,"crime_score":0.3269,"crime_nivel":"Medio","crime_color":"#ff9800"},"geometry":{"type":"Polygon","coordinates":[[[-70.8092756339999,-34.2842390581214],[-70.8098775019999,-34.2854579031214],[-70.8133161559999,-34.2842034951214],[-70.8130191789999,-34.2836594921214],[-70.8138082919999,-34.2833814001214],[-70.8125465609999,-34.2837873971214],[-70.8128329509999,-34.2843391691214],[-70.8127524759999,-34.2843745241214],[-70.8123891929999,-34.2838342781214],[-70.8120326059999,-34.2839774591213],[-70.8122695589999,-34.2843686901214],[-70.8121626969999,-34.2844034801214],[-70.8119201849999,-34.2840071021214],[-70.8115024109999,-34.2841716221214],[-70.8117457279999,-34.2845487831214],[-70.8116373729999,-34.2845968391214],[-70.8114191169999,-34.2842117881214],[-70.8110189009999,-34.2843502561213],[-70.8112891089999,-34.2848608621214],[-70.8112015789999,-34.2848965101214],[-70.8109171559999,-34.2843823921214],[-70.8104656659999,-34.2845478151214],[-70.8106725669999,-34.2849318141214],[-70.8105768109999,-34.2849698741214],[-70.8103771679999,-34.2845811861214],[-70.8099383629999,-34.2847373701214],[-70.8101545789999,-34.2850897901213],[-70.8100483199999,-34.2851421271214],[-70.8093840209999,-34.2839193281214],[-70.8089647759999,-34.2817517311214],[-70.8090761219999,-34.2813332531214],[-70.8084629459999,-34.2806062711214],[-70.8088248209999,-34.2813054121214],[-70.8092756339999,-34.2842390581214]]]}},{"type":"Feature","properties":{"id":"6116061001024","commune":"Requínoa","code":"06116","gse":"D","quintil":"Q2","nse_score":640.3,"educ":9.6,"educ_score":440.0,"hacin":1.4,"hacin_class":"Hacinamiento Leve","hacin_score":766.0,"auto_score":241.4,"n_per":175,"n_hog":57,"source_year":2024,"crime_score":0.3263,"crime_nivel":"Medio","crime_color":"#ff9800"},"geometry":{"type":"Polygon","coordinates":[[[-70.8108842569999,-34.2810725571214],[-70.8106541289999,-34.2808267331214],[-70.8102032419999,-34.2810300541214],[-70.8110802759999,-34.2821182281214],[-70.8127692509999,-34.2814122951214],[-70.812551562,-34.2810327511214],[-70.8115397679999,-34.2813945051214],[-70.8113479179999,-34.2811557801214],[-70.8110595039999,-34.2812918711214],[-70.8111449429999,-34.2815072821214],[-70.8110078949999,-34.2813115691214],[-70.8108047559999,-34.2813972561214],[-70.8113361199999,-34.2811223211214],[-70.8110450229999,-34.2806523391214],[-70.8107024999999,-34.2808029351214],[-70.8108842569999,-34.2810725571214]]]}},{"type":"Feature","properties":{"id":"6116061001025","commune":"Requínoa","code":"06116","gse":"D","quintil":"Q2","nse_score":645.2,"educ":11.0,"educ_score":533.3,"hacin":1.857,"hacin_class":"Hacinamiento Medio","hacin_score":668.7,"auto_score":156.2,"n_per":52,"n_hog":15,"source_year":2024,"crime_score":0.307,"crime_nivel":"Medio","crime_color":"#ff9800"},"geometry":{"type":"Polygon","coordinates":[[[-70.8091388579999,-34.2823168411214],[-70.8097141999999,-34.2821052711214],[-70.8095182959999,-34.2818095231214],[-70.8091015439999,-34.2815413671214],[-70.8090241179999,-34.2816219111214],[-70.8091388579999,-34.2823168411214]]]}},{"type":"Feature","properties":{"id":"6116061001026","commune":"Requínoa","code":"06116","gse":"C3","quintil":"Q3","nse_score":687.6,"educ":11.5,"educ_score":566.7,"hacin":1.583,"hacin_class":"Hacinamiento Medio","hacin_score":727.0,"auto_score":107.1,"n_per":38,"n_hog":12,"source_year":2024,"crime_score":0.298,"crime_nivel":"Medio","crime_color":"#ff9800"},"geometry":{"type":"Polygon","coordinates":[[[-70.8092672589999,-34.2827989011214],[-70.8099418929999,-34.2825479781214],[-70.8097608509999,-34.2821849101214],[-70.8091705489999,-34.2823793561214],[-70.8092672589999,-34.2827989011214]]]}},{"type":"Feature","properties":{"id":"6116061001028","commune":"Requínoa","code":"06116","gse":"C3","quintil":"Q2","nse_score":675.0,"educ":11.9,"educ_score":593.3,"hacin":1.5,"hacin_class":"Hacinamiento Medio","hacin_score":744.7,"auto_score":142.9,"n_per":21,"n_hog":6,"source_year":2024,"crime_score":0.2975,"crime_nivel":"Medio","crime_color":"#ff9800"},"geometry":{"type":"Polygon","coordinates":[[[-70.8093516619999,-34.2832645861214],[-70.8097628189999,-34.2831181701214],[-70.8095659889999,-34.2827584501214],[-70.8092790629999,-34.2828936781214],[-70.8093516619999,-34.2832645861214]]]}},{"type":"Feature","properties":{"id":"6116061001029","commune":"Requínoa","code":"06116","gse":"D","quintil":"Q2","nse_score":657.8,"educ":11.3,"educ_score":553.3,"hacin":1.357,"hacin_class":"Hacinamiento Leve","hacin_score":775.1,"auto_score":160.0,"n_per":57,"n_hog":19,"source_year":2024,"crime_score":0.3057,"crime_nivel":"Medio","crime_color":"#ff9800"},"geometry":{"type":"Polygon","coordinates":[[[-70.809432721,-34.2837610451214],[-70.8104178739999,-34.2834359831214],[-70.8102232649999,-34.2830351111214],[-70.8093787099999,-34.2833357571214],[-70.809432721,-34.2837610451214]]]}},{"type":"Feature","properties":{"id":"6116061001030","commune":"Requínoa","code":"06116","gse":"C3","quintil":"Q3","nse_score":689.4,"educ":10.6,"educ_score":506.7,"hacin":1.448,"hacin_class":"Hacinamiento Leve","hacin_score":755.7,"auto_score":66.7,"n_per":42,"n_hog":14,"source_year":2024,"crime_score":0.2982,"crime_nivel":"Medio","crime_color":"#ff9800"},"geometry":{"type":"Polygon","coordinates":[[[-70.8112101629999,-34.2837955641214],[-70.8122433919999,-34.2834275791214],[-70.8121125859999,-34.2831411141214],[-70.8111107699999,-34.2835377161214],[-70.8112101629999,-34.2837955641214]]]}},{"type":"Feature","properties":{"id":"6116061001031","commune":"Requínoa","code":"06116","gse":"C2","quintil":"Q3","nse_score":722.1,"educ":10.9,"educ_score":526.7,"hacin":1.426,"hacin_class":"Hacinamiento Leve","hacin_score":760.4,"auto_score":208.3,"n_per":87,"n_hog":25,"source_year":2024,"crime_score":0.2993,"crime_nivel":"Medio","crime_color":"#ff9800"},"geometry":{"type":"Polygon","coordinates":[[[-70.8113870029999,-34.2841189341214],[-70.8123941489999,-34.2837753011214],[-70.8124242579999,-34.2837255121214],[-70.8122610309999,-34.2834780861214],[-70.8112613309999,-34.2838411071214],[-70.8113870029999,-34.2841189341214]]]}},{"type":"Feature","properties":{"id":"6116061001032","commune":"Requínoa","code":"06116","gse":"D","quintil":"Q2","nse_score":656.9,"educ":9.7,"educ_score":446.7,"hacin":1.537,"hacin_class":"Hacinamiento Medio","hacin_score":736.8,"auto_score":214.3,"n_per":83,"n_hog":27,"source_year":2024,"crime_score":0.3097,"crime_nivel":"Medio","crime_color":"#ff9800"},"geometry":{"type":"Polygon","coordinates":[[[-70.8096518259999,-34.2842551501214],[-70.8106461279999,-34.2838811881214],[-70.8104758169999,-34.2834994561214],[-70.8094635619999,-34.2838321601213],[-70.8096518259999,-34.2842551501214]]]}},{"type":"Feature","properties":{"id":"6116061001034","commune":"Requínoa","code":"06116","gse":"C3","quintil":"Q2","nse_score":681.4,"educ":10.6,"educ_score":506.7,"hacin":1.585,"hacin_class":"Hacinamiento Medio","hacin_score":726.6,"auto_score":267.9,"n_per":84,"n_hog":27,"source_year":2024,"crime_score":0.3057,"crime_nivel":"Medio","crime_color":"#ff9800"},"geometry":{"type":"Polygon","coordinates":[[[-70.8098827449999,-34.2846869531214],[-70.8108950579999,-34.2843223131214],[-70.8107111879999,-34.2839363101214],[-70.8097007169999,-34.2843048131214],[-70.8098827449999,-34.2846869531214]]]}},{"type":"Feature","properties":{"id":"6116061002001","commune":"Requínoa","code":"06116","gse":"E","quintil":"Q1","nse_score":593.1,"educ":8.7,"educ_score":380.0,"hacin":1.222,"hacin_class":"Hacinamiento Leve","hacin_score":803.8,"auto_score":200.0,"n_per":11,"n_hog":5,"source_year":2024,"crime_score":0.3093,"crime_nivel":"Medio","crime_color":"#ff9800"},"geometry":{"type":"Polygon","coordinates":[[[-70.8193788089999,-34.3006651131212],[-70.818927932,-34.2994892121212],[-70.8158938719999,-34.3004508541212],[-70.8163174699999,-34.3014740141212],[-70.8193788089999,-34.3006651131212]]]}},{"type":"Feature","properties":{"id":"6116061002002","commune":"Requínoa","code":"06116","gse":"C3","quintil":"Q3","nse_score":709.1,"educ":11.3,"educ_score":553.3,"hacin":1.172,"hacin_class":"Hacinamiento Leve","hacin_score":814.5,"auto_score":320.8,"n_per":150,"n_hog":53,"source_year":2024,"crime_score":0.3106,"crime_nivel":"Medio","crime_color":"#ff9800"},"geometry":{"type":"Polygon","coordinates":[[[-70.81135316,-34.3022507661211],[-70.8115184989999,-34.3026697721212],[-70.8162552779999,-34.3014900321212],[-70.8158329209999,-34.3004699751212],[-70.8099006249999,-34.3023197081211],[-70.8083518689999,-34.3029137111211],[-70.8085765839999,-34.3033901131211],[-70.811456071,-34.3026851051212],[-70.81135316,-34.3022507661211]]]}},{"type":"Feature","properties":{"id":"6116061002003","commune":"Requínoa","code":"06116","gse":"C3","quintil":"Q3","nse_score":688.5,"educ":10.9,"educ_score":526.7,"hacin":1.41,"hacin_class":"Hacinamiento Leve","hacin_score":763.8,"auto_score":391.9,"n_per":110,"n_hog":37,"source_year":2024,"crime_score":0.3083,"crime_nivel":"Medio","crime_color":"#ff9800"},"geometry":{"type":"Polygon","coordinates":[[[-70.8090272909999,-34.3044882591211],[-70.8109826049999,-34.3039918711211],[-70.8154262029999,-34.3028636511212],[-70.8146237469999,-34.3019591071212],[-70.8086000049999,-34.3034406881212],[-70.8090272909999,-34.3044882591211]]]}},{"type":"Feature","properties":{"id":"6116061002005","commune":"Requínoa","code":"06116","gse":"C3","quintil":"Q3","nse_score":684.2,"educ":10.8,"educ_score":520.0,"hacin":1.393,"hacin_class":"Hacinamiento Leve","hacin_score":767.4,"auto_score":148.6,"n_per":124,"n_hog":41,"source_year":2024,"crime_score":0.3111,"crime_nivel":"Medio","crime_color":"#ff9800"},"geometry":{"type":"Polygon","coordinates":[[[-70.8067042439999,-34.3042927311211],[-70.8069634819999,-34.3040572291212],[-70.8073016589999,-34.3039447991212],[-70.8072712649999,-34.3033284041212],[-70.8064851169999,-34.3035534751212],[-70.8065595909999,-34.3037558731211],[-70.806464591,-34.3035593511212],[-70.8038692149999,-34.3043211851211],[-70.8039328119999,-34.3045728381212],[-70.8038487539999,-34.3043271851211],[-70.8024665119999,-34.3047324681211],[-70.802245222,-34.3049285511211],[-70.8024294119999,-34.3054447121211],[-70.8030041599999,-34.3052990901211],[-70.8024355769999,-34.3054619901211],[-70.8046707659999,-34.311296317121],[-70.8047882499999,-34.311262604121],[-70.8026321489999,-34.3057056531211],[-70.8087899089999,-34.3040278751211],[-70.8083377319999,-34.3030319161211],[-70.8073409179999,-34.3033088381212],[-70.8073590919999,-34.3039739331212],[-70.8067042439999,-34.3042927311211]]]}},{"type":"Feature","properties":{"id":"6116061002008","commune":"Requínoa","code":"06116","gse":"C3","quintil":"Q2","nse_score":669.7,"educ":10.6,"educ_score":506.7,"hacin":1.427,"hacin_class":"Hacinamiento Leve","hacin_score":760.3,"auto_score":345.6,"n_per":458,"n_hog":152,"source_year":2024,"crime_score":0.3396,"crime_nivel":"Medio","crime_color":"#ff9800"},"geometry":{"type":"Polygon","coordinates":[[[-70.7997809209999,-34.3054120761211],[-70.802510046,-34.3119214351211],[-70.8046094169999,-34.3113143961211],[-70.8042875329999,-34.3104938161211],[-70.8028712139999,-34.310872525121],[-70.8026403669999,-34.3113037461211],[-70.8028546299999,-34.3108411211211],[-70.8027207649999,-34.310460909121],[-70.8025288159999,-34.3104887391211],[-70.8027342579999,-34.3104444401211],[-70.8028703379999,-34.3108161511211],[-70.8029963819999,-34.3108166051211],[-70.8042682799999,-34.3104421741211],[-70.8038098899999,-34.3092246171211],[-70.8023658579999,-34.3096840191211],[-70.8020560679999,-34.3094210091211],[-70.8023380809999,-34.3096351121211],[-70.8037902789999,-34.3091729861211],[-70.8033379999999,-34.3079941731211],[-70.8025473049999,-34.3082652321211],[-70.8026632699999,-34.3085221611211],[-70.8025272429999,-34.3082721091211],[-70.8017842329999,-34.3084805031211],[-70.8028371529999,-34.3081074291211],[-70.8027467669999,-34.3078686631211],[-70.8028572419999,-34.3081005421211],[-70.8033181849999,-34.3079425271211],[-70.8028665059999,-34.3067878831211],[-70.8016595859999,-34.3071508021211],[-70.8017132489999,-34.3073279081211],[-70.8016386859999,-34.3071557781211],[-70.8013876799999,-34.3072121661211],[-70.8008116929999,-34.3070181281211],[-70.8013941649999,-34.3071578081211],[-70.8028468949999,-34.3067363291211],[-70.8024099199999,-34.3055803101211],[-70.8019573909999,-34.3057175671211],[-70.8021112509999,-34.3061615071211],[-70.8019370029999,-34.3057237501211],[-70.8008640629999,-34.3059950841211],[-70.8023914019999,-34.3055284201211],[-70.8021816909999,-34.3049407261211],[-70.7999986499999,-34.3055655991211],[-70.8021755179999,-34.3049234381211],[-70.8021025729999,-34.3047190221211],[-70.7997809209999,-34.3054120761211]]]}},{"type":"Feature","properties":{"id":"6116061002009","commune":"Requínoa","code":"06116","gse":"C3","quintil":"Q2","nse_score":682.0,"educ":10.4,"educ_score":493.3,"hacin":1.449,"hacin_class":"Hacinamiento Leve","hacin_score":755.6,"auto_score":200.0,"n_per":155,"n_hog":52,"source_year":2024,"crime_score":0.316,"crime_nivel":"Medio","crime_color":"#ff9800"},"geometry":{"type":"Polygon","coordinates":[[[-70.8041914989999,-34.311498177121],[-70.8048400029999,-34.312758235121],[-70.8055420759999,-34.3125364901211],[-70.8048485249999,-34.312774793121],[-70.8053677389999,-34.313783612121],[-70.8055373429999,-34.313894777121],[-70.805941291,-34.313712814121],[-70.8055622909999,-34.313917099121],[-70.8056574919999,-34.313950505121],[-70.8064182109999,-34.313887788121],[-70.8056553079999,-34.313983461121],[-70.8055307449999,-34.313941268121],[-70.8054122609999,-34.314023603121],[-70.8055309,-34.314330676121],[-70.8041302479999,-34.3115166871211],[-70.8035186389999,-34.3116919181211],[-70.8047137529999,-34.314780881121],[-70.8067959989999,-34.314036060121],[-70.8048143029999,-34.3113121451211],[-70.8041914989999,-34.311498177121]]]}},{"type":"Feature","properties":{"id":"6116013080002","commune":"Requínoa","code":"06116","gse":"C3","quintil":"Q2","nse_score":661.1,"educ":10.1,"educ_score":473.3,"hacin":1.454,"hacin_class":"Hacinamiento Leve","hacin_score":754.4,"auto_score":250.0,"n_per":64,"n_hog":22,"source_year":2024,"crime_score":0.3062,"crime_nivel":"Medio","crime_color":"#ff9800"},"geometry":{"type":"Polygon","coordinates":[[[-70.8035258969999,-34.2605224101217],[-70.8060491769999,-34.2652786291216],[-70.8083876519999,-34.2644461681216],[-70.8067344109999,-34.2615532051216],[-70.8065383229999,-34.2615923951216],[-70.8061575349999,-34.2609043441216],[-70.8056346159999,-34.2610810331216],[-70.8057175459999,-34.2614271291216],[-70.805593541,-34.2610557681217],[-70.8061378889999,-34.2608687601217],[-70.8056382349999,-34.2599546471216],[-70.8035258969999,-34.2605224101217]]]}},{"type":"Feature","properties":{"id":"6116013080003","commune":"Requínoa","code":"06116","gse":"D","quintil":"Q2","nse_score":645.7,"educ":10.0,"educ_score":466.7,"hacin":1.408,"hacin_class":"Hacinamiento Leve","hacin_score":764.3,"auto_score":223.0,"n_per":214,"n_hog":75,"source_year":2024,"crime_score":0.3312,"crime_nivel":"Medio","crime_color":"#ff9800"},"geometry":{"type":"Polygon","coordinates":[[[-70.8024733199999,-34.2614590641217],[-70.8027084699999,-34.2618985151216],[-70.8035146829999,-34.2616463731217],[-70.8027348859999,-34.2619478811216],[-70.804759611,-34.2657191531216],[-70.8059894289999,-34.2652999981216],[-70.8046023649999,-34.2626689261216],[-70.8038605619999,-34.2629526821216],[-70.8045760289999,-34.2626195301216],[-70.8041717819999,-34.2618486001217],[-70.8038594679999,-34.2619682101217],[-70.8038922069999,-34.2621974871216],[-70.8034092889999,-34.2623062941216],[-70.8038445519999,-34.2621563761216],[-70.8038029939999,-34.2619351191216],[-70.8041453179999,-34.2617992551216],[-70.8037097709999,-34.2610054311217],[-70.8024733199999,-34.2614590641217]]]}},{"type":"Feature","properties":{"id":"6116023053001","commune":"Requínoa","code":"06116","gse":"D","quintil":"Q1","nse_score":625.0,"educ":12.1,"educ_score":606.7,"hacin":1.273,"hacin_class":"Hacinamiento Leve","hacin_score":793.0,"auto_score":277.8,"n_per":28,"n_hog":9,"source_year":2024,"crime_score":0.3067,"crime_nivel":"Medio","crime_color":"#ff9800"},"geometry":{"type":"Polygon","coordinates":[[[-70.8771424349999,-34.2488528231218],[-70.8763757009999,-34.2496806411218],[-70.8772600009999,-34.2502386161218],[-70.8799409799999,-34.2513112371218],[-70.8801517399999,-34.2508905401218],[-70.8799922269999,-34.2507200641218],[-70.8799908389999,-34.2504923091218],[-70.8801739699999,-34.2508901211218],[-70.8799606389999,-34.2513188381217],[-70.8801625589999,-34.2513969141218],[-70.8803023009999,-34.2512306051217],[-70.8801825069999,-34.2514046281218],[-70.8806895499999,-34.2514946151218],[-70.8808574719999,-34.2504570821218],[-70.8778989939999,-34.2493339611218],[-70.8771424349999,-34.2488528231218]]]}},{"type":"Feature","properties":{"id":"6116023053003","commune":"Requínoa","code":"06116","gse":"D","quintil":"Q1","nse_score":630.1,"educ":10.5,"educ_score":500.0,"hacin":1.081,"hacin_class":"Hacinamiento Leve","hacin_score":833.8,"auto_score":266.7,"n_per":40,"n_hog":17,"source_year":2024,"crime_score":0.3077,"crime_nivel":"Medio","crime_color":"#ff9800"},"geometry":{"type":"Polygon","coordinates":[[[-70.8754591539999,-34.2506053981218],[-70.8767197829999,-34.2511038291218],[-70.877122186,-34.2504076951218],[-70.8760883969999,-34.2499832021218],[-70.8755811419999,-34.2503908701218],[-70.8754591539999,-34.2506053981218]]]}},{"type":"Feature","properties":{"id":"6116023053004","commune":"Requínoa","code":"06116","gse":"C3","quintil":"Q3","nse_score":686.8,"educ":9.8,"educ_score":453.3,"hacin":1.14,"hacin_class":"Hacinamiento Leve","hacin_score":821.2,"auto_score":113.6,"n_per":65,"n_hog":22,"source_year":2024,"crime_score":0.302,"crime_nivel":"Medio","crime_color":"#ff9800"},"geometry":{"type":"Polygon","coordinates":[[[-70.8767784099999,-34.2511272301218],[-70.8780684569999,-34.2516764941217],[-70.8785334219999,-34.2514001541218],[-70.8788525889999,-34.2514546601218],[-70.8791137249999,-34.2516724201218],[-70.8800070809999,-34.2514162431218],[-70.8772486559999,-34.2503137291217],[-70.8767784099999,-34.2511272301218]]]}},{"type":"Feature","properties":{"id":"6116023053005","commune":"Requínoa","code":"06116","gse":"C3","quintil":"Q3","nse_score":691.4,"educ":10.9,"educ_score":526.7,"hacin":1.385,"hacin_class":"Hacinamiento Leve","hacin_score":769.2,"auto_score":100.0,"n_per":36,"n_hog":10,"source_year":2024,"crime_score":0.297,"crime_nivel":"Medio","crime_color":"#ff9800"},"geometry":{"type":"Polygon","coordinates":[[[-70.8743708759999,-34.2507947571218],[-70.8745950919999,-34.2511515461218],[-70.8749970619999,-34.2513301691217],[-70.875519676,-34.2503724581218],[-70.874624089,-34.2503243271218],[-70.8743708759999,-34.2507947571218]]]}},{"type":"Feature","properties":{"id":"6116023053006","commune":"Requínoa","code":"06116","gse":"D","quintil":"Q1","nse_score":633.3,"educ":10.7,"educ_score":513.3,"hacin":1.515,"hacin_class":"Hacinamiento Medio","hacin_score":741.5,"auto_score":111.1,"n_per":50,"n_hog":17,"source_year":2024,"crime_score":0.3087,"crime_nivel":"Medio","crime_color":"#ff9800"},"geometry":{"type":"Polygon","coordinates":[[[-70.8750568919999,-34.2513513691218],[-70.8763007059999,-34.2518314371218],[-70.8766916769999,-34.2511525411218],[-70.8754319989999,-34.2506544871218],[-70.8750568919999,-34.2513513691218]]]}},{"type":"Feature","properties":{"id":"6116023053007","commune":"Requínoa","code":"06116","gse":"C3","quintil":"Q2","nse_score":668.9,"educ":10.8,"educ_score":520.0,"hacin":1.368,"hacin_class":"Hacinamiento Leve","hacin_score":772.8,"auto_score":322.6,"n_per":93,"n_hog":31,"source_year":2024,"crime_score":0.3092,"crime_nivel":"Medio","crime_color":"#ff9800"},"geometry":{"type":"Polygon","coordinates":[[[-70.8743582849999,-34.2509811081218],[-70.8741075739999,-34.2513639751218],[-70.8741075709999,-34.2517677681218],[-70.8742757759999,-34.2520403831218],[-70.8733661809999,-34.2537976011217],[-70.8765147729999,-34.2549881951217],[-70.8766339949999,-34.2543826021218],[-70.8770300999999,-34.2536825001218],[-70.8765490589999,-34.2535101721218],[-70.8759887389999,-34.2544502581218],[-70.8764895909999,-34.2534881831218],[-70.8756250199999,-34.2531591681218],[-70.8751124819999,-34.2540298161218],[-70.8737637709999,-34.2535100401217],[-70.8737389639999,-34.2536961791217],[-70.8736509439999,-34.2538916491218],[-70.8737489729999,-34.2534894621218],[-70.8741929489999,-34.2536369881217],[-70.8750509089999,-34.2520627221218],[-70.8748342399999,-34.2516193371218],[-70.8749467159999,-34.2513718711218],[-70.8743582849999,-34.2509811081218]]]}},{"type":"Feature","properties":{"id":"6116023053008","commune":"Requínoa","code":"06116","gse":"D","quintil":"Q1","nse_score":620.0,"educ":10.5,"educ_score":500.0,"hacin":1.357,"hacin_class":"Hacinamiento Leve","hacin_score":775.1,"auto_score":62.5,"n_per":19,"n_hog":7,"source_year":2024,"crime_score":0.3062,"crime_nivel":"Medio","crime_color":"#ff9800"},"geometry":{"type":"Polygon","coordinates":[[[-70.8763597469999,-34.2518541221218],[-70.8772312679999,-34.2521875191218],[-70.8774276849999,-34.2517455001217],[-70.8770846979999,-34.2515687881218],[-70.8771742179999,-34.2513467591218],[-70.8767503039999,-34.2511759431218],[-70.8763597469999,-34.2518541221218]]]}},{"type":"Feature","properties":{"id":"6116023053010","commune":"Requínoa","code":"06116","gse":"D","quintil":"Q1","nse_score":616.8,"educ":10.3,"educ_score":486.7,"hacin":1.677,"hacin_class":"Hacinamiento Medio","hacin_score":707.1,"auto_score":75.0,"n_per":57,"n_hog":18,"source_year":2024,"crime_score":0.3125,"crime_nivel":"Medio","crime_color":"#ff9800"},"geometry":{"type":"Polygon","coordinates":[[[-70.8752924359999,-34.2525822501217],[-70.8751185739999,-34.2520416541217],[-70.8745723839999,-34.2530990121218],[-70.8754091599999,-34.2534032781218],[-70.8762729179999,-34.2518802741217],[-70.8750177489999,-34.2513958251217],[-70.8748989969999,-34.2516092141218],[-70.8752935779999,-34.2521764391218],[-70.8752924359999,-34.2525822501217]]]}},{"type":"Feature","properties":{"id":"6116023053011","commune":"Requínoa","code":"06116","gse":"E","quintil":"Q1","nse_score":602.9,"educ":10.1,"educ_score":473.3,"hacin":1.368,"hacin_class":"Hacinamiento Leve","hacin_score":772.7,"auto_score":363.6,"n_per":26,"n_hog":10,"source_year":2024,"crime_score":0.31,"crime_nivel":"Medio","crime_color":"#ff9800"},"geometry":{"type":"Polygon","coordinates":[[[-70.8800660509999,-34.2514390451218],[-70.8791134679999,-34.2517275431218],[-70.8786829929999,-34.2514454531218],[-70.8781824069999,-34.2515921551218],[-70.8771084429999,-34.2536728691218],[-70.877567386,-34.2537765571217],[-70.8777359329999,-34.2536727911217],[-70.8784342469999,-34.2535460281217],[-70.8786679179999,-34.2533429131217],[-70.8784455499999,-34.2535616571217],[-70.8775752299999,-34.2537942281218],[-70.8770990869999,-34.2536891141217],[-70.876956403,-34.2539208261217],[-70.8784319019999,-34.2544493951217],[-70.8795336779999,-34.2523851581217],[-70.880432444,-34.2525903971218],[-70.8804417149999,-34.2516007161218],[-70.8803243919999,-34.2519647531218],[-70.8802149099999,-34.2519370921218],[-70.8803307539999,-34.2519166211218],[-70.8804174069999,-34.2515215011218],[-70.8800660509999,-34.2514390451218]]]}},{"type":"Feature","properties":{"id":"6116023053012","commune":"Requínoa","code":"06116","gse":"C3","quintil":"Q2","nse_score":677.6,"educ":10.4,"educ_score":493.3,"hacin":1.393,"hacin_class":"Hacinamiento Leve","hacin_score":767.5,"auto_score":250.0,"n_per":39,"n_hog":12,"source_year":2024,"crime_score":0.2998,"crime_nivel":"Medio","crime_color":"#ff9800"},"geometry":{"type":"Polygon","coordinates":[[[-70.8765775499999,-34.2534615561217],[-70.877058196,-34.2536337401217],[-70.8778760699999,-34.2521036961218],[-70.8774713289999,-34.2518093571218],[-70.8765775499999,-34.2534615561217]]]}},{"type":"Feature","properties":{"id":"6116023053013","commune":"Requínoa","code":"06116","gse":"D","quintil":"Q2","nse_score":639.6,"educ":10.1,"educ_score":473.3,"hacin":1.364,"hacin_class":"Hacinamiento Leve","hacin_score":773.7,"auto_score":113.6,"n_per":60,"n_hog":21,"source_year":2024,"crime_score":0.3092,"crime_nivel":"Medio","crime_color":"#ff9800"},"geometry":{"type":"Polygon","coordinates":[[[-70.875653042,-34.2531104141217],[-70.8765180799999,-34.2534396051217],[-70.8772060349999,-34.2522373381218],[-70.8763319519999,-34.2519029601218],[-70.875653042,-34.2531104141217]]]}},{"type":"Feature","properties":{"id":"6116023053014","commune":"Requínoa","code":"06116","gse":"C3","quintil":"Q2","nse_score":673.6,"educ":11.7,"educ_score":580.0,"hacin":1.562,"hacin_class":"Hacinamiento Medio","hacin_score":731.4,"auto_score":222.2,"n_per":25,"n_hog":9,"source_year":2024,"crime_score":0.2983,"crime_nivel":"Medio","crime_color":"#ff9800"},"geometry":{"type":"Polygon","coordinates":[[[-70.8742617329999,-34.2536427221217],[-70.8750821049999,-34.2539698491217],[-70.875380833,-34.2534519461217],[-70.8745459059999,-34.2531483471217],[-70.8742617329999,-34.2536427221217]]]}},{"type":"Feature","properties":{"id":"6116033058001","commune":"Requínoa","code":"06116","gse":"D","quintil":"Q1","nse_score":634.3,"educ":10.1,"educ_score":473.3,"hacin":1.407,"hacin_class":"Hacinamiento Leve","hacin_score":764.5,"auto_score":156.0,"n_per":294,"n_hog":109,"source_year":2024,"crime_score":0.3453,"crime_nivel":"Medio","crime_color":"#ff9800"},"geometry":{"type":"Polygon","coordinates":[[[-70.7935514629999,-34.2466779791218],[-70.7940218139999,-34.2476280031218],[-70.7945322839999,-34.2475043341218],[-70.7940471499999,-34.2476777501218],[-70.7944590149999,-34.2484851311218],[-70.7951895869999,-34.2482582421218],[-70.7944844519999,-34.2485349811218],[-70.7953607269999,-34.2502883651218],[-70.7959292959999,-34.2500778321218],[-70.7953856619999,-34.2503386251218],[-70.7957211719999,-34.2510124761218],[-70.7963562279999,-34.2507877581218],[-70.7957354319999,-34.2510407681218],[-70.7959507549999,-34.2514679651218],[-70.7962203819999,-34.2513988781218],[-70.7959591279999,-34.2514845761218],[-70.7960994129999,-34.2517629001218],[-70.7966352189999,-34.2516431381218],[-70.7961245369999,-34.2518127451218],[-70.7966768059999,-34.2528903981217],[-70.7971001409999,-34.2527603681217],[-70.7972525999999,-34.2527510861218],[-70.7966853629999,-34.2529069471217],[-70.7970296439999,-34.2535678671218],[-70.797517405,-34.2534086851218],[-70.7970504349999,-34.2536075591217],[-70.7975560219999,-34.2546121211217],[-70.7985806539999,-34.2542972541217],[-70.7962278219999,-34.2496909991218],[-70.794389426,-34.2464060701218],[-70.7935514629999,-34.2466779791218]]]}},{"type":"Feature","properties":{"id":"6116033058003","commune":"Requínoa","code":"06116","gse":"C3","quintil":"Q3","nse_score":687.6,"educ":11.8,"educ_score":586.7,"hacin":1.457,"hacin_class":"Hacinamiento Leve","hacin_score":753.9,"auto_score":142.9,"n_per":169,"n_hog":56,"source_year":2024,"crime_score":0.3171,"crime_nivel":"Medio","crime_color":"#ff9800"},"geometry":{"type":"Polygon","coordinates":[[[-70.7932861379999,-34.2466557191218],[-70.7931519719999,-34.2468950331218],[-70.7924832659999,-34.2470722991218],[-70.7923470419999,-34.2472249071218],[-70.789926567,-34.2482291801218],[-70.7898418419999,-34.2485951881218],[-70.7910695319999,-34.2514357591218],[-70.7893625579999,-34.2520346451217],[-70.7897577639999,-34.2529395511218],[-70.7942337139999,-34.2513307501218],[-70.7934473589999,-34.2496195521218],[-70.7913939769999,-34.2503261441218],[-70.7914516809999,-34.2505776201218],[-70.7909066589999,-34.2507655881218],[-70.791404773,-34.2505504101218],[-70.7909075829999,-34.2493949331218],[-70.7915568839999,-34.2491539931218],[-70.791364428,-34.2486909841218],[-70.7916148139999,-34.2491768371218],[-70.7909665859999,-34.2494085891218],[-70.7913794969999,-34.2502812831218],[-70.7933672859999,-34.2495874431218],[-70.7928937059999,-34.2484217611218],[-70.7918602739999,-34.2487190401218],[-70.7929139909999,-34.2483693991218],[-70.7942936989999,-34.2513095921218],[-70.7945930489999,-34.2512040061218],[-70.7943279489999,-34.2506209651218],[-70.7946529629999,-34.2511828741218],[-70.7955722099999,-34.2508564421218],[-70.7945278279999,-34.2487600561218],[-70.7934915259999,-34.2490714211218],[-70.7945195169999,-34.2487434181218],[-70.7934810349999,-34.2466769661218],[-70.7932861379999,-34.2466557191218]]]}},{"type":"Feature","properties":{"id":"6116033058004","commune":"Requínoa","code":"06116","gse":"C2","quintil":"Q3","nse_score":717.6,"educ":12.1,"educ_score":606.7,"hacin":1.345,"hacin_class":"Hacinamiento Leve","hacin_score":777.6,"auto_score":322.0,"n_per":409,"n_hog":133,"source_year":2024,"crime_score":0.3307,"crime_nivel":"Medio","crime_color":"#ff9800"},"geometry":{"type":"Polygon","coordinates":[[[-70.7934671249999,-34.2516627491218],[-70.794891892,-34.2544725321218],[-70.7956021449999,-34.2543070821218],[-70.7948387869999,-34.2545044861217],[-70.7934079709999,-34.2516852651218],[-70.7918441239999,-34.2522475531218],[-70.7931851479999,-34.2549190961217],[-70.7917837879999,-34.2522677301217],[-70.790644718,-34.2526686301218],[-70.7907448969999,-34.2528527161218],[-70.7906250739999,-34.2526762611217],[-70.7904144769999,-34.2527595231218],[-70.7908029799999,-34.2534597491218],[-70.7910996049999,-34.2533628531218],[-70.790812232,-34.2534761121217],[-70.7911916649999,-34.2541795941217],[-70.7915464029999,-34.2540585071218],[-70.7912004069999,-34.2541960791217],[-70.7918120769999,-34.2553725481217],[-70.7905941159999,-34.2558060511217],[-70.7917368749999,-34.2553614981217],[-70.7914296369999,-34.2547675061217],[-70.7911812329999,-34.2548594171217],[-70.7910213889999,-34.2548736621218],[-70.7914210799999,-34.2547509621217],[-70.7913054609999,-34.2545282061217],[-70.7902508079999,-34.2549061941217],[-70.7912967229999,-34.2545117281217],[-70.7909178939999,-34.2537973641217],[-70.7906535339999,-34.2538576061217],[-70.7905089039999,-34.2536998871217],[-70.7893322709999,-34.2541005481217],[-70.7895596539999,-34.2539636681217],[-70.7891766449999,-34.2531999341218],[-70.7878537269999,-34.2536734471217],[-70.7880483459999,-34.2540136521217],[-70.787948163,-34.2542045071217],[-70.7880699809999,-34.2550754421218],[-70.7879765789999,-34.2554493481217],[-70.7889301609999,-34.2558241521217],[-70.7888906339999,-34.2556217081217],[-70.789036398,-34.2558258291217],[-70.7889174909999,-34.2558782041217],[-70.7879445649999,-34.2554963911217],[-70.7879120569999,-34.2559371401217],[-70.7880815929999,-34.2562940591217],[-70.7883254879999,-34.2574629691217],[-70.7900922379999,-34.2567996941217],[-70.7882897959999,-34.2575611221217],[-70.7880369779999,-34.2563148791217],[-70.7878733899999,-34.2559609341217],[-70.7880048119999,-34.2550750331218],[-70.7878827859999,-34.2542071651218],[-70.7879800809999,-34.2539973161217],[-70.7877940349999,-34.2536949291218],[-70.7876272239999,-34.2537518491218],[-70.7879509659999,-34.2547010791217],[-70.7878143979999,-34.2557976871217],[-70.7880933759999,-34.2568513881217],[-70.7879917139999,-34.2571625481217],[-70.7877030339999,-34.2574243621217],[-70.7875674909999,-34.2579641011217],[-70.7900721239999,-34.2568718971217],[-70.7974515409999,-34.2545409841218],[-70.7966333639999,-34.2529432861218],[-70.7958324909999,-34.2531999021218],[-70.7960915449999,-34.2537134941218],[-70.7958122289999,-34.2532063941218],[-70.7953758479999,-34.2533462201217],[-70.7956015859999,-34.2539831661218],[-70.7953093749999,-34.2533270441218],[-70.7956516799999,-34.2531406871217],[-70.7950136709999,-34.2529793981217],[-70.7955690149999,-34.2530727541218],[-70.7956682299999,-34.2531284871217],[-70.7956977989999,-34.2531851671217],[-70.7966076859999,-34.2528936201218],[-70.7955971579999,-34.2509063261218],[-70.7934671249999,-34.2516627491218]]]}},{"type":"Feature","properties":{"id":"6116033058005","commune":"Requínoa","code":"06116","gse":"D","quintil":"Q1","nse_score":612.3,"educ":8.3,"educ_score":353.3,"hacin":1.182,"hacin_class":"Hacinamiento Leve","hacin_score":812.4,"auto_score":227.3,"n_per":26,"n_hog":11,"source_year":2024,"crime_score":0.3085,"crime_nivel":"Medio","crime_color":"#ff9800"},"geometry":{"type":"Polygon","coordinates":[[[-70.7901421039999,-34.2528703441217],[-70.7906771659999,-34.2538052461218],[-70.7908915899999,-34.2537477631217],[-70.7903557429999,-34.2527827451217],[-70.7901421039999,-34.2528703441217]]]}},{"type":"Feature","properties":{"id":"6116033058006","commune":"Requínoa","code":"06116","gse":"D","quintil":"Q2","nse_score":658.8,"educ":9.8,"educ_score":453.3,"hacin":1.206,"hacin_class":"Hacinamiento Leve","hacin_score":807.3,"auto_score":382.4,"n_per":41,"n_hog":18,"source_year":2024,"crime_score":0.3031,"crime_nivel":"Medio","crime_color":"#ff9800"},"geometry":{"type":"Polygon","coordinates":[[[-70.7902805919999,-34.2532777741218],[-70.7900748579999,-34.2528879601218],[-70.7892366529999,-34.2531790911218],[-70.7894364749999,-34.2535721051217],[-70.7902805919999,-34.2532777741218]]]}},{"type":"Feature","properties":{"id":"6116033058007","commune":"Requínoa","code":"06116","gse":"D","quintil":"Q1","nse_score":615.7,"educ":9.2,"educ_score":413.3,"hacin":1.6,"hacin_class":"Hacinamiento Medio","hacin_score":723.4,"auto_score":250.0,"n_per":40,"n_hog":13,"source_year":2024,"crime_score":0.3101,"crime_nivel":"Medio","crime_color":"#ff9800"},"geometry":{"type":"Polygon","coordinates":[[[-70.7894614489999,-34.2536219761217],[-70.7896197579999,-34.2539430171217],[-70.7904687799999,-34.2536551511217],[-70.7903057679999,-34.2533275761217],[-70.7894614489999,-34.2536219761217]]]}},{"type":"Feature","properties":{"id":"6116013080001","commune":"Requínoa","code":"06116","gse":"D","quintil":"Q2","nse_score":640.0,"educ":10.4,"educ_score":493.3,"hacin":1.366,"hacin_class":"Hacinamiento Leve","hacin_score":773.1,"auto_score":200.0,"n_per":179,"n_hog":64,"source_year":2024,"crime_score":0.3269,"crime_nivel":"Medio","crime_color":"#ff9800"},"geometry":{"type":"Polygon","coordinates":[[[-70.7984633189999,-34.2536896621218],[-70.7993866779999,-34.2554855641217],[-70.79984436,-34.2552745371217],[-70.7997124669999,-34.2549557691217],[-70.7998828599999,-34.2551337521217],[-70.7998491239999,-34.2553492421218],[-70.7994122459999,-34.2555352931217],[-70.8024468649999,-34.2614096261216],[-70.8036831729999,-34.2609560161217],[-70.8034622529999,-34.2604852841216],[-70.8049351969999,-34.2600490921216],[-70.8044271129999,-34.2589011461217],[-70.8030207759999,-34.2593062741217],[-70.8028946469999,-34.2592872121217],[-70.8027195679999,-34.2589867581217],[-70.802473216,-34.2590214251217],[-70.8015178439999,-34.2573869961217],[-70.8008375749999,-34.2560672801218],[-70.802497334,-34.2589886691217],[-70.8027344939999,-34.2589488081217],[-70.8030166799999,-34.2592664121217],[-70.8044416549999,-34.2588574411216],[-70.8049965009999,-34.2600309961217],[-70.8057319059999,-34.2598057581216],[-70.801557408,-34.2525109801218],[-70.7984633189999,-34.2536896621218]]]}},{"type":"Feature","properties":{"id":"6116053148002","commune":"Requínoa","code":"06116","gse":"C3","quintil":"Q3","nse_score":702.3,"educ":12.9,"educ_score":660.0,"hacin":1.267,"hacin_class":"Hacinamiento Leve","hacin_score":794.3,"auto_score":375.0,"n_per":19,"n_hog":8,"source_year":2024,"crime_score":0.2928,"crime_nivel":"Medio","crime_color":"#ff9800"},"geometry":{"type":"Polygon","coordinates":[[[-70.8249194199999,-34.316433158121],[-70.8249721019999,-34.316761225121],[-70.8275770609999,-34.316209436121],[-70.8273922719999,-34.315553428121],[-70.8254998799999,-34.316128073121],[-70.8249194199999,-34.316433158121]]]}},{"type":"Feature","properties":{"id":"6116053148003","commune":"Requínoa","code":"06116","gse":"D","quintil":"Q1","nse_score":630.9,"educ":8.7,"educ_score":380.0,"hacin":1.367,"hacin_class":"Hacinamiento Leve","hacin_score":772.9,"auto_score":235.3,"n_per":67,"n_hog":18,"source_year":2024,"crime_score":0.3117,"crime_nivel":"Medio","crime_color":"#ff9800"},"geometry":{"type":"Polygon","coordinates":[[[-70.8263377689999,-34.316543986121],[-70.8264857459999,-34.316962936121],[-70.8277219059999,-34.316634354121],[-70.8275898699999,-34.316243849121],[-70.8263377689999,-34.316543986121]]]}},{"type":"Feature","properties":{"id":"6116053148005","commune":"Requínoa","code":"06116","gse":"D","quintil":"Q2","nse_score":654.6,"educ":10.2,"educ_score":480.0,"hacin":1.513,"hacin_class":"Hacinamiento Medio","hacin_score":742.0,"auto_score":250.0,"n_per":59,"n_hog":20,"source_year":2024,"crime_score":0.3065,"crime_nivel":"Medio","crime_color":"#ff9800"},"geometry":{"type":"Polygon","coordinates":[[[-70.8265183459999,-34.317053426121],[-70.8266380429999,-34.317385968121],[-70.8278877299999,-34.317052331121],[-70.827737269,-34.316677534121],[-70.8265183459999,-34.317053426121]]]}},{"type":"Feature","properties":{"id":"6116053148006","commune":"Requínoa","code":"06116","gse":"E","quintil":"Q1","nse_score":559.1,"educ":7.7,"educ_score":313.3,"hacin":1.638,"hacin_class":"Hacinamiento Medio","hacin_score":715.3,"auto_score":57.7,"n_per":77,"n_hog":26,"source_year":2024,"crime_score":0.3252,"crime_nivel":"Medio","crime_color":"#ff9800"},"geometry":{"type":"Polygon","coordinates":[[[-70.8266502799999,-34.317420528121],[-70.8268083289999,-34.317873603121],[-70.8279697239999,-34.317588536121],[-70.8278979919999,-34.317087518121],[-70.8266502799999,-34.317420528121]]]}},{"type":"Feature","properties":{"id":"6116053148007","commune":"Requínoa","code":"06116","gse":"C3","quintil":"Q3","nse_score":692.1,"educ":11.5,"educ_score":566.7,"hacin":1.625,"hacin_class":"Hacinamiento Medio","hacin_score":718.1,"auto_score":125.0,"n_per":13,"n_hog":4,"source_year":2024,"crime_score":0.2936,"crime_nivel":"Medio","crime_color":"#ff9800"},"geometry":{"type":"Polygon","coordinates":[[[-70.8268227629999,-34.317916990121],[-70.8271164349999,-34.318791181121],[-70.8272473049999,-34.318859590121],[-70.828347806,-34.318627593121],[-70.8279791809999,-34.317633184121],[-70.8268227629999,-34.317916990121]]]}},{"type":"Feature","properties":{"id":"6116053148004","commune":"Requínoa","code":"06116","gse":"D","quintil":"Q1","nse_score":618.0,"educ":10.6,"educ_score":506.7,"hacin":1.431,"hacin_class":"Hacinamiento Leve","hacin_score":759.5,"auto_score":312.5,"n_per":103,"n_hog":32,"source_year":2024,"crime_score":0.3193,"crime_nivel":"Medio","crime_color":"#ff9800"},"geometry":{"type":"MultiPolygon","coordinates":[[[[-70.8274692609999,-34.3214488211209],[-70.8274173359999,-34.321041255121],[-70.8263084819999,-34.3212975861209],[-70.8264421869999,-34.321794800121],[-70.8278547209999,-34.3214682851209],[-70.8288476669999,-34.321221632121],[-70.8286861109999,-34.320730839121],[-70.8274487019999,-34.3210340221209],[-70.827546277,-34.321321461121],[-70.8274692609999,-34.3214488211209]]],[[[-70.8249828169999,-34.316796118121],[-70.8251868579999,-34.317460592121],[-70.8254093729999,-34.317427836121],[-70.8251922299999,-34.317478086121],[-70.8253955899999,-34.318140341121],[-70.8256590249999,-34.318105196121],[-70.8254009469999,-34.318157788121],[-70.8256804739999,-34.3190680941209],[-70.8263272409999,-34.318928604121],[-70.8256911889999,-34.319102988121],[-70.8258848039999,-34.319712992121],[-70.8261669959999,-34.319704844121],[-70.8264865899999,-34.3200669721209],[-70.8269964039999,-34.320006722121],[-70.8264720319999,-34.320101333121],[-70.8261396899999,-34.319733530121],[-70.8258959079999,-34.319747827121],[-70.8262929749999,-34.321235735121],[-70.8277248219999,-34.3209038501209],[-70.827395738,-34.319919947121],[-70.8274312009999,-34.319640336121],[-70.8275923539999,-34.319358964121],[-70.827461034,-34.319113652121],[-70.8276359559999,-34.319357598121],[-70.8274387319999,-34.319914304121],[-70.8277664079999,-34.3208935201209],[-70.8290176449999,-34.3205827071209],[-70.8288084699999,-34.319502053121],[-70.8284549829999,-34.318681159121],[-70.8272369619999,-34.318899911121],[-70.8270738109999,-34.318800429121],[-70.826281332,-34.316537653121],[-70.8249828169999,-34.316796118121]]]]}},{"type":"Feature","properties":{"id":"6116053196001","commune":"Requínoa","code":"06116","gse":"D","quintil":"Q1","nse_score":631.2,"educ":10.3,"educ_score":486.7,"hacin":1.348,"hacin_class":"Hacinamiento Leve","hacin_score":777.1,"auto_score":333.3,"n_per":93,"n_hog":29,"source_year":2024,"crime_score":0.3155,"crime_nivel":"Medio","crime_color":"#ff9800"},"geometry":{"type":"Polygon","coordinates":[[[-70.7606768529999,-34.3351029031208],[-70.7611916589999,-34.3364055941207],[-70.7582082929999,-34.3371578571208],[-70.7579467409999,-34.3365695911207],[-70.7569012449999,-34.3368161291207],[-70.757397937,-34.3379565361207],[-70.758041165,-34.3377989501207],[-70.7577349999999,-34.3368593561207],[-70.7581035219999,-34.3377833351207],[-70.759970398,-34.3373345511207],[-70.759840504,-34.3370161011208],[-70.7594029879999,-34.3370889541208],[-70.7593703539999,-34.3369345731208],[-70.7594229019999,-34.3370384931208],[-70.7598842739999,-34.3369731521207],[-70.7600333579999,-34.3373202991208],[-70.7635450359999,-34.3365031561208],[-70.7633031969999,-34.3360479551207],[-70.7628072919999,-34.3360400771208],[-70.7629967119999,-34.3359750611208],[-70.7633179709999,-34.3360345981207],[-70.7635661549999,-34.3364979741207],[-70.7655984389999,-34.3360096351207],[-70.7645893299999,-34.3340442811208],[-70.7606768529999,-34.3351029031208]]]}},{"type":"Feature","properties":{"id":"6116053196002","commune":"Requínoa","code":"06116","gse":"C3","quintil":"Q2","nse_score":669.9,"educ":11.3,"educ_score":553.3,"hacin":1.4,"hacin_class":"Hacinamiento Leve","hacin_score":766.0,"auto_score":500.0,"n_per":56,"n_hog":16,"source_year":2024,"crime_score":0.3035,"crime_nivel":"Medio","crime_color":"#ff9800"},"geometry":{"type":"Polygon","coordinates":[[[-70.767084269,-34.3357264721207],[-70.7673910209999,-34.3367952851208],[-70.7684511909999,-34.3365427361208],[-70.7695373769999,-34.3365885961208],[-70.769118009,-34.3352173001208],[-70.767084269,-34.3357264721207]]]}},{"type":"Feature","properties":{"id":"6116053196003","commune":"Requínoa","code":"06116","gse":"D","quintil":"Q1","nse_score":607.8,"educ":9.9,"educ_score":460.0,"hacin":1.306,"hacin_class":"Hacinamiento Leve","hacin_score":785.9,"auto_score":60.0,"n_per":81,"n_hog":25,"source_year":2024,"crime_score":0.3176,"crime_nivel":"Medio","crime_color":"#ff9800"},"geometry":{"type":"Polygon","coordinates":[[[-70.7658605749999,-34.3360214761207],[-70.7659605189999,-34.3363189221207],[-70.765839733,-34.3360265001208],[-70.7657238979999,-34.3360544231208],[-70.7658433799999,-34.3364300901208],[-70.7657030539999,-34.3360594481208],[-70.7636337479999,-34.3365564841207],[-70.7641899369999,-34.3372138361207],[-70.7645952599999,-34.3370646311207],[-70.7651907389999,-34.3369165531207],[-70.764202758,-34.3372288131208],[-70.7652336069999,-34.3384124591207],[-70.7663781949999,-34.3381283451207],[-70.7676843079999,-34.3379994331207],[-70.7674914169999,-34.3373691681208],[-70.7669090479999,-34.3375022071207],[-70.7674809499999,-34.3373349671207],[-70.7671099929999,-34.3360525871207],[-70.7665060149999,-34.3361853151208],[-70.7670948419999,-34.3360000281208],[-70.7670214919999,-34.3357416061208],[-70.7658605749999,-34.3360214761207]]]}},{"type":"Feature","properties":{"id":"6116053196004","commune":"Requínoa","code":"06116","gse":"D","quintil":"Q2","nse_score":644.5,"educ":9.9,"educ_score":460.0,"hacin":1.28,"hacin_class":"Hacinamiento Leve","hacin_score":791.4,"auto_score":126.4,"n_per":283,"n_hog":91,"source_year":2024,"crime_score":0.3417,"crime_nivel":"Medio","crime_color":"#ff9800"},"geometry":{"type":"Polygon","coordinates":[[[-70.7568487349999,-34.3368490831208],[-70.7518238509999,-34.3380344851207],[-70.7474250319999,-34.3390537351207],[-70.7479732099999,-34.3401789441207],[-70.7490845369999,-34.3399154611207],[-70.7487072059999,-34.3389325491207],[-70.7491471859999,-34.3398998061207],[-70.7496707489999,-34.3397689821207],[-70.7495863819999,-34.3395390461207],[-70.7496915359999,-34.3397637881207],[-70.7502623179999,-34.3396217331207],[-70.7501286369999,-34.3393539161207],[-70.7502831539999,-34.3396165511207],[-70.7508233319999,-34.3394822091207],[-70.7505901169999,-34.3390174881207],[-70.7508441669999,-34.3394771681207],[-70.7512883899999,-34.3393727981207],[-70.7509403669999,-34.3385248991207],[-70.7513314909999,-34.3393626721207],[-70.7531567799999,-34.3389379611207],[-70.7527268169999,-34.3379737351207],[-70.7532197919999,-34.3389234081207],[-70.7542865289999,-34.3386831371207],[-70.7539204009999,-34.3378084811208],[-70.7534732819999,-34.3378631631208],[-70.7539324639999,-34.3377496771207],[-70.7543496729999,-34.3386693341207],[-70.7547441989999,-34.3385830901207],[-70.7544503099999,-34.3378093961207],[-70.7547774849999,-34.3385726081207],[-70.7553290569999,-34.3384438431207],[-70.7550286399999,-34.3374579751207],[-70.7553913989999,-34.3384281271207],[-70.756242815,-34.3382134991208],[-70.755840153,-34.3372372821207],[-70.7562636079999,-34.3382082571208],[-70.7569411209999,-34.3380559931208],[-70.7566921869999,-34.3370764541207],[-70.7570041509999,-34.3380422701208],[-70.757334624,-34.3379703201208],[-70.7568487349999,-34.3368490831208]]]}},{"type":"Feature","properties":{"id":"6116053196005","commune":"Requínoa","code":"06116","gse":"E","quintil":"Q1","nse_score":554.1,"educ":8.4,"educ_score":360.0,"hacin":1.238,"hacin_class":"Hacinamiento Leve","hacin_score":800.4,"auto_score":250.0,"n_per":26,"n_hog":10,"source_year":2024,"crime_score":0.318,"crime_nivel":"Medio","crime_color":"#ff9800"},"geometry":{"type":"Polygon","coordinates":[[[-70.7453675789999,-34.3397390441207],[-70.7460502469999,-34.3411523421207],[-70.746490993,-34.3405599871207],[-70.7470857289999,-34.3403804361207],[-70.7468611929999,-34.3399558771207],[-70.7471068599999,-34.3403759261207],[-70.7478926199999,-34.3402057191207],[-70.7473406949999,-34.3390732751207],[-70.7460383189999,-34.3393568141207],[-70.7454328979999,-34.3396058651207],[-70.7453675789999,-34.3397390441207]]]}},{"type":"Feature","properties":{"id":"6116063112001","commune":"Requínoa","code":"06116","gse":"D","quintil":"Q2","nse_score":650.7,"educ":10.2,"educ_score":480.0,"hacin":1.345,"hacin_class":"Hacinamiento Leve","hacin_score":777.6,"auto_score":290.9,"n_per":152,"n_hog":53,"source_year":2024,"crime_score":0.321,"crime_nivel":"Medio","crime_color":"#ff9800"},"geometry":{"type":"Polygon","coordinates":[[[-70.768375794,-34.316099289121],[-70.7693690499999,-34.315715442121],[-70.7690488199999,-34.315114723121],[-70.7688046089999,-34.315187119121],[-70.7690504969999,-34.315074315121],[-70.7694084699999,-34.315700376121],[-70.7710853319999,-34.315052681121],[-70.7707076789999,-34.314369231121],[-70.7711244419999,-34.315037076121],[-70.7725611729999,-34.314460503121],[-70.772308715,-34.313974548121],[-70.7726001359999,-34.314444562121],[-70.7739136609999,-34.313910989121],[-70.7736552959999,-34.313335846121],[-70.7739531789999,-34.313895375121],[-70.7746135979999,-34.313634424121],[-70.7744116669999,-34.313262416121],[-70.7744050749999,-34.3131923931211],[-70.7744744819999,-34.313110937121],[-70.7745921639999,-34.313091109121],[-70.774436911,-34.313201109121],[-70.7746429879999,-34.313622812121],[-70.7750844139999,-34.313448826121],[-70.7749150309999,-34.313111225121],[-70.7751139609999,-34.313437504121],[-70.7755183179999,-34.3132825641211],[-70.7753315309999,-34.312912380121],[-70.7750541729999,-34.313009363121],[-70.7749595699999,-34.312949266121],[-70.7749166359999,-34.312816462121],[-70.7750562859999,-34.3129815021211],[-70.7753189329999,-34.312887415121],[-70.775119807,-34.312492773121],[-70.7679520929999,-34.315353809121],[-70.768375794,-34.316099289121]]]}},{"type":"Feature","properties":{"id":"6116063112002","commune":"Requínoa","code":"06116","gse":"C3","quintil":"Q3","nse_score":691.5,"educ":10.9,"educ_score":526.7,"hacin":1.188,"hacin_class":"Hacinamiento Leve","hacin_score":811.2,"auto_score":62.5,"n_per":19,"n_hog":8,"source_year":2024,"crime_score":0.2945,"crime_nivel":"Medio","crime_color":"#ff9800"},"geometry":{"type":"Polygon","coordinates":[[[-70.7671207719999,-34.316708962121],[-70.7679889689999,-34.318379551121],[-70.7687586149999,-34.318080561121],[-70.7680408319999,-34.316855507121],[-70.7687896329999,-34.316563874121],[-70.7685267119999,-34.316100532121],[-70.7671207719999,-34.316708962121]]]}},{"type":"Feature","properties":{"id":"6116063112003","commune":"Requínoa","code":"06116","gse":"E","quintil":"Q1","nse_score":601.4,"educ":9.3,"educ_score":420.0,"hacin":1.183,"hacin_class":"Hacinamiento Leve","hacin_score":812.2,"auto_score":142.9,"n_per":136,"n_hog":47,"source_year":2024,"crime_score":0.3271,"crime_nivel":"Medio","crime_color":"#ff9800"},"geometry":{"type":"Polygon","coordinates":[[[-70.7658739959999,-34.318236013121],[-70.7655958129999,-34.3177454601209],[-70.7649202919999,-34.317997285121],[-70.7650769369999,-34.318317989121],[-70.7652521479999,-34.318296864121],[-70.7654111019999,-34.318589415121],[-70.7652263319999,-34.3183314491209],[-70.765046245,-34.318347808121],[-70.7648806609999,-34.318012059121],[-70.7645648309999,-34.318129457121],[-70.7647784659999,-34.3185635541209],[-70.7645247859999,-34.318143340121],[-70.7634241909999,-34.318535111121],[-70.7637931599999,-34.319276342121],[-70.763384233,-34.3185494071209],[-70.7615773729999,-34.319193847121],[-70.7618796809999,-34.319926043121],[-70.7615374989999,-34.319208068121],[-70.7599427819999,-34.3197575911209],[-70.7604369969999,-34.3205717281209],[-70.7676713509999,-34.317944161121],[-70.7670655989999,-34.316739660121],[-70.7656333809999,-34.317726015121],[-70.7658739959999,-34.318236013121]]]}},{"type":"Feature","properties":{"id":"6116063112004","commune":"Requínoa","code":"06116","gse":"E","quintil":"Q1","nse_score":603.3,"educ":10.3,"educ_score":486.7,"hacin":1.407,"hacin_class":"Hacinamiento Leve","hacin_score":764.4,"auto_score":86.2,"n_per":76,"n_hog":26,"source_year":2024,"crime_score":0.3176,"crime_nivel":"Medio","crime_color":"#ff9800"},"geometry":{"type":"Polygon","coordinates":[[[-70.7680073729999,-34.318412159121],[-70.7682813369999,-34.318897554121],[-70.7690019609999,-34.318646100121],[-70.7682992159999,-34.318930362121],[-70.7689006499999,-34.320042451121],[-70.7695030699999,-34.319840752121],[-70.7689192299999,-34.3200750051209],[-70.7697835569999,-34.3215561881209],[-70.7706407559999,-34.3212926721209],[-70.7687775899999,-34.3181129471209],[-70.7680073729999,-34.318412159121]]]}},{"type":"Feature","properties":{"id":"6116063157001","commune":"Requínoa","code":"06116","gse":"C3","quintil":"Q3","nse_score":696.7,"educ":10.6,"educ_score":506.7,"hacin":1.333,"hacin_class":"Hacinamiento Leve","hacin_score":780.1,"auto_score":310.0,"n_per":148,"n_hog":50,"source_year":2024,"crime_score":0.3125,"crime_nivel":"Medio","crime_color":"#ff9800"},"geometry":{"type":"Polygon","coordinates":[[[-70.7118724719999,-34.3359834741208],[-70.7120029979999,-34.3355909411208],[-70.7119764939999,-34.3359882981208],[-70.7125328929999,-34.3360191471208],[-70.7126013129999,-34.3356403151207],[-70.7125632419999,-34.3360234081208],[-70.7134363149999,-34.3361026431208],[-70.7133648809999,-34.3358452321208],[-70.7129697089999,-34.3357733561208],[-70.7133789769999,-34.3358307691207],[-70.7134579629999,-34.3361012991208],[-70.7147154939999,-34.3360251541207],[-70.7146949209999,-34.3355225131208],[-70.7147806899999,-34.3360224861207],[-70.7150671129999,-34.3360102371207],[-70.7150838299999,-34.3352172581207],[-70.7151321999999,-34.3360061051208],[-70.7164445709999,-34.3358924691208],[-70.7164595649999,-34.3351060421208],[-70.7137630989999,-34.3352991491208],[-70.7125326839999,-34.3352679121208],[-70.7096835479999,-34.3348554341208],[-70.7092294469999,-34.3357240631208],[-70.7101565359999,-34.3358657491208],[-70.7101567379999,-34.3354347311208],[-70.7101784019999,-34.3358689841208],[-70.7104907999999,-34.3359076911207],[-70.7105338569999,-34.3355250371208],[-70.7105124039999,-34.3359098381208],[-70.7108105359999,-34.3359394761208],[-70.7108386669999,-34.3357073071208],[-70.7108321579999,-34.3359416251207],[-70.7118724719999,-34.3359834741208]]]}},{"type":"Feature","properties":{"id":"6116063157002","commune":"Requínoa","code":"06116","gse":"C3","quintil":"Q2","nse_score":678.1,"educ":10.8,"educ_score":520.0,"hacin":1.378,"hacin_class":"Hacinamiento Leve","hacin_score":770.7,"auto_score":361.1,"n_per":62,"n_hog":18,"source_year":2024,"crime_score":0.303,"crime_nivel":"Medio","crime_color":"#ff9800"},"geometry":{"type":"MultiPolygon","coordinates":[[[[-70.7184496079999,-34.3366444731207],[-70.7181449219999,-34.3356801821207],[-70.7177602229999,-34.3357590021207],[-70.718067173,-34.3369415951207],[-70.7177206289999,-34.3357611161208],[-70.7173895759999,-34.3358242641208],[-70.7177516209999,-34.3373045801208],[-70.7182775509999,-34.3372389741208],[-70.7192829679999,-34.3368207681207],[-70.7188527929999,-34.3355421221208],[-70.7181662019999,-34.3356761231208],[-70.7184496079999,-34.3366444731207]]],[[[-70.7165011009999,-34.3352218811208],[-70.7165095619999,-34.3358832471207],[-70.7174607789999,-34.3357367941208],[-70.7171408499999,-34.3350600021207],[-70.7165011009999,-34.3352218811208]]]]}},{"type":"Feature","properties":{"id":"6116063157005","commune":"Requínoa","code":"06116","gse":"C3","quintil":"Q2","nse_score":667.4,"educ":10.0,"educ_score":466.7,"hacin":1.189,"hacin_class":"Hacinamiento Leve","hacin_score":810.8,"auto_score":296.9,"n_per":88,"n_hog":32,"source_year":2024,"crime_score":0.3087,"crime_nivel":"Medio","crime_color":"#ff9800"},"geometry":{"type":"MultiPolygon","coordinates":[[[[-70.711379598,-34.3373514171207],[-70.7133875579999,-34.3374957251208],[-70.7133656079999,-34.3372454731207],[-70.7125829099999,-34.3368655851208],[-70.711379598,-34.3373514171207]]],[[[-70.7166840179999,-34.3366946191208],[-70.7164864019999,-34.3359595881207],[-70.7157437179999,-34.3360304401208],[-70.7157588579999,-34.3361733141208],[-70.7156660589999,-34.3362970461207],[-70.715703689,-34.3360340321208],[-70.7148614629999,-34.3360912791208],[-70.7149236669999,-34.3366991751207],[-70.71481983,-34.3360929821208],[-70.7139496429999,-34.3361556271207],[-70.7140049109999,-34.3366303071208],[-70.7143162589999,-34.3366174961207],[-70.714307044,-34.3366915891208],[-70.7139696679999,-34.3366577161207],[-70.7139000319999,-34.3361460671208],[-70.7131185059999,-34.3361430551207],[-70.712619377,-34.3368263141208],[-70.713368784,-34.3369669371208],[-70.7140301999999,-34.3368270221208],[-70.7153592699999,-34.3368538511207],[-70.7166397049999,-34.3371824231207],[-70.7177299349999,-34.3373056341208],[-70.717368426,-34.3358282981208],[-70.7165506139999,-34.3359504771207],[-70.7166840179999,-34.3366946191208]]]]}},{"type":"Feature","properties":{"id":"6116063157003","commune":"Requínoa","code":"06116","gse":"D","quintil":"Q1","nse_score":636.4,"educ":9.3,"educ_score":420.0,"hacin":1.456,"hacin_class":"Hacinamiento Leve","hacin_score":754.1,"auto_score":261.1,"n_per":262,"n_hog":90,"source_year":2024,"crime_score":0.3401,"crime_nivel":"Medio","crime_color":"#ff9800"},"geometry":{"type":"MultiPolygon","coordinates":[[[[-70.7149748389999,-34.3368222971207],[-70.7130392459999,-34.3369261031207],[-70.7127222459999,-34.3368282871208],[-70.7126158579999,-34.3368333961207],[-70.7134028159999,-34.3372249341208],[-70.7134394439999,-34.3376755041207],[-70.7150448359999,-34.3375822541207],[-70.7149748389999,-34.3368222971207]]],[[[-70.7078553069999,-34.3355355581208],[-70.707572851,-34.3368286731208],[-70.7102395019999,-34.3372788021208],[-70.7113661259999,-34.3373509501207],[-70.7099734619999,-34.3371622221208],[-70.7115840939999,-34.3372459581207],[-70.7124919249999,-34.3368750691207],[-70.7130463059999,-34.3361367061208],[-70.7116978199999,-34.3360473281208],[-70.7116934299999,-34.3368028801207],[-70.7116672229999,-34.3360460781207],[-70.7108006559999,-34.3360090921207],[-70.7109738809999,-34.3366182341208],[-70.7113812449999,-34.3366677271208],[-70.7114735419999,-34.3368959041208],[-70.7113402789999,-34.3366778471207],[-70.7109510379999,-34.3366410771208],[-70.7107650839999,-34.3360074821208],[-70.7103742569999,-34.3359710201207],[-70.7105132169999,-34.3367229301208],[-70.7103422519999,-34.3359624901207],[-70.7097846339999,-34.3358912041208],[-70.7098642939999,-34.3367714421207],[-70.7097494769999,-34.3369943381208],[-70.709752266,-34.3358810771208],[-70.7095171759999,-34.3358428501208],[-70.7095483069999,-34.3366492111208],[-70.7094518809999,-34.3358330381207],[-70.7088290169999,-34.3357288871208],[-70.7086589119999,-34.3370000561208],[-70.7087649639999,-34.3357178951208],[-70.7081423229999,-34.3355934791208],[-70.7079318539999,-34.3366155751207],[-70.7080933899999,-34.3355740051208],[-70.7078553069999,-34.3355355581208]]]]}}]}