{"type":"FeatureCollection","features":[{"type":"Feature","properties":{"id":"7405011001001","commune":"Retiro","code":"07405","gse":"E","quintil":"Q1","nse_score":565.5,"educ":9.6,"educ_score":440.0,"hacin":1.462,"hacin_class":"Hacinamiento Leve","hacin_score":752.9,"auto_score":227.3,"n_per":19,"n_hog":9,"source_year":2024,"crime_score":0.7813,"crime_nivel":"Medio","crime_color":"#ff9800"},"geometry":{"type":"Polygon","coordinates":[[[-71.7524890169999,-36.042387516102],[-71.7505203219999,-36.043527918102],[-71.7507840349999,-36.0438583941019],[-71.7498864049999,-36.0444231241019],[-71.7505395779999,-36.045197818102],[-71.7535333719999,-36.043463460102],[-71.7528228749999,-36.0427314761019],[-71.7523964169999,-36.042989797102],[-71.7526160339999,-36.043286538102],[-71.7523442319999,-36.042980495102],[-71.752795396,-36.042703166102],[-71.7524890169999,-36.042387516102]]]}},{"type":"Feature","properties":{"id":"7405011001002","commune":"Retiro","code":"07405","gse":"E","quintil":"Q1","nse_score":488.4,"educ":9.1,"educ_score":406.7,"hacin":1.778,"hacin_class":"Hacinamiento Medio","hacin_score":685.6,"auto_score":200.0,"n_per":16,"n_hog":5,"source_year":2024,"crime_score":0.8113,"crime_nivel":"Medio","crime_color":"#ff9800"},"geometry":{"type":"Polygon","coordinates":[[[-71.7562921169999,-36.043633973102],[-71.7582954349999,-36.0459871911019],[-71.7583944859999,-36.0458265471019],[-71.7574665899999,-36.044824613102],[-71.7568627269999,-36.0440887481019],[-71.7584636599999,-36.0458784001019],[-71.758972964,-36.044797727102],[-71.7584055289999,-36.0446322671019],[-71.7571286469999,-36.043079351102],[-71.7562921169999,-36.043633973102]]]}},{"type":"Feature","properties":{"id":"7405011001003","commune":"Retiro","code":"07405","gse":"C3","quintil":"Q2","nse_score":665.9,"educ":10.4,"educ_score":493.3,"hacin":1.25,"hacin_class":"Hacinamiento Leve","hacin_score":797.9,"auto_score":312.5,"n_per":60,"n_hog":23,"source_year":2024,"crime_score":0.7558,"crime_nivel":"Medio","crime_color":"#ff9800"},"geometry":{"type":"Polygon","coordinates":[[[-71.752180371,-36.0443407621019],[-71.7554769199999,-36.0480920051019],[-71.7551547049999,-36.0483047891019],[-71.7557913499999,-36.0491168381019],[-71.7575336329999,-36.0480843831019],[-71.7536115279999,-36.043555722102],[-71.752180371,-36.0443407621019]]]}},{"type":"Feature","properties":{"id":"7405011001004","commune":"Retiro","code":"07405","gse":"D","quintil":"Q1","nse_score":620.7,"educ":10.4,"educ_score":493.3,"hacin":1.5,"hacin_class":"Hacinamiento Medio","hacin_score":744.7,"auto_score":318.2,"n_per":36,"n_hog":12,"source_year":2024,"crime_score":0.7654,"crime_nivel":"Medio","crime_color":"#ff9800"},"geometry":{"type":"Polygon","coordinates":[[[-71.7549662979999,-36.0449215101019],[-71.7571957059999,-36.0475122881019],[-71.7577723159999,-36.046506624102],[-71.7582954349999,-36.0459871911019],[-71.7562699959999,-36.043653652102],[-71.7549662979999,-36.0449215101019]]]}},{"type":"Feature","properties":{"id":"7405011001005","commune":"Retiro","code":"07405","gse":"D","quintil":"Q1","nse_score":626.1,"educ":9.7,"educ_score":446.7,"hacin":1.336,"hacin_class":"Hacinamiento Leve","hacin_score":779.6,"auto_score":94.6,"n_per":179,"n_hog":63,"source_year":2024,"crime_score":0.8169,"crime_nivel":"Medio","crime_color":"#ff9800"},"geometry":{"type":"Polygon","coordinates":[[[-71.7587082199999,-36.0469910301019],[-71.7585980309999,-36.0469347671019],[-71.7581623749999,-36.0471889221019],[-71.7582277059999,-36.0473267981019],[-71.7576693949999,-36.046774501102],[-71.7574915079999,-36.0471169041019],[-71.7578494759999,-36.0475543781019],[-71.757470038,-36.0471711011019],[-71.7572761229999,-36.0475842411019],[-71.7585263209999,-36.0489941901019],[-71.7601133439999,-36.0480829271019],[-71.7583354379999,-36.0460337931019],[-71.7580764649999,-36.0462683101019],[-71.7587082199999,-36.0469910301019]]]}},{"type":"Feature","properties":{"id":"7405011001006","commune":"Retiro","code":"07405","gse":"D","quintil":"Q1","nse_score":622.7,"educ":8.7,"educ_score":380.0,"hacin":1.386,"hacin_class":"Hacinamiento Leve","hacin_score":768.9,"auto_score":80.0,"n_per":61,"n_hog":24,"source_year":2024,"crime_score":0.774,"crime_nivel":"Medio","crime_color":"#ff9800"},"geometry":{"type":"Polygon","coordinates":[[[-71.7577400299999,-36.0466892151019],[-71.7581455709999,-36.0471575761019],[-71.758575661,-36.0469016391019],[-71.7580534919999,-36.0463042821019],[-71.7577400299999,-36.0466892151019]]]}},{"type":"Feature","properties":{"id":"7405011001007","commune":"Retiro","code":"07405","gse":"D","quintil":"Q2","nse_score":650.2,"educ":10.2,"educ_score":480.0,"hacin":1.46,"hacin_class":"Hacinamiento Leve","hacin_score":753.2,"auto_score":211.9,"n_per":165,"n_hog":56,"source_year":2024,"crime_score":0.8012,"crime_nivel":"Medio","crime_color":"#ff9800"},"geometry":{"type":"Polygon","coordinates":[[[-71.7601741809999,-36.0486136351019],[-71.7598412339999,-36.0482849151019],[-71.7595585159999,-36.0484571241019],[-71.7597831019999,-36.0487649591019],[-71.7595168579999,-36.0484768421019],[-71.7592342469999,-36.0486521731019],[-71.7594390489999,-36.0488944371019],[-71.7591812659999,-36.0486784041019],[-71.7589475729999,-36.0488213471019],[-71.7591280899999,-36.0490297801019],[-71.758902282,-36.0488473991019],[-71.7585848109999,-36.0490607701019],[-71.7590431859999,-36.0495235531019],[-71.7603273229999,-36.0488582211019],[-71.7604351659999,-36.0489843471019],[-71.7603145259999,-36.0490795961019],[-71.7615312009999,-36.0505043921019],[-71.7619921019999,-36.0505165681019],[-71.7647962659999,-36.0538473881019],[-71.7650119759999,-36.0537407291018],[-71.7601133439999,-36.0480829271019],[-71.7598827849999,-36.0482620741019],[-71.7601741809999,-36.0486136351019]]]}},{"type":"Feature","properties":{"id":"7405011001009","commune":"Retiro","code":"07405","gse":"C3","quintil":"Q2","nse_score":668.4,"educ":10.7,"educ_score":513.3,"hacin":1.053,"hacin_class":"Hacinamiento Leve","hacin_score":839.9,"auto_score":111.1,"n_per":40,"n_hog":15,"source_year":2024,"crime_score":0.7475,"crime_nivel":"Medio","crime_color":"#ff9800"},"geometry":{"type":"Polygon","coordinates":[[[-71.7596812479999,-36.0492699321019],[-71.7604888549999,-36.0501715151019],[-71.7609361169999,-36.0499046181019],[-71.7601413979999,-36.0489971541019],[-71.7596812479999,-36.0492699321019]]]}},{"type":"Feature","properties":{"id":"7405011001011","commune":"Retiro","code":"07405","gse":"C2","quintil":"Q4","nse_score":775.4,"educ":12.9,"educ_score":660.0,"hacin":1.1,"hacin_class":"Hacinamiento Leve","hacin_score":829.8,"auto_score":187.5,"n_per":22,"n_hog":8,"source_year":2024,"crime_score":0.6976,"crime_nivel":"Medio","crime_color":"#ff9800"},"geometry":{"type":"Polygon","coordinates":[[[-71.7600379429999,-36.0498315031019],[-71.7595999089999,-36.0492734281019],[-71.7590734659999,-36.0495834211019],[-71.7595050399999,-36.0501160411019],[-71.7600379429999,-36.0498315031019]]]}},{"type":"Feature","properties":{"id":"7405011001013","commune":"Retiro","code":"07405","gse":"C2","quintil":"Q4","nse_score":760.0,"educ":12.2,"educ_score":613.3,"hacin":1.343,"hacin_class":"Hacinamiento Leve","hacin_score":778.1,"auto_score":281.2,"n_per":47,"n_hog":16,"source_year":2024,"crime_score":0.7125,"crime_nivel":"Medio","crime_color":"#ff9800"},"geometry":{"type":"Polygon","coordinates":[[[-71.7600923619999,-36.0498680921019],[-71.7595834979999,-36.0502079651019],[-71.7603759169999,-36.0510875471019],[-71.7608793549999,-36.0507765461019],[-71.7600923619999,-36.0498680921019]]]}},{"type":"Feature","properties":{"id":"7405011001014","commune":"Retiro","code":"07405","gse":"C3","quintil":"Q3","nse_score":701.5,"educ":12.8,"educ_score":653.3,"hacin":1.462,"hacin_class":"Hacinamiento Leve","hacin_score":752.9,"auto_score":428.6,"n_per":19,"n_hog":6,"source_year":2024,"crime_score":0.7264,"crime_nivel":"Medio","crime_color":"#ff9800"},"geometry":{"type":"Polygon","coordinates":[[[-71.7609485969999,-36.0507412431019],[-71.761416703,-36.0504832381019],[-71.7609809339999,-36.0499548671019],[-71.7604961159999,-36.0502300201019],[-71.7609485969999,-36.0507412431019]]]}},{"type":"Feature","properties":{"id":"7405011001018","commune":"Retiro","code":"07405","gse":"D","quintil":"Q1","nse_score":619.8,"educ":8.6,"educ_score":373.3,"hacin":1.35,"hacin_class":"Hacinamiento Leve","hacin_score":776.6,"auto_score":41.7,"n_per":54,"n_hog":24,"source_year":2024,"crime_score":0.7726,"crime_nivel":"Medio","crime_color":"#ff9800"},"geometry":{"type":"Polygon","coordinates":[[[-71.7614160759999,-36.0505891501019],[-71.76114322,-36.0507431571019],[-71.7613063489999,-36.0509553391019],[-71.7610976169999,-36.0507689021019],[-71.7604212279999,-36.0512090741019],[-71.7633371299999,-36.0546444231019],[-71.7646080709999,-36.0539084201018],[-71.7646668619999,-36.0537806161018],[-71.7642744939999,-36.0532630631018],[-71.7620811439999,-36.0506762021019],[-71.7614160759999,-36.0505891501019]]]}},{"type":"Feature","properties":{"id":"7405011001024","commune":"Retiro","code":"07405","gse":"C3","quintil":"Q3","nse_score":688.7,"educ":10.9,"educ_score":526.7,"hacin":1.222,"hacin_class":"Hacinamiento Leve","hacin_score":803.8,"auto_score":184.2,"n_per":44,"n_hog":17,"source_year":2024,"crime_score":0.7406,"crime_nivel":"Medio","crime_color":"#ff9800"},"geometry":{"type":"Polygon","coordinates":[[[-71.7680771989999,-36.0546856771019],[-71.7700828149999,-36.0526457171019],[-71.7697686969999,-36.0522888011019],[-71.7694330239999,-36.0520920571018],[-71.7690792499999,-36.0521252001018],[-71.7672210099999,-36.0541531661019],[-71.7679043339999,-36.0547063451019],[-71.7680771989999,-36.0546856771019]]]}},{"type":"Feature","properties":{"id":"7405011001027","commune":"Retiro","code":"07405","gse":"C3","quintil":"Q2","nse_score":661.6,"educ":11.1,"educ_score":540.0,"hacin":1.153,"hacin_class":"Hacinamiento Leve","hacin_score":818.6,"auto_score":85.4,"n_per":83,"n_hog":38,"source_year":2024,"crime_score":0.7661,"crime_nivel":"Medio","crime_color":"#ff9800"},"geometry":{"type":"Polygon","coordinates":[[[-71.7693747639999,-36.0581227891018],[-71.7717955909999,-36.0570117021018],[-71.7702656509999,-36.0551637181019],[-71.7696695639999,-36.0554787201018],[-71.7693543119999,-36.0550726151018],[-71.7690304589999,-36.0552619091019],[-71.7683962809999,-36.0544695731019],[-71.767947219,-36.0547614121018],[-71.7671634179999,-36.0541755381018],[-71.7666787079999,-36.0547677341018],[-71.767935184,-36.0562169561019],[-71.7687830829999,-36.0557839531018],[-71.7683675819999,-36.0551774541018],[-71.7688672079999,-36.0557489321018],[-71.7691873999999,-36.0556439241018],[-71.7693232679999,-36.0557646161018],[-71.7691875719999,-36.0556678031018],[-71.7689729329999,-36.0557411711019],[-71.7680630969999,-36.0563640601018],[-71.7693493329999,-36.0578533141018],[-71.7693747639999,-36.0581227891018]]]}},{"type":"Feature","properties":{"id":"7405011001031","commune":"Retiro","code":"07405","gse":"E","quintil":"Q1","nse_score":572.4,"educ":8.6,"educ_score":373.3,"hacin":1.7,"hacin_class":"Hacinamiento Medio","hacin_score":702.1,"auto_score":125.0,"n_per":17,"n_hog":8,"source_year":2024,"crime_score":0.7778,"crime_nivel":"Medio","crime_color":"#ff9800"},"geometry":{"type":"Polygon","coordinates":[[[-71.7671236499999,-36.0570165571018],[-71.7665368859999,-36.0573097711018],[-71.7671906579999,-36.0580515481018],[-71.7677439829999,-36.0577352201018],[-71.7671236499999,-36.0570165571018]]]}},{"type":"Feature","properties":{"id":"7405011001032","commune":"Retiro","code":"07405","gse":"C3","quintil":"Q3","nse_score":691.1,"educ":11.2,"educ_score":546.7,"hacin":1.385,"hacin_class":"Hacinamiento Leve","hacin_score":769.2,"auto_score":166.7,"n_per":36,"n_hog":13,"source_year":2024,"crime_score":0.7368,"crime_nivel":"Medio","crime_color":"#ff9800"},"geometry":{"type":"Polygon","coordinates":[[[-71.7665719219999,-36.0583765041018],[-71.7671194169999,-36.0580900551018],[-71.7664526199999,-36.0573376731018],[-71.7659538509999,-36.0576335381018],[-71.7665719219999,-36.0583765041018]]]}},{"type":"Feature","properties":{"id":"7405011001034","commune":"Retiro","code":"07405","gse":"E","quintil":"Q1","nse_score":578.3,"educ":9.1,"educ_score":406.7,"hacin":1.231,"hacin_class":"Hacinamiento Leve","hacin_score":802.0,"auto_score":0.0,"n_per":16,"n_hog":8,"source_year":2024,"crime_score":0.775,"crime_nivel":"Medio","crime_color":"#ff9800"},"geometry":{"type":"Polygon","coordinates":[[[-71.7676448309999,-36.0585989361018],[-71.7682236649999,-36.0583041871018],[-71.7678123659999,-36.0578083551018],[-71.767242043,-36.0581305731018],[-71.7676448309999,-36.0585989361018]]]}},{"type":"Feature","properties":{"id":"7405011001035","commune":"Retiro","code":"07405","gse":"E","quintil":"Q1","nse_score":570.0,"educ":10.6,"educ_score":506.7,"hacin":1.857,"hacin_class":"Hacinamiento Medio","hacin_score":668.7,"auto_score":0.0,"n_per":13,"n_hog":5,"source_year":2024,"crime_score":0.7772,"crime_nivel":"Medio","crime_color":"#ff9800"},"geometry":{"type":"Polygon","coordinates":[[[-71.7669968929999,-36.0588761711018],[-71.7675733199999,-36.0586297891018],[-71.7671751819999,-36.0581578941018],[-71.7666535039999,-36.0584588881018],[-71.7669968929999,-36.0588761711018]]]}},{"type":"Feature","properties":{"id":"7405011001025","commune":"Retiro","code":"07405","gse":"C2","quintil":"Q3","nse_score":713.0,"educ":11.4,"educ_score":560.0,"hacin":1.059,"hacin_class":"Hacinamiento Leve","hacin_score":838.5,"auto_score":125.0,"n_per":18,"n_hog":8,"source_year":2024,"crime_score":0.7214,"crime_nivel":"Medio","crime_color":"#ff9800"},"geometry":{"type":"MultiPolygon","coordinates":[[[[-71.7658364779999,-36.0574925881018],[-71.7669317619999,-36.0568301921018],[-71.7657744049999,-36.0555266591018],[-71.7646952649999,-36.0562093101018],[-71.7658364779999,-36.0574925881018]]],[[[-71.7652527939999,-36.0547006181018],[-71.7670866009999,-36.0568600901018],[-71.7674830249999,-36.0567414381018],[-71.7671267969999,-36.0569050511018],[-71.7683654069999,-36.0583137091018],[-71.7685497559999,-36.0583734381018],[-71.7689025789999,-36.0582213121018],[-71.7650119759999,-36.0537407291018],[-71.7647962659999,-36.0538473881019],[-71.7652527939999,-36.0547006181018]]]]}},{"type":"Feature","properties":{"id":"7405011002001","commune":"Retiro","code":"07405","gse":"E","quintil":"Q1","nse_score":551.6,"educ":7.6,"educ_score":306.7,"hacin":1.278,"hacin_class":"Hacinamiento Leve","hacin_score":792.0,"auto_score":21.7,"n_per":46,"n_hog":20,"source_year":2024,"crime_score":0.7975,"crime_nivel":"Medio","crime_color":"#ff9800"},"geometry":{"type":"Polygon","coordinates":[[[-71.7575495109999,-36.0481354791019],[-71.7557913499999,-36.0491168381019],[-71.7558978179999,-36.0492526371019],[-71.752966753,-36.0510419881019],[-71.7532710699999,-36.0514445401019],[-71.7535080919999,-36.0513012631019],[-71.7534465019999,-36.0511281371019],[-71.7579473789999,-36.0485551421019],[-71.7575495109999,-36.0481354791019]]]}},{"type":"Feature","properties":{"id":"7405011002002","commune":"Retiro","code":"07405","gse":"E","quintil":"Q1","nse_score":551.2,"educ":7.4,"educ_score":293.3,"hacin":1.243,"hacin_class":"Hacinamiento Leve","hacin_score":799.3,"auto_score":117.6,"n_per":46,"n_hog":17,"source_year":2024,"crime_score":0.7976,"crime_nivel":"Medio","crime_color":"#ff9800"},"geometry":{"type":"Polygon","coordinates":[[[-71.7588400329999,-36.0495665361019],[-71.7580136109999,-36.0486339201019],[-71.7571686909999,-36.0491010261019],[-71.7579878339999,-36.0500573381019],[-71.7588400329999,-36.0495665361019]]]}},{"type":"Feature","properties":{"id":"7405011002003","commune":"Retiro","code":"07405","gse":"E","quintil":"Q1","nse_score":580.0,"educ":8.3,"educ_score":353.3,"hacin":1.261,"hacin_class":"Hacinamiento Leve","hacin_score":795.6,"auto_score":115.4,"n_per":29,"n_hog":13,"source_year":2024,"crime_score":0.7793,"crime_nivel":"Medio","crime_color":"#ff9800"},"geometry":{"type":"Polygon","coordinates":[[[-71.7571129339999,-36.0505626271019],[-71.7579128739999,-36.0500973681019],[-71.7570779989999,-36.0491577301019],[-71.7562865279999,-36.0496143171019],[-71.7571129339999,-36.0505626271019]]]}},{"type":"Feature","properties":{"id":"7405011002004","commune":"Retiro","code":"07405","gse":"D","quintil":"Q1","nse_score":614.5,"educ":8.7,"educ_score":380.0,"hacin":1.217,"hacin_class":"Hacinamiento Leve","hacin_score":804.8,"auto_score":315.8,"n_per":56,"n_hog":19,"source_year":2024,"crime_score":0.7755,"crime_nivel":"Medio","crime_color":"#ff9800"},"geometry":{"type":"Polygon","coordinates":[[[-71.756221992,-36.0510601671019],[-71.7570270569999,-36.0505951561019],[-71.7561818389999,-36.0496420511019],[-71.7554040189999,-36.0501116571019],[-71.756221992,-36.0510601671019]]]}},{"type":"Feature","properties":{"id":"7405011002005","commune":"Retiro","code":"07405","gse":"D","quintil":"Q1","nse_score":628.4,"educ":9.4,"educ_score":426.7,"hacin":1.484,"hacin_class":"Hacinamiento Leve","hacin_score":748.1,"auto_score":83.3,"n_per":46,"n_hog":18,"source_year":2024,"crime_score":0.7661,"crime_nivel":"Medio","crime_color":"#ff9800"},"geometry":{"type":"Polygon","coordinates":[[[-71.7589172479999,-36.0496578581019],[-71.7580543079999,-36.0501366511019],[-71.7588717709999,-36.0510823601019],[-71.7597125039999,-36.0506094801019],[-71.7589172479999,-36.0496578581019]]]}},{"type":"Feature","properties":{"id":"7405011002007","commune":"Retiro","code":"07405","gse":"D","quintil":"Q1","nse_score":627.9,"educ":8.7,"educ_score":380.0,"hacin":1.367,"hacin_class":"Hacinamiento Leve","hacin_score":772.9,"auto_score":100.0,"n_per":67,"n_hog":25,"source_year":2024,"crime_score":0.7741,"crime_nivel":"Medio","crime_color":"#ff9800"},"geometry":{"type":"Polygon","coordinates":[[[-71.7587704449999,-36.0510888391019],[-71.7579773329999,-36.0501761861019],[-71.7571702149999,-36.0506234061019],[-71.7579712279999,-36.0515717531019],[-71.7587704449999,-36.0510888391019]]]}},{"type":"Feature","properties":{"id":"7405011002008","commune":"Retiro","code":"07405","gse":"E","quintil":"Q1","nse_score":577.2,"educ":8.0,"educ_score":333.3,"hacin":1.344,"hacin_class":"Hacinamiento Leve","hacin_score":777.9,"auto_score":184.2,"n_per":43,"n_hog":19,"source_year":2024,"crime_score":0.7859,"crime_nivel":"Medio","crime_color":"#ff9800"},"geometry":{"type":"Polygon","coordinates":[[[-71.7559822939999,-36.0512042061019],[-71.7551816149999,-36.0502360101019],[-71.7543831209999,-36.0506891411019],[-71.7551813409999,-36.0516315331019],[-71.7559822939999,-36.0512042061019]]]}},{"type":"Feature","properties":{"id":"7405011002009","commune":"Retiro","code":"07405","gse":"D","quintil":"Q1","nse_score":599.2,"educ":8.3,"educ_score":353.3,"hacin":1.103,"hacin_class":"Hacinamiento Leve","hacin_score":829.2,"auto_score":68.2,"n_per":43,"n_hog":21,"source_year":2024,"crime_score":0.7769,"crime_nivel":"Medio","crime_color":"#ff9800"},"geometry":{"type":"Polygon","coordinates":[[[-71.7578829389999,-36.0515828881019],[-71.757099035,-36.0506700171019],[-71.7562850059999,-36.0511262221019],[-71.757088441,-36.0520773131019],[-71.7578829389999,-36.0515828881019]]]}},{"type":"Feature","properties":{"id":"7405011002010","commune":"Retiro","code":"07405","gse":"C3","quintil":"Q3","nse_score":706.3,"educ":11.3,"educ_score":553.3,"hacin":1.161,"hacin_class":"Hacinamiento Leve","hacin_score":816.7,"auto_score":166.7,"n_per":36,"n_hog":15,"source_year":2024,"crime_score":0.7306,"crime_nivel":"Medio","crime_color":"#ff9800"},"geometry":{"type":"Polygon","coordinates":[[[-71.7597920569999,-36.0506977741019],[-71.7589283289999,-36.0511764111018],[-71.759742705,-36.0521093871018],[-71.7605759839999,-36.0516358611019],[-71.7597920569999,-36.0506977741019]]]}},{"type":"Feature","properties":{"id":"7405011002011","commune":"Retiro","code":"07405","gse":"E","quintil":"Q1","nse_score":543.1,"educ":6.6,"educ_score":240.0,"hacin":1.128,"hacin_class":"Hacinamiento Leve","hacin_score":823.8,"auto_score":66.7,"n_per":44,"n_hog":15,"source_year":2024,"crime_score":0.8002,"crime_nivel":"Medio","crime_color":"#ff9800"},"geometry":{"type":"Polygon","coordinates":[[[-71.7550931219999,-36.0517019681018],[-71.75429385,-36.0507294071019],[-71.753504243,-36.0511798951019],[-71.7543134889999,-36.0521298801019],[-71.7550931219999,-36.0517019681018]]]}},{"type":"Feature","properties":{"id":"7405011002013","commune":"Retiro","code":"07405","gse":"C3","quintil":"Q3","nse_score":683.0,"educ":11.0,"educ_score":533.3,"hacin":1.265,"hacin_class":"Hacinamiento Leve","hacin_score":794.7,"auto_score":62.5,"n_per":43,"n_hog":14,"source_year":2024,"crime_score":0.7426,"crime_nivel":"Medio","crime_color":"#ff9800"},"geometry":{"type":"Polygon","coordinates":[[[-71.759637859,-36.0521136051019],[-71.758855621,-36.0512046731019],[-71.7580422199999,-36.0516564591019],[-71.7588444149999,-36.0525999061019],[-71.759637859,-36.0521136051019]]]}},{"type":"Feature","properties":{"id":"7405011002014","commune":"Retiro","code":"07405","gse":"D","quintil":"Q1","nse_score":616.3,"educ":9.2,"educ_score":413.3,"hacin":1.15,"hacin_class":"Hacinamiento Leve","hacin_score":819.1,"auto_score":52.6,"n_per":46,"n_hog":20,"source_year":2024,"crime_score":0.771,"crime_nivel":"Medio","crime_color":"#ff9800"},"geometry":{"type":"Polygon","coordinates":[[[-71.7568438939999,-36.0521651361019],[-71.7560559859999,-36.0512582091019],[-71.7552479809999,-36.0517124661019],[-71.756035746,-36.0526504061019],[-71.7568438939999,-36.0521651361019]]]}},{"type":"Feature","properties":{"id":"7405011002015","commune":"Retiro","code":"07405","gse":"D","quintil":"Q2","nse_score":635.4,"educ":8.7,"educ_score":380.0,"hacin":1.147,"hacin_class":"Hacinamiento Leve","hacin_score":819.8,"auto_score":125.0,"n_per":39,"n_hog":17,"source_year":2024,"crime_score":0.7606,"crime_nivel":"Medio","crime_color":"#ff9800"},"geometry":{"type":"Polygon","coordinates":[[[-71.758009495,-36.0530874271018],[-71.7587697049999,-36.0526502941019],[-71.7579551319999,-36.0516988411019],[-71.7571522039999,-36.0521552471018],[-71.758009495,-36.0530874271018]]]}},{"type":"Feature","properties":{"id":"7405011002016","commune":"Retiro","code":"07405","gse":"C3","quintil":"Q2","nse_score":653.3,"educ":10.0,"educ_score":466.7,"hacin":1.28,"hacin_class":"Hacinamiento Leve","hacin_score":791.6,"auto_score":91.7,"n_per":270,"n_hog":112,"source_year":2024,"crime_score":0.8386,"crime_nivel":"Medio","crime_color":"#ff9800"},"geometry":{"type":"Polygon","coordinates":[[[-71.7568675809999,-36.0552001481018],[-71.7600510259999,-36.0534805701018],[-71.7609956419999,-36.0545710471019],[-71.7598439359999,-36.0553139401019],[-71.760216366,-36.0556177531018],[-71.7606694209999,-36.0554340851018],[-71.7626028789999,-36.0540019951019],[-71.7606135899999,-36.0517052031019],[-71.7597908109999,-36.0521774961019],[-71.76052261,-36.0531542761019],[-71.7597142679999,-36.0522230601019],[-71.758913145,-36.0526547421019],[-71.7596529409999,-36.0536636091019],[-71.7588107319999,-36.0527159531019],[-71.7580154639999,-36.0531725491019],[-71.7588116019999,-36.0541264091018],[-71.7585979379999,-36.0542374081019],[-71.7577824379999,-36.0532852541019],[-71.7569743249999,-36.0537525941019],[-71.7577575299999,-36.0547049561019],[-71.7568931979999,-36.0537941171019],[-71.7561188349999,-36.0542111041019],[-71.7568675809999,-36.0552001481018]]]}},{"type":"Feature","properties":{"id":"7405011002017","commune":"Retiro","code":"07405","gse":"D","quintil":"Q1","nse_score":621.8,"educ":9.5,"educ_score":433.3,"hacin":1.108,"hacin_class":"Hacinamiento Leve","hacin_score":828.1,"auto_score":175.0,"n_per":41,"n_hog":16,"source_year":2024,"crime_score":0.7669,"crime_nivel":"Medio","crime_color":"#ff9800"},"geometry":{"type":"Polygon","coordinates":[[[-71.7559589659999,-36.0526606441019],[-71.7551797799999,-36.0517522481019],[-71.7543788849999,-36.0521942591018],[-71.7551639229999,-36.0531432631018],[-71.7559589659999,-36.0526606441019]]]}},{"type":"Feature","properties":{"id":"7405011002019","commune":"Retiro","code":"07405","gse":"C3","quintil":"Q2","nse_score":665.1,"educ":9.1,"educ_score":406.7,"hacin":1.333,"hacin_class":"Hacinamiento Leve","hacin_score":780.1,"auto_score":184.2,"n_per":44,"n_hog":19,"source_year":2024,"crime_score":0.7503,"crime_nivel":"Medio","crime_color":"#ff9800"},"geometry":{"type":"Polygon","coordinates":[[[-71.7576879639999,-36.0532655281019],[-71.756927447,-36.0522885791018],[-71.7561116929999,-36.0527213001018],[-71.7569035329999,-36.0536768051019],[-71.7576879639999,-36.0532655281019]]]}},{"type":"Feature","properties":{"id":"7405011002023","commune":"Retiro","code":"07405","gse":"C3","quintil":"Q2","nse_score":665.2,"educ":9.7,"educ_score":446.7,"hacin":1.034,"hacin_class":"Hacinamiento Leve","hacin_score":843.9,"auto_score":68.2,"n_per":154,"n_hog":64,"source_year":2024,"crime_score":0.7906,"crime_nivel":"Medio","crime_color":"#ff9800"},"geometry":{"type":"Polygon","coordinates":[[[-71.7624196439999,-36.0545508661018],[-71.7621991949999,-36.0544014601019],[-71.7618926469999,-36.0546206851018],[-71.7620854019999,-36.0548069481019],[-71.7618293659999,-36.0546678381018],[-71.7615201479999,-36.0548900981018],[-71.7616571719999,-36.0551140571018],[-71.7614543289999,-36.0549376701019],[-71.7607848009999,-36.0554670921019],[-71.7611130369999,-36.0558331901018],[-71.76171002,-36.0554192681018],[-71.7616102279999,-36.0552316731018],[-71.7622691219999,-36.0558360991018],[-71.7635266839999,-36.0551229461018],[-71.7626800139999,-36.0540971021019],[-71.7622719979999,-36.0543473281019],[-71.7624196439999,-36.0545508661018]]]}},{"type":"Feature","properties":{"id":"7405011002024","commune":"Retiro","code":"07405","gse":"C3","quintil":"Q3","nse_score":678.4,"educ":10.5,"educ_score":500.0,"hacin":1.393,"hacin_class":"Hacinamiento Leve","hacin_score":767.5,"auto_score":111.1,"n_per":78,"n_hog":26,"source_year":2024,"crime_score":0.7572,"crime_nivel":"Medio","crime_color":"#ff9800"},"geometry":{"type":"Polygon","coordinates":[[[-71.7621096539999,-36.0568130421018],[-71.7625828769999,-36.0572761991018],[-71.7628936139999,-36.0570305591018],[-71.7632770639999,-36.0572104381018],[-71.7639966959999,-36.0567902511018],[-71.7642894769999,-36.0568784881018],[-71.7648062229999,-36.0565666221018],[-71.76357078,-36.0551809611019],[-71.7626383669999,-36.0556963221019],[-71.7629802819999,-36.0561752761018],[-71.7621096539999,-36.0568130421018]]]}},{"type":"Feature","properties":{"id":"7405011002025","commune":"Retiro","code":"07405","gse":"D","quintil":"Q1","nse_score":598.6,"educ":8.7,"educ_score":380.0,"hacin":1.345,"hacin_class":"Hacinamiento Leve","hacin_score":777.7,"auto_score":0.0,"n_per":39,"n_hog":13,"source_year":2024,"crime_score":0.7756,"crime_nivel":"Medio","crime_color":"#ff9800"},"geometry":{"type":"Polygon","coordinates":[[[-71.7612273899999,-36.0558467771018],[-71.7616085149999,-36.0562080491018],[-71.7621866239999,-36.0558764851018],[-71.7617439549999,-36.0554533641018],[-71.7612273899999,-36.0558467771018]]]}},{"type":"Feature","properties":{"id":"7405011002026","commune":"Retiro","code":"07405","gse":"C3","quintil":"Q2","nse_score":661.4,"educ":10.4,"educ_score":493.3,"hacin":1.585,"hacin_class":"Hacinamiento Medio","hacin_score":726.6,"auto_score":57.7,"n_per":84,"n_hog":26,"source_year":2024,"crime_score":0.7665,"crime_nivel":"Medio","crime_color":"#ff9800"},"geometry":{"type":"Polygon","coordinates":[[[-71.7599202989999,-36.0554579121019],[-71.7589644839999,-36.0560353171018],[-71.7589574279999,-36.0560733801018],[-71.7591699099999,-36.0562544841018],[-71.7601262839999,-36.0556715951018],[-71.7599202989999,-36.0554579121019]]]}},{"type":"Feature","properties":{"id":"7405011002027","commune":"Retiro","code":"07405","gse":"D","quintil":"Q1","nse_score":618.7,"educ":9.1,"educ_score":406.7,"hacin":1.46,"hacin_class":"Hacinamiento Leve","hacin_score":753.3,"auto_score":137.5,"n_per":108,"n_hog":40,"source_year":2024,"crime_score":0.7934,"crime_nivel":"Medio","crime_color":"#ff9800"},"geometry":{"type":"Polygon","coordinates":[[[-71.7602447339999,-36.0556494151018],[-71.7618450269999,-36.0573779611018],[-71.7622698119999,-36.0575632601018],[-71.7624961849999,-36.0573649001018],[-71.7606981579999,-36.0554655971019],[-71.7602447339999,-36.0556494151018]]]}},{"type":"Feature","properties":{"id":"7405011002028","commune":"Retiro","code":"07405","gse":"C3","quintil":"Q2","nse_score":672.0,"educ":9.7,"educ_score":446.7,"hacin":1.407,"hacin_class":"Hacinamiento Leve","hacin_score":764.4,"auto_score":60.0,"n_per":76,"n_hog":25,"source_year":2024,"crime_score":0.7592,"crime_nivel":"Medio","crime_color":"#ff9800"},"geometry":{"type":"Polygon","coordinates":[[[-71.760355048,-36.0558702601018],[-71.7601474759999,-36.0556952451018],[-71.7591849049999,-36.0563192921018],[-71.7593889219999,-36.0564934371018],[-71.760355048,-36.0558702601018]]]}},{"type":"Feature","properties":{"id":"7405011002029","commune":"Retiro","code":"07405","gse":"D","quintil":"Q1","nse_score":617.2,"educ":9.8,"educ_score":453.3,"hacin":1.546,"hacin_class":"Hacinamiento Medio","hacin_score":735.0,"auto_score":230.8,"n_per":34,"n_hog":13,"source_year":2024,"crime_score":0.7661,"crime_nivel":"Medio","crime_color":"#ff9800"},"geometry":{"type":"Polygon","coordinates":[[[-71.7624453909999,-36.0565219501018],[-71.7629265959999,-36.0561567251018],[-71.7625921039999,-36.0557223771018],[-71.7620427689999,-36.0560317541018],[-71.7624453909999,-36.0565219501018]]]}},{"type":"Feature","properties":{"id":"7405011002031","commune":"Retiro","code":"07405","gse":"D","quintil":"Q2","nse_score":646.4,"educ":10.3,"educ_score":486.7,"hacin":1.432,"hacin_class":"Hacinamiento Leve","hacin_score":759.2,"auto_score":120.0,"n_per":63,"n_hog":22,"source_year":2024,"crime_score":0.765,"crime_nivel":"Medio","crime_color":"#ff9800"},"geometry":{"type":"Polygon","coordinates":[[[-71.7604190779999,-36.0559419671019],[-71.7594124399999,-36.0565193441018],[-71.7594064879999,-36.0565591251018],[-71.7596156509999,-36.0567355361019],[-71.7605713209999,-36.0561513481018],[-71.7604190779999,-36.0559419671019]]]}},{"type":"Feature","properties":{"id":"7405011002032","commune":"Retiro","code":"07405","gse":"D","quintil":"Q2","nse_score":629.3,"educ":9.6,"educ_score":440.0,"hacin":1.875,"hacin_class":"Hacinamiento Medio","hacin_score":664.9,"auto_score":38.5,"n_per":45,"n_hog":12,"source_year":2024,"crime_score":0.7653,"crime_nivel":"Medio","crime_color":"#ff9800"},"geometry":{"type":"Polygon","coordinates":[[[-71.7623871479999,-36.0565384271018],[-71.7619824379999,-36.0560648701018],[-71.7616378319999,-36.0562655951018],[-71.7620465449999,-36.0567269011018],[-71.7623871479999,-36.0565384271018]]]}},{"type":"Feature","properties":{"id":"7405011002034","commune":"Retiro","code":"07405","gse":"C3","quintil":"Q2","nse_score":666.7,"educ":9.9,"educ_score":460.0,"hacin":1.386,"hacin_class":"Hacinamiento Leve","hacin_score":768.9,"auto_score":80.0,"n_per":61,"n_hog":25,"source_year":2024,"crime_score":0.7559,"crime_nivel":"Medio","crime_color":"#ff9800"},"geometry":{"type":"Polygon","coordinates":[[[-71.7606032899999,-36.0561757011018],[-71.759630291,-36.0567656681018],[-71.7596290659999,-36.0567990511018],[-71.7598320449999,-36.0569770341018],[-71.7607930339999,-36.0563916491018],[-71.7606032899999,-36.0561757011018]]]}},{"type":"Feature","properties":{"id":"7405011002035","commune":"Retiro","code":"07405","gse":"D","quintil":"Q2","nse_score":645.5,"educ":10.0,"educ_score":466.7,"hacin":1.44,"hacin_class":"Hacinamiento Leve","hacin_score":757.5,"auto_score":112.1,"n_per":478,"n_hog":159,"source_year":2024,"crime_score":0.8533,"crime_nivel":"Medio","crime_color":"#ff9800"},"geometry":{"type":"Polygon","coordinates":[[[-71.7576792479999,-36.0568223791018],[-71.7599002949999,-36.0592936991018],[-71.7606887279999,-36.0586453141018],[-71.7605447749999,-36.0585521141018],[-71.7597384689999,-36.0590517851018],[-71.7596760029999,-36.0589870521018],[-71.7604995489999,-36.0584345231018],[-71.7602792629999,-36.0582446591018],[-71.7595456589999,-36.0587027111018],[-71.7595029949999,-36.0586583871018],[-71.7602578729999,-36.0581804391018],[-71.7600507849999,-36.0580040441018],[-71.7593258059999,-36.0584621621018],[-71.7600291709999,-36.0579791741018],[-71.7598329759999,-36.0577643121018],[-71.7591001689999,-36.0582241311018],[-71.7598056719999,-36.0577393061018],[-71.7596111529999,-36.0575217391018],[-71.7588795649999,-36.0579830031018],[-71.7588376149999,-36.0579380651018],[-71.7595872879999,-36.0574987241018],[-71.7594337899999,-36.0572870511018],[-71.7585741659999,-36.0577944991018],[-71.759371428,-36.0572196521018],[-71.7591650329999,-36.0570405341018],[-71.7584371109999,-36.0575035161018],[-71.7583963029999,-36.0574597441018],[-71.7591447519999,-36.0569801441018],[-71.7589448419999,-36.0568059041018],[-71.7582162529999,-36.0572602561018],[-71.7589183969999,-36.0567844561018],[-71.7587227459999,-36.0565691181018],[-71.7580157779999,-36.0570067391018],[-71.757975702,-36.0569618151018],[-71.7586992439999,-36.0565426971018],[-71.7585474279999,-36.0563331701018],[-71.7576792479999,-36.0568223791018]]]}},{"type":"Feature","properties":{"id":"7405011002036","commune":"Retiro","code":"07405","gse":"C3","quintil":"Q2","nse_score":660.5,"educ":10.9,"educ_score":526.7,"hacin":1.388,"hacin_class":"Hacinamiento Leve","hacin_score":768.6,"auto_score":173.1,"n_per":68,"n_hog":22,"source_year":2024,"crime_score":0.761,"crime_nivel":"Medio","crime_color":"#ff9800"},"geometry":{"type":"Polygon","coordinates":[[[-71.7610222589999,-36.0565934741018],[-71.760816298,-36.0564170101018],[-71.7595027749999,-36.0572508841018],[-71.7597032569999,-36.0574246331018],[-71.7610222589999,-36.0565934741018]]]}},{"type":"Feature","properties":{"id":"7405011002038","commune":"Retiro","code":"07405","gse":"C3","quintil":"Q3","nse_score":685.9,"educ":12.0,"educ_score":600.0,"hacin":1.8,"hacin_class":"Hacinamiento Medio","hacin_score":680.9,"auto_score":291.7,"n_per":72,"n_hog":24,"source_year":2024,"crime_score":0.752,"crime_nivel":"Medio","crime_color":"#ff9800"},"geometry":{"type":"Polygon","coordinates":[[[-71.7610862139999,-36.0566618621018],[-71.7597266029999,-36.0574482831018],[-71.759721613,-36.0574903671018],[-71.7599240069999,-36.0576683641018],[-71.7612373769999,-36.0568714661018],[-71.7610862139999,-36.0566618621018]]]}},{"type":"Feature","properties":{"id":"7405011002039","commune":"Retiro","code":"07405","gse":"C3","quintil":"Q3","nse_score":675.2,"educ":11.8,"educ_score":586.7,"hacin":1.702,"hacin_class":"Hacinamiento Medio","hacin_score":701.7,"auto_score":166.7,"n_per":80,"n_hog":25,"source_year":2024,"crime_score":0.7593,"crime_nivel":"Medio","crime_color":"#ff9800"},"geometry":{"type":"Polygon","coordinates":[[[-71.7614618469999,-36.0570718741018],[-71.7612612009999,-36.0568985541018],[-71.7599400189999,-36.0577327831018],[-71.7601479309999,-36.0579089831018],[-71.7614618469999,-36.0570718741018]]]}},{"type":"Feature","properties":{"id":"7405011002040","commune":"Retiro","code":"07405","gse":"C3","quintil":"Q3","nse_score":707.6,"educ":11.1,"educ_score":540.0,"hacin":1.397,"hacin_class":"Hacinamiento Leve","hacin_score":766.6,"auto_score":183.3,"n_per":176,"n_hog":60,"source_year":2024,"crime_score":0.7802,"crime_nivel":"Medio","crime_color":"#ff9800"},"geometry":{"type":"Polygon","coordinates":[[[-71.7652610829999,-36.0570670631018],[-71.7642148629999,-36.0575950621018],[-71.7639732209999,-36.0578705471018],[-71.7642640639999,-36.0580211761018],[-71.7642304459999,-36.0580628961018],[-71.7639534899999,-36.0578930411018],[-71.763727221,-36.0581509991018],[-71.7640441349999,-36.0583146391018],[-71.7640016919999,-36.0583547821018],[-71.7637026559999,-36.0581790041018],[-71.7634875339999,-36.0584242491018],[-71.7638604119999,-36.0587471821018],[-71.7646169769999,-36.0582362401018],[-71.7645246519999,-36.0584124501018],[-71.7651751029999,-36.0591008461018],[-71.7655260429999,-36.0589265121018],[-71.7648338899999,-36.0581883691018],[-71.7650395759999,-36.0583250301018],[-71.7653541989999,-36.0581270601018],[-71.7651958379999,-36.0579472191018],[-71.7654114889999,-36.0580895071018],[-71.7658846209999,-36.0577745881018],[-71.7652610829999,-36.0570670631018]]]}},{"type":"Feature","properties":{"id":"7405011002042","commune":"Retiro","code":"07405","gse":"C3","quintil":"Q3","nse_score":683.6,"educ":11.4,"educ_score":560.0,"hacin":1.611,"hacin_class":"Hacinamiento Medio","hacin_score":721.0,"auto_score":216.7,"n_per":87,"n_hog":29,"source_year":2024,"crime_score":0.7584,"crime_nivel":"Medio","crime_color":"#ff9800"},"geometry":{"type":"Polygon","coordinates":[[[-71.7616816549999,-36.0573142341018],[-71.7614756489999,-36.0571376881018],[-71.7601642549999,-36.0579727051018],[-71.7603681439999,-36.0581472091018],[-71.7616816549999,-36.0573142341018]]]}},{"type":"Feature","properties":{"id":"7405011002043","commune":"Retiro","code":"07405","gse":"D","quintil":"Q2","nse_score":639.6,"educ":9.9,"educ_score":460.0,"hacin":1.556,"hacin_class":"Hacinamiento Medio","hacin_score":732.9,"auto_score":392.9,"n_per":42,"n_hog":12,"source_year":2024,"crime_score":0.76,"crime_nivel":"Medio","crime_color":"#ff9800"},"geometry":{"type":"Polygon","coordinates":[[[-71.7616978269999,-36.0573759901018],[-71.760392453,-36.0581725561018],[-71.7603889729999,-36.0582116241018],[-71.7606379719999,-36.0584128581018],[-71.7618114829999,-36.0574517031018],[-71.7616978269999,-36.0573759901018]]]}},{"type":"Feature","properties":{"id":"7405011002044","commune":"Retiro","code":"07405","gse":"C3","quintil":"Q3","nse_score":704.4,"educ":12.5,"educ_score":633.3,"hacin":1.458,"hacin_class":"Hacinamiento Leve","hacin_score":753.7,"auto_score":208.3,"n_per":86,"n_hog":29,"source_year":2024,"crime_score":0.7493,"crime_nivel":"Medio","crime_color":"#ff9800"},"geometry":{"type":"Polygon","coordinates":[[[-71.7619544129999,-36.0574980351018],[-71.7606785569999,-36.0584777021018],[-71.7607895179999,-36.0586013031018],[-71.7611733219999,-36.0583735511018],[-71.7612112939999,-36.0584181301018],[-71.7608134729999,-36.0586312731018],[-71.7609512579999,-36.0588427111018],[-71.7614229829999,-36.0586601471018],[-71.7610228499999,-36.0588744451018],[-71.7611642729999,-36.0590891371018],[-71.7615992369999,-36.0588630661018],[-71.7612246679999,-36.0591540591018],[-71.7614800239999,-36.0594347781018],[-71.7620138629999,-36.0591639801018],[-71.7623429959999,-36.0588064541018],[-71.7616274969999,-36.0582319741018],[-71.7622456309999,-36.0576535391018],[-71.7619544129999,-36.0574980351018]]]}},{"type":"Feature","properties":{"id":"7405011002045","commune":"Retiro","code":"07405","gse":"C1","quintil":"Q5","nse_score":782.2,"educ":13.4,"educ_score":693.3,"hacin":1.118,"hacin_class":"Hacinamiento Leve","hacin_score":826.0,"auto_score":357.1,"n_per":19,"n_hog":6,"source_year":2024,"crime_score":0.6938,"crime_nivel":"Medio","crime_color":"#ff9800"},"geometry":{"type":"Polygon","coordinates":[[[-71.7623819019999,-36.0587617441018],[-71.7629741179999,-36.0580811561018],[-71.7623006739999,-36.0576850091018],[-71.7616950149999,-36.0582164481018],[-71.7623819019999,-36.0587617441018]]]}},{"type":"Feature","properties":{"id":"7405011002046","commune":"Retiro","code":"07405","gse":"C3","quintil":"Q3","nse_score":701.9,"educ":12.7,"educ_score":646.7,"hacin":1.636,"hacin_class":"Hacinamiento Medio","hacin_score":715.7,"auto_score":285.7,"n_per":18,"n_hog":6,"source_year":2024,"crime_score":0.7259,"crime_nivel":"Medio","crime_color":"#ff9800"},"geometry":{"type":"Polygon","coordinates":[[[-71.7661338299999,-36.0580598251018],[-71.765912108,-36.0578139431018],[-71.7654245069999,-36.0581309091018],[-71.7656668509999,-36.0583761341018],[-71.7661338299999,-36.0580598251018]]]}},{"type":"Feature","properties":{"id":"7405011002047","commune":"Retiro","code":"07405","gse":"D","quintil":"Q2","nse_score":650.2,"educ":10.2,"educ_score":480.0,"hacin":1.46,"hacin_class":"Hacinamiento Leve","hacin_score":753.2,"auto_score":120.4,"n_per":635,"n_hog":219,"source_year":2024,"crime_score":0.8511,"crime_nivel":"Medio","crime_color":"#ff9800"},"geometry":{"type":"Polygon","coordinates":[[[-71.7627095289999,-36.0584777461018],[-71.7633295449999,-36.0591797331018],[-71.7626810709999,-36.0585104511018],[-71.7624611219999,-36.0587632201018],[-71.7630610419999,-36.0594660391018],[-71.7624324999999,-36.0587961121018],[-71.7622142939999,-36.0590468771018],[-71.762865959,-36.0598012551018],[-71.7631431299999,-36.0596515281018],[-71.762892727,-36.0598322421018],[-71.7631060589999,-36.0600791951018],[-71.7634112569999,-36.0599380281018],[-71.7631328399999,-36.0601101961018],[-71.7633306109999,-36.0603391331018],[-71.7636360899999,-36.0602042211018],[-71.7633573769999,-36.0603701171018],[-71.763474529,-36.0605057291018],[-71.7621826299999,-36.0591111911018],[-71.7615282689999,-36.0595123031018],[-71.7617707899999,-36.0597967061018],[-71.7622650749999,-36.0596062301018],[-71.7618354779999,-36.0598379611018],[-71.7620063299999,-36.0600662111018],[-71.7625828659999,-36.0598198941018],[-71.7620374899999,-36.0601034931018],[-71.7622281209999,-36.0603206221018],[-71.762757012,-36.0600172571018],[-71.7622603719999,-36.0603572861018],[-71.7624452499999,-36.0605674571018],[-71.7628767769999,-36.0603178151018],[-71.7629225279999,-36.0603663591018],[-71.7624775019999,-36.0606041211018],[-71.7626609769999,-36.0608126961018],[-71.7630900929999,-36.0605641111018],[-71.762693226,-36.0608493561018],[-71.7628690639999,-36.0610431071018],[-71.7632988539999,-36.0608019271018],[-71.762918667,-36.0610968081018],[-71.7630943969999,-36.0612827871018],[-71.7635421319999,-36.0610998141018],[-71.7631330289999,-36.0613272031018],[-71.7632994009999,-36.0615415671018],[-71.7639664659999,-36.0611903021018],[-71.7637783319999,-36.0609173501018],[-71.7641629349999,-36.0606478711018],[-71.763922997,-36.0603997691018],[-71.7636022859999,-36.0606959631018],[-71.7638925709999,-36.0603527801018],[-71.763705737,-36.0600589411018],[-71.7639189359999,-36.0598809761018],[-71.7637167079999,-36.0597012971018],[-71.763448363,-36.0598352511018],[-71.7636817799999,-36.0596598961018],[-71.7633897809999,-36.0593810341018],[-71.7631190139999,-36.0595262451018],[-71.7637830929999,-36.0587726371018],[-71.7635989319999,-36.0586183701018],[-71.7634312599999,-36.0587364001018],[-71.7635375829999,-36.0588979691018],[-71.7633242159999,-36.0587956411018],[-71.7635641249999,-36.0585783371018],[-71.7633352809999,-36.0583728181018],[-71.763097936,-36.0585232081018],[-71.7632924149999,-36.0583332691018],[-71.7630402029999,-36.0580989951018],[-71.7627095289999,-36.0584777461018]]]}},{"type":"Feature","properties":{"id":"7405011002048","commune":"Retiro","code":"07405","gse":"C2","quintil":"Q4","nse_score":771.9,"educ":13.3,"educ_score":686.7,"hacin":1.214,"hacin_class":"Hacinamiento Leve","hacin_score":805.5,"auto_score":138.9,"n_per":51,"n_hog":18,"source_year":2024,"crime_score":0.709,"crime_nivel":"Medio","crime_color":"#ff9800"},"geometry":{"type":"Polygon","coordinates":[[[-71.7655644299999,-36.0589062771018],[-71.7663841509999,-36.0584091411018],[-71.7662003609999,-36.0581339941018],[-71.7653193439999,-36.0586239831018],[-71.7655644299999,-36.0589062771018]]]}},{"type":"Feature","properties":{"id":"7405011002049","commune":"Retiro","code":"07405","gse":"C2","quintil":"Q3","nse_score":714.1,"educ":11.2,"educ_score":546.7,"hacin":1.417,"hacin_class":"Hacinamiento Leve","hacin_score":762.4,"auto_score":83.3,"n_per":17,"n_hog":6,"source_year":2024,"crime_score":0.7206,"crime_nivel":"Medio","crime_color":"#ff9800"},"geometry":{"type":"Polygon","coordinates":[[[-71.7652764549999,-36.0586037031018],[-71.7656216499999,-36.0584071001018],[-71.7654000549999,-36.0581458031018],[-71.7650541479999,-36.0583410701018],[-71.7652764549999,-36.0586037031018]]]}},{"type":"Feature","properties":{"id":"7405011002050","commune":"Retiro","code":"07405","gse":"C2","quintil":"Q3","nse_score":710.4,"educ":11.9,"educ_score":593.3,"hacin":1.692,"hacin_class":"Hacinamiento Medio","hacin_score":703.8,"auto_score":95.2,"n_per":66,"n_hog":21,"source_year":2024,"crime_score":0.7396,"crime_nivel":"Medio","crime_color":"#ff9800"},"geometry":{"type":"Polygon","coordinates":[[[-71.7651242699999,-36.0591358491018],[-71.764455816,-36.0584401381018],[-71.7641962429999,-36.0586006491018],[-71.7649050439999,-36.0592810671018],[-71.7651242699999,-36.0591358491018]]]}},{"type":"Feature","properties":{"id":"7405011002051","commune":"Retiro","code":"07405","gse":"C3","quintil":"Q3","nse_score":687.9,"educ":10.4,"educ_score":493.3,"hacin":1.567,"hacin_class":"Hacinamiento Medio","hacin_score":730.4,"auto_score":300.0,"n_per":105,"n_hog":35,"source_year":2024,"crime_score":0.7631,"crime_nivel":"Medio","crime_color":"#ff9800"},"geometry":{"type":"Polygon","coordinates":[[[-71.7664541239999,-36.0584366591018],[-71.7647066119999,-36.0595178751018],[-71.7653139449999,-36.0600860281018],[-71.7655435999999,-36.0600382771018],[-71.7643267639999,-36.0610487701018],[-71.7633376349999,-36.0615856191017],[-71.7636270969999,-36.0619622301018],[-71.7665034979999,-36.0596171371018],[-71.7667287189999,-36.0596522221018],[-71.7671561429999,-36.0593735271018],[-71.7664541239999,-36.0584366591018]]]}},{"type":"Feature","properties":{"id":"7405011002052","commune":"Retiro","code":"07405","gse":"C3","quintil":"Q2","nse_score":672.5,"educ":10.8,"educ_score":520.0,"hacin":1.478,"hacin_class":"Hacinamiento Leve","hacin_score":749.3,"auto_score":142.9,"n_per":405,"n_hog":148,"source_year":2024,"crime_score":0.8409,"crime_nivel":"Medio","crime_color":"#ff9800"},"geometry":{"type":"Polygon","coordinates":[[[-71.7606887279999,-36.0586453141018],[-71.7599002949999,-36.0592936991018],[-71.7628787689999,-36.0626074721018],[-71.7636270969999,-36.0619622301018],[-71.7634731619999,-36.0618693241017],[-71.7629175279999,-36.0621719781018],[-71.7629981709999,-36.0622720191018],[-71.762841825,-36.0622274371018],[-71.7627968989999,-36.0621778731018],[-71.7634267489999,-36.0618402121018],[-71.7632537089999,-36.0616268681018],[-71.7626078469999,-36.0619899941018],[-71.7632222049999,-36.0615897871018],[-71.7630626319999,-36.0613780091018],[-71.7623708209999,-36.0617459431018],[-71.7630126829999,-36.0613249121018],[-71.7628360889999,-36.0611302411018],[-71.7621688849999,-36.0614939761018],[-71.7616874149999,-36.0608652371018],[-71.7621607519999,-36.0603648181018],[-71.7619933459999,-36.0601599961018],[-71.761272017,-36.0605387321018],[-71.7619252989999,-36.0601109581018],[-71.7617782589999,-36.0598976901018],[-71.7609748079999,-36.0602692951018],[-71.7617091189999,-36.0598541611018],[-71.7615342039999,-36.0596566081018],[-71.7607679499999,-36.0600227461018],[-71.7615103049999,-36.0596153301018],[-71.7613536369999,-36.0594091881018],[-71.7605735789999,-36.0598266651018],[-71.7612857399999,-36.0593688941018],[-71.7611615679999,-36.0591942761018],[-71.7603833659999,-36.0596158031018],[-71.7610878579999,-36.0591649751018],[-71.7609460069999,-36.0589506501018],[-71.7601448459999,-36.0593483611018],[-71.7601262109999,-36.0591483871018],[-71.7602347529999,-36.0592794241018],[-71.760877692,-36.0589202711018],[-71.7606887279999,-36.0586453141018]]]}},{"type":"Feature","properties":{"id":"7405011002053","commune":"Retiro","code":"07405","gse":"C3","quintil":"Q2","nse_score":653.2,"educ":10.9,"educ_score":526.7,"hacin":1.592,"hacin_class":"Hacinamiento Medio","hacin_score":725.1,"auto_score":17.9,"n_per":78,"n_hog":25,"source_year":2024,"crime_score":0.7677,"crime_nivel":"Medio","crime_color":"#ff9800"},"geometry":{"type":"Polygon","coordinates":[[[-71.7648545419999,-36.0593026231018],[-71.7641542399999,-36.0586541631018],[-71.763916606,-36.0587920271018],[-71.7646266829999,-36.0594549221018],[-71.7648545419999,-36.0593026231018]]]}},{"type":"Feature","properties":{"id":"7405011002054","commune":"Retiro","code":"07405","gse":"C3","quintil":"Q3","nse_score":675.2,"educ":11.1,"educ_score":540.0,"hacin":1.482,"hacin_class":"Hacinamiento Leve","hacin_score":748.6,"auto_score":0.0,"n_per":80,"n_hog":25,"source_year":2024,"crime_score":0.7593,"crime_nivel":"Medio","crime_color":"#ff9800"},"geometry":{"type":"Polygon","coordinates":[[[-71.7645673459999,-36.0594821661018],[-71.7638663899999,-36.0588550661018],[-71.7636667549999,-36.0590275451018],[-71.7642954339999,-36.0596466071018],[-71.7645673459999,-36.0594821661018]]]}},{"type":"Feature","properties":{"id":"7405011002055","commune":"Retiro","code":"07405","gse":"C2","quintil":"Q4","nse_score":724.3,"educ":11.1,"educ_score":540.0,"hacin":1.396,"hacin_class":"Hacinamiento Leve","hacin_score":766.8,"auto_score":456.5,"n_per":74,"n_hog":22,"source_year":2024,"crime_score":0.7367,"crime_nivel":"Medio","crime_color":"#ff9800"},"geometry":{"type":"Polygon","coordinates":[[[-71.7642467109999,-36.0596834791018],[-71.7636158139999,-36.0591090831018],[-71.7634284929999,-36.0592835921018],[-71.7639571199999,-36.0598227461018],[-71.7642467109999,-36.0596834791018]]]}},{"type":"Feature","properties":{"id":"7405011002056","commune":"Retiro","code":"07405","gse":"D","quintil":"Q1","nse_score":615.4,"educ":10.8,"educ_score":520.0,"hacin":1.75,"hacin_class":"Hacinamiento Medio","hacin_score":691.5,"auto_score":100.0,"n_per":63,"n_hog":19,"source_year":2024,"crime_score":0.7778,"crime_nivel":"Medio","crime_color":"#ff9800"},"geometry":{"type":"Polygon","coordinates":[[[-71.765275819,-36.0601753981018],[-71.7646683339999,-36.0595747261018],[-71.7643844249999,-36.0597023991018],[-71.7650381229999,-36.0603242341018],[-71.765275819,-36.0601753981018]]]}},{"type":"Feature","properties":{"id":"7405011002057","commune":"Retiro","code":"07405","gse":"D","quintil":"Q2","nse_score":629.3,"educ":11.5,"educ_score":566.7,"hacin":1.575,"hacin_class":"Hacinamiento Medio","hacin_score":728.7,"auto_score":160.0,"n_per":63,"n_hog":19,"source_year":2024,"crime_score":0.772,"crime_nivel":"Medio","crime_color":"#ff9800"},"geometry":{"type":"Polygon","coordinates":[[[-71.7649864079999,-36.0604049721018],[-71.7643146089999,-36.0597550411018],[-71.7640816879999,-36.0598824671018],[-71.7647599159999,-36.0605433991018],[-71.7649864079999,-36.0604049721018]]]}},{"type":"Feature","properties":{"id":"7405011002058","commune":"Retiro","code":"07405","gse":"C3","quintil":"Q3","nse_score":676.0,"educ":10.9,"educ_score":526.7,"hacin":1.423,"hacin_class":"Hacinamiento Leve","hacin_score":761.0,"auto_score":129.6,"n_per":74,"n_hog":25,"source_year":2024,"crime_score":0.7568,"crime_nivel":"Medio","crime_color":"#ff9800"},"geometry":{"type":"Polygon","coordinates":[[[-71.7647080829999,-36.0605773621018],[-71.7640391259999,-36.0599472851018],[-71.7637717229999,-36.0600724311018],[-71.7644020979999,-36.0608317781018],[-71.7647080829999,-36.0605773621018]]]}},{"type":"Feature","properties":{"id":"7405011002059","commune":"Retiro","code":"07405","gse":"E","quintil":"Q1","nse_score":589.8,"educ":10.2,"educ_score":480.0,"hacin":1.667,"hacin_class":"Hacinamiento Medio","hacin_score":709.2,"auto_score":25.0,"n_per":50,"n_hog":15,"source_year":2024,"crime_score":0.7834,"crime_nivel":"Medio","crime_color":"#ff9800"},"geometry":{"type":"Polygon","coordinates":[[[-71.7625243749999,-36.0612332351018],[-71.7628006739999,-36.0610640511018],[-71.7622093179999,-36.0603900911018],[-71.7619858869999,-36.0606250241018],[-71.7625243749999,-36.0612332351018]]]}},{"type":"Feature","properties":{"id":"7405011002060","commune":"Retiro","code":"07405","gse":"E","quintil":"Q1","nse_score":569.9,"educ":9.1,"educ_score":406.7,"hacin":1.655,"hacin_class":"Hacinamiento Medio","hacin_score":711.7,"auto_score":31.2,"n_per":48,"n_hog":13,"source_year":2024,"crime_score":0.7908,"crime_nivel":"Medio","crime_color":"#ff9800"},"geometry":{"type":"Polygon","coordinates":[[[-71.7622108799999,-36.0614120991018],[-71.7624632459999,-36.0612669941018],[-71.7619358579999,-36.0606620321018],[-71.7617432999999,-36.0608581191018],[-71.7622108799999,-36.0614120991018]]]}},{"type":"Feature","properties":{"id":"7405011002061","commune":"Retiro","code":"07405","gse":"C3","quintil":"Q3","nse_score":704.2,"educ":11.2,"educ_score":546.7,"hacin":1.833,"hacin_class":"Hacinamiento Medio","hacin_score":673.8,"auto_score":83.3,"n_per":44,"n_hog":12,"source_year":2024,"crime_score":0.7343,"crime_nivel":"Medio","crime_color":"#ff9800"},"geometry":{"type":"Polygon","coordinates":[[[-71.7643484319999,-36.0608637881018],[-71.7641990949999,-36.0607196101018],[-71.7638347149999,-36.0609423541018],[-71.7640117279999,-36.0611642521017],[-71.7643484319999,-36.0608637881018]]]}},{"type":"Feature","properties":{"id":"7405011002020","commune":"Retiro","code":"07405","gse":"E","quintil":"Q1","nse_score":555.7,"educ":8.1,"educ_score":340.0,"hacin":1.333,"hacin_class":"Hacinamiento Leve","hacin_score":780.1,"auto_score":214.3,"n_per":36,"n_hog":14,"source_year":2024,"crime_score":0.7919,"crime_nivel":"Medio","crime_color":"#ff9800"},"geometry":{"type":"MultiPolygon","coordinates":[[[[-71.7559640489999,-36.0544838801019],[-71.7561897309999,-36.0544508541018],[-71.7551346469999,-36.0532204961019],[-71.7549448849999,-36.0533336201018],[-71.7559640489999,-36.0544838801019]]],[[[-71.7560525069999,-36.0541678381019],[-71.7568347199999,-36.0537245331018],[-71.7560125319999,-36.0527708081018],[-71.7552297859999,-36.0532209691019],[-71.7560525069999,-36.0541678381019]]]]}},{"type":"Feature","properties":{"id":"7405011002037","commune":"Retiro","code":"07405","gse":"C2","quintil":"Q4","nse_score":732.3,"educ":12.9,"educ_score":660.0,"hacin":1.385,"hacin_class":"Hacinamiento Leve","hacin_score":769.2,"auto_score":62.5,"n_per":18,"n_hog":7,"source_year":2024,"crime_score":0.7136,"crime_nivel":"Medio","crime_color":"#ff9800"},"geometry":{"type":"MultiPolygon","coordinates":[[[[-71.7627276369999,-36.0578263211018],[-71.7632243319999,-36.0573148491019],[-71.76292767,-36.0570807851018],[-71.7623620779999,-36.0575958311018],[-71.7627276369999,-36.0578263211018]]],[[[-71.7642857879999,-36.0569316571018],[-71.7640344719999,-36.0568293951019],[-71.7634296089999,-36.0571893441018],[-71.7628335029999,-36.0578854401018],[-71.763442929,-36.0583830691018],[-71.7641711059999,-36.0575540941018],[-71.7652239969999,-36.0570223781018],[-71.7648610759999,-36.0566370071018],[-71.7642857879999,-36.0569316571018]]]]}},{"type":"Feature","properties":{"id":"7405031001001","commune":"Retiro","code":"07405","gse":"D","quintil":"Q2","nse_score":645.8,"educ":10.1,"educ_score":473.3,"hacin":1.469,"hacin_class":"Hacinamiento Leve","hacin_score":751.3,"auto_score":116.5,"n_per":260,"n_hog":94,"source_year":2024,"crime_score":0.8383,"crime_nivel":"Medio","crime_color":"#ff9800"},"geometry":{"type":"Polygon","coordinates":[[[-71.7996313189999,-36.0861793761016],[-71.7974618719999,-36.0886405451015],[-71.7974266529999,-36.0888904731015],[-71.7983700539999,-36.0893125151015],[-71.7985363169999,-36.0888745711015],[-71.7983077869999,-36.0887125901015],[-71.7991732599999,-36.0890674581015],[-71.7992154319999,-36.0888133701015],[-71.7984165969999,-36.0884889491015],[-71.7992249469999,-36.0887560361015],[-71.7993031919999,-36.0885323831015],[-71.7985523279999,-36.0882015071015],[-71.7993349299999,-36.0884824941015],[-71.7994839589999,-36.0882556271015],[-71.7987675969999,-36.0879622171015],[-71.7992492189999,-36.0881009901015],[-71.7993750669999,-36.0879006391015],[-71.7989627689999,-36.0877049721015],[-71.7994092149999,-36.0878577271015],[-71.7995504229999,-36.0876333281015],[-71.7991187789999,-36.0874407451015],[-71.7995910519999,-36.0875902641015],[-71.7997364319999,-36.0873920881015],[-71.7992333859999,-36.0871064181015],[-71.7997905799999,-36.0873645001015],[-71.7993522509999,-36.0880801571015],[-71.7994655899999,-36.0881669991015],[-71.7999274009999,-36.0876095171015],[-71.8001138469999,-36.0875489701015],[-71.8012014709999,-36.0880865041015],[-71.80194646,-36.0882217951015],[-71.8025792849999,-36.0874398391015],[-71.7996313189999,-36.0861793761016]]]}},{"type":"Feature","properties":{"id":"7405031001002","commune":"Retiro","code":"07405","gse":"D","quintil":"Q2","nse_score":638.2,"educ":9.3,"educ_score":420.0,"hacin":1.41,"hacin_class":"Hacinamiento Leve","hacin_score":763.8,"auto_score":89.7,"n_per":220,"n_hog":78,"source_year":2024,"crime_score":0.8268,"crime_nivel":"Medio","crime_color":"#ff9800"},"geometry":{"type":"Polygon","coordinates":[[[-71.8062649849999,-36.0916376461015],[-71.8036133639999,-36.0894337921015],[-71.8036473339999,-36.0892202831015],[-71.8029949319999,-36.0886912881015],[-71.8036235459999,-36.0878866611015],[-71.8026222759999,-36.0874625381015],[-71.8019960689999,-36.0882682131015],[-71.8004933959999,-36.0894845421015],[-71.80088208,-36.0898106791015],[-71.8012162629999,-36.0895527591015],[-71.8010346249999,-36.0893657471015],[-71.8012969849999,-36.0891599011015],[-71.8015880029999,-36.0893902831015],[-71.8018122389999,-36.0892121611015],[-71.801578263,-36.0889454041015],[-71.8018707119999,-36.0891789121015],[-71.8020695189999,-36.0890209901015],[-71.8018115079999,-36.0887367591015],[-71.8021016279999,-36.0889736641015],[-71.8023217229999,-36.0888161001015],[-71.8020537629999,-36.0885157581015],[-71.8024103339999,-36.0888041611015],[-71.8030372669999,-36.0893536741015],[-71.80276921,-36.0891952331015],[-71.8021302239999,-36.0896994921015],[-71.8024254099999,-36.0899529651015],[-71.8021147289999,-36.0897124651015],[-71.8018009619999,-36.0899561701015],[-71.8020894859999,-36.0902358311015],[-71.8017784819999,-36.0899736301015],[-71.8014069359999,-36.0902929391015],[-71.8032179799999,-36.0918474991015],[-71.8042495939999,-36.0909661861015],[-71.8046533779999,-36.0907022211015],[-71.8047052729999,-36.0906066911015],[-71.8046707639999,-36.0907143191015],[-71.8032315219999,-36.0918591901014],[-71.8043562369999,-36.0927253451015],[-71.8046034729999,-36.0925631341015],[-71.8046391639999,-36.0921776611015],[-71.8048065599999,-36.0920403261015],[-71.8050460519999,-36.0920206171015],[-71.8057123009999,-36.0915066531015],[-71.8050881689999,-36.0920686271015],[-71.8046926549999,-36.0922003141015],[-71.8046652429999,-36.0925916881014],[-71.8044287149999,-36.0927829741015],[-71.8046168629999,-36.0929444711015],[-71.8062649849999,-36.0916376461015]]]}},{"type":"Feature","properties":{"id":"7405031001004","commune":"Retiro","code":"07405","gse":"D","quintil":"Q2","nse_score":634.8,"educ":10.6,"educ_score":506.7,"hacin":1.364,"hacin_class":"Hacinamiento Leve","hacin_score":773.7,"auto_score":250.0,"n_per":15,"n_hog":5,"source_year":2024,"crime_score":0.7519,"crime_nivel":"Medio","crime_color":"#ff9800"},"geometry":{"type":"Polygon","coordinates":[[[-71.8004479999999,-36.0880160441015],[-71.7999491329999,-36.0876480211015],[-71.799696793,-36.0880293571015],[-71.8000443319999,-36.0883263941015],[-71.8004479999999,-36.0880160441015]]]}},{"type":"Feature","properties":{"id":"7405031001005","commune":"Retiro","code":"07405","gse":"D","quintil":"Q2","nse_score":649.2,"educ":9.7,"educ_score":446.7,"hacin":1.364,"hacin_class":"Hacinamiento Leve","hacin_score":773.7,"auto_score":76.9,"n_per":30,"n_hog":13,"source_year":2024,"crime_score":0.7516,"crime_nivel":"Medio","crime_color":"#ff9800"},"geometry":{"type":"Polygon","coordinates":[[[-71.8004814949999,-36.0886957771015],[-71.8011255259999,-36.0882123111015],[-71.8011706699999,-36.0881138391015],[-71.8007664519999,-36.0878419041015],[-71.8000779469999,-36.0883537271015],[-71.8004814949999,-36.0886957771015]]]}},{"type":"Feature","properties":{"id":"7405031001006","commune":"Retiro","code":"07405","gse":"E","quintil":"Q1","nse_score":586.6,"educ":7.3,"educ_score":286.7,"hacin":0.852,"hacin_class":"Sin Hacinamiento","hacin_score":882.6,"auto_score":71.4,"n_per":23,"n_hog":12,"source_year":2024,"crime_score":0.7744,"crime_nivel":"Medio","crime_color":"#ff9800"},"geometry":{"type":"Polygon","coordinates":[[[-71.7996841469999,-36.0880766081015],[-71.7993626119999,-36.0885467361015],[-71.7999973189999,-36.0890822001015],[-71.8004315789999,-36.0887284881015],[-71.7996841469999,-36.0880766081015]]]}},{"type":"Feature","properties":{"id":"7405031001007","commune":"Retiro","code":"07405","gse":"D","quintil":"Q1","nse_score":612.9,"educ":9.3,"educ_score":420.0,"hacin":1.611,"hacin_class":"Hacinamiento Medio","hacin_score":721.0,"auto_score":35.7,"n_per":29,"n_hog":13,"source_year":2024,"crime_score":0.766,"crime_nivel":"Medio","crime_color":"#ff9800"},"geometry":{"type":"Polygon","coordinates":[[[-71.8004160069999,-36.0894471481015],[-71.8018567779999,-36.0883042781015],[-71.8018878099999,-36.0882422741015],[-71.8012267359999,-36.0881973811015],[-71.8000612409999,-36.0890874641015],[-71.8004160069999,-36.0894471481015]]]}},{"type":"Feature","properties":{"id":"7405031001008","commune":"Retiro","code":"07405","gse":"E","quintil":"Q1","nse_score":542.7,"educ":8.3,"educ_score":353.3,"hacin":1.292,"hacin_class":"Hacinamiento Leve","hacin_score":789.0,"auto_score":117.6,"n_per":31,"n_hog":15,"source_year":2024,"crime_score":0.7953,"crime_nivel":"Medio","crime_color":"#ff9800"},"geometry":{"type":"Polygon","coordinates":[[[-71.7993352829999,-36.0886746321015],[-71.7991176429999,-36.0899199291015],[-71.7999982729999,-36.0906075411015],[-71.8008191759999,-36.0899190751015],[-71.7993352829999,-36.0886746321015]]]}},{"type":"Feature","properties":{"id":"7405031001014","commune":"Retiro","code":"07405","gse":"E","quintil":"Q1","nse_score":586.0,"educ":8.5,"educ_score":366.7,"hacin":1.643,"hacin_class":"Hacinamiento Medio","hacin_score":714.3,"auto_score":0.0,"n_per":23,"n_hog":8,"source_year":2024,"crime_score":0.7746,"crime_nivel":"Medio","crime_color":"#ff9800"},"geometry":{"type":"Polygon","coordinates":[[[-71.8017437399999,-36.0906771161015],[-71.8008953219999,-36.0899933601015],[-71.8000351419999,-36.0906795901015],[-71.8009067479999,-36.0914096751015],[-71.8017437399999,-36.0906771161015]]]}},{"type":"Feature","properties":{"id":"7405031001016","commune":"Retiro","code":"07405","gse":"E","quintil":"Q1","nse_score":573.5,"educ":8.9,"educ_score":393.3,"hacin":1.3,"hacin_class":"Hacinamiento Leve","hacin_score":787.2,"auto_score":33.3,"n_per":39,"n_hog":15,"source_year":2024,"crime_score":0.7858,"crime_nivel":"Medio","crime_color":"#ff9800"},"geometry":{"type":"Polygon","coordinates":[[[-71.7992024009999,-36.0904938121015],[-71.8002852639999,-36.0917603761015],[-71.8007926159999,-36.0914946281015],[-71.7992831449999,-36.0902186991015],[-71.7991900169999,-36.0902478241015],[-71.7992024009999,-36.0904938121015]]]}},{"type":"Feature","properties":{"id":"7405031001017","commune":"Retiro","code":"07405","gse":"D","quintil":"Q2","nse_score":630.0,"educ":10.5,"educ_score":500.0,"hacin":1.172,"hacin_class":"Hacinamiento Leve","hacin_score":814.4,"auto_score":107.1,"n_per":34,"n_hog":14,"source_year":2024,"crime_score":0.7609,"crime_nivel":"Medio","crime_color":"#ff9800"},"geometry":{"type":"Polygon","coordinates":[[[-71.7968399889999,-36.0904636421015],[-71.7959712589999,-36.0913503431015],[-71.7957318479999,-36.0910406091015],[-71.7949604769999,-36.0919622211015],[-71.7954047839999,-36.0928483941014],[-71.7960915859999,-36.0948969401014],[-71.7962641129999,-36.0950649591015],[-71.7965663119999,-36.0951068391014],[-71.7968930439999,-36.0949261681014],[-71.7965895119999,-36.0936503291015],[-71.7955672839999,-36.0927556461015],[-71.7958666029999,-36.0918487601015],[-71.7963056759999,-36.0916423951015],[-71.7971372369999,-36.0922333891015],[-71.7981391949999,-36.0919652681015],[-71.7968399889999,-36.0904636421015]]]}},{"type":"Feature","properties":{"id":"7405031001018","commune":"Retiro","code":"07405","gse":"D","quintil":"Q2","nse_score":641.7,"educ":10.2,"educ_score":480.0,"hacin":1.48,"hacin_class":"Hacinamiento Leve","hacin_score":748.9,"auto_score":83.3,"n_per":37,"n_hog":12,"source_year":2024,"crime_score":0.7573,"crime_nivel":"Medio","crime_color":"#ff9800"},"geometry":{"type":"Polygon","coordinates":[[[-71.7993041359999,-36.0923809351015],[-71.8002319329999,-36.0918189431015],[-71.7992180829999,-36.0906475921015],[-71.7986531529999,-36.0916502791015],[-71.7993041359999,-36.0923809351015]]]}},{"type":"Feature","properties":{"id":"7405031001019","commune":"Retiro","code":"07405","gse":"C3","quintil":"Q2","nse_score":662.2,"educ":10.7,"educ_score":513.3,"hacin":1.27,"hacin_class":"Hacinamiento Leve","hacin_score":793.6,"auto_score":312.5,"n_per":47,"n_hog":17,"source_year":2024,"crime_score":0.7526,"crime_nivel":"Medio","crime_color":"#ff9800"},"geometry":{"type":"Polygon","coordinates":[[[-71.8027053279999,-36.0929079131014],[-71.8035946249999,-36.0922536071014],[-71.8018679389999,-36.0907849731015],[-71.8010060709999,-36.0915049571014],[-71.8027053279999,-36.0929079131014]]]}},{"type":"Feature","properties":{"id":"7405031001020","commune":"Retiro","code":"07405","gse":"D","quintil":"Q1","nse_score":610.5,"educ":9.6,"educ_score":440.0,"hacin":1.422,"hacin_class":"Hacinamiento Leve","hacin_score":761.2,"auto_score":132.7,"n_per":128,"n_hog":49,"source_year":2024,"crime_score":0.8044,"crime_nivel":"Medio","crime_color":"#ff9800"},"geometry":{"type":"Polygon","coordinates":[[[-71.8073335309999,-36.0965089791014],[-71.8078517509999,-36.0957834711014],[-71.8069465089999,-36.0952572781015],[-71.8079382349999,-36.0944767241014],[-71.8068339499999,-36.0935133591014],[-71.8081784419999,-36.0924195351015],[-71.8068060139999,-36.0912798311015],[-71.8046612709999,-36.0929823961015],[-71.8036838189999,-36.0923343351015],[-71.8027887459999,-36.0929679661015],[-71.8048865059999,-36.0948066151014],[-71.8059733579999,-36.0939884711014],[-71.8049154129999,-36.0948307491014],[-71.8050559969999,-36.0949481171014],[-71.8067026269999,-36.0936349391014],[-71.8050908679999,-36.0949772291015],[-71.8054401909999,-36.0952667121014],[-71.8071173189999,-36.0939648271014],[-71.805471269,-36.0952924511014],[-71.8058191249999,-36.0955745901014],[-71.8074254119999,-36.0943706421014],[-71.8058712029999,-36.0956162691014],[-71.8073335309999,-36.0965089791014]]]}},{"type":"Feature","properties":{"id":"7405031001021","commune":"Retiro","code":"07405","gse":"D","quintil":"Q1","nse_score":624.8,"educ":10.0,"educ_score":466.7,"hacin":1.381,"hacin_class":"Hacinamiento Leve","hacin_score":770.0,"auto_score":71.4,"n_per":29,"n_hog":13,"source_year":2024,"crime_score":0.7611,"crime_nivel":"Medio","crime_color":"#ff9800"},"geometry":{"type":"Polygon","coordinates":[[[-71.802609904,-36.0929849501015],[-71.8009024769999,-36.0915520821015],[-71.8003833769999,-36.0918591121015],[-71.8017618369999,-36.0934405501015],[-71.802609904,-36.0929849501015]]]}},{"type":"Feature","properties":{"id":"7405031001022","commune":"Retiro","code":"07405","gse":"E","quintil":"Q1","nse_score":586.6,"educ":8.4,"educ_score":360.0,"hacin":1.292,"hacin_class":"Hacinamiento Leve","hacin_score":789.0,"auto_score":0.0,"n_per":31,"n_hog":15,"source_year":2024,"crime_score":0.7774,"crime_nivel":"Medio","crime_color":"#ff9800"},"geometry":{"type":"Polygon","coordinates":[[[-71.7958725479999,-36.0920102151015],[-71.7979757719999,-36.0936779671015],[-71.7983999849999,-36.0933844311015],[-71.7972092959999,-36.0923114661015],[-71.7970547139999,-36.0923267941014],[-71.7963493499999,-36.0917216771015],[-71.7961490019999,-36.0916832761014],[-71.7958725479999,-36.0920102151015]]]}},{"type":"Feature","properties":{"id":"7405031001023","commune":"Retiro","code":"07405","gse":"E","quintil":"Q1","nse_score":566.2,"educ":10.2,"educ_score":480.0,"hacin":1.6,"hacin_class":"Hacinamiento Medio","hacin_score":723.4,"auto_score":71.4,"n_per":16,"n_hog":7,"source_year":2024,"crime_score":0.7799,"crime_nivel":"Medio","crime_color":"#ff9800"},"geometry":{"type":"Polygon","coordinates":[[[-71.7941111519999,-36.0920130311015],[-71.7939704719999,-36.0924177351014],[-71.793320133,-36.0932783421015],[-71.7925885999999,-36.0935936771014],[-71.7918153159999,-36.0936246051015],[-71.7911725949999,-36.0942723261015],[-71.7903130589999,-36.0946193241015],[-71.7903690989999,-36.0947826031014],[-71.7911650269999,-36.0950436341014],[-71.7914678019999,-36.0948801821014],[-71.7921484309999,-36.0948495321015],[-71.7926382199999,-36.0951339001015],[-71.7933568699999,-36.0949006561014],[-71.7943856599999,-36.0958882921014],[-71.7952128599999,-36.0936108561015],[-71.7945736559999,-36.0927220471015],[-71.7942870889999,-36.0926235221015],[-71.79428257,-36.0924529161015],[-71.7943453089999,-36.0926294731015],[-71.794609981,-36.0927011831014],[-71.7951546439999,-36.0934605121015],[-71.7952813929999,-36.0933616521015],[-71.7950607749999,-36.0926040741015],[-71.794547442,-36.0917264101015],[-71.7941111519999,-36.0920130311015]]]}},{"type":"Feature","properties":{"id":"7405031001024","commune":"Retiro","code":"07405","gse":"D","quintil":"Q2","nse_score":646.8,"educ":10.0,"educ_score":466.7,"hacin":1.412,"hacin_class":"Hacinamiento Leve","hacin_score":763.5,"auto_score":122.2,"n_per":240,"n_hog":85,"source_year":2024,"crime_score":0.8304,"crime_nivel":"Medio","crime_color":"#ff9800"},"geometry":{"type":"Polygon","coordinates":[[[-71.7981748879999,-36.0920065221015],[-71.80324866,-36.0978728851014],[-71.8051471379999,-36.0966625691014],[-71.8039925479999,-36.0954689061014],[-71.8049160169999,-36.0949001261014],[-71.8038430899999,-36.0940515461015],[-71.8028592819999,-36.0946418811014],[-71.8043186459999,-36.0962580931014],[-71.8035265529999,-36.0966703861014],[-71.8035279969999,-36.0968119761014],[-71.8033727459999,-36.0966420091014],[-71.8032397229999,-36.0966887751014],[-71.8033339989999,-36.0965980211014],[-71.8028235609999,-36.0959238841014],[-71.8026665739999,-36.0960137731014],[-71.8027970939999,-36.0958726931014],[-71.8023344669999,-36.0949714891014],[-71.8019733799999,-36.0952348511014],[-71.8024189379999,-36.0961391001015],[-71.8034734999999,-36.0974463661014],[-71.8023751499999,-36.0961568881014],[-71.8019329789999,-36.0952916741014],[-71.8016859559999,-36.0952057071014],[-71.798705374,-36.0917826231015],[-71.7981748879999,-36.0920065221015]]]}},{"type":"Feature","properties":{"id":"7405031001025","commune":"Retiro","code":"07405","gse":"E","quintil":"Q1","nse_score":562.7,"educ":8.8,"educ_score":386.7,"hacin":1.154,"hacin_class":"Hacinamiento Leve","hacin_score":818.3,"auto_score":0.0,"n_per":30,"n_hog":17,"source_year":2024,"crime_score":0.7867,"crime_nivel":"Medio","crime_color":"#ff9800"},"geometry":{"type":"Polygon","coordinates":[[[-71.8007589739999,-36.0940402701015],[-71.8016909159999,-36.0934822251015],[-71.8002905279999,-36.0919055341015],[-71.7993712429999,-36.0924695811015],[-71.8007589739999,-36.0940402701015]]]}},{"type":"Feature","properties":{"id":"7405031001026","commune":"Retiro","code":"07405","gse":"E","quintil":"Q1","nse_score":583.1,"educ":10.2,"educ_score":480.0,"hacin":1.125,"hacin_class":"Hacinamiento Leve","hacin_score":824.5,"auto_score":62.5,"n_per":27,"n_hog":14,"source_year":2024,"crime_score":0.7773,"crime_nivel":"Medio","crime_color":"#ff9800"},"geometry":{"type":"Polygon","coordinates":[[[-71.7961000809999,-36.0931255431015],[-71.7963125989999,-36.0928678081015],[-71.7989023739999,-36.0950734731015],[-71.8001032679999,-36.0942354021014],[-71.7981748879999,-36.0920065221015],[-71.7972655409999,-36.0923193451015],[-71.7984445509999,-36.0933635621014],[-71.7980456299999,-36.0937314911014],[-71.7991424989999,-36.0947538261014],[-71.7958905539999,-36.0920639601015],[-71.795673297,-36.0927390221015],[-71.7961000809999,-36.0931255431015]]]}},{"type":"Feature","properties":{"id":"7405031001027","commune":"Retiro","code":"07405","gse":"E","quintil":"Q1","nse_score":549.6,"educ":9.1,"educ_score":406.7,"hacin":1.444,"hacin_class":"Hacinamiento Leve","hacin_score":756.5,"auto_score":133.3,"n_per":26,"n_hog":12,"source_year":2024,"crime_score":0.7905,"crime_nivel":"Medio","crime_color":"#ff9800"},"geometry":{"type":"Polygon","coordinates":[[[-71.8018497549999,-36.0935460121014],[-71.8027955119999,-36.0946114131014],[-71.8037687969999,-36.0940108371014],[-71.8027008459999,-36.0930317591015],[-71.8018497549999,-36.0935460121014]]]}},{"type":"Feature","properties":{"id":"7405031001029","commune":"Retiro","code":"07405","gse":"E","quintil":"Q1","nse_score":528.1,"educ":7.7,"educ_score":313.3,"hacin":1.235,"hacin_class":"Hacinamiento Leve","hacin_score":801.0,"auto_score":0.0,"n_per":21,"n_hog":9,"source_year":2024,"crime_score":0.7972,"crime_nivel":"Medio","crime_color":"#ff9800"},"geometry":{"type":"Polygon","coordinates":[[[-71.8008173259999,-36.0940918091015],[-71.8017723609999,-36.0952247751015],[-71.8018349699999,-36.0952210571014],[-71.8026785339999,-36.0946976071014],[-71.8026947689999,-36.0946794721015],[-71.8017378019999,-36.0935735961015],[-71.8008173259999,-36.0940918091015]]]}},{"type":"Feature","properties":{"id":"7405031001031","commune":"Retiro","code":"07405","gse":"C3","quintil":"Q2","nse_score":657.0,"educ":9.9,"educ_score":460.0,"hacin":1.35,"hacin_class":"Hacinamiento Leve","hacin_score":776.6,"auto_score":100.0,"n_per":27,"n_hog":9,"source_year":2024,"crime_score":0.7473,"crime_nivel":"Medio","crime_color":"#ff9800"},"geometry":{"type":"Polygon","coordinates":[[[-71.8028952089999,-36.0947733481014],[-71.8024406799999,-36.0949913111014],[-71.8025845379999,-36.0953214721015],[-71.8031085099999,-36.0950100471015],[-71.8028952089999,-36.0947733481014]]]}},{"type":"Feature","properties":{"id":"7405031001032","commune":"Retiro","code":"07405","gse":"D","quintil":"Q2","nse_score":644.7,"educ":13.9,"educ_score":726.7,"hacin":1.333,"hacin_class":"Hacinamiento Leve","hacin_score":780.1,"auto_score":300.0,"n_per":8,"n_hog":4,"source_year":2024,"crime_score":0.7453,"crime_nivel":"Medio","crime_color":"#ff9800"},"geometry":{"type":"Polygon","coordinates":[[[-71.790023286,-36.0958387241014],[-71.7917354479999,-36.0971133171014],[-71.7927569089999,-36.0953305131015],[-71.7941885449999,-36.0964294381014],[-71.7943701849999,-36.0959308181014],[-71.7933292709999,-36.0949515671014],[-71.7926667739999,-36.0951845151014],[-71.7921705399999,-36.0948843451015],[-71.7914997119999,-36.0949095401014],[-71.7908906679999,-36.0953062281014],[-71.7905459929999,-36.0952407791014],[-71.790023286,-36.0958387241014]]]}},{"type":"Feature","properties":{"id":"7405031001034","commune":"Retiro","code":"07405","gse":"D","quintil":"Q1","nse_score":608.5,"educ":9.6,"educ_score":440.0,"hacin":1.5,"hacin_class":"Hacinamiento Medio","hacin_score":744.7,"auto_score":0.0,"n_per":27,"n_hog":10,"source_year":2024,"crime_score":0.767,"crime_nivel":"Medio","crime_color":"#ff9800"},"geometry":{"type":"Polygon","coordinates":[[[-71.8025994239999,-36.0953506031014],[-71.8027320379999,-36.0956071071014],[-71.8033252909999,-36.0952506041014],[-71.8031308519999,-36.0950348391014],[-71.8025994239999,-36.0953506031014]]]}},{"type":"Feature","properties":{"id":"7405031001036","commune":"Retiro","code":"07405","gse":"E","quintil":"Q1","nse_score":586.3,"educ":9.3,"educ_score":420.0,"hacin":1.438,"hacin_class":"Hacinamiento Leve","hacin_score":758.0,"auto_score":136.4,"n_per":23,"n_hog":9,"source_year":2024,"crime_score":0.7745,"crime_nivel":"Medio","crime_color":"#ff9800"},"geometry":{"type":"Polygon","coordinates":[[[-71.8027470779999,-36.0956361961014],[-71.8028768539999,-36.0958872091014],[-71.8035421079999,-36.0954912001014],[-71.8033475789999,-36.0952753361014],[-71.8027470779999,-36.0956361961014]]]}},{"type":"Feature","properties":{"id":"7405031001037","commune":"Retiro","code":"07405","gse":"C3","quintil":"Q2","nse_score":662.4,"educ":9.9,"educ_score":460.0,"hacin":1.16,"hacin_class":"Hacinamiento Leve","hacin_score":817.0,"auto_score":83.3,"n_per":29,"n_hog":12,"source_year":2024,"crime_score":0.7459,"crime_nivel":"Medio","crime_color":"#ff9800"},"geometry":{"type":"Polygon","coordinates":[[[-71.8028918769999,-36.0959162661014],[-71.8030334499999,-36.0961633151014],[-71.8037523209999,-36.0957226921014],[-71.8035644549999,-36.0955158981014],[-71.8028918769999,-36.0959162661014]]]}},{"type":"Feature","properties":{"id":"7405031001038","commune":"Retiro","code":"07405","gse":"D","quintil":"Q1","nse_score":622.3,"educ":11.4,"educ_score":560.0,"hacin":1.371,"hacin_class":"Hacinamiento Leve","hacin_score":772.0,"auto_score":125.0,"n_per":48,"n_hog":17,"source_year":2024,"crime_score":0.7693,"crime_nivel":"Medio","crime_color":"#ff9800"},"geometry":{"type":"Polygon","coordinates":[[[-71.8030551119999,-36.0961884361014],[-71.8032457609999,-36.0964048701014],[-71.8039736129999,-36.0959662781014],[-71.803774728,-36.0957473571014],[-71.8030551119999,-36.0961884361014]]]}},{"type":"Feature","properties":{"id":"7405031001040","commune":"Retiro","code":"07405","gse":"C3","quintil":"Q3","nse_score":685.7,"educ":11.4,"educ_score":560.0,"hacin":1.394,"hacin_class":"Hacinamiento Leve","hacin_score":767.2,"auto_score":78.9,"n_per":46,"n_hog":17,"source_year":2024,"crime_score":0.7426,"crime_nivel":"Medio","crime_color":"#ff9800"},"geometry":{"type":"Polygon","coordinates":[[[-71.8035453539999,-36.0965921391014],[-71.8041274019999,-36.0962456801014],[-71.8039960179999,-36.0959909411015],[-71.8032677209999,-36.0964298011014],[-71.8035453539999,-36.0965921391014]]]}},{"type":"Feature","properties":{"id":"7405031001010","commune":"Retiro","code":"07405","gse":"E","quintil":"Q1","nse_score":503.3,"educ":9.1,"educ_score":406.7,"hacin":1.7,"hacin_class":"Hacinamiento Medio","hacin_score":702.1,"auto_score":50.0,"n_per":17,"n_hog":6,"source_year":2024,"crime_score":0.8057,"crime_nivel":"Medio","crime_color":"#ff9800"},"geometry":{"type":"MultiPolygon","coordinates":[[[[-71.7981307389999,-36.0919554941015],[-71.7984942649999,-36.0917288861015],[-71.7990285789999,-36.0909616911015],[-71.7990753159999,-36.0901856141015],[-71.799005039,-36.0899352681015],[-71.7984977499999,-36.0894702741015],[-71.7976988009999,-36.0890857301015],[-71.7968643359999,-36.0899912171015],[-71.7968158329999,-36.0901585751015],[-71.7969711259999,-36.0903452771015],[-71.7968399889999,-36.0904636421015],[-71.7981307389999,-36.0919554941015]]],[[[-71.7988407559999,-36.0893844861015],[-71.7984337199999,-36.0893552781015],[-71.7990067939999,-36.0898188761015],[-71.7991649589999,-36.0891174741015],[-71.7985990429999,-36.0888994071015],[-71.7985432079999,-36.0890413681015],[-71.798891652,-36.0892162571015],[-71.7988407559999,-36.0893844861015]]]]}},{"type":"Feature","properties":{"id":"7405031001009","commune":"Retiro","code":"07405","gse":"D","quintil":"Q2","nse_score":630.2,"educ":9.5,"educ_score":433.3,"hacin":1.476,"hacin_class":"Hacinamiento Leve","hacin_score":749.7,"auto_score":20.0,"n_per":62,"n_hog":24,"source_year":2024,"crime_score":0.7713,"crime_nivel":"Medio","crime_color":"#ff9800"},"geometry":{"type":"MultiPolygon","coordinates":[[[[-71.8013035009999,-36.0895529441015],[-71.8015309739999,-36.0894417151015],[-71.801283409,-36.0892226601015],[-71.80110393,-36.0893673591015],[-71.8013035009999,-36.0895529441015]]],[[[-71.8013899489999,-36.0896377981015],[-71.8012437509999,-36.0896101681015],[-71.8009320189999,-36.0898613681015],[-71.8013293699999,-36.0902273701015],[-71.8027388539999,-36.0891506541015],[-71.802359727,-36.0888749821015],[-71.8013899489999,-36.0896377981015]]]]}},{"type":"Feature","properties":{"id":"7405071001002","commune":"Retiro","code":"07405","gse":"E","quintil":"Q1","nse_score":557.5,"educ":8.2,"educ_score":346.7,"hacin":1.571,"hacin_class":"Hacinamiento Medio","hacin_score":729.5,"auto_score":300.0,"n_per":11,"n_hog":5,"source_year":2024,"crime_score":0.7815,"crime_nivel":"Medio","crime_color":"#ff9800"},"geometry":{"type":"Polygon","coordinates":[[[-71.7671906599999,-36.0591548701018],[-71.7683297489999,-36.0586516951018],[-71.768982375,-36.0583144031018],[-71.7685280529999,-36.0584445991018],[-71.7682075079999,-36.0583942361018],[-71.7670545319999,-36.0589068821018],[-71.7671906599999,-36.0591548701018]]]}},{"type":"Feature","properties":{"id":"7405063053004","commune":"Retiro","code":"07405","gse":"E","quintil":"Q1","nse_score":580.9,"educ":8.5,"educ_score":366.7,"hacin":1.452,"hacin_class":"Hacinamiento Leve","hacin_score":755.0,"auto_score":153.8,"n_per":45,"n_hog":13,"source_year":2024,"crime_score":0.7851,"crime_nivel":"Medio","crime_color":"#ff9800"},"geometry":{"type":"Polygon","coordinates":[[[-71.6059341799999,-36.2065017421003],[-71.6065081309999,-36.2079672781003],[-71.6056917359999,-36.2081562991003],[-71.6058384069999,-36.2084884891003],[-71.6038806139999,-36.2090259741003],[-71.6034034509999,-36.2079664611003],[-71.6025980299999,-36.2081991451003],[-71.6033123249999,-36.2096200751003],[-71.6071138859999,-36.2086028911003],[-71.6068562709999,-36.2079676771003],[-71.6067513049999,-36.2080541241003],[-71.6066116309999,-36.2080964711003],[-71.6064835449999,-36.2080969191003],[-71.6068485659999,-36.2079482651003],[-71.6062294419999,-36.2064184041003],[-71.6059341799999,-36.2065017421003]]]}},{"type":"Feature","properties":{"id":"7405063053008","commune":"Retiro","code":"07405","gse":"D","quintil":"Q2","nse_score":645.9,"educ":10.3,"educ_score":486.7,"hacin":1.482,"hacin_class":"Hacinamiento Leve","hacin_score":748.6,"auto_score":166.7,"n_per":40,"n_hog":16,"source_year":2024,"crime_score":0.7567,"crime_nivel":"Medio","crime_color":"#ff9800"},"geometry":{"type":"Polygon","coordinates":[[[-71.6046313269999,-36.2115565481003],[-71.6096335549999,-36.2079265921003],[-71.6095854579999,-36.2078192591003],[-71.6085364839999,-36.2080707601003],[-71.607195122,-36.2086365051003],[-71.6033410559999,-36.2096693581003],[-71.6044102419999,-36.2115383571003],[-71.6046313269999,-36.2115565481003]]]}},{"type":"Feature","properties":{"id":"7405063053009","commune":"Retiro","code":"07405","gse":"D","quintil":"Q2","nse_score":647.4,"educ":10.2,"educ_score":480.0,"hacin":1.186,"hacin_class":"Hacinamiento Leve","hacin_score":811.4,"auto_score":180.0,"n_per":70,"n_hog":25,"source_year":2024,"crime_score":0.7672,"crime_nivel":"Medio","crime_color":"#ff9800"},"geometry":{"type":"Polygon","coordinates":[[[-71.5985634989999,-36.2097362651003],[-71.5989874759999,-36.2100269441003],[-71.6018557579999,-36.2091907251003],[-71.6022569059999,-36.2092319251003],[-71.6029072179999,-36.2090439341003],[-71.6026853069999,-36.2085805821003],[-71.5985634989999,-36.2097362651003]]]}},{"type":"Feature","properties":{"id":"7405063053010","commune":"Retiro","code":"07405","gse":"D","quintil":"Q2","nse_score":643.3,"educ":9.5,"educ_score":433.3,"hacin":1.305,"hacin_class":"Hacinamiento Leve","hacin_score":786.2,"auto_score":193.2,"n_per":107,"n_hog":44,"source_year":2024,"crime_score":0.7826,"crime_nivel":"Medio","crime_color":"#ff9800"},"geometry":{"type":"Polygon","coordinates":[[[-71.6077428739999,-36.2100296331003],[-71.607476861,-36.2096014011003],[-71.6066114469999,-36.2102206911003],[-71.6089457549999,-36.2155266851002],[-71.6091181049999,-36.2155180921003],[-71.6093092269999,-36.2155576701003],[-71.6094698519999,-36.2156592871002],[-71.6089538369999,-36.2155443301002],[-71.6096644719999,-36.2171656261002],[-71.6101267999999,-36.2169995321002],[-71.6097308449999,-36.2161761431002],[-71.6100637129999,-36.2160479941002],[-71.6096636959999,-36.2151373861002],[-71.6092924909999,-36.2152536271002],[-71.607156889,-36.2106593771003],[-71.6079995569999,-36.2104877871003],[-71.6092827979999,-36.2097834651003],[-71.6087490659999,-36.2086667351003],[-71.6075127689999,-36.2095694231003],[-71.6077428739999,-36.2100296331003]]]}},{"type":"Feature","properties":{"id":"7405063053011","commune":"Retiro","code":"07405","gse":"E","quintil":"Q1","nse_score":593.7,"educ":8.6,"educ_score":373.3,"hacin":1.171,"hacin_class":"Hacinamiento Leve","hacin_score":814.7,"auto_score":187.5,"n_per":48,"n_hog":16,"source_year":2024,"crime_score":0.781,"crime_nivel":"Medio","crime_color":"#ff9800"},"geometry":{"type":"Polygon","coordinates":[[[-71.6029313619999,-36.2090943471003],[-71.6008080369999,-36.2096878471003],[-71.6011317909999,-36.2101200091003],[-71.6026288159999,-36.2096626651003],[-71.6028699079999,-36.2100948931003],[-71.6005003889999,-36.2110855261003],[-71.6001428419999,-36.2107737581003],[-71.5996997559999,-36.2108890721003],[-71.6000569969999,-36.2113447581003],[-71.5997644299999,-36.2114817761002],[-71.6018210839999,-36.2136379871002],[-71.604346673,-36.2117598991003],[-71.6043375109999,-36.2115815181003],[-71.6029313619999,-36.2090943471003]]]}},{"type":"Feature","properties":{"id":"7405063053015","commune":"Retiro","code":"07405","gse":"C3","quintil":"Q3","nse_score":695.0,"educ":10.9,"educ_score":526.7,"hacin":1.258,"hacin_class":"Hacinamiento Leve","hacin_score":796.2,"auto_score":318.2,"n_per":39,"n_hog":11,"source_year":2024,"crime_score":0.7363,"crime_nivel":"Medio","crime_color":"#ff9800"},"geometry":{"type":"Polygon","coordinates":[[[-71.6065575989999,-36.2102597481003],[-71.6054458139999,-36.2110634341003],[-71.6058918029999,-36.2114757551003],[-71.6065559389999,-36.2113906071003],[-71.607013789,-36.2123095941003],[-71.6074310999999,-36.2122485951003],[-71.6065575989999,-36.2102597481003]]]}},{"type":"Feature","properties":{"id":"7405063053020","commune":"Retiro","code":"07405","gse":"D","quintil":"Q2","nse_score":634.0,"educ":9.3,"educ_score":420.0,"hacin":1.235,"hacin_class":"Hacinamiento Leve","hacin_score":801.2,"auto_score":179.5,"n_per":100,"n_hog":40,"source_year":2024,"crime_score":0.7839,"crime_nivel":"Medio","crime_color":"#ff9800"},"geometry":{"type":"Polygon","coordinates":[[[-71.6021147739999,-36.2135214101003],[-71.6045703759999,-36.2170872421002],[-71.6050655809999,-36.2169053301002],[-71.6048517649999,-36.2165809081002],[-71.6053882309999,-36.2163892761002],[-71.606288016,-36.2180094791002],[-71.6079195899999,-36.2174019041002],[-71.6073169039999,-36.2170578451002],[-71.6071788429999,-36.2167446041002],[-71.6066912429999,-36.2166267971002],[-71.6066747169999,-36.2168744731003],[-71.6059534619999,-36.2170280561002],[-71.6066531889999,-36.2168610141002],[-71.6066701209999,-36.2166208751002],[-71.6061320259999,-36.2156743771002],[-71.6051520839999,-36.2161458571003],[-71.6052795159999,-36.2159798551002],[-71.6061234779999,-36.2156577381002],[-71.6054741179999,-36.2143860691003],[-71.6047032199999,-36.2147393971003],[-71.6044509979999,-36.2142111571003],[-71.6047270149999,-36.2147013261003],[-71.6054616819999,-36.2143615421003],[-71.6045875639999,-36.2123007211003],[-71.6042643499999,-36.2119133981003],[-71.6021147739999,-36.2135214101003]]]}},{"type":"Feature","properties":{"id":"7405063053021","commune":"Retiro","code":"07405","gse":"C3","quintil":"Q3","nse_score":687.7,"educ":9.7,"educ_score":446.7,"hacin":0.882,"hacin_class":"Sin Hacinamiento","hacin_score":876.1,"auto_score":115.4,"n_per":30,"n_hog":14,"source_year":2024,"crime_score":0.736,"crime_nivel":"Medio","crime_color":"#ff9800"},"geometry":{"type":"Polygon","coordinates":[[[-71.6059300839999,-36.2128691191003],[-71.6065612699999,-36.2142434021003],[-71.6072883819999,-36.2141149841003],[-71.6068322149999,-36.2131143901003],[-71.6062979549999,-36.2127260071003],[-71.6059300839999,-36.2128691191003]]]}},{"type":"Feature","properties":{"id":"7405063053022","commune":"Retiro","code":"07405","gse":"D","quintil":"Q1","nse_score":623.0,"educ":8.5,"educ_score":366.7,"hacin":1.343,"hacin_class":"Hacinamiento Leve","hacin_score":778.1,"auto_score":142.9,"n_per":47,"n_hog":22,"source_year":2024,"crime_score":0.7686,"crime_nivel":"Medio","crime_color":"#ff9800"},"geometry":{"type":"Polygon","coordinates":[[[-71.6049951049999,-36.2131683621002],[-71.6059996129999,-36.2152754571003],[-71.60684011,-36.2151467991003],[-71.605867928,-36.2128890121003],[-71.6049951049999,-36.2131683621002]]]}},{"type":"Feature","properties":{"id":"7405063053023","commune":"Retiro","code":"07405","gse":"D","quintil":"Q2","nse_score":643.3,"educ":8.5,"educ_score":366.7,"hacin":1.136,"hacin_class":"Hacinamiento Leve","hacin_score":822.1,"auto_score":250.0,"n_per":25,"n_hog":10,"source_year":2024,"crime_score":0.7522,"crime_nivel":"Medio","crime_color":"#ff9800"},"geometry":{"type":"Polygon","coordinates":[[[-71.6073777589999,-36.2141545241002],[-71.6077509869999,-36.2149880301002],[-71.6085645799999,-36.2148499891003],[-71.6081871209999,-36.2140115781003],[-71.6073777589999,-36.2141545241002]]]}},{"type":"Feature","properties":{"id":"7405063053024","commune":"Retiro","code":"07405","gse":"E","quintil":"Q1","nse_score":558.9,"educ":6.8,"educ_score":253.3,"hacin":1.312,"hacin_class":"Hacinamiento Leve","hacin_score":784.6,"auto_score":55.6,"n_per":21,"n_hog":9,"source_year":2024,"crime_score":0.7848,"crime_nivel":"Medio","crime_color":"#ff9800"},"geometry":{"type":"Polygon","coordinates":[[[-71.606584284,-36.2142946631002],[-71.6069055049999,-36.2151360971002],[-71.6076853089999,-36.2149993811002],[-71.6073119179999,-36.2141661521003],[-71.606584284,-36.2142946631002]]]}},{"type":"Feature","properties":{"id":"7405063053025","commune":"Retiro","code":"07405","gse":"D","quintil":"Q1","nse_score":603.1,"educ":8.3,"educ_score":353.3,"hacin":1.365,"hacin_class":"Hacinamiento Leve","hacin_score":773.4,"auto_score":135.1,"n_per":86,"n_hog":37,"source_year":2024,"crime_score":0.7916,"crime_nivel":"Medio","crime_color":"#ff9800"},"geometry":{"type":"Polygon","coordinates":[[[-71.6083028629999,-36.2162938711002],[-71.6077067759999,-36.2150509221002],[-71.6069198539999,-36.2151888891002],[-71.6073040939999,-36.2167173021002],[-71.6092381579999,-36.2165064951002],[-71.6085880349999,-36.2149012391002],[-71.6077724719999,-36.2150396131002],[-71.6083028629999,-36.2162938711002]]]}},{"type":"Feature","properties":{"id":"7405063053026","commune":"Retiro","code":"07405","gse":"D","quintil":"Q1","nse_score":606.7,"educ":8.4,"educ_score":360.0,"hacin":1.444,"hacin_class":"Hacinamiento Leve","hacin_score":756.5,"auto_score":107.1,"n_per":39,"n_hog":14,"source_year":2024,"crime_score":0.7723,"crime_nivel":"Medio","crime_color":"#ff9800"},"geometry":{"type":"Polygon","coordinates":[[[-71.6071934649999,-36.2166917721002],[-71.6068544629999,-36.2151996141002],[-71.6060257209999,-36.2153264731003],[-71.606656401,-36.2165598291002],[-71.6071934649999,-36.2166917721002]]]}},{"type":"Feature","properties":{"id":"7405063053027","commune":"Retiro","code":"07405","gse":"E","quintil":"Q1","nse_score":575.4,"educ":8.4,"educ_score":360.0,"hacin":1.375,"hacin_class":"Hacinamiento Leve","hacin_score":771.3,"auto_score":125.0,"n_per":11,"n_hog":4,"source_year":2024,"crime_score":0.7743,"crime_nivel":"Medio","crime_color":"#ff9800"},"geometry":{"type":"Polygon","coordinates":[[[-71.6093189129999,-36.2165221501002],[-71.6072025509999,-36.2167500751002],[-71.6073339849999,-36.2170461441002],[-71.6079421389999,-36.2173948841002],[-71.6096012539999,-36.2171828591002],[-71.6093189129999,-36.2165221501002]]]}},{"type":"Feature","properties":{"id":"7405063053001","commune":"Retiro","code":"07405","gse":"E","quintil":"Q1","nse_score":494.0,"educ":7.9,"educ_score":326.7,"hacin":1.546,"hacin_class":"Hacinamiento Medio","hacin_score":735.0,"auto_score":214.3,"n_per":17,"n_hog":8,"source_year":2024,"crime_score":0.8094,"crime_nivel":"Medio","crime_color":"#ff9800"},"geometry":{"type":"MultiPolygon","coordinates":[[[[-71.6125004509999,-36.2069388351003],[-71.6120455429999,-36.2063388241003],[-71.6116099719999,-36.2066364341003],[-71.6118866609999,-36.2072438211003],[-71.6123532419999,-36.2070183391003],[-71.6124993349999,-36.2072241971003],[-71.6128183029999,-36.2070248431003],[-71.6123810449999,-36.2061110191003],[-71.6120801839999,-36.2063151541003],[-71.6125004509999,-36.2069388351003]]],[[[-71.6108962689999,-36.2062768431003],[-71.6112744159999,-36.2067950011003],[-71.6114617529999,-36.2066670011003],[-71.6112592869999,-36.2064182031003],[-71.6114788689999,-36.2066553061003],[-71.6119050849999,-36.2063640891003],[-71.6114458859999,-36.2058963391003],[-71.6108962689999,-36.2062768431003]]]]}},{"type":"Feature","properties":{"id":"7405063053017","commune":"Retiro","code":"07405","gse":"C3","quintil":"Q2","nse_score":670.3,"educ":9.8,"educ_score":453.3,"hacin":1.185,"hacin_class":"Hacinamiento Leve","hacin_score":811.7,"auto_score":136.4,"n_per":32,"n_hog":11,"source_year":2024,"crime_score":0.7438,"crime_nivel":"Medio","crime_color":"#ff9800"},"geometry":{"type":"MultiPolygon","coordinates":[[[[-71.6043151309999,-36.2118778501003],[-71.6049774549999,-36.2131158901003],[-71.6062416299999,-36.2126879851003],[-71.6046815939999,-36.2116175631003],[-71.6043151309999,-36.2118778501003]]],[[[-71.6052771459999,-36.2119839081003],[-71.6068856059999,-36.2130808201003],[-71.6073542229999,-36.2141033551003],[-71.6081647339999,-36.2139602071003],[-71.6074533799999,-36.2122995881003],[-71.6069718459999,-36.2123553061003],[-71.6065177379999,-36.2114386001003],[-71.6059261269999,-36.2115221831003],[-71.6052771459999,-36.2119839081003]]]]}},{"type":"Feature","properties":{"id":"7405063053005","commune":"Retiro","code":"07405","gse":"D","quintil":"Q1","nse_score":600.3,"educ":8.3,"educ_score":353.3,"hacin":1.269,"hacin_class":"Hacinamiento Leve","hacin_score":793.8,"auto_score":187.5,"n_per":66,"n_hog":24,"source_year":2024,"crime_score":0.7852,"crime_nivel":"Medio","crime_color":"#ff9800"},"geometry":{"type":"MultiPolygon","coordinates":[[[[-71.6095816439999,-36.2072814001003],[-71.6097580869999,-36.2077580981003],[-71.6100873369999,-36.2076202961004],[-71.6099763239999,-36.2074780631003],[-71.6101043869999,-36.2076087201003],[-71.6105840579999,-36.2072778271003],[-71.6102978689999,-36.2068232081003],[-71.6095816439999,-36.2072814001003]]],[[[-71.6093264829999,-36.2097582071003],[-71.6122860379999,-36.2081865001003],[-71.6115741609999,-36.2066609011003],[-71.6102470159999,-36.2075824051003],[-71.610934229,-36.2086510431003],[-71.6102129039999,-36.2076055641003],[-71.608797911,-36.2086196811003],[-71.6093264829999,-36.2097582071003]]]]}},{"type":"Feature","properties":{"id":"7405063053003","commune":"Retiro","code":"07405","gse":"D","quintil":"Q2","nse_score":650.3,"educ":10.7,"educ_score":513.3,"hacin":1.632,"hacin_class":"Hacinamiento Medio","hacin_score":716.7,"auto_score":150.0,"n_per":31,"n_hog":10,"source_year":2024,"crime_score":0.7515,"crime_nivel":"Medio","crime_color":"#ff9800"},"geometry":{"type":"MultiPolygon","coordinates":[[[[-71.6074681669999,-36.2073800551003],[-71.6078341249999,-36.2083686261003],[-71.6085956209999,-36.2079942841003],[-71.6082343459999,-36.2071478251003],[-71.6074681669999,-36.2073800551003]]],[[[-71.6062620729999,-36.2063179231003],[-71.6071765559999,-36.2085843311003],[-71.6078147739999,-36.2083790561003],[-71.6070824719999,-36.2063361011003],[-71.6066778989999,-36.2064421231003],[-71.6065928239999,-36.2062340621004],[-71.6062620729999,-36.2063179231003]]]]}},{"type":"Feature","properties":{"id":"7405063078001","commune":"Retiro","code":"07405","gse":"C3","quintil":"Q3","nse_score":675.5,"educ":10.2,"educ_score":480.0,"hacin":1.103,"hacin_class":"Hacinamiento Leve","hacin_score":829.1,"auto_score":282.6,"n_per":64,"n_hog":23,"source_year":2024,"crime_score":0.7533,"crime_nivel":"Medio","crime_color":"#ff9800"},"geometry":{"type":"Polygon","coordinates":[[[-71.6285395429999,-36.1961942691004],[-71.6281014149999,-36.1963527401005],[-71.6276939479999,-36.1956396711004],[-71.6265554049999,-36.1962758061005],[-71.6253536989999,-36.1963714071004],[-71.6267952699999,-36.1985801611004],[-71.6284150509999,-36.1975988541004],[-71.6275410339999,-36.1961331841005],[-71.6284435579999,-36.1975815711004],[-71.6298993309999,-36.1966973871004],[-71.6296190879999,-36.1963573131005],[-71.6299173059999,-36.1966867641004],[-71.6320047799999,-36.1955856091004],[-71.6319173409999,-36.1950713121004],[-71.6303051119999,-36.1958331911005],[-71.6284836109999,-36.1960637631004],[-71.6285395429999,-36.1961942691004]]]}},{"type":"Feature","properties":{"id":"7405063078002","commune":"Retiro","code":"07405","gse":"E","quintil":"Q1","nse_score":551.0,"educ":9.3,"educ_score":420.0,"hacin":1.438,"hacin_class":"Hacinamiento Leve","hacin_score":758.0,"auto_score":111.1,"n_per":23,"n_hog":9,"source_year":2024,"crime_score":0.7888,"crime_nivel":"Medio","crime_color":"#ff9800"},"geometry":{"type":"Polygon","coordinates":[[[-71.6304603839999,-36.1982405111004],[-71.6307900419999,-36.1980081081004],[-71.6306864819999,-36.1975491421004],[-71.6321798899999,-36.1970834141004],[-71.6319838669999,-36.1956697351005],[-71.6309543549999,-36.1961630981004],[-71.6268277909999,-36.1986500371004],[-71.6271230579999,-36.1988834531004],[-71.6275293609999,-36.1984981521004],[-71.6279146259999,-36.1984360471004],[-71.6285286699999,-36.1979140111004],[-71.6289421899999,-36.1977965691004],[-71.6292970349999,-36.1980412561004],[-71.6300183379999,-36.1980074931004],[-71.6304603839999,-36.1982405111004]]]}},{"type":"Feature","properties":{"id":"7405063078003","commune":"Retiro","code":"07405","gse":"C3","quintil":"Q3","nse_score":681.6,"educ":9.5,"educ_score":433.3,"hacin":1.041,"hacin_class":"Hacinamiento Leve","hacin_score":842.4,"auto_score":250.0,"n_per":51,"n_hog":18,"source_year":2024,"crime_score":0.7461,"crime_nivel":"Medio","crime_color":"#ff9800"},"geometry":{"type":"Polygon","coordinates":[[[-71.6254052219999,-36.1966325211004],[-71.6249108489999,-36.1967172941004],[-71.6246711459999,-36.1970277871004],[-71.6242635439999,-36.1972441931005],[-71.6234427619999,-36.1973867531004],[-71.6236158569999,-36.1981856491004],[-71.6231136129999,-36.1983082441004],[-71.6238968759999,-36.2003490031004],[-71.6243278739999,-36.2000882861004],[-71.6242099539999,-36.1998971721004],[-71.6236901819999,-36.1984789241004],[-71.6238196189999,-36.1987284871004],[-71.6241634509999,-36.1986515481004],[-71.6238304609999,-36.1987565481004],[-71.6243550199999,-36.2000718641004],[-71.6256309159999,-36.1992823161004],[-71.6254412279999,-36.1986984131004],[-71.6255678589999,-36.1988056781004],[-71.6256509299999,-36.1992695281004],[-71.6267323169999,-36.1986181221004],[-71.6255437969999,-36.1968114711004],[-71.6248941339999,-36.1968755581004],[-71.6255282649999,-36.1967868391004],[-71.6252984119999,-36.1964223061004],[-71.6254052219999,-36.1966325211004]]]}},{"type":"Feature","properties":{"id":"7405063078004","commune":"Retiro","code":"07405","gse":"E","quintil":"Q1","nse_score":566.7,"educ":9.7,"educ_score":446.7,"hacin":1.778,"hacin_class":"Hacinamiento Medio","hacin_score":685.6,"auto_score":205.9,"n_per":48,"n_hog":17,"source_year":2024,"crime_score":0.7921,"crime_nivel":"Medio","crime_color":"#ff9800"},"geometry":{"type":"Polygon","coordinates":[[[-71.6231559789999,-36.1999818191004],[-71.6234217979999,-36.2006352731004],[-71.6238492989999,-36.2003763081004],[-71.6232229239999,-36.1989072641004],[-71.6229220129999,-36.1978253421004],[-71.6218680089999,-36.1979619251004],[-71.6222735979999,-36.1995594471004],[-71.6209036739999,-36.1997274081004],[-71.6215204109999,-36.2017912521004],[-71.6226782539999,-36.2010831251004],[-71.6225087679999,-36.2005209101004],[-71.6224354789999,-36.2001436861004],[-71.6226976229999,-36.2010714581004],[-71.6233942179999,-36.2006518851004],[-71.6231559789999,-36.1999818191004]]]}},{"type":"Feature","properties":{"id":"7405063078005","commune":"Retiro","code":"07405","gse":"E","quintil":"Q1","nse_score":572.3,"educ":8.4,"educ_score":360.0,"hacin":1.423,"hacin_class":"Hacinamiento Leve","hacin_score":761.0,"auto_score":416.7,"n_per":37,"n_hog":13,"source_year":2024,"crime_score":0.7855,"crime_nivel":"Medio","crime_color":"#ff9800"},"geometry":{"type":"Polygon","coordinates":[[[-71.6290304569999,-36.1978469111004],[-71.6283564979999,-36.1981611341004],[-71.6284608469999,-36.1982118391004],[-71.6286003229999,-36.1983371691004],[-71.6287141809999,-36.1987696801004],[-71.6285799719999,-36.1983453451004],[-71.6283540479999,-36.1981790661004],[-71.627948306,-36.1984828261004],[-71.627571557,-36.1985408871004],[-71.6274448899999,-36.1987299551004],[-71.6275737999999,-36.1988046571004],[-71.6279576989999,-36.2001798201004],[-71.6283874799999,-36.2000983771004],[-71.6282231819999,-36.1994272041004],[-71.6291390539999,-36.1991720181004],[-71.630409686,-36.1982762521004],[-71.6300173929999,-36.1980647561004],[-71.6292807209999,-36.1980943701004],[-71.6290304569999,-36.1978469111004]]]}},{"type":"Feature","properties":{"id":"7405063078006","commune":"Retiro","code":"07405","gse":"D","quintil":"Q1","nse_score":603.7,"educ":9.3,"educ_score":420.0,"hacin":1.18,"hacin_class":"Hacinamiento Leve","hacin_score":812.8,"auto_score":163.3,"n_per":118,"n_hog":49,"source_year":2024,"crime_score":0.8035,"crime_nivel":"Medio","crime_color":"#ff9800"},"geometry":{"type":"Polygon","coordinates":[[[-71.6224148449999,-36.2025418521004],[-71.6228722189999,-36.2026328521004],[-71.6229982709999,-36.2027469371004],[-71.6240205959999,-36.2015523921004],[-71.6259956099999,-36.1999228311004],[-71.6269924139999,-36.1989146371004],[-71.6267736109999,-36.1986817721004],[-71.6229744709999,-36.2009945061004],[-71.6232591649999,-36.2014805001004],[-71.6232403199999,-36.2015654921004],[-71.6231233119999,-36.2016344011003],[-71.6228729969999,-36.2017406041004],[-71.6232368419999,-36.2014830431004],[-71.6229563429999,-36.2010054251004],[-71.6194280489999,-36.2031446921004],[-71.6179397159999,-36.2037809591003],[-71.620560769,-36.2038312121004],[-71.6224713139999,-36.2031182651004],[-71.6229827039999,-36.2027598711004],[-71.6224148449999,-36.2025418521004]]]}},{"type":"Feature","properties":{"id":"7405063078007","commune":"Retiro","code":"07405","gse":"C3","quintil":"Q3","nse_score":686.3,"educ":9.6,"educ_score":440.0,"hacin":1.118,"hacin_class":"Hacinamiento Leve","hacin_score":826.0,"auto_score":187.5,"n_per":19,"n_hog":8,"source_year":2024,"crime_score":0.7326,"crime_nivel":"Medio","crime_color":"#ff9800"},"geometry":{"type":"Polygon","coordinates":[[[-71.6275337459999,-36.1996504581004],[-71.6272146059999,-36.1989696641004],[-71.627052036,-36.1989389311004],[-71.6262429589999,-36.1997484051004],[-71.6265007139999,-36.2009732871004],[-71.6278952899999,-36.2002034701004],[-71.6275097279999,-36.1988206051004],[-71.6273849089999,-36.1987899171004],[-71.6271956989999,-36.1989028521004],[-71.6275337459999,-36.1996504581004]]]}},{"type":"Feature","properties":{"id":"7405063078008","commune":"Retiro","code":"07405","gse":"D","quintil":"Q1","nse_score":616.8,"educ":10.4,"educ_score":493.3,"hacin":1.2,"hacin_class":"Hacinamiento Leve","hacin_score":808.5,"auto_score":192.3,"n_per":30,"n_hog":13,"source_year":2024,"crime_score":0.7648,"crime_nivel":"Medio","crime_color":"#ff9800"},"geometry":{"type":"Polygon","coordinates":[[[-71.6190475719999,-36.1992135041004],[-71.6194955979999,-36.2008610211004],[-71.6189588729999,-36.2009527941004],[-71.6194648759999,-36.2030338401003],[-71.6205152899999,-36.2024040931004],[-71.6200862649999,-36.2015498181004],[-71.6200592129999,-36.2013917341003],[-71.6205338749999,-36.2023927401004],[-71.6208314899999,-36.2022109471003],[-71.6205488889999,-36.2018628091003],[-71.6208493349999,-36.2022000471004],[-71.6214634369999,-36.2018258601004],[-71.6208434489999,-36.1997510131004],[-71.6197830359999,-36.1998281111004],[-71.6194484709999,-36.1998292381004],[-71.6193311429999,-36.1997873031004],[-71.6192872889999,-36.1996863701004],[-71.6197717329999,-36.1997882521004],[-71.6195841549999,-36.1991178351004],[-71.6190475719999,-36.1992135041004]]]}},{"type":"Feature","properties":{"id":"7405063078009","commune":"Retiro","code":"07405","gse":"D","quintil":"Q1","nse_score":605.6,"educ":10.4,"educ_score":493.3,"hacin":1.214,"hacin_class":"Hacinamiento Leve","hacin_score":805.5,"auto_score":166.7,"n_per":17,"n_hog":9,"source_year":2024,"crime_score":0.7644,"crime_nivel":"Medio","crime_color":"#ff9800"},"geometry":{"type":"Polygon","coordinates":[[[-71.6181951989999,-36.2010661021003],[-71.6185139259999,-36.2026795351004],[-71.6173912619999,-36.2025365531004],[-71.6175816559999,-36.2031310491003],[-71.6163254769999,-36.2035927581004],[-71.6161950789999,-36.2032182841004],[-71.6154282499999,-36.2034391001004],[-71.6157793339999,-36.2044940441004],[-71.6181454649999,-36.2036285611004],[-71.6180183789999,-36.2032115311004],[-71.6181659949999,-36.2036212161003],[-71.6194468979999,-36.2030444421004],[-71.6189370589999,-36.2009562671004],[-71.6181951989999,-36.2010661021003]]]}},{"type":"Feature","properties":{"id":"7405063078010","commune":"Retiro","code":"07405","gse":"E","quintil":"Q1","nse_score":568.7,"educ":7.8,"educ_score":320.0,"hacin":1.087,"hacin_class":"Hacinamiento Leve","hacin_score":832.6,"auto_score":181.8,"n_per":25,"n_hog":11,"source_year":2024,"crime_score":0.7824,"crime_nivel":"Medio","crime_color":"#ff9800"},"geometry":{"type":"MultiPolygon","coordinates":[[[[-71.6218606399999,-36.2045609311003],[-71.6216651339999,-36.2040331681004],[-71.6215210979999,-36.2035142891004],[-71.6205213879999,-36.2038852681004],[-71.6207130149999,-36.2045338551004],[-71.6213803919999,-36.2045340141003],[-71.6215928739999,-36.2050835521004],[-71.6230604359999,-36.2048481571004],[-71.6224696819999,-36.2031773691004],[-71.6215416129999,-36.2035060951004],[-71.6218606399999,-36.2045609311003]]],[[[-71.6225204839999,-36.2031575211004],[-71.6227336389999,-36.2037603791004],[-71.6234766869999,-36.2036365071003],[-71.6232236209999,-36.2026371351003],[-71.6225204839999,-36.2031575211004]]]]}},{"type":"Feature","properties":{"id":"7405063078012","commune":"Retiro","code":"07405","gse":"D","quintil":"Q2","nse_score":629.0,"educ":10.4,"educ_score":493.3,"hacin":1.37,"hacin_class":"Hacinamiento Leve","hacin_score":772.3,"auto_score":178.6,"n_per":37,"n_hog":14,"source_year":2024,"crime_score":0.7624,"crime_nivel":"Medio","crime_color":"#ff9800"},"geometry":{"type":"MultiPolygon","coordinates":[[[[-71.6198371949999,-36.2038844451003],[-71.6203132739999,-36.2055520991003],[-71.6209129599999,-36.2054427051003],[-71.6204528029999,-36.2038852681004],[-71.6198371949999,-36.2038844451003]]],[[[-71.6177363749999,-36.2038537071004],[-71.6175016589999,-36.2039403321004],[-71.6176338309999,-36.2045099511003],[-71.6174808449999,-36.2039480141004],[-71.6152998069999,-36.2047516961004],[-71.6157305779999,-36.2053891011003],[-71.6180734329999,-36.2050127411004],[-71.6181698189999,-36.2052895441003],[-71.6200644899999,-36.2049610811004],[-71.6197683509999,-36.2038841551003],[-71.6177363749999,-36.2038537071004]]]]}},{"type":"Feature","properties":{"id":"7405073063001","commune":"Retiro","code":"07405","gse":"C3","quintil":"Q2","nse_score":661.9,"educ":9.6,"educ_score":440.0,"hacin":1.13,"hacin_class":"Hacinamiento Leve","hacin_score":823.3,"auto_score":222.2,"n_per":52,"n_hog":18,"source_year":2024,"crime_score":0.7545,"crime_nivel":"Medio","crime_color":"#ff9800"},"geometry":{"type":"Polygon","coordinates":[[[-71.7617007979999,-36.1084192071013],[-71.7593643399999,-36.1103404231013],[-71.7602537259999,-36.1110675171013],[-71.7625718939999,-36.1090818191013],[-71.7617007979999,-36.1084192071013]]]}},{"type":"Feature","properties":{"id":"7405073063003","commune":"Retiro","code":"07405","gse":"D","quintil":"Q2","nse_score":634.5,"educ":9.1,"educ_score":406.7,"hacin":1.297,"hacin_class":"Hacinamiento Leve","hacin_score":787.8,"auto_score":371.0,"n_per":96,"n_hog":31,"source_year":2024,"crime_score":0.7822,"crime_nivel":"Medio","crime_color":"#ff9800"},"geometry":{"type":"Polygon","coordinates":[[[-71.7557690909999,-36.1132736201012],[-71.7559925039999,-36.1133721611012],[-71.7563574429999,-36.1143590121013],[-71.7583364939999,-36.1126924481013],[-71.7581484949999,-36.1125222961013],[-71.7583520029999,-36.1126795051013],[-71.7586167939999,-36.1124585291012],[-71.7583662259999,-36.1122332391013],[-71.7586323019999,-36.1124455871013],[-71.7602078259999,-36.1111067231013],[-71.7585842929999,-36.1097420521013],[-71.7581945979999,-36.1092771241013],[-71.7573992919999,-36.1098822321013],[-71.7586252139999,-36.1110399001012],[-71.7564191809999,-36.1130085261012],[-71.7562547699999,-36.1128871211012],[-71.7557690909999,-36.1132736201012]]]}},{"type":"Feature","properties":{"id":"7405073063005","commune":"Retiro","code":"07405","gse":"D","quintil":"Q1","nse_score":595.4,"educ":8.8,"educ_score":386.7,"hacin":1.39,"hacin_class":"Hacinamiento Leve","hacin_score":768.2,"auto_score":179.5,"n_per":107,"n_hog":38,"source_year":2024,"crime_score":0.8028,"crime_nivel":"Medio","crime_color":"#ff9800"},"geometry":{"type":"Polygon","coordinates":[[[-71.7566216529999,-36.1154815251012],[-71.7572973619999,-36.1149385181012],[-71.7610111159999,-36.1117278061012],[-71.7602547729999,-36.1111451041013],[-71.7557588499999,-36.1149405671013],[-71.7561815859999,-36.1154486821013],[-71.7566216529999,-36.1154815251012]]]}},{"type":"Feature","properties":{"id":"7405073063006","commune":"Retiro","code":"07405","gse":"E","quintil":"Q1","nse_score":588.6,"educ":7.7,"educ_score":313.3,"hacin":1.267,"hacin_class":"Hacinamiento Leve","hacin_score":794.3,"auto_score":0.0,"n_per":19,"n_hog":8,"source_year":2024,"crime_score":0.772,"crime_nivel":"Medio","crime_color":"#ff9800"},"geometry":{"type":"Polygon","coordinates":[[[-71.7588810799999,-36.1136485761013],[-71.7595079679999,-36.1142284091013],[-71.7599708839999,-36.1139502801012],[-71.7605341409999,-36.1145100041012],[-71.7615721759999,-36.1139320071013],[-71.7601344129999,-36.1125859671012],[-71.7593912969999,-36.1132121741013],[-71.7599483979999,-36.1138065001012],[-71.7602661139999,-36.1139783091013],[-71.7599320809999,-36.1138187721013],[-71.7593755919999,-36.1132252141013],[-71.7588810799999,-36.1136485761013]]]}},{"type":"Feature","properties":{"id":"7405073063007","commune":"Retiro","code":"07405","gse":"D","quintil":"Q1","nse_score":618.8,"educ":9.0,"educ_score":400.0,"hacin":1.454,"hacin_class":"Hacinamiento Leve","hacin_score":754.6,"auto_score":256.8,"n_per":125,"n_hog":37,"source_year":2024,"crime_score":0.7997,"crime_nivel":"Medio","crime_color":"#ff9800"},"geometry":{"type":"Polygon","coordinates":[[[-71.7547241029999,-36.1132364101013],[-71.7540256639999,-36.1138958301012],[-71.7543449149999,-36.1147898571013],[-71.754050274,-36.1150231091012],[-71.7531953809999,-36.1139663521012],[-71.7529598249999,-36.1141328351013],[-71.7527922259999,-36.1139720301013],[-71.7523886489999,-36.1142260581012],[-71.7534295499999,-36.1154925671012],[-71.7545536359999,-36.1155858391012],[-71.7541477959999,-36.1152608351013],[-71.7548499209999,-36.1156369641012],[-71.7556201799999,-36.1149797991013],[-71.7550395579999,-36.1140177961012],[-71.754366322,-36.1137521691013],[-71.7552465499999,-36.1140161611012],[-71.7556691779999,-36.1149381491012],[-71.7563346199999,-36.1143782171013],[-71.7559719979999,-36.1133893471013],[-71.7547241029999,-36.1132364101013]]]}},{"type":"Feature","properties":{"id":"7405073063009","commune":"Retiro","code":"07405","gse":"C3","quintil":"Q3","nse_score":684.0,"educ":9.6,"educ_score":440.0,"hacin":1.294,"hacin_class":"Hacinamiento Leve","hacin_score":788.5,"auto_score":71.4,"n_per":22,"n_hog":7,"source_year":2024,"crime_score":0.7346,"crime_nivel":"Medio","crime_color":"#ff9800"},"geometry":{"type":"Polygon","coordinates":[[[-71.7522833869999,-36.1142778561012],[-71.7508379909999,-36.1149286321012],[-71.7524164679999,-36.1159052291013],[-71.7532651249999,-36.1156087311012],[-71.753367367,-36.1155149121012],[-71.7522833869999,-36.1142778561012]]]}},{"type":"Feature","properties":{"id":"7405073063011","commune":"Retiro","code":"07405","gse":"D","quintil":"Q1","nse_score":616.1,"educ":8.8,"educ_score":386.7,"hacin":1.446,"hacin_class":"Hacinamiento Leve","hacin_score":756.1,"auto_score":173.1,"n_per":81,"n_hog":26,"source_year":2024,"crime_score":0.7843,"crime_nivel":"Medio","crime_color":"#ff9800"},"geometry":{"type":"Polygon","coordinates":[[[-71.7554004249999,-36.1158901151012],[-71.7547793329999,-36.1157756231012],[-71.7541483899999,-36.1162854371012],[-71.7547217439999,-36.1157463201012],[-71.7535580199999,-36.1155339371012],[-71.7524725219999,-36.1159379891012],[-71.7529819309999,-36.1162540871012],[-71.7536284579999,-36.1170940891012],[-71.7536734109999,-36.1180066241012],[-71.7562860219999,-36.1157712411012],[-71.7557071759999,-36.1149840481012],[-71.7548059209999,-36.1157529391012],[-71.7554004249999,-36.1158901151012]]]}},{"type":"Feature","properties":{"id":"7405073063002","commune":"Retiro","code":"07405","gse":"D","quintil":"Q1","nse_score":598.7,"educ":8.5,"educ_score":366.7,"hacin":1.5,"hacin_class":"Hacinamiento Medio","hacin_score":744.7,"auto_score":35.7,"n_per":39,"n_hog":13,"source_year":2024,"crime_score":0.7755,"crime_nivel":"Medio","crime_color":"#ff9800"},"geometry":{"type":"MultiPolygon","coordinates":[[[[-71.7631241899999,-36.1100229181013],[-71.7615755499999,-36.1113550941012],[-71.7617180989999,-36.1114872971013],[-71.7615601569999,-36.1113680961013],[-71.7606529489999,-36.1121380271013],[-71.7619845599999,-36.1131596841012],[-71.7626654459999,-36.1125356411013],[-71.7618159279999,-36.1119074551013],[-71.7635878939999,-36.1103751431013],[-71.7631241899999,-36.1100229181013]]],[[[-71.7603582739999,-36.1111529871013],[-71.7610572689999,-36.1116888241013],[-71.7633810569999,-36.1096972371013],[-71.7626240409999,-36.1091214851013],[-71.7603582739999,-36.1111529871013]]]]}},{"type":"Feature","properties":{"id":"7405073063010","commune":"Retiro","code":"07405","gse":"C3","quintil":"Q3","nse_score":686.6,"educ":11.4,"educ_score":560.0,"hacin":1.333,"hacin_class":"Hacinamiento Leve","hacin_score":780.1,"auto_score":142.9,"n_per":20,"n_hog":7,"source_year":2024,"crime_score":0.7328,"crime_nivel":"Medio","crime_color":"#ff9800"},"geometry":{"type":"MultiPolygon","coordinates":[[[[-71.7546967329999,-36.1172490881012],[-71.7537116239999,-36.1180781841012],[-71.7540015519999,-36.1184911851012],[-71.7546014369999,-36.1180271381012],[-71.7551061099999,-36.1185117861012],[-71.7556231569999,-36.1181339091012],[-71.7546967329999,-36.1172490881012]]],[[[-71.7577363279999,-36.1146568251012],[-71.7547430159999,-36.1172097791012],[-71.7564176259999,-36.1188129051012],[-71.7565722519999,-36.1184522311012],[-71.7557766999999,-36.1177052311012],[-71.7562743529999,-36.1172598101012],[-71.7558984709999,-36.1169012091012],[-71.7577430459999,-36.1154422911013],[-71.7578579219999,-36.1155436321012],[-71.7582974889999,-36.1151684041012],[-71.7577363279999,-36.1146568251012]]]]}}]}