{"type":"FeatureCollection","features":[{"type":"Feature","properties":{"id":"7108011001001","commune":"Río Claro","code":"07108","gse":"E","quintil":"Q1","nse_score":589.2,"educ":9.1,"educ_score":406.7,"hacin":1.451,"hacin_class":"Hacinamiento Leve","hacin_score":755.1,"auto_score":73.2,"n_per":119,"n_hog":44,"source_year":2024},"geometry":{"type":"Polygon","coordinates":[[[-71.2543264649999,-35.27603620011],[-71.2576465749999,-35.27910546511],[-71.2577803879999,-35.27903111911],[-71.2564748649999,-35.27786433811],[-71.2580796159999,-35.27925639811],[-71.2586470029999,-35.28015943711],[-71.2580844539999,-35.27932127111],[-71.2578276919999,-35.27907585011],[-71.2576940689999,-35.27915704411],[-71.2594126399999,-35.28162498111],[-71.2622299449999,-35.28108624411],[-71.2618465419999,-35.2808235401099],[-71.2614270549999,-35.28075738811],[-71.2614520819999,-35.2805744051099],[-71.2612019789999,-35.2804931611099],[-71.2612221469999,-35.28031884811],[-71.2610107899999,-35.2802460491099],[-71.2610604049999,-35.28014936211],[-71.2608622539999,-35.27986693611],[-71.2605497049999,-35.27990316811],[-71.2599926339999,-35.27974273511],[-71.2593403259999,-35.27921594211],[-71.2593638569999,-35.27902620911],[-71.2591416719999,-35.27890745711],[-71.2590340249999,-35.27861732311],[-71.2592288719999,-35.27830488811],[-71.2591332799999,-35.27803726411],[-71.2592776419999,-35.27783883911],[-71.2591309829999,-35.27735232611],[-71.2589360899999,-35.27732169711],[-71.2584630119999,-35.27754720411],[-71.2583796769999,-35.27747756011],[-71.2579203239999,-35.27774201711],[-71.2573437569999,-35.27710752211],[-71.2567960349999,-35.27747974611],[-71.2555429079999,-35.27641564211],[-71.255705212,-35.27631072811],[-71.2549968179999,-35.27563627911],[-71.2543264649999,-35.27603620011]]]}},{"type":"Feature","properties":{"id":"7108011001003","commune":"Río Claro","code":"07108","gse":"D","quintil":"Q1","nse_score":607.4,"educ":8.0,"educ_score":333.3,"hacin":1.333,"hacin_class":"Hacinamiento Leve","hacin_score":780.1,"auto_score":100.0,"n_per":16,"n_hog":5,"source_year":2024},"geometry":{"type":"Polygon","coordinates":[[[-71.2536241849999,-35.27679391711],[-71.2551135929999,-35.27815945311],[-71.2559643829999,-35.27762955211],[-71.2545106419999,-35.27631907411],[-71.2536241849999,-35.27679391711]]]}},{"type":"Feature","properties":{"id":"7108011001004","commune":"Río Claro","code":"07108","gse":"E","quintil":"Q1","nse_score":558.0,"educ":8.9,"educ_score":393.3,"hacin":1.5,"hacin_class":"Hacinamiento Medio","hacin_score":744.7,"auto_score":159.1,"n_per":66,"n_hog":22,"source_year":2024},"geometry":{"type":"Polygon","coordinates":[[[-71.259236385,-35.27765241111],[-71.2592707759999,-35.27787363011],[-71.2591327619999,-35.27805427711],[-71.2592326509999,-35.27828881511],[-71.2590296049999,-35.27853244211],[-71.2591127229999,-35.27885416511],[-71.2593238369999,-35.27897325911],[-71.2593403259999,-35.27921594211],[-71.2596617009999,-35.27956286411],[-71.2599926339999,-35.27974273511],[-71.2628570409999,-35.27921401911],[-71.2626983849999,-35.27901866511],[-71.2621716199999,-35.27886625711],[-71.2598061509999,-35.27928922811],[-71.2606833119999,-35.27910353611],[-71.2602842979999,-35.27886507011],[-71.2600787479999,-35.27894612011],[-71.2613195429999,-35.27823569611],[-71.2609096029999,-35.27796135111],[-71.2600467389999,-35.27833860911],[-71.2610400059999,-35.27787470311],[-71.2603689939999,-35.27729242411],[-71.259236385,-35.27765241111]]]}},{"type":"Feature","properties":{"id":"7108011001005","commune":"Río Claro","code":"07108","gse":"D","quintil":"Q1","nse_score":625.7,"educ":10.1,"educ_score":473.3,"hacin":1.547,"hacin_class":"Hacinamiento Medio","hacin_score":734.6,"auto_score":320.0,"n_per":82,"n_hog":27,"source_year":2024},"geometry":{"type":"Polygon","coordinates":[[[-71.2664828329999,-35.27995778811],[-71.2668377009999,-35.27996291411],[-71.2665795629999,-35.28007743511],[-71.26678505,-35.2801861441099],[-71.2671500229999,-35.28011225211],[-71.2648315849999,-35.27747588711],[-71.2647064319999,-35.27783616311],[-71.2664828329999,-35.27995778811]]]}},{"type":"Feature","properties":{"id":"7108011001007","commune":"Río Claro","code":"07108","gse":"E","quintil":"Q1","nse_score":524.7,"educ":8.6,"educ_score":373.3,"hacin":1.309,"hacin_class":"Hacinamiento Leve","hacin_score":785.4,"auto_score":56.8,"n_per":212,"n_hog":89,"source_year":2024},"geometry":{"type":"Polygon","coordinates":[[[-71.2559858639999,-35.27764958611],[-71.2499349139999,-35.28126441111],[-71.2504204559999,-35.2822617661099],[-71.2512583249999,-35.2832173471099],[-71.2514654709999,-35.28307726611],[-71.2507778399999,-35.28230614411],[-71.2509623879999,-35.2824198991099],[-71.2517989899999,-35.2819130211099],[-71.2517020669999,-35.28177509911],[-71.251854524,-35.28187142111],[-71.2527681569999,-35.28131802811],[-71.2527290209999,-35.2811885981099],[-71.2528381119999,-35.28127615911],[-71.2534426669999,-35.28091332011],[-71.2533979969999,-35.28075188811],[-71.253868855,-35.28113074411],[-71.2542455629999,-35.28088933911],[-71.2539074949999,-35.28046744411],[-71.2543139249999,-35.2808520061099],[-71.2547151339999,-35.28061465111],[-71.2543856189999,-35.28022865611],[-71.2544977449999,-35.28030769811],[-71.2552883559999,-35.27982869811],[-71.2551598399999,-35.27964178611],[-71.2555891519999,-35.28007099111],[-71.2573862149999,-35.27896922311],[-71.2559858639999,-35.27764958611]]]}},{"type":"Feature","properties":{"id":"7108011001008","commune":"Río Claro","code":"07108","gse":"D","quintil":"Q2","nse_score":634.8,"educ":9.3,"educ_score":420.0,"hacin":1.233,"hacin_class":"Hacinamiento Leve","hacin_score":801.6,"auto_score":184.2,"n_per":53,"n_hog":19,"source_year":2024},"geometry":{"type":"Polygon","coordinates":[[[-71.2646762889999,-35.27795075111],[-71.2644627579999,-35.27849884311],[-71.2650580129999,-35.27919706011],[-71.2655118839999,-35.27896937311],[-71.2646762889999,-35.27795075111]]]}},{"type":"Feature","properties":{"id":"7108011001010","commune":"Río Claro","code":"07108","gse":"E","quintil":"Q1","nse_score":584.7,"educ":9.1,"educ_score":406.7,"hacin":1.081,"hacin_class":"Hacinamiento Leve","hacin_score":833.8,"auto_score":359.4,"n_per":80,"n_hog":30,"source_year":2024},"geometry":{"type":"Polygon","coordinates":[[[-71.2627085179999,-35.27872888111],[-71.2635932809999,-35.27886420311],[-71.2647660619999,-35.28058955411],[-71.2663714989999,-35.28026929111],[-71.2664859379999,-35.28012864811],[-71.2657990429999,-35.28017653111],[-71.2643945369999,-35.27849952211],[-71.2644135489999,-35.27832323111],[-71.2627085179999,-35.27872888111]]]}},{"type":"Feature","properties":{"id":"7108011001011","commune":"Río Claro","code":"07108","gse":"E","quintil":"Q1","nse_score":504.7,"educ":5.6,"educ_score":173.3,"hacin":1.312,"hacin_class":"Hacinamiento Leve","hacin_score":784.6,"auto_score":142.9,"n_per":21,"n_hog":7,"source_year":2024},"geometry":{"type":"Polygon","coordinates":[[[-71.2606702399999,-35.27866107011],[-71.2612140939999,-35.27900166111],[-71.26165821,-35.27893007211],[-71.2610068689999,-35.27847583411],[-71.2606702399999,-35.27866107011]]]}},{"type":"Feature","properties":{"id":"7108011001012","commune":"Río Claro","code":"07108","gse":"C3","quintil":"Q3","nse_score":684.1,"educ":10.9,"educ_score":526.7,"hacin":1.5,"hacin_class":"Hacinamiento Medio","hacin_score":744.7,"auto_score":166.7,"n_per":18,"n_hog":6,"source_year":2024},"geometry":{"type":"Polygon","coordinates":[[[-71.2606456919999,-35.27867568211],[-71.2603168109999,-35.27886488611],[-71.2607296319999,-35.27909302411],[-71.261142892,-35.27902071911],[-71.2606456919999,-35.27867568211]]]}},{"type":"Feature","properties":{"id":"7108011001014","commune":"Río Claro","code":"07108","gse":"D","quintil":"Q2","nse_score":634.7,"educ":9.8,"educ_score":453.3,"hacin":1.5,"hacin_class":"Hacinamiento Medio","hacin_score":744.7,"auto_score":125.0,"n_per":60,"n_hog":20,"source_year":2024},"geometry":{"type":"Polygon","coordinates":[[[-71.2658711569999,-35.2801491851099],[-71.2664447769999,-35.28000772211],[-71.26556446,-35.27898963911],[-71.2651109359999,-35.27927191211],[-71.2658711569999,-35.2801491851099]]]}},{"type":"Feature","properties":{"id":"7108011001016","commune":"Río Claro","code":"07108","gse":"E","quintil":"Q1","nse_score":547.6,"educ":8.4,"educ_score":360.0,"hacin":1.053,"hacin_class":"Hacinamiento Leve","hacin_score":839.9,"auto_score":16.1,"n_per":80,"n_hog":31,"source_year":2024},"geometry":{"type":"Polygon","coordinates":[[[-71.2636517949999,-35.27908243511],[-71.2602606289999,-35.27974637911],[-71.2605497049999,-35.27990316811],[-71.2608622539999,-35.27986693611],[-71.2610604049999,-35.28014936211],[-71.2610107899999,-35.2802460491099],[-71.2612221469999,-35.28031884811],[-71.2612019789999,-35.2804931611099],[-71.2614520819999,-35.2805744051099],[-71.2614270549999,-35.28075738811],[-71.2618465419999,-35.2808235401099],[-71.2622299449999,-35.28108624411],[-71.2646700079999,-35.2805669231099],[-71.2640943119999,-35.27976328811],[-71.2635741599999,-35.2798857101099],[-71.2619743629999,-35.28014340811],[-71.2640439019999,-35.27973298311],[-71.2636517949999,-35.27908243511]]]}},{"type":"Feature","properties":{"id":"7108011001017","commune":"Río Claro","code":"07108","gse":"E","quintil":"Q1","nse_score":546.7,"educ":8.3,"educ_score":353.3,"hacin":1.312,"hacin_class":"Hacinamiento Leve","hacin_score":784.6,"auto_score":100.0,"n_per":84,"n_hog":30,"source_year":2024},"geometry":{"type":"Polygon","coordinates":[[[-71.2573121159999,-35.2820300301099],[-71.2589487389999,-35.2810919581099],[-71.2585029479999,-35.28039146211],[-71.2573558789999,-35.27910950811],[-71.2556245519999,-35.28013343311],[-71.2573121159999,-35.2820300301099]]]}},{"type":"Feature","properties":{"id":"7108011001018","commune":"Río Claro","code":"07108","gse":"E","quintil":"Q1","nse_score":420.9,"educ":8.7,"educ_score":380.0,"hacin":1.727,"hacin_class":"Hacinamiento Medio","hacin_score":696.3,"auto_score":0.0,"n_per":19,"n_hog":6,"source_year":2024},"geometry":{"type":"Polygon","coordinates":[[[-71.2547738179999,-35.2805504541099],[-71.2555152039999,-35.28011744311],[-71.255323943,-35.27987310711],[-71.2545727249999,-35.2803108071099],[-71.2547738179999,-35.2805504541099]]]}},{"type":"Feature","properties":{"id":"7108011001019","commune":"Río Claro","code":"07108","gse":"E","quintil":"Q1","nse_score":511.0,"educ":6.7,"educ_score":246.7,"hacin":0.962,"hacin_class":"Sin Hacinamiento","hacin_score":859.2,"auto_score":45.5,"n_per":25,"n_hog":11,"source_year":2024},"geometry":{"type":"Polygon","coordinates":[[[-71.2552520419999,-35.2810778171099],[-71.2559876959999,-35.28065401711],[-71.2555786349999,-35.28017485611],[-71.2548506569999,-35.2806200881099],[-71.2552520419999,-35.2810778171099]]]}},{"type":"Feature","properties":{"id":"7108011001020","commune":"Río Claro","code":"07108","gse":"C3","quintil":"Q3","nse_score":682.0,"educ":11.9,"educ_score":593.3,"hacin":1.167,"hacin_class":"Hacinamiento Leve","hacin_score":815.6,"auto_score":250.0,"n_per":21,"n_hog":6,"source_year":2024},"geometry":{"type":"Polygon","coordinates":[[[-71.267566557,-35.28154070911],[-71.2678893229999,-35.2814839901099],[-71.2668544699999,-35.28022668011],[-71.2666207659999,-35.2802731381099],[-71.2665956809999,-35.28040213711],[-71.267566557,-35.28154070911]]]}},{"type":"Feature","properties":{"id":"7108011001021","commune":"Río Claro","code":"07108","gse":"C3","quintil":"Q3","nse_score":688.7,"educ":10.8,"educ_score":520.0,"hacin":1.25,"hacin_class":"Hacinamiento Leve","hacin_score":797.9,"auto_score":103.4,"n_per":95,"n_hog":31,"source_year":2024},"geometry":{"type":"Polygon","coordinates":[[[-71.2639828679999,-35.28205809011],[-71.2647974309999,-35.28210462311],[-71.2658538389999,-35.2832062451099],[-71.267159649,-35.2827412111099],[-71.2666992429999,-35.2822172821099],[-71.2676563469999,-35.2817618801099],[-71.2672735669999,-35.28133100811],[-71.2665226389999,-35.28143246711],[-71.2658732329999,-35.28064044511],[-71.2654749029999,-35.2807032401099],[-71.2665257909999,-35.28046144411],[-71.2663696109999,-35.28034511011],[-71.2649119249999,-35.2806448411099],[-71.2660396789999,-35.28169953111],[-71.26598974,-35.2818815651099],[-71.2655323529999,-35.28204450911],[-71.265984295,-35.28246881011],[-71.2666851359999,-35.2822558561099],[-71.2659468969999,-35.2825152541099],[-71.2641083939999,-35.28079572611],[-71.2636753609999,-35.28087993611],[-71.2639828679999,-35.28205809011]]]}},{"type":"Feature","properties":{"id":"7108011001022","commune":"Río Claro","code":"07108","gse":"C3","quintil":"Q3","nse_score":695.6,"educ":11.3,"educ_score":553.3,"hacin":1.306,"hacin_class":"Hacinamiento Leve","hacin_score":786.1,"auto_score":307.7,"n_per":47,"n_hog":13,"source_year":2024},"geometry":{"type":"Polygon","coordinates":[[[-71.2665843769999,-35.28139396611],[-71.2672407419999,-35.28129395611],[-71.2665953379999,-35.2805167961099],[-71.2659459609999,-35.28061203811],[-71.2665843769999,-35.28139396611]]]}},{"type":"Feature","properties":{"id":"7108011001023","commune":"Río Claro","code":"07108","gse":"D","quintil":"Q2","nse_score":635.1,"educ":10.7,"educ_score":513.3,"hacin":1.4,"hacin_class":"Hacinamiento Leve","hacin_score":766.0,"auto_score":208.3,"n_per":35,"n_hog":13,"source_year":2024},"geometry":{"type":"Polygon","coordinates":[[[-71.2654230359999,-35.28199055411],[-71.2659465959999,-35.28184013711],[-71.2659788149999,-35.28172144611],[-71.264847588,-35.28066568911],[-71.2641936169999,-35.28077557811],[-71.2654230359999,-35.28199055411]]]}},{"type":"Feature","properties":{"id":"7108011001024","commune":"Río Claro","code":"07108","gse":"E","quintil":"Q1","nse_score":577.2,"educ":8.5,"educ_score":366.7,"hacin":1.389,"hacin_class":"Hacinamiento Leve","hacin_score":768.3,"auto_score":55.6,"n_per":25,"n_hog":9,"source_year":2024},"geometry":{"type":"Polygon","coordinates":[[[-71.2547461499999,-35.28135889711],[-71.2551882129999,-35.28112434111],[-71.2547922999999,-35.2806718071099],[-71.2543601959999,-35.28090012511],[-71.2547461499999,-35.28135889711]]]}},{"type":"Feature","properties":{"id":"7108011001027","commune":"Río Claro","code":"07108","gse":"E","quintil":"Q1","nse_score":493.8,"educ":9.8,"educ_score":453.3,"hacin":1.118,"hacin_class":"Hacinamiento Leve","hacin_score":826.0,"auto_score":58.8,"n_per":38,"n_hog":17,"source_year":2024},"geometry":{"type":"Polygon","coordinates":[[[-71.2528722619999,-35.28134313211],[-71.2531136529999,-35.2815865381099],[-71.2537062579999,-35.28117873111],[-71.253476255,-35.28093523111],[-71.2528722619999,-35.28134313211]]]}},{"type":"Feature","properties":{"id":"7108011001028","commune":"Río Claro","code":"07108","gse":"E","quintil":"Q1","nse_score":561.6,"educ":7.1,"educ_score":273.3,"hacin":1.048,"hacin_class":"Hacinamiento Leve","hacin_score":840.9,"auto_score":50.0,"n_per":22,"n_hog":10,"source_year":2024},"geometry":{"type":"Polygon","coordinates":[[[-71.2542544059999,-35.28169148111],[-71.2547345009999,-35.28141208911],[-71.2542879229999,-35.28094263811],[-71.2538530919999,-35.28124372111],[-71.2542544059999,-35.28169148111]]]}},{"type":"Feature","properties":{"id":"7108011001029","commune":"Río Claro","code":"07108","gse":"E","quintil":"Q1","nse_score":510.8,"educ":8.2,"educ_score":346.7,"hacin":1.355,"hacin_class":"Hacinamiento Leve","hacin_score":775.6,"auto_score":0.0,"n_per":84,"n_hog":34,"source_year":2024},"geometry":{"type":"Polygon","coordinates":[[[-71.2613528819999,-35.2813335621099],[-71.263821935,-35.2846137681099],[-71.2670267579999,-35.2862201051099],[-71.2681504699999,-35.2850136771099],[-71.2670802829999,-35.2846807351099],[-71.2665478049999,-35.2847766381099],[-71.2659174409999,-35.2846335691099],[-71.2651094599999,-35.2840958271099],[-71.2642945709999,-35.2838863781099],[-71.2640167999999,-35.2835217771099],[-71.263952764,-35.2829996791099],[-71.263719438,-35.28277429611],[-71.2633654209999,-35.2826844721099],[-71.2632656729999,-35.28197747711],[-71.2627383019999,-35.2813683821099],[-71.2623339499999,-35.28114327711],[-71.2613528819999,-35.2813335621099]]]}},{"type":"Feature","properties":{"id":"7108011001031","commune":"Río Claro","code":"07108","gse":"C3","quintil":"Q2","nse_score":655.8,"educ":9.7,"educ_score":446.7,"hacin":0.8,"hacin_class":"Sin Hacinamiento","hacin_score":893.6,"auto_score":45.5,"n_per":24,"n_hog":11,"source_year":2024},"geometry":{"type":"Polygon","coordinates":[[[-71.2552184969999,-35.2811867101099],[-71.2548391999999,-35.28144619511],[-71.2554305059999,-35.28207971611],[-71.2558322789999,-35.28183783911],[-71.2552184969999,-35.2811867101099]]]}},{"type":"Feature","properties":{"id":"7108011001032","commune":"Río Claro","code":"07108","gse":"E","quintil":"Q1","nse_score":562.9,"educ":10.4,"educ_score":493.3,"hacin":1.2,"hacin_class":"Hacinamiento Leve","hacin_score":808.5,"auto_score":76.9,"n_per":42,"n_hog":13,"source_year":2024},"geometry":{"type":"Polygon","coordinates":[[[-71.2533832829999,-35.28189480611],[-71.2540071479999,-35.28152899111],[-71.2538062959999,-35.28128320811],[-71.2531576549999,-35.28162370211],[-71.2533832829999,-35.28189480611]]]}},{"type":"Feature","properties":{"id":"7108011001033","commune":"Río Claro","code":"07108","gse":"E","quintil":"Q1","nse_score":502.1,"educ":8.3,"educ_score":353.3,"hacin":1.2,"hacin_class":"Hacinamiento Leve","hacin_score":808.5,"auto_score":90.9,"n_per":30,"n_hog":10,"source_year":2024},"geometry":{"type":"Polygon","coordinates":[[[-71.2561328659999,-35.2820846421099],[-71.2568635519999,-35.28167435911],[-71.2565793499999,-35.2812981361099],[-71.2558293409999,-35.28170718111],[-71.2561328659999,-35.2820846421099]]]}},{"type":"Feature","properties":{"id":"7108011001034","commune":"Río Claro","code":"07108","gse":"E","quintil":"Q1","nse_score":548.8,"educ":10.5,"educ_score":500.0,"hacin":1.4,"hacin_class":"Hacinamiento Leve","hacin_score":766.0,"auto_score":285.7,"n_per":56,"n_hog":22,"source_year":2024},"geometry":{"type":"Polygon","coordinates":[[[-71.2518996249999,-35.2819045981099],[-71.2521740949999,-35.2821570361099],[-71.2530584779999,-35.2816073411099],[-71.2528018799999,-35.28134528711],[-71.2518996249999,-35.2819045981099]]]}},{"type":"Feature","properties":{"id":"7108011001035","commune":"Río Claro","code":"07108","gse":"D","quintil":"Q2","nse_score":634.0,"educ":9.9,"educ_score":460.0,"hacin":1.35,"hacin_class":"Hacinamiento Leve","hacin_score":776.5,"auto_score":52.8,"n_per":370,"n_hog":126,"source_year":2024},"geometry":{"type":"Polygon","coordinates":[[[-71.2595338049999,-35.28182726011],[-71.2629819329999,-35.2884441371099],[-71.2636221559999,-35.2881964721099],[-71.2637864439999,-35.2880081531099],[-71.2634424119999,-35.2872005101099],[-71.26361012,-35.2872880061099],[-71.2644164509999,-35.2869908261099],[-71.2643652579999,-35.2868446171099],[-71.2645302189999,-35.2869487471099],[-71.2651232179999,-35.2867294081099],[-71.2650371759999,-35.2865958781099],[-71.2660257929999,-35.2871043171099],[-71.2661870379999,-35.2870825961099],[-71.2639268309999,-35.2879141611099],[-71.2643278049999,-35.2882207361098],[-71.2665196019999,-35.2875045591099],[-71.2643732379999,-35.2882532391099],[-71.2651431899999,-35.2889477281099],[-71.2694964759999,-35.2875098451099],[-71.2683541259999,-35.2872157091099],[-71.2669335839999,-35.2863149641099],[-71.2669883519999,-35.2862420781099],[-71.2637935089999,-35.2846376801099],[-71.2612595619999,-35.28136373611],[-71.2595752399999,-35.28170033811],[-71.2595338049999,-35.28182726011]]]}},{"type":"Feature","properties":{"id":"7108011001037","commune":"Río Claro","code":"07108","gse":"E","quintil":"Q1","nse_score":550.4,"educ":10.5,"educ_score":500.0,"hacin":1.189,"hacin_class":"Hacinamiento Leve","hacin_score":810.8,"auto_score":71.4,"n_per":44,"n_hog":14,"source_year":2024},"geometry":{"type":"Polygon","coordinates":[[[-71.2536626949999,-35.2822024081099],[-71.2542919589999,-35.28182909811],[-71.2540712679999,-35.28157359011],[-71.2534324119999,-35.2819300391099],[-71.2536626949999,-35.2822024081099]]]}},{"type":"Feature","properties":{"id":"7108011001038","commune":"Río Claro","code":"07108","gse":"E","quintil":"Q1","nse_score":551.5,"educ":8.5,"educ_score":366.7,"hacin":1.12,"hacin_class":"Hacinamiento Leve","hacin_score":825.5,"auto_score":71.4,"n_per":56,"n_hog":21,"source_year":2024},"geometry":{"type":"Polygon","coordinates":[[[-71.2521557019999,-35.2822193091099],[-71.2524209659999,-35.2825004941099],[-71.2533410169999,-35.2819207451099],[-71.2530808389999,-35.28166840411],[-71.2521557019999,-35.2822193091099]]]}},{"type":"Feature","properties":{"id":"7108011001039","commune":"Río Claro","code":"07108","gse":"C3","quintil":"Q2","nse_score":665.2,"educ":10.7,"educ_score":513.3,"hacin":1.38,"hacin_class":"Hacinamiento Leve","hacin_score":770.3,"auto_score":135.6,"n_per":189,"n_hog":60,"source_year":2024},"geometry":{"type":"Polygon","coordinates":[[[-71.2569537699999,-35.2829923591099],[-71.2577558939999,-35.2842174791099],[-71.2584747159999,-35.28395590011],[-71.2583816279999,-35.2836323361099],[-71.2585414519999,-35.2839316081099],[-71.259170234,-35.28376641311],[-71.2596624629999,-35.2847143281099],[-71.2607078679999,-35.2843294781099],[-71.2592580629999,-35.2816682561099],[-71.2569537699999,-35.2829923591099]]]}},{"type":"Feature","properties":{"id":"7108011001040","commune":"Río Claro","code":"07108","gse":"E","quintil":"Q1","nse_score":512.0,"educ":6.7,"educ_score":246.7,"hacin":1.136,"hacin_class":"Hacinamiento Leve","hacin_score":822.1,"auto_score":0.0,"n_per":25,"n_hog":12,"source_year":2024},"geometry":{"type":"Polygon","coordinates":[[[-71.2565420989999,-35.2825140441099],[-71.257249623,-35.28209556211],[-71.2569239389999,-35.28168985111],[-71.2561893039999,-35.28211588811],[-71.2565420989999,-35.2825140441099]]]}},{"type":"Feature","properties":{"id":"7108011001042","commune":"Río Claro","code":"07108","gse":"D","quintil":"Q2","nse_score":636.1,"educ":9.6,"educ_score":440.0,"hacin":1.238,"hacin_class":"Hacinamiento Leve","hacin_score":800.4,"auto_score":150.0,"n_per":26,"n_hog":11,"source_year":2024},"geometry":{"type":"Polygon","coordinates":[[[-71.2554697469999,-35.2821691311099],[-71.2560599709999,-35.2828252051099],[-71.2564490089999,-35.2825700421099],[-71.2558543189999,-35.2818644721099],[-71.2554697469999,-35.2821691311099]]]}},{"type":"Feature","properties":{"id":"7108011001043","commune":"Río Claro","code":"07108","gse":"E","quintil":"Q1","nse_score":466.5,"educ":7.4,"educ_score":293.3,"hacin":1.097,"hacin_class":"Hacinamiento Leve","hacin_score":830.5,"auto_score":0.0,"n_per":34,"n_hog":13,"source_year":2024},"geometry":{"type":"Polygon","coordinates":[[[-71.2509939399999,-35.28249903511],[-71.2512386419999,-35.28274379211],[-71.2520977049999,-35.28222111111],[-71.2518208099999,-35.28194416611],[-71.2509939399999,-35.28249903511]]]}},{"type":"Feature","properties":{"id":"7108011001045","commune":"Río Claro","code":"07108","gse":"E","quintil":"Q1","nse_score":487.1,"educ":8.6,"educ_score":373.3,"hacin":1.274,"hacin_class":"Hacinamiento Leve","hacin_score":792.7,"auto_score":71.4,"n_per":65,"n_hog":21,"source_year":2024},"geometry":{"type":"Polygon","coordinates":[[[-71.2515167949999,-35.2830565361099],[-71.2523553459999,-35.2825381941099],[-71.2521146419999,-35.28224519311],[-71.2512598399999,-35.2827678591099],[-71.2515167949999,-35.2830565361099]]]}},{"type":"Feature","properties":{"id":"7108011001047","commune":"Río Claro","code":"07108","gse":"C3","quintil":"Q3","nse_score":677.0,"educ":10.2,"educ_score":480.0,"hacin":1.319,"hacin_class":"Hacinamiento Leve","hacin_score":783.2,"auto_score":27.8,"n_per":62,"n_hog":18,"source_year":2024},"geometry":{"type":"Polygon","coordinates":[[[-71.2562216339999,-35.28340870311],[-71.2569648059999,-35.2845131861099],[-71.2573412369999,-35.2843719981099],[-71.2570755339999,-35.2840760801099],[-71.2571546649999,-35.2840284601099],[-71.2573814719999,-35.2843569071099],[-71.2576854559999,-35.2842428891099],[-71.2568880609999,-35.2830479161099],[-71.2562216339999,-35.28340870311]]]}},{"type":"Feature","properties":{"id":"7108011001048","commune":"Río Claro","code":"07108","gse":"C3","quintil":"Q2","nse_score":666.4,"educ":9.6,"educ_score":440.0,"hacin":1.095,"hacin_class":"Hacinamiento Leve","hacin_score":830.8,"auto_score":58.8,"n_per":46,"n_hog":18,"source_year":2024},"geometry":{"type":"Polygon","coordinates":[[[-71.2562339719999,-35.2842403741099],[-71.2565484199999,-35.28405670411],[-71.2560894949999,-35.2834835231099],[-71.2557899459999,-35.2836752591099],[-71.2562339719999,-35.2842403741099]]]}},{"type":"Feature","properties":{"id":"7108011001049","commune":"Río Claro","code":"07108","gse":"C2","quintil":"Q4","nse_score":740.3,"educ":12.3,"educ_score":620.0,"hacin":1.292,"hacin_class":"Hacinamiento Leve","hacin_score":789.0,"auto_score":277.8,"n_per":31,"n_hog":9,"source_year":2024},"geometry":{"type":"Polygon","coordinates":[[[-71.2554339679999,-35.28424360011],[-71.2559165029999,-35.2839591141099],[-71.255743359,-35.2837149061099],[-71.2552305209999,-35.2839876531099],[-71.2554339679999,-35.28424360011]]]}},{"type":"Feature","properties":{"id":"7108011001050","commune":"Río Claro","code":"07108","gse":"D","quintil":"Q2","nse_score":632.3,"educ":10.0,"educ_score":466.7,"hacin":1.453,"hacin_class":"Hacinamiento Leve","hacin_score":754.7,"auto_score":115.4,"n_per":77,"n_hog":25,"source_year":2024},"geometry":{"type":"Polygon","coordinates":[[[-71.2579225409999,-35.2845118221099],[-71.2592038899999,-35.28407213111],[-71.2591400519999,-35.2838284821099],[-71.2578057869999,-35.2842684021099],[-71.2579225409999,-35.2845118221099]]]}},{"type":"Feature","properties":{"id":"7108011001051","commune":"Río Claro","code":"07108","gse":"C2","quintil":"Q3","nse_score":713.1,"educ":10.7,"educ_score":513.3,"hacin":1.158,"hacin_class":"Hacinamiento Leve","hacin_score":817.5,"auto_score":62.5,"n_per":22,"n_hog":8,"source_year":2024},"geometry":{"type":"Polygon","coordinates":[[[-71.2556942799999,-35.2845517931099],[-71.2561905539999,-35.2842906621099],[-71.255995863,-35.2840273321099],[-71.2555093379999,-35.2843128531099],[-71.2556942799999,-35.2845517931099]]]}},{"type":"Feature","properties":{"id":"7108011001052","commune":"Río Claro","code":"07108","gse":"C3","quintil":"Q3","nse_score":689.4,"educ":10.7,"educ_score":513.3,"hacin":1.333,"hacin_class":"Hacinamiento Leve","hacin_score":780.1,"auto_score":20.8,"n_per":80,"n_hog":24,"source_year":2024},"geometry":{"type":"Polygon","coordinates":[[[-71.2547783249999,-35.2854964701099],[-71.256075086,-35.2846367771099],[-71.2561965689999,-35.2848066661099],[-71.2565503879999,-35.2846777071099],[-71.2564738299999,-35.2845242201099],[-71.2565807899999,-35.2846666261099],[-71.2568833959999,-35.2845241101099],[-71.2566051859999,-35.2841359131099],[-71.2555621219999,-35.2847477321099],[-71.255648575,-35.2846148041099],[-71.2551344869999,-35.28403458011],[-71.2540714699999,-35.2846616541099],[-71.2547783249999,-35.2854964701099]]]}},{"type":"Feature","properties":{"id":"7108011001053","commune":"Río Claro","code":"07108","gse":"D","quintil":"Q2","nse_score":633.2,"educ":9.5,"educ_score":433.3,"hacin":1.522,"hacin_class":"Hacinamiento Medio","hacin_score":739.9,"auto_score":137.9,"n_per":102,"n_hog":30,"source_year":2024},"geometry":{"type":"Polygon","coordinates":[[[-71.2580695619999,-35.2847714961099],[-71.2593185289999,-35.2843481111099],[-71.2592555069999,-35.2841134041099],[-71.2579846159999,-35.2845452951099],[-71.2580695619999,-35.2847714961099]]]}},{"type":"Feature","properties":{"id":"7108011001054","commune":"Río Claro","code":"07108","gse":"C3","quintil":"Q2","nse_score":659.3,"educ":10.5,"educ_score":500.0,"hacin":1.591,"hacin_class":"Hacinamiento Medio","hacin_score":725.3,"auto_score":41.7,"n_per":35,"n_hog":12,"source_year":2024},"geometry":{"type":"Polygon","coordinates":[[[-71.2571559639999,-35.2847799121099],[-71.2578400729999,-35.2845670491099],[-71.2577336139999,-35.2843279501099],[-71.2570281209999,-35.2845587871099],[-71.2571559639999,-35.2847799121099]]]}},{"type":"Feature","properties":{"id":"7108011001056","commune":"Río Claro","code":"07108","gse":"D","quintil":"Q1","nse_score":619.2,"educ":10.0,"educ_score":466.7,"hacin":1.608,"hacin_class":"Hacinamiento Medio","hacin_score":721.7,"auto_score":220.0,"n_per":82,"n_hog":24,"source_year":2024},"geometry":{"type":"Polygon","coordinates":[[[-71.2593775989999,-35.2843923811099],[-71.2581295789999,-35.2848201711099],[-71.2582311819999,-35.2850579241099],[-71.2592409039999,-35.2847303961099],[-71.2594751819999,-35.2850301271099],[-71.2596201099999,-35.2850045171099],[-71.2593775989999,-35.2843923811099]]]}},{"type":"Feature","properties":{"id":"7108011001057","commune":"Río Claro","code":"07108","gse":"D","quintil":"Q1","nse_score":623.7,"educ":10.3,"educ_score":486.7,"hacin":1.352,"hacin_class":"Hacinamiento Leve","hacin_score":776.1,"auto_score":28.8,"n_per":119,"n_hog":50,"source_year":2024},"geometry":{"type":"Polygon","coordinates":[[[-71.2631160569999,-35.2935761511098],[-71.2651822739999,-35.2928215281098],[-71.2641789299999,-35.2909018871099],[-71.2629911109999,-35.2914053801099],[-71.2641628889999,-35.2908706001099],[-71.2607867739999,-35.28448040911],[-71.2596370349999,-35.2847984031099],[-71.2597963819999,-35.2851625011099],[-71.2596749889999,-35.2850719021099],[-71.2584619519999,-35.2854949991099],[-71.2585214709999,-35.2856651791099],[-71.2599430239999,-35.28520163011],[-71.2609990259999,-35.2877095071099],[-71.2607350889999,-35.2880283141099],[-71.2608717229999,-35.2887518651099],[-71.2611736869999,-35.2891261601099],[-71.2617484279999,-35.2903944821099],[-71.2621482979999,-35.2907160131099],[-71.2624959069999,-35.2917276291098],[-71.2632511669999,-35.2927249521099],[-71.2631160569999,-35.2935761511098]]]}},{"type":"Feature","properties":{"id":"7108011001058","commune":"Río Claro","code":"07108","gse":"D","quintil":"Q2","nse_score":650.7,"educ":11.2,"educ_score":546.7,"hacin":1.538,"hacin_class":"Hacinamiento Medio","hacin_score":736.5,"auto_score":0.0,"n_per":20,"n_hog":8,"source_year":2024},"geometry":{"type":"Polygon","coordinates":[[[-71.2562133519999,-35.2848301371099],[-71.2563917119999,-35.2850795641099],[-71.2570743549999,-35.2847905601099],[-71.2568697649999,-35.2845908871099],[-71.2562133519999,-35.2848301371099]]]}},{"type":"Feature","properties":{"id":"7108011001059","commune":"Río Claro","code":"07108","gse":"C3","quintil":"Q2","nse_score":655.4,"educ":10.2,"educ_score":480.0,"hacin":1.222,"hacin_class":"Hacinamiento Leve","hacin_score":803.8,"auto_score":0.0,"n_per":22,"n_hog":9,"source_year":2024},"geometry":{"type":"Polygon","coordinates":[[[-71.2573046379999,-35.2849902561099],[-71.2579582349999,-35.2847864811099],[-71.257972649,-35.2847501471099],[-71.2578473359999,-35.2845939291099],[-71.2572119499999,-35.2848190201099],[-71.2573046379999,-35.2849902561099]]]}},{"type":"Feature","properties":{"id":"7108011001060","commune":"Río Claro","code":"07108","gse":"D","quintil":"Q2","nse_score":638.9,"educ":10.1,"educ_score":473.3,"hacin":1.375,"hacin_class":"Hacinamiento Leve","hacin_score":771.3,"auto_score":181.8,"n_per":33,"n_hog":11,"source_year":2024},"geometry":{"type":"Polygon","coordinates":[[[-71.2591644409999,-35.2851587481099],[-71.2594405649999,-35.2850335161099],[-71.2592562899999,-35.2847597251099],[-71.2589863159999,-35.2848699611099],[-71.2591644409999,-35.2851587481099]]]}},{"type":"Feature","properties":{"id":"7108011001062","commune":"Río Claro","code":"07108","gse":"D","quintil":"Q2","nse_score":633.0,"educ":9.9,"educ_score":460.0,"hacin":1.4,"hacin_class":"Hacinamiento Leve","hacin_score":766.0,"auto_score":19.2,"n_per":63,"n_hog":24,"source_year":2024},"geometry":{"type":"Polygon","coordinates":[[[-71.2566051169999,-35.2853779981099],[-71.2569745789999,-35.2858946621099],[-71.2567796579999,-35.2856138601099],[-71.2581546599999,-35.2850716211099],[-71.2579814579999,-35.2848424071099],[-71.2566051169999,-35.2853779981099]]]}},{"type":"Feature","properties":{"id":"7108011001064","commune":"Río Claro","code":"07108","gse":"D","quintil":"Q2","nse_score":644.0,"educ":9.0,"educ_score":400.0,"hacin":1.333,"hacin_class":"Hacinamiento Leve","hacin_score":780.1,"auto_score":50.0,"n_per":28,"n_hog":10,"source_year":2024},"geometry":{"type":"Polygon","coordinates":[[[-71.2564089319999,-35.2851036461099],[-71.2565885479999,-35.2853548271099],[-71.2572862399999,-35.2850902101099],[-71.2570668809999,-35.2848703091099],[-71.2564089319999,-35.2851036461099]]]}},{"type":"Feature","properties":{"id":"7108011001065","commune":"Río Claro","code":"07108","gse":"C2","quintil":"Q3","nse_score":721.9,"educ":12.2,"educ_score":613.3,"hacin":1.562,"hacin_class":"Hacinamiento Medio","hacin_score":731.4,"auto_score":571.4,"n_per":25,"n_hog":7,"source_year":2024},"geometry":{"type":"Polygon","coordinates":[[[-71.2588043899999,-35.2852605901099],[-71.2590689039999,-35.2851962271099],[-71.2589350339999,-35.2848833601099],[-71.2586602299999,-35.2849640381099],[-71.2588043899999,-35.2852605901099]]]}},{"type":"Feature","properties":{"id":"7108011001067","commune":"Río Claro","code":"07108","gse":"D","quintil":"Q1","nse_score":619.6,"educ":8.8,"educ_score":386.7,"hacin":1.111,"hacin_class":"Hacinamiento Leve","hacin_score":827.4,"auto_score":83.3,"n_per":10,"n_hog":6,"source_year":2024},"geometry":{"type":"Polygon","coordinates":[[[-71.2583438939999,-35.2854352841099],[-71.2582066929999,-35.2851716161099],[-71.2578823549999,-35.2852453951099],[-71.2580412749999,-35.2855657401099],[-71.2583438939999,-35.2854352841099]]]}},{"type":"Feature","properties":{"id":"7108011001068","commune":"Río Claro","code":"07108","gse":"E","quintil":"Q1","nse_score":553.7,"educ":8.9,"educ_score":393.3,"hacin":1.923,"hacin_class":"Hacinamiento Medio","hacin_score":654.7,"auto_score":416.7,"n_per":25,"n_hog":6,"source_year":2024},"geometry":{"type":"Polygon","coordinates":[[[-71.2579939939999,-35.2855597271099],[-71.2578414569999,-35.2852990031099],[-71.2575357089999,-35.2854040641099],[-71.2576810669999,-35.2856793021099],[-71.2579939939999,-35.2855597271099]]]}},{"type":"Feature","properties":{"id":"7108011001069","commune":"Río Claro","code":"07108","gse":"C3","quintil":"Q3","nse_score":701.8,"educ":10.7,"educ_score":513.3,"hacin":1.25,"hacin_class":"Hacinamiento Leve","hacin_score":797.9,"auto_score":71.4,"n_per":20,"n_hog":7,"source_year":2024},"geometry":{"type":"Polygon","coordinates":[[[-71.2572740839999,-35.2854649221099],[-71.2573472799999,-35.2857859111099],[-71.2576347289999,-35.2857094901099],[-71.2575018769999,-35.2854080421099],[-71.2572740839999,-35.2854649221099]]]}},{"type":"Feature","properties":{"id":"7108011001070","commune":"Río Claro","code":"07108","gse":"E","quintil":"Q1","nse_score":579.1,"educ":7.9,"educ_score":326.7,"hacin":1.5,"hacin_class":"Hacinamiento Medio","hacin_score":744.7,"auto_score":0.0,"n_per":9,"n_hog":4,"source_year":2024},"geometry":{"type":"Polygon","coordinates":[[[-71.2573243159999,-35.2858104381099],[-71.2571759739999,-35.2855301651099],[-71.2568713339999,-35.2856406301099],[-71.2570225129999,-35.2859161211099],[-71.2573243159999,-35.2858104381099]]]}},{"type":"Feature","properties":{"id":"7108011001071","commune":"Río Claro","code":"07108","gse":"C3","quintil":"Q2","nse_score":668.3,"educ":10.4,"educ_score":493.3,"hacin":1.609,"hacin_class":"Hacinamiento Medio","hacin_score":721.6,"auto_score":0.0,"n_per":37,"n_hog":13,"source_year":2024},"geometry":{"type":"Polygon","coordinates":[[[-71.2570579189999,-35.2860112051099],[-71.2571504399999,-35.2861405861099],[-71.2584888059999,-35.2856838021099],[-71.2583911869999,-35.2855261691099],[-71.2570579189999,-35.2860112051099]]]}},{"type":"Feature","properties":{"id":"7108011001072","commune":"Río Claro","code":"07108","gse":"E","quintil":"Q1","nse_score":556.5,"educ":8.4,"educ_score":360.0,"hacin":1.436,"hacin_class":"Hacinamiento Leve","hacin_score":758.3,"auto_score":75.0,"n_per":56,"n_hog":18,"source_year":2024},"geometry":{"type":"Polygon","coordinates":[[[-71.2645646129999,-35.2869795271099],[-71.2647248209999,-35.2872146561099],[-71.2654872639999,-35.2868970471099],[-71.2651762789999,-35.2867532851099],[-71.2645646129999,-35.2869795271099]]]}},{"type":"Feature","properties":{"id":"7108011001073","commune":"Río Claro","code":"07108","gse":"D","quintil":"Q1","nse_score":620.5,"educ":9.6,"educ_score":440.0,"hacin":1.561,"hacin_class":"Hacinamiento Medio","hacin_score":731.7,"auto_score":100.0,"n_per":64,"n_hog":19,"source_year":2024},"geometry":{"type":"Polygon","coordinates":[[[-71.2646931059999,-35.2872697751099],[-71.2648512149999,-35.2875462301099],[-71.2659813839999,-35.2871638991099],[-71.2655360329999,-35.2869428301099],[-71.2646931059999,-35.2872697751099]]]}},{"type":"Feature","properties":{"id":"7108011001074","commune":"Río Claro","code":"07108","gse":"C3","quintil":"Q3","nse_score":684.3,"educ":11.3,"educ_score":553.3,"hacin":1.316,"hacin_class":"Hacinamiento Leve","hacin_score":783.9,"auto_score":111.1,"n_per":50,"n_hog":17,"source_year":2024},"geometry":{"type":"Polygon","coordinates":[[[-71.2645711469999,-35.2872449961099],[-71.2644283059999,-35.2870299441099],[-71.2636272259999,-35.2873580341099],[-71.2637665039999,-35.2875669511099],[-71.2645711469999,-35.2872449961099]]]}},{"type":"Feature","properties":{"id":"7108011001075","commune":"Río Claro","code":"07108","gse":"D","quintil":"Q2","nse_score":644.8,"educ":10.4,"educ_score":493.3,"hacin":1.479,"hacin_class":"Hacinamiento Leve","hacin_score":749.1,"auto_score":113.6,"n_per":71,"n_hog":22,"source_year":2024},"geometry":{"type":"Polygon","coordinates":[[[-71.2645810659999,-35.2873109641099],[-71.2637921529999,-35.2876009791099],[-71.2638991959999,-35.2878523551099],[-71.2647313379999,-35.2875850051099],[-71.2645810659999,-35.2873109641099]]]}},{"type":"Feature","properties":{"id":"7108011001036","commune":"Río Claro","code":"07108","gse":"E","quintil":"Q1","nse_score":558.6,"educ":9.1,"educ_score":406.7,"hacin":1.147,"hacin_class":"Hacinamiento Leve","hacin_score":819.7,"auto_score":38.5,"n_per":70,"n_hog":25,"source_year":2024},"geometry":{"type":"MultiPolygon","coordinates":[[[[-71.2527913629999,-35.2848333221099],[-71.2537278469999,-35.2861147921099],[-71.2546786999999,-35.2855193151099],[-71.2536890469999,-35.2843228001099],[-71.2527913629999,-35.2848333221099]]],[[[-71.2544666319999,-35.2819834881099],[-71.2543039439999,-35.28186881011],[-71.2536845669999,-35.2822378781099],[-71.2533386879999,-35.2819834981099],[-71.2515673439999,-35.2830757221099],[-71.2515936449999,-35.2831715311099],[-71.2512843319999,-35.2832476301099],[-71.2525487139999,-35.2846936081099],[-71.2528006349999,-35.28478356811],[-71.2548207179999,-35.2835666471099],[-71.2544430649999,-35.2831303121099],[-71.2548690109999,-35.28353769411],[-71.2560179459999,-35.2828502751099],[-71.2547981299999,-35.28146916911],[-71.2543030689999,-35.28173811311],[-71.2544666319999,-35.2819834881099]]]]}},{"type":"Feature","properties":{"id":"7108011001076","commune":"Río Claro","code":"07108","gse":"D","quintil":"Q1","nse_score":617.6,"educ":9.8,"educ_score":453.3,"hacin":1.406,"hacin_class":"Hacinamiento Leve","hacin_score":764.6,"auto_score":275.9,"n_per":90,"n_hog":31,"source_year":2024},"geometry":{"type":"MultiPolygon","coordinates":[[[[-71.2635058229999,-35.2894789781098],[-71.2646323029999,-35.2891293231099],[-71.2650669589999,-35.2889621371099],[-71.2639493189999,-35.2880532671099],[-71.2630396949999,-35.2885582361099],[-71.2635058229999,-35.2894789781098]]],[[[-71.2695418339999,-35.2875197581099],[-71.2635352089999,-35.2895392771099],[-71.2652273089999,-35.2928057141098],[-71.265360901,-35.2927588021098],[-71.2652242019999,-35.2924349201098],[-71.2655833229999,-35.2923055621099],[-71.2647993929999,-35.2909445321098],[-71.2644344859999,-35.2910766391098],[-71.2638505819999,-35.2898620881099],[-71.2700973739999,-35.2877242061099],[-71.2695418339999,-35.2875197581099]]]]}},{"type":"Feature","properties":{"id":"7108011001009","commune":"Río Claro","code":"07108","gse":"E","quintil":"Q1","nse_score":474.3,"educ":7.4,"educ_score":293.3,"hacin":1.6,"hacin_class":"Hacinamiento Medio","hacin_score":723.4,"auto_score":100.0,"n_per":32,"n_hog":10,"source_year":2024},"geometry":{"type":"MultiPolygon","coordinates":[[[[-71.2623236689999,-35.27882043811],[-71.2629299999999,-35.27919393511],[-71.2636761369999,-35.27905646711],[-71.2634400869999,-35.27883350411],[-71.2626625149999,-35.27873982511],[-71.2623236689999,-35.27882043811]]],[[[-71.261032069,-35.27846094011],[-71.2616949829999,-35.27892415611],[-71.2622052439999,-35.27882520911],[-71.2614048999999,-35.27830468411],[-71.261032069,-35.27846094011]]]]}},{"type":"Feature","properties":{"id":"7108013021003","commune":"Río Claro","code":"07108","gse":"D","quintil":"Q2","nse_score":644.8,"educ":9.7,"educ_score":446.7,"hacin":1.524,"hacin_class":"Hacinamiento Medio","hacin_score":739.6,"auto_score":163.9,"n_per":192,"n_hog":59,"source_year":2024},"geometry":{"type":"Polygon","coordinates":[[[-71.2690575709999,-35.2912045371099],[-71.2709794449999,-35.2906748501099],[-71.2731589239999,-35.2899087621099],[-71.2728609029999,-35.2894112491099],[-71.2713230269999,-35.2899091111099],[-71.2715144919999,-35.2903683101099],[-71.2712568069999,-35.2899331561099],[-71.270826687,-35.2901051551099],[-71.2709913499999,-35.2905377441099],[-71.2707493819999,-35.2900949871098],[-71.2703414519999,-35.2902286261099],[-71.2705430959999,-35.2906885151099],[-71.2702715869999,-35.2902529141099],[-71.2698463599999,-35.2903900451098],[-71.2700453589999,-35.2908258341098],[-71.2697812799999,-35.2904126591098],[-71.2693608189999,-35.2905539831099],[-71.2695205779999,-35.2909996061099],[-71.269285351,-35.2905788451098],[-71.2688709349999,-35.2907213461098],[-71.2690575709999,-35.2912045371099]]]}},{"type":"Feature","properties":{"id":"7108013021004","commune":"Río Claro","code":"07108","gse":"C3","quintil":"Q2","nse_score":668.2,"educ":11.1,"educ_score":540.0,"hacin":1.222,"hacin_class":"Hacinamiento Leve","hacin_score":803.8,"auto_score":333.3,"n_per":22,"n_hog":8,"source_year":2024},"geometry":{"type":"Polygon","coordinates":[[[-71.2707835829999,-35.2900048131099],[-71.2712346079999,-35.2898918741098],[-71.2710439689999,-35.2894326301099],[-71.2706146469999,-35.2895959861099],[-71.2707835829999,-35.2900048131099]]]}},{"type":"Feature","properties":{"id":"7108013021001","commune":"Río Claro","code":"07108","gse":"C3","quintil":"Q2","nse_score":652.9,"educ":10.7,"educ_score":513.3,"hacin":1.505,"hacin_class":"Hacinamiento Medio","hacin_score":743.6,"auto_score":160.4,"n_per":155,"n_hog":49,"source_year":2024},"geometry":{"type":"MultiPolygon","coordinates":[[[[-71.2729310509999,-35.2894002691099],[-71.2734985179999,-35.2904647811099],[-71.2744062349999,-35.2902420151098],[-71.2739823729999,-35.2891289821099],[-71.2729310509999,-35.2894002691099]]],[[[-71.2684460089999,-35.2898027771099],[-71.2687391299999,-35.2903974181099],[-71.2691114929999,-35.2902293851099],[-71.2689004849999,-35.2897042301099],[-71.2691914979999,-35.2901939611098],[-71.2695843549999,-35.2900177661099],[-71.2694143609999,-35.2895823991099],[-71.2696553679999,-35.2899871771099],[-71.2700551429999,-35.2898037781099],[-71.2699002099999,-35.2893964191099],[-71.2701352549999,-35.2897658281099],[-71.2705094599999,-35.2896011311099],[-71.2703908469999,-35.2892563571099],[-71.2705884959999,-35.2895592391098],[-71.2709885769999,-35.2893869251098],[-71.2709114669999,-35.2890596531099],[-71.2710370289999,-35.2893226291098],[-71.2712718059999,-35.2892865271099],[-71.2710793949999,-35.2894208731099],[-71.2713094089999,-35.2898713361099],[-71.272861325,-35.2893526461099],[-71.2723691219999,-35.2884786471098],[-71.2684460089999,-35.2898027771099]]]]}},{"type":"Feature","properties":{"id":"7108013021005","commune":"Río Claro","code":"07108","gse":"D","quintil":"Q2","nse_score":649.2,"educ":10.2,"educ_score":480.0,"hacin":1.667,"hacin_class":"Hacinamiento Medio","hacin_score":709.2,"auto_score":0.0,"n_per":25,"n_hog":8,"source_year":2024},"geometry":{"type":"MultiPolygon","coordinates":[[[[-71.2687256669999,-35.2904673601098],[-71.2688280529999,-35.2906986431098],[-71.2692747339999,-35.2905101141098],[-71.2691357809999,-35.2902750301098],[-71.2687256669999,-35.2904673601098]]],[[[-71.2693067099999,-35.2905003591099],[-71.2707324219999,-35.2900580381098],[-71.2707424719999,-35.2900206401099],[-71.270525931,-35.2896372681098],[-71.2692196699999,-35.2902338401099],[-71.2693067099999,-35.2905003591099]]]]}},{"type":"Feature","properties":{"id":"7108013056001","commune":"Río Claro","code":"07108","gse":"D","quintil":"Q2","nse_score":631.8,"educ":9.3,"educ_score":420.0,"hacin":1.286,"hacin_class":"Hacinamiento Leve","hacin_score":790.3,"auto_score":200.0,"n_per":36,"n_hog":15,"source_year":2024},"geometry":{"type":"Polygon","coordinates":[[[-71.2571598549999,-35.2518851511103],[-71.2576350709999,-35.2540494491102],[-71.2577606259999,-35.2555803201102],[-71.2582969969999,-35.2555280221103],[-71.2587771189999,-35.2557466341102],[-71.259309362,-35.2557594951102],[-71.2585150559999,-35.2518440101103],[-71.2571598549999,-35.2518851511103]]]}},{"type":"Feature","properties":{"id":"7108013056002","commune":"Río Claro","code":"07108","gse":"D","quintil":"Q1","nse_score":600.7,"educ":9.9,"educ_score":460.0,"hacin":1.32,"hacin_class":"Hacinamiento Leve","hacin_score":783.0,"auto_score":227.3,"n_per":33,"n_hog":11,"source_year":2024},"geometry":{"type":"Polygon","coordinates":[[[-71.2577928769999,-35.2556175581102],[-71.25788603,-35.2561661711102],[-71.2581899019999,-35.2561817871102],[-71.2578675539999,-35.2562114031102],[-71.2578839079999,-35.2570063281102],[-71.2582097349999,-35.2585150751102],[-71.2597582849999,-35.2581436861102],[-71.2593166949999,-35.2557934531103],[-71.2587686529999,-35.2557821841102],[-71.2582918159999,-35.2555639111103],[-71.2577928769999,-35.2556175581102]]]}},{"type":"Feature","properties":{"id":"7108013056003","commune":"Río Claro","code":"07108","gse":"E","quintil":"Q1","nse_score":594.6,"educ":9.7,"educ_score":446.7,"hacin":1.095,"hacin_class":"Hacinamiento Leve","hacin_score":830.8,"auto_score":111.1,"n_per":23,"n_hog":9,"source_year":2024},"geometry":{"type":"Polygon","coordinates":[[[-71.2597221169999,-35.2572773581102],[-71.2598467479999,-35.2581439581102],[-71.2607587749999,-35.2580290021102],[-71.2598527949999,-35.2581797441102],[-71.2600609649999,-35.2591975461102],[-71.2612306139999,-35.2590976291102],[-71.2610451389999,-35.2570505951102],[-71.2597221169999,-35.2572773581102]]]}},{"type":"Feature","properties":{"id":"7108013056004","commune":"Río Claro","code":"07108","gse":"C3","quintil":"Q2","nse_score":653.6,"educ":10.2,"educ_score":480.0,"hacin":1.163,"hacin_class":"Hacinamiento Leve","hacin_score":816.4,"auto_score":194.4,"n_per":50,"n_hog":18,"source_year":2024},"geometry":{"type":"Polygon","coordinates":[[[-71.2570274569999,-35.2588532891102],[-71.2570741899999,-35.2595037591102],[-71.2599737429999,-35.2592064831102],[-71.2597710759999,-35.2582155851102],[-71.2570274569999,-35.2588532891102]]]}},{"type":"Feature","properties":{"id":"7108013056006","commune":"Río Claro","code":"07108","gse":"D","quintil":"Q1","nse_score":599.8,"educ":9.7,"educ_score":446.7,"hacin":1.536,"hacin_class":"Hacinamiento Medio","hacin_score":737.1,"auto_score":454.5,"n_per":43,"n_hog":11,"source_year":2024},"geometry":{"type":"Polygon","coordinates":[[[-71.2657036099999,-35.2600793281102],[-71.2676394339999,-35.2599012251102],[-71.2675171379999,-35.2586453031102],[-71.2655501049999,-35.2588031651102],[-71.2657036099999,-35.2600793281102]]]}},{"type":"Feature","properties":{"id":"7108013056007","commune":"Río Claro","code":"07108","gse":"E","quintil":"Q1","nse_score":584.5,"educ":9.5,"educ_score":433.3,"hacin":1.3,"hacin_class":"Hacinamiento Leve","hacin_score":787.2,"auto_score":0.0,"n_per":13,"n_hog":4,"source_year":2024},"geometry":{"type":"Polygon","coordinates":[[[-71.2562765589999,-35.2587844641102],[-71.2563389289999,-35.2595773601102],[-71.2570306179999,-35.2595082571102],[-71.2569275529999,-35.2587195021102],[-71.2562765589999,-35.2587844641102]]]}},{"type":"Feature","properties":{"id":"7108013056008","commune":"Río Claro","code":"07108","gse":"E","quintil":"Q1","nse_score":557.4,"educ":8.9,"educ_score":393.3,"hacin":1.552,"hacin_class":"Hacinamiento Medio","hacin_score":733.7,"auto_score":266.7,"n_per":45,"n_hog":15,"source_year":2024},"geometry":{"type":"Polygon","coordinates":[[[-71.2640976099999,-35.2590665111102],[-71.2640581389999,-35.2589237541102],[-71.2622507659999,-35.2590798431102],[-71.2622885169999,-35.2593075221102],[-71.2622063269999,-35.2590837041102],[-71.2615947329999,-35.2591375111102],[-71.2617112009999,-35.2598698031102],[-71.2615509659999,-35.2591413921102],[-71.260654944,-35.2592216611102],[-71.2609157999999,-35.2604715501102],[-71.2656603149999,-35.2600854791102],[-71.2655062849999,-35.2588066941102],[-71.2641021789999,-35.2589200481102],[-71.2640976099999,-35.2590665111102]]]}},{"type":"Feature","properties":{"id":"7108013056009","commune":"Río Claro","code":"07108","gse":"E","quintil":"Q1","nse_score":568.7,"educ":9.6,"educ_score":440.0,"hacin":1.042,"hacin_class":"Hacinamiento Leve","hacin_score":842.2,"auto_score":150.0,"n_per":25,"n_hog":9,"source_year":2024},"geometry":{"type":"Polygon","coordinates":[[[-71.2576947109999,-35.2595123151102],[-71.2577706259999,-35.2601447251102],[-71.2594825619999,-35.2599937561102],[-71.2597678499999,-35.2627753491101],[-71.2611192629999,-35.2626448951102],[-71.2605637189999,-35.2592298331102],[-71.2576947109999,-35.2595123151102]]]}},{"type":"Feature","properties":{"id":"7108013056010","commune":"Río Claro","code":"07108","gse":"D","quintil":"Q1","nse_score":614.5,"educ":10.2,"educ_score":480.0,"hacin":1.019,"hacin_class":"Hacinamiento Leve","hacin_score":847.0,"auto_score":315.8,"n_per":54,"n_hog":19,"source_year":2024},"geometry":{"type":"Polygon","coordinates":[[[-71.2508657809999,-35.2600907911102],[-71.2509713979999,-35.2607443251102],[-71.2577269409999,-35.2601485771102],[-71.2576511259999,-35.2595167971102],[-71.2508657809999,-35.2600907911102]]]}},{"type":"Feature","properties":{"id":"7108013056005","commune":"Río Claro","code":"07108","gse":"E","quintil":"Q1","nse_score":544.4,"educ":8.9,"educ_score":393.3,"hacin":1.286,"hacin_class":"Hacinamiento Leve","hacin_score":790.3,"auto_score":291.7,"n_per":27,"n_hog":11,"source_year":2024},"geometry":{"type":"MultiPolygon","coordinates":[[[[-71.2459277789999,-35.2604768711102],[-71.2459803679999,-35.2611844651102],[-71.2509276849999,-35.2607481801102],[-71.2508220389999,-35.2600944691102],[-71.2459277789999,-35.2604768711102]]],[[[-71.2496830759999,-35.2587387931102],[-71.2499797259999,-35.2601075091102],[-71.2516362919999,-35.2599683641102],[-71.2513126919999,-35.2585373081102],[-71.2496830759999,-35.2587387931102]]]]}},{"type":"Feature","properties":{"id":"7108013120001","commune":"Río Claro","code":"07108","gse":"E","quintil":"Q1","nse_score":592.9,"educ":10.5,"educ_score":500.0,"hacin":1.375,"hacin_class":"Hacinamiento Leve","hacin_score":771.3,"auto_score":230.8,"n_per":33,"n_hog":11,"source_year":2024},"geometry":{"type":"Polygon","coordinates":[[[-71.2855992659999,-35.2747909561101],[-71.2858606219999,-35.27521173111],[-71.2872157349999,-35.27599215011],[-71.2884907659999,-35.27574260011],[-71.2881210539999,-35.27503057511],[-71.2885345839999,-35.27573414011],[-71.2896231389999,-35.27552562911],[-71.2894316349999,-35.27490386611],[-71.2886230629999,-35.2751099821101],[-71.2884018279999,-35.27474149511],[-71.2869779619999,-35.27504570311],[-71.2861625539999,-35.27449167511],[-71.2855992659999,-35.2747909561101]]]}},{"type":"Feature","properties":{"id":"7108013120002","commune":"Río Claro","code":"07108","gse":"E","quintil":"Q1","nse_score":573.0,"educ":8.4,"educ_score":360.0,"hacin":1.228,"hacin_class":"Hacinamiento Leve","hacin_score":802.6,"auto_score":254.9,"n_per":124,"n_hog":51,"source_year":2024},"geometry":{"type":"Polygon","coordinates":[[[-71.2752239549999,-35.27523052911],[-71.2774531589999,-35.27736221211],[-71.2781075999999,-35.27711978911],[-71.2781807869999,-35.27657312811],[-71.278927844,-35.27642803911],[-71.2782208689999,-35.27660523911],[-71.2781510389999,-35.27714670811],[-71.2774874469999,-35.27739500011],[-71.2779323159999,-35.27782041111],[-71.2791216429999,-35.27758681811],[-71.2791017919999,-35.27658105011],[-71.27917163,-35.27757694111],[-71.2838636119999,-35.27665481811],[-71.2838862519999,-35.27615693111],[-71.2839142249999,-35.27664271511],[-71.2871641939999,-35.2759282851101],[-71.2858249669999,-35.27524161511],[-71.2855557799999,-35.27481194211],[-71.2854170559999,-35.27487248011],[-71.2856300059999,-35.27520535311],[-71.2839020259999,-35.27568521311],[-71.2793850279999,-35.27653815811],[-71.2793734159999,-35.27638334411],[-71.2791702609999,-35.27639909911],[-71.2788267699999,-35.27607761811],[-71.2781143579999,-35.27656568611],[-71.2761687289999,-35.27463549011],[-71.2752239549999,-35.27523052911]]]}},{"type":"Feature","properties":{"id":"7108013120003","commune":"Río Claro","code":"07108","gse":"D","quintil":"Q1","nse_score":609.8,"educ":9.5,"educ_score":433.3,"hacin":1.361,"hacin_class":"Hacinamiento Leve","hacin_score":774.3,"auto_score":215.3,"n_per":215,"n_hog":71,"source_year":2024},"geometry":{"type":"Polygon","coordinates":[[[-71.2943190509999,-35.27490259911],[-71.2932302049999,-35.27536947711],[-71.2927955919999,-35.27496520111],[-71.2890820529999,-35.27568428611],[-71.2901257909999,-35.27651848911],[-71.290798101,-35.27632878011],[-71.2933413899999,-35.27586159011],[-71.2901698009999,-35.27655372011],[-71.2910672769999,-35.27727800811],[-71.2920854589999,-35.2768414861101],[-71.2920060399999,-35.27668083311],[-71.2920812229999,-35.27660617211],[-71.2921238189999,-35.27682376811],[-71.2949262779999,-35.27559951911],[-71.2911089549999,-35.27731099011],[-71.2918001159999,-35.27786155911],[-71.2940876119999,-35.27690504211],[-71.2937634899999,-35.27706795111],[-71.2942811369999,-35.27792649611],[-71.2941033699999,-35.27769760911],[-71.2925246989999,-35.27844335411],[-71.2928664369999,-35.27873304911],[-71.2948455799999,-35.27788623411],[-71.2939632,-35.27650768711],[-71.2954315639999,-35.27580998911],[-71.2952172309999,-35.27570137511],[-71.2949892929999,-35.2751107381101],[-71.2945607979999,-35.27491153411],[-71.2943190509999,-35.27490259911]]]}},{"type":"Feature","properties":{"id":"7108013120004","commune":"Río Claro","code":"07108","gse":"D","quintil":"Q1","nse_score":598.4,"educ":7.4,"educ_score":293.3,"hacin":1.118,"hacin_class":"Hacinamiento Leve","hacin_score":826.0,"auto_score":83.3,"n_per":19,"n_hog":6,"source_year":2024},"geometry":{"type":"Polygon","coordinates":[[[-71.2744933799999,-35.27589386311],[-71.2767340319999,-35.27804349811],[-71.2778717569999,-35.27783172511],[-71.2752737929999,-35.27534740811],[-71.2744933799999,-35.27589386311]]]}},{"type":"Feature","properties":{"id":"7108013120005","commune":"Río Claro","code":"07108","gse":"D","quintil":"Q2","nse_score":634.2,"educ":10.7,"educ_score":513.3,"hacin":1.468,"hacin_class":"Hacinamiento Leve","hacin_score":751.5,"auto_score":241.4,"n_per":91,"n_hog":28,"source_year":2024},"geometry":{"type":"Polygon","coordinates":[[[-71.2871562169999,-35.27634329711],[-71.2871662879999,-35.27605736311],[-71.2860567609999,-35.27627448311],[-71.2863773749999,-35.27656085611],[-71.2861688429999,-35.27650946011],[-71.286006745,-35.27628429211],[-71.2839703469999,-35.27668584011],[-71.2839441789999,-35.27711165911],[-71.2839196169999,-35.27669800611],[-71.2830198569999,-35.27687920311],[-71.2831642359999,-35.27709483711],[-71.282969981,-35.27688903411],[-71.277844651,-35.27789220511],[-71.2782250649999,-35.27805880111],[-71.2789544359999,-35.27875695211],[-71.2820417819999,-35.27786545311],[-71.2840642049999,-35.27751123911],[-71.2839699289999,-35.27739078211],[-71.2843311299999,-35.27730644211],[-71.2844945829999,-35.27755975511],[-71.2853087959999,-35.27750601511],[-71.2852324629999,-35.27739308911],[-71.2892125039999,-35.27661188311],[-71.2893200629999,-35.27668736311],[-71.2899207669999,-35.27641754811],[-71.2890184869999,-35.27569640411],[-71.2872166629999,-35.27604753611],[-71.2871562169999,-35.27634329711]]]}},{"type":"Feature","properties":{"id":"7108013120006","commune":"Río Claro","code":"07108","gse":"E","quintil":"Q1","nse_score":525.1,"educ":7.4,"educ_score":293.3,"hacin":1.222,"hacin_class":"Hacinamiento Leve","hacin_score":803.8,"auto_score":0.0,"n_per":11,"n_hog":5,"source_year":2024},"geometry":{"type":"Polygon","coordinates":[[[-71.2924801489999,-35.27840680711],[-71.2940587329999,-35.27772163111],[-71.2937244569999,-35.27708453611],[-71.2918332559999,-35.27788808011],[-71.2924801489999,-35.27840680711]]]}},{"type":"Feature","properties":{"id":"7108013142001","commune":"Río Claro","code":"07108","gse":"D","quintil":"Q2","nse_score":630.0,"educ":9.9,"educ_score":460.0,"hacin":1.595,"hacin_class":"Hacinamiento Medio","hacin_score":724.6,"auto_score":71.4,"n_per":59,"n_hog":21,"source_year":2024},"geometry":{"type":"Polygon","coordinates":[[[-71.2420849809999,-35.2397942951104],[-71.2428267269999,-35.2421312711104],[-71.2430128169999,-35.2421095521104],[-71.2422758079999,-35.2397483981104],[-71.2420849809999,-35.2397942951104]]]}},{"type":"Feature","properties":{"id":"7108013142002","commune":"Río Claro","code":"07108","gse":"D","quintil":"Q1","nse_score":626.9,"educ":9.6,"educ_score":440.0,"hacin":1.552,"hacin_class":"Hacinamiento Medio","hacin_score":733.7,"auto_score":192.3,"n_per":45,"n_hog":13,"source_year":2024},"geometry":{"type":"Polygon","coordinates":[[[-71.2409240709999,-35.2400735061104],[-71.2416752609999,-35.2413856651104],[-71.2407632419999,-35.2414948111104],[-71.2407618709999,-35.2423760481104],[-71.2427829929999,-35.2421363761104],[-71.242737142,-35.2419919161104],[-71.2422727469999,-35.2420166141104],[-71.2419368359999,-35.2410033481104],[-71.2416020359999,-35.2410451191104],[-71.2413287429999,-35.2401629571104],[-71.2411015849999,-35.2402162021104],[-71.2420880609999,-35.2399468681104],[-71.2420428529999,-35.2398044271104],[-71.2409240709999,-35.2400735061104]]]}},{"type":"Feature","properties":{"id":"7108013142003","commune":"Río Claro","code":"07108","gse":"D","quintil":"Q1","nse_score":611.6,"educ":9.8,"educ_score":453.3,"hacin":0.944,"hacin_class":"Sin Hacinamiento","hacin_score":862.9,"auto_score":285.7,"n_per":17,"n_hog":6,"source_year":2024},"geometry":{"type":"Polygon","coordinates":[[[-71.252978487,-35.2404708571104],[-71.2531557019999,-35.2409010311104],[-71.2566479069999,-35.2403856661104],[-71.2563866469999,-35.2399361731104],[-71.252978487,-35.2404708571104]]]}},{"type":"Feature","properties":{"id":"7108013142004","commune":"Río Claro","code":"07108","gse":"E","quintil":"Q1","nse_score":538.0,"educ":8.7,"educ_score":380.0,"hacin":1.364,"hacin_class":"Hacinamiento Leve","hacin_score":773.7,"auto_score":0.0,"n_per":30,"n_hog":11,"source_year":2024},"geometry":{"type":"Polygon","coordinates":[[[-71.2524220569999,-35.2399610591104],[-71.2477368969999,-35.2405094261104],[-71.2483171999999,-35.2404682731104],[-71.2484297899999,-35.2408925061104],[-71.2510122489999,-35.2406037511104],[-71.2511912519999,-35.2411614541104],[-71.2529209019999,-35.2409313571104],[-71.2530358809999,-35.2406838911104],[-71.2528030279999,-35.2404033921104],[-71.2524114759999,-35.2407018001104],[-71.2521256589999,-35.2407569261104],[-71.2527723319999,-35.2403776121104],[-71.2524220569999,-35.2399610591104]]]}},{"type":"Feature","properties":{"id":"7108013142005","commune":"Río Claro","code":"07108","gse":"E","quintil":"Q1","nse_score":573.3,"educ":8.0,"educ_score":333.3,"hacin":1.24,"hacin_class":"Hacinamiento Leve","hacin_score":800.0,"auto_score":58.8,"n_per":31,"n_hog":15,"source_year":2024},"geometry":{"type":"Polygon","coordinates":[[[-71.2417657769999,-35.2400601501104],[-71.2420138169999,-35.2409484271104],[-71.2423794969999,-35.2408651011104],[-71.2420991259999,-35.2399817321104],[-71.2417657769999,-35.2400601501104]]]}},{"type":"Feature","properties":{"id":"7108013142006","commune":"Río Claro","code":"07108","gse":"E","quintil":"Q1","nse_score":587.1,"educ":10.8,"educ_score":520.0,"hacin":1.821,"hacin_class":"Hacinamiento Medio","hacin_score":676.3,"auto_score":119.0,"n_per":51,"n_hog":16,"source_year":2024},"geometry":{"type":"Polygon","coordinates":[[[-71.241633599,-35.2410183531104],[-71.2419714729999,-35.2409580761104],[-71.2417235159999,-35.2400700921104],[-71.2413709849999,-35.2401530201104],[-71.241633599,-35.2410183531104]]]}},{"type":"Feature","properties":{"id":"7108013142007","commune":"Río Claro","code":"07108","gse":"D","quintil":"Q1","nse_score":624.3,"educ":10.5,"educ_score":500.0,"hacin":1.209,"hacin_class":"Hacinamiento Leve","hacin_score":806.5,"auto_score":382.4,"n_per":52,"n_hog":17,"source_year":2024},"geometry":{"type":"Polygon","coordinates":[[[-71.2482969479999,-35.2405008021104],[-71.2470139889999,-35.2406153601104],[-71.2470495909999,-35.2407467981104],[-71.2427906589999,-35.2412548671104],[-71.2430566459999,-35.2421042921104],[-71.2472262429999,-35.2416067451104],[-71.2471989539999,-35.2410956621104],[-71.2483862669999,-35.2408976041104],[-71.2482969479999,-35.2405008021104]]]}},{"type":"Feature","properties":{"id":"7108013142008","commune":"Río Claro","code":"07108","gse":"E","quintil":"Q1","nse_score":565.3,"educ":8.3,"educ_score":353.3,"hacin":1.259,"hacin_class":"Hacinamiento Leve","hacin_score":795.9,"auto_score":55.6,"n_per":68,"n_hog":27,"source_year":2024},"geometry":{"type":"Polygon","coordinates":[[[-71.2472405759999,-35.2411504831104],[-71.2472914989999,-35.2415989901104],[-71.2511261379999,-35.2411696611104],[-71.2509922319999,-35.2406583161104],[-71.2472405759999,-35.2411504831104]]]}},{"type":"Feature","properties":{"id":"7108013142010","commune":"Río Claro","code":"07108","gse":"E","quintil":"Q1","nse_score":578.4,"educ":8.3,"educ_score":353.3,"hacin":1.677,"hacin_class":"Hacinamiento Medio","hacin_score":707.1,"auto_score":41.7,"n_per":57,"n_hog":24,"source_year":2024},"geometry":{"type":"Polygon","coordinates":[[[-71.2423490699999,-35.2420230281104],[-71.2427260789999,-35.2419570621104],[-71.2423905609999,-35.2408999591104],[-71.2419791369999,-35.2409937091104],[-71.2423490699999,-35.2420230281104]]]}},{"type":"Feature","properties":{"id":"7108013142012","commune":"Río Claro","code":"07108","gse":"E","quintil":"Q1","nse_score":529.5,"educ":6.3,"educ_score":220.0,"hacin":2.0,"hacin_class":"Hacinamiento Medio","hacin_score":638.3,"auto_score":0.0,"n_per":14,"n_hog":6,"source_year":2024},"geometry":{"type":"Polygon","coordinates":[[[-71.2412512809999,-35.2423720811104],[-71.2415170319999,-35.2428379641104],[-71.2467276169999,-35.2421858861104],[-71.2465054259999,-35.2417470161104],[-71.24340824,-35.2421151241104],[-71.2434744289999,-35.2425813651104],[-71.2433647979999,-35.2421204261104],[-71.2412512809999,-35.2423720811104]]]}},{"type":"Feature","properties":{"id":"7108013142009","commune":"Río Claro","code":"07108","gse":"E","quintil":"Q1","nse_score":579.8,"educ":9.7,"educ_score":446.7,"hacin":0.909,"hacin_class":"Sin Hacinamiento","hacin_score":870.4,"auto_score":100.0,"n_per":10,"n_hog":4,"source_year":2024},"geometry":{"type":"MultiPolygon","coordinates":[[[[-71.2515385139999,-35.2411723431104],[-71.2517831649999,-35.2416209431104],[-71.2531308179999,-35.2414307461104],[-71.25290265,-35.2410104101104],[-71.2515385139999,-35.2411723431104]]],[[[-71.2530473529999,-35.2410864181104],[-71.2532118819999,-35.2414504371104],[-71.2536271249999,-35.2413889151104],[-71.2535837749999,-35.2413142061104],[-71.254436214,-35.2413040651104],[-71.2541161609999,-35.2408231391104],[-71.2531311839999,-35.2409698141104],[-71.2530473529999,-35.2410864181104]]]]}},{"type":"Feature","properties":{"id":"7108023064001","commune":"Río Claro","code":"07108","gse":"E","quintil":"Q1","nse_score":584.7,"educ":9.9,"educ_score":460.0,"hacin":1.525,"hacin_class":"Hacinamiento Medio","hacin_score":739.3,"auto_score":149.1,"n_per":151,"n_hog":54,"source_year":2024},"geometry":{"type":"Polygon","coordinates":[[[-71.2680631289999,-35.2454661351103],[-71.2696501379999,-35.2472329871104],[-71.2733695669999,-35.2470815081103],[-71.2731375739999,-35.2467227321104],[-71.2722752279999,-35.2466778371103],[-71.2721631469999,-35.2463293621103],[-71.2723892509999,-35.2466798281103],[-71.2731311839999,-35.2466865831103],[-71.273194912,-35.2466151871103],[-71.2736196359999,-35.2465379291103],[-71.2740071599999,-35.2465562111103],[-71.2738121969999,-35.2462489171103],[-71.2740675089999,-35.2465674081103],[-71.2731755809999,-35.2466773501103],[-71.2733650369999,-35.2469427071103],[-71.2734168569999,-35.2470877231103],[-71.2733668289999,-35.2471265981104],[-71.2696816439999,-35.2472680071103],[-71.2700357169999,-35.2476615141103],[-71.272217812,-35.2476004131103],[-71.2700672619999,-35.2476965731103],[-71.2704935609999,-35.2481703541103],[-71.2720383399999,-35.2481166481103],[-71.2705248379999,-35.2482051141103],[-71.2709357059999,-35.2486617391103],[-71.2730070599999,-35.2485922581103],[-71.2731997139999,-35.2488036131103],[-71.2738835139999,-35.2487846941103],[-71.2734440919999,-35.2475397841104],[-71.2735913419999,-35.2476623591103],[-71.2754464269999,-35.2476204931103],[-71.2753735949999,-35.2467276221103],[-71.2756677259999,-35.2465459751104],[-71.2746563319999,-35.2462198191103],[-71.2688837069999,-35.2458537791103],[-71.2684693919999,-35.2452667551103],[-71.2680631289999,-35.2454661351103]]]}},{"type":"Feature","properties":{"id":"7108023064002","commune":"Río Claro","code":"07108","gse":"E","quintil":"Q1","nse_score":549.7,"educ":9.0,"educ_score":400.0,"hacin":1.296,"hacin_class":"Hacinamiento Leve","hacin_score":788.0,"auto_score":233.3,"n_per":35,"n_hog":14,"source_year":2024},"geometry":{"type":"Polygon","coordinates":[[[-71.2754249639999,-35.2467400361103],[-71.2754923809999,-35.2476445081103],[-71.2750529549999,-35.2476640511103],[-71.2750012159999,-35.2482094351103],[-71.275443633,-35.2487681571103],[-71.2766066759999,-35.2487464701103],[-71.276669996,-35.2473055281103],[-71.2766506579999,-35.2487456501103],[-71.2771162829999,-35.2487343591103],[-71.2771662619999,-35.2474261751103],[-71.2772928519999,-35.2470741001104],[-71.27571667,-35.2465617721104],[-71.2754249639999,-35.2467400361103]]]}},{"type":"Feature","properties":{"id":"7108023064003","commune":"Río Claro","code":"07108","gse":"E","quintil":"Q1","nse_score":546.9,"educ":8.2,"educ_score":346.7,"hacin":1.111,"hacin_class":"Hacinamiento Leve","hacin_score":827.4,"auto_score":0.0,"n_per":10,"n_hog":4,"source_year":2024},"geometry":{"type":"Polygon","coordinates":[[[-71.2773342839999,-35.2470876091103],[-71.2771604789999,-35.2487323331103],[-71.2796568319999,-35.2486878141103],[-71.2796917749999,-35.2483242941103],[-71.2790357979999,-35.2481115981103],[-71.2780529769999,-35.2473276611103],[-71.2773342839999,-35.2470876091103]]]}},{"type":"Feature","properties":{"id":"7108023064004","commune":"Río Claro","code":"07108","gse":"E","quintil":"Q1","nse_score":573.9,"educ":7.9,"educ_score":326.7,"hacin":1.45,"hacin_class":"Hacinamiento Leve","hacin_score":755.3,"auto_score":41.7,"n_per":29,"n_hog":11,"source_year":2024},"geometry":{"type":"Polygon","coordinates":[[[-71.2739282119999,-35.2487835641103],[-71.2753856709999,-35.2487688061103],[-71.2749510229999,-35.2482194941103],[-71.2749961809999,-35.2476633411104],[-71.2736105549999,-35.2477018951103],[-71.2736117679999,-35.2480882431103],[-71.2739282119999,-35.2487835641103]]]}},{"type":"Feature","properties":{"id":"7108023064005","commune":"Río Claro","code":"07108","gse":"E","quintil":"Q1","nse_score":591.1,"educ":9.9,"educ_score":460.0,"hacin":1.286,"hacin_class":"Hacinamiento Leve","hacin_score":790.3,"auto_score":50.0,"n_per":18,"n_hog":8,"source_year":2024},"geometry":{"type":"Polygon","coordinates":[[[-71.2709725199999,-35.2487020231103],[-71.2715895869999,-35.2493853971103],[-71.273152148,-35.2488180661103],[-71.2730004559999,-35.2486337571103],[-71.2709725199999,-35.2487020231103]]]}},{"type":"Feature","properties":{"id":"7108023064006","commune":"Río Claro","code":"07108","gse":"E","quintil":"Q1","nse_score":550.8,"educ":9.5,"educ_score":433.3,"hacin":1.342,"hacin_class":"Hacinamiento Leve","hacin_score":778.3,"auto_score":40.0,"n_per":51,"n_hog":18,"source_year":2024},"geometry":{"type":"Polygon","coordinates":[[[-71.2742089329999,-35.2522549431103],[-71.2758484069999,-35.2518283631103],[-71.2734125579999,-35.2488304411103],[-71.271627109,-35.2494169421103],[-71.2742089329999,-35.2522549431103]]]}},{"type":"Feature","properties":{"id":"7108033005002","commune":"Río Claro","code":"07108","gse":"D","quintil":"Q1","nse_score":625.6,"educ":9.4,"educ_score":426.7,"hacin":1.19,"hacin_class":"Hacinamiento Leve","hacin_score":810.5,"auto_score":264.7,"n_per":50,"n_hog":18,"source_year":2024},"geometry":{"type":"Polygon","coordinates":[[[-71.4171011919999,-35.2172375161107],[-71.4183780989999,-35.2186308621107],[-71.4190991199999,-35.2190872341106],[-71.4203902219999,-35.2196730911106],[-71.4199412579999,-35.2198819411106],[-71.4185279589999,-35.2212803891106],[-71.4180749899999,-35.2213435301106],[-71.4178941159999,-35.2215189241106],[-71.4182132029999,-35.2217177541106],[-71.4196705639999,-35.2208007831106],[-71.4200489529999,-35.2203495111106],[-71.4203068059999,-35.2202504231106],[-71.4205736709999,-35.2204101461106],[-71.4208589359999,-35.2202439011106],[-71.4204848919999,-35.2199104851106],[-71.4206296489999,-35.2196274191106],[-71.4197799359999,-35.2193572971106],[-71.419254829,-35.2190336951106],[-71.4173929969999,-35.2170801341107],[-71.4171011919999,-35.2172375161107]]]}},{"type":"Feature","properties":{"id":"7108033005003","commune":"Río Claro","code":"07108","gse":"D","quintil":"Q2","nse_score":630.6,"educ":10.0,"educ_score":466.7,"hacin":1.104,"hacin_class":"Hacinamiento Leve","hacin_score":828.9,"auto_score":238.1,"n_per":53,"n_hog":21,"source_year":2024},"geometry":{"type":"Polygon","coordinates":[[[-71.4194409669999,-35.2186032671106],[-71.4190282979999,-35.2186955861107],[-71.4195150649999,-35.2191569741106],[-71.4209933819999,-35.2197191171107],[-71.4225190229999,-35.2194709941106],[-71.4197158679999,-35.2181772631106],[-71.4194409669999,-35.2186032671106]]]}},{"type":"Feature","properties":{"id":"7108033005004","commune":"Río Claro","code":"07108","gse":"C3","quintil":"Q2","nse_score":652.4,"educ":10.9,"educ_score":526.7,"hacin":0.765,"hacin_class":"Sin Hacinamiento","hacin_score":901.1,"auto_score":0.0,"n_per":13,"n_hog":8,"source_year":2024},"geometry":{"type":"Polygon","coordinates":[[[-71.4232383449999,-35.2198706021106],[-71.423135381,-35.2203702881106],[-71.4246341369999,-35.2210453991106],[-71.4247973199999,-35.2208998151106],[-71.4246863569999,-35.2204747141106],[-71.4225201849999,-35.2195437471106],[-71.4232383449999,-35.2198706021106]]]}},{"type":"Feature","properties":{"id":"7108033005005","commune":"Río Claro","code":"07108","gse":"D","quintil":"Q1","nse_score":607.4,"educ":9.5,"educ_score":433.3,"hacin":1.185,"hacin_class":"Hacinamiento Leve","hacin_score":811.6,"auto_score":94.3,"n_per":147,"n_hog":53,"source_year":2024},"geometry":{"type":"Polygon","coordinates":[[[-71.4209882959999,-35.2197737791106],[-71.4206956169999,-35.2196486031106],[-71.4205097189999,-35.2198387991106],[-71.4209266859999,-35.2202577011106],[-71.4206141079999,-35.2204528511106],[-71.4206349509999,-35.2209722141106],[-71.4203570029999,-35.2214679711106],[-71.4190971819999,-35.2223546521106],[-71.4201500689999,-35.2232298311106],[-71.4206222189999,-35.2228398251106],[-71.420091823,-35.2224176161106],[-71.4206666739999,-35.2227999381106],[-71.4216105029999,-35.2219801811106],[-71.4212993279999,-35.2218112631106],[-71.4216645829999,-35.2219356381106],[-71.4225190209999,-35.2211325881106],[-71.4231779039999,-35.2199477111106],[-71.4223300639999,-35.2195726931106],[-71.4209882959999,-35.2197737791106]]]}},{"type":"Feature","properties":{"id":"7108033005006","commune":"Río Claro","code":"07108","gse":"D","quintil":"Q2","nse_score":645.2,"educ":10.1,"educ_score":473.3,"hacin":1.188,"hacin_class":"Hacinamiento Leve","hacin_score":811.2,"auto_score":125.0,"n_per":19,"n_hog":7,"source_year":2024},"geometry":{"type":"Polygon","coordinates":[[[-71.41973601,-35.2208185841106],[-71.4203237339999,-35.2214057031106],[-71.4205705689999,-35.2209601491106],[-71.4206211219999,-35.2205693491106],[-71.4203546189999,-35.2203113701106],[-71.4202058149999,-35.2203314461106],[-71.41973601,-35.2208185841106]]]}},{"type":"Feature","properties":{"id":"7108033005007","commune":"Río Claro","code":"07108","gse":"D","quintil":"Q1","nse_score":617.0,"educ":9.7,"educ_score":446.7,"hacin":1.267,"hacin_class":"Hacinamiento Leve","hacin_score":794.3,"auto_score":214.3,"n_per":19,"n_hog":7,"source_year":2024},"geometry":{"type":"Polygon","coordinates":[[[-71.4246801189999,-35.2220769281106],[-71.4245647049999,-35.2223437091106],[-71.4248971079999,-35.2224439491106],[-71.4249992949999,-35.2222955431106],[-71.4252607019999,-35.2223996511106],[-71.425681214,-35.2218350401106],[-71.4249727029999,-35.2215485151106],[-71.4249990019999,-35.2212985451106],[-71.4232221059999,-35.2204877161106],[-71.4229435819999,-35.2205393111106],[-71.4226098329999,-35.2211426711106],[-71.4245019979999,-35.2219328711106],[-71.4246801189999,-35.2220769281106]]]}},{"type":"Feature","properties":{"id":"7108033005009","commune":"Río Claro","code":"07108","gse":"C2","quintil":"Q4","nse_score":730.0,"educ":11.5,"educ_score":566.7,"hacin":0.96,"hacin_class":"Sin Hacinamiento","hacin_score":859.6,"auto_score":90.9,"n_per":24,"n_hog":11,"source_year":2024},"geometry":{"type":"Polygon","coordinates":[[[-71.4182616729999,-35.2217553631106],[-71.4190476299999,-35.2223190411106],[-71.4202826949999,-35.2214498281106],[-71.4196894239999,-35.2208571611106],[-71.4182616729999,-35.2217553631106]]]}},{"type":"Feature","properties":{"id":"7108033005010","commune":"Río Claro","code":"07108","gse":"C3","quintil":"Q2","nse_score":664.1,"educ":11.1,"educ_score":540.0,"hacin":0.971,"hacin_class":"Sin Hacinamiento","hacin_score":857.3,"auto_score":0.0,"n_per":33,"n_hog":10,"source_year":2024},"geometry":{"type":"Polygon","coordinates":[[[-71.4190617939999,-35.2243858581106],[-71.4195664489999,-35.2243551361106],[-71.4219023539999,-35.2227720311106],[-71.4229119209999,-35.2226087841106],[-71.4236021859999,-35.2221947741106],[-71.4242236769999,-35.2224438811106],[-71.4245520199999,-35.2222846311106],[-71.4246164729999,-35.2220950481106],[-71.4225752829999,-35.2211891371106],[-71.4190617939999,-35.2243858581106]]]}},{"type":"Feature","properties":{"id":"7108033005011","commune":"Río Claro","code":"07108","gse":"C3","quintil":"Q3","nse_score":683.7,"educ":10.5,"educ_score":500.0,"hacin":1.132,"hacin_class":"Hacinamiento Leve","hacin_score":823.0,"auto_score":236.8,"n_per":60,"n_hog":19,"source_year":2024},"geometry":{"type":"Polygon","coordinates":[[[-71.4193382679999,-35.2226357661106],[-71.4179702689999,-35.2238976971106],[-71.4169511179999,-35.2231728171106],[-71.4162744759999,-35.2237566241106],[-71.4180577799999,-35.2251355811106],[-71.4184100189999,-35.2248311151105],[-71.4166271189999,-35.2234997381106],[-71.4184664059999,-35.2247796711106],[-71.4201007619999,-35.2232939371106],[-71.4193382679999,-35.2226357661106]]]}},{"type":"Feature","properties":{"id":"7108033010001","commune":"Río Claro","code":"07108","gse":"E","quintil":"Q1","nse_score":582.0,"educ":9.2,"educ_score":413.3,"hacin":1.467,"hacin_class":"Hacinamiento Leve","hacin_score":751.8,"auto_score":88.6,"n_per":198,"n_hog":73,"source_year":2024},"geometry":{"type":"Polygon","coordinates":[[[-71.4017207839999,-35.2299779221105],[-71.4012252809999,-35.2317452021105],[-71.4019594659999,-35.2318637761105],[-71.4020087259999,-35.2316697391105],[-71.4025910239999,-35.2317610811105],[-71.4036641579999,-35.2307814991105],[-71.4036813079999,-35.2305687571105],[-71.4025207299999,-35.2301862171105],[-71.4024587509999,-35.2304193001105],[-71.4034284359999,-35.2306933551105],[-71.4034242829999,-35.2308701401105],[-71.4027720239999,-35.2314877261105],[-71.4021965629999,-35.2313786521105],[-71.4021187889999,-35.2315806941105],[-71.4018736279999,-35.2315794371105],[-71.4018241899999,-35.2317815211105],[-71.4018164499999,-35.2315699951105],[-71.4014683179999,-35.2315125051105],[-71.4013916319999,-35.2317066561105],[-71.40138142,-35.2314583021105],[-71.4020409079999,-35.2315610991105],[-71.4021519609999,-35.2313307671105],[-71.4014638219999,-35.2311572511105],[-71.4021628469999,-35.2312865681105],[-71.4022258789999,-35.2310394851105],[-71.4015408269999,-35.2308775331105],[-71.4022370659999,-35.2309953621105],[-71.4022987549999,-35.2307506001105],[-71.4016571509999,-35.2306012161105],[-71.4023098779999,-35.2307064661105],[-71.4023917299999,-35.2304492031105],[-71.4017165729999,-35.2302346991105],[-71.4024063349999,-35.2304057641105],[-71.4024683589999,-35.2301702631105],[-71.4017207839999,-35.2299779221105]]]}},{"type":"Feature","properties":{"id":"7108033010002","commune":"Río Claro","code":"07108","gse":"D","quintil":"Q1","nse_score":618.3,"educ":9.5,"educ_score":433.3,"hacin":1.161,"hacin_class":"Hacinamiento Leve","hacin_score":816.7,"auto_score":88.2,"n_per":36,"n_hog":17,"source_year":2024},"geometry":{"type":"Polygon","coordinates":[[[-71.4032450219999,-35.2309641861105],[-71.4033925269999,-35.2307305341105],[-71.4024441189999,-35.2304628211105],[-71.4023633259999,-35.2307169011105],[-71.4032450219999,-35.2309641861105]]]}},{"type":"Feature","properties":{"id":"7108033010004","commune":"Río Claro","code":"07108","gse":"D","quintil":"Q2","nse_score":630.2,"educ":10.1,"educ_score":473.3,"hacin":1.121,"hacin_class":"Hacinamiento Leve","hacin_score":825.3,"auto_score":100.0,"n_per":37,"n_hog":14,"source_year":2024},"geometry":{"type":"Polygon","coordinates":[[[-71.4030025199999,-35.2312140881105],[-71.4032286799999,-35.2310072291105],[-71.4023521959999,-35.2307610611105],[-71.402290192,-35.2310070761105],[-71.4030025199999,-35.2312140881105]]]}},{"type":"Feature","properties":{"id":"7108033010005","commune":"Río Claro","code":"07108","gse":"E","quintil":"Q1","nse_score":582.3,"educ":9.3,"educ_score":420.0,"hacin":1.5,"hacin_class":"Hacinamiento Medio","hacin_score":744.7,"auto_score":136.4,"n_per":30,"n_hog":10,"source_year":2024},"geometry":{"type":"Polygon","coordinates":[[[-71.4022071159999,-35.2313340951105],[-71.4027463069999,-35.2314469191105],[-71.4029804439999,-35.2312554651105],[-71.4022789439999,-35.2310514071105],[-71.4022071159999,-35.2313340951105]]]}},{"type":"Feature","properties":{"id":"7108043005001","commune":"Río Claro","code":"07108","gse":"E","quintil":"Q1","nse_score":462.5,"educ":6.3,"educ_score":220.0,"hacin":0.7,"hacin_class":"Sin Hacinamiento","hacin_score":914.9,"auto_score":100.0,"n_per":7,"n_hog":4,"source_year":2024},"geometry":{"type":"MultiPolygon","coordinates":[[[[-71.4164538969999,-35.2165090381106],[-71.4173514549999,-35.2170352991106],[-71.4175788779999,-35.2168743471106],[-71.4163392809999,-35.2154997431107],[-71.4157905349999,-35.2157624391107],[-71.4164538969999,-35.2165090381106]]],[[[-71.4157361739999,-35.2157012571107],[-71.4159938509999,-35.2155473501107],[-71.4155270229999,-35.2150385701107],[-71.4152753939999,-35.2151826591107],[-71.4157361739999,-35.2157012571107]]]]}},{"type":"Feature","properties":{"id":"7108043005003","commune":"Río Claro","code":"07108","gse":"E","quintil":"Q1","nse_score":566.4,"educ":8.9,"educ_score":393.3,"hacin":0.941,"hacin_class":"Sin Hacinamiento","hacin_score":863.6,"auto_score":187.5,"n_per":16,"n_hog":7,"source_year":2024},"geometry":{"type":"MultiPolygon","coordinates":[[[[-71.4191798389999,-35.2181813451107],[-71.4186633249999,-35.2182827891107],[-71.4190282979999,-35.2186955861107],[-71.4192561179999,-35.2187016141106],[-71.4197158679999,-35.2181772631106],[-71.4192983469999,-35.2179765581106],[-71.4191798389999,-35.2181813451107]]],[[[-71.4188640769999,-35.2186618421107],[-71.4177265319999,-35.2171613541107],[-71.4173929969999,-35.2170801341107],[-71.4179969749999,-35.2178165841107],[-71.4188640769999,-35.2186618421107]]],[[[-71.4175176899999,-35.2169872591107],[-71.4177782349999,-35.2171276211106],[-71.4186074499999,-35.2182363141107],[-71.4192160729999,-35.2180718121107],[-71.4192364609999,-35.2179452631107],[-71.4183023829999,-35.2174856011107],[-71.4176309399999,-35.2169291011107],[-71.4175176899999,-35.2169872591107]]]]}},{"type":"Feature","properties":{"id":"7108043108003","commune":"Río Claro","code":"07108","gse":"C3","quintil":"Q2","nse_score":665.6,"educ":11.1,"educ_score":540.0,"hacin":1.286,"hacin_class":"Hacinamiento Leve","hacin_score":790.3,"auto_score":0.0,"n_per":18,"n_hog":7,"source_year":2024},"geometry":{"type":"Polygon","coordinates":[[[-71.2889358939999,-35.1614340591113],[-71.2885324649999,-35.1609362691113],[-71.287648036,-35.1613647521113],[-71.2871227309999,-35.1605194731113],[-71.2866851729999,-35.1607887541113],[-71.2874932689999,-35.1621233401113],[-71.2889358939999,-35.1614340591113]]]}},{"type":"Feature","properties":{"id":"7108043108004","commune":"Río Claro","code":"07108","gse":"C2","quintil":"Q4","nse_score":752.1,"educ":11.4,"educ_score":560.0,"hacin":0.938,"hacin_class":"Sin Hacinamiento","hacin_score":864.4,"auto_score":250.0,"n_per":45,"n_hog":16,"source_year":2024},"geometry":{"type":"Polygon","coordinates":[[[-71.2889435579999,-35.1643770521113],[-71.2895322679999,-35.1640817441112],[-71.2886891869999,-35.1629338361112],[-71.2891928409999,-35.1625420221113],[-71.2885312219999,-35.1617311961113],[-71.2875432019999,-35.1622036621113],[-71.2889435579999,-35.1643770521113]]]}},{"type":"Feature","properties":{"id":"7108043108001","commune":"Río Claro","code":"07108","gse":"D","quintil":"Q1","nse_score":619.1,"educ":9.0,"educ_score":400.0,"hacin":0.941,"hacin_class":"Sin Hacinamiento","hacin_score":863.6,"auto_score":100.0,"n_per":16,"n_hog":5,"source_year":2024},"geometry":{"type":"MultiPolygon","coordinates":[[[[-71.2859826139999,-35.1596631971113],[-71.2866554309999,-35.1607395461113],[-71.2870933259999,-35.1604700581113],[-71.2864394379999,-35.1593712011113],[-71.2859826139999,-35.1596631971113]]],[[[-71.2855187899999,-35.1589621021113],[-71.2859294769999,-35.1595830571113],[-71.2863177179999,-35.1593348981113],[-71.285559669,-35.1582076151113],[-71.2861508899999,-35.1577168291113],[-71.2858384279999,-35.1573095621113],[-71.2854287989999,-35.1573935131113],[-71.2850781159999,-35.1576684491113],[-71.2855187899999,-35.1589621021113]]]]}},{"type":"Feature","properties":{"id":"7108053108004","commune":"Río Claro","code":"07108","gse":"E","quintil":"Q1","nse_score":590.4,"educ":8.4,"educ_score":360.0,"hacin":1.282,"hacin_class":"Hacinamiento Leve","hacin_score":791.0,"auto_score":154.5,"n_per":159,"n_hog":56,"source_year":2024},"geometry":{"type":"Polygon","coordinates":[[[-71.2848704649999,-35.1609372471113],[-71.2841292619999,-35.1612821101113],[-71.2848432499999,-35.1608878181113],[-71.2846706789999,-35.1602729251113],[-71.2849177539999,-35.1601556151113],[-71.28449459,-35.1595563801113],[-71.2836681479999,-35.1600079011113],[-71.2841260119999,-35.1596948601113],[-71.2837539899999,-35.1592296701113],[-71.28343788,-35.1596029071113],[-71.2833619149999,-35.1603312181113],[-71.2834889509999,-35.1614929831113],[-71.2832359269999,-35.1622655751113],[-71.2828786529999,-35.1626559091113],[-71.2815136719999,-35.1632044011112],[-71.2810023259999,-35.1636147421113],[-71.2805059429999,-35.1646129001113],[-71.2808767489999,-35.1647401791112],[-71.2820590549999,-35.1642691181112],[-71.2817941609999,-35.1636624161113],[-71.2821289519999,-35.1642413631112],[-71.2839624239999,-35.1635177851113],[-71.2837557269999,-35.1630962331112],[-71.2840020079999,-35.1635021761113],[-71.285772145,-35.1628053281112],[-71.2852596049999,-35.1618285241113],[-71.2851912849999,-35.1614014311113],[-71.2848704649999,-35.1609372471113]]]}},{"type":"Feature","properties":{"id":"7108053108005","commune":"Río Claro","code":"07108","gse":"D","quintil":"Q1","nse_score":619.1,"educ":8.9,"educ_score":393.3,"hacin":1.458,"hacin_class":"Hacinamiento Leve","hacin_score":753.7,"auto_score":196.4,"n_per":86,"n_hog":29,"source_year":2024},"geometry":{"type":"Polygon","coordinates":[[[-71.2873964319999,-35.1621656551113],[-71.2869824239999,-35.1614807891113],[-71.2864699719999,-35.1616690081113],[-71.286963167,-35.1614489331113],[-71.2864527979999,-35.1606058951113],[-71.2851091829999,-35.1611477671113],[-71.2858315039999,-35.1627819281113],[-71.2863328559999,-35.1625830851113],[-71.2859434399999,-35.1618486441113],[-71.2863922419999,-35.1625597561113],[-71.2873964319999,-35.1621656551113]]]}},{"type":"Feature","properties":{"id":"7108053108006","commune":"Río Claro","code":"07108","gse":"C3","quintil":"Q3","nse_score":679.5,"educ":9.8,"educ_score":453.3,"hacin":1.347,"hacin_class":"Hacinamiento Leve","hacin_score":777.2,"auto_score":125.0,"n_per":66,"n_hog":20,"source_year":2024},"geometry":{"type":"Polygon","coordinates":[[[-71.2874066879999,-35.1628741851113],[-71.2870880239999,-35.1623874551113],[-71.2866820479999,-35.1625465741112],[-71.2868857149999,-35.1629953981113],[-71.2866222819999,-35.1625698441113],[-71.2849675489999,-35.1632200471113],[-71.2853205919999,-35.1639298391112],[-71.2873050599999,-35.1632228081113],[-71.2873986889999,-35.1634943141112],[-71.2881367129999,-35.1633244451113],[-71.2874463389999,-35.1622458621113],[-71.2871275949999,-35.1623718181113],[-71.2874066879999,-35.1628741851113]]]}},{"type":"Feature","properties":{"id":"7108053108007","commune":"Río Claro","code":"07108","gse":"D","quintil":"Q2","nse_score":634.2,"educ":9.3,"educ_score":420.0,"hacin":1.352,"hacin_class":"Hacinamiento Leve","hacin_score":776.2,"auto_score":92.6,"n_per":73,"n_hog":27,"source_year":2024},"geometry":{"type":"Polygon","coordinates":[[[-71.2848585349999,-35.1640014211113],[-71.2845096589999,-35.1633994661113],[-71.2837800619999,-35.1636895801112],[-71.2840375569999,-35.1641981251112],[-71.2837404809999,-35.1637051871113],[-71.2829621559999,-35.1640120931112],[-71.2832626029999,-35.1646074851112],[-71.2829225689999,-35.1640277021112],[-71.2824380559999,-35.1642187501112],[-71.2828176619999,-35.1644773611113],[-71.2830452279999,-35.1648380161112],[-71.2835453619999,-35.1646674871112],[-71.2852612889999,-35.1639534921113],[-71.2849080639999,-35.1632433321112],[-71.2845691449999,-35.1633759251113],[-71.2848585349999,-35.1640014211113]]]}},{"type":"Feature","properties":{"id":"7108053108009","commune":"Río Claro","code":"07108","gse":"E","quintil":"Q1","nse_score":586.4,"educ":9.4,"educ_score":426.7,"hacin":0.974,"hacin_class":"Sin Hacinamiento","hacin_score":856.5,"auto_score":235.3,"n_per":38,"n_hog":17,"source_year":2024},"geometry":{"type":"Polygon","coordinates":[[[-71.2815617129999,-35.1645666191112],[-71.2740139319999,-35.1675972841112],[-71.2740992489999,-35.1680590371112],[-71.2802169289999,-35.1656407061112],[-71.2803368519999,-35.1654682601112],[-71.2805096889999,-35.1657643301112],[-71.280995248,-35.1655808791112],[-71.2809005579999,-35.1651854411112],[-71.28108821,-35.1655250011112],[-71.2818401209999,-35.1653275451113],[-71.2815617129999,-35.1645666191112]]]}},{"type":"Feature","properties":{"id":"7108053108001","commune":"Río Claro","code":"07108","gse":"D","quintil":"Q1","nse_score":616.5,"educ":9.5,"educ_score":433.3,"hacin":1.108,"hacin_class":"Hacinamiento Leve","hacin_score":828.1,"auto_score":157.9,"n_per":41,"n_hog":16,"source_year":2024},"geometry":{"type":"MultiPolygon","coordinates":[[[[-71.2845558149999,-35.1595353881113],[-71.2849940419999,-35.1601571781113],[-71.2847217999999,-35.1603110581113],[-71.2850766619999,-35.1611006651113],[-71.2864231269999,-35.1605576191113],[-71.2861522549999,-35.1601084291113],[-71.2855151639999,-35.1603333681113],[-71.286121938,-35.1600603441113],[-71.285916073,-35.1597509671113],[-71.2853344849999,-35.1599795291113],[-71.2858950179999,-35.1597193251113],[-71.2854406079999,-35.1590325481113],[-71.2845558149999,-35.1595353881113]]],[[[-71.2851836109999,-35.1591009291113],[-71.2854090089999,-35.1589848841113],[-71.2852575149999,-35.1586827951113],[-71.2851153219999,-35.1584412921113],[-71.2847586909999,-35.1582810601113],[-71.2846968309999,-35.1583443881113],[-71.2851836109999,-35.1591009291113]]]]}},{"type":"Feature","properties":{"id":"7108053124001","commune":"Río Claro","code":"07108","gse":"C3","quintil":"Q2","nse_score":668.6,"educ":11.0,"educ_score":533.3,"hacin":1.046,"hacin_class":"Hacinamiento Leve","hacin_score":841.3,"auto_score":157.1,"n_per":91,"n_hog":33,"source_year":2024},"geometry":{"type":"Polygon","coordinates":[[[-71.2543945299999,-35.2065807281108],[-71.2521679319999,-35.2072145311108],[-71.2520614309999,-35.2080384671108],[-71.2511967119999,-35.2079574881107],[-71.2505490719999,-35.2077457941108],[-71.2507327289999,-35.2074249911107],[-71.2471941049999,-35.2070699071108],[-71.2472187969999,-35.2071558501108],[-71.2485823319999,-35.2073096191108],[-71.2523739979999,-35.2088568761107],[-71.2530341979999,-35.2089012381107],[-71.2531448409999,-35.2081522971107],[-71.2530998399999,-35.2089055991107],[-71.2544493099999,-35.2089853671108],[-71.2543945299999,-35.2065807281108]]]}},{"type":"Feature","properties":{"id":"7108053124002","commune":"Río Claro","code":"07108","gse":"D","quintil":"Q1","nse_score":618.3,"educ":9.2,"educ_score":413.3,"hacin":1.233,"hacin_class":"Hacinamiento Leve","hacin_score":801.5,"auto_score":250.0,"n_per":90,"n_hog":29,"source_year":2024},"geometry":{"type":"Polygon","coordinates":[[[-71.2399132589999,-35.2077068431107],[-71.2402312059999,-35.2091188721107],[-71.2398486019999,-35.2077169781108],[-71.2384520029999,-35.2082913681108],[-71.2398970409999,-35.2099596161107],[-71.2411757989999,-35.2094109211107],[-71.2414637999999,-35.2088872371107],[-71.2417229429999,-35.2087246781108],[-71.2420047529999,-35.2086570531108],[-71.2425261689999,-35.2087995901108],[-71.2430839349999,-35.2084313811108],[-71.2434020949999,-35.2084021571108],[-71.2439303219999,-35.2084735671108],[-71.2440903019999,-35.2086134611107],[-71.2445051149999,-35.2085340751108],[-71.2443510809999,-35.2083635251107],[-71.2444077289999,-35.2078325981107],[-71.2448823789999,-35.2075177861108],[-71.2449795209999,-35.2071115181108],[-71.2421251749999,-35.2073601091108],[-71.2399132589999,-35.2077068431107]]]}},{"type":"Feature","properties":{"id":"7108053124003","commune":"Río Claro","code":"07108","gse":"D","quintil":"Q1","nse_score":605.6,"educ":9.6,"educ_score":440.0,"hacin":1.108,"hacin_class":"Hacinamiento Leve","hacin_score":828.1,"auto_score":217.0,"n_per":123,"n_hog":53,"source_year":2024},"geometry":{"type":"Polygon","coordinates":[[[-71.2444632849999,-35.2079259211107],[-71.2444195659999,-35.2083538441107],[-71.2455435099999,-35.2080859141107],[-71.246207636,-35.2082088121108],[-71.2464627569999,-35.2084114161107],[-71.2478139339999,-35.2082060311107],[-71.2481568349999,-35.2082807951108],[-71.2488273539999,-35.2087596431108],[-71.2502323219999,-35.2089859411107],[-71.2511374929999,-35.2102176531107],[-71.2521419009999,-35.2105054671108],[-71.2534368359999,-35.2116301661107],[-71.2541946489999,-35.2115649011107],[-71.2542530289999,-35.2108449281107],[-71.2532715219999,-35.2107588781107],[-71.2542596589999,-35.2107910701107],[-71.2544432469999,-35.2090572311107],[-71.2540326519999,-35.2090380691107],[-71.2539659119999,-35.2095269771107],[-71.2530571599999,-35.2095299471108],[-71.2539371379999,-35.2094763731107],[-71.2539669019999,-35.2090349991107],[-71.2523530689999,-35.2089274361108],[-71.251576429,-35.2086211971108],[-71.251229711,-35.2091759271107],[-71.2515097159999,-35.2094841281107],[-71.2511637329999,-35.2091688551107],[-71.2515179349999,-35.2085964171108],[-71.2480636349999,-35.2072679481107],[-71.2450456399999,-35.2071149571108],[-71.2449408109999,-35.2075444221108],[-71.2444632849999,-35.2079259211107]]]}},{"type":"Feature","properties":{"id":"7108053124004","commune":"Río Claro","code":"07108","gse":"E","quintil":"Q1","nse_score":533.9,"educ":7.3,"educ_score":286.7,"hacin":0.783,"hacin_class":"Sin Hacinamiento","hacin_score":897.3,"auto_score":250.0,"n_per":18,"n_hog":7,"source_year":2024},"geometry":{"type":"Polygon","coordinates":[[[-71.2561602459999,-35.2078587951108],[-71.256164527,-35.2097581461108],[-71.257317612,-35.2096738911108],[-71.2573204989999,-35.2077387191108],[-71.2561602459999,-35.2078587951108]]]}},{"type":"Feature","properties":{"id":"7108053124005","commune":"Río Claro","code":"07108","gse":"D","quintil":"Q1","nse_score":615.2,"educ":9.8,"educ_score":453.3,"hacin":1.216,"hacin_class":"Hacinamiento Leve","hacin_score":805.1,"auto_score":307.7,"n_per":45,"n_hog":13,"source_year":2024},"geometry":{"type":"Polygon","coordinates":[[[-71.2548408389999,-35.2122709181107],[-71.256325854,-35.2118176971107],[-71.2560987849999,-35.2097624311107],[-71.2560944359999,-35.2078656451107],[-71.2545302579999,-35.2080194671108],[-71.2542820349999,-35.2117699041107],[-71.2548408389999,-35.2122709181107]]]}},{"type":"Feature","properties":{"id":"7108053124006","commune":"Río Claro","code":"07108","gse":"D","quintil":"Q1","nse_score":618.8,"educ":8.7,"educ_score":380.0,"hacin":1.044,"hacin_class":"Hacinamiento Leve","hacin_score":841.7,"auto_score":125.0,"n_per":71,"n_hog":28,"source_year":2024},"geometry":{"type":"Polygon","coordinates":[[[-71.2383941109999,-35.2083181461108],[-71.2355900889999,-35.2094713661107],[-71.2374246059999,-35.2106326041108],[-71.2383321449999,-35.2108096561107],[-71.2387189819999,-35.2107718451108],[-71.2392179239999,-35.2105288141107],[-71.239513928,-35.2101553691107],[-71.2398381589999,-35.2099837691108],[-71.2389492499999,-35.2089194271108],[-71.2385880119999,-35.2091146851107],[-71.2388465859999,-35.2093922311107],[-71.2389991519999,-35.2101050301108],[-71.2385856159999,-35.2103633261107],[-71.2376974539999,-35.2102739141107],[-71.2369837799999,-35.2098051161107],[-71.2370070349999,-35.2096449511107],[-71.2374129709999,-35.2093421671107],[-71.2382780039999,-35.2089980801108],[-71.2386454099999,-35.2090440251108],[-71.2389106299999,-35.2088751841108],[-71.2383941109999,-35.2083181461108]]]}},{"type":"Feature","properties":{"id":"7108053124007","commune":"Río Claro","code":"07108","gse":"D","quintil":"Q1","nse_score":606.7,"educ":9.3,"educ_score":420.0,"hacin":1.0,"hacin_class":"Hacinamiento Leve","hacin_score":851.1,"auto_score":125.0,"n_per":25,"n_hog":10,"source_year":2024},"geometry":{"type":"Polygon","coordinates":[[[-71.2370594909999,-35.2096786421107],[-71.2373977899999,-35.2100495851107],[-71.2375645179999,-35.2098582101107],[-71.2382696169999,-35.2099933161107],[-71.2386686079999,-35.2097912341108],[-71.2388199249999,-35.2096016961107],[-71.2387832999999,-35.2094090431108],[-71.2382906049999,-35.2090515671108],[-71.2374477299999,-35.2093881671107],[-71.2370594909999,-35.2096786421107]]]}},{"type":"Feature","properties":{"id":"7108053124008","commune":"Río Claro","code":"07108","gse":"D","quintil":"Q1","nse_score":607.9,"educ":8.6,"educ_score":373.3,"hacin":1.105,"hacin_class":"Hacinamiento Leve","hacin_score":828.7,"auto_score":200.0,"n_per":21,"n_hog":10,"source_year":2024},"geometry":{"type":"Polygon","coordinates":[[[-71.2380857929999,-35.2100791151107],[-71.2375790489999,-35.2099216051107],[-71.2374487499999,-35.2100843071107],[-71.2384292899999,-35.2103401161107],[-71.23890488,-35.2101271671107],[-71.2389431539999,-35.2099689971107],[-71.2388405129999,-35.2096716941108],[-71.238585198,-35.2099278141108],[-71.2380857929999,-35.2100791151107]]]}},{"type":"Feature","properties":{"id":"7108053124009","commune":"Río Claro","code":"07108","gse":"E","quintil":"Q1","nse_score":590.5,"educ":9.6,"educ_score":440.0,"hacin":0.857,"hacin_class":"Sin Hacinamiento","hacin_score":881.5,"auto_score":333.3,"n_per":12,"n_hog":6,"source_year":2024},"geometry":{"type":"Polygon","coordinates":[[[-71.2537026979999,-35.2120585031107],[-71.2537422579999,-35.2132657451107],[-71.2542989839999,-35.2132553751107],[-71.2542523769999,-35.2126306311107],[-71.2538173289999,-35.2127552861107],[-71.2542466589999,-35.2125762731107],[-71.2541926069999,-35.2116189781107],[-71.2534796569999,-35.2116935161108],[-71.2537026979999,-35.2120585031107]]]}},{"type":"Feature","properties":{"id":"7108053124010","commune":"Río Claro","code":"07108","gse":"E","quintil":"Q1","nse_score":561.5,"educ":8.2,"educ_score":346.7,"hacin":1.286,"hacin_class":"Hacinamiento Leve","hacin_score":790.3,"auto_score":214.3,"n_per":18,"n_hog":7,"source_year":2024},"geometry":{"type":"MultiPolygon","coordinates":[[[[-71.2563563829999,-35.2119120371107],[-71.2543188629999,-35.2125261491107],[-71.2543650659999,-35.2132541451107],[-71.2556757429999,-35.2127654601107],[-71.2569498649999,-35.2126769701107],[-71.2566672499999,-35.2121661541107],[-71.2564470679999,-35.2120984431107],[-71.2563563829999,-35.2119120371107]]],[[[-71.2542823929999,-35.2118329601107],[-71.2543215409999,-35.2124691561107],[-71.2547830149999,-35.2123518891107],[-71.2542823929999,-35.2118329601107]]]]}},{"type":"Feature","properties":{"id":"7108063027001","commune":"Río Claro","code":"07108","gse":"E","quintil":"Q1","nse_score":486.0,"educ":7.9,"educ_score":326.7,"hacin":1.0,"hacin_class":"Hacinamiento Leve","hacin_score":851.1,"auto_score":71.4,"n_per":25,"n_hog":11,"source_year":2024},"geometry":{"type":"Polygon","coordinates":[[[-71.1828995469999,-35.2442774701104],[-71.1841957209999,-35.2454926181104],[-71.1820318659999,-35.2472751631103],[-71.1817853159999,-35.2469050471103],[-71.1814757419999,-35.2470516641104],[-71.1825138719999,-35.2481108881103],[-71.1833438139999,-35.2473902571103],[-71.1828711069999,-35.2468391951104],[-71.1834478359999,-35.2473101021103],[-71.1847391459999,-35.2462487971104],[-71.1843285919999,-35.2462056391103],[-71.1841200539999,-35.2460668731104],[-71.1848272059999,-35.2461841481103],[-71.1851053909999,-35.2459791521104],[-71.1837448869999,-35.2445223941104],[-71.1839111239999,-35.2443138111104],[-71.1849104249999,-35.2438106701104],[-71.1848086549999,-35.2436440021104],[-71.1837812709999,-35.2441222551103],[-71.1848515849999,-35.2435846541104],[-71.1848051659999,-35.2434990011104],[-71.1836467719999,-35.2438673291104],[-71.1828995469999,-35.2442774701104]]]}},{"type":"Feature","properties":{"id":"7108063027002","commune":"Río Claro","code":"07108","gse":"D","quintil":"Q1","nse_score":614.7,"educ":8.4,"educ_score":360.0,"hacin":1.482,"hacin_class":"Hacinamiento Leve","hacin_score":748.6,"auto_score":153.8,"n_per":40,"n_hog":13,"source_year":2024},"geometry":{"type":"Polygon","coordinates":[[[-71.1843378629999,-35.2442039951104],[-71.1850608169999,-35.2443367101103],[-71.1857190369999,-35.2448114541104],[-71.1859685439999,-35.2446610391104],[-71.18575956,-35.2448541111104],[-71.1861833879999,-35.2452859491104],[-71.1867617589999,-35.2447510401103],[-71.1851298109999,-35.2440879401104],[-71.1849190639999,-35.2438471101104],[-71.1843378629999,-35.2442039951104]]]}},{"type":"Feature","properties":{"id":"7108063027003","commune":"Río Claro","code":"07108","gse":"E","quintil":"Q1","nse_score":578.8,"educ":8.9,"educ_score":393.3,"hacin":1.381,"hacin_class":"Hacinamiento Leve","hacin_score":770.0,"auto_score":238.1,"n_per":58,"n_hog":20,"source_year":2024},"geometry":{"type":"Polygon","coordinates":[[[-71.1837893219999,-35.2445170901103],[-71.1851566739999,-35.2459452571104],[-71.1856058059999,-35.2456252061104],[-71.1842985069999,-35.2442265611104],[-71.1839390389999,-35.2443419721103],[-71.1837893219999,-35.2445170901103]]]}},{"type":"Feature","properties":{"id":"7108063027004","commune":"Río Claro","code":"07108","gse":"E","quintil":"Q1","nse_score":561.8,"educ":8.1,"educ_score":340.0,"hacin":1.724,"hacin_class":"Hacinamiento Medio","hacin_score":697.0,"auto_score":111.1,"n_per":50,"n_hog":18,"source_year":2024},"geometry":{"type":"Polygon","coordinates":[[[-71.1844033669999,-35.2443021271104],[-71.1856747749999,-35.2456101851103],[-71.1861312919999,-35.2453190071103],[-71.1853356309999,-35.2445298591104],[-71.1844033669999,-35.2443021271104]]]}},{"type":"Feature","properties":{"id":"7108063027008","commune":"Río Claro","code":"07108","gse":"E","quintil":"Q1","nse_score":594.2,"educ":9.0,"educ_score":400.0,"hacin":1.296,"hacin_class":"Hacinamiento Leve","hacin_score":788.1,"auto_score":122.2,"n_per":127,"n_hog":44,"source_year":2024},"geometry":{"type":"Polygon","coordinates":[[[-71.1847879029999,-35.2463131901104],[-71.1857899669999,-35.2473782671103],[-71.1847303979999,-35.2463574771104],[-71.1841024989999,-35.2468602241103],[-71.1854149529999,-35.2480819571103],[-71.1840572679999,-35.2468997211103],[-71.1836898429999,-35.2472275701103],[-71.1850453279999,-35.2484300481103],[-71.1847821959999,-35.2483394481104],[-71.183641926,-35.2472646521104],[-71.1825090799999,-35.2482180761103],[-71.1830078109999,-35.2487099231103],[-71.1824813669999,-35.2482413841103],[-71.1817271189999,-35.2489299131103],[-71.1832017209999,-35.2502430001103],[-71.1858536119999,-35.2479154501103],[-71.1875334389999,-35.2467535591104],[-71.1874415919999,-35.2466469261103],[-71.1871973929999,-35.2467633211104],[-71.1873742109999,-35.2466389681104],[-71.1870292059999,-35.2462475301103],[-71.1865798789999,-35.2465147961103],[-71.1868031959999,-35.2467625461104],[-71.1866968109999,-35.2469080251103],[-71.186360868,-35.2470164691104],[-71.1867379359999,-35.2467912381103],[-71.1865264549999,-35.2465464531104],[-71.1859273749999,-35.2468874821103],[-71.1869892579999,-35.2462045781103],[-71.1862557539999,-35.2454086411103],[-71.1847879029999,-35.2463131901104]]]}},{"type":"Feature","properties":{"id":"7108063027009","commune":"Río Claro","code":"07108","gse":"D","quintil":"Q1","nse_score":621.7,"educ":8.5,"educ_score":366.7,"hacin":1.083,"hacin_class":"Hacinamiento Leve","hacin_score":833.3,"auto_score":250.0,"n_per":13,"n_hog":4,"source_year":2024},"geometry":{"type":"MultiPolygon","coordinates":[[[[-71.1814934409999,-35.2490357661103],[-71.181627192,-35.2489155131103],[-71.1813353119999,-35.2486528831103],[-71.1806929359999,-35.2484857511103],[-71.1806160719999,-35.2486198261103],[-71.181209754,-35.2487804971103],[-71.1814934409999,-35.2490357661103]]],[[[-71.1818370219999,-35.2474413131104],[-71.1807326459999,-35.2484461511103],[-71.1813599729999,-35.2486229481103],[-71.1816556819999,-35.2488876921103],[-71.1817374419999,-35.2488068451103],[-71.1813003349999,-35.2484120361103],[-71.1817792799999,-35.2487647681103],[-71.1819883759999,-35.2485597811103],[-71.1813650639999,-35.2480567191103],[-71.1820177459999,-35.2485329511103],[-71.1824677279999,-35.2481496971103],[-71.1818370219999,-35.2474413131104]]]]}},{"type":"Feature","properties":{"id":"7108063027005","commune":"Río Claro","code":"07108","gse":"D","quintil":"Q1","nse_score":613.9,"educ":9.9,"educ_score":460.0,"hacin":1.241,"hacin_class":"Hacinamiento Leve","hacin_score":799.7,"auto_score":300.0,"n_per":36,"n_hog":10,"source_year":2024},"geometry":{"type":"MultiPolygon","coordinates":[[[[-71.1863272269999,-35.2453470051103],[-71.1873532279999,-35.2464939401103],[-71.187563167,-35.2463966011103],[-71.186994351,-35.2457492891104],[-71.1874874759999,-35.2454762501104],[-71.1869683439999,-35.2449670061104],[-71.1863272269999,-35.2453470051103]]],[[[-71.1870029209999,-35.2449505001104],[-71.1876773669999,-35.2455643671103],[-71.1879637999999,-35.2453165431104],[-71.1877819679999,-35.2451645471104],[-71.1882417219999,-35.2448278411104],[-71.1878663689999,-35.2445313621103],[-71.1870029209999,-35.2449505001104]]]]}}]}