{"type":"FeatureCollection","features":[{"type":"Feature","properties":{"id":"9119011001001","commune":"Vilcún","code":"09119","gse":"D","quintil":"Q2","nse_score":645.4,"educ":9.6,"educ_score":440.0,"hacin":1.09,"hacin_class":"Hacinamiento Leve","hacin_score":832.0,"auto_score":137.4,"n_per":243,"n_hog":91,"source_year":2024,"crime_score":0.1761,"crime_nivel":"Medio","crime_color":"#ff9800"},"geometry":{"type":"Polygon","coordinates":[[[-72.2374253159999,-38.6652045040793],[-72.2345575889999,-38.6649259470793],[-72.233917619,-38.6643206770793],[-72.2332566059999,-38.6631337900794],[-72.2320228099999,-38.6623117370793],[-72.2309621989999,-38.6625096750794],[-72.2319790189999,-38.6651514140793],[-72.2308249029999,-38.6652293040793],[-72.2305101509999,-38.6651249210793],[-72.2299934709999,-38.6653809110793],[-72.2293107559999,-38.6652814250793],[-72.2286423329999,-38.6653717050793],[-72.2287646839999,-38.6664769160793],[-72.228182994,-38.6664949020793],[-72.2282939179999,-38.6674720970793],[-72.2292905549999,-38.6675021300793],[-72.2283037119999,-38.6675385160793],[-72.2284314109999,-38.6685294390793],[-72.2349586159999,-38.6680854620793],[-72.2346215349999,-38.6653341570794],[-72.2332359119999,-38.6655908570793],[-72.2346899429999,-38.6652749890794],[-72.234941224,-38.6667820990793],[-72.2366616149999,-38.6659647440793],[-72.2372857649999,-38.6655451810793],[-72.2374253159999,-38.6652045040793]]]}},{"type":"Feature","properties":{"id":"9119011001002","commune":"Vilcún","code":"09119","gse":"C3","quintil":"Q3","nse_score":708.3,"educ":12.1,"educ_score":606.7,"hacin":1.079,"hacin_class":"Hacinamiento Leve","hacin_score":834.2,"auto_score":184.6,"n_per":163,"n_hog":61,"source_year":2024,"crime_score":0.164,"crime_nivel":"Medio","crime_color":"#ff9800"},"geometry":{"type":"Polygon","coordinates":[[[-72.2267848559999,-38.6633758310793],[-72.2233936799999,-38.6640752550793],[-72.2232483169999,-38.6636882710794],[-72.2227421089999,-38.6638009070793],[-72.2238256339999,-38.6666669040793],[-72.2242549029999,-38.6666921860793],[-72.224179767,-38.6663729550793],[-72.2243021869999,-38.6666889750793],[-72.2254485459999,-38.6666259520793],[-72.2253972929999,-38.6661867950793],[-72.2241558139999,-38.6662321460793],[-72.2269259429999,-38.6660037680793],[-72.2264076149999,-38.6642502400793],[-72.2269735319999,-38.6660251830793],[-72.2254660159999,-38.6661821220793],[-72.2255185739999,-38.6666221450793],[-72.2286726389999,-38.6664111750793],[-72.2285420469999,-38.6653351570793],[-72.2275108189999,-38.6651169920793],[-72.2267848559999,-38.6633758310793]]]}},{"type":"Feature","properties":{"id":"9119011001003","commune":"Vilcún","code":"09119","gse":"C3","quintil":"Q3","nse_score":697.1,"educ":12.4,"educ_score":626.7,"hacin":1.323,"hacin_class":"Hacinamiento Leve","hacin_score":782.3,"auto_score":175.8,"n_per":344,"n_hog":115,"source_year":2024,"crime_score":0.1755,"crime_nivel":"Medio","crime_color":"#ff9800"},"geometry":{"type":"Polygon","coordinates":[[[-72.2226519909999,-38.6638221840793],[-72.221572938,-38.6640848660793],[-72.2216311459999,-38.6641759150793],[-72.2223982389999,-38.6639937530793],[-72.2216467689999,-38.6642133430793],[-72.2217398539999,-38.6644740080793],[-72.2223487249999,-38.6643815430793],[-72.2217591459999,-38.6645160420793],[-72.2218403629999,-38.6647694420794],[-72.2224548729999,-38.6646869060793],[-72.2218759879999,-38.6648197690793],[-72.2219431189999,-38.6650422850793],[-72.2225369759999,-38.6649630840793],[-72.2219854019999,-38.6650955910793],[-72.2220168309999,-38.6652369690793],[-72.2227720139999,-38.6651462030793],[-72.2220736559999,-38.6653059100793],[-72.2221351969999,-38.6655275820793],[-72.2228089399999,-38.6654382340794],[-72.2221941739999,-38.6655791160793],[-72.2222529629999,-38.6658167210793],[-72.2229311739999,-38.6657265950793],[-72.2222983889999,-38.6658689340793],[-72.2223666159999,-38.6660957570793],[-72.22304084,-38.6660194780793],[-72.2224199049999,-38.6661503770793],[-72.2224848399999,-38.6663860160793],[-72.2231793849999,-38.6662914530793],[-72.2225373809999,-38.6664366400793],[-72.2225764949999,-38.6666110390793],[-72.2235989189999,-38.6664555700793],[-72.2226519909999,-38.6638221840793]]]}},{"type":"Feature","properties":{"id":"9119011001004","commune":"Vilcún","code":"09119","gse":"C3","quintil":"Q2","nse_score":674.1,"educ":12.7,"educ_score":646.7,"hacin":1.625,"hacin_class":"Hacinamiento Medio","hacin_score":718.1,"auto_score":125.0,"n_per":13,"n_hog":4,"source_year":2024,"crime_score":0.1556,"crime_nivel":"Medio","crime_color":"#ff9800"},"geometry":{"type":"Polygon","coordinates":[[[-72.2215432219999,-38.6641983160794],[-72.2215049479999,-38.6641007380793],[-72.2210974299999,-38.6641958730793],[-72.2211386109999,-38.6643014000793],[-72.2215432219999,-38.6641983160794]]]}},{"type":"Feature","properties":{"id":"9119011001005","commune":"Vilcún","code":"09119","gse":"C3","quintil":"Q3","nse_score":690.2,"educ":11.8,"educ_score":586.7,"hacin":1.374,"hacin_class":"Hacinamiento Leve","hacin_score":771.6,"auto_score":140.0,"n_per":125,"n_hog":47,"source_year":2024,"crime_score":0.1628,"crime_nivel":"Medio","crime_color":"#ff9800"},"geometry":{"type":"Polygon","coordinates":[[[-72.2210276079999,-38.6661522660793],[-72.2213151019999,-38.6660613960793],[-72.2207270189999,-38.6644342910793],[-72.2211144389999,-38.6643079090793],[-72.2210686589999,-38.6642025890794],[-72.2203406069999,-38.6643653470793],[-72.2210276079999,-38.6661522660793]]]}},{"type":"Feature","properties":{"id":"9119011001006","commune":"Vilcún","code":"09119","gse":"D","quintil":"Q2","nse_score":655.5,"educ":11.2,"educ_score":546.7,"hacin":1.185,"hacin_class":"Hacinamiento Leve","hacin_score":811.7,"auto_score":66.7,"n_per":32,"n_hog":13,"source_year":2024,"crime_score":0.1586,"crime_nivel":"Medio","crime_color":"#ff9800"},"geometry":{"type":"Polygon","coordinates":[[[-72.2216465229999,-38.6644605160793],[-72.2215367049999,-38.6642394570793],[-72.2207902559999,-38.6644500970793],[-72.2209036749999,-38.6646835830793],[-72.2216465229999,-38.6644605160793]]]}},{"type":"Feature","properties":{"id":"9119011001007","commune":"Vilcún","code":"09119","gse":"C3","quintil":"Q3","nse_score":704.2,"educ":12.3,"educ_score":620.0,"hacin":1.391,"hacin_class":"Hacinamiento Leve","hacin_score":768.0,"auto_score":159.1,"n_per":178,"n_hog":63,"source_year":2024,"crime_score":0.1655,"crime_nivel":"Medio","crime_color":"#ff9800"},"geometry":{"type":"Polygon","coordinates":[[[-72.2180526969999,-38.6648594450793],[-72.2193889509999,-38.6681427180793],[-72.2201610719999,-38.6680567540793],[-72.2188896349999,-38.6647401010793],[-72.2202953999999,-38.6645112480793],[-72.2202704029999,-38.6643802960793],[-72.2180526969999,-38.6648594450793]]]}},{"type":"Feature","properties":{"id":"9119011001008","commune":"Vilcún","code":"09119","gse":"D","quintil":"Q2","nse_score":649.1,"educ":11.8,"educ_score":586.7,"hacin":1.348,"hacin_class":"Hacinamiento Leve","hacin_score":777.1,"auto_score":187.5,"n_per":31,"n_hog":13,"source_year":2024,"crime_score":0.1591,"crime_nivel":"Medio","crime_color":"#ff9800"},"geometry":{"type":"Polygon","coordinates":[[[-72.2217705599999,-38.6647753480793],[-72.2216547909999,-38.6645422430793],[-72.2209045009999,-38.6647413690793],[-72.221011599,-38.6649767410793],[-72.2217705599999,-38.6647753480793]]]}},{"type":"Feature","properties":{"id":"9119011001009","commune":"Vilcún","code":"09119","gse":"D","quintil":"Q2","nse_score":657.8,"educ":11.2,"educ_score":546.7,"hacin":1.548,"hacin_class":"Hacinamiento Medio","hacin_score":734.4,"auto_score":156.2,"n_per":48,"n_hog":16,"source_year":2024,"crime_score":0.1597,"crime_nivel":"Medio","crime_color":"#ff9800"},"geometry":{"type":"Polygon","coordinates":[[[-72.2203032969999,-38.6645498760794],[-72.2195991059999,-38.6647052090793],[-72.2196720019999,-38.6649475900793],[-72.2204087129999,-38.6648067100793],[-72.2203032969999,-38.6645498760794]]]}},{"type":"Feature","properties":{"id":"9119011001010","commune":"Vilcún","code":"09119","gse":"C2","quintil":"Q4","nse_score":735.2,"educ":13.1,"educ_score":673.3,"hacin":1.357,"hacin_class":"Hacinamiento Leve","hacin_score":775.1,"auto_score":333.3,"n_per":38,"n_hog":12,"source_year":2024,"crime_score":0.1522,"crime_nivel":"Medio","crime_color":"#ff9800"},"geometry":{"type":"Polygon","coordinates":[[[-72.219505066,-38.6647231220793],[-72.2190092549999,-38.6648399140793],[-72.2190938949999,-38.6650857520793],[-72.2196106169999,-38.6649858770793],[-72.219505066,-38.6647231220793]]]}},{"type":"Feature","properties":{"id":"9119011001011","commune":"Vilcún","code":"09119","gse":"C3","quintil":"Q3","nse_score":707.0,"educ":12.1,"educ_score":606.7,"hacin":1.436,"hacin_class":"Hacinamiento Leve","hacin_score":758.3,"auto_score":157.9,"n_per":56,"n_hog":19,"source_year":2024,"crime_score":0.156,"crime_nivel":"Medio","crime_color":"#ff9800"},"geometry":{"type":"Polygon","coordinates":[[[-72.2219498529999,-38.6652802290794],[-72.2217704539999,-38.6648452430793],[-72.2213860329999,-38.6649471670793],[-72.2214743609999,-38.6651979630793],[-72.2213634819999,-38.6649508030793],[-72.2210220009999,-38.6650297340793],[-72.2212122339999,-38.6654577800793],[-72.2219498529999,-38.6652802290794]]]}},{"type":"Feature","properties":{"id":"9119011001012","commune":"Vilcún","code":"09119","gse":"C3","quintil":"Q3","nse_score":705.5,"educ":12.2,"educ_score":613.3,"hacin":1.214,"hacin_class":"Hacinamiento Leve","hacin_score":805.5,"auto_score":203.7,"n_per":68,"n_hog":28,"source_year":2024,"crime_score":0.1571,"crime_nivel":"Medio","crime_color":"#ff9800"},"geometry":{"type":"Polygon","coordinates":[[[-72.2206332369999,-38.6662282430793],[-72.2209242329999,-38.6661308900793],[-72.2204540729999,-38.6648755070793],[-72.2201669289999,-38.6649171330793],[-72.2206332369999,-38.6662282430793]]]}},{"type":"Feature","properties":{"id":"9119011001013","commune":"Vilcún","code":"09119","gse":"C3","quintil":"Q2","nse_score":664.4,"educ":11.5,"educ_score":566.7,"hacin":1.418,"hacin_class":"Hacinamiento Leve","hacin_score":762.1,"auto_score":106.1,"n_per":95,"n_hog":28,"source_year":2024,"crime_score":0.1628,"crime_nivel":"Medio","crime_color":"#ff9800"},"geometry":{"type":"Polygon","coordinates":[[[-72.2205561369999,-38.6662500970793],[-72.2200951659999,-38.6649454200793],[-72.2197209189999,-38.6650292710793],[-72.2202374889999,-38.6663360370793],[-72.2205561369999,-38.6662500970793]]]}},{"type":"Feature","properties":{"id":"9119011001014","commune":"Vilcún","code":"09119","gse":"C3","quintil":"Q3","nse_score":693.6,"educ":11.6,"educ_score":573.3,"hacin":1.419,"hacin_class":"Hacinamiento Leve","hacin_score":761.8,"auto_score":178.6,"n_per":44,"n_hog":14,"source_year":2024,"crime_score":0.1563,"crime_nivel":"Medio","crime_color":"#ff9800"},"geometry":{"type":"Polygon","coordinates":[[[-72.2197814889999,-38.6653631260793],[-72.219632826,-38.6650324010794],[-72.2191363139999,-38.6651445450793],[-72.2192902199999,-38.6655078500793],[-72.2197814889999,-38.6653631260793]]]}},{"type":"Feature","properties":{"id":"9119011001015","commune":"Vilcún","code":"09119","gse":"D","quintil":"Q2","nse_score":646.3,"educ":10.2,"educ_score":480.0,"hacin":1.538,"hacin_class":"Hacinamiento Medio","hacin_score":736.5,"auto_score":83.3,"n_per":40,"n_hog":12,"source_year":2024,"crime_score":0.1601,"crime_nivel":"Medio","crime_color":"#ff9800"},"geometry":{"type":"Polygon","coordinates":[[[-72.234966186,-38.6668356550793],[-72.2352631119999,-38.6689507080793],[-72.2357731909999,-38.6686873520793],[-72.2383126629999,-38.6685018390793],[-72.2382325799999,-38.6674084570793],[-72.2380516019999,-38.6673667220793],[-72.2380943819999,-38.6652753580793],[-72.2375251489999,-38.6652202410793],[-72.2373794439999,-38.6655685810793],[-72.2366174539999,-38.6660590380794],[-72.234966186,-38.6668356550793]]]}},{"type":"Feature","properties":{"id":"9119011001016","commune":"Vilcún","code":"09119","gse":"D","quintil":"Q2","nse_score":646.5,"educ":11.0,"educ_score":533.3,"hacin":1.452,"hacin_class":"Hacinamiento Leve","hacin_score":755.0,"auto_score":233.3,"n_per":45,"n_hog":14,"source_year":2024,"crime_score":0.1604,"crime_nivel":"Medio","crime_color":"#ff9800"},"geometry":{"type":"Polygon","coordinates":[[[-72.2220742109999,-38.6655684340793],[-72.2219582059999,-38.6653323120793],[-72.2212075029999,-38.6655304290793],[-72.2213397659999,-38.6657616160793],[-72.2220742109999,-38.6655684340793]]]}},{"type":"Feature","properties":{"id":"9119011001017","commune":"Vilcún","code":"09119","gse":"C3","quintil":"Q2","nse_score":669.3,"educ":11.9,"educ_score":593.3,"hacin":1.65,"hacin_class":"Hacinamiento Medio","hacin_score":712.8,"auto_score":90.9,"n_per":33,"n_hog":10,"source_year":2024,"crime_score":0.1575,"crime_nivel":"Medio","crime_color":"#ff9800"},"geometry":{"type":"Polygon","coordinates":[[[-72.2198717829999,-38.6656949250793],[-72.2197959959999,-38.6654478070793],[-72.2193056609999,-38.6655727240793],[-72.2194012319999,-38.6657994440793],[-72.2198717829999,-38.6656949250793]]]}},{"type":"Feature","properties":{"id":"9119011001018","commune":"Vilcún","code":"09119","gse":"D","quintil":"Q2","nse_score":655.1,"educ":10.9,"educ_score":526.7,"hacin":1.379,"hacin_class":"Hacinamiento Leve","hacin_score":770.4,"auto_score":166.7,"n_per":40,"n_hog":13,"source_year":2024,"crime_score":0.1593,"crime_nivel":"Medio","crime_color":"#ff9800"},"geometry":{"type":"Polygon","coordinates":[[[-72.2221885119999,-38.6658715660793],[-72.2220725869999,-38.6656466750793],[-72.2213271429999,-38.6658487150793],[-72.2214394069999,-38.6660690860793],[-72.2221885119999,-38.6658715660793]]]}},{"type":"Feature","properties":{"id":"9119011001019","commune":"Vilcún","code":"09119","gse":"C3","quintil":"Q2","nse_score":677.1,"educ":11.1,"educ_score":540.0,"hacin":1.222,"hacin_class":"Hacinamiento Leve","hacin_score":803.8,"auto_score":50.0,"n_per":22,"n_hog":9,"source_year":2024,"crime_score":0.156,"crime_nivel":"Medio","crime_color":"#ff9800"},"geometry":{"type":"Polygon","coordinates":[[[-72.2200166229999,-38.6659737610793],[-72.2199068739999,-38.6657305550793],[-72.2194106259999,-38.6658512690793],[-72.2195268399999,-38.6661164860794],[-72.2200166229999,-38.6659737610793]]]}},{"type":"Feature","properties":{"id":"9119011001020","commune":"Vilcún","code":"09119","gse":"C2","quintil":"Q4","nse_score":727.6,"educ":12.4,"educ_score":626.7,"hacin":1.289,"hacin_class":"Hacinamiento Leve","hacin_score":789.6,"auto_score":220.0,"n_per":58,"n_hog":25,"source_year":2024,"crime_score":0.1544,"crime_nivel":"Medio","crime_color":"#ff9800"},"geometry":{"type":"Polygon","coordinates":[[[-72.2220897609999,-38.6664967030793],[-72.2218157089999,-38.6660351080793],[-72.2215378419999,-38.6661167440793],[-72.2216712659999,-38.6666069170793],[-72.2214868139999,-38.6661213390793],[-72.2210581559999,-38.6662343210793],[-72.2213297359999,-38.6668554680793],[-72.2224563309999,-38.6666046830793],[-72.2221780849999,-38.6659533310793],[-72.2219200399999,-38.6660395550793],[-72.2220897609999,-38.6664967030793]]]}},{"type":"Feature","properties":{"id":"9119011001022","commune":"Vilcún","code":"09119","gse":"C3","quintil":"Q2","nse_score":669.6,"educ":10.5,"educ_score":500.0,"hacin":1.448,"hacin_class":"Hacinamiento Leve","hacin_score":755.7,"auto_score":250.0,"n_per":42,"n_hog":14,"source_year":2024,"crime_score":0.1582,"crime_nivel":"Medio","crime_color":"#ff9800"},"geometry":{"type":"Polygon","coordinates":[[[-72.2212012749999,-38.6668979760793],[-72.2209760949999,-38.6662490850793],[-72.2206649439999,-38.6662898580793],[-72.2208855169999,-38.6669393120793],[-72.2212012749999,-38.6668979760793]]]}},{"type":"Feature","properties":{"id":"9119011001023","commune":"Vilcún","code":"09119","gse":"C3","quintil":"Q3","nse_score":684.1,"educ":11.6,"educ_score":573.3,"hacin":1.2,"hacin_class":"Hacinamiento Leve","hacin_score":808.5,"auto_score":193.9,"n_per":120,"n_hog":46,"source_year":2024,"crime_score":0.1629,"crime_nivel":"Medio","crime_color":"#ff9800"},"geometry":{"type":"Polygon","coordinates":[[[-72.2201770659999,-38.6663977520793],[-72.2206589159999,-38.6676462310793],[-72.2201962009999,-38.6677592190793],[-72.2202527729999,-38.6680084690793],[-72.2211778019999,-38.6679868050793],[-72.2205787999999,-38.6663099180793],[-72.2201770659999,-38.6663977520793]]]}},{"type":"Feature","properties":{"id":"9119011001024","commune":"Vilcún","code":"09119","gse":"C2","quintil":"Q4","nse_score":756.4,"educ":13.6,"educ_score":706.7,"hacin":1.216,"hacin_class":"Hacinamiento Leve","hacin_score":805.2,"auto_score":196.4,"n_per":62,"n_hog":25,"source_year":2024,"crime_score":0.1522,"crime_nivel":"Medio","crime_color":"#ff9800"},"geometry":{"type":"Polygon","coordinates":[[[-72.2201898209999,-38.6677154210793],[-72.2205725229999,-38.6675698040793],[-72.2200701799999,-38.6664173120793],[-72.2196881699999,-38.6665422580793],[-72.2201898209999,-38.6677154210793]]]}},{"type":"Feature","properties":{"id":"9119011001025","commune":"Vilcún","code":"09119","gse":"C3","quintil":"Q2","nse_score":669.1,"educ":11.1,"educ_score":540.0,"hacin":0.914,"hacin_class":"Sin Hacinamiento","hacin_score":869.3,"auto_score":134.6,"n_per":64,"n_hog":24,"source_year":2024,"crime_score":0.16,"crime_nivel":"Medio","crime_color":"#ff9800"},"geometry":{"type":"Polygon","coordinates":[[[-72.2281168069999,-38.6665003590793],[-72.2255771719999,-38.6666759920793],[-72.2256764109999,-38.6676476410793],[-72.2268660869999,-38.6675815190793],[-72.2269188419999,-38.6672395860793],[-72.2269485669999,-38.6675706090793],[-72.2282208859999,-38.6674892780793],[-72.2281168069999,-38.6665003590793]]]}},{"type":"Feature","properties":{"id":"9119011001026","commune":"Vilcún","code":"09119","gse":"C2","quintil":"Q4","nse_score":736.3,"educ":13.1,"educ_score":673.3,"hacin":1.235,"hacin_class":"Hacinamiento Leve","hacin_score":801.2,"auto_score":122.2,"n_per":100,"n_hog":44,"source_year":2024,"crime_score":0.1568,"crime_nivel":"Medio","crime_color":"#ff9800"},"geometry":{"type":"Polygon","coordinates":[[[-72.2237957719999,-38.6667403450793],[-72.2236365709999,-38.6665073750793],[-72.2231876589999,-38.6666065590793],[-72.2234363459999,-38.6671234460793],[-72.2241168409999,-38.6671323410793],[-72.2227926399999,-38.6671708760793],[-72.223009928,-38.6678521020793],[-72.2255973289999,-38.6676729450793],[-72.2255131419999,-38.6666798990793],[-72.2237957719999,-38.6667403450793]]]}},{"type":"Feature","properties":{"id":"9119011001027","commune":"Vilcún","code":"09119","gse":"C2","quintil":"Q4","nse_score":766.0,"educ":13.6,"educ_score":706.7,"hacin":1.083,"hacin_class":"Hacinamiento Leve","hacin_score":833.3,"auto_score":125.0,"n_per":26,"n_hog":11,"source_year":2024,"crime_score":0.1487,"crime_nivel":"Medio","crime_color":"#ff9800"},"geometry":{"type":"Polygon","coordinates":[[[-72.2233574759999,-38.6671263330793],[-72.2231422099999,-38.6666073200793],[-72.2226028249999,-38.6666756840793],[-72.2227406469999,-38.6671285000793],[-72.2233574759999,-38.6671263330793]]]}},{"type":"Feature","properties":{"id":"9119011001028","commune":"Vilcún","code":"09119","gse":"C2","quintil":"Q4","nse_score":751.4,"educ":13.3,"educ_score":686.7,"hacin":1.208,"hacin_class":"Hacinamiento Leve","hacin_score":806.9,"auto_score":115.4,"n_per":64,"n_hog":27,"source_year":2024,"crime_score":0.1528,"crime_nivel":"Medio","crime_color":"#ff9800"},"geometry":{"type":"Polygon","coordinates":[[[-72.2229166229999,-38.6678599550793],[-72.2225303199999,-38.6666874890793],[-72.2221484639999,-38.6667171520793],[-72.2225533309999,-38.6678749890793],[-72.2229166229999,-38.6678599550793]]]}},{"type":"Feature","properties":{"id":"9119011001029","commune":"Vilcún","code":"09119","gse":"C2","quintil":"Q4","nse_score":762.8,"educ":14.1,"educ_score":740.0,"hacin":1.277,"hacin_class":"Hacinamiento Leve","hacin_score":792.2,"auto_score":229.2,"n_per":60,"n_hog":23,"source_year":2024,"crime_score":0.1515,"crime_nivel":"Medio","crime_color":"#ff9800"},"geometry":{"type":"Polygon","coordinates":[[[-72.2224905689999,-38.6678716590793],[-72.2220499939999,-38.6667546660793],[-72.2217429429999,-38.6668135240793],[-72.2221520249999,-38.6679050760793],[-72.2224905689999,-38.6678716590793]]]}},{"type":"Feature","properties":{"id":"9119011001030","commune":"Vilcún","code":"09119","gse":"C3","quintil":"Q2","nse_score":682.0,"educ":11.7,"educ_score":580.0,"hacin":1.316,"hacin_class":"Hacinamiento Leve","hacin_score":783.9,"auto_score":129.6,"n_per":75,"n_hog":27,"source_year":2024,"crime_score":0.1597,"crime_nivel":"Medio","crime_color":"#ff9800"},"geometry":{"type":"Polygon","coordinates":[[[-72.2220562269999,-38.6679275190793],[-72.2216585309999,-38.6668549690793],[-72.2213269849999,-38.6669067160793],[-72.2216993509999,-38.6679101000793],[-72.2220562269999,-38.6679275190793]]]}},{"type":"Feature","properties":{"id":"9119011001031","commune":"Vilcún","code":"09119","gse":"C3","quintil":"Q3","nse_score":686.1,"educ":11.6,"educ_score":573.3,"hacin":1.179,"hacin_class":"Hacinamiento Leve","hacin_score":813.0,"auto_score":161.3,"n_per":79,"n_hog":31,"source_year":2024,"crime_score":0.1596,"crime_nivel":"Medio","crime_color":"#ff9800"},"geometry":{"type":"Polygon","coordinates":[[[-72.2216198549999,-38.6679405140793],[-72.2212405829999,-38.6669508870793],[-72.2209476599999,-38.6669931120793],[-72.2212732199999,-38.6679556230793],[-72.2216198549999,-38.6679405140793]]]}},{"type":"Feature","properties":{"id":"9119011001034","commune":"Vilcún","code":"09119","gse":"C3","quintil":"Q3","nse_score":698.8,"educ":11.1,"educ_score":540.0,"hacin":1.292,"hacin_class":"Hacinamiento Leve","hacin_score":789.0,"auto_score":115.4,"n_per":31,"n_hog":13,"source_year":2024,"crime_score":0.1548,"crime_nivel":"Medio","crime_color":"#ff9800"},"geometry":{"type":"Polygon","coordinates":[[[-72.2257135199999,-38.6687170550793],[-72.225617628,-38.6677329540793],[-72.2243706349999,-38.6678391000793],[-72.2244983209999,-38.6688065720793],[-72.2257135199999,-38.6687170550793]]]}},{"type":"Feature","properties":{"id":"9119011001035","commune":"Vilcún","code":"09119","gse":"C3","quintil":"Q3","nse_score":697.2,"educ":11.0,"educ_score":533.3,"hacin":1.179,"hacin_class":"Hacinamiento Leve","hacin_score":813.1,"auto_score":33.3,"n_per":33,"n_hog":15,"source_year":2024,"crime_score":0.1551,"crime_nivel":"Medio","crime_color":"#ff9800"},"geometry":{"type":"Polygon","coordinates":[[[-72.224246966,-38.6678393470793],[-72.2230341629999,-38.6679371240793],[-72.2231347889999,-38.6688997270793],[-72.2243864789999,-38.6688152220793],[-72.224246966,-38.6678393470793]]]}},{"type":"Feature","properties":{"id":"9119011001036","commune":"Vilcún","code":"09119","gse":"C3","quintil":"Q3","nse_score":696.6,"educ":11.9,"educ_score":593.3,"hacin":1.147,"hacin_class":"Hacinamiento Leve","hacin_score":819.8,"auto_score":66.7,"n_per":39,"n_hog":13,"source_year":2024,"crime_score":0.1556,"crime_nivel":"Medio","crime_color":"#ff9800"},"geometry":{"type":"Polygon","coordinates":[[[-72.2218425069999,-38.6689566320793],[-72.2230606109999,-38.6688770640793],[-72.2229702419999,-38.6679654630793],[-72.2223983759999,-38.6679943670793],[-72.2224177379999,-38.6684587430793],[-72.222329725,-38.6679962240793],[-72.221770063,-38.6680190320793],[-72.2218425069999,-38.6689566320793]]]}},{"type":"Feature","properties":{"id":"9119011001037","commune":"Vilcún","code":"09119","gse":"D","quintil":"Q2","nse_score":645.6,"educ":9.9,"educ_score":460.0,"hacin":0.959,"hacin_class":"Sin Hacinamiento","hacin_score":859.7,"auto_score":74.1,"n_per":47,"n_hog":26,"source_year":2024,"crime_score":0.1607,"crime_nivel":"Medio","crime_color":"#ff9800"},"geometry":{"type":"Polygon","coordinates":[[[-72.221034228,-38.6684303690793],[-72.2209617099999,-38.6680601230793],[-72.220377675,-38.6681175450793],[-72.2205254549999,-38.6689149740793],[-72.2217392289999,-38.6689532120793],[-72.2216110649999,-38.6680791830793],[-72.2210764949999,-38.6680561260793],[-72.221034228,-38.6684303690793]]]}},{"type":"Feature","properties":{"id":"9119011001038","commune":"Vilcún","code":"09119","gse":"C3","quintil":"Q3","nse_score":696.3,"educ":11.5,"educ_score":566.7,"hacin":1.0,"hacin_class":"Hacinamiento Leve","hacin_score":851.1,"auto_score":71.4,"n_per":17,"n_hog":7,"source_year":2024,"crime_score":0.154,"crime_nivel":"Medio","crime_color":"#ff9800"},"geometry":{"type":"Polygon","coordinates":[[[-72.2203596239999,-38.6688730240793],[-72.2202497409999,-38.6680995630793],[-72.2194410109999,-38.6682276430793],[-72.2196451369999,-38.6688444160793],[-72.2203596239999,-38.6688730240793]]]}},{"type":"Feature","properties":{"id":"9119011001039","commune":"Vilcún","code":"09119","gse":"E","quintil":"Q1","nse_score":610.1,"educ":9.7,"educ_score":446.7,"hacin":1.267,"hacin_class":"Hacinamiento Leve","hacin_score":794.3,"auto_score":137.9,"n_per":76,"n_hog":29,"source_year":2024,"crime_score":0.1661,"crime_nivel":"Medio","crime_color":"#ff9800"},"geometry":{"type":"Polygon","coordinates":[[[-72.2350109519999,-38.6681344530793],[-72.2284393409999,-38.6685997560793],[-72.2285572209999,-38.6696069360793],[-72.2340281379999,-38.6692063620793],[-72.2339756229999,-38.6688141750793],[-72.234057274,-38.6688019640793],[-72.2340927209999,-38.6692012250793],[-72.2345590929999,-38.6691641180793],[-72.2345535769999,-38.6688673750793],[-72.2346276449999,-38.6691436040793],[-72.2351760669999,-38.6689794980793],[-72.2350109519999,-38.6681344530793]]]}},{"type":"Feature","properties":{"id":"9119011001040","commune":"Vilcún","code":"09119","gse":"C2","quintil":"Q3","nse_score":712.6,"educ":11.9,"educ_score":593.3,"hacin":1.667,"hacin_class":"Hacinamiento Medio","hacin_score":709.2,"auto_score":62.5,"n_per":20,"n_hog":8,"source_year":2024,"crime_score":0.1528,"crime_nivel":"Medio","crime_color":"#ff9800"},"geometry":{"type":"Polygon","coordinates":[[[-72.2257996289999,-38.6687816710793],[-72.2259234739999,-38.6697873230793],[-72.2284318369999,-38.6696122010793],[-72.2283129469999,-38.6685955900793],[-72.2257996289999,-38.6687816710793]]]}},{"type":"Feature","properties":{"id":"9119011001041","commune":"Vilcún","code":"09119","gse":"D","quintil":"Q1","nse_score":632.1,"educ":10.4,"educ_score":493.3,"hacin":1.423,"hacin_class":"Hacinamiento Leve","hacin_score":761.0,"auto_score":32.3,"n_per":74,"n_hog":29,"source_year":2024,"crime_score":0.164,"crime_nivel":"Medio","crime_color":"#ff9800"},"geometry":{"type":"Polygon","coordinates":[[[-72.235327449,-38.6693209300793],[-72.2359282709999,-38.6693546230793],[-72.2360206799999,-38.6702981640793],[-72.2358722219999,-38.6703040980793],[-72.2361253979999,-38.6719192040793],[-72.2367053919999,-38.6720441260793],[-72.236134321,-38.6720441260793],[-72.2360629379999,-38.6719519220793],[-72.2358036839999,-38.6703068380793],[-72.2347667409999,-38.6703519830793],[-72.2349451859999,-38.6722588720793],[-72.2345620929999,-38.6725563050793],[-72.2348952169999,-38.6721708320793],[-72.234699814,-38.6703639270793],[-72.2343599299999,-38.6703812120793],[-72.2342170129999,-38.6723172850793],[-72.234370495,-38.6725575360793],[-72.2342413489999,-38.6726591980793],[-72.2343359019999,-38.6728054220793],[-72.2348718189999,-38.6731977050793],[-72.2352196309999,-38.6732713830793],[-72.236258974,-38.6731650680793],[-72.2369734469999,-38.6729157670793],[-72.2379195199999,-38.6731145950793],[-72.2386165749999,-38.6728570810793],[-72.2391165759999,-38.6728803760793],[-72.2378309039999,-38.6686160130793],[-72.2358175109999,-38.6687473200793],[-72.2352950099999,-38.6690405570793],[-72.235327449,-38.6693209300793]]]}},{"type":"Feature","properties":{"id":"9119011001042","commune":"Vilcún","code":"09119","gse":"C2","quintil":"Q3","nse_score":713.7,"educ":11.4,"educ_score":560.0,"hacin":1.357,"hacin_class":"Hacinamiento Leve","hacin_score":775.1,"auto_score":71.4,"n_per":19,"n_hog":7,"source_year":2024,"crime_score":0.1527,"crime_nivel":"Medio","crime_color":"#ff9800"},"geometry":{"type":"Polygon","coordinates":[[[-72.2257134509999,-38.6687789080793],[-72.2244996849999,-38.6688842940793],[-72.2246055399999,-38.6698778140793],[-72.2258323069999,-38.6698045890793],[-72.2257134509999,-38.6687789080793]]]}},{"type":"Feature","properties":{"id":"9119011001043","commune":"Vilcún","code":"09119","gse":"C2","quintil":"Q4","nse_score":756.0,"educ":11.8,"educ_score":586.7,"hacin":1.105,"hacin_class":"Hacinamiento Leve","hacin_score":828.7,"auto_score":90.9,"n_per":21,"n_hog":11,"source_year":2024,"crime_score":0.1492,"crime_nivel":"Medio","crime_color":"#ff9800"},"geometry":{"type":"Polygon","coordinates":[[[-72.2231562229999,-38.6689582760793],[-72.223263475,-38.6699837720793],[-72.2245098519999,-38.6698835010793],[-72.2244041379999,-38.6688781770793],[-72.2231562229999,-38.6689582760793]]]}},{"type":"Feature","properties":{"id":"9119011001044","commune":"Vilcún","code":"09119","gse":"C2","quintil":"Q4","nse_score":757.2,"educ":12.4,"educ_score":626.7,"hacin":1.177,"hacin_class":"Hacinamiento Leve","hacin_score":813.5,"auto_score":250.0,"n_per":20,"n_hog":8,"source_year":2024,"crime_score":0.149,"crime_nivel":"Medio","crime_color":"#ff9800"},"geometry":{"type":"Polygon","coordinates":[[[-72.2205431779999,-38.6701190200793],[-72.2204270409999,-38.6690254280793],[-72.2196696319999,-38.6689746970793],[-72.2197713399999,-38.6701648220793],[-72.2205431779999,-38.6701190200793]]]}},{"type":"Feature","properties":{"id":"9119011001045","commune":"Vilcún","code":"09119","gse":"D","quintil":"Q2","nse_score":644.0,"educ":10.1,"educ_score":473.3,"hacin":0.786,"hacin_class":"Sin Hacinamiento","hacin_score":896.7,"auto_score":142.9,"n_per":11,"n_hog":6,"source_year":2024,"crime_score":0.158,"crime_nivel":"Medio","crime_color":"#ff9800"},"geometry":{"type":"Polygon","coordinates":[[[-72.221888986,-38.6700145790793],[-72.2217013459999,-38.6690536230793],[-72.2205152999999,-38.6690223670793],[-72.2206386819999,-38.6701113610793],[-72.221888986,-38.6700145790793]]]}},{"type":"Feature","properties":{"id":"9119011001046","commune":"Vilcún","code":"09119","gse":"C2","quintil":"Q3","nse_score":721.2,"educ":11.9,"educ_score":593.3,"hacin":1.0,"hacin_class":"Hacinamiento Leve","hacin_score":851.1,"auto_score":71.4,"n_per":23,"n_hog":14,"source_year":2024,"crime_score":0.1523,"crime_nivel":"Medio","crime_color":"#ff9800"},"geometry":{"type":"Polygon","coordinates":[[[-72.2231496589999,-38.6699214700793],[-72.223028429,-38.6689907380793],[-72.2218623079999,-38.6691046430793],[-72.2220391629999,-38.6700362690793],[-72.2231496589999,-38.6699214700793]]]}},{"type":"Feature","properties":{"id":"9119011001047","commune":"Vilcún","code":"09119","gse":"D","quintil":"Q1","nse_score":615.3,"educ":9.7,"educ_score":446.7,"hacin":1.467,"hacin_class":"Hacinamiento Leve","hacin_score":751.8,"auto_score":0.0,"n_per":22,"n_hog":8,"source_year":2024,"crime_score":0.1613,"crime_nivel":"Medio","crime_color":"#ff9800"},"geometry":{"type":"Polygon","coordinates":[[[-72.234752667,-38.6702829420793],[-72.2353364139999,-38.6702557150793],[-72.2352100859999,-38.6690886460793],[-72.2346424779999,-38.6692255110793],[-72.234752667,-38.6702829420793]]]}},{"type":"Feature","properties":{"id":"9119011001048","commune":"Vilcún","code":"09119","gse":"D","quintil":"Q1","nse_score":633.5,"educ":9.4,"educ_score":426.7,"hacin":1.353,"hacin_class":"Hacinamiento Leve","hacin_score":776.0,"auto_score":0.0,"n_per":23,"n_hog":10,"source_year":2024,"crime_score":0.1598,"crime_nivel":"Medio","crime_color":"#ff9800"},"geometry":{"type":"Polygon","coordinates":[[[-72.2338759559999,-38.6703249940793],[-72.234669246,-38.6702868320793],[-72.2345397489999,-38.6692381090793],[-72.2337701499999,-38.6693100710793],[-72.2338759559999,-38.6703249940793]]]}},{"type":"Feature","properties":{"id":"9119011001049","commune":"Vilcún","code":"09119","gse":"D","quintil":"Q1","nse_score":642.0,"educ":9.6,"educ_score":440.0,"hacin":1.393,"hacin_class":"Hacinamiento Leve","hacin_score":767.5,"auto_score":142.9,"n_per":39,"n_hog":14,"source_year":2024,"crime_score":0.1604,"crime_nivel":"Medio","crime_color":"#ff9800"},"geometry":{"type":"Polygon","coordinates":[[[-72.2329857949999,-38.6703639870793],[-72.2337999459999,-38.6703284200793],[-72.2336999219999,-38.6693084100793],[-72.2329241299999,-38.6693752120793],[-72.2329857949999,-38.6703639870793]]]}},{"type":"Feature","properties":{"id":"9119011001050","commune":"Vilcún","code":"09119","gse":"C2","quintil":"Q4","nse_score":722.9,"educ":11.3,"educ_score":553.3,"hacin":1.111,"hacin_class":"Hacinamiento Leve","hacin_score":827.4,"auto_score":66.7,"n_per":40,"n_hog":15,"source_year":2024,"crime_score":0.1534,"crime_nivel":"Medio","crime_color":"#ff9800"},"geometry":{"type":"Polygon","coordinates":[[[-72.2322605479999,-38.6703956660793],[-72.2328902939999,-38.6703681590793],[-72.2328215939999,-38.6693828030793],[-72.2321883479999,-38.6694257100793],[-72.2322605479999,-38.6703956660793]]]}},{"type":"Feature","properties":{"id":"9119011001051","commune":"Vilcún","code":"09119","gse":"C3","quintil":"Q2","nse_score":679.4,"educ":11.1,"educ_score":540.0,"hacin":1.5,"hacin_class":"Hacinamiento Medio","hacin_score":744.7,"auto_score":250.0,"n_per":30,"n_hog":10,"source_year":2024,"crime_score":0.1564,"crime_nivel":"Medio","crime_color":"#ff9800"},"geometry":{"type":"Polygon","coordinates":[[[-72.2358720069999,-38.6694153130793],[-72.235344445,-38.6694447750793],[-72.2354313469999,-38.6702551770793],[-72.2359548289999,-38.6702400360793],[-72.2358720069999,-38.6694153130793]]]}},{"type":"Feature","properties":{"id":"9119011001052","commune":"Vilcún","code":"09119","gse":"D","quintil":"Q2","nse_score":648.7,"educ":9.6,"educ_score":440.0,"hacin":1.25,"hacin_class":"Hacinamiento Leve","hacin_score":797.9,"auto_score":125.0,"n_per":25,"n_hog":12,"source_year":2024,"crime_score":0.1587,"crime_nivel":"Medio","crime_color":"#ff9800"},"geometry":{"type":"Polygon","coordinates":[[[-72.2313413979999,-38.6704384640793],[-72.2321429859999,-38.6704008010793],[-72.2320814799999,-38.6694329500793],[-72.2312508969999,-38.6694877700793],[-72.2313413979999,-38.6704384640793]]]}},{"type":"Feature","properties":{"id":"9119011001053","commune":"Vilcún","code":"09119","gse":"C3","quintil":"Q2","nse_score":676.8,"educ":10.2,"educ_score":480.0,"hacin":1.125,"hacin_class":"Hacinamiento Leve","hacin_score":824.5,"auto_score":62.5,"n_per":36,"n_hog":16,"source_year":2024,"crime_score":0.1571,"crime_nivel":"Medio","crime_color":"#ff9800"},"geometry":{"type":"Polygon","coordinates":[[[-72.2312365109999,-38.6704434710793],[-72.2311368989999,-38.6694881860793],[-72.229958113,-38.6695654600793],[-72.2302536199999,-38.6704926280793],[-72.2312365109999,-38.6704434710793]]]}},{"type":"Feature","properties":{"id":"9119011001054","commune":"Vilcún","code":"09119","gse":"C2","quintil":"Q3","nse_score":716.8,"educ":11.7,"educ_score":580.0,"hacin":1.15,"hacin_class":"Hacinamiento Leve","hacin_score":819.1,"auto_score":173.9,"n_per":69,"n_hog":22,"source_year":2024,"crime_score":0.1562,"crime_nivel":"Medio","crime_color":"#ff9800"},"geometry":{"type":"Polygon","coordinates":[[[-72.2301458629999,-38.6704967170793],[-72.2298493849999,-38.6695678930793],[-72.2285543259999,-38.6696774630793],[-72.2286468499999,-38.6706029810793],[-72.2301458629999,-38.6704967170793]]]}},{"type":"Feature","properties":{"id":"9119011001055","commune":"Vilcún","code":"09119","gse":"C2","quintil":"Q3","nse_score":718.6,"educ":11.8,"educ_score":586.7,"hacin":1.074,"hacin_class":"Hacinamiento Leve","hacin_score":835.3,"auto_score":41.7,"n_per":29,"n_hog":12,"source_year":2024,"crime_score":0.153,"crime_nivel":"Medio","crime_color":"#ff9800"},"geometry":{"type":"Polygon","coordinates":[[[-72.2285396269999,-38.6706271690793],[-72.2284837109999,-38.6696858090793],[-72.2272728059999,-38.6697673020793],[-72.227349693,-38.6707048510793],[-72.2285396269999,-38.6706271690793]]]}},{"type":"Feature","properties":{"id":"9119011001056","commune":"Vilcún","code":"09119","gse":"C2","quintil":"Q4","nse_score":762.3,"educ":12.7,"educ_score":646.7,"hacin":1.138,"hacin_class":"Hacinamiento Leve","hacin_score":821.7,"auto_score":71.4,"n_per":33,"n_hog":14,"source_year":2024,"crime_score":0.1495,"crime_nivel":"Medio","crime_color":"#ff9800"},"geometry":{"type":"Polygon","coordinates":[[[-72.2272552509999,-38.6707187410793],[-72.2271638839999,-38.6697747380793],[-72.2259406019999,-38.6698897350793],[-72.2260358749999,-38.6708116570793],[-72.2272552509999,-38.6707187410793]]]}},{"type":"Feature","properties":{"id":"9119011001057","commune":"Vilcún","code":"09119","gse":"ABC1","quintil":"Q5","nse_score":858.2,"educ":15.7,"educ_score":846.7,"hacin":0.778,"hacin_class":"Sin Hacinamiento","hacin_score":898.3,"auto_score":0.0,"n_per":7,"n_hog":4,"source_year":2024,"crime_score":0.1395,"crime_nivel":"Medio","crime_color":"#ff9800"},"geometry":{"type":"Polygon","coordinates":[[[-72.2259408529999,-38.6708178800793],[-72.2258268659999,-38.6698822680793],[-72.2246453349999,-38.6699604370793],[-72.2247625919999,-38.6708950370793],[-72.2259408529999,-38.6708178800793]]]}},{"type":"Feature","properties":{"id":"9119011001059","commune":"Vilcún","code":"09119","gse":"D","quintil":"Q1","nse_score":627.8,"educ":8.0,"educ_score":333.3,"hacin":0.7,"hacin_class":"Sin Hacinamiento","hacin_score":914.9,"auto_score":0.0,"n_per":7,"n_hog":5,"source_year":2024,"crime_score":0.159,"crime_nivel":"Medio","crime_color":"#ff9800"},"geometry":{"type":"Polygon","coordinates":[[[-72.2232596449999,-38.6710747430793],[-72.2231506809999,-38.6700886510793],[-72.2220245549999,-38.6701447950793],[-72.2220782499999,-38.6708725980793],[-72.2224021599999,-38.6711015870793],[-72.2222098309999,-38.6717277760793],[-72.2230555749999,-38.6721304780793],[-72.2232596449999,-38.6710747430793]]]}},{"type":"Feature","properties":{"id":"9119011001060","commune":"Vilcún","code":"09119","gse":"D","quintil":"Q1","nse_score":638.6,"educ":9.6,"educ_score":440.0,"hacin":1.333,"hacin_class":"Hacinamiento Leve","hacin_score":780.1,"auto_score":0.0,"n_per":16,"n_hog":7,"source_year":2024,"crime_score":0.1588,"crime_nivel":"Medio","crime_color":"#ff9800"},"geometry":{"type":"Polygon","coordinates":[[[-72.2207233399999,-38.6709109260793],[-72.2205229049999,-38.6709380260793],[-72.2205415629999,-38.6710865940793],[-72.2219551969999,-38.6708570830793],[-72.2219014609999,-38.6701942790793],[-72.2207026959999,-38.6702223550793],[-72.2207233399999,-38.6709109260793]]]}},{"type":"Feature","properties":{"id":"9119011001061","commune":"Vilcún","code":"09119","gse":"C3","quintil":"Q2","nse_score":667.8,"educ":10.2,"educ_score":480.0,"hacin":1.35,"hacin_class":"Hacinamiento Leve","hacin_score":776.6,"auto_score":0.0,"n_per":27,"n_hog":7,"source_year":2024,"crime_score":0.1572,"crime_nivel":"Medio","crime_color":"#ff9800"},"geometry":{"type":"Polygon","coordinates":[[[-72.2205805799999,-38.6708424470793],[-72.2204950409999,-38.6702385430793],[-72.2198108499999,-38.6703155740793],[-72.2198835059999,-38.6708804590793],[-72.2205805799999,-38.6708424470793]]]}},{"type":"Feature","properties":{"id":"9119011001062","commune":"Vilcún","code":"09119","gse":"D","quintil":"Q2","nse_score":643.7,"educ":10.8,"educ_score":520.0,"hacin":1.468,"hacin_class":"Hacinamiento Leve","hacin_score":751.5,"auto_score":173.5,"n_per":138,"n_hog":46,"source_year":2024,"crime_score":0.168,"crime_nivel":"Medio","crime_color":"#ff9800"},"geometry":{"type":"Polygon","coordinates":[[[-72.2313984259999,-38.6719659350793],[-72.2326950629999,-38.6717402410793],[-72.2325168349999,-38.6704749250793],[-72.2291826409999,-38.6706505400793],[-72.2291784409999,-38.6711082380793],[-72.2291137919999,-38.6706583300793],[-72.2286458789999,-38.6706882650793],[-72.2287518529999,-38.6715339540793],[-72.2294193629999,-38.6713873710793],[-72.2289111109999,-38.6716029500793],[-72.2286879779999,-38.6715192200793],[-72.228576545,-38.6707085600793],[-72.2273449099999,-38.6707707910793],[-72.2273635949999,-38.6717106050793],[-72.228017958,-38.6712203760793],[-72.2284351229999,-38.6715061710793],[-72.2286385979999,-38.6719365760793],[-72.2291379129999,-38.6723049830793],[-72.2315548999999,-38.6727878420793],[-72.2331052129999,-38.6729165730793],[-72.2334838469999,-38.6728179800793],[-72.2334059469999,-38.6724561690793],[-72.2335484719999,-38.6722239270793],[-72.2341768929999,-38.6722797680793],[-72.2343130629999,-38.6703835960793],[-72.2331451559999,-38.6704429770793],[-72.2334034689999,-38.6726589060792],[-72.2332227759999,-38.6720143970793],[-72.2330760489999,-38.6704464920793],[-72.2325856829999,-38.6704714240793],[-72.2327587179999,-38.6717814020793],[-72.2313984259999,-38.6719659350793]]]}},{"type":"Feature","properties":{"id":"9119011001063","commune":"Vilcún","code":"09119","gse":"C3","quintil":"Q3","nse_score":692.0,"educ":10.7,"educ_score":513.3,"hacin":1.353,"hacin_class":"Hacinamiento Leve","hacin_score":776.0,"auto_score":173.1,"n_per":69,"n_hog":26,"source_year":2024,"crime_score":0.1583,"crime_nivel":"Medio","crime_color":"#ff9800"},"geometry":{"type":"Polygon","coordinates":[[[-72.2273635949999,-38.6717106050793],[-72.2272642309999,-38.6707688770793],[-72.2260373229999,-38.6708747830793],[-72.2261387929999,-38.6719300300793],[-72.2246941789999,-38.6720212600793],[-72.2246936239999,-38.6719386640793],[-72.2254043429999,-38.6718907000793],[-72.2253309749999,-38.6709157890793],[-72.2233676799999,-38.6710693060793],[-72.2231492159999,-38.6721816460793],[-72.22368266,-38.6724913760793],[-72.2251484589999,-38.6727783270793],[-72.2256458549999,-38.6723064390793],[-72.2269715279999,-38.6719725550793],[-72.2273635949999,-38.6717106050793]]]}},{"type":"Feature","properties":{"id":"9119011001064","commune":"Vilcún","code":"09119","gse":"C2","quintil":"Q4","nse_score":773.4,"educ":12.9,"educ_score":660.0,"hacin":1.067,"hacin_class":"Hacinamiento Leve","hacin_score":836.9,"auto_score":333.3,"n_per":32,"n_hog":12,"source_year":2024,"crime_score":0.1485,"crime_nivel":"Medio","crime_color":"#ff9800"},"geometry":{"type":"Polygon","coordinates":[[[-72.2260481569999,-38.6718466920793],[-72.225947157,-38.6708797770793],[-72.2254138509999,-38.6709093080793],[-72.225489707,-38.6718829770793],[-72.2260481569999,-38.6718466920793]]]}},{"type":"Feature","properties":{"id":"9119011001032","commune":"Vilcún","code":"09119","gse":"E","quintil":"Q1","nse_score":591.6,"educ":9.4,"educ_score":426.7,"hacin":1.538,"hacin_class":"Hacinamiento Medio","hacin_score":736.5,"auto_score":0.0,"n_per":20,"n_hog":6,"source_year":2024,"crime_score":0.1632,"crime_nivel":"Medio","crime_color":"#ff9800"},"geometry":{"type":"MultiPolygon","coordinates":[[[[-72.225684198,-38.6677293150793],[-72.2257831089999,-38.6687095340793],[-72.2270277889999,-38.6686361380793],[-72.2268796709999,-38.6676547520793],[-72.225684198,-38.6677293150793]]],[[[-72.2269730829999,-38.6676441020793],[-72.2271157369999,-38.6686253580793],[-72.2283228169999,-38.6685339000793],[-72.228213105,-38.6675491380793],[-72.2269730829999,-38.6676441020793]]]]}},{"type":"Feature","properties":{"id":"9119011002001","commune":"Vilcún","code":"09119","gse":"C2","quintil":"Q4","nse_score":736.4,"educ":13.4,"educ_score":693.3,"hacin":1.423,"hacin_class":"Hacinamiento Leve","hacin_score":761.0,"auto_score":153.8,"n_per":37,"n_hog":13,"source_year":2024,"crime_score":0.1521,"crime_nivel":"Medio","crime_color":"#ff9800"},"geometry":{"type":"Polygon","coordinates":[[[-72.2144227269999,-38.6677363240793],[-72.2140308699999,-38.6678605650793],[-72.2143300199999,-38.6687399760793],[-72.2195564719999,-38.6691213230793],[-72.2195259459999,-38.6687477730793],[-72.2188843559999,-38.6671885190793],[-72.2159412389999,-38.6679161990793],[-72.2159182309999,-38.6684340160793],[-72.2158031939999,-38.6683884430793],[-72.2147370089999,-38.6658128910793],[-72.2137936239999,-38.6659020830793],[-72.2142500849999,-38.6671287500793],[-72.2144227269999,-38.6677363240793]]]}},{"type":"Feature","properties":{"id":"9119011002002","commune":"Vilcún","code":"09119","gse":"C2","quintil":"Q4","nse_score":761.8,"educ":13.9,"educ_score":726.7,"hacin":1.067,"hacin_class":"Hacinamiento Leve","hacin_score":836.9,"auto_score":100.0,"n_per":16,"n_hog":5,"source_year":2024,"crime_score":0.1483,"crime_nivel":"Medio","crime_color":"#ff9800"},"geometry":{"type":"Polygon","coordinates":[[[-72.2139498159999,-38.6677259550793],[-72.2138923279999,-38.6678673760793],[-72.2140232939999,-38.6682958840793],[-72.2142475559999,-38.6686759940793],[-72.2139877699999,-38.6678357870793],[-72.2140168349999,-38.6677417810793],[-72.2143506299999,-38.6677299280793],[-72.2140011669999,-38.6665885510793],[-72.2137239729999,-38.6659086670793],[-72.2131485569999,-38.6659630660793],[-72.2132849569999,-38.6666050470793],[-72.2135489359999,-38.6668249900793],[-72.2135879109999,-38.6671374910793],[-72.2139498159999,-38.6677259550793]]]}},{"type":"Feature","properties":{"id":"9119011002003","commune":"Vilcún","code":"09119","gse":"C1","quintil":"Q5","nse_score":784.5,"educ":15.2,"educ_score":813.3,"hacin":1.2,"hacin_class":"Hacinamiento Leve","hacin_score":808.5,"auto_score":250.0,"n_per":18,"n_hog":5,"source_year":2024,"crime_score":0.1465,"crime_nivel":"Medio","crime_color":"#ff9800"},"geometry":{"type":"Polygon","coordinates":[[[-72.2054326429999,-38.6704330730793],[-72.2068951909999,-38.6707338600793],[-72.2069709989999,-38.6702307330793],[-72.2072229489999,-38.6700227210793],[-72.2069852449999,-38.6694152330793],[-72.2066990739999,-38.6693504330793],[-72.2062691359999,-38.6681935150793],[-72.2055979199999,-38.6681496230793],[-72.2058714889999,-38.6689539100793],[-72.2057909849999,-38.6689717440793],[-72.205504501,-38.6681434870793],[-72.203944083,-38.6680370580793],[-72.2042702499999,-38.6689637730793],[-72.2048696589999,-38.6690081140793],[-72.2054326429999,-38.6704330730793]]]}},{"type":"Feature","properties":{"id":"9119011002004","commune":"Vilcún","code":"09119","gse":"C2","quintil":"Q3","nse_score":712.2,"educ":12.1,"educ_score":606.7,"hacin":1.241,"hacin_class":"Hacinamiento Leve","hacin_score":799.7,"auto_score":203.7,"n_per":72,"n_hog":27,"source_year":2024,"crime_score":0.1568,"crime_nivel":"Medio","crime_color":"#ff9800"},"geometry":{"type":"Polygon","coordinates":[[[-72.2198565429999,-38.6712422110793],[-72.2191263599999,-38.6712901200793],[-72.2181426859999,-38.6716227990793],[-72.2174942199999,-38.6713490240793],[-72.21737264,-38.6710389160793],[-72.2166109629999,-38.6704691910793],[-72.2157411459999,-38.6701622060793],[-72.2148057789999,-38.6701678470793],[-72.2127072579999,-38.6697171000793],[-72.2121607619999,-38.6694681060793],[-72.2118133069999,-38.6694854660793],[-72.2115674879999,-38.6694129170793],[-72.2114582069999,-38.6690255930793],[-72.2106854549999,-38.6690430600793],[-72.2092923909999,-38.6695330190793],[-72.2090058109999,-38.6692624280793],[-72.2086828489999,-38.6683972880793],[-72.2063187539999,-38.6681967540793],[-72.206745339,-38.6692821960793],[-72.2070160949999,-38.6693809270793],[-72.2072757179999,-38.6700057070793],[-72.2089310089999,-38.6696114770793],[-72.2102580619999,-38.6696460210793],[-72.2125279979999,-38.6703699850793],[-72.2149651629999,-38.6708238240793],[-72.2158339029999,-38.6712509380793],[-72.2169021229999,-38.6725027920793],[-72.2199817669999,-38.6718561340793],[-72.2198565429999,-38.6712422110793]]]}},{"type":"Feature","properties":{"id":"9119011002005","commune":"Vilcún","code":"09119","gse":"C3","quintil":"Q3","nse_score":685.7,"educ":11.2,"educ_score":546.7,"hacin":1.402,"hacin_class":"Hacinamiento Leve","hacin_score":765.6,"auto_score":93.2,"n_per":157,"n_hog":59,"source_year":2024,"crime_score":0.1656,"crime_nivel":"Medio","crime_color":"#ff9800"},"geometry":{"type":"Polygon","coordinates":[[[-72.219836702,-38.6711449380793],[-72.2195551339999,-38.6692300160793],[-72.2184272689999,-38.6691336480793],[-72.219080431,-38.6709325200793],[-72.2189780279999,-38.6709500170793],[-72.218756761,-38.6703726890793],[-72.2176602639999,-38.6704737210793],[-72.218730031,-38.6703118830793],[-72.2183011089999,-38.6691212920793],[-72.215931457,-38.6689398170793],[-72.2159091609999,-38.6697208550793],[-72.2158058179999,-38.6697121410793],[-72.2158445349999,-38.6689189890793],[-72.2087857009999,-38.6684053870793],[-72.2091055919999,-38.6692136750793],[-72.209433353,-38.6694414110793],[-72.2106315519999,-38.6689246370793],[-72.2113945049999,-38.6689252510793],[-72.2121546839999,-38.6692864460793],[-72.2127240019999,-38.6693615990793],[-72.2129303299999,-38.6696268870793],[-72.2135101049999,-38.6697889470793],[-72.2143760189999,-38.6699794630793],[-72.2157138879999,-38.6700216370793],[-72.2167265109999,-38.6703237310793],[-72.2171378299999,-38.6705920830793],[-72.2172502049999,-38.6709053450793],[-72.2174746679999,-38.6709550590793],[-72.2176093209999,-38.6712777250793],[-72.2179180759999,-38.6714891750793],[-72.219836702,-38.6711449380793]]]}},{"type":"Feature","properties":{"id":"9119011002006","commune":"Vilcún","code":"09119","gse":"D","quintil":"Q2","nse_score":654.5,"educ":10.8,"educ_score":520.0,"hacin":1.5,"hacin_class":"Hacinamiento Medio","hacin_score":744.7,"auto_score":192.3,"n_per":93,"n_hog":35,"source_year":2024,"crime_score":0.1635,"crime_nivel":"Medio","crime_color":"#ff9800"},"geometry":{"type":"Polygon","coordinates":[[[-72.2069691829999,-38.6707753080793],[-72.2086037559999,-38.6711627590793],[-72.2099086269999,-38.6711209400793],[-72.2125108029999,-38.6714339840793],[-72.214026396,-38.6713982420793],[-72.2140244159999,-38.6717840160793],[-72.214506507,-38.6717507760793],[-72.2145183769999,-38.6714446830793],[-72.2145816679999,-38.6717584620793],[-72.2148995319999,-38.6717542910793],[-72.2149073729999,-38.6714914690793],[-72.2149857679999,-38.6717679780793],[-72.2152710679999,-38.6717694500793],[-72.215298549,-38.6714820330793],[-72.2153592799999,-38.6717670860793],[-72.2156411039999,-38.6717783910793],[-72.2157452609999,-38.6714801700793],[-72.2157625589999,-38.6717700490793],[-72.2161646569999,-38.6717715260793],[-72.2157377999999,-38.6712611540793],[-72.2149629829999,-38.6708800450793],[-72.2124978259999,-38.6704048210793],[-72.2104273559999,-38.6697174790793],[-72.2089546679999,-38.6696694740793],[-72.2072576819999,-38.6700528030793],[-72.2070633539999,-38.6702750790793],[-72.2069691829999,-38.6707753080793]]]}},{"type":"Feature","properties":{"id":"9119011002007","commune":"Vilcún","code":"09119","gse":"C2","quintil":"Q4","nse_score":728.2,"educ":11.7,"educ_score":580.0,"hacin":1.143,"hacin_class":"Hacinamiento Leve","hacin_score":820.7,"auto_score":150.0,"n_per":24,"n_hog":10,"source_year":2024,"crime_score":0.1518,"crime_nivel":"Medio","crime_color":"#ff9800"},"geometry":{"type":"Polygon","coordinates":[[[-72.2205539999999,-38.6711468330793],[-72.2212113839999,-38.6729872730793],[-72.2214788239999,-38.6729231840793],[-72.2216088409999,-38.6728347320793],[-72.2215226869999,-38.6724405110793],[-72.2219418559999,-38.6720901010793],[-72.2217971629999,-38.6718110810793],[-72.2219345029999,-38.6714062750793],[-72.2222063559999,-38.6713498950793],[-72.2222677539999,-38.6711416150793],[-72.2217099929999,-38.6709293160793],[-72.2205539999999,-38.6711468330793]]]}},{"type":"Feature","properties":{"id":"9119011002009","commune":"Vilcún","code":"09119","gse":"D","quintil":"Q2","nse_score":657.0,"educ":11.0,"educ_score":533.3,"hacin":1.182,"hacin_class":"Hacinamiento Leve","hacin_score":812.4,"auto_score":187.5,"n_per":13,"n_hog":8,"source_year":2024,"crime_score":0.157,"crime_nivel":"Medio","crime_color":"#ff9800"},"geometry":{"type":"Polygon","coordinates":[[[-72.2199499679999,-38.6712352330793],[-72.2200493839999,-38.6717577010793],[-72.2206361129999,-38.6716350140793],[-72.2204506269999,-38.6711619250793],[-72.2199499679999,-38.6712352330793]]]}},{"type":"Feature","properties":{"id":"9119011002010","commune":"Vilcún","code":"09119","gse":"E","quintil":"Q1","nse_score":582.4,"educ":8.5,"educ_score":366.7,"hacin":1.177,"hacin_class":"Hacinamiento Leve","hacin_score":813.5,"auto_score":41.7,"n_per":20,"n_hog":12,"source_year":2024,"crime_score":0.164,"crime_nivel":"Medio","crime_color":"#ff9800"},"geometry":{"type":"Polygon","coordinates":[[[-72.2206252849999,-38.6717151250793],[-72.220054693,-38.6718266050793],[-72.2202451509999,-38.6730879000793],[-72.2210926769999,-38.6728968080793],[-72.2206252849999,-38.6717151250793]]]}},{"type":"Feature","properties":{"id":"9119011002011","commune":"Vilcún","code":"09119","gse":"D","quintil":"Q2","nse_score":662.8,"educ":10.3,"educ_score":486.7,"hacin":1.253,"hacin_class":"Hacinamiento Leve","hacin_score":797.2,"auto_score":137.3,"n_per":500,"n_hog":188,"source_year":2024,"crime_score":0.1789,"crime_nivel":"Medio","crime_color":"#ff9800"},"geometry":{"type":"Polygon","coordinates":[[[-72.2140241959999,-38.6718268600793],[-72.2140077249999,-38.6750329960792],[-72.2147000639999,-38.6749636460792],[-72.2150274319999,-38.6751365480793],[-72.2154178209999,-38.6749062410792],[-72.2155287839999,-38.6751814630793],[-72.2166848869999,-38.6748114340793],[-72.2168335379999,-38.6751501380793],[-72.2186573199999,-38.6746047560793],[-72.2184243759999,-38.6739062390793],[-72.217733086,-38.6740030140793],[-72.2185258359999,-38.6738225980793],[-72.2187350899999,-38.6745398640793],[-72.2188734079999,-38.6744283920792],[-72.2189876829999,-38.6740085070793],[-72.2189313309999,-38.6735653540793],[-72.2193554249999,-38.6726145070793],[-72.2193545289999,-38.6728877320793],[-72.218990087,-38.6735667520793],[-72.2190168959999,-38.6742666070792],[-72.2187706649999,-38.6746618040792],[-72.2186013369999,-38.6747075960793],[-72.2188519539999,-38.6753974740793],[-72.2176008689999,-38.6757753260793],[-72.2178589409999,-38.6765068330793],[-72.2188957829999,-38.6765036500792],[-72.2202621989999,-38.6761556760793],[-72.2202237749999,-38.6759991960793],[-72.2203450509999,-38.6761346560792],[-72.2221930499999,-38.6757227720792],[-72.2220102599999,-38.6752932550792],[-72.2203515609999,-38.6757179350793],[-72.2203044479999,-38.6758207110792],[-72.2193333239999,-38.6735664130793],[-72.2195078959999,-38.6737956580793],[-72.221286286,-38.6734073680792],[-72.2211116619999,-38.6729693690793],[-72.2201782599999,-38.6731675920792],[-72.2199955279999,-38.6719127340793],[-72.2168363449999,-38.6725503360792],[-72.2162112579999,-38.6718300020793],[-72.2161420489999,-38.6723803190793],[-72.2161329449999,-38.6718283330793],[-72.2158345639999,-38.6718511880793],[-72.2158151919999,-38.6723509420792],[-72.2157275389999,-38.6723488530793],[-72.2157357019999,-38.6718425910793],[-72.2154435459999,-38.6718564850793],[-72.2153452949999,-38.6723334940793],[-72.2153562149999,-38.6718506550793],[-72.2150678439999,-38.6718372590793],[-72.2150420099999,-38.6723387720793],[-72.2149463889999,-38.6723364940793],[-72.2149496449999,-38.6718631450793],[-72.2146941579999,-38.6718302780793],[-72.2146503449999,-38.6723607020793],[-72.214564246,-38.6718456500793],[-72.2140241959999,-38.6718268600793]]]}},{"type":"Feature","properties":{"id":"9119011002012","commune":"Vilcún","code":"09119","gse":"D","quintil":"Q2","nse_score":651.8,"educ":11.0,"educ_score":533.3,"hacin":1.263,"hacin_class":"Hacinamiento Leve","hacin_score":795.1,"auto_score":150.0,"n_per":24,"n_hog":9,"source_year":2024,"crime_score":0.1583,"crime_nivel":"Medio","crime_color":"#ff9800"},"geometry":{"type":"Polygon","coordinates":[[[-72.2214655599999,-38.6739509620793],[-72.2213150039999,-38.6734912250793],[-72.2205196449999,-38.6736694730793],[-72.2206764899999,-38.6741106190793],[-72.2214655599999,-38.6739509620793]]]}},{"type":"Feature","properties":{"id":"9119011002014","commune":"Vilcún","code":"09119","gse":"C3","quintil":"Q2","nse_score":669.0,"educ":8.2,"educ_score":346.7,"hacin":1.0,"hacin_class":"Hacinamiento Leve","hacin_score":851.1,"auto_score":125.0,"n_per":12,"n_hog":4,"source_year":2024,"crime_score":0.1559,"crime_nivel":"Medio","crime_color":"#ff9800"},"geometry":{"type":"Polygon","coordinates":[[[-72.2201201599999,-38.6742574270793],[-72.219985403,-38.6737759750793],[-72.2195785899999,-38.6738414200792],[-72.2197646589999,-38.6743188640792],[-72.2201201599999,-38.6742574270793]]]}},{"type":"Feature","properties":{"id":"9119011002015","commune":"Vilcún","code":"09119","gse":"D","quintil":"Q2","nse_score":654.2,"educ":10.2,"educ_score":480.0,"hacin":1.133,"hacin_class":"Hacinamiento Leve","hacin_score":822.7,"auto_score":38.5,"n_per":34,"n_hog":13,"source_year":2024,"crime_score":0.1589,"crime_nivel":"Medio","crime_color":"#ff9800"},"geometry":{"type":"Polygon","coordinates":[[[-72.2217000659999,-38.6746081280793],[-72.22150131,-38.6740262190792],[-72.2207269169999,-38.6742263240793],[-72.22095809,-38.6747679640793],[-72.2217000659999,-38.6746081280793]]]}},{"type":"Feature","properties":{"id":"9119011002016","commune":"Vilcún","code":"09119","gse":"E","quintil":"Q1","nse_score":610.7,"educ":9.1,"educ_score":406.7,"hacin":1.4,"hacin_class":"Hacinamiento Leve","hacin_score":766.0,"auto_score":136.4,"n_per":28,"n_hog":11,"source_year":2024,"crime_score":0.1622,"crime_nivel":"Medio","crime_color":"#ff9800"},"geometry":{"type":"Polygon","coordinates":[[[-72.2207852139999,-38.6748116020792],[-72.2205903829999,-38.6742186580792],[-72.2198248949999,-38.6744159550792],[-72.220055021,-38.6749814290793],[-72.2207852139999,-38.6748116020792]]]}},{"type":"Feature","properties":{"id":"9119011002017","commune":"Vilcún","code":"09119","gse":"D","quintil":"Q2","nse_score":644.9,"educ":9.6,"educ_score":440.0,"hacin":1.1,"hacin_class":"Hacinamiento Leve","hacin_score":829.8,"auto_score":300.0,"n_per":22,"n_hog":9,"source_year":2024,"crime_score":0.1588,"crime_nivel":"Medio","crime_color":"#ff9800"},"geometry":{"type":"Polygon","coordinates":[[[-72.2219390309999,-38.6752339300793],[-72.221732916,-38.6746589070792],[-72.2209563249999,-38.6748785430792],[-72.2212068189999,-38.6754116460792],[-72.2219390309999,-38.6752339300793]]]}},{"type":"Feature","properties":{"id":"9119011002018","commune":"Vilcún","code":"09119","gse":"C3","quintil":"Q3","nse_score":704.0,"educ":12.2,"educ_score":613.3,"hacin":1.536,"hacin_class":"Hacinamiento Medio","hacin_score":737.1,"auto_score":156.2,"n_per":43,"n_hog":16,"source_year":2024,"crime_score":0.1553,"crime_nivel":"Medio","crime_color":"#ff9800"},"geometry":{"type":"Polygon","coordinates":[[[-72.2187602119999,-38.6753340270793],[-72.2185316079999,-38.6747725400793],[-72.2182032979999,-38.6748257240793],[-72.2184065999999,-38.6754490180792],[-72.2187602119999,-38.6753340270793]]]}},{"type":"Feature","properties":{"id":"9119011002019","commune":"Vilcún","code":"09119","gse":"D","quintil":"Q2","nse_score":651.8,"educ":10.7,"educ_score":513.3,"hacin":1.6,"hacin_class":"Hacinamiento Medio","hacin_score":723.4,"auto_score":117.6,"n_per":48,"n_hog":16,"source_year":2024,"crime_score":0.1602,"crime_nivel":"Medio","crime_color":"#ff9800"},"geometry":{"type":"Polygon","coordinates":[[[-72.2183243679999,-38.6755027480792],[-72.2181196679999,-38.6748792490793],[-72.2177511559999,-38.6749555870792],[-72.2179656739999,-38.6755830950792],[-72.2183243679999,-38.6755027480792]]]}},{"type":"Feature","properties":{"id":"9119011002020","commune":"Vilcún","code":"09119","gse":"E","quintil":"Q1","nse_score":535.7,"educ":8.5,"educ_score":366.7,"hacin":1.591,"hacin_class":"Hacinamiento Medio","hacin_score":725.3,"auto_score":107.1,"n_per":35,"n_hog":10,"source_year":2024,"crime_score":0.1692,"crime_nivel":"Medio","crime_color":"#ff9800"},"geometry":{"type":"Polygon","coordinates":[[[-72.2210296,-38.6754529500793],[-72.2208056339999,-38.6748797890792],[-72.2200830899999,-38.6750688640793],[-72.2203518509999,-38.6756192430792],[-72.2210296,-38.6754529500793]]]}},{"type":"Feature","properties":{"id":"9119011002021","commune":"Vilcún","code":"09119","gse":"D","quintil":"Q2","nse_score":663.0,"educ":11.0,"educ_score":533.3,"hacin":1.218,"hacin_class":"Hacinamiento Leve","hacin_score":804.6,"auto_score":125.0,"n_per":67,"n_hog":22,"source_year":2024,"crime_score":0.1607,"crime_nivel":"Medio","crime_color":"#ff9800"},"geometry":{"type":"Polygon","coordinates":[[[-72.2170672769999,-38.6759114790792],[-72.2166668499999,-38.6749128110793],[-72.2163379329999,-38.6749858580793],[-72.2167233519999,-38.6760043740792],[-72.2170672769999,-38.6759114790792]]]}},{"type":"Feature","properties":{"id":"9119011002022","commune":"Vilcún","code":"09119","gse":"C3","quintil":"Q3","nse_score":687.3,"educ":11.6,"educ_score":573.3,"hacin":1.32,"hacin_class":"Hacinamiento Leve","hacin_score":783.0,"auto_score":230.8,"n_per":33,"n_hog":13,"source_year":2024,"crime_score":0.156,"crime_nivel":"Medio","crime_color":"#ff9800"},"geometry":{"type":"Polygon","coordinates":[[[-72.2178935129999,-38.6756406020792],[-72.2176759039999,-38.6750092900792],[-72.2173310119999,-38.6750785330792],[-72.217574167,-38.6757035760792],[-72.2178935129999,-38.6756406020792]]]}},{"type":"Feature","properties":{"id":"9119011002023","commune":"Vilcún","code":"09119","gse":"C3","quintil":"Q3","nse_score":684.5,"educ":10.6,"educ_score":506.7,"hacin":1.257,"hacin_class":"Hacinamiento Leve","hacin_score":796.4,"auto_score":250.0,"n_per":88,"n_hog":29,"source_year":2024,"crime_score":0.1604,"crime_nivel":"Medio","crime_color":"#ff9800"},"geometry":{"type":"Polygon","coordinates":[[[-72.2166624249999,-38.6760260100792],[-72.2162407629999,-38.6750385880793],[-72.2159423069999,-38.6750985120792],[-72.2163079679999,-38.6761286160792],[-72.2166624249999,-38.6760260100792]]]}},{"type":"Feature","properties":{"id":"9119011002024","commune":"Vilcún","code":"09119","gse":"D","quintil":"Q2","nse_score":648.8,"educ":10.8,"educ_score":520.0,"hacin":1.75,"hacin_class":"Hacinamiento Medio","hacin_score":691.5,"auto_score":233.3,"n_per":49,"n_hog":15,"source_year":2024,"crime_score":0.1605,"crime_nivel":"Medio","crime_color":"#ff9800"},"geometry":{"type":"Polygon","coordinates":[[[-72.2175216679999,-38.6757695870792],[-72.2172554509999,-38.6751295590792],[-72.2168724369999,-38.6752157510793],[-72.2171069139999,-38.6758851160793],[-72.2175216679999,-38.6757695870792]]]}},{"type":"Feature","properties":{"id":"9119011002025","commune":"Vilcún","code":"09119","gse":"D","quintil":"Q2","nse_score":655.8,"educ":11.3,"educ_score":553.3,"hacin":1.258,"hacin_class":"Hacinamiento Leve","hacin_score":796.1,"auto_score":152.2,"n_per":112,"n_hog":41,"source_year":2024,"crime_score":0.1649,"crime_nivel":"Medio","crime_color":"#ff9800"},"geometry":{"type":"Polygon","coordinates":[[[-72.2158313909999,-38.6751510380793],[-72.2155287839999,-38.6751814630793],[-72.2169586999999,-38.6787729600792],[-72.2170955059999,-38.6787343730792],[-72.2172733659999,-38.6786447970792],[-72.2166042999999,-38.6769967950792],[-72.2164084249999,-38.6769962100792],[-72.216553771,-38.6769504330792],[-72.2158313909999,-38.6751510380793]]]}},{"type":"Feature","properties":{"id":"9119011002026","commune":"Vilcún","code":"09119","gse":"D","quintil":"Q2","nse_score":645.2,"educ":10.7,"educ_score":513.3,"hacin":1.381,"hacin_class":"Hacinamiento Leve","hacin_score":770.0,"auto_score":161.8,"n_per":87,"n_hog":30,"source_year":2024,"crime_score":0.1638,"crime_nivel":"Medio","crime_color":"#ff9800"},"geometry":{"type":"Polygon","coordinates":[[[-72.2223366999999,-38.6760998110792],[-72.2221747949999,-38.6758218240793],[-72.2204122479999,-38.6762698960792],[-72.220566028,-38.6765451050793],[-72.2223366999999,-38.6760998110792]]]}},{"type":"Feature","properties":{"id":"9119011002027","commune":"Vilcún","code":"09119","gse":"C3","quintil":"Q2","nse_score":683.6,"educ":11.2,"educ_score":546.7,"hacin":1.31,"hacin_class":"Hacinamiento Leve","hacin_score":785.2,"auto_score":117.6,"n_per":55,"n_hog":17,"source_year":2024,"crime_score":0.158,"crime_nivel":"Medio","crime_color":"#ff9800"},"geometry":{"type":"Polygon","coordinates":[[[-72.2175080849999,-38.6758577180792],[-72.2171618769999,-38.6759946550793],[-72.2174775589999,-38.6766753900793],[-72.2177986409999,-38.6765450930792],[-72.2175080849999,-38.6758577180792]]]}},{"type":"Feature","properties":{"id":"9119011002028","commune":"Vilcún","code":"09119","gse":"C3","quintil":"Q2","nse_score":664.4,"educ":10.4,"educ_score":493.3,"hacin":0.971,"hacin_class":"Sin Hacinamiento","hacin_score":857.1,"auto_score":200.0,"n_per":34,"n_hog":17,"source_year":2024,"crime_score":0.158,"crime_nivel":"Medio","crime_color":"#ff9800"},"geometry":{"type":"Polygon","coordinates":[[[-72.217115266,-38.6760188590793],[-72.2167629829999,-38.6761093400792],[-72.2170892889999,-38.6767970180792],[-72.2173812589999,-38.6766714140792],[-72.217115266,-38.6760188590793]]]}},{"type":"Feature","properties":{"id":"9119011002029","commune":"Vilcún","code":"09119","gse":"D","quintil":"Q1","nse_score":638.6,"educ":10.1,"educ_score":473.3,"hacin":1.268,"hacin_class":"Hacinamiento Leve","hacin_score":794.0,"auto_score":194.4,"n_per":52,"n_hog":17,"source_year":2024,"crime_score":0.1617,"crime_nivel":"Medio","crime_color":"#ff9800"},"geometry":{"type":"Polygon","coordinates":[[[-72.2169399349999,-38.6768400650793],[-72.2167036439999,-38.6761302560793],[-72.2163823339999,-38.6761848270792],[-72.2166194199999,-38.6768885220792],[-72.2169399349999,-38.6768400650793]]]}},{"type":"Feature","properties":{"id":"9119011002031","commune":"Vilcún","code":"09119","gse":"E","quintil":"Q1","nse_score":604.3,"educ":10.6,"educ_score":506.7,"hacin":1.667,"hacin_class":"Hacinamiento Medio","hacin_score":709.2,"auto_score":222.2,"n_per":30,"n_hog":8,"source_year":2024,"crime_score":0.1629,"crime_nivel":"Medio","crime_color":"#ff9800"},"geometry":{"type":"Polygon","coordinates":[[[-72.2199269889999,-38.6766213130792],[-72.2203598809999,-38.6765112510793],[-72.2202743249999,-38.6762568770793],[-72.2197642779999,-38.6763717120792],[-72.2199269889999,-38.6766213130792]]]}},{"type":"Feature","properties":{"id":"9119011002032","commune":"Vilcún","code":"09119","gse":"D","quintil":"Q2","nse_score":653.3,"educ":10.4,"educ_score":493.3,"hacin":1.417,"hacin_class":"Hacinamiento Leve","hacin_score":762.4,"auto_score":454.5,"n_per":34,"n_hog":10,"source_year":2024,"crime_score":0.159,"crime_nivel":"Medio","crime_color":"#ff9800"},"geometry":{"type":"Polygon","coordinates":[[[-72.2200019409999,-38.6769377120792],[-72.2205155549999,-38.6767654660793],[-72.2203949539999,-38.6765630900792],[-72.2198874119999,-38.6767317860792],[-72.2200019409999,-38.6769377120792]]]}},{"type":"Feature","properties":{"id":"9119011002034","commune":"Vilcún","code":"09119","gse":"C3","quintil":"Q2","nse_score":677.4,"educ":11.3,"educ_score":553.3,"hacin":1.548,"hacin_class":"Hacinamiento Medio","hacin_score":734.5,"auto_score":190.5,"n_per":130,"n_hog":41,"source_year":2024,"crime_score":0.1643,"crime_nivel":"Medio","crime_color":"#ff9800"},"geometry":{"type":"Polygon","coordinates":[[[-72.2178699499999,-38.6766496510792],[-72.2183117019999,-38.6776730990792],[-72.2189600959999,-38.6775234100792],[-72.2188495069999,-38.6772689590792],[-72.218350272,-38.6773660110792],[-72.2188252589999,-38.6772168180792],[-72.2187604539999,-38.6769894420792],[-72.2182527639999,-38.6771034300792],[-72.2183881949999,-38.6769802160793],[-72.2182367109999,-38.6766182920792],[-72.2178699499999,-38.6766496510792]]]}},{"type":"Feature","properties":{"id":"9119011002035","commune":"Vilcún","code":"09119","gse":"C3","quintil":"Q2","nse_score":665.7,"educ":9.9,"educ_score":460.0,"hacin":1.449,"hacin_class":"Hacinamiento Leve","hacin_score":755.6,"auto_score":37.5,"n_per":113,"n_hog":40,"source_year":2024,"crime_score":0.1641,"crime_nivel":"Medio","crime_color":"#ff9800"},"geometry":{"type":"Polygon","coordinates":[[[-72.2184625539999,-38.6783335780792],[-72.2178082209999,-38.6766949960792],[-72.2174883039999,-38.6767652520792],[-72.2181508929999,-38.6784191500793],[-72.2184625539999,-38.6783335780792]]]}},{"type":"Feature","properties":{"id":"9119011002036","commune":"Vilcún","code":"09119","gse":"D","quintil":"Q1","nse_score":629.5,"educ":10.0,"educ_score":466.7,"hacin":1.412,"hacin_class":"Hacinamiento Leve","hacin_score":763.5,"auto_score":155.2,"n_per":72,"n_hog":27,"source_year":2024,"crime_score":0.164,"crime_nivel":"Medio","crime_color":"#ff9800"},"geometry":{"type":"Polygon","coordinates":[[[-72.2180907519999,-38.6784303810792],[-72.2174048659999,-38.6768166750793],[-72.2170985729999,-38.6768738830792],[-72.2177317079999,-38.6785257110793],[-72.2180907519999,-38.6784303810792]]]}},{"type":"Feature","properties":{"id":"9119011002037","commune":"Vilcún","code":"09119","gse":"C3","quintil":"Q3","nse_score":710.5,"educ":12.0,"educ_score":600.0,"hacin":1.474,"hacin_class":"Hacinamiento Leve","hacin_score":750.3,"auto_score":136.4,"n_per":28,"n_hog":11,"source_year":2024,"crime_score":0.1536,"crime_nivel":"Medio","crime_color":"#ff9800"},"geometry":{"type":"Polygon","coordinates":[[[-72.2206363509999,-38.6771212720793],[-72.2205261729999,-38.6768666260792],[-72.2200262089999,-38.6770333630793],[-72.2201594569999,-38.6772440260792],[-72.2206363509999,-38.6771212720793]]]}},{"type":"Feature","properties":{"id":"9119011002038","commune":"Vilcún","code":"09119","gse":"C3","quintil":"Q2","nse_score":667.0,"educ":11.4,"educ_score":560.0,"hacin":1.363,"hacin_class":"Hacinamiento Leve","hacin_score":773.9,"auto_score":94.6,"n_per":109,"n_hog":33,"source_year":2024,"crime_score":0.1636,"crime_nivel":"Medio","crime_color":"#ff9800"},"geometry":{"type":"Polygon","coordinates":[[[-72.2176719739999,-38.6785467270792],[-72.2170092009999,-38.6769328550793],[-72.2166990829999,-38.6769920630792],[-72.2173638269999,-38.6786286650793],[-72.2176719739999,-38.6785467270792]]]}},{"type":"Feature","properties":{"id":"9119011002039","commune":"Vilcún","code":"09119","gse":"C3","quintil":"Q3","nse_score":688.1,"educ":10.5,"educ_score":500.0,"hacin":1.269,"hacin_class":"Hacinamiento Leve","hacin_score":793.8,"auto_score":285.7,"n_per":33,"n_hog":14,"source_year":2024,"crime_score":0.1559,"crime_nivel":"Medio","crime_color":"#ff9800"},"geometry":{"type":"Polygon","coordinates":[[[-72.2203359729999,-38.6776874880792],[-72.2208397439999,-38.6775457020792],[-72.2206657509999,-38.6771822730792],[-72.2201578949999,-38.6773695020792],[-72.2203359729999,-38.6776874880792]]]}},{"type":"Feature","properties":{"id":"9119011002041","commune":"Vilcún","code":"09119","gse":"C3","quintil":"Q3","nse_score":699.4,"educ":11.8,"educ_score":586.7,"hacin":1.549,"hacin_class":"Hacinamiento Medio","hacin_score":734.3,"auto_score":111.1,"n_per":79,"n_hog":27,"source_year":2024,"crime_score":0.1584,"crime_nivel":"Medio","crime_color":"#ff9800"},"geometry":{"type":"Polygon","coordinates":[[[-72.2191930139999,-38.6781104010792],[-72.2190585419999,-38.6776089900792],[-72.2187511199999,-38.6777102150792],[-72.2188955249999,-38.6780603650792],[-72.2188169359999,-38.6780855350792],[-72.2186340149999,-38.6777108770792],[-72.2183482609999,-38.6778159600792],[-72.2185262239999,-38.6782744460792],[-72.2191930139999,-38.6781104010792]]]}},{"type":"Feature","properties":{"id":"9119011002030","commune":"Vilcún","code":"09119","gse":"D","quintil":"Q2","nse_score":643.5,"educ":10.5,"educ_score":500.0,"hacin":1.435,"hacin_class":"Hacinamiento Leve","hacin_score":758.4,"auto_score":58.0,"n_per":389,"n_hog":131,"source_year":2024,"crime_score":0.1807,"crime_nivel":"Medio","crime_color":"#ff9800"},"geometry":{"type":"MultiPolygon","coordinates":[[[[-72.2229924329999,-38.6775064070793],[-72.2238931669999,-38.6799126440792],[-72.2247730249999,-38.6797355750792],[-72.224289972,-38.6784693170792],[-72.2253273029999,-38.6782082880792],[-72.2249516289999,-38.6772087330792],[-72.2229924329999,-38.6775064070793]]],[[[-72.220572161,-38.6766661070793],[-72.2209397739999,-38.6775210030792],[-72.2215334079999,-38.6774945230793],[-72.2206746299999,-38.6776803960792],[-72.2207378919999,-38.6778799970792],[-72.2206176129999,-38.6776915170792],[-72.220309256,-38.6777572890792],[-72.2203968669999,-38.6779938280792],[-72.2202925459999,-38.6780159330792],[-72.2196676439999,-38.6764352670792],[-72.2187477779999,-38.6766017260792],[-72.219137471,-38.6776148080792],[-72.2198631909999,-38.6774582830793],[-72.2192166369999,-38.6776787630793],[-72.2192751539999,-38.6779267280792],[-72.2198313849999,-38.6778162620793],[-72.2199360229999,-38.6780699450792],[-72.2198110049999,-38.6778790840792],[-72.2193444609999,-38.6779996400792],[-72.2193561859999,-38.6781814710792],[-72.2169586999999,-38.6787729600792],[-72.2170544869999,-38.6790144120792],[-72.2194596659999,-38.6783999170792],[-72.2196757719999,-38.6790197120792],[-72.2214186169999,-38.6786181080793],[-72.2221499439999,-38.6805841750792],[-72.2238342829999,-38.6801844220792],[-72.2223815879999,-38.6762694080792],[-72.220572161,-38.6766661070793]]]]}},{"type":"Feature","properties":{"id":"9119031001002","commune":"Vilcún","code":"09119","gse":"C3","quintil":"Q2","nse_score":677.0,"educ":11.2,"educ_score":546.7,"hacin":1.229,"hacin_class":"Hacinamiento Leve","hacin_score":802.4,"auto_score":117.6,"n_per":43,"n_hog":17,"source_year":2024,"crime_score":0.1576,"crime_nivel":"Medio","crime_color":"#ff9800"},"geometry":{"type":"Polygon","coordinates":[[[-72.0044896979999,-38.6806053840792],[-72.0030894219999,-38.6782752320792],[-72.0025492029999,-38.6768558530793],[-72.0007061539999,-38.6778461810792],[-72.0020901219999,-38.6804244640792],[-72.0028361129999,-38.6811950590792],[-72.0044896979999,-38.6806053840792]]]}},{"type":"Feature","properties":{"id":"9119031001003","commune":"Vilcún","code":"09119","gse":"E","quintil":"Q1","nse_score":609.2,"educ":9.7,"educ_score":446.7,"hacin":1.268,"hacin_class":"Hacinamiento Leve","hacin_score":794.0,"auto_score":38.5,"n_per":52,"n_hog":25,"source_year":2024,"crime_score":0.1642,"crime_nivel":"Medio","crime_color":"#ff9800"},"geometry":{"type":"Polygon","coordinates":[[[-72.0083023369999,-38.6780336610792],[-72.0095242859999,-38.6814473800792],[-72.0120746219999,-38.6808426590792],[-72.0121030339999,-38.6809143110792],[-72.0119239349999,-38.6809448390792],[-72.012137047,-38.6813429210792],[-72.0118532369999,-38.6809572510792],[-72.0095248199999,-38.6815218530792],[-72.0099367379999,-38.6827100170792],[-72.0125680889999,-38.6820362750792],[-72.0123800229999,-38.6814226290792],[-72.0124680459999,-38.6814068610792],[-72.0127377029999,-38.6819978510792],[-72.0120613979999,-38.6799366400792],[-72.0108477619999,-38.6802272300792],[-72.0099671959999,-38.6776160540792],[-72.0083023369999,-38.6780336610792]]]}},{"type":"Feature","properties":{"id":"9119031001004","commune":"Vilcún","code":"09119","gse":"D","quintil":"Q1","nse_score":631.9,"educ":10.1,"educ_score":473.3,"hacin":1.2,"hacin_class":"Hacinamiento Leve","hacin_score":808.5,"auto_score":31.2,"n_per":36,"n_hog":16,"source_year":2024,"crime_score":0.161,"crime_nivel":"Medio","crime_color":"#ff9800"},"geometry":{"type":"Polygon","coordinates":[[[-72.0023212549999,-38.6806581570792],[-72.0020120369999,-38.6804269500792],[-72.0005224489999,-38.6777611010792],[-71.9982665829999,-38.6790714900793],[-72.0023212549999,-38.6806581570792]]]}},{"type":"Feature","properties":{"id":"9119031001006","commune":"Vilcún","code":"09119","gse":"D","quintil":"Q1","nse_score":615.8,"educ":9.6,"educ_score":440.0,"hacin":1.326,"hacin_class":"Hacinamiento Leve","hacin_score":781.7,"auto_score":52.6,"n_per":61,"n_hog":19,"source_year":2024,"crime_score":0.1644,"crime_nivel":"Medio","crime_color":"#ff9800"},"geometry":{"type":"Polygon","coordinates":[[[-72.0022899919999,-38.6814313870792],[-72.0026943639999,-38.6812394480792],[-72.0024128079999,-38.6807496080792],[-71.9981940689999,-38.6791225370792],[-71.9971689259999,-38.6797837810792],[-72.0010749979999,-38.6813014400792],[-72.0018099029999,-38.6816259890792],[-72.0020439869999,-38.6818524330792],[-72.0022899919999,-38.6814313870792]]]}},{"type":"Feature","properties":{"id":"9119031001007","commune":"Vilcún","code":"09119","gse":"D","quintil":"Q1","nse_score":629.2,"educ":9.6,"educ_score":440.0,"hacin":1.318,"hacin_class":"Hacinamiento Leve","hacin_score":783.4,"auto_score":90.9,"n_per":29,"n_hog":11,"source_year":2024,"crime_score":0.1607,"crime_nivel":"Medio","crime_color":"#ff9800"},"geometry":{"type":"Polygon","coordinates":[[[-72.0087273999999,-38.6793772160792],[-72.0069528629999,-38.6798157060792],[-72.0080948949999,-38.6818635680792],[-72.009452387,-38.6814647730792],[-72.0087273999999,-38.6793772160792]]]}},{"type":"Feature","properties":{"id":"9119031001008","commune":"Vilcún","code":"09119","gse":"E","quintil":"Q1","nse_score":603.2,"educ":8.8,"educ_score":386.7,"hacin":1.325,"hacin_class":"Hacinamiento Leve","hacin_score":782.0,"auto_score":34.9,"n_per":102,"n_hog":43,"source_year":2024,"crime_score":0.1688,"crime_nivel":"Medio","crime_color":"#ff9800"},"geometry":{"type":"Polygon","coordinates":[[[-71.9978325789999,-38.6815981300792],[-71.9980949909999,-38.6812691810792],[-71.998400064,-38.6812438420792],[-71.9985668719999,-38.6813840340792],[-71.9998307659999,-38.6830209330792],[-71.9995497489999,-38.6839919540792],[-71.9997306519999,-38.6844292010792],[-72.0007557279999,-38.6851706260792],[-72.0016176069999,-38.6860775070792],[-72.0021860729999,-38.6858315340792],[-72.0010834479999,-38.6848825600792],[-72.0009109719999,-38.6849124120792],[-72.0004737369999,-38.6846231710792],[-72.0005372959999,-38.6845623400792],[-72.0009131909999,-38.6848173730792],[-72.0022764939999,-38.6845847370792],[-72.0030645609999,-38.6855039070792],[-72.0041468899999,-38.6850637010792],[-72.0024030349999,-38.6824020550792],[-72.0017051479999,-38.6816515050792],[-71.9988043789999,-38.6805231570792],[-71.9985548239999,-38.6807367140792],[-71.9978662059999,-38.6806236770792],[-71.9985599529999,-38.6806867880792],[-71.9987374499999,-38.6804971350792],[-71.997079632,-38.6798511780792],[-71.9963221179999,-38.6797359680792],[-71.995148749,-38.6805632780792],[-71.9978325789999,-38.6815981300792]]]}},{"type":"Feature","properties":{"id":"9119031001009","commune":"Vilcún","code":"09119","gse":"D","quintil":"Q1","nse_score":641.2,"educ":10.6,"educ_score":506.7,"hacin":1.525,"hacin_class":"Hacinamiento Medio","hacin_score":739.4,"auto_score":0.0,"n_per":61,"n_hog":19,"source_year":2024,"crime_score":0.1622,"crime_nivel":"Medio","crime_color":"#ff9800"},"geometry":{"type":"Polygon","coordinates":[[[-72.0046245519999,-38.6806057410792],[-72.0058310199999,-38.6827760070792],[-72.0072115919999,-38.6821101930792],[-72.0080130829999,-38.6818808930792],[-72.0068573009999,-38.6798290950792],[-72.0046245519999,-38.6806057410792]]]}},{"type":"Feature","properties":{"id":"9119031001010","commune":"Vilcún","code":"09119","gse":"D","quintil":"Q2","nse_score":648.8,"educ":10.6,"educ_score":506.7,"hacin":1.419,"hacin_class":"Hacinamiento Leve","hacin_score":761.9,"auto_score":62.5,"n_per":105,"n_hog":40,"source_year":2024,"crime_score":0.1649,"crime_nivel":"Medio","crime_color":"#ff9800"},"geometry":{"type":"Polygon","coordinates":[[[-72.0022655339999,-38.6816268330792],[-72.0042518249999,-38.6850038770792],[-72.0053420389999,-38.6845885190792],[-72.0048760039999,-38.6837696730792],[-72.0054167079999,-38.6845525490792],[-72.0064841939999,-38.6840999620792],[-72.0055623629999,-38.6824693170792],[-72.0045516879999,-38.6827417150792],[-72.0043422949999,-38.6825799110792],[-72.0045573979999,-38.6826998360792],[-72.0055380249999,-38.6824263830792],[-72.0045337319999,-38.6806546830792],[-72.0023929729999,-38.6814393100792],[-72.0022655339999,-38.6816268330792]]]}},{"type":"Feature","properties":{"id":"9119031001011","commune":"Vilcún","code":"09119","gse":"E","quintil":"Q1","nse_score":607.2,"educ":9.1,"educ_score":406.7,"hacin":1.306,"hacin_class":"Hacinamiento Leve","hacin_score":785.9,"auto_score":108.7,"n_per":64,"n_hog":23,"source_year":2024,"crime_score":0.1654,"crime_nivel":"Medio","crime_color":"#ff9800"},"geometry":{"type":"Polygon","coordinates":[[[-72.0065735159999,-38.6840566050792],[-72.0098894829999,-38.6827431240792],[-72.0094513369999,-38.6815453480792],[-72.0071781659999,-38.6821842390792],[-72.0058998919999,-38.6828194080792],[-72.0065735159999,-38.6840566050792]]]}},{"type":"Feature","properties":{"id":"9119031001013","commune":"Vilcún","code":"09119","gse":"E","quintil":"Q1","nse_score":575.8,"educ":8.5,"educ_score":366.7,"hacin":1.329,"hacin_class":"Hacinamiento Leve","hacin_score":781.1,"auto_score":0.0,"n_per":97,"n_hog":37,"source_year":2024,"crime_score":0.1708,"crime_nivel":"Medio","crime_color":"#ff9800"},"geometry":{"type":"Polygon","coordinates":[[[-72.0130432109999,-38.6853175060792],[-72.0140664109999,-38.6848889440792],[-72.0130304499999,-38.6824132490792],[-72.0127880349999,-38.6820877090792],[-72.0112074809999,-38.6824513930792],[-72.0117373189999,-38.6833054640792],[-72.0126681759999,-38.6829640610792],[-72.0117600719999,-38.6833586590792],[-72.0121321389999,-38.6839718220792],[-72.0130669119999,-38.6836107510792],[-72.0121715929999,-38.6840170100792],[-72.0124484929999,-38.6844180640792],[-72.013355009,-38.6840560140792],[-72.0124966269999,-38.6844899750792],[-72.0128077529999,-38.6850232390792],[-72.0137633349999,-38.6846715740792],[-72.0128684749999,-38.6850771860792],[-72.0130432109999,-38.6853175060792]]]}},{"type":"Feature","properties":{"id":"9119031001014","commune":"Vilcún","code":"09119","gse":"E","quintil":"Q1","nse_score":584.7,"educ":8.6,"educ_score":373.3,"hacin":1.312,"hacin_class":"Hacinamiento Leve","hacin_score":784.6,"auto_score":156.2,"n_per":42,"n_hog":16,"source_year":2024,"crime_score":0.1655,"crime_nivel":"Medio","crime_color":"#ff9800"},"geometry":{"type":"Polygon","coordinates":[[[-72.0110991909999,-38.6824730000792],[-72.0102582339999,-38.6827109940792],[-72.0105757499999,-38.6831937830792],[-72.0113394339999,-38.6828761920792],[-72.0110991909999,-38.6824730000792]]]}},{"type":"Feature","properties":{"id":"9119031001015","commune":"Vilcún","code":"09119","gse":"C3","quintil":"Q2","nse_score":670.9,"educ":12.2,"educ_score":613.3,"hacin":1.467,"hacin_class":"Hacinamiento Leve","hacin_score":751.8,"auto_score":200.0,"n_per":22,"n_hog":9,"source_year":2024,"crime_score":0.1565,"crime_nivel":"Medio","crime_color":"#ff9800"},"geometry":{"type":"Polygon","coordinates":[[[-72.010217242,-38.6827272730792],[-72.0095352539999,-38.6829981150792],[-72.0098524139999,-38.6834945880792],[-72.0105351559999,-38.6832106640792],[-72.010217242,-38.6827272730792]]]}},{"type":"Feature","properties":{"id":"9119031001016","commune":"Vilcún","code":"09119","gse":"E","quintil":"Q1","nse_score":577.4,"educ":9.1,"educ_score":406.7,"hacin":1.548,"hacin_class":"Hacinamiento Medio","hacin_score":734.4,"auto_score":83.3,"n_per":48,"n_hog":17,"source_year":2024,"crime_score":0.1667,"crime_nivel":"Medio","crime_color":"#ff9800"},"geometry":{"type":"Polygon","coordinates":[[[-72.0113786609999,-38.6829363370792],[-72.0104023799999,-38.6833334280792],[-72.0106559069999,-38.6837148030792],[-72.0116360309999,-38.6833173110792],[-72.0113786609999,-38.6829363370792]]]}},{"type":"Feature","properties":{"id":"9119031001018","commune":"Vilcún","code":"09119","gse":"E","quintil":"Q1","nse_score":588.9,"educ":9.8,"educ_score":453.3,"hacin":1.513,"hacin_class":"Hacinamiento Medio","hacin_score":742.0,"auto_score":25.0,"n_per":59,"n_hog":20,"source_year":2024,"crime_score":0.1666,"crime_nivel":"Medio","crime_color":"#ff9800"},"geometry":{"type":"Polygon","coordinates":[[[-72.0095776869999,-38.6841330970792],[-72.0089269199999,-38.6832540150792],[-72.0085316159999,-38.6834299690792],[-72.0091800509999,-38.6843164460792],[-72.0095776869999,-38.6841330970792]]]}},{"type":"Feature","properties":{"id":"9119031001019","commune":"Vilcún","code":"09119","gse":"E","quintil":"Q1","nse_score":533.0,"educ":8.5,"educ_score":366.7,"hacin":1.385,"hacin_class":"Hacinamiento Leve","hacin_score":769.2,"auto_score":0.0,"n_per":36,"n_hog":14,"source_year":2024,"crime_score":0.1695,"crime_nivel":"Medio","crime_color":"#ff9800"},"geometry":{"type":"Polygon","coordinates":[[[-72.0103591689999,-38.6833569040792],[-72.009394702,-38.6837352050792],[-72.0096481889999,-38.6841165300792],[-72.0106007169999,-38.6837368720792],[-72.0103591689999,-38.6833569040792]]]}},{"type":"Feature","properties":{"id":"9119031001020","commune":"Vilcún","code":"09119","gse":"D","quintil":"Q1","nse_score":615.9,"educ":9.5,"educ_score":433.3,"hacin":1.424,"hacin_class":"Hacinamiento Leve","hacin_score":760.9,"auto_score":53.6,"n_per":84,"n_hog":28,"source_year":2024,"crime_score":0.1662,"crime_nivel":"Medio","crime_color":"#ff9800"},"geometry":{"type":"Polygon","coordinates":[[[-72.0121199349999,-38.6847468470792],[-72.012495526,-38.6846224400792],[-72.0117102649999,-38.6833794220792],[-72.011318049,-38.6835414240792],[-72.0121199349999,-38.6847468470792]]]}},{"type":"Feature","properties":{"id":"9119031001021","commune":"Vilcún","code":"09119","gse":"E","quintil":"Q1","nse_score":550.7,"educ":8.9,"educ_score":393.3,"hacin":1.5,"hacin_class":"Hacinamiento Medio","hacin_score":744.7,"auto_score":100.0,"n_per":63,"n_hog":18,"source_year":2024,"crime_score":0.1702,"crime_nivel":"Medio","crime_color":"#ff9800"},"geometry":{"type":"Polygon","coordinates":[[[-72.0080828569999,-38.6836241330792],[-72.0086879929999,-38.6845145410792],[-72.0091237499999,-38.6843373850792],[-72.0084807399999,-38.6834533380792],[-72.0080828569999,-38.6836241330792]]]}},{"type":"Feature","properties":{"id":"9119031001023","commune":"Vilcún","code":"09119","gse":"D","quintil":"Q1","nse_score":634.8,"educ":10.3,"educ_score":486.7,"hacin":1.412,"hacin_class":"Hacinamiento Leve","hacin_score":763.5,"auto_score":55.6,"n_per":48,"n_hog":18,"source_year":2024,"crime_score":0.1617,"crime_nivel":"Medio","crime_color":"#ff9800"},"geometry":{"type":"Polygon","coordinates":[[[-72.006935488,-38.6840468380792],[-72.0075643139999,-38.6849721900792],[-72.0086353949999,-38.6845351090792],[-72.0079895909999,-38.6836057960792],[-72.006935488,-38.6840468380792]]]}},{"type":"Feature","properties":{"id":"9119031001024","commune":"Vilcún","code":"09119","gse":"D","quintil":"Q1","nse_score":613.7,"educ":9.6,"educ_score":440.0,"hacin":1.392,"hacin_class":"Hacinamiento Leve","hacin_score":767.6,"auto_score":92.6,"n_per":71,"n_hog":26,"source_year":2024,"crime_score":0.1653,"crime_nivel":"Medio","crime_color":"#ff9800"},"geometry":{"type":"Polygon","coordinates":[[[-72.0115993159999,-38.6849970340792],[-72.0108038209999,-38.6837476210792],[-72.0104331089999,-38.6838882650792],[-72.0112608359999,-38.6851342140792],[-72.0115993159999,-38.6849970340792]]]}},{"type":"Feature","properties":{"id":"9119031001025","commune":"Vilcún","code":"09119","gse":"D","quintil":"Q1","nse_score":621.5,"educ":10.2,"educ_score":480.0,"hacin":1.529,"hacin_class":"Hacinamiento Medio","hacin_score":738.4,"auto_score":140.0,"n_per":78,"n_hog":25,"source_year":2024,"crime_score":0.1652,"crime_nivel":"Medio","crime_color":"#ff9800"},"geometry":{"type":"Polygon","coordinates":[[[-72.0110824079999,-38.6840448450792],[-72.0117086689999,-38.6849528980792],[-72.0120718429999,-38.6847989370792],[-72.0114596769999,-38.6839038040792],[-72.0110824079999,-38.6840448450792]]]}},{"type":"Feature","properties":{"id":"9119031001026","commune":"Vilcún","code":"09119","gse":"D","quintil":"Q2","nse_score":646.2,"educ":10.5,"educ_score":500.0,"hacin":1.3,"hacin_class":"Hacinamiento Leve","hacin_score":787.2,"auto_score":0.0,"n_per":26,"n_hog":10,"source_year":2024,"crime_score":0.159,"crime_nivel":"Medio","crime_color":"#ff9800"},"geometry":{"type":"Polygon","coordinates":[[[-72.0085513259999,-38.6847244730792],[-72.0093607689999,-38.6859112680792],[-72.0111970409999,-38.6851620730792],[-72.0103581809999,-38.6839132940792],[-72.0085513259999,-38.6847244730792]]]}},{"type":"Feature","properties":{"id":"9119031001027","commune":"Vilcún","code":"09119","gse":"D","quintil":"Q1","nse_score":635.9,"educ":10.8,"educ_score":520.0,"hacin":1.571,"hacin_class":"Hacinamiento Medio","hacin_score":729.5,"auto_score":90.9,"n_per":33,"n_hog":11,"source_year":2024,"crime_score":0.1604,"crime_nivel":"Medio","crime_color":"#ff9800"},"geometry":{"type":"Polygon","coordinates":[[[-72.0072045879999,-38.6850656010792],[-72.0075031719999,-38.6849971400792],[-72.0068747439999,-38.6840723710792],[-72.0066380089999,-38.6841718840792],[-72.0072045879999,-38.6850656010792]]]}},{"type":"Feature","properties":{"id":"9119031001029","commune":"Vilcún","code":"09119","gse":"C3","quintil":"Q3","nse_score":690.8,"educ":12.4,"educ_score":626.7,"hacin":1.5,"hacin_class":"Hacinamiento Medio","hacin_score":744.7,"auto_score":83.3,"n_per":24,"n_hog":6,"source_year":2024,"crime_score":0.155,"crime_nivel":"Medio","crime_color":"#ff9800"},"geometry":{"type":"Polygon","coordinates":[[[-71.9963685749999,-38.6852590180792],[-71.9967711869999,-38.6860693720792],[-71.9972754469999,-38.6859911460792],[-71.9999128229999,-38.6865091380792],[-72.0006744129999,-38.6864956320792],[-72.0015707049999,-38.6860963890792],[-72.0006938209999,-38.6852081590792],[-71.9996623779999,-38.6844122760792],[-71.9963685749999,-38.6852590180792]]]}},{"type":"Feature","properties":{"id":"9119031001031","commune":"Vilcún","code":"09119","gse":"D","quintil":"Q1","nse_score":623.7,"educ":9.3,"educ_score":420.0,"hacin":1.308,"hacin_class":"Hacinamiento Leve","hacin_score":785.6,"auto_score":100.0,"n_per":34,"n_hog":15,"source_year":2024,"crime_score":0.1615,"crime_nivel":"Medio","crime_color":"#ff9800"},"geometry":{"type":"Polygon","coordinates":[[[-72.0011933659999,-38.6848561590792],[-72.0023049949999,-38.6857973750792],[-72.002967366,-38.6855272800792],[-72.0022342029999,-38.6846741900792],[-72.0011933659999,-38.6848561590792]]]}},{"type":"Feature","properties":{"id":"9119031001033","commune":"Vilcún","code":"09119","gse":"C3","quintil":"Q2","nse_score":675.4,"educ":11.0,"educ_score":533.3,"hacin":1.286,"hacin_class":"Hacinamiento Leve","hacin_score":790.3,"auto_score":125.0,"n_per":9,"n_hog":4,"source_year":2024,"crime_score":0.1552,"crime_nivel":"Medio","crime_color":"#ff9800"},"geometry":{"type":"Polygon","coordinates":[[[-72.0084754,-38.6846875670792],[-72.0072957699999,-38.6851342050792],[-72.0078406719999,-38.6860152210792],[-72.0090575359999,-38.6855748320792],[-72.0084754,-38.6846875670792]]]}},{"type":"Feature","properties":{"id":"9119031001035","commune":"Vilcún","code":"09119","gse":"D","quintil":"Q2","nse_score":648.9,"educ":10.6,"educ_score":506.7,"hacin":1.143,"hacin_class":"Hacinamiento Leve","hacin_score":820.7,"auto_score":100.0,"n_per":24,"n_hog":10,"source_year":2024,"crime_score":0.1586,"crime_nivel":"Medio","crime_color":"#ff9800"},"geometry":{"type":"Polygon","coordinates":[[[-72.0077634219999,-38.6860673660792],[-72.0072094019999,-38.6851644620792],[-72.0061436029999,-38.6855979630792],[-72.0067198319999,-38.6864646820792],[-72.0077634219999,-38.6860673660792]]]}},{"type":"Feature","properties":{"id":"9119031001037","commune":"Vilcún","code":"09119","gse":"C3","quintil":"Q3","nse_score":706.0,"educ":12.2,"educ_score":613.3,"hacin":1.364,"hacin_class":"Hacinamiento Leve","hacin_score":773.7,"auto_score":142.9,"n_per":15,"n_hog":7,"source_year":2024,"crime_score":0.153,"crime_nivel":"Medio","crime_color":"#ff9800"},"geometry":{"type":"Polygon","coordinates":[[[-72.0060783549999,-38.6856136640792],[-72.0049954229999,-38.6860671000792],[-72.0052753079999,-38.6864826080792],[-72.0063714889999,-38.6860515450792],[-72.0060783549999,-38.6856136640792]]]}},{"type":"Feature","properties":{"id":"9119031001038","commune":"Vilcún","code":"09119","gse":"D","quintil":"Q1","nse_score":613.7,"educ":9.6,"educ_score":440.0,"hacin":1.402,"hacin_class":"Hacinamiento Leve","hacin_score":765.6,"auto_score":200.0,"n_per":157,"n_hog":49,"source_year":2024,"crime_score":0.1722,"crime_nivel":"Medio","crime_color":"#ff9800"},"geometry":{"type":"Polygon","coordinates":[[[-72.0022509979999,-38.6874418040792],[-72.0022526319999,-38.6882167950792],[-72.0024869809999,-38.6886617680791],[-72.0034762079999,-38.6892958910791],[-72.0040177309999,-38.6900218680791],[-72.0058932069999,-38.6905282720791],[-72.0050708539999,-38.6895424150792],[-72.0047106579999,-38.6897125890792],[-72.0046490479999,-38.6891002350792],[-72.0041270669999,-38.6893060010791],[-72.0027954629999,-38.6875002890792],[-72.0028731549999,-38.6874664110792],[-72.0033377309999,-38.6880971000792],[-72.0038026829999,-38.6878893220791],[-72.0029635079999,-38.6867356330792],[-72.0029867749999,-38.6866125020792],[-72.0035477549999,-38.6863639820792],[-72.0030211559999,-38.6856225500792],[-72.0016526139999,-38.6861313010792],[-72.0020898159999,-38.6866886670792],[-72.0022509979999,-38.6874418040792]]]}},{"type":"Feature","properties":{"id":"9119031001039","commune":"Vilcún","code":"09119","gse":"E","quintil":"Q1","nse_score":608.2,"educ":10.0,"educ_score":466.7,"hacin":1.409,"hacin_class":"Hacinamiento Leve","hacin_score":764.0,"auto_score":76.9,"n_per":31,"n_hog":13,"source_year":2024,"crime_score":0.1626,"crime_nivel":"Medio","crime_color":"#ff9800"},"geometry":{"type":"Polygon","coordinates":[[[-72.0082342299999,-38.6864877010792],[-72.0091092429999,-38.6869448130792],[-72.0097534669999,-38.6866114830792],[-72.0090790089999,-38.6856293700792],[-72.0079451629999,-38.6860772200792],[-72.0082342299999,-38.6864877010792]]]}},{"type":"Feature","properties":{"id":"9119031001042","commune":"Vilcún","code":"09119","gse":"E","quintil":"Q1","nse_score":584.3,"educ":8.6,"educ_score":373.3,"hacin":1.318,"hacin_class":"Hacinamiento Leve","hacin_score":783.4,"auto_score":0.0,"n_per":29,"n_hog":14,"source_year":2024,"crime_score":0.1645,"crime_nivel":"Medio","crime_color":"#ff9800"},"geometry":{"type":"Polygon","coordinates":[[[-72.0063879749999,-38.6860772990792],[-72.0052922339999,-38.6865081890792],[-72.0055806579999,-38.6869233060792],[-72.0066576219999,-38.6864920880792],[-72.0063879749999,-38.6860772990792]]]}},{"type":"Feature","properties":{"id":"9119031001043","commune":"Vilcún","code":"09119","gse":"D","quintil":"Q1","nse_score":622.0,"educ":10.5,"educ_score":500.0,"hacin":1.857,"hacin_class":"Hacinamiento Medio","hacin_score":668.7,"auto_score":142.9,"n_per":39,"n_hog":14,"source_year":2024,"crime_score":0.1621,"crime_nivel":"Medio","crime_color":"#ff9800"},"geometry":{"type":"Polygon","coordinates":[[[-72.0049215159999,-38.6860898050792],[-72.0038531659999,-38.6865447780792],[-72.0044221679999,-38.6873992310791],[-72.0054967129999,-38.6869588860792],[-72.0049215159999,-38.6860898050792]]]}},{"type":"Feature","properties":{"id":"9119031001045","commune":"Vilcún","code":"09119","gse":"E","quintil":"Q1","nse_score":603.2,"educ":9.1,"educ_score":406.7,"hacin":1.208,"hacin_class":"Hacinamiento Leve","hacin_score":806.7,"auto_score":30.3,"n_per":145,"n_hog":66,"source_year":2024,"crime_score":0.1722,"crime_nivel":"Medio","crime_color":"#ff9800"},"geometry":{"type":"Polygon","coordinates":[[[-72.0050087379999,-38.6879930560791],[-72.0064475739999,-38.6898226570791],[-72.0063700829999,-38.6898687920791],[-72.0058091929999,-38.6891622250792],[-72.0055341799999,-38.6893038380791],[-72.0059772639999,-38.6898883390792],[-72.0058859279999,-38.6899267160792],[-72.0054516509999,-38.6893463340791],[-72.0051599489999,-38.6894965390792],[-72.0058932069999,-38.6905282720791],[-72.0073134479999,-38.6905953710791],[-72.0081318939999,-38.6909072540792],[-72.0115140419999,-38.6884487320791],[-72.010383396,-38.6877850720792],[-72.0090875239999,-38.6886634050792],[-72.010324394,-38.6877506940792],[-72.0101423389999,-38.6876468350792],[-72.0089550849999,-38.6885090020792],[-72.0082935419999,-38.6883273250792],[-72.0080731819999,-38.6881730600792],[-72.0095989629999,-38.6873264170792],[-72.0081874279999,-38.6865276590791],[-72.0077892119999,-38.6861394940792],[-72.0044606599999,-38.6874684010792],[-72.0047497159999,-38.6878909530792],[-72.0050087379999,-38.6879930560791]]]}},{"type":"Feature","properties":{"id":"9119031001047","commune":"Vilcún","code":"09119","gse":"E","quintil":"Q1","nse_score":594.9,"educ":9.7,"educ_score":446.7,"hacin":1.448,"hacin_class":"Hacinamiento Leve","hacin_score":755.7,"auto_score":0.0,"n_per":42,"n_hog":19,"source_year":2024,"crime_score":0.1647,"crime_nivel":"Medio","crime_color":"#ff9800"},"geometry":{"type":"Polygon","coordinates":[[[-72.0042790429999,-38.6873965760791],[-72.0035924189999,-38.6864270500792],[-72.0030354599999,-38.6866990070792],[-72.0037636049999,-38.6876769220792],[-72.0042790429999,-38.6873965760791]]]}},{"type":"Feature","properties":{"id":"9119031001049","commune":"Vilcún","code":"09119","gse":"E","quintil":"Q1","nse_score":589.9,"educ":7.8,"educ_score":320.0,"hacin":1.138,"hacin_class":"Hacinamiento Leve","hacin_score":821.7,"auto_score":0.0,"n_per":33,"n_hog":13,"source_year":2024,"crime_score":0.1644,"crime_nivel":"Medio","crime_color":"#ff9800"},"geometry":{"type":"Polygon","coordinates":[[[-72.0100743609999,-38.6876126920792],[-72.0096659279999,-38.6873701900792],[-72.0082033689999,-38.6881683090791],[-72.0089192409999,-38.6884478510791],[-72.0100743609999,-38.6876126920792]]]}},{"type":"Feature","properties":{"id":"9119031001050","commune":"Vilcún","code":"09119","gse":"D","quintil":"Q1","nse_score":617.7,"educ":9.9,"educ_score":460.0,"hacin":1.6,"hacin_class":"Hacinamiento Medio","hacin_score":723.4,"auto_score":166.7,"n_per":24,"n_hog":6,"source_year":2024,"crime_score":0.1613,"crime_nivel":"Medio","crime_color":"#ff9800"},"geometry":{"type":"Polygon","coordinates":[[[-72.0046251349999,-38.6889165660792],[-72.0046074799999,-38.6878960950791],[-72.0043686969999,-38.6875358340792],[-72.0038015659999,-38.6877530920791],[-72.0046251349999,-38.6889165660792]]]}},{"type":"Feature","properties":{"id":"9119031001051","commune":"Vilcún","code":"09119","gse":"D","quintil":"Q1","nse_score":618.5,"educ":9.9,"educ_score":460.0,"hacin":1.5,"hacin_class":"Hacinamiento Medio","hacin_score":744.7,"auto_score":222.2,"n_per":18,"n_hog":9,"source_year":2024,"crime_score":0.1607,"crime_nivel":"Medio","crime_color":"#ff9800"},"geometry":{"type":"Polygon","coordinates":[[[-72.0033607079999,-38.6881282930791],[-72.0036813979999,-38.6885636410791],[-72.004143096,-38.6883573070792],[-72.0038254419999,-38.6879206110792],[-72.0033607079999,-38.6881282930791]]]}},{"type":"Feature","properties":{"id":"9119031001052","commune":"Vilcún","code":"09119","gse":"D","quintil":"Q1","nse_score":638.2,"educ":10.2,"educ_score":480.0,"hacin":1.429,"hacin_class":"Hacinamiento Leve","hacin_score":759.9,"auto_score":90.9,"n_per":30,"n_hog":11,"source_year":2024,"crime_score":0.16,"crime_nivel":"Medio","crime_color":"#ff9800"},"geometry":{"type":"Polygon","coordinates":[[[-72.0054197469999,-38.6886969620792],[-72.0049558229999,-38.6880810820792],[-72.0047190629999,-38.6880325650792],[-72.0047557479999,-38.6889749240791],[-72.0054197469999,-38.6886969620792]]]}},{"type":"Feature","properties":{"id":"9119031001053","commune":"Vilcún","code":"09119","gse":"D","quintil":"Q1","nse_score":638.0,"educ":11.4,"educ_score":560.0,"hacin":1.647,"hacin_class":"Hacinamiento Medio","hacin_score":713.4,"auto_score":125.0,"n_per":28,"n_hog":8,"source_year":2024,"crime_score":0.1598,"crime_nivel":"Medio","crime_color":"#ff9800"},"geometry":{"type":"Polygon","coordinates":[[[-72.0041734629999,-38.6883990550792],[-72.0037097649999,-38.6886021500792],[-72.0039360559999,-38.6889093440792],[-72.0043968179999,-38.6887061080792],[-72.0041734629999,-38.6883990550792]]]}},{"type":"Feature","properties":{"id":"9119031001054","commune":"Vilcún","code":"09119","gse":"D","quintil":"Q1","nse_score":641.0,"educ":10.6,"educ_score":506.7,"hacin":1.267,"hacin_class":"Hacinamiento Leve","hacin_score":794.3,"auto_score":55.6,"n_per":19,"n_hog":8,"source_year":2024,"crime_score":0.1589,"crime_nivel":"Medio","crime_color":"#ff9800"},"geometry":{"type":"Polygon","coordinates":[[[-72.0041607029999,-38.6892143040792],[-72.004626932,-38.6890224510791],[-72.0044287369999,-38.6887499880791],[-72.0039631949999,-38.6889461850792],[-72.0041607029999,-38.6892143040792]]]}},{"type":"Feature","properties":{"id":"9119031001055","commune":"Vilcún","code":"09119","gse":"E","quintil":"Q1","nse_score":559.8,"educ":7.5,"educ_score":300.0,"hacin":1.364,"hacin_class":"Hacinamiento Leve","hacin_score":773.7,"auto_score":38.5,"n_per":30,"n_hog":13,"source_year":2024,"crime_score":0.1667,"crime_nivel":"Medio","crime_color":"#ff9800"},"geometry":{"type":"Polygon","coordinates":[[[-72.0054839299999,-38.6887843090791],[-72.0047316569999,-38.6890662650792],[-72.0047434429999,-38.6896125290791],[-72.0057592299999,-38.6890998150792],[-72.0054839299999,-38.6887843090791]]]}},{"type":"Feature","properties":{"id":"9119031001032","commune":"Vilcún","code":"09119","gse":"E","quintil":"Q1","nse_score":597.7,"educ":9.3,"educ_score":420.0,"hacin":1.522,"hacin_class":"Hacinamiento Medio","hacin_score":740.1,"auto_score":0.0,"n_per":35,"n_hog":13,"source_year":2024,"crime_score":0.1639,"crime_nivel":"Medio","crime_color":"#ff9800"},"geometry":{"type":"MultiPolygon","coordinates":[[[[-72.0096135579999,-38.6872175630792],[-72.0100337639999,-38.6870200980792],[-72.0097753169999,-38.6866433350792],[-72.0091491479999,-38.6869673240792],[-72.0096135579999,-38.6872175630792]]],[[[-72.0125244829999,-38.6846715560792],[-72.0108436299999,-38.6853671700792],[-72.0110420389999,-38.6856580580792],[-72.0118220409999,-38.6853399620792],[-72.0110745379999,-38.6857057050792],[-72.0115627989999,-38.6864557580792],[-72.0096778569999,-38.6872653370792],[-72.0116017119999,-38.6883850030792],[-72.012442141,-38.6877740850792],[-72.011578057,-38.6873796000792],[-72.0109878309999,-38.6869482780792],[-72.0133672259999,-38.6858538780792],[-72.0125244829999,-38.6846715560792]]]]}},{"type":"Feature","properties":{"id":"9119031001001","commune":"Vilcún","code":"09119","gse":"E","quintil":"Q1","nse_score":574.1,"educ":9.6,"educ_score":440.0,"hacin":1.583,"hacin_class":"Hacinamiento Medio","hacin_score":727.0,"auto_score":75.0,"n_per":57,"n_hog":19,"source_year":2024,"crime_score":0.1677,"crime_nivel":"Medio","crime_color":"#ff9800"},"geometry":{"type":"MultiPolygon","coordinates":[[[[-72.0045849509999,-38.6805572360792],[-72.0066695619999,-38.6798185710792],[-72.0063098829999,-38.6791406870792],[-72.0040941639999,-38.6796859090792],[-72.0045849509999,-38.6805572360792]]],[[[-72.0027457879999,-38.6771333770793],[-72.0031838169999,-38.6782431820792],[-72.0040315989999,-38.6796460580792],[-72.0061607579999,-38.6790355780792],[-72.0063384959999,-38.6790741840792],[-72.0067387239999,-38.6797940830792],[-72.0087119849999,-38.6793202670792],[-72.0079032499999,-38.6771219190792],[-72.0048921409999,-38.6779934360792],[-72.0043271239999,-38.6765955820793],[-72.0027457879999,-38.6771333770793]]]]}},{"type":"Feature","properties":{"id":"9119051001001","commune":"Vilcún","code":"09119","gse":"D","quintil":"Q2","nse_score":649.8,"educ":10.3,"educ_score":486.7,"hacin":1.161,"hacin_class":"Hacinamiento Leve","hacin_score":816.9,"auto_score":200.0,"n_per":94,"n_hog":38,"source_year":2024,"crime_score":0.164,"crime_nivel":"Medio","crime_color":"#ff9800"},"geometry":{"type":"Polygon","coordinates":[[[-72.3653886639999,-38.6880603170792],[-72.3633585899999,-38.6885158750792],[-72.3639569979999,-38.6898759640792],[-72.3649721599999,-38.6901706760791],[-72.3648941509999,-38.6896326720792],[-72.3642618979999,-38.6896925940792],[-72.3638300999999,-38.6888027780792],[-72.36515019,-38.6883534910791],[-72.3658083099999,-38.6898793260791],[-72.36556465,-38.6894266910791],[-72.3649385159999,-38.6896224920792],[-72.3650158199999,-38.6901823440791],[-72.3664545419999,-38.6905413880791],[-72.3653886639999,-38.6880603170792]]]}},{"type":"Feature","properties":{"id":"9119051001002","commune":"Vilcún","code":"09119","gse":"D","quintil":"Q2","nse_score":654.9,"educ":10.4,"educ_score":493.3,"hacin":1.225,"hacin_class":"Hacinamiento Leve","hacin_score":803.2,"auto_score":111.1,"n_per":49,"n_hog":18,"source_year":2024,"crime_score":0.16,"crime_nivel":"Medio","crime_color":"#ff9800"},"geometry":{"type":"Polygon","coordinates":[[[-72.3649450939999,-38.6895809970792],[-72.365538608,-38.6893855600792],[-72.365131845,-38.6884733530792],[-72.3645362269999,-38.6886227800792],[-72.3649450939999,-38.6895809970792]]]}},{"type":"Feature","properties":{"id":"9119051001003","commune":"Vilcún","code":"09119","gse":"D","quintil":"Q1","nse_score":635.7,"educ":9.1,"educ_score":406.7,"hacin":1.053,"hacin_class":"Hacinamiento Leve","hacin_score":839.9,"auto_score":131.6,"n_per":40,"n_hog":18,"source_year":2024,"crime_score":0.161,"crime_nivel":"Medio","crime_color":"#ff9800"},"geometry":{"type":"Polygon","coordinates":[[[-72.3644238409999,-38.6896980730791],[-72.3648734299999,-38.6895806070791],[-72.3644600299999,-38.6886237740792],[-72.3638820259999,-38.6888106440792],[-72.3642303519999,-38.6895947980791],[-72.3644238409999,-38.6896980730791]]]}},{"type":"Feature","properties":{"id":"9119051001004","commune":"Vilcún","code":"09119","gse":"ABC1","quintil":"Q5","nse_score":824.5,"educ":14.2,"educ_score":746.7,"hacin":1.034,"hacin_class":"Hacinamiento Leve","hacin_score":843.7,"auto_score":363.6,"n_per":30,"n_hog":11,"source_year":2024,"crime_score":0.144,"crime_nivel":"Medio","crime_color":"#ff9800"},"geometry":{"type":"Polygon","coordinates":[[[-72.3575371559999,-38.6905936980791],[-72.3577035079999,-38.6905633420792],[-72.3581710589999,-38.6894751470792],[-72.3576918679999,-38.6893718100792],[-72.3574553959999,-38.6899860780792],[-72.3575371559999,-38.6905936980791]]]}},{"type":"Feature","properties":{"id":"9119051001005","commune":"Vilcún","code":"09119","gse":"C3","quintil":"Q3","nse_score":692.0,"educ":12.8,"educ_score":653.3,"hacin":1.672,"hacin_class":"Hacinamiento Medio","hacin_score":708.2,"auto_score":287.9,"n_per":112,"n_hog":30,"source_year":2024,"crime_score":0.1616,"crime_nivel":"Medio","crime_color":"#ff9800"},"geometry":{"type":"Polygon","coordinates":[[[-72.3576905179999,-38.6911608430791],[-72.3581684859999,-38.6912934870791],[-72.3588430769999,-38.6896602290791],[-72.3582471159999,-38.6895023410791],[-72.3577637469999,-38.6905920200792],[-72.3575349829999,-38.6906569440792],[-72.3576905179999,-38.6911608430791]]]}},{"type":"Feature","properties":{"id":"9119051001006","commune":"Vilcún","code":"09119","gse":"C2","quintil":"Q3","nse_score":715.9,"educ":13.0,"educ_score":666.7,"hacin":1.314,"hacin_class":"Hacinamiento Leve","hacin_score":784.3,"auto_score":255.8,"n_per":113,"n_hog":37,"source_year":2024,"crime_score":0.1596,"crime_nivel":"Medio","crime_color":"#ff9800"},"geometry":{"type":"Polygon","coordinates":[[[-72.3582336019999,-38.6913112730791],[-72.3589318919999,-38.6915020090791],[-72.3596125119999,-38.6898733210791],[-72.3589151199999,-38.6896855100792],[-72.3582336019999,-38.6913112730791]]]}},{"type":"Feature","properties":{"id":"9119051001007","commune":"Vilcún","code":"09119","gse":"C3","quintil":"Q3","nse_score":698.5,"educ":13.4,"educ_score":693.3,"hacin":1.143,"hacin_class":"Hacinamiento Leve","hacin_score":820.7,"auto_score":312.5,"n_per":16,"n_hog":5,"source_year":2024,"crime_score":0.1537,"crime_nivel":"Medio","crime_color":"#ff9800"},"geometry":{"type":"Polygon","coordinates":[[[-72.3662558149999,-38.6916733970791],[-72.3665107869999,-38.6916248630792],[-72.3669110119999,-38.6907144320791],[-72.3630447349999,-38.6897011800791],[-72.3624821209999,-38.6905790150791],[-72.3662558149999,-38.6916733970791]]]}},{"type":"Feature","properties":{"id":"9119051001008","commune":"Vilcún","code":"09119","gse":"C2","quintil":"Q4","nse_score":722.5,"educ":13.7,"educ_score":713.3,"hacin":1.57,"hacin_class":"Hacinamiento Medio","hacin_score":729.9,"auto_score":272.7,"n_per":124,"n_hog":40,"source_year":2024,"crime_score":0.1598,"crime_nivel":"Medio","crime_color":"#ff9800"},"geometry":{"type":"Polygon","coordinates":[[[-72.3589970079999,-38.6915197950791],[-72.3597060569999,-38.6917134690791],[-72.3603796619999,-38.6900827250792],[-72.3596800709999,-38.6898947780791],[-72.3589970079999,-38.6915197950791]]]}},{"type":"Feature","properties":{"id":"9119051001009","commune":"Vilcún","code":"09119","gse":"C2","quintil":"Q4","nse_score":735.1,"educ":13.4,"educ_score":693.3,"hacin":1.42,"hacin_class":"Hacinamiento Leve","hacin_score":761.8,"auto_score":61.0,"n_per":115,"n_hog":38,"source_year":2024,"crime_score":0.158,"crime_nivel":"Medio","crime_color":"#ff9800"},"geometry":{"type":"Polygon","coordinates":[[[-72.3597711769999,-38.6917312560791],[-72.3604421379999,-38.6919145260791],[-72.3611406759999,-38.6902888440792],[-72.3604480619999,-38.6901043470791],[-72.3597711769999,-38.6917312560791]]]}},{"type":"Feature","properties":{"id":"9119051001010","commune":"Vilcún","code":"09119","gse":"D","quintil":"Q1","nse_score":628.8,"educ":10.6,"educ_score":506.7,"hacin":1.458,"hacin_class":"Hacinamiento Leve","hacin_score":753.7,"auto_score":51.7,"n_per":86,"n_hog":27,"source_year":2024,"crime_score":0.1652,"crime_nivel":"Medio","crime_color":"#ff9800"},"geometry":{"type":"Polygon","coordinates":[[[-72.3605072459999,-38.6919323090791],[-72.3623833459999,-38.6925709300791],[-72.3631661939999,-38.6908528830791],[-72.3612131129999,-38.6903140190791],[-72.3605072459999,-38.6919323090791]]]}},{"type":"Feature","properties":{"id":"9119051001011","commune":"Vilcún","code":"09119","gse":"C3","quintil":"Q3","nse_score":691.4,"educ":11.5,"educ_score":566.7,"hacin":1.098,"hacin_class":"Hacinamiento Leve","hacin_score":830.2,"auto_score":166.7,"n_per":112,"n_hog":47,"source_year":2024,"crime_score":0.1617,"crime_nivel":"Medio","crime_color":"#ff9800"},"geometry":{"type":"Polygon","coordinates":[[[-72.3654896169999,-38.6936219470791],[-72.3658218829999,-38.6936666840791],[-72.3709223899999,-38.6924763940791],[-72.3705526349999,-38.6918086140792],[-72.3687851429999,-38.6918174250792],[-72.3689090099999,-38.6922527880792],[-72.3681347689999,-38.6923807470791],[-72.3688409909999,-38.6922261620791],[-72.3686797239999,-38.6918448100792],[-72.3687590929999,-38.6917642130791],[-72.3705260339999,-38.6917537940792],[-72.3704226149999,-38.6915406640791],[-72.3691092559999,-38.6913369130791],[-72.3669959829999,-38.6907359620792],[-72.3665551689999,-38.6916776150792],[-72.3662456729999,-38.6917294380791],[-72.3658886379999,-38.6916063340791],[-72.3658603769999,-38.6917117910791],[-72.3663045579999,-38.6927814910791],[-72.3665218609999,-38.6928791030791],[-72.3665921369999,-38.6931140420791],[-72.3662631289999,-38.6927981380791],[-72.365814354,-38.6917201680792],[-72.3658456619999,-38.6915914360792],[-72.3645158959999,-38.6912146160792],[-72.3654896169999,-38.6936219470791]]]}},{"type":"Feature","properties":{"id":"9119051001012","commune":"Vilcún","code":"09119","gse":"D","quintil":"Q1","nse_score":640.3,"educ":10.8,"educ_score":520.0,"hacin":1.403,"hacin_class":"Hacinamiento Leve","hacin_score":765.4,"auto_score":166.7,"n_per":216,"n_hog":72,"source_year":2024,"crime_score":0.1744,"crime_nivel":"Medio","crime_color":"#ff9800"},"geometry":{"type":"Polygon","coordinates":[[[-72.3632213319999,-38.6908680010792],[-72.3624172259999,-38.6926147270791],[-72.3635111229999,-38.6933563070791],[-72.3639076129999,-38.6933771340791],[-72.3637343049999,-38.6929765700791],[-72.3632957269999,-38.6926800540791],[-72.3636436699999,-38.6928678900791],[-72.3636303939999,-38.6926289600791],[-72.3639684449999,-38.6933873730791],[-72.3644918279999,-38.6933768800791],[-72.3642550269999,-38.6926198090791],[-72.3645627479999,-38.6933760430791],[-72.3651234949999,-38.6933571100791],[-72.3648050529999,-38.6925174960791],[-72.3651862369999,-38.6933329580791],[-72.3652824579999,-38.6933293510791],[-72.3644254129999,-38.6911850360791],[-72.3632213319999,-38.6908680010792]]]}},{"type":"Feature","properties":{"id":"9119051001013","commune":"Vilcún","code":"09119","gse":"ABC1","quintil":"Q5","nse_score":833.9,"educ":16.1,"educ_score":873.3,"hacin":1.26,"hacin_class":"Hacinamiento Leve","hacin_score":795.7,"auto_score":375.0,"n_per":63,"n_hog":21,"source_year":2024,"crime_score":0.1455,"crime_nivel":"Medio","crime_color":"#ff9800"},"geometry":{"type":"Polygon","coordinates":[[[-72.3575882909999,-38.6930985290791],[-72.3586541899999,-38.6924991830791],[-72.3579153719999,-38.6920556090792],[-72.3577008779999,-38.6916829780792],[-72.3576170229999,-38.6911771880791],[-72.3569199689999,-38.6910282710791],[-72.356804898,-38.6914018110791],[-72.3575882909999,-38.6930985290791]]]}},{"type":"Feature","properties":{"id":"9119051001014","commune":"Vilcún","code":"09119","gse":"ABC1","quintil":"Q5","nse_score":816.7,"educ":15.4,"educ_score":826.7,"hacin":1.257,"hacin_class":"Hacinamiento Leve","hacin_score":796.4,"auto_score":264.7,"n_per":44,"n_hog":15,"source_year":2024,"crime_score":0.1456,"crime_nivel":"Medio","crime_color":"#ff9800"},"geometry":{"type":"Polygon","coordinates":[[[-72.3577197029999,-38.6912376640791],[-72.3579929209999,-38.6920153520791],[-72.3587175049999,-38.6924462540791],[-72.3592765819999,-38.6919061190791],[-72.3587633399999,-38.6924738590792],[-72.3593194219999,-38.6928431180791],[-72.3600604329999,-38.6918771250792],[-72.3577197029999,-38.6912376640791]]]}},{"type":"Feature","properties":{"id":"9119051001015","commune":"Vilcún","code":"09119","gse":"C3","quintil":"Q2","nse_score":671.3,"educ":12.1,"educ_score":606.7,"hacin":1.367,"hacin_class":"Hacinamiento Leve","hacin_score":773.0,"auto_score":196.7,"n_per":190,"n_hog":58,"source_year":2024,"crime_score":0.1695,"crime_nivel":"Medio","crime_color":"#ff9800"},"geometry":{"type":"Polygon","coordinates":[[[-72.3601260249999,-38.6918949490791],[-72.3593711679999,-38.6928790250792],[-72.3598780489999,-38.6933898090791],[-72.3605139929999,-38.6927430140791],[-72.3607681789999,-38.6922879620792],[-72.3617032929999,-38.6926688870792],[-72.3642198709999,-38.6941907320791],[-72.3658856169999,-38.6947676210791],[-72.3653191469999,-38.6933955240791],[-72.3652209129999,-38.6934135390791],[-72.3655132229999,-38.6942843000791],[-72.3651718839999,-38.6934212470791],[-72.3646056199999,-38.6934546680791],[-72.3649154379999,-38.6943133380791],[-72.3645292849999,-38.6934410130791],[-72.3640104149999,-38.6934643140791],[-72.3642080909999,-38.6940935100791],[-72.3639438989999,-38.6934588710791],[-72.3635804939999,-38.6934789170791],[-72.3618995249999,-38.6924077390791],[-72.3601260249999,-38.6918949490791]]]}},{"type":"Feature","properties":{"id":"9119051001016","commune":"Vilcún","code":"09119","gse":"C1","quintil":"Q5","nse_score":808.9,"educ":16.6,"educ_score":906.7,"hacin":1.143,"hacin_class":"Hacinamiento Leve","hacin_score":820.7,"auto_score":300.0,"n_per":32,"n_hog":10,"source_year":2024,"crime_score":0.1454,"crime_nivel":"Medio","crime_color":"#ff9800"},"geometry":{"type":"Polygon","coordinates":[[[-72.357623541,-38.6937594940791],[-72.3580615159999,-38.6936474030791],[-72.3592640649999,-38.6929010260791],[-72.3586912,-38.6925326400792],[-72.3575258079999,-38.6931705410791],[-72.357623541,-38.6937594940791]]]}},{"type":"Feature","properties":{"id":"9119051001017","commune":"Vilcún","code":"09119","gse":"ABC1","quintil":"Q5","nse_score":861.9,"educ":15.7,"educ_score":846.7,"hacin":1.091,"hacin_class":"Hacinamiento Leve","hacin_score":831.7,"auto_score":500.0,"n_per":48,"n_hog":18,"source_year":2024,"crime_score":0.142,"crime_nivel":"Medio","crime_color":"#ff9800"},"geometry":{"type":"Polygon","coordinates":[[[-72.3581094179999,-38.6942925320791],[-72.3587088929999,-38.6941163090791],[-72.3598109779999,-38.6934452440791],[-72.3593160309999,-38.6929368970791],[-72.3580961069999,-38.6936943000791],[-72.3576595859999,-38.6938071130791],[-72.3581094179999,-38.6942925320791]]]}},{"type":"Feature","properties":{"id":"9119101001001","commune":"Vilcún","code":"09119","gse":"C2","quintil":"Q3","nse_score":719.4,"educ":12.5,"educ_score":633.3,"hacin":1.377,"hacin_class":"Hacinamiento Leve","hacin_score":770.8,"auto_score":195.7,"n_per":73,"n_hog":23,"source_year":2024,"crime_score":0.1562,"crime_nivel":"Medio","crime_color":"#ff9800"},"geometry":{"type":"Polygon","coordinates":[[[-72.5058904459999,-38.6777673650793],[-72.5065334679999,-38.6774065140792],[-72.5020139869999,-38.6733715110792],[-72.5010682359999,-38.6725989640792],[-72.4995898989999,-38.6716708580793],[-72.4976466199999,-38.6708932290793],[-72.4975267769999,-38.6716044430793],[-72.4975975329999,-38.6717934920793],[-72.4997491909999,-38.6725544200793],[-72.5005430119999,-38.6730536270793],[-72.5058904459999,-38.6777673650793]]]}},{"type":"Feature","properties":{"id":"9119101001002","commune":"Vilcún","code":"09119","gse":"C1","quintil":"Q5","nse_score":795.7,"educ":13.6,"educ_score":706.7,"hacin":1.349,"hacin_class":"Hacinamiento Leve","hacin_score":776.8,"auto_score":240.7,"n_per":402,"n_hog":133,"source_year":2024,"crime_score":0.1659,"crime_nivel":"Medio","crime_color":"#ff9800"},"geometry":{"type":"Polygon","coordinates":[[[-72.4966149269999,-38.6742892260793],[-72.4975096939999,-38.6756343010792],[-72.4982667319999,-38.6763943660793],[-72.4997180049999,-38.6772408290792],[-72.50052009,-38.6794125570792],[-72.4982786689999,-38.6799916540792],[-72.5009561339999,-38.6794058670792],[-72.501976898,-38.6802838780792],[-72.502280245,-38.6801450420792],[-72.5013407509999,-38.6791460710792],[-72.5000988149999,-38.6759863710793],[-72.5004888969999,-38.6756327750793],[-72.5002315939999,-38.6754062780792],[-72.4998568819999,-38.6756547190793],[-72.5001951909999,-38.6753718990792],[-72.4999121379999,-38.6751022950792],[-72.4996175609999,-38.6753055010792],[-72.4998686149999,-38.6750634730793],[-72.4993621379999,-38.6745333260793],[-72.5000000319999,-38.6751029760793],[-72.5003268919999,-38.6748714850792],[-72.5000379439999,-38.6745945800793],[-72.5003767939999,-38.6748330710793],[-72.500698655,-38.6745776880793],[-72.5004120269999,-38.6743374940793],[-72.5008041769999,-38.6745432830793],[-72.5015301449999,-38.6739947920792],[-72.4997836479999,-38.6726503510793],[-72.4974606599999,-38.6718308360792],[-72.4968989129999,-38.6738677490793],[-72.4966149269999,-38.6742892260793]]]}},{"type":"Feature","properties":{"id":"9119101001003","commune":"Vilcún","code":"09119","gse":"C2","quintil":"Q4","nse_score":740.0,"educ":12.7,"educ_score":646.7,"hacin":1.391,"hacin_class":"Hacinamiento Leve","hacin_score":767.9,"auto_score":207.5,"n_per":153,"n_hog":51,"source_year":2024,"crime_score":0.1604,"crime_nivel":"Medio","crime_color":"#ff9800"},"geometry":{"type":"Polygon","coordinates":[[[-72.5008460689999,-38.6746313020793],[-72.5015690629999,-38.6752728940792],[-72.5007892969999,-38.6746578170793],[-72.5004290829999,-38.6748982060793],[-72.5010983879999,-38.6755123170792],[-72.5011465739999,-38.6759046570792],[-72.5014645159999,-38.6761821620792],[-72.5019213799999,-38.6758830750792],[-72.5020152369999,-38.6755932070793],[-72.5026832849999,-38.6750660580792],[-72.5016140789999,-38.6740668930792],[-72.5008460689999,-38.6746313020793]]]}},{"type":"Feature","properties":{"id":"9119101001004","commune":"Vilcún","code":"09119","gse":"C1","quintil":"Q5","nse_score":786.9,"educ":13.2,"educ_score":680.0,"hacin":1.277,"hacin_class":"Hacinamiento Leve","hacin_score":792.2,"auto_score":250.0,"n_per":60,"n_hog":22,"source_year":2024,"crime_score":0.1494,"crime_nivel":"Medio","crime_color":"#ff9800"},"geometry":{"type":"Polygon","coordinates":[[[-72.5010702679999,-38.6755282190793],[-72.5003935739999,-38.6749187190793],[-72.500044225,-38.6751439910792],[-72.5007288879999,-38.6757540200793],[-72.5010702679999,-38.6755282190793]]]}},{"type":"Feature","properties":{"id":"9119101001005","commune":"Vilcún","code":"09119","gse":"D","quintil":"Q1","nse_score":621.2,"educ":10.6,"educ_score":506.7,"hacin":1.292,"hacin_class":"Hacinamiento Leve","hacin_score":788.9,"auto_score":136.4,"n_per":84,"n_hog":30,"source_year":2024,"crime_score":0.1657,"crime_nivel":"Medio","crime_color":"#ff9800"},"geometry":{"type":"Polygon","coordinates":[[[-72.5021614249999,-38.6755134790793],[-72.5020767749999,-38.6758500840793],[-72.5030481699999,-38.6767262080792],[-72.5033297579999,-38.6765910230793],[-72.5031277959999,-38.6767909240792],[-72.5037448519999,-38.6773689040792],[-72.5046305079999,-38.6768148460793],[-72.5027624269999,-38.6750968860793],[-72.5021614249999,-38.6755134790793]]]}},{"type":"Feature","properties":{"id":"9119101001006","commune":"Vilcún","code":"09119","gse":"C2","quintil":"Q4","nse_score":744.2,"educ":12.1,"educ_score":606.7,"hacin":1.392,"hacin_class":"Hacinamiento Leve","hacin_score":767.6,"auto_score":198.6,"n_per":213,"n_hog":73,"source_year":2024,"crime_score":0.1645,"crime_nivel":"Medio","crime_color":"#ff9800"},"geometry":{"type":"Polygon","coordinates":[[[-72.5010296309999,-38.6756105410792],[-72.5002928779999,-38.6761511130792],[-72.5003827359999,-38.6764287160792],[-72.5008792389999,-38.6762473550792],[-72.5028249299999,-38.6780215850793],[-72.503237398,-38.6777628940793],[-72.5011072819999,-38.6759311710792],[-72.5010296309999,-38.6756105410792]]]}},{"type":"Feature","properties":{"id":"9119101001008","commune":"Vilcún","code":"09119","gse":"D","quintil":"Q2","nse_score":658.3,"educ":9.9,"educ_score":460.0,"hacin":1.41,"hacin_class":"Hacinamiento Leve","hacin_score":763.9,"auto_score":145.2,"n_per":86,"n_hog":31,"source_year":2024,"crime_score":0.1626,"crime_nivel":"Medio","crime_color":"#ff9800"},"geometry":{"type":"Polygon","coordinates":[[[-72.5015464609999,-38.6761824320793],[-72.5025481859999,-38.6770865750792],[-72.5030216039999,-38.6767880400793],[-72.502018947,-38.6758653630793],[-72.5015464609999,-38.6761824320793]]]}},{"type":"Feature","properties":{"id":"9119101001009","commune":"Vilcún","code":"09119","gse":"C2","quintil":"Q4","nse_score":734.1,"educ":13.4,"educ_score":693.3,"hacin":1.5,"hacin_class":"Hacinamiento Medio","hacin_score":744.7,"auto_score":416.7,"n_per":15,"n_hog":5,"source_year":2024,"crime_score":0.1506,"crime_nivel":"Medio","crime_color":"#ff9800"},"geometry":{"type":"Polygon","coordinates":[[[-72.5010380399999,-38.6765464990792],[-72.5007239509999,-38.6763223540792],[-72.5004041509999,-38.6765579210792],[-72.5005354979999,-38.6768905690793],[-72.5010380399999,-38.6765464990792]]]}},{"type":"Feature","properties":{"id":"9119101001010","commune":"Vilcún","code":"09119","gse":"C3","quintil":"Q3","nse_score":709.5,"educ":11.7,"educ_score":580.0,"hacin":0.944,"hacin_class":"Sin Hacinamiento","hacin_score":863.0,"auto_score":127.1,"n_per":101,"n_hog":49,"source_year":2024,"crime_score":0.1592,"crime_nivel":"Medio","crime_color":"#ff9800"},"geometry":{"type":"Polygon","coordinates":[[[-72.506786083,-38.6772871810792],[-72.5068674339999,-38.6774991330792],[-72.5080876799999,-38.6785833900792],[-72.508450433,-38.6782184780793],[-72.5086242809999,-38.6783415840792],[-72.5081676849999,-38.6786496110792],[-72.5098416829999,-38.6801668590792],[-72.510250718,-38.6798830880792],[-72.5098729779999,-38.6801949480792],[-72.5102893279999,-38.6805608070792],[-72.5108446209999,-38.6802640460792],[-72.5103147479999,-38.6805827810792],[-72.5121518309999,-38.6822895370792],[-72.5124648849999,-38.6827564700792],[-72.5127005939999,-38.6835058140792],[-72.5132932589999,-38.6832420700792],[-72.5126978949999,-38.6835837520792],[-72.5125386309999,-38.6846983850792],[-72.5136651349999,-38.6842510940792],[-72.5136670269999,-38.6841168530792],[-72.5133449599999,-38.6838769760792],[-72.5134455429999,-38.6835280890792],[-72.5142080449999,-38.6829536060792],[-72.5135736429999,-38.6828376030792],[-72.5132377129999,-38.6822563740792],[-72.5132185159999,-38.6816612110792],[-72.51262965,-38.6808232590792],[-72.5123134709999,-38.6805585420792],[-72.5114342799999,-38.6801946760792],[-72.5107596659999,-38.6794470120792],[-72.5101555339999,-38.6790439850793],[-72.5094689439999,-38.6789377300792],[-72.5092853769999,-38.6787089550792],[-72.5092501769999,-38.6782759340792],[-72.5088730659999,-38.6779170690792],[-72.5084096909999,-38.6779399020792],[-72.5080012469999,-38.6777757470792],[-72.5078868139999,-38.6765381350792],[-72.506786083,-38.6772871810792]]]}},{"type":"Feature","properties":{"id":"9119101001011","commune":"Vilcún","code":"09119","gse":"C1","quintil":"Q5","nse_score":787.6,"educ":13.4,"educ_score":693.3,"hacin":1.429,"hacin_class":"Hacinamiento Leve","hacin_score":759.9,"auto_score":382.4,"n_per":60,"n_hog":18,"source_year":2024,"crime_score":0.1493,"crime_nivel":"Medio","crime_color":"#ff9800"},"geometry":{"type":"Polygon","coordinates":[[[-72.5006924539999,-38.6772114240793],[-72.5012493359999,-38.6768605880793],[-72.5013264749999,-38.6767881720792],[-72.5010817699999,-38.6765884420793],[-72.5005764839999,-38.6769182080793],[-72.5006924539999,-38.6772114240793]]]}},{"type":"Feature","properties":{"id":"9119101001013","commune":"Vilcún","code":"09119","gse":"C2","quintil":"Q3","nse_score":713.2,"educ":13.1,"educ_score":673.3,"hacin":1.236,"hacin_class":"Hacinamiento Leve","hacin_score":800.8,"auto_score":200.0,"n_per":157,"n_hog":53,"source_year":2024,"crime_score":0.1631,"crime_nivel":"Medio","crime_color":"#ff9800"},"geometry":{"type":"Polygon","coordinates":[[[-72.5040167989999,-38.6776441780792],[-72.5037697739999,-38.6774541890792],[-72.5033111999999,-38.6777685110792],[-72.5036310519999,-38.6781595630792],[-72.5042546109999,-38.6778431050793],[-72.5036603709999,-38.6782102550792],[-72.5038815889999,-38.6784430680792],[-72.5045392129999,-38.6780965280792],[-72.5039262519999,-38.6784842580792],[-72.5041283999999,-38.6786706900792],[-72.5048268009999,-38.6783043890792],[-72.5041730719999,-38.6787118890792],[-72.5043307879999,-38.6788573430792],[-72.5058133269999,-38.6778644210792],[-72.5046885789999,-38.6768435250792],[-72.5038249209999,-38.6774201160793],[-72.5040167989999,-38.6776441780792]]]}},{"type":"Feature","properties":{"id":"9119101001014","commune":"Vilcún","code":"09119","gse":"C2","quintil":"Q4","nse_score":773.4,"educ":13.3,"educ_score":686.7,"hacin":1.417,"hacin_class":"Hacinamiento Leve","hacin_score":762.4,"auto_score":275.0,"n_per":68,"n_hog":19,"source_year":2024,"crime_score":0.1511,"crime_nivel":"Medio","crime_color":"#ff9800"},"geometry":{"type":"Polygon","coordinates":[[[-72.5007282169999,-38.6772917830792],[-72.5009466679999,-38.6775116090793],[-72.5016094739999,-38.6770413440792],[-72.5013919829999,-38.6768496500793],[-72.5007282169999,-38.6772917830792]]]}},{"type":"Feature","properties":{"id":"9119101001015","commune":"Vilcún","code":"09119","gse":"C1","quintil":"Q5","nse_score":778.8,"educ":13.7,"educ_score":713.3,"hacin":1.31,"hacin_class":"Hacinamiento Leve","hacin_score":785.2,"auto_score":368.4,"n_per":55,"n_hog":18,"source_year":2024,"crime_score":0.1497,"crime_nivel":"Medio","crime_color":"#ff9800"},"geometry":{"type":"Polygon","coordinates":[[[-72.5012343859999,-38.6777813140793],[-72.5018994989999,-38.6773392070792],[-72.5019032119999,-38.6773117340792],[-72.5016718379999,-38.6771041490792],[-72.5009954599999,-38.6775422560792],[-72.5012343859999,-38.6777813140793]]]}},{"type":"Feature","properties":{"id":"9119101001016","commune":"Vilcún","code":"09119","gse":"C1","quintil":"Q5","nse_score":781.0,"educ":13.2,"educ_score":680.0,"hacin":1.465,"hacin_class":"Hacinamiento Leve","hacin_score":752.1,"auto_score":416.7,"n_per":63,"n_hog":18,"source_year":2024,"crime_score":0.1501,"crime_nivel":"Medio","crime_color":"#ff9800"},"geometry":{"type":"Polygon","coordinates":[[[-72.5014943339999,-38.6780345360792],[-72.5021941259999,-38.6775967680792],[-72.5021920869999,-38.6775561320792],[-72.5019528099999,-38.6773729340792],[-72.5012905109999,-38.6777982000792],[-72.5014943339999,-38.6780345360792]]]}},{"type":"Feature","properties":{"id":"9119101001018","commune":"Vilcún","code":"09119","gse":"C3","quintil":"Q3","nse_score":696.4,"educ":12.4,"educ_score":626.7,"hacin":1.256,"hacin_class":"Hacinamiento Leve","hacin_score":796.7,"auto_score":213.3,"n_per":221,"n_hog":74,"source_year":2024,"crime_score":0.1696,"crime_nivel":"Medio","crime_color":"#ff9800"},"geometry":{"type":"Polygon","coordinates":[[[-72.5053167799999,-38.6782810630792],[-72.5058116369999,-38.6787935950792],[-72.5064219999999,-38.6784146290792],[-72.5058953839999,-38.6788165320792],[-72.5060963569999,-38.6790379650792],[-72.5067613169999,-38.6786925940792],[-72.5061543529999,-38.6790772730792],[-72.5063868009999,-38.6793410190792],[-72.5070630589999,-38.6789350760792],[-72.5064173,-38.6793679780792],[-72.506645955,-38.6795708000792],[-72.5072194659999,-38.6792290800792],[-72.5070259739999,-38.6782537070793],[-72.5064071349999,-38.6775993150792],[-72.5053167799999,-38.6782810630792]]]}},{"type":"Feature","properties":{"id":"9119101001020","commune":"Vilcún","code":"09119","gse":"C1","quintil":"Q5","nse_score":780.0,"educ":13.2,"educ_score":680.0,"hacin":1.429,"hacin_class":"Hacinamiento Leve","hacin_score":759.9,"auto_score":250.0,"n_per":70,"n_hog":20,"source_year":2024,"crime_score":0.1507,"crime_nivel":"Medio","crime_color":"#ff9800"},"geometry":{"type":"Polygon","coordinates":[[[-72.5015717449999,-38.6781164950792],[-72.5018297399999,-38.6783012130792],[-72.5024911169999,-38.6778165980792],[-72.5022328219999,-38.6776405110792],[-72.5015717449999,-38.6781164950792]]]}},{"type":"Feature","properties":{"id":"9119101001022","commune":"Vilcún","code":"09119","gse":"C3","quintil":"Q3","nse_score":684.8,"educ":12.9,"educ_score":660.0,"hacin":1.391,"hacin_class":"Hacinamiento Leve","hacin_score":767.8,"auto_score":142.9,"n_per":64,"n_hog":20,"source_year":2024,"crime_score":0.1586,"crime_nivel":"Medio","crime_color":"#ff9800"},"geometry":{"type":"Polygon","coordinates":[[[-72.5018500959999,-38.6783890910792],[-72.5021058649999,-38.6785586480792],[-72.502759136,-38.6780695400793],[-72.5025174289999,-38.6778916490792],[-72.5018500959999,-38.6783890910792]]]}},{"type":"Feature","properties":{"id":"9119101001023","commune":"Vilcún","code":"09119","gse":"C3","quintil":"Q3","nse_score":686.2,"educ":12.2,"educ_score":613.3,"hacin":1.226,"hacin_class":"Hacinamiento Leve","hacin_score":802.9,"auto_score":181.8,"n_per":65,"n_hog":22,"source_year":2024,"crime_score":0.1585,"crime_nivel":"Medio","crime_color":"#ff9800"},"geometry":{"type":"Polygon","coordinates":[[[-72.5028289249999,-38.6789760410792],[-72.5037274709999,-38.6783843720792],[-72.503557198,-38.6781632860792],[-72.5025817499999,-38.6787762500792],[-72.5028289249999,-38.6789760410792]]]}},{"type":"Feature","properties":{"id":"9119101001024","commune":"Vilcún","code":"09119","gse":"C1","quintil":"Q5","nse_score":795.1,"educ":13.9,"educ_score":726.7,"hacin":1.339,"hacin_class":"Hacinamiento Leve","hacin_score":779.0,"auto_score":215.5,"n_per":162,"n_hog":56,"source_year":2024,"crime_score":0.156,"crime_nivel":"Medio","crime_color":"#ff9800"},"geometry":{"type":"Polygon","coordinates":[[[-72.5032323189999,-38.6795323660792],[-72.5024649429999,-38.6787935430792],[-72.5020437779999,-38.6786543450792],[-72.5016404599999,-38.6783009950792],[-72.5012192949999,-38.6785615460792],[-72.5013456449999,-38.6788734930792],[-72.501693998,-38.6787064550792],[-72.5013542109999,-38.6789220340792],[-72.5015141099999,-38.6792418340792],[-72.5019766779999,-38.6789905630792],[-72.5015683619999,-38.6792789530792],[-72.5018067839999,-38.6795116650792],[-72.5022579299999,-38.6792875190792],[-72.501862463,-38.6795445010792],[-72.5021080239999,-38.6797829230792],[-72.5025605969999,-38.6795744820792],[-72.5021579929999,-38.6798271810792],[-72.5023892759999,-38.6800670310792],[-72.5032323189999,-38.6795323660792]]]}},{"type":"Feature","properties":{"id":"9119101001025","commune":"Vilcún","code":"09119","gse":"C2","quintil":"Q4","nse_score":744.5,"educ":13.4,"educ_score":693.3,"hacin":1.357,"hacin_class":"Hacinamiento Leve","hacin_score":775.1,"auto_score":144.2,"n_per":133,"n_hog":49,"source_year":2024,"crime_score":0.1585,"crime_nivel":"Medio","crime_color":"#ff9800"},"geometry":{"type":"Polygon","coordinates":[[[-72.5068260809999,-38.6803099620793],[-72.5081226709999,-38.6813746960792],[-72.5084865949999,-38.6813826350792],[-72.5096691769999,-38.6805544420792],[-72.5094830009999,-38.6804228420792],[-72.5090236519999,-38.6807230170792],[-72.5094594549999,-38.6803639950792],[-72.5072014969999,-38.6783339200792],[-72.5073342709999,-38.6789986140793],[-72.5072728779999,-38.6796281710792],[-72.5068260809999,-38.6803099620793]]]}},{"type":"Feature","properties":{"id":"9119101001026","commune":"Vilcún","code":"09119","gse":"C2","quintil":"Q4","nse_score":742.3,"educ":11.9,"educ_score":593.3,"hacin":1.237,"hacin_class":"Hacinamiento Leve","hacin_score":800.6,"auto_score":175.9,"n_per":172,"n_hog":52,"source_year":2024,"crime_score":0.1616,"crime_nivel":"Medio","crime_color":"#ff9800"},"geometry":{"type":"Polygon","coordinates":[[[-72.5052637589999,-38.6783574830793],[-72.5043885769999,-38.6789114180792],[-72.5045932039999,-38.6791096890792],[-72.5052378819999,-38.6787612140793],[-72.5046365659999,-38.6791517040792],[-72.5048809189999,-38.6793884640792],[-72.5055718049999,-38.6789982260792],[-72.5049242919999,-38.6794304900792],[-72.5051639469999,-38.6796626960792],[-72.5060287619999,-38.6791197140792],[-72.5052637589999,-38.6783574830793]]]}},{"type":"Feature","properties":{"id":"9119101001027","commune":"Vilcún","code":"09119","gse":"C2","quintil":"Q4","nse_score":747.8,"educ":12.3,"educ_score":620.0,"hacin":1.3,"hacin_class":"Hacinamiento Leve","hacin_score":787.2,"auto_score":45.5,"n_per":65,"n_hog":22,"source_year":2024,"crime_score":0.1531,"crime_nivel":"Medio","crime_color":"#ff9800"},"geometry":{"type":"Polygon","coordinates":[[[-72.5030470379999,-38.6792230530792],[-72.5039810099999,-38.6786182020792],[-72.5037721179999,-38.6784255490792],[-72.5028455649999,-38.6790356590793],[-72.5030470379999,-38.6792230530792]]]}},{"type":"Feature","properties":{"id":"9119101001028","commune":"Vilcún","code":"09119","gse":"C1","quintil":"Q5","nse_score":800.2,"educ":13.1,"educ_score":673.3,"hacin":1.382,"hacin_class":"Hacinamiento Leve","hacin_score":769.7,"auto_score":115.4,"n_per":47,"n_hog":13,"source_year":2024,"crime_score":0.1473,"crime_nivel":"Medio","crime_color":"#ff9800"},"geometry":{"type":"Polygon","coordinates":[[[-72.5040256619999,-38.6786593830793],[-72.5030914669999,-38.6792643780792],[-72.5033368929999,-38.6794926540792],[-72.5042715829999,-38.6788861820792],[-72.5040256619999,-38.6786593830793]]]}},{"type":"Feature","properties":{"id":"9119101001029","commune":"Vilcún","code":"09119","gse":"C2","quintil":"Q3","nse_score":718.6,"educ":13.2,"educ_score":680.0,"hacin":1.197,"hacin_class":"Hacinamiento Leve","hacin_score":809.2,"auto_score":153.8,"n_per":73,"n_hog":23,"source_year":2024,"crime_score":0.1563,"crime_nivel":"Medio","crime_color":"#ff9800"},"geometry":{"type":"Polygon","coordinates":[[[-72.5035348929999,-38.6794415930792],[-72.5040541179999,-38.6799404030792],[-72.504828416,-38.6794235130792],[-72.5045834739999,-38.6791861820792],[-72.5040756509999,-38.6794457780792],[-72.5045401119999,-38.6791441660792],[-72.5043353799999,-38.6789457930792],[-72.5035348929999,-38.6794415930792]]]}},{"type":"Feature","properties":{"id":"9119101001030","commune":"Vilcún","code":"09119","gse":"C2","quintil":"Q4","nse_score":729.9,"educ":12.4,"educ_score":626.7,"hacin":1.148,"hacin_class":"Hacinamiento Leve","hacin_score":819.5,"auto_score":250.0,"n_per":62,"n_hog":23,"source_year":2024,"crime_score":0.1545,"crime_nivel":"Medio","crime_color":"#ff9800"},"geometry":{"type":"Polygon","coordinates":[[[-72.5060656279999,-38.6791458810792],[-72.5052073079999,-38.6797047090792],[-72.5054372029999,-38.6799274570792],[-72.5063293739999,-38.6793663850792],[-72.5060656279999,-38.6791458810792]]]}},{"type":"Feature","properties":{"id":"9119101001031","commune":"Vilcún","code":"09119","gse":"C2","quintil":"Q4","nse_score":762.7,"educ":12.5,"educ_score":633.3,"hacin":1.329,"hacin_class":"Hacinamiento Leve","hacin_score":781.2,"auto_score":232.1,"n_per":93,"n_hog":28,"source_year":2024,"crime_score":0.1539,"crime_nivel":"Medio","crime_color":"#ff9800"},"geometry":{"type":"Polygon","coordinates":[[[-72.5072386419999,-38.6792826000792],[-72.5064466869999,-38.6798112580792],[-72.5067426529999,-38.6801055780792],[-72.5063931689999,-38.6798453330792],[-72.5061183759999,-38.6800202910792],[-72.5065063849999,-38.6803953100792],[-72.5060648639999,-38.6800543620792],[-72.5057651369999,-38.6802451930792],[-72.5062670099999,-38.6807211870792],[-72.5070673559999,-38.6799213290792],[-72.5072386419999,-38.6792826000792]]]}},{"type":"Feature","properties":{"id":"9119101001032","commune":"Vilcún","code":"09119","gse":"C2","quintil":"Q4","nse_score":769.7,"educ":13.1,"educ_score":673.3,"hacin":1.208,"hacin_class":"Hacinamiento Leve","hacin_score":806.9,"auto_score":229.2,"n_per":64,"n_hog":24,"source_year":2024,"crime_score":0.1512,"crime_nivel":"Medio","crime_color":"#ff9800"},"geometry":{"type":"Polygon","coordinates":[[[-72.5063740059999,-38.6794075980792],[-72.5054805639999,-38.6799694700792],[-72.5057217759999,-38.6802031800792],[-72.5066177879999,-38.6796326980792],[-72.5063740059999,-38.6794075980792]]]}},{"type":"Feature","properties":{"id":"9119101001033","commune":"Vilcún","code":"09119","gse":"C2","quintil":"Q4","nse_score":724.8,"educ":11.9,"educ_score":593.3,"hacin":1.122,"hacin_class":"Hacinamiento Leve","hacin_score":825.1,"auto_score":225.0,"n_per":46,"n_hog":18,"source_year":2024,"crime_score":0.1537,"crime_nivel":"Medio","crime_color":"#ff9800"},"geometry":{"type":"Polygon","coordinates":[[[-72.5043229079999,-38.6801986190792],[-72.5051104519999,-38.6796967840792],[-72.5048717899999,-38.6794655400792],[-72.5040977129999,-38.6799822830792],[-72.5043229079999,-38.6801986190792]]]}},{"type":"Feature","properties":{"id":"9119101001035","commune":"Vilcún","code":"09119","gse":"C2","quintil":"Q4","nse_score":769.5,"educ":13.2,"educ_score":680.0,"hacin":1.237,"hacin_class":"Hacinamiento Leve","hacin_score":800.6,"auto_score":316.2,"n_per":193,"n_hog":65,"source_year":2024,"crime_score":0.1606,"crime_nivel":"Medio","crime_color":"#ff9800"},"geometry":{"type":"Polygon","coordinates":[[[-72.5024616819999,-38.6801674200792],[-72.5029719969999,-38.6806576010792],[-72.5036311079999,-38.6802447640792],[-72.5040046829999,-38.6805410070792],[-72.5046756799999,-38.6814785750792],[-72.5043599659999,-38.6811037200792],[-72.504031601,-38.6812726620792],[-72.5042707369999,-38.6816795490792],[-72.5039697349999,-38.6812750410792],[-72.5036604049999,-38.6814130500792],[-72.5039308289999,-38.6818771850792],[-72.5061819279999,-38.6807349360792],[-72.5057116239999,-38.6802792640792],[-72.5054090829999,-38.6804718850792],[-72.5058427809999,-38.6808970940792],[-72.5053555669999,-38.6805059570792],[-72.5050826589999,-38.6806797090792],[-72.5054431019999,-38.6811032000792],[-72.5050600089999,-38.6806963120792],[-72.5048767909999,-38.6808057670792],[-72.5034895649999,-38.6794744580792],[-72.5024616819999,-38.6801674200792]]]}},{"type":"Feature","properties":{"id":"9119101001036","commune":"Vilcún","code":"09119","gse":"C2","quintil":"Q4","nse_score":758.9,"educ":12.7,"educ_score":646.7,"hacin":1.326,"hacin_class":"Hacinamiento Leve","hacin_score":781.8,"auto_score":314.3,"n_per":114,"n_hog":33,"source_year":2024,"crime_score":0.1558,"crime_nivel":"Medio","crime_color":"#ff9800"},"geometry":{"type":"Polygon","coordinates":[[[-72.5004641879999,-38.6799438740792],[-72.5001777439999,-38.6796806160792],[-72.4998253409999,-38.6797790650792],[-72.5004383669999,-38.6803581440792],[-72.5013261989999,-38.6797718510792],[-72.5010823649999,-38.6795548760792],[-72.5004641879999,-38.6799438740792]]]}},{"type":"Feature","properties":{"id":"9119101001037","commune":"Vilcún","code":"09119","gse":"C2","quintil":"Q3","nse_score":714.1,"educ":11.8,"educ_score":586.7,"hacin":1.405,"hacin_class":"Hacinamiento Leve","hacin_score":764.9,"auto_score":159.1,"n_per":59,"n_hog":21,"source_year":2024,"crime_score":0.1556,"crime_nivel":"Medio","crime_color":"#ff9800"},"geometry":{"type":"Polygon","coordinates":[[[-72.5045931649999,-38.6804582440792],[-72.5053834279999,-38.6799612740792],[-72.5051538129999,-38.6797387970792],[-72.5043664929999,-38.6802404890792],[-72.5045931649999,-38.6804582440792]]]}},{"type":"Feature","properties":{"id":"9119101001038","commune":"Vilcún","code":"09119","gse":"C1","quintil":"Q5","nse_score":795.0,"educ":12.6,"educ_score":640.0,"hacin":1.256,"hacin_class":"Hacinamiento Leve","hacin_score":796.6,"auto_score":323.5,"n_per":54,"n_hog":17,"source_year":2024,"crime_score":0.1482,"crime_nivel":"Medio","crime_color":"#ff9800"},"geometry":{"type":"Polygon","coordinates":[[[-72.4988977939999,-38.6804409670792],[-72.499741405,-38.6799132200792],[-72.4997566839999,-38.6798481960792],[-72.4990611199999,-38.6799292880792],[-72.498634309,-38.6802014250792],[-72.4988977939999,-38.6804409670792]]]}},{"type":"Feature","properties":{"id":"9119101001039","commune":"Vilcún","code":"09119","gse":"C2","quintil":"Q4","nse_score":733.3,"educ":13.8,"educ_score":720.0,"hacin":1.277,"hacin_class":"Hacinamiento Leve","hacin_score":792.1,"auto_score":288.5,"n_per":83,"n_hog":25,"source_year":2024,"crime_score":0.1558,"crime_nivel":"Medio","crime_color":"#ff9800"},"geometry":{"type":"Polygon","coordinates":[[[-72.5007535309999,-38.6806177370792],[-72.5015899159999,-38.6800689940792],[-72.5016005759999,-38.6800278770792],[-72.5013454969999,-38.6798340200792],[-72.5004972549999,-38.6803829840792],[-72.5007535309999,-38.6806177370792]]]}},{"type":"Feature","properties":{"id":"9119101001040","commune":"Vilcún","code":"09119","gse":"C1","quintil":"Q5","nse_score":785.9,"educ":13.5,"educ_score":700.0,"hacin":1.352,"hacin_class":"Hacinamiento Leve","hacin_score":776.2,"auto_score":307.7,"n_per":73,"n_hog":25,"source_year":2024,"crime_score":0.1504,"crime_nivel":"Medio","crime_color":"#ff9800"},"geometry":{"type":"Polygon","coordinates":[[[-72.4991665779999,-38.6807162230792],[-72.5000566569999,-38.6801889360792],[-72.5000575559999,-38.6801157760792],[-72.4997901549999,-38.6799337490792],[-72.498912721,-38.6804789910792],[-72.4991665779999,-38.6807162230792]]]}},{"type":"Feature","properties":{"id":"9119101001042","commune":"Vilcún","code":"09119","gse":"C1","quintil":"Q5","nse_score":786.7,"educ":14.3,"educ_score":753.3,"hacin":1.232,"hacin_class":"Hacinamiento Leve","hacin_score":801.7,"auto_score":206.9,"n_per":69,"n_hog":26,"source_year":2024,"crime_score":0.15,"crime_nivel":"Medio","crime_color":"#ff9800"},"geometry":{"type":"Polygon","coordinates":[[[-72.4988009219999,-38.6845281340792],[-72.5005329129999,-38.6833783010792],[-72.5006567419999,-38.6834906080792],[-72.5018416659999,-38.6827387930792],[-72.5017282289999,-38.6826177570792],[-72.5018953739999,-38.6825056760792],[-72.5024384569999,-38.6830361290792],[-72.5028135109999,-38.6826683330792],[-72.502695178,-38.6825567480792],[-72.5024919349999,-38.6827131410792],[-72.5020690939999,-38.6823714580792],[-72.500301696,-38.6835027780792],[-72.4988840419999,-38.6822024730792],[-72.4990426549999,-38.6822283360792],[-72.4999750439999,-38.6816054560792],[-72.4981759999999,-38.6800069190792],[-72.4980351359999,-38.6804637750792],[-72.4981607719999,-38.6814422100792],[-72.4979780289999,-38.6817125160792],[-72.4988009219999,-38.6845281340792]]]}},{"type":"Feature","properties":{"id":"9119101001043","commune":"Vilcún","code":"09119","gse":"C2","quintil":"Q4","nse_score":774.5,"educ":12.8,"educ_score":653.3,"hacin":1.375,"hacin_class":"Hacinamiento Leve","hacin_score":771.3,"auto_score":227.3,"n_per":66,"n_hog":22,"source_year":2024,"crime_score":0.1509,"crime_nivel":"Medio","crime_color":"#ff9800"},"geometry":{"type":"Polygon","coordinates":[[[-72.504883333,-38.6807369940792],[-72.5053393669999,-38.6804466510792],[-72.5056682629999,-38.6802372510792],[-72.5054267899999,-38.6800032870792],[-72.5046367509999,-38.6805001160792],[-72.504883333,-38.6807369940792]]]}},{"type":"Feature","properties":{"id":"9119101001044","commune":"Vilcún","code":"09119","gse":"C1","quintil":"Q5","nse_score":789.1,"educ":14.0,"educ_score":733.3,"hacin":1.209,"hacin_class":"Hacinamiento Leve","hacin_score":806.6,"auto_score":288.5,"n_per":81,"n_hog":26,"source_year":2024,"crime_score":0.1507,"crime_nivel":"Medio","crime_color":"#ff9800"},"geometry":{"type":"Polygon","coordinates":[[[-72.5010817059999,-38.6809044150792],[-72.5018975329999,-38.6803918390792],[-72.5019051469999,-38.6803035140792],[-72.5016386439999,-38.6800944410792],[-72.5007798889999,-38.6806561300792],[-72.5010817059999,-38.6809044150792]]]}},{"type":"Feature","properties":{"id":"9119101001045","commune":"Vilcún","code":"09119","gse":"C1","quintil":"Q5","nse_score":777.1,"educ":13.7,"educ_score":713.3,"hacin":1.431,"hacin_class":"Hacinamiento Leve","hacin_score":759.3,"auto_score":340.0,"n_per":73,"n_hog":23,"source_year":2024,"crime_score":0.1512,"crime_nivel":"Medio","crime_color":"#ff9800"},"geometry":{"type":"Polygon","coordinates":[[[-72.4994617169999,-38.6809883110792],[-72.5003132579999,-38.6804452830792],[-72.5003381909999,-38.6803872360792],[-72.5001002669999,-38.6801969820792],[-72.4991819209999,-38.6807400180792],[-72.4994617169999,-38.6809883110792]]]}},{"type":"Feature","properties":{"id":"9119101001046","commune":"Vilcún","code":"09119","gse":"C2","quintil":"Q4","nse_score":760.2,"educ":13.3,"educ_score":686.7,"hacin":1.506,"hacin_class":"Hacinamiento Medio","hacin_score":743.4,"auto_score":287.5,"n_per":128,"n_hog":38,"source_year":2024,"crime_score":0.1567,"crime_nivel":"Medio","crime_color":"#ff9800"},"geometry":{"type":"Polygon","coordinates":[[[-72.5021256549999,-38.6803967020792],[-72.5032429189999,-38.6815634860792],[-72.503536773,-38.6814141140792],[-72.5024126229999,-38.6802008950792],[-72.5021256549999,-38.6803967020792]]]}},{"type":"Feature","properties":{"id":"9119101001047","commune":"Vilcún","code":"09119","gse":"C2","quintil":"Q3","nse_score":711.5,"educ":14.0,"educ_score":733.3,"hacin":1.283,"hacin_class":"Hacinamiento Leve","hacin_score":790.9,"auto_score":357.1,"n_per":59,"n_hog":19,"source_year":2024,"crime_score":0.1559,"crime_nivel":"Medio","crime_color":"#ff9800"},"geometry":{"type":"Polygon","coordinates":[[[-72.5033620199999,-38.6804784570792],[-72.5039787769999,-38.6811922950792],[-72.5043016699999,-38.6810124080792],[-72.5037160839999,-38.6803204610792],[-72.5033620199999,-38.6804784570792]]]}},{"type":"Feature","properties":{"id":"9119101001048","commune":"Vilcún","code":"09119","gse":"C2","quintil":"Q4","nse_score":733.7,"educ":11.8,"educ_score":586.7,"hacin":1.312,"hacin_class":"Hacinamiento Leve","hacin_score":784.6,"auto_score":227.3,"n_per":42,"n_hog":11,"source_year":2024,"crime_score":0.1527,"crime_nivel":"Medio","crime_color":"#ff9800"},"geometry":{"type":"Polygon","coordinates":[[[-72.5058373089999,-38.6810529890792],[-72.5060715319999,-38.6812163340792],[-72.5069932769999,-38.6805143130792],[-72.5067786739999,-38.6803492080792],[-72.5058373089999,-38.6810529890792]]]}},{"type":"Feature","properties":{"id":"9119101001049","commune":"Vilcún","code":"09119","gse":"C2","quintil":"Q3","nse_score":713.2,"educ":14.7,"educ_score":780.0,"hacin":1.4,"hacin_class":"Hacinamiento Leve","hacin_score":766.0,"auto_score":285.7,"n_per":21,"n_hog":7,"source_year":2024,"crime_score":0.1528,"crime_nivel":"Medio","crime_color":"#ff9800"},"geometry":{"type":"Polygon","coordinates":[[[-72.5014174959999,-38.6812185040792],[-72.5022691609999,-38.6806646710792],[-72.5022728749999,-38.6806294040792],[-72.5020127049999,-38.6804177410792],[-72.5011094989999,-38.6809824060792],[-72.5014174959999,-38.6812185040792]]]}},{"type":"Feature","properties":{"id":"9119101001050","commune":"Vilcún","code":"09119","gse":"C2","quintil":"Q4","nse_score":773.7,"educ":13.4,"educ_score":693.3,"hacin":1.36,"hacin_class":"Hacinamiento Leve","hacin_score":774.5,"auto_score":240.0,"n_per":68,"n_hog":22,"source_year":2024,"crime_score":0.1511,"crime_nivel":"Medio","crime_color":"#ff9800"},"geometry":{"type":"Polygon","coordinates":[[[-72.4997507069999,-38.6812448440792],[-72.5006206879999,-38.6807057400792],[-72.5006247139999,-38.6806598240792],[-72.5003659699999,-38.6804557930792],[-72.4994960089999,-38.6810072790792],[-72.4997507069999,-38.6812448440792]]]}},{"type":"Feature","properties":{"id":"9119101001051","commune":"Vilcún","code":"09119","gse":"C1","quintil":"Q5","nse_score":781.3,"educ":13.7,"educ_score":713.3,"hacin":1.288,"hacin_class":"Hacinamiento Leve","hacin_score":789.7,"auto_score":250.0,"n_per":67,"n_hog":21,"source_year":2024,"crime_score":0.1504,"crime_nivel":"Medio","crime_color":"#ff9800"},"geometry":{"type":"Polygon","coordinates":[[[-72.503942133,-38.6812165660792],[-72.503325377,-38.6804998720792],[-72.5030255649999,-38.6806940360792],[-72.5035780759999,-38.6813250690792],[-72.503942133,-38.6812165660792]]]}},{"type":"Feature","properties":{"id":"9119101001052","commune":"Vilcún","code":"09119","gse":"C3","quintil":"Q3","nse_score":704.7,"educ":12.1,"educ_score":606.7,"hacin":1.567,"hacin_class":"Hacinamiento Medio","hacin_score":730.5,"auto_score":142.9,"n_per":47,"n_hog":14,"source_year":2024,"crime_score":0.1555,"crime_nivel":"Medio","crime_color":"#ff9800"},"geometry":{"type":"Polygon","coordinates":[[[-72.5067226819999,-38.6812645150792],[-72.5073539569999,-38.6808012150792],[-72.5070421989999,-38.6805523970792],[-72.5063425909999,-38.6810886240792],[-72.5067226819999,-38.6812645150792]]]}},{"type":"Feature","properties":{"id":"9119101001053","commune":"Vilcún","code":"09119","gse":"C1","quintil":"Q5","nse_score":808.3,"educ":14.6,"educ_score":773.3,"hacin":1.131,"hacin_class":"Hacinamiento Leve","hacin_score":823.2,"auto_score":40.0,"n_per":69,"n_hog":25,"source_year":2024,"crime_score":0.1481,"crime_nivel":"Medio","crime_color":"#ff9800"},"geometry":{"type":"Polygon","coordinates":[[[-72.5078948259999,-38.6818160300792],[-72.5095389289999,-38.6822309380792],[-72.5096990399999,-38.6820360350792],[-72.5097098529999,-38.6810738970792],[-72.5098982219999,-38.6807532080792],[-72.5097151029999,-38.6806353490792],[-72.5091912629999,-38.6809816720792],[-72.5094382469999,-38.6812679270792],[-72.5091321449999,-38.6810209990792],[-72.5087992109999,-38.6812605520792],[-72.5095557589999,-38.6819924190792],[-72.5087952299999,-38.6813398980792],[-72.5084269319999,-38.6814961460792],[-72.5080922749999,-38.6814238570792],[-72.5077444089999,-38.6811402730792],[-72.5073236769999,-38.6814379680792],[-72.5078948259999,-38.6818160300792]]]}},{"type":"Feature","properties":{"id":"9119101001055","commune":"Vilcún","code":"09119","gse":"C2","quintil":"Q4","nse_score":759.7,"educ":13.5,"educ_score":700.0,"hacin":1.271,"hacin_class":"Hacinamiento Leve","hacin_score":793.4,"auto_score":208.3,"n_per":61,"n_hog":22,"source_year":2024,"crime_score":0.1518,"crime_nivel":"Medio","crime_color":"#ff9800"},"geometry":{"type":"Polygon","coordinates":[[[-72.5016770459999,-38.6815226190792],[-72.5025196019999,-38.6809715190792],[-72.5023554709999,-38.6807098190792],[-72.5014130199999,-38.6812572350792],[-72.5016770459999,-38.6815226190792]]]}},{"type":"Feature","properties":{"id":"9119101001056","commune":"Vilcún","code":"09119","gse":"ABC1","quintil":"Q5","nse_score":824.6,"educ":13.7,"educ_score":713.3,"hacin":1.071,"hacin_class":"Hacinamiento Leve","hacin_score":835.9,"auto_score":326.9,"n_per":60,"n_hog":26,"source_year":2024,"crime_score":0.1461,"crime_nivel":"Medio","crime_color":"#ff9800"},"geometry":{"type":"Polygon","coordinates":[[[-72.5000666449999,-38.6815329250792],[-72.5008468629999,-38.6810443370792],[-72.5009316809999,-38.6809341820792],[-72.5006556169999,-38.6807217950792],[-72.499752929,-38.6812846770792],[-72.5000666449999,-38.6815329250792]]]}},{"type":"Feature","properties":{"id":"9119101001057","commune":"Vilcún","code":"09119","gse":"C3","quintil":"Q2","nse_score":678.5,"educ":10.1,"educ_score":473.3,"hacin":1.182,"hacin_class":"Hacinamiento Leve","hacin_score":812.4,"auto_score":90.9,"n_per":26,"n_hog":11,"source_year":2024,"crime_score":0.1562,"crime_nivel":"Medio","crime_color":"#ff9800"},"geometry":{"type":"Polygon","coordinates":[[[-72.5072505969999,-38.6814168770792],[-72.5076982139999,-38.6811001590792],[-72.5074001589999,-38.6808413360792],[-72.506795081,-38.6812854100792],[-72.5072505969999,-38.6814168770792]]]}},{"type":"Feature","properties":{"id":"9119101001058","commune":"Vilcún","code":"09119","gse":"C2","quintil":"Q3","nse_score":715.5,"educ":13.1,"educ_score":673.3,"hacin":1.444,"hacin_class":"Hacinamiento Leve","hacin_score":756.5,"auto_score":230.8,"n_per":65,"n_hog":23,"source_year":2024,"crime_score":0.156,"crime_nivel":"Medio","crime_color":"#ff9800"},"geometry":{"type":"Polygon","coordinates":[[[-72.5017566049999,-38.6815752750792],[-72.5020037939999,-38.6818112030792],[-72.5028745549999,-38.6812442450792],[-72.5026083749999,-38.6809599710792],[-72.5017566049999,-38.6815752750792]]]}},{"type":"Feature","properties":{"id":"9119101001059","commune":"Vilcún","code":"09119","gse":"C2","quintil":"Q4","nse_score":762.3,"educ":13.3,"educ_score":686.7,"hacin":1.157,"hacin_class":"Hacinamiento Leve","hacin_score":817.7,"auto_score":288.5,"n_per":59,"n_hog":24,"source_year":2024,"crime_score":0.1514,"crime_nivel":"Medio","crime_color":"#ff9800"},"geometry":{"type":"Polygon","coordinates":[[[-72.5003960169999,-38.6818638850792],[-72.501244057,-38.6813255220792],[-72.5012508189999,-38.6812519080792],[-72.5009697319999,-38.6810599460792],[-72.5001436039999,-38.6815749230792],[-72.5003960169999,-38.6818638850792]]]}},{"type":"Feature","properties":{"id":"9119101001060","commune":"Vilcún","code":"09119","gse":"C3","quintil":"Q3","nse_score":694.5,"educ":11.6,"educ_score":573.3,"hacin":1.368,"hacin_class":"Hacinamiento Leve","hacin_score":772.8,"auto_score":189.4,"n_per":197,"n_hog":61,"source_year":2024,"crime_score":0.1679,"crime_nivel":"Medio","crime_color":"#ff9800"},"geometry":{"type":"Polygon","coordinates":[[[-72.5077295909999,-38.6831322020792],[-72.5060781449999,-38.6812555540792],[-72.5057772739999,-38.6810799070792],[-72.5051872859999,-38.6813636620792],[-72.5052863059999,-38.6815579710792],[-72.5057886809999,-38.6813555940792],[-72.5056869199999,-38.6814153610792],[-72.5072061789999,-38.6832283150792],[-72.506965207,-38.6833361710792],[-72.507012158,-38.6834029680792],[-72.5077295909999,-38.6831322020792]]]}},{"type":"Feature","properties":{"id":"9119101001061","commune":"Vilcún","code":"09119","gse":"C2","quintil":"Q3","nse_score":720.8,"educ":11.2,"educ_score":546.7,"hacin":1.264,"hacin_class":"Hacinamiento Leve","hacin_score":794.9,"auto_score":68.2,"n_per":115,"n_hog":44,"source_year":2024,"crime_score":0.1593,"crime_nivel":"Medio","crime_color":"#ff9800"},"geometry":{"type":"Polygon","coordinates":[[[-72.5094194209999,-38.6823232030792],[-72.5077267289999,-38.6817775490792],[-72.5073866459999,-38.6814983710792],[-72.5063133979999,-38.6811217930792],[-72.5061253609999,-38.6812551210792],[-72.506411382,-38.6815953810792],[-72.5074922449999,-38.6819860730792],[-72.5091070319999,-38.6824769970792],[-72.5094194209999,-38.6823232030792]]]}},{"type":"Feature","properties":{"id":"9119101001062","commune":"Vilcún","code":"09119","gse":"C1","quintil":"Q5","nse_score":785.8,"educ":13.3,"educ_score":686.7,"hacin":1.32,"hacin_class":"Hacinamiento Leve","hacin_score":783.0,"auto_score":238.1,"n_per":66,"n_hog":21,"source_year":2024,"crime_score":0.1499,"crime_nivel":"Medio","crime_color":"#ff9800"},"geometry":{"type":"Polygon","coordinates":[[[-72.5020329649999,-38.6818390450792],[-72.5023259679999,-38.6821203420792],[-72.5031861089999,-38.6815941050792],[-72.5029009349999,-38.6812738690792],[-72.5020329649999,-38.6818390450792]]]}},{"type":"Feature","properties":{"id":"9119101001063","commune":"Vilcún","code":"09119","gse":"C1","quintil":"Q5","nse_score":784.6,"educ":13.6,"educ_score":706.7,"hacin":1.324,"hacin_class":"Hacinamiento Leve","hacin_score":782.1,"auto_score":288.5,"n_per":143,"n_hog":50,"source_year":2024,"crime_score":0.1556,"crime_nivel":"Medio","crime_color":"#ff9800"},"geometry":{"type":"Polygon","coordinates":[[[-72.5015711139999,-38.6815562190792],[-72.5013059799999,-38.6813247260792],[-72.5004223349999,-38.6819274720792],[-72.5006550279999,-38.6821310610792],[-72.5011560359999,-38.6818834060792],[-72.5006622569999,-38.6822023300792],[-72.5009346239999,-38.6824556280792],[-72.5013748209999,-38.6822223040792],[-72.5017816889999,-38.6825058270792],[-72.5022432119999,-38.6821415900792],[-72.5020326839999,-38.6819502670792],[-72.5017634599999,-38.6820702100792],[-72.5014033279999,-38.6817149210792],[-72.5015711139999,-38.6815562190792]]]}},{"type":"Feature","properties":{"id":"9119101001064","commune":"Vilcún","code":"09119","gse":"C3","quintil":"Q3","nse_score":692.0,"educ":11.4,"educ_score":560.0,"hacin":1.366,"hacin_class":"Hacinamiento Leve","hacin_score":773.1,"auto_score":194.4,"n_per":97,"n_hog":36,"source_year":2024,"crime_score":0.1605,"crime_nivel":"Medio","crime_color":"#ff9800"},"geometry":{"type":"Polygon","coordinates":[[[-72.5040701179999,-38.6819145510792],[-72.5041758109999,-38.6822301650792],[-72.5050257479999,-38.6819465650792],[-72.5052158649999,-38.6822735200792],[-72.5044406739999,-38.6826320390792],[-72.5045899979999,-38.6828904410792],[-72.5050726229999,-38.6827202610792],[-72.5050983129999,-38.6827574700792],[-72.504627292,-38.6829560990792],[-72.5048492909999,-38.6832456640792],[-72.5052970499999,-38.6831988210792],[-72.5056210199999,-38.6839238600792],[-72.5052505049999,-38.6841056670792],[-72.5063543279999,-38.6836932270792],[-72.5058512869999,-38.6836027110792],[-72.505859987,-38.6832006850792],[-72.5053547859999,-38.6829515730792],[-72.5055492609999,-38.6823944180792],[-72.5051507049999,-38.6813882130792],[-72.5040701179999,-38.6819145510792]]]}},{"type":"Feature","properties":{"id":"9119101001065","commune":"Vilcún","code":"09119","gse":"C2","quintil":"Q4","nse_score":751.2,"educ":12.5,"educ_score":633.3,"hacin":1.182,"hacin_class":"Hacinamiento Leve","hacin_score":812.4,"auto_score":166.7,"n_per":65,"n_hog":23,"source_year":2024,"crime_score":0.1529,"crime_nivel":"Medio","crime_color":"#ff9800"},"geometry":{"type":"Polygon","coordinates":[[[-72.5069575529999,-38.6834218610792],[-72.5069071049999,-38.6833525850792],[-72.5063368369999,-38.6836056070792],[-72.5066443729999,-38.6834161060792],[-72.5063626899999,-38.6830755130792],[-72.5060352929999,-38.6832391110792],[-72.5063318059999,-38.6830375400792],[-72.5060635469999,-38.6827131880792],[-72.5057530999999,-38.6828294880792],[-72.5060259729999,-38.6826677170792],[-72.5055039109999,-38.6820314280792],[-72.5054926989999,-38.6818797200792],[-72.5058450299999,-38.6817012820792],[-72.5056384979999,-38.6814559590792],[-72.5053168449999,-38.6816065190792],[-72.5055952719999,-38.6823823490792],[-72.505397823,-38.6829385010792],[-72.5058994029999,-38.6831821500792],[-72.5058894559999,-38.6835820050792],[-72.5063986729999,-38.6836729500792],[-72.5069575529999,-38.6834218610792]]]}},{"type":"Feature","properties":{"id":"9119101001066","commune":"Vilcún","code":"09119","gse":"C2","quintil":"Q4","nse_score":771.4,"educ":13.5,"educ_score":700.0,"hacin":1.259,"hacin_class":"Hacinamiento Leve","hacin_score":796.0,"auto_score":302.6,"n_per":107,"n_hog":37,"source_year":2024,"crime_score":0.1542,"crime_nivel":"Medio","crime_color":"#ff9800"},"geometry":{"type":"Polygon","coordinates":[[[-72.5030853309999,-38.6823241990792],[-72.5027058149999,-38.6819271640792],[-72.5023692349999,-38.6821625440792],[-72.502856016,-38.6826250110792],[-72.5039161089999,-38.6819651290792],[-72.5035777959999,-38.6814576530792],[-72.503175843,-38.6816639700792],[-72.5034905039999,-38.6820639490792],[-72.5031376729999,-38.6816840800792],[-72.5027422739999,-38.6819052240792],[-72.5030853309999,-38.6823241990792]]]}},{"type":"Feature","properties":{"id":"9119101001068","commune":"Vilcún","code":"09119","gse":"C3","quintil":"Q2","nse_score":679.6,"educ":11.1,"educ_score":540.0,"hacin":1.44,"hacin_class":"Hacinamiento Leve","hacin_score":757.4,"auto_score":181.8,"n_per":36,"n_hog":11,"source_year":2024,"crime_score":0.1569,"crime_nivel":"Medio","crime_color":"#ff9800"},"geometry":{"type":"Polygon","coordinates":[[[-72.5074569599999,-38.6820046660792],[-72.5073779099999,-38.6819296090792],[-72.5064870979999,-38.6816760830792],[-72.5070035389999,-38.6822151060792],[-72.5074569599999,-38.6820046660792]]]}},{"type":"Feature","properties":{"id":"9119101001069","commune":"Vilcún","code":"09119","gse":"C2","quintil":"Q4","nse_score":733.4,"educ":13.6,"educ_score":706.7,"hacin":1.333,"hacin_class":"Hacinamiento Leve","hacin_score":780.1,"auto_score":333.3,"n_per":16,"n_hog":5,"source_year":2024,"crime_score":0.1507,"crime_nivel":"Medio","crime_color":"#ff9800"},"geometry":{"type":"Polygon","coordinates":[[[-72.5002972369999,-38.6819740110792],[-72.4999957939999,-38.6817061780792],[-72.4991069769999,-38.6823278850792],[-72.4994115619999,-38.6825400040792],[-72.5002972369999,-38.6819740110792]]]}},{"type":"Feature","properties":{"id":"9119101001070","commune":"Vilcún","code":"09119","gse":"C2","quintil":"Q3","nse_score":713.2,"educ":11.9,"educ_score":593.3,"hacin":1.585,"hacin_class":"Hacinamiento Medio","hacin_score":726.5,"auto_score":236.8,"n_per":65,"n_hog":20,"source_year":2024,"crime_score":0.1562,"crime_nivel":"Medio","crime_color":"#ff9800"},"geometry":{"type":"Polygon","coordinates":[[[-72.5055530719999,-38.6819129270792],[-72.5060818419999,-38.6826359230792],[-72.5064677539999,-38.6824409550792],[-72.5058830049999,-38.6817463890792],[-72.5055530719999,-38.6819129270792]]]}},{"type":"Feature","properties":{"id":"9119101001071","commune":"Vilcún","code":"09119","gse":"C2","quintil":"Q3","nse_score":714.3,"educ":11.5,"educ_score":566.7,"hacin":1.242,"hacin_class":"Hacinamiento Leve","hacin_score":799.6,"auto_score":113.6,"n_per":113,"n_hog":41,"source_year":2024,"crime_score":0.1597,"crime_nivel":"Medio","crime_color":"#ff9800"},"geometry":{"type":"Polygon","coordinates":[[[-72.5032405609999,-38.6823085720792],[-72.5025244549999,-38.6829582130792],[-72.502635531,-38.6832951380792],[-72.5035973679999,-38.6831084700792],[-72.5035047879999,-38.6827833270792],[-72.5029202339999,-38.6828192970792],[-72.5032816499999,-38.6827634760792],[-72.50321292,-38.6825587070792],[-72.5033512789999,-38.6827501850792],[-72.5037995529999,-38.6826429940792],[-72.5036877699999,-38.6823227800792],[-72.5039305619999,-38.6827370850792],[-72.5035874079999,-38.6827453300792],[-72.5036649769999,-38.6830978250792],[-72.5045015749999,-38.6828984240792],[-72.5039629509999,-38.6819434220792],[-72.5032405609999,-38.6823085720792]]]}},{"type":"Feature","properties":{"id":"9119101001072","commune":"Vilcún","code":"09119","gse":"C2","quintil":"Q4","nse_score":724.9,"educ":12.0,"educ_score":600.0,"hacin":1.207,"hacin_class":"Hacinamiento Leve","hacin_score":807.0,"auto_score":71.4,"n_per":35,"n_hog":14,"source_year":2024,"crime_score":0.1529,"crime_nivel":"Medio","crime_color":"#ff9800"},"geometry":{"type":"Polygon","coordinates":[[[-72.5042453809999,-38.6822988360792],[-72.504450431,-38.6825592440792],[-72.5051619839999,-38.6822646160792],[-72.504980471,-38.6819982570792],[-72.5042453809999,-38.6822988360792]]]}},{"type":"Feature","properties":{"id":"9119101001073","commune":"Vilcún","code":"09119","gse":"ABC1","quintil":"Q5","nse_score":850.5,"educ":15.3,"educ_score":820.0,"hacin":1.179,"hacin_class":"Hacinamiento Leve","hacin_score":813.1,"auto_score":321.4,"n_per":33,"n_hog":13,"source_year":2024,"crime_score":0.1419,"crime_nivel":"Medio","crime_color":"#ff9800"},"geometry":{"type":"Polygon","coordinates":[[[-72.5003482389999,-38.6820130440792],[-72.4994518009999,-38.6825840050792],[-72.4994428259999,-38.6826353690792],[-72.4997070679999,-38.6828200390792],[-72.5005966419999,-38.6822650210792],[-72.5003482389999,-38.6820130440792]]]}},{"type":"Feature","properties":{"id":"9119101001074","commune":"Vilcún","code":"09119","gse":"C3","quintil":"Q3","nse_score":705.8,"educ":11.2,"educ_score":546.7,"hacin":1.233,"hacin_class":"Hacinamiento Leve","hacin_score":801.4,"auto_score":166.7,"n_per":37,"n_hog":14,"source_year":2024,"crime_score":0.1547,"crime_nivel":"Medio","crime_color":"#ff9800"},"geometry":{"type":"Polygon","coordinates":[[[-72.5075663479999,-38.6820663180792],[-72.50709545,-38.6822638990792],[-72.5073312869999,-38.6825842640792],[-72.5078961549999,-38.6823761980792],[-72.5079839199999,-38.6822242610792],[-72.5075663479999,-38.6820663180792]]]}},{"type":"Feature","properties":{"id":"9119101001076","commune":"Vilcún","code":"09119","gse":"C3","quintil":"Q3","nse_score":691.9,"educ":10.1,"educ_score":473.3,"hacin":1.469,"hacin_class":"Hacinamiento Leve","hacin_score":751.2,"auto_score":181.8,"n_per":72,"n_hog":25,"source_year":2024,"crime_score":0.1586,"crime_nivel":"Medio","crime_color":"#ff9800"},"geometry":{"type":"Polygon","coordinates":[[[-72.5080629309999,-38.6822189640792],[-72.5074031349999,-38.6826373110792],[-72.5076665649999,-38.6829660710792],[-72.5087949749999,-38.6824734130792],[-72.5080629309999,-38.6822189640792]]]}},{"type":"Feature","properties":{"id":"9119101001078","commune":"Vilcún","code":"09119","gse":"C2","quintil":"Q4","nse_score":762.0,"educ":14.3,"educ_score":753.3,"hacin":1.333,"hacin_class":"Hacinamiento Leve","hacin_score":780.1,"auto_score":300.0,"n_per":36,"n_hog":12,"source_year":2024,"crime_score":0.1498,"crime_nivel":"Medio","crime_color":"#ff9800"},"geometry":{"type":"Polygon","coordinates":[[[-72.5008768679999,-38.6825418300792],[-72.5006222939999,-38.6823188210792],[-72.4997486509999,-38.6829130830792],[-72.5000253459999,-38.6830972050792],[-72.5008768679999,-38.6825418300792]]]}},{"type":"Feature","properties":{"id":"9119101001080","commune":"Vilcún","code":"09119","gse":"C2","quintil":"Q4","nse_score":745.2,"educ":13.0,"educ_score":666.7,"hacin":1.419,"hacin_class":"Hacinamiento Leve","hacin_score":761.8,"auto_score":214.3,"n_per":44,"n_hog":15,"source_year":2024,"crime_score":0.1518,"crime_nivel":"Medio","crime_color":"#ff9800"},"geometry":{"type":"Polygon","coordinates":[[[-72.5067056319999,-38.6833908330792],[-72.5071137999999,-38.6832083120792],[-72.5065057299999,-38.6824860620792],[-72.5061193219999,-38.6826812800792],[-72.5067056319999,-38.6833908330792]]]}},{"type":"Feature","properties":{"id":"9119101001081","commune":"Vilcún","code":"09119","gse":"ABC1","quintil":"Q5","nse_score":857.1,"educ":15.8,"educ_score":853.3,"hacin":1.423,"hacin_class":"Hacinamiento Leve","hacin_score":761.0,"auto_score":437.5,"n_per":37,"n_hog":16,"source_year":2024,"crime_score":0.1416,"crime_nivel":"Medio","crime_color":"#ff9800"},"geometry":{"type":"Polygon","coordinates":[[[-72.5009107349999,-38.6825910650792],[-72.5000611399999,-38.6831441510792],[-72.5000581019999,-38.6831977750792],[-72.5003610819999,-38.6834131080792],[-72.5012008329999,-38.6828521800792],[-72.5009107349999,-38.6825910650792]]]}},{"type":"Feature","properties":{"id":"9119101001082","commune":"Vilcún","code":"09119","gse":"C3","quintil":"Q3","nse_score":697.6,"educ":10.8,"educ_score":520.0,"hacin":1.431,"hacin_class":"Hacinamiento Leve","hacin_score":759.4,"auto_score":161.8,"n_per":93,"n_hog":37,"source_year":2024,"crime_score":0.1597,"crime_nivel":"Medio","crime_color":"#ff9800"},"geometry":{"type":"Polygon","coordinates":[[[-72.5041301269999,-38.6843370750792],[-72.5046337969999,-38.6841728550792],[-72.5043086299999,-38.6834670250792],[-72.5041254149999,-38.6834820250792],[-72.5047705009999,-38.6832695190792],[-72.5045430829999,-38.6829694880792],[-72.5036547719999,-38.6831632880792],[-72.5041301269999,-38.6843370750792]]]}},{"type":"Feature","properties":{"id":"9119101001083","commune":"Vilcún","code":"09119","gse":"C3","quintil":"Q3","nse_score":687.4,"educ":11.4,"educ_score":560.0,"hacin":1.283,"hacin_class":"Hacinamiento Leve","hacin_score":790.9,"auto_score":138.5,"n_per":177,"n_hog":63,"source_year":2024,"crime_score":0.167,"crime_nivel":"Medio","crime_color":"#ff9800"},"geometry":{"type":"Polygon","coordinates":[[[-72.5021573139999,-38.6834612270792],[-72.5019895639999,-38.6840703190792],[-72.5019962049999,-38.6849797910792],[-72.5031624849999,-38.6847589690792],[-72.5024281949999,-38.6848890480792],[-72.5031304599999,-38.6846851090792],[-72.5029756999999,-38.6844175690792],[-72.5022868099999,-38.6845849680792],[-72.503002696,-38.6843443670792],[-72.5028699759999,-38.6841182770792],[-72.5021730729999,-38.6842852730792],[-72.5028859359999,-38.6840427000792],[-72.5028014259999,-38.6838402920792],[-72.5020749589999,-38.6840267390792],[-72.5027799819999,-38.6837889330792],[-72.502650189,-38.6834780680792],[-72.5023665409999,-38.6835429680792],[-72.502635886,-38.6834438100792],[-72.5024734429999,-38.6830044310792],[-72.5021573139999,-38.6834612270792]]]}},{"type":"Feature","properties":{"id":"9119101001084","commune":"Vilcún","code":"09119","gse":"C2","quintil":"Q3","nse_score":721.2,"educ":12.6,"educ_score":640.0,"hacin":1.368,"hacin_class":"Hacinamiento Leve","hacin_score":772.7,"auto_score":277.8,"n_per":52,"n_hog":17,"source_year":2024,"crime_score":0.1545,"crime_nivel":"Medio","crime_color":"#ff9800"},"geometry":{"type":"Polygon","coordinates":[[[-72.503214511,-38.6832132110792],[-72.5036494599999,-38.6845187180792],[-72.5040706229999,-38.6843685390792],[-72.5035879769999,-38.6831491820792],[-72.503214511,-38.6832132110792]]]}},{"type":"Feature","properties":{"id":"9119101001085","commune":"Vilcún","code":"09119","gse":"D","quintil":"Q2","nse_score":658.1,"educ":12.0,"educ_score":600.0,"hacin":1.583,"hacin_class":"Hacinamiento Medio","hacin_score":727.0,"auto_score":66.7,"n_per":38,"n_hog":12,"source_year":2024,"crime_score":0.1589,"crime_nivel":"Medio","crime_color":"#ff9800"},"geometry":{"type":"Polygon","coordinates":[[[-72.5048721759999,-38.6832946560792],[-72.5052062089999,-38.6839738700792],[-72.5055565489999,-38.6838861080792],[-72.505246069,-38.6831986160792],[-72.5048721759999,-38.6832946560792]]]}},{"type":"Feature","properties":{"id":"9119101001086","commune":"Vilcún","code":"09119","gse":"D","quintil":"Q1","nse_score":626.0,"educ":12.1,"educ_score":606.7,"hacin":1.1,"hacin_class":"Hacinamiento Leve","hacin_score":829.8,"auto_score":125.0,"n_per":66,"n_hog":28,"source_year":2024,"crime_score":0.1639,"crime_nivel":"Medio","crime_color":"#ff9800"},"geometry":{"type":"Polygon","coordinates":[[[-72.5035862499999,-38.6845412570792],[-72.5031477949999,-38.6832375280792],[-72.5026403559999,-38.6833388690792],[-72.5031861209999,-38.6846618860792],[-72.5035862499999,-38.6845412570792]]]}},{"type":"Feature","properties":{"id":"9119101001087","commune":"Vilcún","code":"09119","gse":"C2","quintil":"Q3","nse_score":719.6,"educ":11.2,"educ_score":546.7,"hacin":1.167,"hacin_class":"Hacinamiento Leve","hacin_score":815.6,"auto_score":125.0,"n_per":42,"n_hog":15,"source_year":2024,"crime_score":0.1539,"crime_nivel":"Medio","crime_color":"#ff9800"},"geometry":{"type":"Polygon","coordinates":[[[-72.5043676139999,-38.6834311330792],[-72.5046653269999,-38.6841386190792],[-72.5050961589999,-38.6840161010792],[-72.5047961099999,-38.6833261290792],[-72.5043676139999,-38.6834311330792]]]}},{"type":"Feature","properties":{"id":"9119101001054","commune":"Vilcún","code":"09119","gse":"D","quintil":"Q2","nse_score":663.6,"educ":13.3,"educ_score":686.7,"hacin":1.727,"hacin_class":"Hacinamiento Medio","hacin_score":696.3,"auto_score":0.0,"n_per":19,"n_hog":4,"source_year":2024,"crime_score":0.1569,"crime_nivel":"Medio","crime_color":"#ff9800"},"geometry":{"type":"MultiPolygon","coordinates":[[[[-72.5064227389999,-38.6837309580792],[-72.5035027619999,-38.6847214100792],[-72.5020030749999,-38.6850244660792],[-72.5022976089999,-38.6859173300792],[-72.5029721179999,-38.6859788990792],[-72.5056137999999,-38.6849270830792],[-72.5079741079999,-38.6841828900792],[-72.5076301199999,-38.6840231510792],[-72.5071624109999,-38.6841084220792],[-72.5064227389999,-38.6837309580792]]],[[[-72.5095079669999,-38.6823791540792],[-72.5100403799999,-38.6826880490792],[-72.5105935799999,-38.6826418430792],[-72.5100099829999,-38.6827426320792],[-72.5094209149999,-38.6824121670792],[-72.5064692779999,-38.6837099390792],[-72.5071791639999,-38.6840746390792],[-72.5076369269999,-38.6839874700792],[-72.5080288099999,-38.6841695710792],[-72.5091749249999,-38.6839398530792],[-72.5100512449999,-38.6839450100792],[-72.5108293999999,-38.6840877250792],[-72.5111630749999,-38.6842029500792],[-72.5112582779999,-38.6843996030792],[-72.5124505779999,-38.6846945440792],[-72.5125854759999,-38.6835854030792],[-72.5123216639999,-38.6826844190792],[-72.5117113819999,-38.6819706450792],[-72.5102672579999,-38.6806624050792],[-72.5097997219999,-38.6810726340792],[-72.5097974469999,-38.6820201240792],[-72.5095079669999,-38.6823791540792]]]]}},{"type":"Feature","properties":{"id":"9119101001012","commune":"Vilcún","code":"09119","gse":"C2","quintil":"Q4","nse_score":740.7,"educ":12.6,"educ_score":640.0,"hacin":1.242,"hacin_class":"Hacinamiento Leve","hacin_score":799.6,"auto_score":241.4,"n_per":77,"n_hog":27,"source_year":2024,"crime_score":0.1547,"crime_nivel":"Medio","crime_color":"#ff9800"},"geometry":{"type":"MultiPolygon","coordinates":[[[[-72.5025172069999,-38.6787302420792],[-72.5034866239999,-38.6781383730793],[-72.5034881979999,-38.6779994960792],[-72.5032796059999,-38.6777905860793],[-72.5021892229999,-38.6785804630792],[-72.5025172069999,-38.6787302420792]]],[[[-72.5032695309999,-38.6777205170793],[-72.5037062949999,-38.6773890980792],[-72.5030469849999,-38.6768280890792],[-72.5026291949999,-38.6771574430792],[-72.5032695309999,-38.6777205170793]]]]}},{"type":"Feature","properties":{"id":"9119023219001","commune":"Vilcún","code":"09119","gse":"E","quintil":"Q1","nse_score":574.6,"educ":8.5,"educ_score":366.7,"hacin":1.429,"hacin_class":"Hacinamiento Leve","hacin_score":759.9,"auto_score":0.0,"n_per":10,"n_hog":4,"source_year":2024,"crime_score":0.1638,"crime_nivel":"Medio","crime_color":"#ff9800"},"geometry":{"type":"Polygon","coordinates":[[[-72.1193865389999,-38.6565232870794],[-72.1200127249999,-38.6565474730794],[-72.1197016899999,-38.6557030800794],[-72.1194794799999,-38.6556845870794],[-72.1193865389999,-38.6565232870794]]]}},{"type":"Feature","properties":{"id":"9119023219002","commune":"Vilcún","code":"09119","gse":"C3","quintil":"Q2","nse_score":665.2,"educ":10.2,"educ_score":480.0,"hacin":1.111,"hacin_class":"Hacinamiento Leve","hacin_score":827.4,"auto_score":125.0,"n_per":10,"n_hog":4,"source_year":2024,"crime_score":0.1561,"crime_nivel":"Medio","crime_color":"#ff9800"},"geometry":{"type":"Polygon","coordinates":[[[-72.1184734019999,-38.6559798380794],[-72.116564594,-38.6557402410794],[-72.116122576,-38.6560933150794],[-72.1152894729999,-38.6562462380794],[-72.1153946749999,-38.6566989800794],[-72.1161377729999,-38.6567017710794],[-72.1171372849999,-38.6564000440794],[-72.1193178879999,-38.6565186520794],[-72.1194102299999,-38.6556881410794],[-72.1191281849999,-38.6558632990794],[-72.1184734019999,-38.6559798380794]]]}},{"type":"Feature","properties":{"id":"9119023219003","commune":"Vilcún","code":"09119","gse":"E","quintil":"Q1","nse_score":565.8,"educ":7.9,"educ_score":326.7,"hacin":1.316,"hacin_class":"Hacinamiento Leve","hacin_score":783.9,"auto_score":0.0,"n_per":25,"n_hog":8,"source_year":2024,"crime_score":0.1658,"crime_nivel":"Medio","crime_color":"#ff9800"},"geometry":{"type":"Polygon","coordinates":[[[-72.1166295119999,-38.6574067880794],[-72.1178616719999,-38.6574793090794],[-72.117953284,-38.6564758660794],[-72.1171473159999,-38.6564362830794],[-72.1167095819999,-38.6566034970794],[-72.1166295119999,-38.6574067880794]]]}},{"type":"Feature","properties":{"id":"9119023219004","commune":"Vilcún","code":"09119","gse":"D","quintil":"Q2","nse_score":662.5,"educ":10.6,"educ_score":506.7,"hacin":1.125,"hacin_class":"Hacinamiento Leve","hacin_score":824.5,"auto_score":0.0,"n_per":18,"n_hog":7,"source_year":2024,"crime_score":0.1569,"crime_nivel":"Medio","crime_color":"#ff9800"},"geometry":{"type":"Polygon","coordinates":[[[-72.1179305309999,-38.6574825180794],[-72.1192187799999,-38.6575485020794],[-72.1193151749999,-38.6565546090794],[-72.1180220709999,-38.6564790260794],[-72.1179305309999,-38.6574825180794]]]}},{"type":"Feature","properties":{"id":"9119023219005","commune":"Vilcún","code":"09119","gse":"E","quintil":"Q1","nse_score":497.5,"educ":4.8,"educ_score":120.0,"hacin":1.091,"hacin_class":"Hacinamiento Leve","hacin_score":831.7,"auto_score":0.0,"n_per":12,"n_hog":5,"source_year":2024,"crime_score":0.1705,"crime_nivel":"Medio","crime_color":"#ff9800"},"geometry":{"type":"Polygon","coordinates":[[[-72.1193839259999,-38.6565593110794],[-72.1192876659999,-38.6575510150794],[-72.1203647979999,-38.6576428180794],[-72.1200261859999,-38.6565839350794],[-72.1193839259999,-38.6565593110794]]]}},{"type":"Feature","properties":{"id":"9119023219008","commune":"Vilcún","code":"09119","gse":"D","quintil":"Q1","nse_score":634.7,"educ":9.4,"educ_score":426.7,"hacin":1.059,"hacin_class":"Hacinamiento Leve","hacin_score":838.5,"auto_score":62.5,"n_per":18,"n_hog":8,"source_year":2024,"crime_score":0.1593,"crime_nivel":"Medio","crime_color":"#ff9800"},"geometry":{"type":"Polygon","coordinates":[[[-72.1165098929999,-38.6584363620794],[-72.1177761319999,-38.6585117430794],[-72.1178551989999,-38.6575331110794],[-72.1166208089999,-38.6574604100794],[-72.1165098929999,-38.6584363620794]]]}},{"type":"Feature","properties":{"id":"9119023219009","commune":"Vilcún","code":"09119","gse":"E","quintil":"Q1","nse_score":553.8,"educ":8.3,"educ_score":353.3,"hacin":1.409,"hacin_class":"Hacinamiento Leve","hacin_score":764.0,"auto_score":166.7,"n_per":31,"n_hog":9,"source_year":2024,"crime_score":0.1673,"crime_nivel":"Medio","crime_color":"#ff9800"},"geometry":{"type":"Polygon","coordinates":[[[-72.1178448399999,-38.6585158480794],[-72.1191294199999,-38.6585981810794],[-72.1192139289999,-38.6576023970794],[-72.1179240479999,-38.6575363680794],[-72.1178448399999,-38.6585158480794]]]}},{"type":"Feature","properties":{"id":"9119023219011","commune":"Vilcún","code":"09119","gse":"D","quintil":"Q1","nse_score":639.9,"educ":10.4,"educ_score":493.3,"hacin":1.2,"hacin_class":"Hacinamiento Leve","hacin_score":808.5,"auto_score":83.3,"n_per":12,"n_hog":6,"source_year":2024,"crime_score":0.1584,"crime_nivel":"Medio","crime_color":"#ff9800"},"geometry":{"type":"Polygon","coordinates":[[[-72.1143728669999,-38.6577824470794],[-72.1143041539999,-38.6583272330794],[-72.1139082479999,-38.6583078040794],[-72.1138328549999,-38.6593114800794],[-72.1150416259999,-38.6593901850794],[-72.1151205779999,-38.6583954860794],[-72.1146366629999,-38.6583500260794],[-72.1151243899999,-38.6583595370794],[-72.1151890829999,-38.6577449490794],[-72.1143728669999,-38.6577824470794]]]}},{"type":"Feature","properties":{"id":"9119023219012","commune":"Vilcún","code":"09119","gse":"D","quintil":"Q1","nse_score":616.6,"educ":9.7,"educ_score":446.7,"hacin":1.077,"hacin_class":"Hacinamiento Leve","hacin_score":834.7,"auto_score":187.5,"n_per":28,"n_hog":13,"source_year":2024,"crime_score":0.1617,"crime_nivel":"Medio","crime_color":"#ff9800"},"geometry":{"type":"Polygon","coordinates":[[[-72.1150873979999,-38.6593937370794],[-72.1163448719999,-38.6594857130794],[-72.1164597689999,-38.6584696900794],[-72.1151664339999,-38.6583976350794],[-72.1150873979999,-38.6593937370794]]]}},{"type":"Feature","properties":{"id":"9119023219013","commune":"Vilcún","code":"09119","gse":"D","quintil":"Q1","nse_score":625.1,"educ":9.2,"educ_score":413.3,"hacin":0.773,"hacin_class":"Sin Hacinamiento","hacin_score":899.4,"auto_score":150.0,"n_per":17,"n_hog":9,"source_year":2024,"crime_score":0.1601,"crime_nivel":"Medio","crime_color":"#ff9800"},"geometry":{"type":"Polygon","coordinates":[[[-72.1164497879999,-38.6590145710794],[-72.1177075979999,-38.6591259410794],[-72.1177736129999,-38.6585477170793],[-72.1165055949999,-38.6584722310794],[-72.1164497879999,-38.6590145710794]]]}},{"type":"Feature","properties":{"id":"9119023219015","commune":"Vilcún","code":"09119","gse":"E","quintil":"Q1","nse_score":546.0,"educ":5.8,"educ_score":186.7,"hacin":0.75,"hacin_class":"Sin Hacinamiento","hacin_score":904.3,"auto_score":83.3,"n_per":12,"n_hog":6,"source_year":2024,"crime_score":0.1664,"crime_nivel":"Medio","crime_color":"#ff9800"},"geometry":{"type":"Polygon","coordinates":[[[-72.1190935229999,-38.6596395080794],[-72.1203541419999,-38.6597295240794],[-72.1204224139999,-38.6587488100794],[-72.119195783,-38.6586406900793],[-72.1190935229999,-38.6596395080794]]]}},{"type":"Feature","properties":{"id":"9119023219020","commune":"Vilcún","code":"09119","gse":"E","quintil":"Q1","nse_score":548.4,"educ":7.2,"educ_score":280.0,"hacin":1.185,"hacin_class":"Hacinamiento Leve","hacin_score":811.7,"auto_score":0.0,"n_per":32,"n_hog":13,"source_year":2024,"crime_score":0.1679,"crime_nivel":"Medio","crime_color":"#ff9800"},"geometry":{"type":"Polygon","coordinates":[[[-72.1137303879999,-38.6593425490793],[-72.1136845719999,-38.6603441890794],[-72.1149090299999,-38.6604148020794],[-72.115038206,-38.6594261100793],[-72.1137303879999,-38.6593425490793]]]}},{"type":"Feature","properties":{"id":"9119023219021","commune":"Vilcún","code":"09119","gse":"E","quintil":"Q1","nse_score":606.8,"educ":9.4,"educ_score":426.7,"hacin":1.158,"hacin_class":"Hacinamiento Leve","hacin_score":817.5,"auto_score":90.9,"n_per":22,"n_hog":10,"source_year":2024,"crime_score":0.162,"crime_nivel":"Medio","crime_color":"#ff9800"},"geometry":{"type":"Polygon","coordinates":[[[-72.1149548739999,-38.6604173710794],[-72.1162504789999,-38.6604983040793],[-72.1163397669999,-38.6595215170793],[-72.115083921,-38.6594296640794],[-72.1149548739999,-38.6604173710794]]]}},{"type":"Feature","properties":{"id":"9119023219022","commune":"Vilcún","code":"09119","gse":"D","quintil":"Q1","nse_score":618.6,"educ":9.3,"educ_score":420.0,"hacin":0.962,"hacin_class":"Sin Hacinamiento","hacin_score":859.2,"auto_score":35.7,"n_per":25,"n_hog":12,"source_year":2024,"crime_score":0.1613,"crime_nivel":"Medio","crime_color":"#ff9800"},"geometry":{"type":"Polygon","coordinates":[[[-72.1176346889999,-38.6606116570794],[-72.1189193689999,-38.6606891680793],[-72.1190201819999,-38.6596801970794],[-72.1177348799999,-38.6596209090794],[-72.1176346889999,-38.6606116570794]]]}},{"type":"Feature","properties":{"id":"9119023219023","commune":"Vilcún","code":"09119","gse":"E","quintil":"Q1","nse_score":583.4,"educ":8.7,"educ_score":380.0,"hacin":0.947,"hacin_class":"Sin Hacinamiento","hacin_score":862.3,"auto_score":0.0,"n_per":18,"n_hog":9,"source_year":2024,"crime_score":0.1637,"crime_nivel":"Medio","crime_color":"#ff9800"},"geometry":{"type":"Polygon","coordinates":[[[-72.1189874639999,-38.6606994970794],[-72.1202598079999,-38.6607625490793],[-72.120351894,-38.6597655270794],[-72.1190890519999,-38.6596827520793],[-72.1189874639999,-38.6606994970794]]]}},{"type":"Feature","properties":{"id":"9119023219024","commune":"Vilcún","code":"09119","gse":"D","quintil":"Q2","nse_score":652.1,"educ":12.9,"educ_score":660.0,"hacin":1.357,"hacin_class":"Hacinamiento Leve","hacin_score":775.1,"auto_score":55.6,"n_per":19,"n_hog":6,"source_year":2024,"crime_score":0.1579,"crime_nivel":"Medio","crime_color":"#ff9800"},"geometry":{"type":"Polygon","coordinates":[[[-72.1215785699999,-38.6608732680793],[-72.1212089799999,-38.6598255090793],[-72.1203978319999,-38.6597687020794],[-72.1203056869999,-38.6607645750793],[-72.1215785699999,-38.6608732680793]]]}},{"type":"Feature","properties":{"id":"9119023219026","commune":"Vilcún","code":"09119","gse":"D","quintil":"Q1","nse_score":642.0,"educ":9.4,"educ_score":426.7,"hacin":1.395,"hacin_class":"Hacinamiento Leve","hacin_score":767.1,"auto_score":0.0,"n_per":53,"n_hog":17,"source_year":2024,"crime_score":0.1615,"crime_nivel":"Medio","crime_color":"#ff9800"},"geometry":{"type":"Polygon","coordinates":[[[-72.1123252219999,-38.6612865060794],[-72.1127645509999,-38.6613861610793],[-72.1128961249999,-38.6603648370793],[-72.1124182089999,-38.6603861410794],[-72.1123252219999,-38.6612865060794]]]}},{"type":"Feature","properties":{"id":"9119023219027","commune":"Vilcún","code":"09119","gse":"E","quintil":"Q1","nse_score":569.4,"educ":9.1,"educ_score":406.7,"hacin":1.5,"hacin_class":"Hacinamiento Medio","hacin_score":744.7,"auto_score":41.7,"n_per":21,"n_hog":9,"source_year":2024,"crime_score":0.1651,"crime_nivel":"Medio","crime_color":"#ff9800"},"geometry":{"type":"Polygon","coordinates":[[[-72.1128633039999,-38.6609318960794],[-72.1133780559999,-38.6609672200793],[-72.1134521269999,-38.6603878510794],[-72.1129455879999,-38.6603650640794],[-72.1128633039999,-38.6609318960794]]]}},{"type":"Feature","properties":{"id":"9119023219028","commune":"Vilcún","code":"09119","gse":"E","quintil":"Q1","nse_score":605.4,"educ":8.3,"educ_score":353.3,"hacin":1.333,"hacin_class":"Hacinamiento Leve","hacin_score":780.1,"auto_score":100.0,"n_per":28,"n_hog":10,"source_year":2024,"crime_score":0.1626,"crime_nivel":"Medio","crime_color":"#ff9800"},"geometry":{"type":"Polygon","coordinates":[[[-72.1134239949999,-38.6609692550794],[-72.1139277009999,-38.6610013900794],[-72.1140103469999,-38.6604154560794],[-72.1134980189999,-38.6603899150794],[-72.1134239949999,-38.6609692550794]]]}},{"type":"Feature","properties":{"id":"9119023219029","commune":"Vilcún","code":"09119","gse":"E","quintil":"Q1","nse_score":581.1,"educ":8.6,"educ_score":373.3,"hacin":1.368,"hacin_class":"Hacinamiento Leve","hacin_score":772.7,"auto_score":41.7,"n_per":26,"n_hog":12,"source_year":2024,"crime_score":0.1646,"crime_nivel":"Medio","crime_color":"#ff9800"},"geometry":{"type":"Polygon","coordinates":[[[-72.1139735879999,-38.6610042570794],[-72.1144924609999,-38.6610325980794],[-72.1145657049999,-38.6604490510794],[-72.1140561699999,-38.6604180720793],[-72.1139735879999,-38.6610042570794]]]}},{"type":"Feature","properties":{"id":"9119023219032","commune":"Vilcún","code":"09119","gse":"C3","quintil":"Q2","nse_score":670.5,"educ":10.9,"educ_score":526.7,"hacin":1.4,"hacin_class":"Hacinamiento Leve","hacin_score":766.0,"auto_score":50.0,"n_per":56,"n_hog":19,"source_year":2024,"crime_score":0.1592,"crime_nivel":"Medio","crime_color":"#ff9800"},"geometry":{"type":"Polygon","coordinates":[[[-72.1161925509999,-38.6615997760794],[-72.1167962079999,-38.6616473270793],[-72.1168923219999,-38.6606054710794],[-72.1162912409999,-38.6605553210794],[-72.1161925509999,-38.6615997760794]]]}},{"type":"Feature","properties":{"id":"9119023219033","commune":"Vilcún","code":"09119","gse":"C3","quintil":"Q2","nse_score":670.2,"educ":11.5,"educ_score":566.7,"hacin":1.38,"hacin_class":"Hacinamiento Leve","hacin_score":770.2,"auto_score":125.0,"n_per":69,"n_hog":23,"source_year":2024,"crime_score":0.1602,"crime_nivel":"Medio","crime_color":"#ff9800"},"geometry":{"type":"Polygon","coordinates":[[[-72.1168419359999,-38.6616509290794],[-72.1174580859999,-38.6616994600794],[-72.1175605739999,-38.6606620980793],[-72.1169380169999,-38.6606094200794],[-72.1168419359999,-38.6616509290794]]]}},{"type":"Feature","properties":{"id":"9119023219034","commune":"Vilcún","code":"09119","gse":"D","quintil":"Q2","nse_score":646.0,"educ":9.9,"educ_score":460.0,"hacin":1.231,"hacin_class":"Hacinamiento Leve","hacin_score":802.0,"auto_score":107.1,"n_per":32,"n_hog":14,"source_year":2024,"crime_score":0.1595,"crime_nivel":"Medio","crime_color":"#ff9800"},"geometry":{"type":"Polygon","coordinates":[[[-72.1175488689999,-38.6617066090794],[-72.1190899659999,-38.6618032640794],[-72.1191838819999,-38.6608062340794],[-72.1176293469999,-38.6606655740794],[-72.1175488689999,-38.6617066090794]]]}},{"type":"Feature","properties":{"id":"9119023219036","commune":"Vilcún","code":"09119","gse":"C3","quintil":"Q3","nse_score":692.9,"educ":11.3,"educ_score":553.3,"hacin":1.235,"hacin_class":"Hacinamiento Leve","hacin_score":801.0,"auto_score":343.8,"n_per":42,"n_hog":16,"source_year":2024,"crime_score":0.1562,"crime_nivel":"Medio","crime_color":"#ff9800"},"geometry":{"type":"Polygon","coordinates":[[[-72.1191358149999,-38.6618061070794],[-72.1199021779999,-38.6618531450794],[-72.1199650629999,-38.6609317330793],[-72.1192287019999,-38.6608152930794],[-72.1191358149999,-38.6618061070794]]]}},{"type":"Feature","properties":{"id":"9119023219037","commune":"Vilcún","code":"09119","gse":"D","quintil":"Q1","nse_score":622.4,"educ":9.5,"educ_score":433.3,"hacin":1.321,"hacin_class":"Hacinamiento Leve","hacin_score":782.7,"auto_score":178.6,"n_per":37,"n_hog":13,"source_year":2024,"crime_score":0.1619,"crime_nivel":"Medio","crime_color":"#ff9800"},"geometry":{"type":"Polygon","coordinates":[[[-72.1199479279999,-38.6618565140794],[-72.1206978559999,-38.6619004790793],[-72.1207535569999,-38.6610688680793],[-72.1200107859999,-38.6609398870794],[-72.1199479279999,-38.6618565140794]]]}},{"type":"Feature","properties":{"id":"9119023219038","commune":"Vilcún","code":"09119","gse":"E","quintil":"Q1","nse_score":609.3,"educ":10.4,"educ_score":493.3,"hacin":1.303,"hacin_class":"Hacinamiento Leve","hacin_score":786.6,"auto_score":140.0,"n_per":43,"n_hog":19,"source_year":2024,"crime_score":0.1635,"crime_nivel":"Medio","crime_color":"#ff9800"},"geometry":{"type":"Polygon","coordinates":[[[-72.1128596819999,-38.6609678330793],[-72.1128104269999,-38.6613883550793],[-72.1144717279999,-38.6614918110794],[-72.1144909209999,-38.6610685980793],[-72.1128596819999,-38.6609678330793]]]}},{"type":"Feature","properties":{"id":"9119023219039","commune":"Vilcún","code":"09119","gse":"C3","quintil":"Q2","nse_score":673.9,"educ":10.8,"educ_score":520.0,"hacin":1.304,"hacin_class":"Hacinamiento Leve","hacin_score":786.3,"auto_score":200.0,"n_per":30,"n_hog":11,"source_year":2024,"crime_score":0.1569,"crime_nivel":"Medio","crime_color":"#ff9800"},"geometry":{"type":"Polygon","coordinates":[[[-72.1207436579999,-38.6619032860793],[-72.1215603459999,-38.6619418300793],[-72.1215617999999,-38.6612257710793],[-72.1207994029999,-38.6610776470794],[-72.1207436579999,-38.6619032860793]]]}},{"type":"Feature","properties":{"id":"9119023219041","commune":"Vilcún","code":"09119","gse":"C3","quintil":"Q2","nse_score":665.2,"educ":10.5,"educ_score":500.0,"hacin":1.316,"hacin_class":"Hacinamiento Leve","hacin_score":783.9,"auto_score":50.0,"n_per":25,"n_hog":9,"source_year":2024,"crime_score":0.1573,"crime_nivel":"Medio","crime_color":"#ff9800"},"geometry":{"type":"Polygon","coordinates":[[[-72.1120739659999,-38.6616098500793],[-72.1119153469999,-38.6625158710793],[-72.1133211439999,-38.6625600530793],[-72.1135033689999,-38.6614644650794],[-72.1122900709999,-38.6613378790793],[-72.1120739659999,-38.6616098500793]]]}},{"type":"Feature","properties":{"id":"9119023219042","commune":"Vilcún","code":"09119","gse":"E","quintil":"Q1","nse_score":570.5,"educ":9.1,"educ_score":406.7,"hacin":1.222,"hacin_class":"Hacinamiento Leve","hacin_score":803.8,"auto_score":166.7,"n_per":11,"n_hog":5,"source_year":2024,"crime_score":0.1642,"crime_nivel":"Medio","crime_color":"#ff9800"},"geometry":{"type":"Polygon","coordinates":[[[-72.1133686579999,-38.6625628690794],[-72.1173629399999,-38.6627976740793],[-72.1174547049999,-38.6617353950793],[-72.1135491659999,-38.6614673480793],[-72.1133686579999,-38.6625628690794]]]}},{"type":"Feature","properties":{"id":"9119023219043","commune":"Vilcún","code":"09119","gse":"D","quintil":"Q1","nse_score":626.1,"educ":10.6,"educ_score":506.7,"hacin":1.5,"hacin_class":"Hacinamiento Medio","hacin_score":744.7,"auto_score":71.4,"n_per":33,"n_hog":13,"source_year":2024,"crime_score":0.1612,"crime_nivel":"Medio","crime_color":"#ff9800"},"geometry":{"type":"Polygon","coordinates":[[[-72.1175233029999,-38.6617407980793],[-72.1173573499999,-38.6635600440793],[-72.1190288299999,-38.6636704080793],[-72.1190809549999,-38.6633078240793],[-72.1203230089999,-38.6633814480793],[-72.120352765,-38.6629509850794],[-72.1199909609999,-38.6629108500794],[-72.1200758279999,-38.6619038040794],[-72.1175233029999,-38.6617407980793]]]}},{"type":"Feature","properties":{"id":"9119023219044","commune":"Vilcún","code":"09119","gse":"E","quintil":"Q1","nse_score":551.3,"educ":7.1,"educ_score":273.3,"hacin":1.6,"hacin_class":"Hacinamiento Medio","hacin_score":723.4,"auto_score":0.0,"n_per":8,"n_hog":4,"source_year":2024,"crime_score":0.1656,"crime_nivel":"Medio","crime_color":"#ff9800"},"geometry":{"type":"Polygon","coordinates":[[[-72.1201029969999,-38.6628995400794],[-72.1213127779999,-38.6629737170793],[-72.1213775029999,-38.6619816230793],[-72.1201216129999,-38.6619068470794],[-72.1201029969999,-38.6628995400794]]]}},{"type":"Feature","properties":{"id":"9119023219006","commune":"Vilcún","code":"09119","gse":"E","quintil":"Q1","nse_score":522.7,"educ":7.7,"educ_score":313.3,"hacin":1.125,"hacin_class":"Hacinamiento Leve","hacin_score":824.5,"auto_score":0.0,"n_per":9,"n_hog":4,"source_year":2024,"crime_score":0.1681,"crime_nivel":"Medio","crime_color":"#ff9800"},"geometry":{"type":"MultiPolygon","coordinates":[[[[-72.1152436199999,-38.6583671050794],[-72.1164640399999,-38.6584338210794],[-72.1165750289999,-38.6574574310794],[-72.1153001999999,-38.6573854600794],[-72.1152436199999,-38.6583671050794]]],[[[-72.1166623389999,-38.6566169930794],[-72.1153944739999,-38.6567351840794],[-72.1153078819999,-38.6573317240794],[-72.1165835859999,-38.6574037480794],[-72.1166623389999,-38.6566169930794]]]]}},{"type":"Feature","properties":{"id":"9119023219040","commune":"Vilcún","code":"09119","gse":"E","quintil":"Q1","nse_score":527.4,"educ":6.5,"educ_score":233.3,"hacin":1.333,"hacin_class":"Hacinamiento Leve","hacin_score":780.1,"auto_score":0.0,"n_per":16,"n_hog":8,"source_year":2024,"crime_score":0.1683,"crime_nivel":"Medio","crime_color":"#ff9800"},"geometry":{"type":"MultiPolygon","coordinates":[[[[-72.1214155299999,-38.6629804150793],[-72.1224399549999,-38.6630583930793],[-72.1220074369999,-38.6620532980793],[-72.1214234399999,-38.6619824310794],[-72.1214155299999,-38.6629804150793]]],[[[-72.1220367439999,-38.6620254730793],[-72.1219951559999,-38.6612981150794],[-72.1216075759999,-38.6612344390794],[-72.1216062509999,-38.6619403660793],[-72.1220367439999,-38.6620254730793]]]]}},{"type":"Feature","properties":{"id":"9119023219010","commune":"Vilcún","code":"09119","gse":"E","quintil":"Q1","nse_score":599.7,"educ":9.8,"educ_score":453.3,"hacin":0.867,"hacin_class":"Sin Hacinamiento","hacin_score":879.4,"auto_score":90.9,"n_per":13,"n_hog":8,"source_year":2024,"crime_score":0.1619,"crime_nivel":"Medio","crime_color":"#ff9800"},"geometry":{"type":"MultiPolygon","coordinates":[[[[-72.1203999289999,-38.6597326880794],[-72.1211928139999,-38.6597882110793],[-72.1206704339999,-38.6587420380794],[-72.1204683209999,-38.6587502440793],[-72.1203999289999,-38.6597326880794]]],[[[-72.1191980559999,-38.6586044560793],[-72.1207472249999,-38.6587300740794],[-72.1203828959999,-38.6576988610793],[-72.1192827599999,-38.6576049610794],[-72.1191980559999,-38.6586044560793]]]]}},{"type":"Feature","properties":{"id":"9119023219014","commune":"Vilcún","code":"09119","gse":"D","quintil":"Q1","nse_score":642.4,"educ":8.6,"educ_score":373.3,"hacin":0.8,"hacin_class":"Sin Hacinamiento","hacin_score":893.6,"auto_score":62.5,"n_per":16,"n_hog":8,"source_year":2024,"crime_score":0.1585,"crime_nivel":"Medio","crime_color":"#ff9800"},"geometry":{"type":"MultiPolygon","coordinates":[[[[-72.1162962509999,-38.6605014290794],[-72.1175659129999,-38.6606082240793],[-72.1177043819999,-38.6591618900794],[-72.1164460539999,-38.6590505470794],[-72.1162962509999,-38.6605014290794]]],[[[-72.1177395409999,-38.6595850240794],[-72.1190238949999,-38.6596442900794],[-72.1191272329999,-38.6586341680794],[-72.1178423869999,-38.6585518260794],[-72.1177395409999,-38.6595850240794]]]]}},{"type":"Feature","properties":{"id":"9119023219018","commune":"Vilcún","code":"09119","gse":"C3","quintil":"Q3","nse_score":692.6,"educ":10.8,"educ_score":520.0,"hacin":0.968,"hacin_class":"Sin Hacinamiento","hacin_score":857.9,"auto_score":45.5,"n_per":30,"n_hog":11,"source_year":2024,"crime_score":0.1553,"crime_nivel":"Medio","crime_color":"#ff9800"},"geometry":{"type":"MultiPolygon","coordinates":[[[[-72.1124889619999,-38.6592551190794],[-72.1124230049999,-38.6603318110794],[-72.1136386979999,-38.6603421250794],[-72.1136845679999,-38.6593393220794],[-72.1124889619999,-38.6592551190794]]],[[[-72.1120503479999,-38.6603754860794],[-72.1123765699999,-38.6603390410793],[-72.1124430899999,-38.6592532300794],[-72.1121278339999,-38.6591441270794],[-72.1120503479999,-38.6603754860794]]]]}},{"type":"Feature","properties":{"id":"9119053012001","commune":"Vilcún","code":"09119","gse":"E","quintil":"Q1","nse_score":605.4,"educ":10.9,"educ_score":526.7,"hacin":1.95,"hacin_class":"Hacinamiento Medio","hacin_score":648.9,"auto_score":208.3,"n_per":39,"n_hog":11,"source_year":2024,"crime_score":0.1635,"crime_nivel":"Medio","crime_color":"#ff9800"},"geometry":{"type":"Polygon","coordinates":[[[-72.3648265059999,-38.6961444400791],[-72.3649248989999,-38.6963957260791],[-72.3661419979999,-38.6960387840791],[-72.3663070759999,-38.6964511240791],[-72.3665027359999,-38.6964059790791],[-72.3662846779999,-38.6958267550791],[-72.3648265059999,-38.6961444400791]]]}},{"type":"Feature","properties":{"id":"9119053012002","commune":"Vilcún","code":"09119","gse":"C3","quintil":"Q3","nse_score":706.3,"educ":12.5,"educ_score":633.3,"hacin":1.429,"hacin_class":"Hacinamiento Leve","hacin_score":759.9,"auto_score":187.5,"n_per":20,"n_hog":7,"source_year":2024,"crime_score":0.1534,"crime_nivel":"Medio","crime_color":"#ff9800"},"geometry":{"type":"Polygon","coordinates":[[[-72.3645295539999,-38.6962091350791],[-72.3647699299999,-38.6968057910791],[-72.3649931679999,-38.6967542770791],[-72.3647601169999,-38.6961589040791],[-72.3645295539999,-38.6962091350791]]]}},{"type":"Feature","properties":{"id":"9119053012003","commune":"Vilcún","code":"09119","gse":"C3","quintil":"Q2","nse_score":678.9,"educ":12.5,"educ_score":633.3,"hacin":1.69,"hacin_class":"Hacinamiento Medio","hacin_score":704.2,"auto_score":303.6,"n_per":71,"n_hog":25,"source_year":2024,"crime_score":0.1596,"crime_nivel":"Medio","crime_color":"#ff9800"},"geometry":{"type":"Polygon","coordinates":[[[-72.3649451269999,-38.6964473850791],[-72.3650593169999,-38.6967390150791],[-72.3662409219999,-38.6964663880791],[-72.3661225399999,-38.6961706860791],[-72.3649451269999,-38.6964473850791]]]}},{"type":"Feature","properties":{"id":"9119053012005","commune":"Vilcún","code":"09119","gse":"D","quintil":"Q2","nse_score":653.5,"educ":11.2,"educ_score":546.7,"hacin":1.622,"hacin_class":"Hacinamiento Medio","hacin_score":718.7,"auto_score":96.2,"n_per":73,"n_hog":24,"source_year":2024,"crime_score":0.162,"crime_nivel":"Medio","crime_color":"#ff9800"},"geometry":{"type":"Polygon","coordinates":[[[-72.365902747,-38.6966007450791],[-72.3662549119999,-38.6974861930791],[-72.3666148189999,-38.6974003230791],[-72.3662615639999,-38.6965179540791],[-72.365902747,-38.6966007450791]]]}},{"type":"Feature","properties":{"id":"9119053012006","commune":"Vilcún","code":"09119","gse":"D","quintil":"Q2","nse_score":663.4,"educ":11.6,"educ_score":573.3,"hacin":1.333,"hacin_class":"Hacinamiento Leve","hacin_score":780.1,"auto_score":225.0,"n_per":40,"n_hog":18,"source_year":2024,"crime_score":0.1586,"crime_nivel":"Medio","crime_color":"#ff9800"},"geometry":{"type":"Polygon","coordinates":[[[-72.3654969599999,-38.6966943710791],[-72.3658520039999,-38.6975823200791],[-72.3661889489999,-38.6975019310791],[-72.365836596,-38.6966160080791],[-72.3654969599999,-38.6966943710791]]]}},{"type":"Feature","properties":{"id":"9119053012007","commune":"Vilcún","code":"09119","gse":"D","quintil":"Q1","nse_score":629.3,"educ":12.4,"educ_score":626.7,"hacin":1.7,"hacin_class":"Hacinamiento Medio","hacin_score":702.1,"auto_score":140.0,"n_per":51,"n_hog":18,"source_year":2024,"crime_score":0.1624,"crime_nivel":"Medio","crime_color":"#ff9800"},"geometry":{"type":"Polygon","coordinates":[[[-72.3650795459999,-38.6967906770791],[-72.3654290429999,-38.6976832290791],[-72.3657860399999,-38.6975980580791],[-72.3654308069999,-38.6967096340791],[-72.3650795459999,-38.6967906770791]]]}},{"type":"Feature","properties":{"id":"9119053012004","commune":"Vilcún","code":"09119","gse":"D","quintil":"Q2","nse_score":660.5,"educ":12.1,"educ_score":606.7,"hacin":1.692,"hacin_class":"Hacinamiento Medio","hacin_score":703.8,"auto_score":166.7,"n_per":44,"n_hog":13,"source_year":2024,"crime_score":0.1591,"crime_nivel":"Medio","crime_color":"#ff9800"},"geometry":{"type":"MultiPolygon","coordinates":[[[[-72.3647906899999,-38.6968573210791],[-72.3651502259999,-38.6977497510791],[-72.3653630789999,-38.6976989660791],[-72.3650133969999,-38.6968059390791],[-72.3647906899999,-38.6968573210791]]],[[[-72.3666874729999,-38.6974324100791],[-72.3651709849999,-38.6978012790791],[-72.3652526049999,-38.6980038730791],[-72.3664387779999,-38.6977301510791],[-72.3664997019999,-38.6978936240791],[-72.3670216829999,-38.6977745590791],[-72.3665222469999,-38.6964578060791],[-72.3663277179999,-38.6965026900791],[-72.3666874729999,-38.6974324100791]]]]}}]}